# pc_rx_time yaln?zca bilgi ama?l?d?r; gecikme hesab?nda KULLANILMAZ.
2026-10-06T20:27:10.729	ACK,START,S2,B,INJ,50
2026-10-06T20:27:10.729	TEL,1,S2,529496870,0,0,0,436,2930                              
2026-10-06T20:27:10.746	TEL,2,S2,529516724,0,0,0,430,2930                              
2026-10-06T20:27:10.767	TEL,3,S2,529536724,0,0,0,430,2930                              
2026-10-06T20:27:10.785	TEL,4,S2,529556724,0,0,0,436,2930                              
2026-10-06T20:27:10.809	TEL,5,S2,529576724,0,0,0,436,2930                              
2026-10-06T20:27:10.822	TEL,6,S2,529596724,0,0,0,428,2930                              
2026-10-06T20:27:10.849	TEL,7,S2,529616724,0,0,0,430,2933                              
2026-10-06T20:27:10.863	TEL,8,S2,529636724,0,0,0,451,2933                              
2026-10-06T20:27:10.890	TEL,9,S2,529656724,0,0,0,448,2930                              
2026-10-06T20:27:10.906	TEL,10,S2,529676725,0,0,0,433,2930                             
2026-10-06T20:27:10.926	TEL,11,S2,529696725,0,0,0,436,2932                             
2026-10-06T20:27:10.946	TEL,12,S2,529716725,0,0,0,439,2932                             
2026-10-06T20:27:10.967	TEL,13,S2,529736725,0,0,0,439,2932                             
2026-10-06T20:27:10.981	TEL,14,S2,529756725,0,0,0,436,2932                             
2026-10-06T20:27:11.009	TEL,15,S2,529776725,0,0,0,436,2933                             
2026-10-06T20:27:11.024	TEL,16,S2,529796725,0,0,0,439,2933                             
2026-10-06T20:27:11.049	TEL,17,S2,529816725,0,0,0,436,2930                             
2026-10-06T20:27:11.064	TEL,18,S2,529836725,0,0,0,436,2930                             
2026-10-06T20:27:11.090	TEL,19,S2,529856725,0,0,0,436,2930                             
2026-10-06T20:27:11.105	TEL,20,S2,529876725,0,0,0,436,2930                             
2026-10-06T20:27:11.130	TEL,21,S2,529896725,0,0,0,442,2935                             
2026-10-06T20:27:11.147	TEL,22,S2,529916725,0,0,0,448,2935                             
2026-10-06T20:27:11.170	TEL,23,S2,529936725,0,0,0,445,2933                             
2026-10-06T20:27:11.183	TEL,24,S2,529956725,0,0,0,436,2933                             
2026-10-06T20:27:11.209	TEL,25,S2,529976725,0,0,0,436,2933                             
2026-10-06T20:27:11.226	TEL,26,S2,529996725,0,0,0,436,2933                             
2026-10-06T20:27:11.249	TEL,27,S2,530016725,0,0,0,433,2930                             
2026-10-06T20:27:11.261	TEL,28,S2,530036725,0,0,0,436,2930                             
2026-10-06T20:27:11.288	TEL,29,S2,530056725,0,0,0,439,2932                             
2026-10-06T20:27:11.302	TEL,30,S2,530076725,0,0,0,436,2932                             
2026-10-06T20:27:11.329	TEL,31,S2,530096725,0,0,0,436,2933                             
2026-10-06T20:27:11.341	TEL,32,S2,530116725,0,0,0,439,2933                             
2026-10-06T20:27:11.369	TEL,33,S2,530136725,0,0,0,439,2933                             
2026-10-06T20:27:11.382	TEL,34,S2,530156725,0,0,0,445,2933                             
2026-10-06T20:27:11.410	TEL,35,S2,530176725,0,0,0,442,2932                             
2026-10-06T20:27:11.425	TEL,36,S2,530196725,0,0,0,439,2932                             
2026-10-06T20:27:11.447	TEL,37,S2,530216725,0,0,0,439,2932                             
2026-10-06T20:27:11.465	TEL,38,S2,530236725,0,0,0,442,2932                             
2026-10-06T20:27:11.490	TEL,39,S2,530256725,0,0,0,442,2932                             
2026-10-06T20:27:11.506	TEL,40,S2,530276725,0,0,0,436,2932                             
2026-10-06T20:27:11.528	TEL,41,S2,530296725,0,0,0,436,2932                             
2026-10-06T20:27:11.544	TEL,42,S2,530316725,0,0,0,439,2932                             
2026-10-06T20:27:11.569	TEL,43,S2,530336725,0,0,0,439,2932                             
2026-10-06T20:27:11.585	TEL,44,S2,530356725,0,0,0,436,2932                             
2026-10-06T20:27:11.603	TEL,45,S2,530376725,0,0,0,433,2930                             
2026-10-06T20:27:11.625	TEL,46,S2,530396725,0,0,0,433,2930                             
2026-10-06T20:27:11.642	TEL,47,S2,530416725,0,0,0,433,2930                             
2026-10-06T20:27:11.666	TEL,48,S2,530436725,0,0,0,436,2930                             
2026-10-06T20:27:11.681	TEL,49,S2,530456725,0,0,0,439,2932                             
2026-10-06T20:27:11.705	TEL,50,S2,530476725,0,0,0,436,2932                             
2026-10-06T20:27:11.729	TEL,51,S2,530496725,0,0,0,436,2933                             
2026-10-06T20:27:11.745	TEL,52,S2,530516725,0,0,0,436,2933                             
2026-10-06T20:27:11.769	TEL,53,S2,530536725,0,0,0,433,2930                             
2026-10-06T20:27:11.785	TEL,54,S2,530556725,0,0,0,445,2930                             
2026-10-06T20:27:11.808	TEL,55,S2,530576725,0,0,0,445,2930                             
2026-10-06T20:27:11.823	TEL,56,S2,530596725,0,0,0,433,2930                             
2026-10-06T20:27:11.849	TEL,57,S2,530616725,0,0,0,436,2933                             
2026-10-06T20:27:11.864	TEL,58,S2,530636725,0,0,0,439,2933                             
2026-10-06T20:27:11.890	TEL,59,S2,530656725,0,0,0,442,2937                             
2026-10-06T20:27:11.905	TEL,60,S2,530676725,0,0,0,442,2937                             
2026-10-06T20:27:11.925	TEL,61,S2,530696725,0,0,0,439,2933                             
2026-10-06T20:27:11.945	TEL,62,S2,530716725,0,0,0,439,2933                             
2026-10-06T20:27:11.965	TEL,63,S2,530736725,0,0,0,439,2933                             
2026-10-06T20:27:11.981	TEL,64,S2,530756725,0,0,0,433,2933                             
2026-10-06T20:27:12.007	TEL,65,S2,530776725,0,0,0,433,2932                             
2026-10-06T20:27:12.023	TEL,66,S2,530796725,0,0,0,436,2932                             
2026-10-06T20:27:12.049	TEL,67,S2,530816725,0,0,0,433,2930                             
2026-10-06T20:27:12.062	TEL,68,S2,530836725,0,0,0,433,2930                             
2026-10-06T20:27:12.090	TEL,69,S2,530856725,0,0,0,436,2932                             
2026-10-06T20:27:12.101	TEL,70,S2,530876725,0,0,0,439,2932                             
2026-10-06T20:27:12.130	TEL,71,S2,530896725,0,0,0,439,2933                             
2026-10-06T20:27:12.142	TEL,72,S2,530916725,0,0,0,436,2933                             
2026-10-06T20:27:12.169	TEL,73,S2,530936725,0,0,0,433,2930                             
2026-10-06T20:27:12.182	TEL,74,S2,530956725,0,0,0,436,2930                             
2026-10-06T20:27:12.209	TEL,75,S2,530976725,0,0,0,436,2930                             
2026-10-06T20:27:12.224	TEL,76,S2,530996725,0,0,0,433,2930                             
2026-10-06T20:27:12.249	TEL,77,S2,531016725,0,0,0,428,2925                             
2026-10-06T20:27:12.263	TEL,78,S2,531036725,0,0,0,428,2925                             
2026-10-06T20:27:12.289	TEL,79,S2,531056725,0,0,0,433,2932                             
2026-10-06T20:27:12.301	TEL,80,S2,531076725,0,0,0,442,2932                             
2026-10-06T20:27:12.329	TEL,81,S2,531096725,0,0,0,439,2930                             
2026-10-06T20:27:12.341	TEL,82,S2,531116725,0,0,0,433,2930                             
2026-10-06T20:27:12.369	TEL,83,S2,531136725,0,0,0,433,2930                             
2026-10-06T20:27:12.383	TEL,84,S2,531156725,0,0,0,436,2930                             
2026-10-06T20:27:12.407	TEL,85,S2,531176725,0,0,0,439,2933                             
2026-10-06T20:27:12.426	TEL,86,S2,531196725,0,0,0,451,2933                             
2026-10-06T20:27:12.445	TEL,87,S2,531216725,0,0,0,448,2930                             
2026-10-06T20:27:12.466	TEL,88,S2,531236725,0,0,0,448,2930                             
2026-10-06T20:27:12.486	TEL,89,S2,531256725,0,0,0,448,2930                             
2026-10-06T20:27:12.505	TEL,90,S2,531276725,0,0,0,433,2930                             
2026-10-06T20:27:12.529	TEL,91,S2,531296725,0,0,0,433,2930                             
2026-10-06T20:27:12.545	TEL,92,S2,531316725,0,0,0,433,2930                             
2026-10-06T20:27:12.569	TEL,93,S2,531336725,0,0,0,433,2930                             
2026-10-06T20:27:12.585	TEL,94,S2,531356725,0,0,0,433,2930                             
2026-10-06T20:27:12.608	TEL,95,S2,531376725,0,0,0,433,2930                             
2026-10-06T20:27:12.625	TEL,96,S2,531396725,0,0,0,433,2930                             
2026-10-06T20:27:12.646	TEL,97,S2,531416725,0,0,0,433,2930                             
2026-10-06T20:27:12.666	TEL,98,S2,531436725,0,0,0,433,2930                             
2026-10-06T20:27:12.688	TEL,99,S2,531456725,0,0,0,430,2927                             
2026-10-06T20:27:12.720	TEL,100,S2,531476725,0,0,0,436,2927                            
2026-10-06T20:27:12.749	TEL,101,S2,531496725,0,0,0,442,2932                            
2026-10-06T20:27:12.749	TEL,102,S2,531516725,0,0,0,442,2932                            
2026-10-06T20:27:12.764	TEL,103,S2,531536725,0,0,0,442,2932                            
2026-10-06T20:27:12.789	TEL,104,S2,531556725,0,0,0,442,2932                            
2026-10-06T20:27:12.806	TEL,105,S2,531576725,0,0,0,439,2930                            
2026-10-06T20:27:12.829	TEL,106,S2,531596725,0,0,0,436,2930                            
2026-10-06T20:27:12.844	TEL,107,S2,531616725,0,0,0,436,2928                            
2026-10-06T20:27:12.870	TEL,108,S2,531636725,0,0,0,436,2928                            
2026-10-06T20:27:12.886	TEL,109,S2,531656725,0,0,0,442,2932                            
2026-10-06T20:27:12.907	TEL,110,S2,531676725,0,0,0,448,2932                            
2026-10-06T20:27:12.926	TEL,111,S2,531696725,0,0,0,448,2932                            
2026-10-06T20:27:12.948	TEL,112,S2,531716725,0,0,0,442,2932                            
2026-10-06T20:27:12.965	TEL,113,S2,531736725,0,0,0,442,2932                            
2026-10-06T20:27:12.989	TEL,114,S2,531756725,0,0,0,439,2932                            
2026-10-06T20:27:13.005	TEL,115,S2,531776725,0,0,0,439,2932                            
2026-10-06T20:27:13.029	TEL,116,S2,531796725,0,0,0,442,2932                            
2026-10-06T20:27:13.045	TEL,117,S2,531816725,0,0,0,442,2930                            
2026-10-06T20:27:13.066	TEL,118,S2,531836725,0,0,0,436,2930                            
2026-10-06T20:27:13.085	TEL,119,S2,531856725,0,0,0,436,2930                            
2026-10-06T20:27:13.107	TEL,120,S2,531876725,0,0,0,425,2930                            
2026-10-06T20:27:13.125	TEL,121,S2,531896725,0,0,0,422,2928                            
2026-10-06T20:27:13.149	TEL,122,S2,531916725,0,0,0,436,2928                            
2026-10-06T20:27:13.166	TEL,123,S2,531936725,0,0,0,439,2930                            
2026-10-06T20:27:13.189	TEL,124,S2,531956725,0,0,0,451,2930                            
2026-10-06T20:27:13.205	TEL,125,S2,531976725,0,0,0,451,2932                            
2026-10-06T20:27:13.227	TEL,126,S2,531996725,0,0,0,442,2932                            
2026-10-06T20:27:13.244	TEL,127,S2,532016725,0,0,0,442,2932                            
2026-10-06T20:27:13.269	TEL,128,S2,532036725,0,0,0,433,2932                            
2026-10-06T20:27:13.285	TEL,129,S2,532056725,0,0,0,433,2932                            
2026-10-06T20:27:13.309	TEL,130,S2,532076725,0,0,0,439,2932                            
2026-10-06T20:27:13.323	TEL,131,S2,532096725,0,0,0,439,2932                            
2026-10-06T20:27:13.346	TEL,132,S2,532116725,0,0,0,430,2932                            
2026-10-06T20:27:13.364	TEL,133,S2,532136725,0,0,0,430,2932                            
2026-10-06T20:27:13.390	TEL,134,S2,532156725,0,0,0,433,2932                            
2026-10-06T20:27:13.402	TEL,135,S2,532176725,0,0,0,430,2930                            
2026-10-06T20:27:13.424	TEL,136,S2,532196725,0,0,0,430,2930                            
2026-10-06T20:27:13.445	TEL,137,S2,532216725,0,0,0,433,2932                            
2026-10-06T20:27:13.467	TEL,138,S2,532236725,0,0,0,433,2932                            
2026-10-06T20:27:13.481	TEL,139,S2,532256725,0,0,0,433,2932                            
2026-10-06T20:27:13.509	TEL,140,S2,532276725,0,0,0,439,2932                            
2026-10-06T20:27:13.523	TEL,141,S2,532296725,0,0,0,436,2930                            
2026-10-06T20:27:13.549	TEL,142,S2,532316725,0,0,0,430,2930                            
2026-10-06T20:27:13.563	TEL,143,S2,532336725,0,0,0,433,2932                            
2026-10-06T20:27:13.589	TEL,144,S2,532356725,0,0,0,442,2932                            
2026-10-06T20:27:13.605	TEL,145,S2,532376725,0,0,0,439,2930                            
2026-10-06T20:27:13.629	TEL,146,S2,532396725,0,0,0,428,2930                            
2026-10-06T20:27:13.646	TEL,147,S2,532416725,0,0,0,430,2932                            
2026-10-06T20:27:13.669	TEL,148,S2,532436725,0,0,0,439,2932                            
2026-10-06T20:27:13.686	TEL,149,S2,532456725,0,0,0,436,2930                            
2026-10-06T20:27:13.710	TEL,150,S2,532476725,0,0,0,425,2930                            
2026-10-06T20:27:13.721	TEL,151,S2,532496725,0,0,0,425,2930                            
2026-10-06T20:27:13.749	TEL,152,S2,532516725,0,0,0,433,2930                            
2026-10-06T20:27:13.762	TEL,153,S2,532536725,0,0,0,433,2930                            
2026-10-06T20:27:13.789	TEL,154,S2,532556725,0,0,0,430,2930                            
2026-10-06T20:27:13.801	TEL,155,S2,532576725,0,0,0,430,2930                            
2026-10-06T20:27:13.828	TEL,156,S2,532596725,0,0,0,430,2930                            
2026-10-06T20:27:13.845	TEL,157,S2,532616725,0,0,0,433,2932                            
2026-10-06T20:27:13.867	TEL,158,S2,532636725,0,0,0,445,2932                            
2026-10-06T20:27:13.884	TEL,159,S2,532656725,0,0,0,445,2930                            
2026-10-06T20:27:13.908	TEL,160,S2,532676725,0,0,0,439,2930                            
2026-10-06T20:27:13.925	TEL,161,S2,532696725,0,0,0,439,2930                            
2026-10-06T20:27:13.947	TEL,162,S2,532716725,0,0,0,428,2930                            
2026-10-06T20:27:13.965	TEL,163,S2,532736725,0,0,0,428,2932                            
2026-10-06T20:27:13.988	TEL,164,S2,532756725,0,0,0,433,2932                            
2026-10-06T20:27:14.005	TEL,165,S2,532776725,0,0,0,433,2932                            
2026-10-06T20:27:14.029	TEL,166,S2,532796725,0,0,0,433,2932                            
2026-10-06T20:27:14.045	TEL,167,S2,532816725,0,0,0,430,2930                            
2026-10-06T20:27:14.067	TEL,168,S2,532836725,0,0,0,436,2930                            
2026-10-06T20:27:14.085	TEL,169,S2,532856725,0,0,0,436,2930                            
2026-10-06T20:27:14.107	TEL,170,S2,532876725,0,0,0,430,2930                            
2026-10-06T20:27:14.124	TEL,171,S2,532896725,0,0,0,433,2932                            
2026-10-06T20:27:14.148	TEL,172,S2,532916725,0,0,0,436,2932                            
2026-10-06T20:27:14.166	TEL,173,S2,532936725,0,0,0,436,2932                            
2026-10-06T20:27:14.190	TEL,174,S2,532956725,0,0,0,442,2932                            
2026-10-06T20:27:14.205	TEL,175,S2,532976725,0,0,0,442,2932                            
2026-10-06T20:27:14.226	TEL,176,S2,532996725,0,0,0,430,2932                            
2026-10-06T20:27:14.246	TEL,177,S2,533016725,0,0,0,430,2932                            
2026-10-06T20:27:14.267	TEL,178,S2,533036725,0,0,0,445,2932                            
2026-10-06T20:27:14.285	TEL,179,S2,533056725,0,0,0,445,2932                            
2026-10-06T20:27:14.308	TEL,180,S2,533076725,0,0,0,442,2932                            
2026-10-06T20:27:14.325	TEL,181,S2,533096725,0,0,0,442,2932                            
2026-10-06T20:27:14.348	TEL,182,S2,533116725,0,0,0,433,2932                            
2026-10-06T20:27:14.361	TEL,183,S2,533136725,0,0,0,433,2932                            
2026-10-06T20:27:14.387	TEL,184,S2,533156725,0,0,0,439,2932                            
2026-10-06T20:27:14.403	TEL,185,S2,533176725,0,0,0,439,2932                            
2026-10-06T20:27:14.425	TEL,186,S2,533196725,0,0,0,445,2932                            
2026-10-06T20:27:14.445	TEL,187,S2,533216725,0,0,0,445,2930                            
2026-10-06T20:27:14.468	TEL,188,S2,533236725,0,0,0,430,2930                            
2026-10-06T20:27:14.481	TEL,189,S2,533256725,0,0,0,433,2932                            
2026-10-06T20:27:14.510	TEL,190,S2,533276725,0,0,0,433,2932                            
2026-10-06T20:27:14.525	TEL,191,S2,533296725,0,0,0,430,2930                            
2026-10-06T20:27:14.549	TEL,192,S2,533316725,0,0,0,436,2930                            
2026-10-06T20:27:14.565	TEL,193,S2,533336725,0,0,0,436,2930                            
2026-10-06T20:27:14.588	TEL,194,S2,533356725,0,0,0,436,2930                            
2026-10-06T20:27:14.605	TEL,195,S2,533376725,0,0,0,439,2932                            
2026-10-06T20:27:14.630	TEL,196,S2,533396725,0,0,0,448,2932                            
2026-10-06T20:27:14.643	TEL,197,S2,533416725,0,0,0,448,2932                            
2026-10-06T20:27:14.669	TEL,198,S2,533436725,0,0,0,433,2932                            
2026-10-06T20:27:14.681	TEL,199,S2,533456725,0,0,0,433,2932                            
2026-10-06T20:27:14.709	TEL,200,S2,533476725,0,0,0,439,2932                            
2026-10-06T20:27:14.724	TEL,201,S2,533496725,0,0,0,439,2932                            
2026-10-06T20:27:14.749	TEL,202,S2,533516725,0,0,0,442,2932                            
2026-10-06T20:27:14.764	TEL,203,S2,533536725,0,0,0,442,2932                            
2026-10-06T20:27:14.789	TEL,204,S2,533556725,0,0,0,436,2932                            
2026-10-06T20:27:14.803	TEL,205,S2,533576725,0,0,0,436,2932                            
2026-10-06T20:27:14.828	TEL,206,S2,533596725,0,0,0,439,2932                            
2026-10-06T20:27:14.845	TEL,207,S2,533616725,0,0,0,439,2932                            
2026-10-06T20:27:14.869	TEL,208,S2,533636725,0,0,0,436,2932                            
2026-10-06T20:27:14.884	TEL,209,S2,533656725,0,0,0,436,2932                            
2026-10-06T20:27:14.910	TEL,210,S2,533676725,0,0,0,433,2932                            
2026-10-06T20:27:14.925	TEL,211,S2,533696725,0,0,0,433,2933                            
2026-10-06T20:27:14.946	TEL,212,S2,533716725,0,0,0,436,2933                            
2026-10-06T20:27:14.966	TEL,213,S2,533736725,0,0,0,436,2932                            
2026-10-06T20:27:14.988	TEL,214,S2,533756725,0,0,0,442,2932                            
2026-10-06T20:27:15.004	TEL,215,S2,533776725,0,0,0,439,2930                            
2026-10-06T20:27:15.029	TEL,216,S2,533796725,0,0,0,430,2930                            
2026-10-06T20:27:15.045	TEL,217,S2,533816725,0,0,0,433,2932                            
2026-10-06T20:27:15.068	TEL,218,S2,533836725,0,0,0,436,2932                            
2026-10-06T20:27:15.085	TEL,219,S2,533856725,0,0,0,436,2932                            
2026-10-06T20:27:15.102	TEL,220,S2,533876725,0,0,0,439,2932                            
2026-10-06T20:27:15.125	TEL,221,S2,533896725,0,0,0,430,2925                            
2026-10-06T20:27:15.148	TEL,222,S2,533916725,0,0,0,428,2925                            
2026-10-06T20:27:15.165	TEL,223,S2,533936725,0,0,0,433,2932                            
2026-10-06T20:27:15.189	TEL,224,S2,533956725,0,0,0,445,2932                            
2026-10-06T20:27:15.205	TEL,225,S2,533976725,0,0,0,445,2932                            
2026-10-06T20:27:15.227	TEL,226,S2,533996725,0,0,0,430,2932                            
2026-10-06T20:27:15.245	TEL,227,S2,534016725,0,0,0,430,2932                            
2026-10-06T20:27:15.269	TEL,228,S2,534036725,0,0,0,433,2932                            
2026-10-06T20:27:15.285	TEL,229,S2,534056725,0,0,0,433,2932                            
2026-10-06T20:27:15.306	TEL,230,S2,534076725,0,0,0,436,2932                            
2026-10-06T20:27:15.324	TEL,231,S2,534096725,0,0,0,433,2930                            
2026-10-06T20:27:15.347	TEL,232,S2,534116725,0,0,0,430,2930                            
2026-10-06T20:27:15.361	TEL,233,S2,534136725,0,0,0,430,2930                            
2026-10-06T20:27:15.390	TEL,234,S2,534156725,0,0,0,436,2930                            
2026-10-06T20:27:15.403	TEL,235,S2,534176725,0,0,0,436,2930                            
2026-10-06T20:27:15.426	TEL,236,S2,534196725,0,0,0,430,2930                            
2026-10-06T20:27:15.445	TEL,237,S2,534216725,0,0,0,433,2932                            
2026-10-06T20:27:15.469	TEL,238,S2,534236725,0,0,0,439,2932                            
2026-10-06T20:27:15.485	TEL,239,S2,534256725,0,0,0,439,2932                            
2026-10-06T20:27:15.513	TEL,240,S2,534276725,0,0,0,439,2932                            
2026-10-06T20:27:15.524	TEL,241,S2,534296725,0,0,0,439,2932                            
2026-10-06T20:27:15.549	TEL,242,S2,534316725,0,0,0,442,2932                            
2026-10-06T20:27:15.561	TEL,243,S2,534336725,0,0,0,442,2932                            
2026-10-06T20:27:15.587	TEL,244,S2,534356725,0,0,0,442,2932                            
2026-10-06T20:27:15.603	TEL,245,S2,534376725,0,0,0,442,2932                            
2026-10-06T20:27:15.629	TEL,246,S2,534396725,0,0,0,442,2932                            
2026-10-06T20:27:15.644	TEL,247,S2,534416725,0,0,0,439,2930                            
2026-10-06T20:27:15.669	TEL,248,S2,534436725,0,0,0,433,2930                            
2026-10-06T20:27:15.684	TEL,249,S2,534456725,0,0,0,436,2932                            
2026-10-06T20:27:15.710	TEL,250,S2,534476725,0,0,0,439,2932                            
2026-10-06T20:27:15.725	TEL,251,S2,534496725,0,0,0,436,2930                            
2026-10-06T20:27:15.749	TEL,252,S2,534516725,0,0,0,439,2930                            
2026-10-06T20:27:15.764	TEL,253,S2,534536725,0,0,0,442,2932                            
2026-10-06T20:27:15.789	TEL,254,S2,534556725,0,0,0,433,2932                            
2026-10-06T20:27:15.805	TEL,255,S2,534576725,0,0,0,433,2932                            
2026-10-06T20:27:15.828	TEL,256,S2,534596725,0,0,0,442,2932                            
2026-10-06T20:27:15.842	TEL,257,S2,534616725,0,0,0,442,2932                            
2026-10-06T20:27:15.868	TEL,258,S2,534636725,0,0,0,439,2932                            
2026-10-06T20:27:15.884	TEL,259,S2,534656725,0,0,0,439,2932                            
2026-10-06T20:27:15.903	TEL,260,S2,534676725,0,0,0,430,2932                            
2026-10-06T20:27:15.926	TEL,261,S2,534696725,0,0,0,430,2932                            
2026-10-06T20:27:15.945	TEL,262,S2,534716725,0,0,0,448,2932                            
2026-10-06T20:27:15.965	TEL,263,S2,534736725,0,0,0,445,2928                            
2026-10-06T20:27:15.985	TEL,264,S2,534756725,0,0,0,436,2928                            
2026-10-06T20:27:16.005	TEL,265,S2,534776725,0,0,0,439,2932                            
2026-10-06T20:27:16.024	TEL,266,S2,534796725,0,0,0,439,2932                            
2026-10-06T20:27:16.044	TEL,267,S2,534816725,0,0,0,439,2932                            
2026-10-06T20:27:16.067	TEL,268,S2,534836725,0,0,0,430,2932                            
2026-10-06T20:27:16.085	TEL,269,S2,534856725,0,0,0,430,2932                            
2026-10-06T20:27:16.107	TEL,270,S2,534876725,0,0,0,428,2932                            
2026-10-06T20:27:16.124	TEL,271,S2,534896725,0,0,0,428,2930                            
2026-10-06T20:27:16.146	TEL,272,S2,534916725,0,0,0,436,2930                            
2026-10-06T20:27:16.165	TEL,273,S2,534936725,0,0,0,436,2930                            
2026-10-06T20:27:16.189	TEL,274,S2,534956725,0,0,0,430,2930                            
2026-10-06T20:27:16.205	TEL,275,S2,534976725,0,0,0,430,2930                            
2026-10-06T20:27:16.223	TEL,276,S2,534996725,0,0,0,430,2930                            
2026-10-06T20:27:16.244	TEL,277,S2,535016725,0,0,0,433,2932                            
2026-10-06T20:27:16.267	TEL,278,S2,535036725,0,0,0,442,2932                            
2026-10-06T20:27:16.301	TEL,279,S2,535056725,0,0,0,442,2930                            
2026-10-06T20:27:16.301	BTN,1,S2,PRESSED,535067889,535067896                           
2026-10-06T20:27:16.301	TEL,280,S2,535076725,0,0,0,442,2930                            
2026-10-06T20:27:16.329	TEL,281,S2,535096725,0,0,0,442,2932                            
2026-10-06T20:27:16.343	TEL,282,S2,535116725,0,0,0,442,2932                            
2026-10-06T20:27:16.368	TEL,283,S2,535136725,0,0,0,439,2930                            
2026-10-06T20:27:16.381	TEL,284,S2,535156725,0,0,0,433,2930                            
2026-10-06T20:27:16.410	TEL,285,S2,535176725,0,0,0,433,2930                            
2026-10-06T20:27:16.426	TEL,286,S2,535196725,0,0,0,439,2930                            
2026-10-06T20:27:16.450	TEL,287,S2,535216725,0,0,0,442,2932                            
2026-10-06T20:27:16.465	TEL,288,S2,535236725,0,0,0,442,2932                            
2026-10-06T20:27:16.487	TEL,289,S2,535256725,0,0,0,439,2930                            
2026-10-06T20:27:16.505	TEL,290,S2,535276725,0,0,0,448,2930                            
2026-10-06T20:27:16.529	TEL,291,S2,535296725,0,0,0,448,2932                            
2026-10-06T20:27:16.545	TEL,292,S2,535316725,0,0,0,442,2932                            
2026-10-06T20:27:16.563	TEL,293,S2,535336725,0,0,0,439,2930                            
2026-10-06T20:27:16.585	TEL,294,S2,535356725,0,0,0,430,2930                            
2026-10-06T20:27:16.605	TEL,295,S2,535376725,0,0,0,428,2925                            
2026-10-06T20:27:16.625	TEL,296,S2,535396725,0,0,0,436,2925                            
2026-10-06T20:27:16.643	TEL,297,S2,535416725,0,0,0,442,2932                            
2026-10-06T20:27:16.666	TEL,298,S2,535436725,0,0,0,439,2932                            
2026-10-06T20:27:16.689	TEL,299,S2,535456725,0,0,0,436,2930                            
2026-10-06T20:27:16.705	TEL,300,S2,535476725,0,0,0,430,2930                            
2026-10-06T20:27:16.729	TEL,301,S2,535496725,0,0,0,430,2930                            
2026-10-06T20:27:16.745	TEL,302,S2,535516725,0,0,0,430,2930                            
2026-10-06T20:27:16.768	TEL,303,S2,535536725,0,0,0,433,2932                            
2026-10-06T20:27:16.785	TEL,304,S2,535556725,0,0,0,436,2932                            
2026-10-06T20:27:16.808	TEL,305,S2,535576725,0,0,0,433,2930                            
2026-10-06T20:27:16.821	TEL,306,S2,535596725,0,0,0,433,2930                            
2026-10-06T20:27:16.848	TEL,307,S2,535616725,0,0,0,433,2930                            
2026-10-06T20:27:16.863	TEL,308,S2,535636725,0,0,0,428,2930                            
2026-10-06T20:27:16.884	TEL,309,S2,535656725,0,0,0,430,2932                            
2026-10-06T20:27:16.904	TEL,310,S2,535676725,0,0,0,442,2932                            
2026-10-06T20:27:16.927	TEL,311,S2,535696725,0,0,0,442,2932                            
2026-10-06T20:27:16.945	TEL,312,S2,535716725,0,0,0,433,2932                            
2026-10-06T20:27:16.967	TEL,313,S2,535736725,0,0,0,430,2930                            
2026-10-06T20:27:16.982	TEL,314,S2,535756725,0,0,0,436,2930                            
2026-10-06T20:27:17.009	TEL,315,S2,535776725,0,0,0,436,2930                            
2026-10-06T20:27:17.023	TEL,316,S2,535796725,0,0,0,428,2930                            
2026-10-06T20:27:17.065	TEL,317,S2,535816725,0,0,0,428,2930                            
2026-10-06T20:27:17.065	BTN,2,S2,PRESSED,535816895,535816902                           
2026-10-06T20:27:17.065	TEL,318,S2,535836725,0,0,0,433,2930                            
2026-10-06T20:27:17.085	TEL,319,S2,535856725,0,0,0,433,2930                            
2026-10-06T20:27:17.107	TEL,320,S2,535876725,0,0,0,433,2930                            
2026-10-06T20:27:17.125	TEL,321,S2,535896725,0,0,0,436,2932                            
2026-10-06T20:27:17.148	TEL,322,S2,535916725,0,0,0,439,2932                            
2026-10-06T20:27:17.166	TEL,323,S2,535936725,0,0,0,439,2932                            
2026-10-06T20:27:17.189	TEL,324,S2,535956725,0,0,0,439,2932                            
2026-10-06T20:27:17.205	TEL,325,S2,535976725,0,0,0,439,2932                            
2026-10-06T20:27:17.226	TEL,326,S2,535996725,0,0,0,439,2932                            
2026-10-06T20:27:17.244	TEL,327,S2,536016725,0,0,0,439,2932                            
2026-10-06T20:27:17.268	TEL,328,S2,536036725,0,0,0,436,2932                            
2026-10-06T20:27:17.285	TEL,329,S2,536056725,0,0,0,436,2932                            
2026-10-06T20:27:17.309	TEL,330,S2,536076725,0,0,0,439,2932                            
2026-10-06T20:27:17.321	TEL,331,S2,536096725,0,0,0,436,2930                            
2026-10-06T20:27:17.348	TEL,332,S2,536116725,0,0,0,430,2930                            
2026-10-06T20:27:17.361	TEL,333,S2,536136725,0,0,0,430,2930                            
2026-10-06T20:27:17.382	TEL,334,S2,536156725,0,0,0,436,2930                            
2026-10-06T20:27:17.402	TEL,335,S2,536176725,0,0,0,436,2930                            
2026-10-06T20:27:17.424	TEL,336,S2,536196725,0,0,0,433,2930                            
2026-10-06T20:27:17.444	TEL,337,S2,536216725,0,0,0,433,2930                            
2026-10-06T20:27:17.469	TEL,338,S2,536236725,0,0,0,430,2930                            
2026-10-06T20:27:17.485	TEL,339,S2,536256725,0,0,0,433,2932                            
2026-10-06T20:27:17.509	TEL,340,S2,536276725,0,0,0,445,2932                            
2026-10-06T20:27:17.525	TEL,341,S2,536296725,0,0,0,445,2930                            
2026-10-06T20:27:17.549	TEL,342,S2,536316725,0,0,0,436,2930                            
2026-10-06T20:27:17.563	TEL,343,S2,536336725,0,0,0,439,2932                            
2026-10-06T20:27:17.589	TEL,344,S2,536356725,0,0,0,433,2932                            
2026-10-06T20:27:17.601	TEL,345,S2,536376725,0,0,0,433,2932                            
2026-10-06T20:27:17.629	TEL,346,S2,536396725,0,0,0,433,2932                            
2026-10-06T20:27:17.643	TEL,347,S2,536416725,0,0,0,430,2930                            
2026-10-06T20:27:17.669	TEL,348,S2,536436725,0,0,0,430,2930                            
2026-10-06T20:27:17.681	TEL,349,S2,536456725,0,0,0,430,2930                            
2026-10-06T20:27:17.729	TEL,350,S2,536476725,0,0,0,439,2930                            
2026-10-06T20:27:17.730	BTN,3,S2,PRESSED,536489900,536489907                           
2026-10-06T20:27:17.730	TEL,351,S2,536496725,0,0,0,439,2930                            
2026-10-06T20:27:17.745	TEL,352,S2,536516725,0,0,0,442,2930                            
2026-10-06T20:27:17.769	TEL,353,S2,536536725,0,0,0,442,2930                            
2026-10-06T20:27:17.785	TEL,354,S2,536556725,0,0,0,428,2930                            
2026-10-06T20:27:17.809	TEL,355,S2,536576725,0,0,0,430,2932                            
2026-10-06T20:27:17.823	TEL,356,S2,536596725,0,0,0,436,2932                            
2026-10-06T20:27:17.848	TEL,357,S2,536616725,0,0,0,433,2930                            
2026-10-06T20:27:17.864	TEL,358,S2,536636725,0,0,0,430,2930                            
2026-10-06T20:27:17.885	TEL,359,S2,536656725,0,0,0,433,2932                            
2026-10-06T20:27:17.904	TEL,360,S2,536676725,0,0,0,439,2932                            
2026-10-06T20:27:17.927	TEL,361,S2,536696725,0,0,0,439,2932                            
2026-10-06T20:27:17.945	TEL,362,S2,536716725,0,0,0,442,2932                            
2026-10-06T20:27:17.969	TEL,363,S2,536736725,0,0,0,436,2928                            
2026-10-06T20:27:17.985	TEL,364,S2,536756725,0,0,0,433,2928                            
2026-10-06T20:27:18.009	TEL,365,S2,536776725,0,0,0,433,2930                            
2026-10-06T20:27:18.025	TEL,366,S2,536796725,0,0,0,430,2930                            
2026-10-06T20:27:18.049	TEL,367,S2,536816725,0,0,0,430,2928                            
2026-10-06T20:27:18.065	TEL,368,S2,536836725,0,0,0,436,2928                            
2026-10-06T20:27:18.088	TEL,369,S2,536856725,0,0,0,442,2932                            
2026-10-06T20:27:18.101	TEL,370,S2,536876725,0,0,0,433,2932                            
2026-10-06T20:27:18.128	TEL,371,S2,536896725,0,0,0,430,2930                            
2026-10-06T20:27:18.141	TEL,372,S2,536916725,0,0,0,433,2930                            
2026-10-06T20:27:18.168	TEL,373,S2,536936725,0,0,0,436,2932                            
2026-10-06T20:27:18.181	TEL,374,S2,536956725,0,0,0,425,2932                            
2026-10-06T20:27:18.209	TEL,375,S2,536976725,0,0,0,422,2928                            
2026-10-06T20:27:18.222	TEL,376,S2,536996725,0,0,0,436,2928                            
2026-10-06T20:27:18.249	TEL,377,S2,537016725,0,0,0,436,2928                            
2026-10-06T20:27:18.262	TEL,378,S2,537036725,0,0,0,442,2928                            
2026-10-06T20:27:18.288	TEL,379,S2,537056725,0,0,0,445,2932                            
2026-10-06T20:27:18.301	TEL,380,S2,537076725,0,0,0,442,2932                            
2026-10-06T20:27:18.329	TEL,381,S2,537096725,0,0,0,442,2930                            
2026-10-06T20:27:18.342	TEL,382,S2,537116725,0,0,0,439,2930                            
2026-10-06T20:27:18.368	TEL,383,S2,537136725,0,0,0,439,2930                            
2026-10-06T20:27:18.383	TEL,384,S2,537156725,0,0,0,428,2930                            
2026-10-06T20:27:18.406	TEL,385,S2,537176725,0,0,0,428,2930                            
2026-10-06T20:27:18.424	TEL,386,S2,537196725,0,0,0,439,2930                            
2026-10-06T20:27:18.450	TEL,387,S2,537216725,0,0,0,439,2930                            
2026-10-06T20:27:18.484	TEL,388,S2,537236725,0,0,0,433,2930                            
2026-10-06T20:27:18.484	BTN,4,S2,PRESSED,537244906,537244913                           
2026-10-06T20:27:18.484	TEL,389,S2,537256725,0,0,0,436,2932                            
2026-10-06T20:27:18.509	TEL,390,S2,537276725,0,0,0,433,2932                            
2026-10-06T20:27:18.521	TEL,391,S2,537296725,0,0,0,430,2930                            
2026-10-06T20:27:18.549	TEL,392,S2,537316725,0,0,0,436,2930                            
2026-10-06T20:27:18.563	TEL,393,S2,537336725,0,0,0,436,2930                            
2026-10-06T20:27:18.588	TEL,394,S2,537356725,0,0,0,430,2930                            
2026-10-06T20:27:18.604	TEL,395,S2,537376725,0,0,0,430,2930                            
2026-10-06T20:27:18.628	TEL,396,S2,537396725,0,0,0,436,2930                            
2026-10-06T20:27:18.641	TEL,397,S2,537416725,0,0,0,439,2932                            
2026-10-06T20:27:18.669	TEL,398,S2,537436725,0,0,0,442,2932                            
2026-10-06T20:27:18.685	TEL,399,S2,537456725,0,0,0,442,2932                            
2026-10-06T20:27:18.708	TEL,400,S2,537476725,0,0,0,439,2932                            
2026-10-06T20:27:18.723	TEL,401,S2,537496725,0,0,0,439,2932                            
2026-10-06T20:27:18.748	TEL,402,S2,537516725,0,0,0,448,2932                            
2026-10-06T20:27:18.763	TEL,403,S2,537536725,0,0,0,448,2930                            
2026-10-06T20:27:18.789	TEL,404,S2,537556725,0,0,0,433,2930                            
2026-10-06T20:27:18.803	TEL,405,S2,537576725,0,0,0,436,2932                            
2026-10-06T20:27:18.830	TEL,406,S2,537596725,0,0,0,439,2932                            
2026-10-06T20:27:18.845	TEL,407,S2,537616725,0,0,0,436,2928                            
2026-10-06T20:27:18.868	TEL,408,S2,537636725,0,0,0,445,2928                            
2026-10-06T20:27:18.884	TEL,409,S2,537656725,0,0,0,448,2932                            
2026-10-06T20:27:18.903	TEL,410,S2,537676725,0,0,0,433,2932                            
2026-10-06T20:27:18.924	TEL,411,S2,537696725,0,0,0,433,2932                            
2026-10-06T20:27:18.947	TEL,412,S2,537716725,0,0,0,433,2932                            
2026-10-06T20:27:18.964	TEL,413,S2,537736725,0,0,0,433,2932                            
2026-10-06T20:27:18.986	TEL,414,S2,537756725,0,0,0,430,2932                            
2026-10-06T20:27:19.005	TEL,415,S2,537776725,0,0,0,430,2932                            
2026-10-06T20:27:19.029	TEL,416,S2,537796725,0,0,0,433,2932                            
2026-10-06T20:27:19.045	TEL,417,S2,537816725,0,0,0,433,2932                            
2026-10-06T20:27:19.063	TEL,418,S2,537836725,0,0,0,436,2932                            
2026-10-06T20:27:19.085	TEL,419,S2,537856725,0,0,0,436,2932                            
2026-10-06T20:27:19.104	TEL,420,S2,537876725,0,0,0,430,2932                            
2026-10-06T20:27:19.124	TEL,421,S2,537896725,0,0,0,428,2930                            
2026-10-06T20:27:19.143	TEL,422,S2,537916725,0,0,0,430,2930                            
2026-10-06T20:27:19.165	TEL,423,S2,537936725,0,0,0,433,2932                            
2026-10-06T20:27:19.189	TEL,424,S2,537956725,0,0,0,436,2932                            
2026-10-06T20:27:19.210	BTN,5,S2,PRESSED,537972911,537972918                           
2026-10-06T20:27:19.210	TEL,425,S2,537976725,0,0,0,436,2932                            
2026-10-06T20:27:19.221	TEL,426,S2,537996725,0,0,0,433,2932                            
2026-10-06T20:27:19.248	TEL,427,S2,538016725,0,0,0,433,2932                            
2026-10-06T20:27:19.261	TEL,428,S2,538036725,0,0,0,442,2932                            
2026-10-06T20:27:19.289	TEL,429,S2,538056725,0,0,0,442,2932                            
2026-10-06T20:27:19.302	TEL,430,S2,538076725,0,0,0,433,2932                            
2026-10-06T20:27:19.328	TEL,431,S2,538096725,0,0,0,430,2930                            
2026-10-06T20:27:19.341	TEL,432,S2,538116725,0,0,0,430,2930                            
2026-10-06T20:27:19.365	TEL,433,S2,538136725,0,0,0,430,2930                            
2026-10-06T20:27:19.384	TEL,434,S2,538156725,0,0,0,439,2930                            
2026-10-06T20:27:19.410	TEL,435,S2,538176725,0,0,0,436,2927                            
2026-10-06T20:27:19.424	TEL,436,S2,538196725,0,0,0,428,2927                            
2026-10-06T20:27:19.444	TEL,437,S2,538216725,0,0,0,433,2932                            
2026-10-06T20:27:19.465	TEL,438,S2,538236725,0,0,0,439,2932                            
2026-10-06T20:27:19.489	TEL,439,S2,538256725,0,0,0,439,2932                            
2026-10-06T20:27:19.504	TEL,440,S2,538276725,0,0,0,439,2932                            
2026-10-06T20:27:19.525	TEL,441,S2,538296725,0,0,0,436,2930                            
2026-10-06T20:27:19.544	TEL,442,S2,538316725,0,0,0,428,2930                            
2026-10-06T20:27:19.569	TEL,443,S2,538336725,0,0,0,430,2932                            
2026-10-06T20:27:19.584	TEL,444,S2,538356725,0,0,0,433,2932                            
2026-10-06T20:27:19.608	TEL,445,S2,538376725,0,0,0,433,2932                            
2026-10-06T20:27:19.624	TEL,446,S2,538396725,0,0,0,442,2932                            
2026-10-06T20:27:19.646	TEL,447,S2,538416725,0,0,0,442,2932                            
2026-10-06T20:27:19.665	TEL,448,S2,538436725,0,0,0,430,2932                            
2026-10-06T20:27:19.686	TEL,449,S2,538456725,0,0,0,430,2932                            
2026-10-06T20:27:19.705	TEL,450,S2,538476725,0,0,0,433,2932                            
2026-10-06T20:27:19.727	TEL,451,S2,538496725,0,0,0,433,2932                            
2026-10-06T20:27:19.745	TEL,452,S2,538516725,0,0,0,445,2932                            
2026-10-06T20:27:19.788	TEL,453,S2,538536725,0,0,0,445,2930                            
2026-10-06T20:27:19.788	BTN,6,S2,PRESSED,538536917,538536924                           
2026-10-06T20:27:19.788	TEL,454,S2,538556725,0,0,0,428,2930                            
2026-10-06T20:27:19.805	TEL,455,S2,538576725,0,0,0,428,2930                            
2026-10-06T20:27:19.828	TEL,456,S2,538596725,0,0,0,430,2930                            
2026-10-06T20:27:19.843	TEL,457,S2,538616725,0,0,0,433,2932                            
2026-10-06T20:27:19.868	TEL,458,S2,538636725,0,0,0,439,2932                            
2026-10-06T20:27:19.884	TEL,459,S2,538656725,0,0,0,439,2932                            
2026-10-06T20:27:19.905	TEL,460,S2,538676725,0,0,0,439,2932                            
2026-10-06T20:27:19.925	TEL,461,S2,538696725,0,0,0,436,2930                            
2026-10-06T20:27:19.947	TEL,462,S2,538716725,0,0,0,439,2930                            
2026-10-06T20:27:19.965	TEL,463,S2,538736725,0,0,0,436,2928                            
2026-10-06T20:27:19.988	TEL,464,S2,538756725,0,0,0,433,2928                            
2026-10-06T20:27:20.005	TEL,465,S2,538776725,0,0,0,436,2932                            
2026-10-06T20:27:20.029	TEL,466,S2,538796725,0,0,0,442,2932                            
2026-10-06T20:27:20.045	TEL,467,S2,538816725,0,0,0,442,2932                            
2026-10-06T20:27:20.064	TEL,468,S2,538836725,0,0,0,442,2932                            
2026-10-06T20:27:20.085	TEL,469,S2,538856725,0,0,0,439,2930                            
2026-10-06T20:27:20.106	TEL,470,S2,538876725,0,0,0,425,2930                            
2026-10-06T20:27:20.124	TEL,471,S2,538896725,0,0,0,425,2932                            
2026-10-06T20:27:20.148	TEL,472,S2,538916725,0,0,0,436,2932                            
2026-10-06T20:27:20.164	TEL,473,S2,538936725,0,0,0,436,2932                            
2026-10-06T20:27:20.189	TEL,474,S2,538956725,0,0,0,433,2932                            
2026-10-06T20:27:20.205	TEL,475,S2,538976725,0,0,0,433,2932                            
2026-10-06T20:27:20.227	TEL,476,S2,538996725,0,0,0,445,2932                            
2026-10-06T20:27:20.245	TEL,477,S2,539016725,0,0,0,445,2932                            
2026-10-06T20:27:20.267	TEL,478,S2,539036725,0,0,0,433,2932                            
2026-10-06T20:27:20.285	TEL,479,S2,539056725,0,0,0,430,2928                            
2026-10-06T20:27:20.307	TEL,480,S2,539076725,0,0,0,439,2928                            
2026-10-06T20:27:20.323	TEL,481,S2,539096725,0,0,0,442,2932                            
2026-10-06T20:27:20.342	TEL,482,S2,539116725,0,0,0,436,2932                            
2026-10-06T20:27:20.383	TEL,483,S2,539136725,0,0,0,436,2932                            
2026-10-06T20:27:20.383	BTN,7,S2,PRESSED,539139922,539139929                           
2026-10-06T20:27:20.383	TEL,484,S2,539156725,0,0,0,436,2932                            
2026-10-06T20:27:20.404	TEL,485,S2,539176725,0,0,0,433,2930                            
2026-10-06T20:27:20.424	TEL,486,S2,539196725,0,0,0,428,2930                            
2026-10-06T20:27:20.445	TEL,487,S2,539216725,0,0,0,428,2930                            
2026-10-06T20:27:20.468	TEL,488,S2,539236725,0,0,0,439,2930                            
2026-10-06T20:27:20.481	TEL,489,S2,539256725,0,0,0,439,2930                            
2026-10-06T20:27:20.507	TEL,490,S2,539276725,0,0,0,439,2930                            
2026-10-06T20:27:20.523	TEL,491,S2,539296725,0,0,0,439,2930                            
2026-10-06T20:27:20.549	TEL,492,S2,539316725,0,0,0,428,2930                            
2026-10-06T20:27:20.565	TEL,493,S2,539336725,0,0,0,428,2930                            
2026-10-06T20:27:20.589	TEL,494,S2,539356725,0,0,0,433,2930                            
2026-10-06T20:27:20.601	TEL,495,S2,539376725,0,0,0,439,2935                            
2026-10-06T20:27:20.628	TEL,496,S2,539396725,0,0,0,442,2935                            
2026-10-06T20:27:20.642	TEL,497,S2,539416725,0,0,0,439,2932                            
2026-10-06T20:27:20.669	TEL,498,S2,539436725,0,0,0,433,2932                            
2026-10-06T20:27:20.685	TEL,499,S2,539456725,0,0,0,430,2928                            
2026-10-06T20:27:20.709	TEL,500,S2,539476725,0,0,0,433,2928                            
2026-10-06T20:27:20.721	TEL,501,S2,539496725,0,0,0,436,2932                            
2026-10-06T20:27:20.748	TEL,502,S2,539516725,0,0,0,428,2932                            
2026-10-06T20:27:20.761	TEL,503,S2,539536725,0,0,0,428,2932                            
2026-10-06T20:27:20.788	TEL,504,S2,539556725,0,0,0,433,2932                            
2026-10-06T20:27:20.803	TEL,505,S2,539576725,0,0,0,433,2932                            
2026-10-06T20:27:20.828	TEL,506,S2,539596725,0,0,0,433,2932                            
2026-10-06T20:27:20.845	TEL,507,S2,539616725,0,0,0,433,2932                            
2026-10-06T20:27:20.868	TEL,508,S2,539636725,0,0,0,436,2932                            
2026-10-06T20:27:20.884	TEL,509,S2,539656725,0,0,0,428,2925                            
2026-10-06T20:27:20.906	TEL,510,S2,539676725,0,0,0,430,2925                            
2026-10-06T20:27:20.925	TEL,511,S2,539696725,0,0,0,436,2930                            
2026-10-06T20:27:20.949	TEL,512,S2,539716725,0,0,0,430,2930                            
2026-10-06T20:27:20.965	TEL,513,S2,539736725,0,0,0,430,2928                            
2026-10-06T20:27:20.986	TEL,514,S2,539756725,0,0,0,433,2928                            
2026-10-06T20:27:21.022	TEL,515,S2,539776725,0,0,0,433,2930                            
2026-10-06T20:27:21.022	BTN,8,S2,PRESSED,539781927,539781935                           
2026-10-06T20:27:21.022	TEL,516,S2,539796725,0,0,0,430,2930                            
2026-10-06T20:27:21.049	TEL,517,S2,539816725,0,0,0,430,2930                            
2026-10-06T20:27:21.065	TEL,518,S2,539836725,0,0,0,436,2930                            
2026-10-06T20:27:21.088	TEL,519,S2,539856725,0,0,0,439,2932                            
2026-10-06T20:27:21.101	TEL,520,S2,539876725,0,0,0,439,2932                            
2026-10-06T20:27:21.128	TEL,521,S2,539896725,0,0,0,439,2932                            
2026-10-06T20:27:21.142	TEL,522,S2,539916725,0,0,0,433,2932                            
2026-10-06T20:27:21.169	TEL,523,S2,539936725,0,0,0,433,2932                            
2026-10-06T20:27:21.181	TEL,524,S2,539956725,0,0,0,430,2932                            
2026-10-06T20:27:21.210	TEL,525,S2,539976725,0,0,0,430,2932                            
2026-10-06T20:27:21.221	TEL,526,S2,539996725,0,0,0,433,2932                            
2026-10-06T20:27:21.249	TEL,527,S2,540016725,0,0,0,433,2932                            
2026-10-06T20:27:21.261	TEL,528,S2,540036725,0,0,0,430,2932                            
2026-10-06T20:27:21.289	TEL,529,S2,540056725,0,0,0,428,2930                            
2026-10-06T20:27:21.302	TEL,530,S2,540076725,0,0,0,433,2930                            
2026-10-06T20:27:21.329	TEL,531,S2,540096725,0,0,0,430,2927                            
2026-10-06T20:27:21.341	TEL,532,S2,540116725,0,0,0,433,2927                            
2026-10-06T20:27:21.368	TEL,533,S2,540136725,0,0,0,439,2932                            
2026-10-06T20:27:21.383	TEL,534,S2,540156725,0,0,0,442,2932                            
2026-10-06T20:27:21.403	TEL,535,S2,540176725,0,0,0,442,2930                            
2026-10-06T20:27:21.424	TEL,536,S2,540196725,0,0,0,433,2930                            
2026-10-06T20:27:21.449	TEL,537,S2,540216725,0,0,0,436,2932                            
2026-10-06T20:27:21.464	TEL,538,S2,540236725,0,0,0,445,2932                            
2026-10-06T20:27:21.489	TEL,539,S2,540256725,0,0,0,445,2932                            
2026-10-06T20:27:21.505	TEL,540,S2,540276725,0,0,0,436,2932                            
2026-10-06T20:27:21.529	TEL,541,S2,540296725,0,0,0,433,2930                            
2026-10-06T20:27:21.544	TEL,542,S2,540316725,0,0,0,428,2930                            
2026-10-06T20:27:21.564	TEL,543,S2,540336725,0,0,0,428,2928                            
2026-10-06T20:27:21.585	TEL,544,S2,540356725,0,0,0,439,2928                            
2026-10-06T20:27:21.606	TEL,545,S2,540376725,0,0,0,442,2930                            
2026-10-06T20:27:21.624	TEL,546,S2,540396725,0,0,0,430,2930                            
2026-10-06T20:27:21.668	TEL,547,S2,540416725,0,0,0,430,2928                            
2026-10-06T20:27:21.668	BTN,9,S2,PRESSED,540427933,540427940                           
2026-10-06T20:27:21.668	TEL,548,S2,540436725,0,0,0,430,2928                            
2026-10-06T20:27:21.684	TEL,549,S2,540456725,0,0,0,433,2932                            
2026-10-06T20:27:21.709	TEL,550,S2,540476725,0,0,0,439,2932                            
2026-10-06T20:27:21.721	TEL,551,S2,540496725,0,0,0,436,2930                            
2026-10-06T20:27:21.748	TEL,552,S2,540516725,0,0,0,436,2930                            
2026-10-06T20:27:21.762	TEL,553,S2,540536725,0,0,0,439,2932                            
2026-10-06T20:27:21.788	TEL,554,S2,540556725,0,0,0,439,2932                            
2026-10-06T20:27:21.804	TEL,555,S2,540576725,0,0,0,436,2930                            
2026-10-06T20:27:21.828	TEL,556,S2,540596725,0,0,0,433,2930                            
2026-10-06T20:27:21.841	TEL,557,S2,540616725,0,0,0,436,2932                            
2026-10-06T20:27:21.868	TEL,558,S2,540636725,0,0,0,439,2932                            
2026-10-06T20:27:21.884	TEL,559,S2,540656725,0,0,0,439,2932                            
2026-10-06T20:27:21.901	TEL,560,S2,540676725,0,0,0,430,2932                            
2026-10-06T20:27:21.925	TEL,561,S2,540696725,0,0,0,422,2923                            
2026-10-06T20:27:21.948	TEL,562,S2,540716725,0,0,0,428,2923                            
2026-10-06T20:27:21.964	TEL,563,S2,540736725,0,0,0,433,2930                            
2026-10-06T20:27:21.988	TEL,564,S2,540756725,0,0,0,430,2930                            
2026-10-06T20:27:22.005	TEL,565,S2,540776725,0,0,0,433,2932                            
2026-10-06T20:27:22.029	TEL,566,S2,540796725,0,0,0,436,2932                            
2026-10-06T20:27:22.045	TEL,567,S2,540816725,0,0,0,433,2930                            
2026-10-06T20:27:22.067	TEL,568,S2,540836725,0,0,0,430,2930                            
2026-10-06T20:27:22.085	TEL,569,S2,540856725,0,0,0,433,2932                            
2026-10-06T20:27:22.108	TEL,570,S2,540876725,0,0,0,442,2932                            
2026-10-06T20:27:22.124	TEL,571,S2,540896725,0,0,0,433,2923                            
2026-10-06T20:27:22.141	TEL,572,S2,540916725,0,0,0,425,2923                            
2026-10-06T20:27:22.164	TEL,573,S2,540936725,0,0,0,430,2928                            
2026-10-06T20:27:22.208	TEL,574,S2,540956725,0,0,0,436,2928                            
2026-10-06T20:27:22.208	BTN,10,S2,PRESSED,540964938,540964946                          
2026-10-06T20:27:22.208	TEL,575,S2,540976725,0,0,0,436,2928                            
2026-10-06T20:27:22.227	TEL,576,S2,540996725,0,0,0,442,2928                            
2026-10-06T20:27:22.245	TEL,577,S2,541016725,0,0,0,445,2930                            
2026-10-06T20:27:22.267	TEL,578,S2,541036725,0,0,0,433,2930                            
2026-10-06T20:27:22.285	TEL,579,S2,541056725,0,0,0,436,2932                            
2026-10-06T20:27:22.306	TEL,580,S2,541076725,0,0,0,439,2932                            
2026-10-06T20:27:22.323	TEL,581,S2,541096725,0,0,0,436,2930                            
2026-10-06T20:27:22.341	TEL,582,S2,541116725,0,0,0,439,2930                            
2026-10-06T20:27:22.361	TEL,583,S2,541136725,0,0,0,442,2932                            
2026-10-06T20:27:22.383	TEL,584,S2,541156725,0,0,0,439,2932                            
2026-10-06T20:27:22.403	TEL,585,S2,541176725,0,0,0,439,2932                            
2026-10-06T20:27:22.428	TEL,586,S2,541196725,0,0,0,433,2932                            
2026-10-06T20:27:22.445	TEL,587,S2,541216725,0,0,0,430,2930                            
2026-10-06T20:27:22.466	TEL,588,S2,541236725,0,0,0,419,2930                            
2026-10-06T20:27:22.483	TEL,589,S2,541256725,0,0,0,419,2932                            
2026-10-06T20:27:22.507	TEL,590,S2,541276725,0,0,0,433,2932                            
2026-10-06T20:27:22.521	TEL,591,S2,541296725,0,0,0,433,2932                            
2026-10-06T20:27:22.548	TEL,592,S2,541316725,0,0,0,433,2932                            
2026-10-06T20:27:22.565	TEL,593,S2,541336725,0,0,0,433,2932                            
2026-10-06T20:27:22.589	TEL,594,S2,541356725,0,0,0,439,2932                            
2026-10-06T20:27:22.603	TEL,595,S2,541376725,0,0,0,439,2932                            
2026-10-06T20:27:22.628	TEL,596,S2,541396725,0,0,0,442,2932                            
2026-10-06T20:27:22.644	TEL,597,S2,541416725,0,0,0,439,2930                            
2026-10-06T20:27:22.668	TEL,598,S2,541436725,0,0,0,433,2930                            
2026-10-06T20:27:22.681	TEL,599,S2,541456725,0,0,0,433,2930                            
2026-10-06T20:27:22.709	TEL,600,S2,541476725,0,0,0,439,2930                            
2026-10-06T20:27:22.723	TEL,601,S2,541496725,0,0,0,442,2932                            
2026-10-06T20:27:22.748	TEL,602,S2,541516725,0,0,0,433,2932                            
2026-10-06T20:27:22.765	TEL,603,S2,541536725,0,0,0,430,2930                            
2026-10-06T20:27:22.788	TEL,604,S2,541556725,0,0,0,436,2930                            
2026-10-06T20:27:22.801	TEL,605,S2,541576725,0,0,0,436,2930                            
2026-10-06T20:27:22.828	TEL,606,S2,541596725,0,0,0,428,2930                            
2026-10-06T20:27:22.844	TEL,607,S2,541616725,0,0,0,428,2930                            
2026-10-06T20:27:22.868	TEL,608,S2,541636725,0,0,0,430,2930                            
2026-10-06T20:27:22.884	TEL,609,S2,541656725,0,0,0,433,2932                            
2026-10-06T20:27:22.905	TEL,610,S2,541676725,0,0,0,439,2932                            
2026-10-06T20:27:22.926	BTN,11,S2,PRESSED,541693944,541693951                          
2026-10-06T20:27:22.926	TEL,611,S2,541696725,0,0,0,439,2932                            
2026-10-06T20:27:22.945	TEL,612,S2,541716725,0,0,0,430,2932                            
2026-10-06T20:27:22.967	TEL,613,S2,541736725,0,0,0,428,2930                            
2026-10-06T20:27:22.981	TEL,614,S2,541756725,0,0,0,430,2930                            
2026-10-06T20:27:23.009	TEL,615,S2,541776725,0,0,0,433,2932                            
2026-10-06T20:27:23.024	TEL,616,S2,541796725,0,0,0,430,2932                            
2026-10-06T20:27:23.048	TEL,617,S2,541816725,0,0,0,430,2932                            
2026-10-06T20:27:23.064	TEL,618,S2,541836725,0,0,0,442,2932                            
2026-10-06T20:27:23.088	TEL,619,S2,541856725,0,0,0,442,2930                            
2026-10-06T20:27:23.102	TEL,620,S2,541876725,0,0,0,428,2930                            
2026-10-06T20:27:23.128	TEL,621,S2,541896725,0,0,0,428,2932                            
2026-10-06T20:27:23.144	TEL,622,S2,541916725,0,0,0,433,2932                            
2026-10-06T20:27:23.169	TEL,623,S2,541936725,0,0,0,430,2930                            
2026-10-06T20:27:23.182	TEL,624,S2,541956725,0,0,0,442,2930                            
2026-10-06T20:27:23.209	TEL,625,S2,541976725,0,0,0,442,2930                            
2026-10-06T20:27:23.224	TEL,626,S2,541996725,0,0,0,436,2930                            
2026-10-06T20:27:23.248	TEL,627,S2,542016725,0,0,0,436,2930                            
2026-10-06T20:27:23.265	TEL,628,S2,542036725,0,0,0,436,2930                            
2026-10-06T20:27:23.288	TEL,629,S2,542056725,0,0,0,430,2925                            
2026-10-06T20:27:23.301	TEL,630,S2,542076725,0,0,0,428,2925                            
2026-10-06T20:27:23.328	TEL,631,S2,542096725,0,0,0,433,2930                            
2026-10-06T20:27:23.342	TEL,632,S2,542116725,0,0,0,439,2930                            
2026-10-06T20:27:23.371	TEL,633,S2,542136725,0,0,0,436,2928                            
2026-10-06T20:27:23.383	TEL,634,S2,542156725,0,0,0,433,2928                            
2026-10-06T20:27:23.404	TEL,635,S2,542176725,0,0,0,433,2930                            
2026-10-06T20:27:23.424	TEL,636,S2,542196725,0,0,0,436,2930                            
2026-10-06T20:27:23.446	TEL,637,S2,542216725,0,0,0,436,2930                            
2026-10-06T20:27:23.465	TEL,638,S2,542236725,0,0,0,430,2930                            
2026-10-06T20:27:23.488	TEL,639,S2,542256725,0,0,0,433,2932                            
2026-10-06T20:27:23.505	TEL,640,S2,542276725,0,0,0,439,2932                            
2026-10-06T20:27:23.528	TEL,641,S2,542296725,0,0,0,436,2928                            
2026-10-06T20:27:23.544	TEL,642,S2,542316725,0,0,0,433,2928                            
2026-10-06T20:27:23.567	TEL,643,S2,542336725,0,0,0,433,2928                            
2026-10-06T20:27:23.584	TEL,644,S2,542356725,0,0,0,430,2928                            
2026-10-06T20:27:23.605	TEL,645,S2,542376725,0,0,0,430,2930                            
2026-10-06T20:27:23.623	TEL,646,S2,542396725,0,0,0,430,2930                            
2026-10-06T20:27:23.648	TEL,647,S2,542416725,0,0,0,433,2932                            
2026-10-06T20:27:23.664	TEL,648,S2,542436725,0,0,0,439,2932                            
2026-10-06T20:27:23.688	TEL,649,S2,542456725,0,0,0,439,2932                            
2026-10-06T20:27:23.704	TEL,650,S2,542476725,0,0,0,436,2932                            
2026-10-06T20:27:23.724	TEL,651,S2,542496725,0,0,0,433,2930                            
2026-10-06T20:27:23.764	TEL,652,S2,542516725,0,0,0,433,2930                            
2026-10-06T20:27:23.764	BTN,12,S2,PRESSED,542530949,542530957                          
2026-10-06T20:27:23.764	TEL,653,S2,542536725,0,0,0,433,2930                            
2026-10-06T20:27:23.788	TEL,654,S2,542556725,0,0,0,428,2930                            
2026-10-06T20:27:23.802	TEL,655,S2,542576725,0,0,0,428,2932                            
2026-10-06T20:27:23.828	TEL,656,S2,542596725,0,0,0,442,2932                            
2026-10-06T20:27:23.844	TEL,657,S2,542616725,0,0,0,439,2930                            
2026-10-06T20:27:23.869	TEL,658,S2,542636725,0,0,0,433,2930                            
2026-10-06T20:27:23.884	TEL,659,S2,542656725,0,0,0,433,2930                            
2026-10-06T20:27:23.908	TEL,660,S2,542676725,0,0,0,433,2930                            
2026-10-06T20:27:23.924	TEL,661,S2,542696725,0,0,0,433,2928                            
2026-10-06T20:27:23.948	TEL,662,S2,542716725,0,0,0,439,2928                            
2026-10-06T20:27:23.965	TEL,663,S2,542736725,0,0,0,442,2932                            
2026-10-06T20:27:23.989	TEL,664,S2,542756725,0,0,0,442,2932                            
2026-10-06T20:27:24.005	TEL,665,S2,542776725,0,0,0,439,2930                            
2026-10-06T20:27:24.028	TEL,666,S2,542796725,0,0,0,445,2930                            
2026-10-06T20:27:24.044	TEL,667,S2,542816725,0,0,0,445,2930                            
2026-10-06T20:27:24.065	TEL,668,S2,542836725,0,0,0,430,2930                            
2026-10-06T20:27:24.084	TEL,669,S2,542856725,0,0,0,433,2932                            
2026-10-06T20:27:24.108	TEL,670,S2,542876725,0,0,0,419,2932                            
2026-10-06T20:27:24.124	TEL,671,S2,542896725,0,0,0,419,2930                            
2026-10-06T20:27:24.148	TEL,672,S2,542916725,0,0,0,430,2930                            
2026-10-06T20:27:24.163	TEL,673,S2,542936725,0,0,0,433,2932                            
2026-10-06T20:27:24.189	TEL,674,S2,542956725,0,0,0,439,2932                            
2026-10-06T20:27:24.205	TEL,675,S2,542976725,0,0,0,439,2932                            
2026-10-06T20:27:24.229	TEL,676,S2,542996725,0,0,0,436,2932                            
2026-10-06T20:27:24.245	TEL,677,S2,543016725,0,0,0,433,2928                            
2026-10-06T20:27:24.265	TEL,678,S2,543036725,0,0,0,436,2928                            
2026-10-06T20:27:24.302	BTN,13,S2,PRESSED,543055955,543055962                          
2026-10-06T20:27:24.302	TEL,679,S2,543056725,0,0,0,439,2932                            
2026-10-06T20:27:24.302	TEL,680,S2,543076725,0,0,0,425,2932                            
2026-10-06T20:27:24.328	TEL,681,S2,543096725,0,0,0,425,2930                            
2026-10-06T20:27:24.341	TEL,682,S2,543116725,0,0,0,442,2930                            
2026-10-06T20:27:24.368	TEL,683,S2,543136725,0,0,0,442,2932                            
2026-10-06T20:27:24.383	TEL,684,S2,543156725,0,0,0,442,2932                            
2026-10-06T20:27:24.404	TEL,685,S2,543176725,0,0,0,442,2932                            
2026-10-06T20:27:24.424	TEL,686,S2,543196725,0,0,0,439,2932                            
2026-10-06T20:27:24.446	TEL,687,S2,543216725,0,0,0,436,2930                            
2026-10-06T20:27:24.465	TEL,688,S2,543236725,0,0,0,430,2930                            
2026-10-06T20:27:24.487	TEL,689,S2,543256725,0,0,0,433,2932                            
2026-10-06T20:27:24.504	TEL,690,S2,543276725,0,0,0,433,2932                            
2026-10-06T20:27:24.522	TEL,691,S2,543296725,0,0,0,430,2928                            
2026-10-06T20:27:24.545	TEL,692,S2,543316725,0,0,0,436,2928                            
2026-10-06T20:27:24.566	TEL,693,S2,543336725,0,0,0,439,2932                            
2026-10-06T20:27:24.583	TEL,694,S2,543356725,0,0,0,442,2932                            
2026-10-06T20:27:24.605	TEL,695,S2,543376725,0,0,0,442,2930                            
2026-10-06T20:27:24.624	TEL,696,S2,543396725,0,0,0,433,2930                            
2026-10-06T20:27:24.648	TEL,697,S2,543416725,0,0,0,433,2930                            
2026-10-06T20:27:24.664	TEL,698,S2,543436725,0,0,0,439,2930                            
2026-10-06T20:27:24.689	TEL,699,S2,543456725,0,0,0,439,2930                            
2026-10-06T20:27:24.704	TEL,700,S2,543476725,0,0,0,433,2930                            
2026-10-06T20:27:24.729	TEL,701,S2,543496725,0,0,0,436,2932                            
2026-10-06T20:27:24.744	TEL,702,S2,543516725,0,0,0,428,2932                            
2026-10-06T20:27:24.765	TEL,703,S2,543536725,0,0,0,425,2928                            
2026-10-06T20:27:24.785	TEL,704,S2,543556725,0,0,0,433,2928                            
2026-10-06T20:27:24.808	TEL,705,S2,543576725,0,0,0,436,2932                            
2026-10-06T20:27:24.824	TEL,706,S2,543596725,0,0,0,433,2932                            
2026-10-06T20:27:24.848	TEL,707,S2,543616725,0,0,0,430,2930                            
2026-10-06T20:27:24.863	TEL,708,S2,543636725,0,0,0,439,2930                            
2026-10-06T20:27:24.886	TEL,709,S2,543656725,0,0,0,442,2932                            
2026-10-06T20:27:24.903	TEL,710,S2,543676725,0,0,0,430,2932                            
2026-10-06T20:27:24.927	TEL,711,S2,543696725,0,0,0,430,2932                            
2026-10-06T20:27:24.945	TEL,712,S2,543716725,0,0,0,436,2932                            
2026-10-06T20:27:24.969	TEL,713,S2,543736725,0,0,0,436,2932                            
2026-10-06T20:27:24.985	TEL,714,S2,543756725,0,0,0,439,2932                            
2026-10-06T20:27:25.009	TEL,715,S2,543776725,0,0,0,436,2930                            
2026-10-06T20:27:25.025	TEL,716,S2,543796725,0,0,0,433,2930                            
2026-10-06T20:27:25.049	TEL,717,S2,543816725,0,0,0,436,2932                            
2026-10-06T20:27:25.084	BTN,14,S2,PRESSED,543835960,543835968                          
2026-10-06T20:27:25.084	TEL,718,S2,543836725,0,0,0,436,2932                            
2026-10-06T20:27:25.084	TEL,719,S2,543856725,0,0,0,448,2944                            
2026-10-06T20:27:25.107	TEL,720,S2,543876725,0,0,0,445,2944                            
2026-10-06T20:27:25.124	TEL,721,S2,543896725,0,0,0,433,2932                            
2026-10-06T20:27:25.148	TEL,722,S2,543916725,0,0,0,433,2932                            
2026-10-06T20:27:25.163	TEL,723,S2,543936725,0,0,0,433,2932                            
2026-10-06T20:27:25.189	TEL,724,S2,543956725,0,0,0,428,2932                            
2026-10-06T20:27:25.205	TEL,725,S2,543976725,0,0,0,428,2932                            
2026-10-06T20:27:25.224	TEL,726,S2,543996725,0,0,0,430,2932                            
2026-10-06T20:27:25.245	TEL,727,S2,544016725,0,0,0,430,2932                            
2026-10-06T20:27:25.265	TEL,728,S2,544036725,0,0,0,428,2932                            
2026-10-06T20:27:25.281	TEL,729,S2,544056725,0,0,0,428,2930                            
2026-10-06T20:27:25.307	TEL,730,S2,544076725,0,0,0,433,2930                            
2026-10-06T20:27:25.324	TEL,731,S2,544096725,0,0,0,433,2930                            
2026-10-06T20:27:25.348	TEL,732,S2,544116725,0,0,0,428,2930                            
2026-10-06T20:27:25.364	TEL,733,S2,544136725,0,0,0,428,2930                            
2026-10-06T20:27:25.384	TEL,734,S2,544156725,0,0,0,442,2930                            
2026-10-06T20:27:25.404	TEL,735,S2,544176725,0,0,0,442,2932                            
2026-10-06T20:27:25.428	TEL,736,S2,544196725,0,0,0,439,2932                            
2026-10-06T20:27:25.445	TEL,737,S2,544216725,0,0,0,436,2930                            
2026-10-06T20:27:25.466	TEL,738,S2,544236725,0,0,0,433,2930                            
2026-10-06T20:27:25.483	TEL,739,S2,544256725,0,0,0,436,2932                            
2026-10-06T20:27:25.508	TEL,740,S2,544276725,0,0,0,433,2932                            
2026-10-06T20:27:25.523	TEL,741,S2,544296725,0,0,0,433,2933                            
2026-10-06T20:27:25.548	TEL,742,S2,544316725,0,0,0,433,2933                            
2026-10-06T20:27:25.564	TEL,743,S2,544336725,0,0,0,428,2930                            
2026-10-06T20:27:25.588	TEL,744,S2,544356725,0,0,0,425,2930                            
2026-10-06T20:27:25.605	TEL,745,S2,544376725,0,0,0,425,2932                            
2026-10-06T20:27:25.628	TEL,746,S2,544396725,0,0,0,436,2932                            
2026-10-06T20:27:25.669	TEL,747,S2,544416725,0,0,0,433,2930                            
2026-10-06T20:27:25.669	BTN,15,S2,PRESSED,544426966,544426973                          
2026-10-06T20:27:25.669	TEL,748,S2,544436725,0,0,0,439,2930                            
2026-10-06T20:27:25.683	TEL,749,S2,544456725,0,0,0,442,2932                            
2026-10-06T20:27:25.709	TEL,750,S2,544476725,0,0,0,436,2932                            
2026-10-06T20:27:25.723	TEL,751,S2,544496725,0,0,0,428,2923                            
2026-10-06T20:27:25.748	TEL,752,S2,544516725,0,0,0,419,2923                            
2026-10-06T20:27:25.765	TEL,753,S2,544536725,0,0,0,428,2932                            
2026-10-06T20:27:25.788	TEL,754,S2,544556725,0,0,0,433,2932                            
2026-10-06T20:27:25.802	TEL,755,S2,544576725,0,0,0,430,2930                            
2026-10-06T20:27:25.828	TEL,756,S2,544596725,0,0,0,425,2930                            
2026-10-06T20:27:25.842	TEL,757,S2,544616725,0,0,0,425,2932                            
2026-10-06T20:27:25.868	TEL,758,S2,544636725,0,0,0,442,2932                            
2026-10-06T20:27:25.884	TEL,759,S2,544656725,0,0,0,436,2928                            
2026-10-06T20:27:25.905	TEL,760,S2,544676725,0,0,0,436,2928                            
2026-10-06T20:27:25.924	TEL,761,S2,544696725,0,0,0,439,2932                            
2026-10-06T20:27:25.947	TEL,762,S2,544716725,0,0,0,433,2932                            
2026-10-06T20:27:25.965	TEL,763,S2,544736725,0,0,0,433,2932                            
2026-10-06T20:27:25.988	TEL,764,S2,544756725,0,0,0,433,2932                            
2026-10-06T20:27:26.004	TEL,765,S2,544776725,0,0,0,433,2932                            
2026-10-06T20:27:26.028	TEL,766,S2,544796725,0,0,0,442,2932                            
2026-10-06T20:27:26.044	TEL,767,S2,544816725,0,0,0,439,2930                            
2026-10-06T20:27:26.065	TEL,768,S2,544836725,0,0,0,445,2930                            
2026-10-06T20:27:26.083	TEL,769,S2,544856725,0,0,0,442,2927                            
2026-10-06T20:27:26.106	TEL,770,S2,544876725,0,0,0,439,2927                            
2026-10-06T20:27:26.123	TEL,771,S2,544896725,0,0,0,442,2930                            
2026-10-06T20:27:26.148	TEL,772,S2,544916725,0,0,0,428,2930                            
2026-10-06T20:27:26.163	TEL,773,S2,544936725,0,0,0,430,2932                            
2026-10-06T20:27:26.189	TEL,774,S2,544956725,0,0,0,442,2932                            
2026-10-06T20:27:26.205	TEL,775,S2,544976725,0,0,0,439,2930                            
2026-10-06T20:27:26.223	TEL,776,S2,544996725,0,0,0,433,2930                            
2026-10-06T20:27:26.244	TEL,777,S2,545016725,0,0,0,433,2930                            
2026-10-06T20:27:26.265	TEL,778,S2,545036725,0,0,0,430,2930                            
2026-10-06T20:27:26.284	TEL,779,S2,545056725,0,0,0,430,2928                            
2026-10-06T20:27:26.308	TEL,780,S2,545076725,0,0,0,436,2928                            
2026-10-06T20:27:26.323	TEL,781,S2,545096725,0,0,0,442,2937                            
2026-10-06T20:27:26.348	TEL,782,S2,545116725,0,0,0,442,2937                            
2026-10-06T20:27:26.362	TEL,783,S2,545136725,0,0,0,436,2930                            
2026-10-06T20:27:26.384	TEL,784,S2,545156725,0,0,0,430,2930                            
2026-10-06T20:27:26.404	TEL,785,S2,545176725,0,0,0,433,2932                            
2026-10-06T20:27:26.424	TEL,786,S2,545196725,0,0,0,442,2932                            
2026-10-06T20:27:26.463	TEL,787,S2,545216725,0,0,0,439,2930                            
2026-10-06T20:27:26.463	BTN,16,S2,PRESSED,545228971,545228979                          
2026-10-06T20:27:26.463	TEL,788,S2,545236725,0,0,0,430,2930                            
2026-10-06T20:27:26.488	TEL,789,S2,545256725,0,0,0,433,2933                            
2026-10-06T20:27:26.504	TEL,790,S2,545276725,0,0,0,445,2933                            
2026-10-06T20:27:26.528	TEL,791,S2,545296725,0,0,0,442,2932                            
2026-10-06T20:27:26.544	TEL,792,S2,545316725,0,0,0,433,2932                            
2026-10-06T20:27:26.568	TEL,793,S2,545336725,0,0,0,433,2932                            
2026-10-06T20:27:26.584	TEL,794,S2,545356725,0,0,0,433,2932                            
2026-10-06T20:27:26.605	TEL,795,S2,545376725,0,0,0,433,2932                            
2026-10-06T20:27:26.624	TEL,796,S2,545396725,0,0,0,439,2932                            
2026-10-06T20:27:26.647	TEL,797,S2,545416725,0,0,0,436,2928                            
2026-10-06T20:27:26.664	TEL,798,S2,545436725,0,0,0,436,2928                            
2026-10-06T20:27:26.689	TEL,799,S2,545456725,0,0,0,436,2928                            
2026-10-06T20:27:26.704	TEL,800,S2,545476725,0,0,0,430,2928                            
2026-10-06T20:27:26.729	TEL,801,S2,545496725,0,0,0,430,2930                            
2026-10-06T20:27:26.744	TEL,802,S2,545516725,0,0,0,433,2930                            
2026-10-06T20:27:26.765	TEL,803,S2,545536725,0,0,0,433,2930                            
2026-10-06T20:27:26.782	TEL,804,S2,545556725,0,0,0,425,2930                            
2026-10-06T20:27:26.808	TEL,805,S2,545576725,0,0,0,422,2927                            
2026-10-06T20:27:26.824	TEL,806,S2,545596725,0,0,0,433,2927                            
2026-10-06T20:27:26.848	TEL,807,S2,545616725,0,0,0,439,2932                            
2026-10-06T20:27:26.863	TEL,808,S2,545636725,0,0,0,442,2932                            
2026-10-06T20:27:26.885	TEL,809,S2,545656725,0,0,0,442,2932                            
2026-10-06T20:27:26.904	TEL,810,S2,545676725,0,0,0,425,2932                            
2026-10-06T20:27:26.928	TEL,811,S2,545696725,0,0,0,425,2930                            
2026-10-06T20:27:26.945	TEL,812,S2,545716725,0,0,0,428,2930                            
2026-10-06T20:27:26.965	BTN,17,S2,PRESSED,545732977,545732984                          
2026-10-06T20:27:26.965	TEL,813,S2,545736725,0,0,0,425,2925                            
2026-10-06T20:27:26.988	TEL,814,S2,545756725,0,0,0,430,2925                            
2026-10-06T20:27:27.005	TEL,815,S2,545776725,0,0,0,439,2932                            
2026-10-06T20:27:27.028	TEL,816,S2,545796725,0,0,0,439,2932                            
2026-10-06T20:27:27.043	TEL,817,S2,545816725,0,0,0,436,2930                            
2026-10-06T20:27:27.068	TEL,818,S2,545836725,0,0,0,439,2930                            
2026-10-06T20:27:27.084	TEL,819,S2,545856725,0,0,0,442,2932                            
2026-10-06T20:27:27.108	TEL,820,S2,545876725,0,0,0,433,2932                            
2026-10-06T20:27:27.124	TEL,821,S2,545896725,0,0,0,433,2932                            
2026-10-06T20:27:27.148	TEL,822,S2,545916725,0,0,0,445,2932                            
2026-10-06T20:27:27.163	TEL,823,S2,545936725,0,0,0,445,2930                            
2026-10-06T20:27:27.188	TEL,824,S2,545956725,0,0,0,430,2930                            
2026-10-06T20:27:27.205	TEL,825,S2,545976725,0,0,0,433,2933                            
2026-10-06T20:27:27.223	TEL,826,S2,545996725,0,0,0,433,2933                            
2026-10-06T20:27:27.244	TEL,827,S2,546016725,0,0,0,428,2930                            
2026-10-06T20:27:27.265	TEL,828,S2,546036725,0,0,0,439,2930                            
2026-10-06T20:27:27.282	TEL,829,S2,546056725,0,0,0,442,2932                            
2026-10-06T20:27:27.307	TEL,830,S2,546076725,0,0,0,433,2932                            
2026-10-06T20:27:27.323	TEL,831,S2,546096725,0,0,0,433,2932                            
2026-10-06T20:27:27.348	TEL,832,S2,546116725,0,0,0,439,2932                            
2026-10-06T20:27:27.363	TEL,833,S2,546136725,0,0,0,439,2932                            
2026-10-06T20:27:27.387	TEL,834,S2,546156725,0,0,0,433,2932                            
2026-10-06T20:27:27.404	TEL,835,S2,546176725,0,0,0,430,2930                            
2026-10-06T20:27:27.425	TEL,836,S2,546196725,0,0,0,436,2930                            
2026-10-06T20:27:27.445	TEL,837,S2,546216725,0,0,0,436,2930                            
2026-10-06T20:27:27.467	TEL,838,S2,546236725,0,0,0,433,2930                            
2026-10-06T20:27:27.482	TEL,839,S2,546256725,0,0,0,436,2932                            
2026-10-06T20:27:27.508	TEL,840,S2,546276725,0,0,0,433,2932                            
2026-10-06T20:27:27.524	TEL,841,S2,546296725,0,0,0,428,2925                            
2026-10-06T20:27:27.548	TEL,842,S2,546316725,0,0,0,428,2925                            
2026-10-06T20:27:27.563	TEL,843,S2,546336725,0,0,0,433,2932                            
2026-10-06T20:27:27.588	TEL,844,S2,546356725,0,0,0,425,2932                            
2026-10-06T20:27:27.604	TEL,845,S2,546376725,0,0,0,425,2932                            
2026-10-06T20:27:27.628	TEL,846,S2,546396725,0,0,0,436,2932                            
2026-10-06T20:27:27.643	TEL,847,S2,546416725,0,0,0,436,2932                            
2026-10-06T20:27:27.667	TEL,848,S2,546436725,0,0,0,425,2932                            
2026-10-06T20:27:27.681	TEL,849,S2,546456725,0,0,0,425,2930                            
2026-10-06T20:27:27.709	TEL,850,S2,546476725,0,0,0,428,2930                            
2026-10-06T20:27:27.723	TEL,851,S2,546496725,0,0,0,430,2932                            
2026-10-06T20:27:27.749	TEL,852,S2,546516725,0,0,0,442,2932                            
2026-10-06T20:27:27.782	TEL,853,S2,546536725,0,0,0,439,2928                            
2026-10-06T20:27:27.782	BTN,18,S2,PRESSED,546544982,546544990                          
2026-10-06T20:27:27.782	TEL,854,S2,546556725,0,0,0,428,2928                            
2026-10-06T20:27:27.808	TEL,855,S2,546576725,0,0,0,428,2928                            
2026-10-06T20:27:27.824	TEL,856,S2,546596725,0,0,0,430,2928                            
2026-10-06T20:27:27.848	TEL,857,S2,546616725,0,0,0,433,2932                            
2026-10-06T20:27:27.864	TEL,858,S2,546636725,0,0,0,439,2932                            
2026-10-06T20:27:27.888	TEL,859,S2,546656725,0,0,0,439,2932                            
2026-10-06T20:27:27.903	TEL,860,S2,546676725,0,0,0,430,2932                            
2026-10-06T20:27:27.927	TEL,861,S2,546696725,0,0,0,430,2932                            
2026-10-06T20:27:27.941	TEL,862,S2,546716725,0,0,0,433,2932                            
2026-10-06T20:27:27.968	TEL,863,S2,546736725,0,0,0,433,2932                            
2026-10-06T20:27:27.983	TEL,864,S2,546756725,0,0,0,436,2932                            
2026-10-06T20:27:28.008	TEL,865,S2,546776725,0,0,0,433,2930                            
2026-10-06T20:27:28.024	TEL,866,S2,546796725,0,0,0,430,2930                            
2026-10-06T20:27:28.048	TEL,867,S2,546816725,0,0,0,433,2932                            
2026-10-06T20:27:28.063	TEL,868,S2,546836725,0,0,0,436,2932                            
2026-10-06T20:27:28.088	TEL,869,S2,546856725,0,0,0,433,2930                            
2026-10-06T20:27:28.104	TEL,870,S2,546876725,0,0,0,428,2930                            
2026-10-06T20:27:28.128	TEL,871,S2,546896725,0,0,0,428,2930                            
2026-10-06T20:27:28.142	TEL,872,S2,546916725,0,0,0,445,2930                            
2026-10-06T20:27:28.167	TEL,873,S2,546936725,0,0,0,445,2932                            
2026-10-06T20:27:28.183	TEL,874,S2,546956725,0,0,0,433,2932                            
2026-10-06T20:27:28.209	TEL,875,S2,546976725,0,0,0,430,2930                            
2026-10-06T20:27:28.223	TEL,876,S2,546996725,0,0,0,425,2930                            
2026-10-06T20:27:28.248	TEL,877,S2,547016725,0,0,0,425,2930                            
2026-10-06T20:27:28.265	TEL,878,S2,547036725,0,0,0,433,2930                            
2026-10-06T20:27:28.288	TEL,879,S2,547056725,0,0,0,436,2932                            
2026-10-06T20:27:28.303	TEL,880,S2,547076725,0,0,0,439,2932                            
2026-10-06T20:27:28.328	TEL,881,S2,547096725,0,0,0,439,2932                            
2026-10-06T20:27:28.341	TEL,882,S2,547116725,0,0,0,433,2932                            
2026-10-06T20:27:28.362	TEL,883,S2,547136725,0,0,0,433,2932                            
2026-10-06T20:27:28.403	TEL,884,S2,547156725,0,0,0,436,2932                            
2026-10-06T20:27:28.403	BTN,19,S2,PRESSED,547161988,547161995                          
2026-10-06T20:27:28.403	TEL,885,S2,547176725,0,0,0,430,2927                            
2026-10-06T20:27:28.425	TEL,886,S2,547196725,0,0,0,430,2927                            
2026-10-06T20:27:28.446	TEL,887,S2,547216725,0,0,0,436,2932                            
2026-10-06T20:27:28.465	TEL,888,S2,547236725,0,0,0,442,2932                            
2026-10-06T20:27:28.487	TEL,889,S2,547256725,0,0,0,442,2932                            
2026-10-06T20:27:28.505	TEL,890,S2,547276725,0,0,0,436,2932                            
2026-10-06T20:27:28.522	TEL,891,S2,547296725,0,0,0,430,2927                            
2026-10-06T20:27:28.544	TEL,892,S2,547316725,0,0,0,425,2927                            
2026-10-06T20:27:28.564	TEL,893,S2,547336725,0,0,0,428,2930                            
2026-10-06T20:27:28.584	TEL,894,S2,547356725,0,0,0,430,2930                            
2026-10-06T20:27:28.605	TEL,895,S2,547376725,0,0,0,428,2925                            
2026-10-06T20:27:28.623	TEL,896,S2,547396725,0,0,0,428,2925                            
2026-10-06T20:27:28.647	TEL,897,S2,547416725,0,0,0,433,2932                            
2026-10-06T20:27:28.664	TEL,898,S2,547436725,0,0,0,433,2932                            
2026-10-06T20:27:28.689	TEL,899,S2,547456725,0,0,0,430,2930                            
2026-10-06T20:27:28.704	TEL,900,S2,547476725,0,0,0,442,2930                            
2026-10-06T20:27:28.723	TEL,901,S2,547496725,0,0,0,439,2927                            
2026-10-06T20:27:28.744	TEL,902,S2,547516725,0,0,0,428,2927                            
2026-10-06T20:27:28.765	TEL,903,S2,547536725,0,0,0,430,2930                            
2026-10-06T20:27:28.783	TEL,904,S2,547556725,0,0,0,433,2930                            
2026-10-06T20:27:28.808	TEL,905,S2,547576725,0,0,0,433,2930                            
2026-10-06T20:27:28.822	TEL,906,S2,547596725,0,0,0,428,2930                            
2026-10-06T20:27:28.848	TEL,907,S2,547616725,0,0,0,430,2932                            
2026-10-06T20:27:28.863	TEL,908,S2,547636725,0,0,0,430,2932                            
2026-10-06T20:27:28.888	TEL,909,S2,547656725,0,0,0,430,2932                            
2026-10-06T20:27:28.904	TEL,910,S2,547676725,0,0,0,433,2932                            
2026-10-06T20:27:28.927	TEL,911,S2,547696725,0,0,0,430,2930                            
2026-10-06T20:27:28.943	TEL,912,S2,547716725,0,0,0,436,2930                            
2026-10-06T20:27:28.968	TEL,913,S2,547736725,0,0,0,436,2930                            
2026-10-06T20:27:28.983	TEL,914,S2,547756725,0,0,0,430,2930                            
2026-10-06T20:27:29.008	TEL,915,S2,547776725,0,0,0,433,2932                            
2026-10-06T20:27:29.023	TEL,916,S2,547796725,0,0,0,442,2932                            
2026-10-06T20:27:29.067	TEL,917,S2,547816725,0,0,0,442,2932                            
2026-10-06T20:27:29.067	BTN,20,S2,PRESSED,547824993,547825000                          
2026-10-06T20:27:29.067	TEL,918,S2,547836725,0,0,0,436,2932                            
2026-10-06T20:27:29.084	TEL,919,S2,547856725,0,0,0,436,2932                            
2026-10-06T20:27:29.106	TEL,920,S2,547876725,0,0,0,436,2932                            
2026-10-06T20:27:29.123	TEL,921,S2,547896725,0,0,0,436,2932                            
2026-10-06T20:27:29.147	TEL,922,S2,547916725,0,0,0,433,2932                            
2026-10-06T20:27:29.163	TEL,923,S2,547936725,0,0,0,430,2930                            
2026-10-06T20:27:29.188	TEL,924,S2,547956725,0,0,0,428,2930                            
2026-10-06T20:27:29.205	TEL,925,S2,547976725,0,0,0,428,2930                            
2026-10-06T20:27:29.226	TEL,926,S2,547996725,0,0,0,430,2930                            
2026-10-06T20:27:29.245	TEL,927,S2,548016725,0,0,0,433,2932                            
2026-10-06T20:27:29.268	TEL,928,S2,548036725,0,0,0,433,2932                            
2026-10-06T20:27:29.284	TEL,929,S2,548056725,0,0,0,430,2930                            
2026-10-06T20:27:29.307	TEL,930,S2,548076725,0,0,0,436,2930                            
2026-10-06T20:27:29.324	TEL,931,S2,548096725,0,0,0,439,2932                            
2026-10-06T20:27:29.347	TEL,932,S2,548116725,0,0,0,442,2932                            
2026-10-06T20:27:29.363	TEL,933,S2,548136725,0,0,0,442,2932                            
2026-10-06T20:27:29.388	TEL,934,S2,548156725,0,0,0,425,2932                            
2026-10-06T20:27:29.403	TEL,935,S2,548176725,0,0,0,425,2932                            
2026-10-06T20:27:29.424	TEL,936,S2,548196725,0,0,0,436,2932                            
2026-10-06T20:27:29.443	TEL,937,S2,548216725,0,0,0,436,2932                            
2026-10-06T20:27:29.468	TEL,938,S2,548236725,0,0,0,436,2932                            
2026-10-06T20:27:29.481	TEL,939,S2,548256725,0,0,0,436,2932                            
2026-10-06T20:27:29.508	TEL,940,S2,548276725,0,0,0,433,2932                            
2026-10-06T20:27:29.523	TEL,941,S2,548296725,0,0,0,430,2928                            
2026-10-06T20:27:29.548	TEL,942,S2,548316725,0,0,0,430,2928                            
2026-10-06T20:27:29.563	TEL,943,S2,548336725,0,0,0,433,2932                            
2026-10-06T20:27:29.588	TEL,944,S2,548356725,0,0,0,430,2932                            
2026-10-06T20:27:29.601	TEL,945,S2,548376725,0,0,0,428,2930                            
2026-10-06T20:27:29.627	TEL,946,S2,548396725,0,0,0,430,2930                            
2026-10-06T20:27:29.642	TEL,947,S2,548416725,0,0,0,433,2932                            
2026-10-06T20:27:29.667	TEL,948,S2,548436725,0,0,0,433,2932                            
2026-10-06T20:27:29.684	TEL,949,S2,548456725,0,0,0,428,2925                            
2026-10-06T20:27:29.709	TEL,950,S2,548476725,0,0,0,430,2925                            
2026-10-06T20:27:29.721	TEL,951,S2,548496725,0,0,0,439,2932                            
2026-10-06T20:27:29.748	TEL,952,S2,548516725,0,0,0,430,2932                            
2026-10-06T20:27:29.765	TEL,953,S2,548536725,0,0,0,428,2930                            
2026-10-06T20:27:29.788	TEL,954,S2,548556725,0,0,0,433,2930                            
2026-10-06T20:27:29.801	TEL,955,S2,548576725,0,0,0,433,2930                            
2026-10-06T20:27:29.828	TEL,956,S2,548596725,0,0,0,433,2930                            
2026-10-06T20:27:29.844	TEL,957,S2,548616725,0,0,0,436,2932                            
2026-10-06T20:27:29.885	TEL,958,S2,548636725,0,0,0,442,2932                            
2026-10-06T20:27:29.885	BTN,21,S2,PRESSED,548648999,548649006                          
2026-10-06T20:27:29.885	TEL,959,S2,548656725,0,0,0,442,2932                            
2026-10-06T20:27:29.904	TEL,960,S2,548676725,0,0,0,433,2932                            
2026-10-06T20:27:29.927	TEL,961,S2,548696725,0,0,0,430,2930                            
2026-10-06T20:27:29.941	TEL,962,S2,548716725,0,0,0,445,2930                            
2026-10-06T20:27:29.968	TEL,963,S2,548736725,0,0,0,445,2930                            
2026-10-06T20:27:29.983	TEL,964,S2,548756725,0,0,0,428,2930                            
2026-10-06T20:27:30.008	TEL,965,S2,548776725,0,0,0,422,2925                            
2026-10-06T20:27:30.024	TEL,966,S2,548796725,0,0,0,430,2925                            
2026-10-06T20:27:30.048	TEL,967,S2,548816725,0,0,0,439,2932                            
2026-10-06T20:27:30.064	TEL,968,S2,548836725,0,0,0,428,2932                            
2026-10-06T20:27:30.087	TEL,969,S2,548856725,0,0,0,428,2930                            
2026-10-06T20:27:30.101	TEL,970,S2,548876725,0,0,0,439,2930                            
2026-10-06T20:27:30.128	TEL,971,S2,548896725,0,0,0,439,2930                            
2026-10-06T20:27:30.142	TEL,972,S2,548916725,0,0,0,430,2930                            
2026-10-06T20:27:30.167	TEL,973,S2,548936725,0,0,0,433,2932                            
2026-10-06T20:27:30.183	TEL,974,S2,548956725,0,0,0,433,2932                            
2026-10-06T20:27:30.209	TEL,975,S2,548976725,0,0,0,428,2927                            
2026-10-06T20:27:30.222	TEL,976,S2,548996725,0,0,0,428,2927                            
2026-10-06T20:27:30.248	TEL,977,S2,549016725,0,0,0,433,2932                            
2026-10-06T20:27:30.261	TEL,978,S2,549036725,0,0,0,433,2932                            
2026-10-06T20:27:30.287	TEL,979,S2,549056725,0,0,0,433,2932                            
2026-10-06T20:27:30.304	TEL,980,S2,549076725,0,0,0,439,2932                            
2026-10-06T20:27:30.328	TEL,981,S2,549096725,0,0,0,436,2930                            
2026-10-06T20:27:30.344	TEL,982,S2,549116725,0,0,0,439,2930                            
2026-10-06T20:27:30.362	TEL,983,S2,549136725,0,0,0,442,2932                            
2026-10-06T20:27:30.383	TEL,984,S2,549156725,0,0,0,442,2932                            
2026-10-06T20:27:30.403	TEL,985,S2,549176725,0,0,0,442,2932                            
2026-10-06T20:27:30.424	TEL,986,S2,549196725,0,0,0,442,2932                            
2026-10-06T20:27:30.443	TEL,987,S2,549216725,0,0,0,442,2930                            
2026-10-06T20:27:30.465	TEL,988,S2,549236725,0,0,0,436,2930                            
2026-10-06T20:27:30.487	TEL,989,S2,549256725,0,0,0,439,2932                            
2026-10-06T20:27:30.505	TEL,990,S2,549276725,0,0,0,433,2932                            
2026-10-06T20:27:30.528	TEL,991,S2,549296725,0,0,0,430,2928                            
2026-10-06T20:27:30.543	TEL,992,S2,549316725,0,0,0,439,2928                            
2026-10-06T20:27:30.588	TEL,993,S2,549336725,0,0,0,442,2930                            
2026-10-06T20:27:30.588	BTN,22,S2,PRESSED,549338004,549338011                          
2026-10-06T20:27:30.588	TEL,994,S2,549356725,0,0,0,439,2930                            
2026-10-06T20:27:30.604	TEL,995,S2,549376725,0,0,0,439,2930                            
2026-10-06T20:27:30.627	TEL,996,S2,549396725,0,0,0,436,2930                            
2026-10-06T20:27:30.643	TEL,997,S2,549416725,0,0,0,439,2932                            
2026-10-06T20:27:30.667	TEL,998,S2,549436725,0,0,0,442,2932                            
2026-10-06T20:27:30.681	TEL,999,S2,549456725,0,0,0,439,2930                            
2026-10-06T20:27:30.709	TEL,1000,S2,549476725,0,0,0,433,2930                           
2026-10-06T20:27:30.721	TEL,1001,S2,549496725,0,0,0,436,2932                           
2026-10-06T20:27:30.748	TEL,1002,S2,549516725,0,0,0,436,2932                           
2026-10-06T20:27:30.762	TEL,1003,S2,549536725,0,0,0,436,2933                           
2026-10-06T20:27:30.788	TEL,1004,S2,549556725,0,0,0,430,2933                           
2026-10-06T20:27:30.803	TEL,1005,S2,549576725,0,0,0,428,2932                           
2026-10-06T20:27:30.828	TEL,1006,S2,549596725,0,0,0,436,2932                           
2026-10-06T20:27:30.844	TEL,1007,S2,549616725,0,0,0,436,2932                           
2026-10-06T20:27:30.865	TEL,1008,S2,549636725,0,0,0,436,2932                           
2026-10-06T20:27:30.884	TEL,1009,S2,549656725,0,0,0,433,2930                           
2026-10-06T20:27:30.907	TEL,1010,S2,549676725,0,0,0,433,2930                           
2026-10-06T20:27:30.924	TEL,1011,S2,549696725,0,0,0,433,2928                           
2026-10-06T20:27:30.949	TEL,1012,S2,549716725,0,0,0,433,2928                           
2026-10-06T20:27:30.964	TEL,1013,S2,549736725,0,0,0,433,2928                           
2026-10-06T20:27:30.988	TEL,1014,S2,549756725,0,0,0,433,2928                           
2026-10-06T20:27:31.004	TEL,1015,S2,549776725,0,0,0,436,2932                           
2026-10-06T20:27:31.025	TEL,1016,S2,549796725,0,0,0,436,2932                           
2026-10-06T20:27:31.044	TEL,1017,S2,549816725,0,0,0,436,2932                           
2026-10-06T20:27:31.089	TEL,1018,S2,549836725,0,0,0,436,2932                           
2026-10-06T20:27:31.089	BTN,23,S2,PRESSED,549852010,549852017                          
2026-10-06T20:27:31.089	TEL,1019,S2,549856725,0,0,0,436,2932                           
2026-10-06T20:27:31.105	TEL,1020,S2,549876725,0,0,0,439,2932                           
2026-10-06T20:27:31.128	TEL,1021,S2,549896725,0,0,0,439,2932                           
2026-10-06T20:27:31.142	TEL,1022,S2,549916725,0,0,0,436,2932                           
2026-10-06T20:27:31.167	TEL,1023,S2,549936725,0,0,0,433,2930                           
2026-10-06T20:27:31.184	TEL,1024,S2,549956725,0,0,0,433,2930                           
2026-10-06T20:27:31.209	TEL,1025,S2,549976725,0,0,0,436,2932                           
2026-10-06T20:27:31.223	TEL,1026,S2,549996725,0,0,0,436,2932                           
2026-10-06T20:27:31.248	TEL,1027,S2,550016725,0,0,0,436,2932                           
2026-10-06T20:27:31.261	TEL,1028,S2,550036725,0,0,0,436,2932                           
2026-10-06T20:27:31.287	TEL,1029,S2,550056725,0,0,0,436,2932                           
2026-10-06T20:27:31.303	TEL,1030,S2,550076725,0,0,0,436,2932                           
2026-10-06T20:27:31.328	TEL,1031,S2,550096725,0,0,0,436,2932                           
2026-10-06T20:27:31.341	TEL,1032,S2,550116725,0,0,0,442,2932                           
2026-10-06T20:27:31.368	TEL,1033,S2,550136725,0,0,0,442,2932                           
2026-10-06T20:27:31.384	TEL,1034,S2,550156725,0,0,0,436,2932                           
2026-10-06T20:27:31.406	TEL,1035,S2,550176725,0,0,0,436,2933                           
2026-10-06T20:27:31.424	TEL,1036,S2,550196725,0,0,0,436,2933                           
2026-10-06T20:27:31.445	TEL,1037,S2,550216725,0,0,0,436,2932                           
2026-10-06T20:27:31.465	TEL,1038,S2,550236725,0,0,0,442,2932                           
2026-10-06T20:27:31.483	TEL,1039,S2,550256725,0,0,0,442,2932                           
2026-10-06T20:27:31.507	TEL,1040,S2,550276725,0,0,0,442,2932                           
2026-10-06T20:27:31.528	TEL,1041,S2,550296725,0,0,0,442,2932                           
2026-10-06T20:27:31.544	TEL,1042,S2,550316725,0,0,0,442,2932                           
2026-10-06T20:27:31.568	TEL,1043,S2,550336725,0,0,0,442,2932                           
2026-10-06T20:27:31.584	TEL,1044,S2,550356725,0,0,0,442,2932                           
2026-10-06T20:27:31.607	TEL,1045,S2,550376725,0,0,0,442,2932                           
2026-10-06T20:27:31.624	TEL,1046,S2,550396725,0,0,0,436,2932                           
2026-10-06T20:27:31.642	TEL,1047,S2,550416725,0,0,0,436,2932                           
2026-10-06T20:27:31.664	TEL,1048,S2,550436725,0,0,0,436,2932                           
2026-10-06T20:27:31.683	TEL,1049,S2,550456725,0,0,0,436,2932                           
2026-10-06T20:27:31.702	TEL,1050,S2,550476725,0,0,0,436,2932                           
2026-10-06T20:27:31.748	TEL,1051,S2,550496725,0,0,0,433,2928                           
2026-10-06T20:27:31.748	BTN,24,S2,PRESSED,550512015,550512022                          
2026-10-06T20:27:31.748	TEL,1052,S2,550516725,0,0,0,433,2928                           
2026-10-06T20:27:31.761	TEL,1053,S2,550536725,0,0,0,433,2930                           
2026-10-06T20:27:31.788	TEL,1054,S2,550556725,0,0,0,433,2930                           
2026-10-06T20:27:31.803	TEL,1055,S2,550576725,0,0,0,436,2932                           
2026-10-06T20:27:31.828	TEL,1056,S2,550596725,0,0,0,433,2932                           
2026-10-06T20:27:31.841	TEL,1057,S2,550616725,0,0,0,433,2933                           
2026-10-06T20:27:31.868	TEL,1058,S2,550636725,0,0,0,433,2933                           
2026-10-06T20:27:31.882	TEL,1059,S2,550656725,0,0,0,430,2932                           
2026-10-06T20:27:31.908	TEL,1060,S2,550676725,0,0,0,442,2932                           
2026-10-06T20:27:31.924	TEL,1061,S2,550696725,0,0,0,442,2933                           
2026-10-06T20:27:31.947	TEL,1062,S2,550716725,0,0,0,436,2933                           
2026-10-06T20:27:31.963	TEL,1063,S2,550736725,0,0,0,436,2932                           
2026-10-06T20:27:31.988	TEL,1064,S2,550756725,0,0,0,436,2932                           
2026-10-06T20:27:32.003	TEL,1065,S2,550776725,0,0,0,436,2932                           
2026-10-06T20:27:32.022	TEL,1066,S2,550796725,0,0,0,436,2932                           
2026-10-06T20:27:32.044	TEL,1067,S2,550816725,0,0,0,436,2932                           
2026-10-06T20:27:32.063	TEL,1068,S2,550836725,0,0,0,439,2932                           
2026-10-06T20:27:32.084	TEL,1069,S2,550856725,0,0,0,439,2932                           
2026-10-06T20:27:32.101	TEL,1070,S2,550876725,0,0,0,430,2932                           
2026-10-06T20:27:32.124	TEL,1071,S2,550896725,0,0,0,430,2932                           
2026-10-06T20:27:32.147	TEL,1072,S2,550916725,0,0,0,436,2932                           
2026-10-06T20:27:32.164	TEL,1073,S2,550936725,0,0,0,433,2930                           
2026-10-06T20:27:32.186	TEL,1074,S2,550956725,0,0,0,436,2930                           
2026-10-06T20:27:32.203	TEL,1075,S2,550976725,0,0,0,439,2932                           
2026-10-06T20:27:32.226	TEL,1076,S2,550996725,0,0,0,436,2932                           
2026-10-06T20:27:32.244	TEL,1077,S2,551016725,0,0,0,436,2932                           
2026-10-06T20:27:32.261	TEL,1078,S2,551036725,0,0,0,436,2932                           
2026-10-06T20:27:32.284	TEL,1079,S2,551056725,0,0,0,436,2932                           
2026-10-06T20:27:32.302	TEL,1080,S2,551076725,0,0,0,436,2932                           
2026-10-06T20:27:32.324	TEL,1081,S2,551096725,0,0,0,436,2932                           
2026-10-06T20:27:32.346	TEL,1082,S2,551116725,0,0,0,436,2932                           
2026-10-06T20:27:32.361	TEL,1083,S2,551136725,0,0,0,433,2928                           
2026-10-06T20:27:32.387	TEL,1084,S2,551156725,0,0,0,433,2928                           
2026-10-06T20:27:32.403	TEL,1085,S2,551176725,0,0,0,436,2932                           
2026-10-06T20:27:32.425	TEL,1086,S2,551196725,0,0,0,436,2932                           
2026-10-06T20:27:32.441	TEL,1087,S2,551216725,0,0,0,436,2932                           
2026-10-06T20:27:32.468	TEL,1088,S2,551236725,0,0,0,436,2932                           
2026-10-06T20:27:32.481	TEL,1089,S2,551256725,0,0,0,436,2932                           
2026-10-06T20:27:32.507	TEL,1090,S2,551276725,0,0,0,436,2932                           
2026-10-06T20:27:32.523	TEL,1091,S2,551296725,0,0,0,433,2928                           
2026-10-06T20:27:32.547	TEL,1092,S2,551316725,0,0,0,433,2928                           
2026-10-06T20:27:32.564	TEL,1093,S2,551336725,0,0,0,439,2935                           
2026-10-06T20:27:32.601	TEL,1094,S2,551356725,0,0,0,442,2935                           
2026-10-06T20:27:32.608	BTN,25,S2,PRESSED,551358021,551358028                          
2026-10-06T20:27:32.608	TEL,1095,S2,551376725,0,0,0,439,2932                           
2026-10-06T20:27:32.624	TEL,1096,S2,551396725,0,0,0,436,2932                           
2026-10-06T20:27:32.646	TEL,1097,S2,551416725,0,0,0,436,2932                           
2026-10-06T20:27:32.663	TEL,1098,S2,551436725,0,0,0,436,2932                           
2026-10-06T20:27:32.687	TEL,1099,S2,551456725,0,0,0,436,2932                           
2026-10-06T20:27:32.703	TEL,1100,S2,551476725,0,0,0,436,2932                           
2026-10-06T20:27:32.727	TEL,1101,S2,551496725,0,0,0,436,2932                           
2026-10-06T20:27:32.744	TEL,1102,S2,551516725,0,0,0,436,2932                           
2026-10-06T20:27:32.761	TEL,1103,S2,551536725,0,0,0,433,2930                           
2026-10-06T20:27:32.783	TEL,1104,S2,551556725,0,0,0,439,2930                           
2026-10-06T20:27:32.801	TEL,1105,S2,551576725,0,0,0,442,2932                           
2026-10-06T20:27:32.821	TEL,1106,S2,551596725,0,0,0,430,2932                           
2026-10-06T20:27:32.848	TEL,1107,S2,551616725,0,0,0,430,2932                           
2026-10-06T20:27:32.863	TEL,1108,S2,551636725,0,0,0,436,2932                           
2026-10-06T20:27:32.887	TEL,1109,S2,551656725,0,0,0,436,2932                           
2026-10-06T20:27:32.903	TEL,1110,S2,551676725,0,0,0,436,2932                           
2026-10-06T20:27:32.925	TEL,1111,S2,551696725,0,0,0,436,2932                           
2026-10-06T20:27:32.941	TEL,1112,S2,551716725,0,0,0,436,2932                           
2026-10-06T20:27:32.967	TEL,1113,S2,551736725,0,0,0,436,2932                           
2026-10-06T20:27:32.983	TEL,1114,S2,551756725,0,0,0,439,2932                           
2026-10-06T20:27:33.008	TEL,1115,S2,551776725,0,0,0,439,2932                           
2026-10-06T20:27:33.024	TEL,1116,S2,551796725,0,0,0,436,2932                           
2026-10-06T20:27:33.048	TEL,1117,S2,551816725,0,0,0,433,2930                           
2026-10-06T20:27:33.064	TEL,1118,S2,551836725,0,0,0,433,2930                           
2026-10-06T20:27:33.088	TEL,1119,S2,551856725,0,0,0,436,2932                           
2026-10-06T20:27:33.103	TEL,1120,S2,551876725,0,0,0,436,2932                           
2026-10-06T20:27:33.127	TEL,1121,S2,551896725,0,0,0,436,2932                           
2026-10-06T20:27:33.143	TEL,1122,S2,551916725,0,0,0,436,2932                           
2026-10-06T20:27:33.168	TEL,1123,S2,551936725,0,0,0,436,2932                           
2026-10-06T20:27:33.181	TEL,1124,S2,551956725,0,0,0,436,2932                           
2026-10-06T20:27:33.208	TEL,1125,S2,551976725,0,0,0,433,2930                           
2026-10-06T20:27:33.224	TEL,1126,S2,551996725,0,0,0,433,2930                           
2026-10-06T20:27:33.248	TEL,1127,S2,552016725,0,0,0,436,2932                           
2026-10-06T20:27:33.261	TEL,1128,S2,552036725,0,0,0,439,2932                           
2026-10-06T20:27:33.287	TEL,1129,S2,552056725,0,0,0,439,2932                           
2026-10-06T20:27:33.323	TEL,1130,S2,552076725,0,0,0,439,2932                           
2026-10-06T20:27:33.323	BTN,26,S2,PRESSED,552089026,552089033                          
2026-10-06T20:27:33.323	TEL,1131,S2,552096725,0,0,0,439,2932                           
2026-10-06T20:27:33.348	TEL,1132,S2,552116725,0,0,0,436,2932                           
2026-10-06T20:27:33.361	TEL,1133,S2,552136725,0,0,0,436,2932                           
2026-10-06T20:27:33.387	TEL,1134,S2,552156725,0,0,0,430,2932                           
2026-10-06T20:27:33.401	TEL,1135,S2,552176725,0,0,0,430,2932                           
2026-10-06T20:27:33.424	TEL,1136,S2,552196725,0,0,0,428,2932                           
2026-10-06T20:27:33.443	TEL,1137,S2,552216725,0,0,0,428,2932                           
2026-10-06T20:27:33.466	TEL,1138,S2,552236725,0,0,0,436,2932                           
2026-10-06T20:27:33.482	TEL,1139,S2,552256725,0,0,0,436,2933                           
2026-10-06T20:27:33.507	TEL,1140,S2,552276725,0,0,0,439,2933                           
2026-10-06T20:27:33.521	TEL,1141,S2,552296725,0,0,0,439,2932                           
2026-10-06T20:27:33.548	TEL,1142,S2,552316725,0,0,0,436,2932                           
2026-10-06T20:27:33.561	TEL,1143,S2,552336725,0,0,0,436,2933                           
2026-10-06T20:27:33.587	TEL,1144,S2,552356725,0,0,0,436,2933                           
2026-10-06T20:27:33.603	TEL,1145,S2,552376725,0,0,0,436,2932                           
2026-10-06T20:27:33.628	TEL,1146,S2,552396725,0,0,0,439,2932                           
2026-10-06T20:27:33.644	TEL,1147,S2,552416725,0,0,0,436,2930                           
2026-10-06T20:27:33.670	TEL,1148,S2,552436725,0,0,0,433,2930                           
2026-10-06T20:27:33.683	TEL,1149,S2,552456725,0,0,0,433,2930                           
2026-10-06T20:27:33.709	TEL,1150,S2,552476725,0,0,0,433,2930                           
2026-10-06T20:27:33.723	TEL,1151,S2,552496725,0,0,0,436,2932                           
2026-10-06T20:27:33.748	TEL,1152,S2,552516725,0,0,0,436,2932                           
2026-10-06T20:27:33.763	TEL,1153,S2,552536725,0,0,0,436,2933                           
2026-10-06T20:27:33.788	TEL,1154,S2,552556725,0,0,0,433,2933                           
2026-10-06T20:27:33.804	TEL,1155,S2,552576725,0,0,0,430,2932                           
2026-10-06T20:27:33.828	TEL,1156,S2,552596725,0,0,0,436,2932                           
2026-10-06T20:27:33.842	TEL,1157,S2,552616725,0,0,0,436,2932                           
2026-10-06T20:27:33.867	TEL,1158,S2,552636725,0,0,0,436,2932                           
2026-10-06T20:27:33.883	TEL,1159,S2,552656725,0,0,0,436,2932                           
2026-10-06T20:27:33.901	TEL,1160,S2,552676725,0,0,0,436,2932                           
2026-10-06T20:27:33.923	TEL,1161,S2,552696725,0,0,0,436,2932                           
2026-10-06T20:27:33.945	TEL,1162,S2,552716725,0,0,0,436,2932                           
2026-10-06T20:27:33.985	TEL,1163,S2,552736725,0,0,0,433,2930                           
2026-10-06T20:27:33.985	BTN,27,S2,PRESSED,552739032,552739039                          
2026-10-06T20:27:33.985	TEL,1164,S2,552756725,0,0,0,439,2930                           
2026-10-06T20:27:34.004	TEL,1165,S2,552776725,0,0,0,442,2932                           
2026-10-06T20:27:34.024	TEL,1166,S2,552796725,0,0,0,436,2932                           
2026-10-06T20:27:34.043	TEL,1167,S2,552816725,0,0,0,436,2932                           
2026-10-06T20:27:34.068	TEL,1168,S2,552836725,0,0,0,430,2932                           
2026-10-06T20:27:34.084	TEL,1169,S2,552856725,0,0,0,433,2933                           
2026-10-06T20:27:34.103	TEL,1170,S2,552876725,0,0,0,436,2933                           
2026-10-06T20:27:34.124	TEL,1171,S2,552896725,0,0,0,433,2930                           
2026-10-06T20:27:34.141	TEL,1172,S2,552916725,0,0,0,439,2930                           
2026-10-06T20:27:34.164	TEL,1173,S2,552936725,0,0,0,436,2927                           
2026-10-06T20:27:34.188	TEL,1174,S2,552956725,0,0,0,430,2927                           
2026-10-06T20:27:34.203	TEL,1175,S2,552976725,0,0,0,433,2930                           
2026-10-06T20:27:34.223	TEL,1176,S2,552996725,0,0,0,436,2930                           
2026-10-06T20:27:34.243	TEL,1177,S2,553016725,0,0,0,439,2932                           
2026-10-06T20:27:34.268	TEL,1178,S2,553036725,0,0,0,436,2932                           
2026-10-06T20:27:34.284	TEL,1179,S2,553056725,0,0,0,433,2928                           
2026-10-06T20:27:34.306	TEL,1180,S2,553076725,0,0,0,436,2928                           
2026-10-06T20:27:34.323	TEL,1181,S2,553096725,0,0,0,442,2933                           
2026-10-06T20:27:34.341	TEL,1182,S2,553116725,0,0,0,436,2933                           
2026-10-06T20:27:34.362	TEL,1183,S2,553136725,0,0,0,436,2932                           
2026-10-06T20:27:34.382	TEL,1184,S2,553156725,0,0,0,436,2932                           
2026-10-06T20:27:34.402	TEL,1185,S2,553176725,0,0,0,433,2930                           
2026-10-06T20:27:34.427	TEL,1186,S2,553196725,0,0,0,433,2930                           
2026-10-06T20:27:34.444	TEL,1187,S2,553216725,0,0,0,436,2932                           
2026-10-06T20:27:34.467	TEL,1188,S2,553236725,0,0,0,436,2932                           
2026-10-06T20:27:34.502	TEL,1189,S2,553256725,0,0,0,433,2928                           
2026-10-06T20:27:34.502	BTN,28,S2,PRESSED,553262037,553262044                          
2026-10-06T20:27:34.502	TEL,1190,S2,553276725,0,0,0,433,2928                           
2026-10-06T20:27:34.528	TEL,1191,S2,553296725,0,0,0,436,2932                           
2026-10-06T20:27:34.544	TEL,1192,S2,553316725,0,0,0,436,2932                           
2026-10-06T20:27:34.567	TEL,1193,S2,553336725,0,0,0,433,2928                           
2026-10-06T20:27:34.584	TEL,1194,S2,553356725,0,0,0,433,2928                           
2026-10-06T20:27:34.605	TEL,1195,S2,553376725,0,0,0,436,2932                           
2026-10-06T20:27:34.624	TEL,1196,S2,553396725,0,0,0,436,2932                           
2026-10-06T20:27:34.647	TEL,1197,S2,553416725,0,0,0,436,2933                           
2026-10-06T20:27:34.664	TEL,1198,S2,553436725,0,0,0,436,2933                           
2026-10-06T20:27:34.685	TEL,1199,S2,553456725,0,0,0,436,2932                           
2026-10-06T20:27:34.703	TEL,1200,S2,553476725,0,0,0,436,2932                           
2026-10-06T20:27:34.728	TEL,1201,S2,553496725,0,0,0,436,2932                           
2026-10-06T20:27:34.744	TEL,1202,S2,553516725,0,0,0,436,2932                           
2026-10-06T20:27:34.768	TEL,1203,S2,553536725,0,0,0,436,2932                           
2026-10-06T20:27:34.783	TEL,1204,S2,553556725,0,0,0,436,2932                           
2026-10-06T20:27:34.808	TEL,1205,S2,553576725,0,0,0,436,2932                           
2026-10-06T20:27:34.824	TEL,1206,S2,553596725,0,0,0,433,2932                           
2026-10-06T20:27:34.848	TEL,1207,S2,553616725,0,0,0,433,2932                           
2026-10-06T20:27:34.861	TEL,1208,S2,553636725,0,0,0,436,2932                           
2026-10-06T20:27:34.882	TEL,1209,S2,553656725,0,0,0,436,2932                           
2026-10-06T20:27:34.903	TEL,1210,S2,553676725,0,0,0,430,2932                           
2026-10-06T20:27:34.925	TEL,1211,S2,553696725,0,0,0,428,2928                           
2026-10-06T20:27:34.944	TEL,1212,S2,553716725,0,0,0,436,2928                           
2026-10-06T20:27:34.967	TEL,1213,S2,553736725,0,0,0,439,2933                           
2026-10-06T20:27:34.982	TEL,1214,S2,553756725,0,0,0,436,2933                           
2026-10-06T20:27:35.008	TEL,1215,S2,553776725,0,0,0,436,2932                           
2026-10-06T20:27:35.023	TEL,1216,S2,553796725,0,0,0,436,2932                           
2026-10-06T20:27:35.048	TEL,1217,S2,553816725,0,0,0,436,2932                           
2026-10-06T20:27:35.062	TEL,1218,S2,553836725,0,0,0,439,2932                           
2026-10-06T20:27:35.088	TEL,1219,S2,553856725,0,0,0,439,2932                           
2026-10-06T20:27:35.103	TEL,1220,S2,553876725,0,0,0,442,2932                           
2026-10-06T20:27:35.125	BTN,29,S2,PRESSED,553893042,553893050                          
2026-10-06T20:27:35.125	TEL,1221,S2,553896725,0,0,0,436,2928                           
2026-10-06T20:27:35.146	TEL,1222,S2,553916725,0,0,0,433,2928                           
2026-10-06T20:27:35.163	TEL,1223,S2,553936725,0,0,0,439,2935                           
2026-10-06T20:27:35.188	TEL,1224,S2,553956725,0,0,0,439,2935                           
2026-10-06T20:27:35.203	TEL,1225,S2,553976725,0,0,0,436,2933                           
2026-10-06T20:27:35.225	TEL,1226,S2,553996725,0,0,0,439,2933                           
2026-10-06T20:27:35.244	TEL,1227,S2,554016725,0,0,0,436,2928                           
2026-10-06T20:27:35.267	TEL,1228,S2,554036725,0,0,0,433,2928                           
2026-10-06T20:27:35.282	TEL,1229,S2,554056725,0,0,0,436,2932                           
2026-10-06T20:27:35.307	TEL,1230,S2,554076725,0,0,0,436,2932                           
2026-10-06T20:27:35.322	TEL,1231,S2,554096725,0,0,0,436,2933                           
2026-10-06T20:27:35.342	TEL,1232,S2,554116725,0,0,0,436,2933                           
2026-10-06T20:27:35.364	TEL,1233,S2,554136725,0,0,0,436,2932                           
2026-10-06T20:27:35.382	TEL,1234,S2,554156725,0,0,0,433,2932                           
2026-10-06T20:27:35.403	TEL,1235,S2,554176725,0,0,0,433,2932                           
2026-10-06T20:27:35.426	TEL,1236,S2,554196725,0,0,0,436,2932                           
2026-10-06T20:27:35.442	TEL,1237,S2,554216725,0,0,0,436,2932                           
2026-10-06T20:27:35.466	TEL,1238,S2,554236725,0,0,0,436,2932                           
2026-10-06T20:27:35.484	TEL,1239,S2,554256725,0,0,0,436,2932                           
2026-10-06T20:27:35.507	TEL,1240,S2,554276725,0,0,0,436,2932                           
2026-10-06T20:27:35.521	TEL,1241,S2,554296725,0,0,0,436,2932                           
2026-10-06T20:27:35.548	TEL,1242,S2,554316725,0,0,0,433,2932                           
2026-10-06T20:27:35.562	TEL,1243,S2,554336725,0,0,0,433,2932                           
2026-10-06T20:27:35.587	TEL,1244,S2,554356725,0,0,0,436,2932                           
2026-10-06T20:27:35.601	TEL,1245,S2,554376725,0,0,0,433,2928                           
2026-10-06T20:27:35.627	TEL,1246,S2,554396725,0,0,0,433,2928                           
2026-10-06T20:27:35.644	TEL,1247,S2,554416725,0,0,0,436,2932                           
2026-10-06T20:27:35.668	TEL,1248,S2,554436725,0,0,0,436,2932                           
2026-10-06T20:27:35.702	TEL,1249,S2,554456725,0,0,0,436,2932                           
2026-10-06T20:27:35.702	BTN,30,S2,PRESSED,554469048,554469055                          
2026-10-06T20:27:35.702	TEL,1250,S2,554476725,0,0,0,439,2932                           
2026-10-06T20:27:35.723	TEL,1251,S2,554496725,0,0,0,439,2932                           
2026-10-06T20:27:35.743	TEL,1252,S2,554516725,0,0,0,436,2932                           
2026-10-06T20:27:35.768	TEL,1253,S2,554536725,0,0,0,436,2933                           
2026-10-06T20:27:35.784	TEL,1254,S2,554556725,0,0,0,436,2933                           
2026-10-06T20:27:35.806	TEL,1255,S2,554576725,0,0,0,436,2932                           
2026-10-06T20:27:35.823	TEL,1256,S2,554596725,0,0,0,436,2932                           
2026-10-06T20:27:35.844	TEL,1257,S2,554616725,0,0,0,436,2932                           
2026-10-06T20:27:35.864	TEL,1258,S2,554636725,0,0,0,436,2932                           
2026-10-06T20:27:35.883	TEL,1259,S2,554656725,0,0,0,433,2930                           
2026-10-06T20:27:35.903	TEL,1260,S2,554676725,0,0,0,428,2930                           
2026-10-06T20:27:35.927	TEL,1261,S2,554696725,0,0,0,430,2932                           
2026-10-06T20:27:35.944	TEL,1262,S2,554716725,0,0,0,430,2932                           
2026-10-06T20:27:35.967	TEL,1263,S2,554736725,0,0,0,430,2932                           
2026-10-06T20:27:35.981	TEL,1264,S2,554756725,0,0,0,436,2932                           
2026-10-06T20:27:36.007	TEL,1265,S2,554776725,0,0,0,436,2932                           
2026-10-06T20:27:36.024	TEL,1266,S2,554796725,0,0,0,436,2932                           
2026-10-06T20:27:36.048	TEL,1267,S2,554816725,0,0,0,436,2932                           
2026-10-06T20:27:36.063	TEL,1268,S2,554836725,0,0,0,436,2932                           
2026-10-06T20:27:36.088	TEL,1269,S2,554856725,0,0,0,436,2933                           
2026-10-06T20:27:36.104	TEL,1270,S2,554876725,0,0,0,436,2933                           
2026-10-06T20:27:36.127	TEL,1271,S2,554896725,0,0,0,436,2932                           
2026-10-06T20:27:36.143	TEL,1272,S2,554916725,0,0,0,436,2932                           
2026-10-06T20:27:36.168	TEL,1273,S2,554936725,0,0,0,436,2932                           
2026-10-06T20:27:36.183	TEL,1274,S2,554956725,0,0,0,436,2932                           
2026-10-06T20:27:36.207	TEL,1275,S2,554976725,0,0,0,436,2932                           
2026-10-06T20:27:36.248	TEL,1276,S2,554996725,0,0,0,439,2932                           
2026-10-06T20:27:36.248	BTN,31,S2,PRESSED,555002053,555002061                          
2026-10-06T20:27:36.248	TEL,1277,S2,555016725,0,0,0,439,2932                           
2026-10-06T20:27:36.261	TEL,1278,S2,555036725,0,0,0,436,2932                           
2026-10-06T20:27:36.287	TEL,1279,S2,555056725,0,0,0,433,2930                           
2026-10-06T20:27:36.304	TEL,1280,S2,555076725,0,0,0,433,2930                           
2026-10-06T20:27:36.321	TEL,1281,S2,555096725,0,0,0,436,2932                           
2026-10-06T20:27:36.341	TEL,1282,S2,555116725,0,0,0,439,2932                           
2026-10-06T20:27:36.367	TEL,1283,S2,555136725,0,0,0,439,2932                           
2026-10-06T20:27:36.383	TEL,1284,S2,555156725,0,0,0,442,2932                           
2026-10-06T20:27:36.404	TEL,1285,S2,555176725,0,0,0,442,2932                           
2026-10-06T20:27:36.424	TEL,1286,S2,555196725,0,0,0,436,2932                           
2026-10-06T20:27:36.441	TEL,1287,S2,555216725,0,0,0,436,2932                           
2026-10-06T20:27:36.463	TEL,1288,S2,555236725,0,0,0,436,2932                           
2026-10-06T20:27:36.487	TEL,1289,S2,555256725,0,0,0,436,2932                           
2026-10-06T20:27:36.503	TEL,1290,S2,555276725,0,0,0,436,2932                           
2026-10-06T20:27:36.524	TEL,1291,S2,555296725,0,0,0,436,2932                           
2026-10-06T20:27:36.544	TEL,1292,S2,555316725,0,0,0,436,2932                           
2026-10-06T20:27:36.564	TEL,1293,S2,555336725,0,0,0,436,2932                           
2026-10-06T20:27:36.584	TEL,1294,S2,555356725,0,0,0,436,2932                           
2026-10-06T20:27:36.605	TEL,1295,S2,555376725,0,0,0,436,2933                           
2026-10-06T20:27:36.624	TEL,1296,S2,555396725,0,0,0,436,2933                           
2026-10-06T20:27:36.647	TEL,1297,S2,555416725,0,0,0,436,2932                           
2026-10-06T20:27:36.663	TEL,1298,S2,555436725,0,0,0,436,2932                           
2026-10-06T20:27:36.686	TEL,1299,S2,555456725,0,0,0,436,2932                           
2026-10-06T20:27:36.703	TEL,1300,S2,555476725,0,0,0,433,2932                           
2026-10-06T20:27:36.727	TEL,1301,S2,555496725,0,0,0,433,2932                           
2026-10-06T20:27:36.743	TEL,1302,S2,555516725,0,0,0,436,2932                           
2026-10-06T20:27:36.761	TEL,1303,S2,555536725,0,0,0,436,2932                           
2026-10-06T20:27:36.781	TEL,1304,S2,555556725,0,0,0,436,2932                           
2026-10-06T20:27:36.827	TEL,1305,S2,555576725,0,0,0,436,2932                           
2026-10-06T20:27:36.827	BTN,32,S2,PRESSED,555586059,555586066                          
2026-10-06T20:27:36.827	TEL,1306,S2,555596725,0,0,0,436,2932                           
2026-10-06T20:27:36.843	TEL,1307,S2,555616725,0,0,0,436,2932                           
2026-10-06T20:27:36.863	TEL,1308,S2,555636725,0,0,0,436,2932                           
2026-10-06T20:27:36.886	TEL,1309,S2,555656725,0,0,0,436,2932                           
2026-10-06T20:27:36.904	TEL,1310,S2,555676725,0,0,0,436,2932                           
2026-10-06T20:27:36.927	TEL,1311,S2,555696725,0,0,0,436,2932                           
2026-10-06T20:27:36.942	TEL,1312,S2,555716725,0,0,0,430,2932                           
2026-10-06T20:27:36.968	TEL,1313,S2,555736725,0,0,0,428,2930                           
2026-10-06T20:27:36.983	TEL,1314,S2,555756725,0,0,0,433,2930                           
2026-10-06T20:27:37.007	TEL,1315,S2,555776725,0,0,0,433,2928                           
2026-10-06T20:27:37.023	TEL,1316,S2,555796725,0,0,0,433,2928                           
2026-10-06T20:27:37.047	TEL,1317,S2,555816725,0,0,0,436,2932                           
2026-10-06T20:27:37.062	TEL,1318,S2,555836725,0,0,0,433,2932                           
2026-10-06T20:27:37.087	TEL,1319,S2,555856725,0,0,0,433,2933                           
2026-10-06T20:27:37.102	TEL,1320,S2,555876725,0,0,0,439,2933                           
2026-10-06T20:27:37.127	TEL,1321,S2,555896725,0,0,0,436,2930                           
2026-10-06T20:27:37.142	TEL,1322,S2,555916725,0,0,0,436,2930                           
2026-10-06T20:27:37.167	TEL,1323,S2,555936725,0,0,0,439,2933                           
2026-10-06T20:27:37.181	TEL,1324,S2,555956725,0,0,0,433,2933                           
2026-10-06T20:27:37.208	TEL,1325,S2,555976725,0,0,0,433,2933                           
2026-10-06T20:27:37.223	TEL,1326,S2,555996725,0,0,0,439,2933                           
2026-10-06T20:27:37.247	TEL,1327,S2,556016725,0,0,0,439,2933                           
2026-10-06T20:27:37.261	TEL,1328,S2,556036725,0,0,0,436,2933                           
2026-10-06T20:27:37.287	TEL,1329,S2,556056725,0,0,0,436,2932                           
2026-10-06T20:27:37.303	TEL,1330,S2,556076725,0,0,0,436,2932                           
2026-10-06T20:27:37.341	TEL,1331,S2,556096725,0,0,0,433,2928                           
2026-10-06T20:27:37.341	BTN,33,S2,PRESSED,556105064,556105072                          
2026-10-06T20:27:37.341	TEL,1332,S2,556116725,0,0,0,436,2928                           
2026-10-06T20:27:37.365	TEL,1333,S2,556136725,0,0,0,439,2932                           
2026-10-06T20:27:37.384	TEL,1334,S2,556156725,0,0,0,436,2932                           
2026-10-06T20:27:37.407	TEL,1335,S2,556176725,0,0,0,433,2928                           
2026-10-06T20:27:37.424	TEL,1336,S2,556196725,0,0,0,433,2928                           
2026-10-06T20:27:37.447	TEL,1337,S2,556216725,0,0,0,436,2932                           
2026-10-06T20:27:37.463	TEL,1338,S2,556236725,0,0,0,436,2932                           
2026-10-06T20:27:37.484	TEL,1339,S2,556256725,0,0,0,436,2932                           
2026-10-06T20:27:37.504	TEL,1340,S2,556276725,0,0,0,436,2932                           
2026-10-06T20:27:37.528	TEL,1341,S2,556296725,0,0,0,436,2932                           
2026-10-06T20:27:37.544	TEL,1342,S2,556316725,0,0,0,436,2932                           
2026-10-06T20:27:37.564	TEL,1343,S2,556336725,0,0,0,433,2930                           
2026-10-06T20:27:37.584	TEL,1344,S2,556356725,0,0,0,428,2930                           
2026-10-06T20:27:37.608	TEL,1345,S2,556376725,0,0,0,430,2932                           
2026-10-06T20:27:37.624	TEL,1346,S2,556396725,0,0,0,433,2932                           
2026-10-06T20:27:37.646	TEL,1347,S2,556416725,0,0,0,433,2932                           
2026-10-06T20:27:37.662	TEL,1348,S2,556436725,0,0,0,439,2932                           
2026-10-06T20:27:37.684	TEL,1349,S2,556456725,0,0,0,439,2932                           
2026-10-06T20:27:37.703	TEL,1350,S2,556476725,0,0,0,436,2932                           
2026-10-06T20:27:37.727	TEL,1351,S2,556496725,0,0,0,436,2932                           
2026-10-06T20:27:37.744	TEL,1352,S2,556516725,0,0,0,436,2932                           
2026-10-06T20:27:37.768	TEL,1353,S2,556536725,0,0,0,436,2932                           
2026-10-06T20:27:37.782	TEL,1354,S2,556556725,0,0,0,436,2932                           
2026-10-06T20:27:37.808	TEL,1355,S2,556576725,0,0,0,436,2932                           
2026-10-06T20:27:37.823	TEL,1356,S2,556596725,0,0,0,436,2932                           
2026-10-06T20:27:37.844	TEL,1357,S2,556616725,0,0,0,436,2932                           
2026-10-06T20:27:37.864	TEL,1358,S2,556636725,0,0,0,436,2932                           
2026-10-06T20:27:37.884	TEL,1359,S2,556656725,0,0,0,436,2932                           
2026-10-06T20:27:37.903	TEL,1360,S2,556676725,0,0,0,433,2932                           
2026-10-06T20:27:37.926	TEL,1361,S2,556696725,0,0,0,433,2932                           
2026-10-06T20:27:37.941	TEL,1362,S2,556716725,0,0,0,436,2932                           
2026-10-06T20:27:37.967	TEL,1363,S2,556736725,0,0,0,436,2933                           
2026-10-06T20:27:37.983	TEL,1364,S2,556756725,0,0,0,442,2933                           
2026-10-06T20:27:38.007	TEL,1365,S2,556776725,0,0,0,442,2932                           
2026-10-06T20:27:38.023	TEL,1366,S2,556796725,0,0,0,436,2932                           
2026-10-06T20:27:38.048	TEL,1367,S2,556816725,0,0,0,436,2932                           
2026-10-06T20:27:38.064	TEL,1368,S2,556836725,0,0,0,439,2932                           
2026-10-06T20:27:38.088	TEL,1369,S2,556856725,0,0,0,439,2932                           
2026-10-06T20:27:38.102	TEL,1370,S2,556876725,0,0,0,436,2932                           
2026-10-06T20:27:38.127	TEL,1371,S2,556896725,0,0,0,436,2932                           
2026-10-06T20:27:38.141	TEL,1372,S2,556916725,0,0,0,433,2932                           
2026-10-06T20:27:38.186	TEL,1373,S2,556936725,0,0,0,430,2930                           
2026-10-06T20:27:38.186	BTN,34,S2,PRESSED,556950070,556950077                          
2026-10-06T20:27:38.188	TEL,1374,S2,556956725,0,0,0,428,2930                           
2026-10-06T20:27:38.202	TEL,1375,S2,556976725,0,0,0,428,2930                           
2026-10-06T20:27:38.227	TEL,1376,S2,556996725,0,0,0,430,2930                           
2026-10-06T20:27:38.243	TEL,1377,S2,557016725,0,0,0,430,2928                           
2026-10-06T20:27:38.267	TEL,1378,S2,557036725,0,0,0,433,2928                           
2026-10-06T20:27:38.281	TEL,1379,S2,557056725,0,0,0,436,2932                           
2026-10-06T20:27:38.302	TEL,1380,S2,557076725,0,0,0,430,2932                           
2026-10-06T20:27:38.324	TEL,1381,S2,557096725,0,0,0,430,2932                           
2026-10-06T20:27:38.342	TEL,1382,S2,557116725,0,0,0,436,2932                           
2026-10-06T20:27:38.361	TEL,1383,S2,557136725,0,0,0,436,2932                           
2026-10-06T20:27:38.383	TEL,1384,S2,557156725,0,0,0,442,2932                           
2026-10-06T20:27:38.403	TEL,1385,S2,557176725,0,0,0,442,2932                           
2026-10-06T20:27:38.424	TEL,1386,S2,557196725,0,0,0,433,2932                           
2026-10-06T20:27:38.441	TEL,1387,S2,557216725,0,0,0,430,2930                           
2026-10-06T20:27:38.467	TEL,1388,S2,557236725,0,0,0,433,2930                           
2026-10-06T20:27:38.483	TEL,1389,S2,557256725,0,0,0,436,2932                           
2026-10-06T20:27:38.507	TEL,1390,S2,557276725,0,0,0,439,2932                           
2026-10-06T20:27:38.523	TEL,1391,S2,557296725,0,0,0,439,2933                           
2026-10-06T20:27:38.548	TEL,1392,S2,557316725,0,0,0,436,2933                           
2026-10-06T20:27:38.564	TEL,1393,S2,557336725,0,0,0,433,2930                           
2026-10-06T20:27:38.587	TEL,1394,S2,557356725,0,0,0,436,2930                           
2026-10-06T20:27:38.602	TEL,1395,S2,557376725,0,0,0,439,2932                           
2026-10-06T20:27:38.627	TEL,1396,S2,557396725,0,0,0,439,2932                           
2026-10-06T20:27:38.641	TEL,1397,S2,557416725,0,0,0,439,2933                           
2026-10-06T20:27:38.667	TEL,1398,S2,557436725,0,0,0,436,2933                           
2026-10-06T20:27:38.681	TEL,1399,S2,557456725,0,0,0,436,2932                           
2026-10-06T20:27:38.707	TEL,1400,S2,557476725,0,0,0,436,2932                           
2026-10-06T20:27:38.723	TEL,1401,S2,557496725,0,0,0,436,2932                           
2026-10-06T20:27:38.765	TEL,1402,S2,557516725,0,0,0,436,2932                           
2026-10-06T20:27:38.765	BTN,35,S2,PRESSED,557520075,557520083                          
2026-10-06T20:27:38.765	TEL,1403,S2,557536725,0,0,0,433,2930                           
2026-10-06T20:27:38.782	TEL,1404,S2,557556725,0,0,0,433,2930                           
2026-10-06T20:27:38.807	TEL,1405,S2,557576725,0,0,0,436,2932                           
2026-10-06T20:27:38.824	TEL,1406,S2,557596725,0,0,0,430,2932                           
2026-10-06T20:27:38.844	TEL,1407,S2,557616725,0,0,0,428,2928                           
2026-10-06T20:27:38.864	TEL,1408,S2,557636725,0,0,0,433,2928                           
2026-10-06T20:27:38.886	TEL,1409,S2,557656725,0,0,0,436,2933                           
2026-10-06T20:27:38.903	TEL,1410,S2,557676725,0,0,0,436,2933                           
2026-10-06T20:27:38.927	TEL,1411,S2,557696725,0,0,0,433,2928                           
2026-10-06T20:27:38.942	TEL,1412,S2,557716725,0,0,0,436,2928                           
2026-10-06T20:27:38.967	TEL,1413,S2,557736725,0,0,0,445,2935                           
2026-10-06T20:27:38.983	TEL,1414,S2,557756725,0,0,0,439,2935                           
2026-10-06T20:27:39.007	TEL,1415,S2,557776725,0,0,0,433,2930                           
2026-10-06T20:27:39.022	TEL,1416,S2,557796725,0,0,0,433,2930                           
2026-10-06T20:27:39.048	TEL,1417,S2,557816725,0,0,0,436,2932                           
2026-10-06T20:27:39.063	TEL,1418,S2,557836725,0,0,0,436,2932                           
2026-10-06T20:27:39.087	TEL,1419,S2,557856725,0,0,0,433,2928                           
2026-10-06T20:27:39.101	TEL,1420,S2,557876725,0,0,0,436,2928                           
2026-10-06T20:27:39.127	TEL,1421,S2,557896725,0,0,0,436,2930                           
2026-10-06T20:27:39.143	TEL,1422,S2,557916725,0,0,0,439,2930                           
2026-10-06T20:27:39.167	TEL,1423,S2,557936725,0,0,0,442,2932                           
2026-10-06T20:27:39.182	TEL,1424,S2,557956725,0,0,0,436,2932                           
2026-10-06T20:27:39.207	TEL,1425,S2,557976725,0,0,0,433,2928                           
2026-10-06T20:27:39.221	TEL,1426,S2,557996725,0,0,0,433,2928                           
2026-10-06T20:27:39.247	TEL,1427,S2,558016725,0,0,0,436,2932                           
2026-10-06T20:27:39.261	TEL,1428,S2,558036725,0,0,0,436,2932                           
2026-10-06T20:27:39.286	TEL,1429,S2,558056725,0,0,0,436,2932                           
2026-10-06T20:27:39.302	TEL,1430,S2,558076725,0,0,0,436,2932                           
2026-10-06T20:27:39.327	TEL,1431,S2,558096725,0,0,0,436,2932                           
2026-10-06T20:27:39.341	TEL,1432,S2,558116725,0,0,0,442,2932                           
2026-10-06T20:27:39.365	TEL,1433,S2,558136725,0,0,0,442,2932                           
2026-10-06T20:27:39.382	TEL,1434,S2,558156725,0,0,0,436,2932                           
2026-10-06T20:27:39.403	TEL,1435,S2,558176725,0,0,0,436,2932                           
2026-10-06T20:27:39.424	TEL,1436,S2,558196725,0,0,0,436,2932                           
2026-10-06T20:27:39.452	BTN,36,S2,PRESSED,558215081,558215088                          
2026-10-06T20:27:39.452	TEL,1437,S2,558216725,0,0,0,436,2932                           
2026-10-06T20:27:39.467	TEL,1438,S2,558236725,0,0,0,425,2932                           
2026-10-06T20:27:39.483	TEL,1439,S2,558256725,0,0,0,428,2933                           
2026-10-06T20:27:39.507	TEL,1440,S2,558276725,0,0,0,436,2933                           
2026-10-06T20:27:39.523	TEL,1441,S2,558296725,0,0,0,436,2932                           
2026-10-06T20:27:39.548	TEL,1442,S2,558316725,0,0,0,436,2932                           
2026-10-06T20:27:39.564	TEL,1443,S2,558336725,0,0,0,433,2928                           
2026-10-06T20:27:39.588	TEL,1444,S2,558356725,0,0,0,433,2928                           
2026-10-06T20:27:39.601	TEL,1445,S2,558376725,0,0,0,433,2930                           
2026-10-06T20:27:39.627	TEL,1446,S2,558396725,0,0,0,433,2930                           
2026-10-06T20:27:39.641	TEL,1447,S2,558416725,0,0,0,436,2932                           
2026-10-06T20:27:39.668	TEL,1448,S2,558436725,0,0,0,436,2932                           
2026-10-06T20:27:39.681	TEL,1449,S2,558456725,0,0,0,436,2932                           
2026-10-06T20:27:39.708	TEL,1450,S2,558476725,0,0,0,436,2932                           
2026-10-06T20:27:39.721	TEL,1451,S2,558496725,0,0,0,433,2928                           
2026-10-06T20:27:39.747	TEL,1452,S2,558516725,0,0,0,436,2928                           
2026-10-06T20:27:39.761	TEL,1453,S2,558536725,0,0,0,442,2932                           
2026-10-06T20:27:39.787	TEL,1454,S2,558556725,0,0,0,436,2932                           
2026-10-06T20:27:39.801	TEL,1455,S2,558576725,0,0,0,436,2932                           
2026-10-06T20:27:39.827	TEL,1456,S2,558596725,0,0,0,433,2932                           
2026-10-06T20:27:39.842	TEL,1457,S2,558616725,0,0,0,433,2933                           
2026-10-06T20:27:39.867	TEL,1458,S2,558636725,0,0,0,436,2933                           
2026-10-06T20:27:39.883	TEL,1459,S2,558656725,0,0,0,436,2932                           
2026-10-06T20:27:39.907	TEL,1460,S2,558676725,0,0,0,436,2932                           
2026-10-06T20:27:39.923	TEL,1461,S2,558696725,0,0,0,436,2932                           
2026-10-06T20:27:39.943	TEL,1462,S2,558716725,0,0,0,433,2932                           
2026-10-06T20:27:39.963	TEL,1463,S2,558736725,0,0,0,433,2932                           
2026-10-06T20:27:39.987	TEL,1464,S2,558756725,0,0,0,436,2932                           
2026-10-06T20:27:40.002	TEL,1465,S2,558776725,0,0,0,436,2932                           
2026-10-06T20:27:40.027	TEL,1466,S2,558796725,0,0,0,436,2932                           
2026-10-06T20:27:40.042	TEL,1467,S2,558816725,0,0,0,436,2932                           
2026-10-06T20:27:40.064	TEL,1468,S2,558836725,0,0,0,439,2932                           
2026-10-06T20:27:40.082	TEL,1469,S2,558856725,0,0,0,442,2935                           
2026-10-06T20:27:40.107	TEL,1470,S2,558876725,0,0,0,439,2935                           
2026-10-06T20:27:40.124	TEL,1471,S2,558896725,0,0,0,433,2930                           
2026-10-06T20:27:40.147	TEL,1472,S2,558916725,0,0,0,433,2930                           
2026-10-06T20:27:40.163	TEL,1473,S2,558936725,0,0,0,436,2932                           
2026-10-06T20:27:40.207	BTN,37,S2,PRESSED,558956086,558956094                          
2026-10-06T20:27:40.207	TEL,1474,S2,558956725,0,0,0,436,2932                           
2026-10-06T20:27:40.207	TEL,1475,S2,558976725,0,0,0,445,2942                           
2026-10-06T20:27:40.221	TEL,1476,S2,558996725,0,0,0,445,2942                           
2026-10-06T20:27:40.247	TEL,1477,S2,559016725,0,0,0,436,2932                           
2026-10-06T20:27:40.261	TEL,1478,S2,559036725,0,0,0,436,2932                           
2026-10-06T20:27:40.286	TEL,1479,S2,559056725,0,0,0,436,2932                           
2026-10-06T20:27:40.302	TEL,1480,S2,559076725,0,0,0,439,2932                           
2026-10-06T20:27:40.328	TEL,1481,S2,559096725,0,0,0,439,2932                           
2026-10-06T20:27:40.341	TEL,1482,S2,559116725,0,0,0,436,2932                           
2026-10-06T20:27:40.365	TEL,1483,S2,559136725,0,0,0,436,2932                           
2026-10-06T20:27:40.383	TEL,1484,S2,559156725,0,0,0,442,2932                           
2026-10-06T20:27:40.405	TEL,1485,S2,559176725,0,0,0,442,2932                           
2026-10-06T20:27:40.423	TEL,1486,S2,559196725,0,0,0,436,2932                           
2026-10-06T20:27:40.445	TEL,1487,S2,559216725,0,0,0,436,2932                           
2026-10-06T20:27:40.463	TEL,1488,S2,559236725,0,0,0,439,2932                           
2026-10-06T20:27:40.486	TEL,1489,S2,559256725,0,0,0,439,2932                           
2026-10-06T20:27:40.503	TEL,1490,S2,559276725,0,0,0,436,2932                           
2026-10-06T20:27:40.521	TEL,1491,S2,559296725,0,0,0,436,2932                           
2026-10-06T20:27:40.543	TEL,1492,S2,559316725,0,0,0,439,2932                           
2026-10-06T20:27:40.562	TEL,1493,S2,559336725,0,0,0,439,2932                           
2026-10-06T20:27:40.583	TEL,1494,S2,559356725,0,0,0,439,2932                           
2026-10-06T20:27:40.605	TEL,1495,S2,559376725,0,0,0,439,2932                           
2026-10-06T20:27:40.624	TEL,1496,S2,559396725,0,0,0,430,2932                           
2026-10-06T20:27:40.647	TEL,1497,S2,559416725,0,0,0,430,2932                           
2026-10-06T20:27:40.664	TEL,1498,S2,559436725,0,0,0,436,2932                           
2026-10-06T20:27:40.688	TEL,1499,S2,559456725,0,0,0,436,2932                           
2026-10-06T20:27:40.702	TEL,1500,S2,559476725,0,0,0,436,2932                           
2026-10-06T20:27:40.727	TEL,1501,S2,559496725,0,0,0,436,2933                           
2026-10-06T20:27:40.744	TEL,1502,S2,559516725,0,0,0,442,2933                           
2026-10-06T20:27:40.761	TEL,1503,S2,559536725,0,0,0,442,2932                           
2026-10-06T20:27:40.782	TEL,1504,S2,559556725,0,0,0,436,2932                           
2026-10-06T20:27:40.807	TEL,1505,S2,559576725,0,0,0,436,2932                           
2026-10-06T20:27:40.823	TEL,1506,S2,559596725,0,0,0,436,2932                           
2026-10-06T20:27:40.842	TEL,1507,S2,559616725,0,0,0,436,2932                           
2026-10-06T20:27:40.862	TEL,1508,S2,559636725,0,0,0,436,2932                           
2026-10-06T20:27:40.884	TEL,1509,S2,559656725,0,0,0,433,2928                           
2026-10-06T20:27:40.903	TEL,1510,S2,559676725,0,0,0,436,2928                           
2026-10-06T20:27:40.927	TEL,1511,S2,559696725,0,0,0,439,2930                           
2026-10-06T20:27:40.944	TEL,1512,S2,559716725,0,0,0,433,2930                           
2026-10-06T20:27:40.967	TEL,1513,S2,559736725,0,0,0,436,2933                           
2026-10-06T20:27:40.981	TEL,1514,S2,559756725,0,0,0,439,2933                           
2026-10-06T20:27:41.007	TEL,1515,S2,559776725,0,0,0,439,2932                           
2026-10-06T20:27:41.023	TEL,1516,S2,559796725,0,0,0,436,2932                           
2026-10-06T20:27:41.064	BTN,38,S2,PRESSED,559816092,559816099                          
2026-10-06T20:27:41.064	TEL,1517,S2,559816725,0,0,0,436,2932                           
2026-10-06T20:27:41.064	TEL,1518,S2,559836725,0,0,0,425,2932                           
2026-10-06T20:27:41.082	TEL,1519,S2,559856725,0,0,0,425,2932                           
2026-10-06T20:27:41.106	TEL,1520,S2,559876725,0,0,0,433,2932                           
2026-10-06T20:27:41.124	TEL,1521,S2,559896725,0,0,0,433,2932                           
2026-10-06T20:27:41.148	TEL,1522,S2,559916725,0,0,0,436,2932                           
2026-10-06T20:27:41.163	TEL,1523,S2,559936725,0,0,0,436,2933                           
2026-10-06T20:27:41.182	TEL,1524,S2,559956725,0,0,0,436,2933                           
2026-10-06T20:27:41.204	TEL,1525,S2,559976725,0,0,0,436,2933                           
2026-10-06T20:27:41.226	TEL,1526,S2,559996725,0,0,0,436,2933                           
2026-10-06T20:27:41.241	TEL,1527,S2,560016725,0,0,0,436,2932                           
2026-10-06T20:27:41.267	TEL,1528,S2,560036725,0,0,0,439,2932                           
2026-10-06T20:27:41.281	TEL,1529,S2,560056725,0,0,0,439,2932                           
2026-10-06T20:27:41.302	TEL,1530,S2,560076725,0,0,0,436,2932                           
2026-10-06T20:27:41.321	TEL,1531,S2,560096725,0,0,0,433,2928                           
2026-10-06T20:27:41.342	TEL,1532,S2,560116725,0,0,0,433,2928                           
2026-10-06T20:27:41.361	TEL,1533,S2,560136725,0,0,0,433,2930                           
2026-10-06T20:27:41.384	TEL,1534,S2,560156725,0,0,0,433,2930                           
2026-10-06T20:27:41.402	TEL,1535,S2,560176725,0,0,0,436,2932                           
2026-10-06T20:27:41.425	TEL,1536,S2,560196725,0,0,0,436,2932                           
2026-10-06T20:27:41.443	TEL,1537,S2,560216725,0,0,0,436,2932                           
2026-10-06T20:27:41.467	TEL,1538,S2,560236725,0,0,0,442,2932                           
2026-10-06T20:27:41.481	TEL,1539,S2,560256725,0,0,0,442,2933                           
2026-10-06T20:27:41.507	TEL,1540,S2,560276725,0,0,0,436,2933                           
2026-10-06T20:27:41.522	TEL,1541,S2,560296725,0,0,0,436,2932                           
2026-10-06T20:27:41.546	TEL,1542,S2,560316725,0,0,0,436,2932                           
2026-10-06T20:27:41.563	TEL,1543,S2,560336725,0,0,0,433,2928                           
2026-10-06T20:27:41.587	TEL,1544,S2,560356725,0,0,0,433,2928                           
2026-10-06T20:27:41.602	TEL,1545,S2,560376725,0,0,0,436,2932                           
2026-10-06T20:27:41.627	TEL,1546,S2,560396725,0,0,0,439,2932                           
2026-10-06T20:27:41.644	TEL,1547,S2,560416725,0,0,0,439,2932                           
2026-10-06T20:27:41.667	TEL,1548,S2,560436725,0,0,0,436,2932                           
2026-10-06T20:27:41.702	TEL,1549,S2,560456725,0,0,0,436,2932                           
2026-10-06T20:27:41.702	BTN,39,S2,PRESSED,560465097,560465105                          
2026-10-06T20:27:41.702	TEL,1550,S2,560476725,0,0,0,442,2932                           
2026-10-06T20:27:41.727	TEL,1551,S2,560496725,0,0,0,442,2933                           
2026-10-06T20:27:41.743	TEL,1552,S2,560516725,0,0,0,436,2933                           
2026-10-06T20:27:41.767	TEL,1553,S2,560536725,0,0,0,436,2933                           
2026-10-06T20:27:41.781	TEL,1554,S2,560556725,0,0,0,436,2933                           
2026-10-06T20:27:41.807	TEL,1555,S2,560576725,0,0,0,433,2930                           
2026-10-06T20:27:41.823	TEL,1556,S2,560596725,0,0,0,433,2930                           
2026-10-06T20:27:41.844	TEL,1557,S2,560616725,0,0,0,436,2932                           
2026-10-06T20:27:41.862	TEL,1558,S2,560636725,0,0,0,436,2932                           
2026-10-06T20:27:41.886	TEL,1559,S2,560656725,0,0,0,436,2932                           
2026-10-06T20:27:41.904	TEL,1560,S2,560676725,0,0,0,436,2932                           
2026-10-06T20:27:41.927	TEL,1561,S2,560696725,0,0,0,436,2932                           
2026-10-06T20:27:41.942	TEL,1562,S2,560716725,0,0,0,439,2932                           
2026-10-06T20:27:41.967	TEL,1563,S2,560736725,0,0,0,439,2932                           
2026-10-06T20:27:41.983	TEL,1564,S2,560756725,0,0,0,436,2932                           
2026-10-06T20:27:42.007	TEL,1565,S2,560776725,0,0,0,436,2932                           
2026-10-06T20:27:42.023	TEL,1566,S2,560796725,0,0,0,436,2932                           
2026-10-06T20:27:42.047	TEL,1567,S2,560816725,0,0,0,436,2933                           
2026-10-06T20:27:42.063	TEL,1568,S2,560836725,0,0,0,436,2933                           
2026-10-06T20:27:42.086	TEL,1569,S2,560856725,0,0,0,436,2933                           
2026-10-06T20:27:42.101	TEL,1570,S2,560876725,0,0,0,439,2933                           
2026-10-06T20:27:42.127	TEL,1571,S2,560896725,0,0,0,439,2932                           
2026-10-06T20:27:42.142	TEL,1572,S2,560916725,0,0,0,436,2932                           
2026-10-06T20:27:42.168	TEL,1573,S2,560936725,0,0,0,436,2933                           
2026-10-06T20:27:42.183	TEL,1574,S2,560956725,0,0,0,436,2933                           
2026-10-06T20:27:42.207	TEL,1575,S2,560976725,0,0,0,436,2932                           
2026-10-06T20:27:42.242	TEL,1576,S2,560996725,0,0,0,430,2932                           
2026-10-06T20:27:42.242	BTN,40,S2,PRESSED,561011103,561011110                          
2026-10-06T20:27:42.242	TEL,1577,S2,561016725,0,0,0,430,2932                           
2026-10-06T20:27:42.266	TEL,1578,S2,561036725,0,0,0,442,2932                           
2026-10-06T20:27:42.281	TEL,1579,S2,561056725,0,0,0,442,2932                           
2026-10-06T20:27:42.302	TEL,1580,S2,561076725,0,0,0,439,2932                           
2026-10-06T20:27:42.323	TEL,1581,S2,561096725,0,0,0,439,2933                           
2026-10-06T20:27:42.341	TEL,1582,S2,561116725,0,0,0,436,2933                           
2026-10-06T20:27:42.361	TEL,1583,S2,561136725,0,0,0,436,2932                           
2026-10-06T20:27:42.382	TEL,1584,S2,561156725,0,0,0,419,2932                           
2026-10-06T20:27:42.401	TEL,1585,S2,561176725,0,0,0,419,2932                           
2026-10-06T20:27:42.425	TEL,1586,S2,561196725,0,0,0,436,2932                           
2026-10-06T20:27:42.441	TEL,1587,S2,561216725,0,0,0,436,2932                           
2026-10-06T20:27:42.467	TEL,1588,S2,561236725,0,0,0,436,2932                           
2026-10-06T20:27:42.481	TEL,1589,S2,561256725,0,0,0,436,2932                           
2026-10-06T20:27:42.507	TEL,1590,S2,561276725,0,0,0,436,2932                           
2026-10-06T20:27:42.521	TEL,1591,S2,561296725,0,0,0,436,2932                           
2026-10-06T20:27:42.547	TEL,1592,S2,561316725,0,0,0,436,2932                           
2026-10-06T20:27:42.561	TEL,1593,S2,561336725,0,0,0,436,2932                           
2026-10-06T20:27:42.587	TEL,1594,S2,561356725,0,0,0,430,2932                           
2026-10-06T20:27:42.601	TEL,1595,S2,561376725,0,0,0,428,2930                           
2026-10-06T20:27:42.627	TEL,1596,S2,561396725,0,0,0,433,2930                           
2026-10-06T20:27:42.643	TEL,1597,S2,561416725,0,0,0,436,2933                           
2026-10-06T20:27:42.668	TEL,1598,S2,561436725,0,0,0,439,2933                           
2026-10-06T20:27:42.681	TEL,1599,S2,561456725,0,0,0,442,2935                           
2026-10-06T20:27:42.708	TEL,1600,S2,561476725,0,0,0,439,2935                           
2026-10-06T20:27:42.721	TEL,1601,S2,561496725,0,0,0,436,2933                           
2026-10-06T20:27:42.748	TEL,1602,S2,561516725,0,0,0,436,2933                           
2026-10-06T20:27:42.761	TEL,1603,S2,561536725,0,0,0,436,2932                           
2026-10-06T20:27:42.786	TEL,1604,S2,561556725,0,0,0,433,2932                           
2026-10-06T20:27:42.803	TEL,1605,S2,561576725,0,0,0,433,2933                           
2026-10-06T20:27:42.844	TEL,1606,S2,561596725,0,0,0,436,2933                           
2026-10-06T20:27:42.844	BTN,41,S2,PRESSED,561597108,561597115                          
2026-10-06T20:27:42.844	TEL,1607,S2,561616725,0,0,0,436,2933                           
2026-10-06T20:27:42.862	TEL,1608,S2,561636725,0,0,0,436,2933                           
2026-10-06T20:27:42.886	TEL,1609,S2,561656725,0,0,0,436,2933                           
2026-10-06T20:27:42.904	TEL,1610,S2,561676725,0,0,0,436,2933                           
2026-10-06T20:27:42.927	TEL,1611,S2,561696725,0,0,0,433,2930                           
2026-10-06T20:27:42.941	TEL,1612,S2,561716725,0,0,0,428,2930                           
2026-10-06T20:27:42.967	TEL,1613,S2,561736725,0,0,0,430,2932                           
2026-10-06T20:27:42.983	TEL,1614,S2,561756725,0,0,0,439,2932                           
2026-10-06T20:27:43.007	TEL,1615,S2,561776725,0,0,0,439,2933                           
2026-10-06T20:27:43.023	TEL,1616,S2,561796725,0,0,0,436,2933                           
2026-10-06T20:27:43.046	TEL,1617,S2,561816725,0,0,0,433,2930                           
2026-10-06T20:27:43.062	TEL,1618,S2,561836725,0,0,0,433,2930                           
2026-10-06T20:27:43.087	TEL,1619,S2,561856725,0,0,0,436,2933                           
2026-10-06T20:27:43.103	TEL,1620,S2,561876725,0,0,0,436,2933                           
2026-10-06T20:27:43.128	TEL,1621,S2,561896725,0,0,0,436,2932                           
2026-10-06T20:27:43.143	TEL,1622,S2,561916725,0,0,0,442,2932                           
2026-10-06T20:27:43.168	TEL,1623,S2,561936725,0,0,0,442,2932                           
2026-10-06T20:27:43.182	TEL,1624,S2,561956725,0,0,0,436,2932                           
2026-10-06T20:27:43.208	TEL,1625,S2,561976725,0,0,0,433,2928                           
2026-10-06T20:27:43.221	TEL,1626,S2,561996725,0,0,0,433,2928                           
2026-10-06T20:27:43.247	TEL,1627,S2,562016725,0,0,0,436,2932                           
2026-10-06T20:27:43.261	TEL,1628,S2,562036725,0,0,0,436,2932                           
2026-10-06T20:27:43.286	TEL,1629,S2,562056725,0,0,0,436,2932                           
2026-10-06T20:27:43.301	TEL,1630,S2,562076725,0,0,0,439,2932                           
2026-10-06T20:27:43.327	TEL,1631,S2,562096725,0,0,0,439,2932                           
2026-10-06T20:27:43.342	TEL,1632,S2,562116725,0,0,0,436,2932                           
2026-10-06T20:27:43.365	TEL,1633,S2,562136725,0,0,0,436,2932                           
2026-10-06T20:27:43.383	TEL,1634,S2,562156725,0,0,0,436,2932                           
2026-10-06T20:27:43.402	TEL,1635,S2,562176725,0,0,0,436,2932                           
2026-10-06T20:27:43.424	TEL,1636,S2,562196725,0,0,0,436,2932                           
2026-10-06T20:27:43.442	TEL,1637,S2,562216725,0,0,0,436,2932                           
2026-10-06T20:27:43.463	TEL,1638,S2,562236725,0,0,0,430,2932                           
2026-10-06T20:27:43.483	TEL,1639,S2,562256725,0,0,0,433,2933                           
2026-10-06T20:27:43.503	TEL,1640,S2,562276725,0,0,0,436,2933                           
2026-10-06T20:27:43.527	TEL,1641,S2,562296725,0,0,0,436,2932                           
2026-10-06T20:27:43.542	TEL,1642,S2,562316725,0,0,0,436,2932                           
2026-10-06T20:27:43.563	TEL,1643,S2,562336725,0,0,0,436,2932                           
2026-10-06T20:27:43.608	TEL,1644,S2,562356725,0,0,0,442,2932                           
2026-10-06T20:27:43.608	BTN,42,S2,PRESSED,562364114,562364121                          
2026-10-06T20:27:43.608	TEL,1645,S2,562376725,0,0,0,442,2933                           
2026-10-06T20:27:43.624	TEL,1646,S2,562396725,0,0,0,436,2933                           
2026-10-06T20:27:43.646	TEL,1647,S2,562416725,0,0,0,433,2930                           
2026-10-06T20:27:43.664	TEL,1648,S2,562436725,0,0,0,433,2930                           
2026-10-06T20:27:43.687	TEL,1649,S2,562456725,0,0,0,439,2935                           
2026-10-06T20:27:43.703	TEL,1650,S2,562476725,0,0,0,439,2935                           
2026-10-06T20:27:43.727	TEL,1651,S2,562496725,0,0,0,436,2932                           
2026-10-06T20:27:43.744	TEL,1652,S2,562516725,0,0,0,436,2932                           
2026-10-06T20:27:43.764	TEL,1653,S2,562536725,0,0,0,436,2933                           
2026-10-06T20:27:43.781	TEL,1654,S2,562556725,0,0,0,442,2933                           
2026-10-06T20:27:43.807	TEL,1655,S2,562576725,0,0,0,442,2933                           
2026-10-06T20:27:43.823	TEL,1656,S2,562596725,0,0,0,436,2933                           
2026-10-06T20:27:43.843	TEL,1657,S2,562616725,0,0,0,433,2930                           
2026-10-06T20:27:43.861	TEL,1658,S2,562636725,0,0,0,433,2930                           
2026-10-06T20:27:43.884	TEL,1659,S2,562656725,0,0,0,433,2930                           
2026-10-06T20:27:43.904	TEL,1660,S2,562676725,0,0,0,433,2930                           
2026-10-06T20:27:43.926	TEL,1661,S2,562696725,0,0,0,436,2932                           
2026-10-06T20:27:43.941	TEL,1662,S2,562716725,0,0,0,436,2932                           
2026-10-06T20:27:43.967	TEL,1663,S2,562736725,0,0,0,433,2928                           
2026-10-06T20:27:43.981	TEL,1664,S2,562756725,0,0,0,433,2928                           
2026-10-06T20:27:44.007	TEL,1665,S2,562776725,0,0,0,436,2932                           
2026-10-06T20:27:44.023	TEL,1666,S2,562796725,0,0,0,436,2932                           
2026-10-06T20:27:44.047	TEL,1667,S2,562816725,0,0,0,433,2930                           
2026-10-06T20:27:44.062	TEL,1668,S2,562836725,0,0,0,436,2930                           
2026-10-06T20:27:44.086	TEL,1669,S2,562856725,0,0,0,439,2933                           
2026-10-06T20:27:44.102	TEL,1670,S2,562876725,0,0,0,436,2933                           
2026-10-06T20:27:44.126	TEL,1671,S2,562896725,0,0,0,436,2932                           
2026-10-06T20:27:44.142	TEL,1672,S2,562916725,0,0,0,430,2932                           
2026-10-06T20:27:44.167	TEL,1673,S2,562936725,0,0,0,430,2932                           
2026-10-06T20:27:44.184	TEL,1674,S2,562956725,0,0,0,430,2932                           
2026-10-06T20:27:44.207	TEL,1675,S2,562976725,0,0,0,430,2932                           
2026-10-06T20:27:44.223	TEL,1676,S2,562996725,0,0,0,436,2932                           
2026-10-06T20:27:44.246	TEL,1677,S2,563016725,0,0,0,436,2932                           
2026-10-06T20:27:44.261	TEL,1678,S2,563036725,0,0,0,436,2932                           
2026-10-06T20:27:44.287	TEL,1679,S2,563056725,0,0,0,436,2932                           
2026-10-06T20:27:44.301	TEL,1680,S2,563076725,0,0,0,436,2932                           
2026-10-06T20:27:44.345	TEL,1681,S2,563096725,0,0,0,436,2932                           
2026-10-06T20:27:44.345	BTN,43,S2,PRESSED,563106119,563106126                          
2026-10-06T20:27:44.345	TEL,1682,S2,563116725,0,0,0,436,2932                           
2026-10-06T20:27:44.362	TEL,1683,S2,563136725,0,0,0,436,2932                           
2026-10-06T20:27:44.382	TEL,1684,S2,563156725,0,0,0,436,2932                           
2026-10-06T20:27:44.401	TEL,1685,S2,563176725,0,0,0,436,2932                           
2026-10-06T20:27:44.428	TEL,1686,S2,563196725,0,0,0,436,2932                           
2026-10-06T20:27:44.441	TEL,1687,S2,563216725,0,0,0,433,2930                           
2026-10-06T20:27:44.466	TEL,1688,S2,563236725,0,0,0,433,2930                           
2026-10-06T20:27:44.483	TEL,1689,S2,563256725,0,0,0,433,2930                           
2026-10-06T20:27:44.507	TEL,1690,S2,563276725,0,0,0,433,2930                           
2026-10-06T20:27:44.521	TEL,1691,S2,563296725,0,0,0,436,2933                           
2026-10-06T20:27:44.547	TEL,1692,S2,563316725,0,0,0,433,2933                           
2026-10-06T20:27:44.562	TEL,1693,S2,563336725,0,0,0,430,2932                           
2026-10-06T20:27:44.586	TEL,1694,S2,563356725,0,0,0,436,2932                           
2026-10-06T20:27:44.603	TEL,1695,S2,563376725,0,0,0,436,2932                           
2026-10-06T20:27:44.626	TEL,1696,S2,563396725,0,0,0,436,2932                           
2026-10-06T20:27:44.642	TEL,1697,S2,563416725,0,0,0,436,2932                           
2026-10-06T20:27:44.668	TEL,1698,S2,563436725,0,0,0,442,2932                           
2026-10-06T20:27:44.681	TEL,1699,S2,563456725,0,0,0,439,2930                           
2026-10-06T20:27:44.707	TEL,1700,S2,563476725,0,0,0,433,2930                           
2026-10-06T20:27:44.722	TEL,1701,S2,563496725,0,0,0,436,2932                           
2026-10-06T20:27:44.747	TEL,1702,S2,563516725,0,0,0,436,2932                           
2026-10-06T20:27:44.763	TEL,1703,S2,563536725,0,0,0,436,2932                           
2026-10-06T20:27:44.787	TEL,1704,S2,563556725,0,0,0,436,2932                           
2026-10-06T20:27:44.802	TEL,1705,S2,563576725,0,0,0,433,2930                           
2026-10-06T20:27:44.825	TEL,1706,S2,563596725,0,0,0,433,2930                           
2026-10-06T20:27:44.842	TEL,1707,S2,563616725,0,0,0,436,2932                           
2026-10-06T20:27:44.865	TEL,1708,S2,563636725,0,0,0,436,2932                           
2026-10-06T20:27:44.882	TEL,1709,S2,563656725,0,0,0,436,2932                           
2026-10-06T20:27:44.907	TEL,1710,S2,563676725,0,0,0,436,2932                           
2026-10-06T20:27:44.941	TEL,1711,S2,563696725,0,0,0,436,2933                           
2026-10-06T20:27:44.941	BTN,44,S2,PRESSED,563707125,563707132                          
2026-10-06T20:27:44.941	TEL,1712,S2,563716725,0,0,0,436,2933                           
2026-10-06T20:27:44.967	TEL,1713,S2,563736725,0,0,0,436,2933                           
2026-10-06T20:27:44.983	TEL,1714,S2,563756725,0,0,0,436,2933                           
2026-10-06T20:27:45.007	TEL,1715,S2,563776725,0,0,0,436,2932                           
2026-10-06T20:27:45.023	TEL,1716,S2,563796725,0,0,0,436,2932                           
2026-10-06T20:27:45.047	TEL,1717,S2,563816725,0,0,0,436,2933                           
2026-10-06T20:27:45.061	TEL,1718,S2,563836725,0,0,0,436,2933                           
2026-10-06T20:27:45.086	TEL,1719,S2,563856725,0,0,0,436,2932                           
2026-10-06T20:27:45.101	TEL,1720,S2,563876725,0,0,0,436,2932                           
2026-10-06T20:27:45.126	TEL,1721,S2,563896725,0,0,0,436,2932                           
2026-10-06T20:27:45.142	TEL,1722,S2,563916725,0,0,0,436,2932                           
2026-10-06T20:27:45.168	TEL,1723,S2,563936725,0,0,0,433,2928                           
2026-10-06T20:27:45.183	TEL,1724,S2,563956725,0,0,0,433,2928                           
2026-10-06T20:27:45.207	TEL,1725,S2,563976725,0,0,0,436,2933                           
2026-10-06T20:27:45.222	TEL,1726,S2,563996725,0,0,0,436,2933                           
2026-10-06T20:27:45.247	TEL,1727,S2,564016725,0,0,0,436,2932                           
2026-10-06T20:27:45.262	TEL,1728,S2,564036725,0,0,0,439,2932                           
2026-10-06T20:27:45.286	TEL,1729,S2,564056725,0,0,0,439,2932                           
2026-10-06T20:27:45.301	TEL,1730,S2,564076725,0,0,0,436,2932                           
2026-10-06T20:27:45.327	TEL,1731,S2,564096725,0,0,0,433,2930                           
2026-10-06T20:27:45.341	TEL,1732,S2,564116725,0,0,0,433,2930                           
2026-10-06T20:27:45.362	TEL,1733,S2,564136725,0,0,0,436,2932                           
2026-10-06T20:27:45.382	TEL,1734,S2,564156725,0,0,0,442,2932                           
2026-10-06T20:27:45.407	TEL,1735,S2,564176725,0,0,0,442,2932                           
2026-10-06T20:27:45.424	TEL,1736,S2,564196725,0,0,0,436,2932                           
2026-10-06T20:27:45.445	TEL,1737,S2,564216725,0,0,0,436,2932                           
2026-10-06T20:27:45.462	TEL,1738,S2,564236725,0,0,0,436,2932                           
2026-10-06T20:27:45.487	TEL,1739,S2,564256725,0,0,0,436,2932                           
2026-10-06T20:27:45.503	TEL,1740,S2,564276725,0,0,0,436,2932                           
2026-10-06T20:27:45.527	TEL,1741,S2,564296725,0,0,0,436,2932                           
2026-10-06T20:27:45.543	TEL,1742,S2,564316725,0,0,0,436,2932                           
2026-10-06T20:27:45.563	TEL,1743,S2,564336725,0,0,0,433,2930                           
2026-10-06T20:27:45.583	TEL,1744,S2,564356725,0,0,0,433,2930                           
2026-10-06T20:27:45.626	TEL,1745,S2,564376725,0,0,0,436,2933                           
2026-10-06T20:27:45.626	BTN,45,S2,PRESSED,564386130,564386137                          
2026-10-06T20:27:45.626	TEL,1746,S2,564396725,0,0,0,436,2933                           
2026-10-06T20:27:45.642	TEL,1747,S2,564416725,0,0,0,436,2932                           
2026-10-06T20:27:45.672	TEL,1748,S2,564436725,0,0,0,436,2932                           
2026-10-06T20:27:45.683	TEL,1749,S2,564456725,0,0,0,436,2932                           
2026-10-06T20:27:45.710	TEL,1750,S2,564476725,0,0,0,436,2932                           
2026-10-06T20:27:45.725	TEL,1751,S2,564496725,0,0,0,436,2932                           
2026-10-06T20:27:45.757	TEL,1752,S2,564516725,0,0,0,436,2932                           
2026-10-06T20:27:45.763	TEL,1753,S2,564536725,0,0,0,433,2930                           
2026-10-06T20:27:45.787	TEL,1754,S2,564556725,0,0,0,433,2930                           
2026-10-06T20:27:45.814	TEL,1755,S2,564576725,0,0,0,433,2928                           
2026-10-06T20:27:45.829	TEL,1756,S2,564596725,0,0,0,433,2928                           
2026-10-06T20:27:45.844	TEL,1757,S2,564616725,0,0,0,436,2932                           
2026-10-06T20:27:45.864	TEL,1758,S2,564636725,0,0,0,436,2932                           
2026-10-06T20:27:45.882	TEL,1759,S2,564656725,0,0,0,436,2932                           
2026-10-06T20:27:45.906	TEL,1760,S2,564676725,0,0,0,436,2932                           
2026-10-06T20:27:45.922	TEL,1761,S2,564696725,0,0,0,433,2930                           
2026-10-06T20:27:45.945	TEL,1762,S2,564716725,0,0,0,433,2930                           
2026-10-06T20:27:45.963	TEL,1763,S2,564736725,0,0,0,436,2932                           
2026-10-06T20:27:45.981	TEL,1764,S2,564756725,0,0,0,439,2932                           
2026-10-06T20:27:46.003	TEL,1765,S2,564776725,0,0,0,439,2932                           
2026-10-06T20:27:46.027	TEL,1766,S2,564796725,0,0,0,439,2932                           
2026-10-06T20:27:46.042	TEL,1767,S2,564816725,0,0,0,439,2932                           
2026-10-06T20:27:46.067	TEL,1768,S2,564836725,0,0,0,436,2932                           
2026-10-06T20:27:46.082	TEL,1769,S2,564856725,0,0,0,436,2932                           
2026-10-06T20:27:46.103	TEL,1770,S2,564876725,0,0,0,436,2932                           
2026-10-06T20:27:46.122	TEL,1771,S2,564896725,0,0,0,436,2932                           
2026-10-06T20:27:46.144	TEL,1772,S2,564916725,0,0,0,442,2932                           
2026-10-06T20:27:46.161	TEL,1773,S2,564936725,0,0,0,439,2930                           
2026-10-06T20:27:46.184	TEL,1774,S2,564956725,0,0,0,428,2930                           
2026-10-06T20:27:46.203	TEL,1775,S2,564976725,0,0,0,433,2933                           
2026-10-06T20:27:46.222	TEL,1776,S2,564996725,0,0,0,436,2933                           
2026-10-06T20:27:46.244	TEL,1777,S2,565016725,0,0,0,433,2930                           
2026-10-06T20:27:46.287	TEL,1778,S2,565036725,0,0,0,433,2930                           
2026-10-06T20:27:46.287	BTN,46,S2,PRESSED,565038136,565038143                          
2026-10-06T20:27:46.287	TEL,1779,S2,565056725,0,0,0,436,2932                           
2026-10-06T20:27:46.302	TEL,1780,S2,565076725,0,0,0,436,2932                           
2026-10-06T20:27:46.327	TEL,1781,S2,565096725,0,0,0,436,2933                           
2026-10-06T20:27:46.343	TEL,1782,S2,565116725,0,0,0,436,2933                           
2026-10-06T20:27:46.363	TEL,1783,S2,565136725,0,0,0,436,2933                           
2026-10-06T20:27:46.382	TEL,1784,S2,565156725,0,0,0,436,2933                           
2026-10-06T20:27:46.401	TEL,1785,S2,565176725,0,0,0,428,2925                           
2026-10-06T20:27:46.423	TEL,1786,S2,565196725,0,0,0,428,2925                           
2026-10-06T20:27:46.447	TEL,1787,S2,565216725,0,0,0,433,2928                           
2026-10-06T20:27:46.463	TEL,1788,S2,565236725,0,0,0,436,2928                           
2026-10-06T20:27:46.481	TEL,1789,S2,565256725,0,0,0,439,2930                           
2026-10-06T20:27:46.503	TEL,1790,S2,565276725,0,0,0,428,2930                           
2026-10-06T20:27:46.522	TEL,1791,S2,565296725,0,0,0,430,2932                           
2026-10-06T20:27:46.542	TEL,1792,S2,565316725,0,0,0,436,2932                           
2026-10-06T20:27:46.566	TEL,1793,S2,565336725,0,0,0,436,2933                           
2026-10-06T20:27:46.582	TEL,1794,S2,565356725,0,0,0,436,2933                           
2026-10-06T20:27:46.601	TEL,1795,S2,565376725,0,0,0,433,2930                           
2026-10-06T20:27:46.622	TEL,1796,S2,565396725,0,0,0,433,2930                           
2026-10-06T20:27:46.647	TEL,1797,S2,565416725,0,0,0,436,2932                           
2026-10-06T20:27:46.663	TEL,1798,S2,565436725,0,0,0,436,2932                           
2026-10-06T20:27:46.681	TEL,1799,S2,565456725,0,0,0,436,2932                           
2026-10-06T20:27:46.703	TEL,1800,S2,565476725,0,0,0,439,2932                           
2026-10-06T20:27:46.727	TEL,1801,S2,565496725,0,0,0,439,2932                           
2026-10-06T20:27:46.743	TEL,1802,S2,565516725,0,0,0,430,2932                           
2026-10-06T20:27:46.764	TEL,1803,S2,565536725,0,0,0,433,2933                           
2026-10-06T20:27:46.781	TEL,1804,S2,565556725,0,0,0,436,2933                           
2026-10-06T20:27:46.806	TEL,1805,S2,565576725,0,0,0,433,2928                           
2026-10-06T20:27:46.822	TEL,1806,S2,565596725,0,0,0,433,2928                           
2026-10-06T20:27:46.847	TEL,1807,S2,565616725,0,0,0,436,2932                           
2026-10-06T20:27:46.863	TEL,1808,S2,565636725,0,0,0,436,2932                           
2026-10-06T20:27:46.906	TEL,1809,S2,565656725,0,0,0,436,2933                           
2026-10-06T20:27:46.906	BTN,47,S2,PRESSED,565661141,565661148                          
2026-10-06T20:27:46.906	TEL,1810,S2,565676725,0,0,0,436,2933                           
2026-10-06T20:27:46.921	TEL,1811,S2,565696725,0,0,0,433,2930                           
2026-10-06T20:27:46.947	TEL,1812,S2,565716725,0,0,0,433,2930                           
2026-10-06T20:27:46.963	TEL,1813,S2,565736725,0,0,0,433,2928                           
2026-10-06T20:27:46.988	TEL,1814,S2,565756725,0,0,0,433,2928                           
2026-10-06T20:27:47.002	TEL,1815,S2,565776725,0,0,0,436,2932                           
2026-10-06T20:27:47.024	TEL,1816,S2,565796725,0,0,0,442,2932                           
2026-10-06T20:27:47.042	TEL,1817,S2,565816725,0,0,0,442,2932                           
2026-10-06T20:27:47.065	TEL,1818,S2,565836725,0,0,0,436,2932                           
2026-10-06T20:27:47.083	TEL,1819,S2,565856725,0,0,0,436,2933                           
2026-10-06T20:27:47.106	TEL,1820,S2,565876725,0,0,0,436,2933                           
2026-10-06T20:27:47.122	TEL,1821,S2,565896725,0,0,0,433,2928                           
2026-10-06T20:27:47.145	TEL,1822,S2,565916725,0,0,0,436,2928                           
2026-10-06T20:27:47.162	TEL,1823,S2,565936725,0,0,0,439,2930                           
2026-10-06T20:27:47.183	TEL,1824,S2,565956725,0,0,0,436,2930                           
2026-10-06T20:27:47.203	TEL,1825,S2,565976725,0,0,0,439,2932                           
2026-10-06T20:27:47.221	TEL,1826,S2,565996725,0,0,0,436,2932                           
2026-10-06T20:27:47.244	TEL,1827,S2,566016725,0,0,0,436,2932                           
2026-10-06T20:27:47.265	TEL,1828,S2,566036725,0,0,0,436,2932                           
2026-10-06T20:27:47.281	TEL,1829,S2,566056725,0,0,0,433,2928                           
2026-10-06T20:27:47.306	TEL,1830,S2,566076725,0,0,0,428,2928                           
2026-10-06T20:27:47.322	TEL,1831,S2,566096725,0,0,0,433,2933                           
2026-10-06T20:27:47.346	TEL,1832,S2,566116725,0,0,0,433,2933                           
2026-10-06T20:27:47.362	TEL,1833,S2,566136725,0,0,0,430,2928                           
2026-10-06T20:27:47.382	TEL,1834,S2,566156725,0,0,0,436,2928                           
2026-10-06T20:27:47.402	TEL,1835,S2,566176725,0,0,0,436,2930                           
2026-10-06T20:27:47.426	TEL,1836,S2,566196725,0,0,0,433,2930                           
2026-10-06T20:27:47.442	TEL,1837,S2,566216725,0,0,0,436,2932                           
2026-10-06T20:27:47.467	TEL,1838,S2,566236725,0,0,0,439,2932                           
2026-10-06T20:27:47.481	TEL,1839,S2,566256725,0,0,0,439,2932                           
2026-10-06T20:27:47.507	TEL,1840,S2,566276725,0,0,0,436,2932                           
2026-10-06T20:27:47.523	TEL,1841,S2,566296725,0,0,0,436,2932                           
2026-10-06T20:27:47.551	BTN,48,S2,PRESSED,566315147,566315154                          
2026-10-06T20:27:47.551	TEL,1842,S2,566316725,0,0,0,436,2932                           
2026-10-06T20:27:47.567	TEL,1843,S2,566336725,0,0,0,445,2942                           
2026-10-06T20:27:47.582	TEL,1844,S2,566356725,0,0,0,445,2942                           
2026-10-06T20:27:47.606	TEL,1845,S2,566376725,0,0,0,436,2932                           
2026-10-06T20:27:47.622	TEL,1846,S2,566396725,0,0,0,436,2932                           
2026-10-06T20:27:47.647	TEL,1847,S2,566416725,0,0,0,436,2932                           
2026-10-06T20:27:47.662	TEL,1848,S2,566436725,0,0,0,439,2932                           
2026-10-06T20:27:47.684	TEL,1849,S2,566456725,0,0,0,439,2932                           
2026-10-06T20:27:47.703	TEL,1850,S2,566476725,0,0,0,436,2932                           
2026-10-06T20:27:47.723	TEL,1851,S2,566496725,0,0,0,436,2933                           
2026-10-06T20:27:47.741	TEL,1852,S2,566516725,0,0,0,436,2933                           
2026-10-06T20:27:47.767	TEL,1853,S2,566536725,0,0,0,436,2933                           
2026-10-06T20:27:47.783	TEL,1854,S2,566556725,0,0,0,436,2933                           
2026-10-06T20:27:47.804	TEL,1855,S2,566576725,0,0,0,436,2932                           
2026-10-06T20:27:47.823	TEL,1856,S2,566596725,0,0,0,436,2932                           
2026-10-06T20:27:47.844	TEL,1857,S2,566616725,0,0,0,436,2932                           
2026-10-06T20:27:47.862	TEL,1858,S2,566636725,0,0,0,436,2932                           
2026-10-06T20:27:47.886	TEL,1859,S2,566656725,0,0,0,436,2932                           
2026-10-06T20:27:47.902	TEL,1860,S2,566676725,0,0,0,439,2932                           
2026-10-06T20:27:47.926	TEL,1861,S2,566696725,0,0,0,439,2932                           
2026-10-06T20:27:47.942	TEL,1862,S2,566716725,0,0,0,442,2932                           
2026-10-06T20:27:47.967	TEL,1863,S2,566736725,0,0,0,442,2933                           
2026-10-06T20:27:47.983	TEL,1864,S2,566756725,0,0,0,436,2933                           
2026-10-06T20:27:48.008	TEL,1865,S2,566776725,0,0,0,436,2932                           
2026-10-06T20:27:48.022	TEL,1866,S2,566796725,0,0,0,436,2932                           
2026-10-06T20:27:48.046	TEL,1867,S2,566816725,0,0,0,433,2930                           
2026-10-06T20:27:48.063	TEL,1868,S2,566836725,0,0,0,433,2930                           
2026-10-06T20:27:48.086	TEL,1869,S2,566856725,0,0,0,436,2933                           
2026-10-06T20:27:48.102	TEL,1870,S2,566876725,0,0,0,436,2933                           
2026-10-06T20:27:48.126	TEL,1871,S2,566896725,0,0,0,436,2932                           
2026-10-06T20:27:48.142	TEL,1872,S2,566916725,0,0,0,436,2932                           
2026-10-06T20:27:48.166	TEL,1873,S2,566936725,0,0,0,436,2933                           
2026-10-06T20:27:48.181	TEL,1874,S2,566956725,0,0,0,436,2933                           
2026-10-06T20:27:48.207	TEL,1875,S2,566976725,0,0,0,436,2933                           
2026-10-06T20:27:48.223	TEL,1876,S2,566996725,0,0,0,439,2933                           
2026-10-06T20:27:48.247	TEL,1877,S2,567016725,0,0,0,439,2933                           
2026-10-06T20:27:48.262	TEL,1878,S2,567036725,0,0,0,436,2933                           
2026-10-06T20:27:48.286	TEL,1879,S2,567056725,0,0,0,436,2933                           
2026-10-06T20:27:48.302	TEL,1880,S2,567076725,0,0,0,436,2933                           
2026-10-06T20:27:48.321	TEL,1881,S2,567096725,0,0,0,436,2932                           
2026-10-06T20:27:48.362	TEL,1882,S2,567116725,0,0,0,436,2932                           
2026-10-06T20:27:48.362	BTN,49,S2,PRESSED,567132152,567132159                          
2026-10-06T20:27:48.362	TEL,1883,S2,567136725,0,0,0,436,2932                           
2026-10-06T20:27:48.387	TEL,1884,S2,567156725,0,0,0,439,2932                           
2026-10-06T20:27:48.401	TEL,1885,S2,567176725,0,0,0,439,2932                           
2026-10-06T20:27:48.426	TEL,1886,S2,567196725,0,0,0,436,2932                           
2026-10-06T20:27:48.441	TEL,1887,S2,567216725,0,0,0,436,2932                           
2026-10-06T20:27:48.467	TEL,1888,S2,567236725,0,0,0,442,2932                           
2026-10-06T20:27:48.482	TEL,1889,S2,567256725,0,0,0,442,2932                           
2026-10-06T20:27:48.507	TEL,1890,S2,567276725,0,0,0,439,2932                           
2026-10-06T20:27:48.521	TEL,1891,S2,567296725,0,0,0,439,2933                           
2026-10-06T20:27:48.547	TEL,1892,S2,567316725,0,0,0,436,2933                           
2026-10-06T20:27:48.561	TEL,1893,S2,567336725,0,0,0,436,2932                           
2026-10-06T20:27:48.587	TEL,1894,S2,567356725,0,0,0,436,2932                           
2026-10-06T20:27:48.601	TEL,1895,S2,567376725,0,0,0,436,2932                           
2026-10-06T20:27:48.626	TEL,1896,S2,567396725,0,0,0,436,2932                           
2026-10-06T20:27:48.642	TEL,1897,S2,567416725,0,0,0,436,2932                           
2026-10-06T20:27:48.666	TEL,1898,S2,567436725,0,0,0,442,2932                           
2026-10-06T20:27:48.681	TEL,1899,S2,567456725,0,0,0,442,2933                           
2026-10-06T20:27:48.707	TEL,1900,S2,567476725,0,0,0,436,2933                           
2026-10-06T20:27:48.721	TEL,1901,S2,567496725,0,0,0,436,2932                           
2026-10-06T20:27:48.747	TEL,1902,S2,567516725,0,0,0,436,2932                           
2026-10-06T20:27:48.762	TEL,1903,S2,567536725,0,0,0,436,2932                           
2026-10-06T20:27:48.781	TEL,1904,S2,567556725,0,0,0,439,2932                           
2026-10-06T20:27:48.803	TEL,1905,S2,567576725,0,0,0,439,2932                           
2026-10-06T20:27:48.827	TEL,1906,S2,567596725,0,0,0,436,2932                           
2026-10-06T20:27:48.842	TEL,1907,S2,567616725,0,0,0,436,2932                           
2026-10-06T20:27:48.865	TEL,1908,S2,567636725,0,0,0,442,2932                           
2026-10-06T20:27:48.882	TEL,1909,S2,567656725,0,0,0,439,2930                           
2026-10-06T20:27:48.906	TEL,1910,S2,567676725,0,0,0,433,2930                           
2026-10-06T20:27:48.922	TEL,1911,S2,567696725,0,0,0,436,2932                           
2026-10-06T20:27:48.947	TEL,1912,S2,567716725,0,0,0,436,2932                           
2026-10-06T20:27:48.963	TEL,1913,S2,567736725,0,0,0,436,2932                           
2026-10-06T20:27:48.988	TEL,1914,S2,567756725,0,0,0,436,2932                           
2026-10-06T20:27:49.002	TEL,1915,S2,567776725,0,0,0,436,2932                           
2026-10-06T20:27:49.343	TEL,1916,S2,567796725,0,0,0,436,2932                           
2026-10-06T20:27:49.343	BTN,50,S2,PRESSED,567808157,567808165                          
2026-10-06T20:27:49.343	ACK,STOP,S2
2026-10-06T20:27:49.343	LOG,S2,1,535067889,535067896,535067906,535067925,535073482,ok
2026-10-06T20:27:49.343	LOG,S2,2,535816895,535816902,535816911,535822319,535827872,ok
2026-10-06T20:27:49.343	LOG,S2,3,536489900,536489907,536489917,536489936,536495492,ok
2026-10-06T20:27:49.343	LOG,S2,4,537244906,537244913,537244922,537244942,537250497,ok
2026-10-06T20:27:49.343	LOG,S2,5,537972911,537972918,537972928,537972947,537978497,ok
2026-10-06T20:27:49.343	LOG,S2,6,538536917,538536924,538536933,538542318,538547871,ok
2026-10-06T20:27:49.343	LOG,S2,7,539139922,539139929,539139939,539142311,539147864,ok
2026-10-06T20:27:49.343	LOG,S2,8,539781927,539781935,539781944,539782319,539787872,ok
2026-10-06T20:27:49.343	LOG,S2,9,540427933,540427940,540427949,540427969,540433521,ok
2026-10-06T20:27:49.343	LOG,S2,10,540964938,540964946,540964955,540964975,540970525,ok
2026-10-06T20:27:49.343	LOG,S2,11,541693944,541693951,541693961,541693980,541699530,ok
2026-10-06T20:27:49.343	LOG,S2,12,542530949,542530957,542530966,542530986,542536540,ok
2026-10-06T20:27:49.343	LOG,S2,13,543055955,543055962,543055971,543055991,543061540,ok
2026-10-06T20:27:49.343	LOG,S2,14,543835960,543835968,543835977,543835997,543841549,ok
2026-10-06T20:27:49.343	LOG,S2,15,544426966,544426973,544426982,544427002,544432555,ok
2026-10-06T20:27:49.343	LOG,S2,16,545228971,545228979,545228988,545229008,545234560,ok
2026-10-06T20:27:49.343	LOG,S2,17,545732977,545732984,545732993,545733013,545738570,ok
2026-10-06T20:27:49.343	LOG,S2,18,546544982,546544990,546544999,546545019,546550576,ok
2026-10-06T20:27:49.343	LOG,S2,19,547161988,547161995,547162004,547162315,547167868,ok
2026-10-06T20:27:49.343	LOG,S2,20,547824993,547825000,547825010,547825030,547830582,ok
2026-10-06T20:27:49.343	LOG,S2,21,548648999,548649006,548649015,548649035,548654591,ok
2026-10-06T20:27:49.343	LOG,S2,22,549338004,549338011,549338021,549342319,549347872,ok
2026-10-06T20:27:49.343	LOG,S2,23,549852010,549852017,549852026,549852046,549857602,ok
2026-10-06T20:27:49.343	LOG,S2,24,550512015,550512022,550512032,550512051,550517604,ok
2026-10-06T20:27:49.343	LOG,S2,25,551358021,551358028,551358037,551362311,551367864,ok
2026-10-06T20:27:49.343	LOG,S2,26,552089026,552089033,552089043,552089062,552094616,ok
2026-10-06T20:27:49.343	LOG,S2,27,552739032,552739039,552739048,552742313,552747866,ok
2026-10-06T20:27:49.343	LOG,S2,28,553262037,553262044,553262054,553262313,553267866,ok
2026-10-06T20:27:49.343	LOG,S2,29,553893042,553893050,553893059,553893079,553898635,ok
2026-10-06T20:27:49.343	LOG,S2,30,554469048,554469055,554469065,554469084,554474639,ok
2026-10-06T20:27:49.343	LOG,S2,31,555002053,555002061,555002070,555002311,555007864,ok
2026-10-06T20:27:49.343	LOG,S2,32,555586059,555586066,555586076,555586095,555591651,ok
2026-10-06T20:27:49.343	LOG,S2,33,556105064,556105072,556105081,556105101,556110654,ok
2026-10-06T20:27:49.343	LOG,S2,34,556950070,556950077,556950086,556950106,556955663,ok
2026-10-06T20:27:49.343	LOG,S2,35,557520075,557520083,557520092,557522318,557527871,ok
2026-10-06T20:27:49.343	LOG,S2,36,558215081,558215088,558215097,558215117,558220667,ok
2026-10-06T20:27:49.343	LOG,S2,37,558956086,558956094,558956103,558956123,558961676,ok
2026-10-06T20:27:49.343	LOG,S2,38,559816092,559816099,559816108,559816128,559821678,ok
2026-10-06T20:27:49.343	LOG,S2,39,560465097,560465105,560465114,560465134,560470690,ok
2026-10-06T20:27:49.343	LOG,S2,40,561011103,561011110,561011119,561011139,561016690,ok
2026-10-06T20:27:49.343	LOG,S2,41,561597108,561597115,561597125,561602316,561607869,ok
2026-10-06T20:27:49.343	LOG,S2,42,562364114,562364121,562364130,562364150,562369704,ok
2026-10-06T20:27:49.343	LOG,S2,43,563106119,563106126,563106136,563106156,563111709,ok
2026-10-06T20:27:49.343	LOG,S2,44,563707125,563707132,563707141,563707161,563712716,ok
2026-10-06T20:27:49.343	LOG,S2,45,564386130,564386137,564386147,564386166,564391724,ok
2026-10-06T20:27:49.343	LOG,S2,46,565038136,565038143,565038152,565042315,565047868,ok
2026-10-06T20:27:49.343	LOG,S2,47,565661141,565661148,565661158,565662311,565667864,ok
2026-10-06T20:27:49.343	LOG,S2,48,566315147,566315154,566315163,566315183,566320733,ok
2026-10-06T20:27:49.343	LOG,S2,49,567132152,567132159,567132169,567132188,567137740,ok
2026-10-06T20:27:49.343	LOG,S2,50,567808157,567808165,567808174,567808194,567813748,ok
2026-10-06T20:27:49.343	CNT,accepted,50
2026-10-06T20:27:49.343	CNT,logged,50
2026-10-06T20:27:49.343	CNT,bounce_rejected,0
2026-10-06T20:27:49.343	CNT,ignored,0
2026-10-06T20:27:49.343	CNT,btn_q_drop,0
2026-10-06T20:27:49.343	CNT,btn_tx_drop,0
2026-10-06T20:27:49.343	CNT,tel_sent,1916
2026-10-06T20:27:49.343	CNT,tel_tx_drop,0
2026-10-06T20:27:49.343	CNT,tx_error,0
2026-10-06T20:27:49.343	CNT,tx_timeout,0
2026-10-06T20:27:49.343	CNT,log_overflow,0
2026-10-06T20:27:49.343	CNT,fmt_error,0
2026-10-06T20:27:49.343	CNT,tel_period_min_us,19855
2026-10-06T20:27:49.343	CNT,tel_period_max_us,20000
2026-10-06T20:27:49.343	CNT,work_min_us,0
2026-10-06T20:27:49.343	CNT,work_max_us,0
2026-10-06T20:27:49.343	CNT,hwm_telemetry_w,187
2026-10-06T20:27:49.343	CNT,hwm_uarttx_w,265
2026-10-06T20:27:49.343	CNT,heap_free_min_b,17512
2026-10-06T20:27:49.343	INF,variant,B
2026-10-06T20:27:49.343	INF,source,INJ
2026-10-06T20:27:49.343	INF,events,50
2026-10-06T20:27:49.343	END,DUMP,S2
