# pc_rx_time yaln?zca bilgi ama?l?d?r; gecikme hesab?nda KULLANILMAZ.
2026-10-06T20:27:51.049	ACK,START,S3,B,INJ,50
2026-10-06T20:27:51.049	TEL,1,S3,569226870,0,0,0,433,2930                              
2026-10-06T20:27:51.049	TEL,2,S3,569236724,0,0,0,428,2930                              
2026-10-06T20:27:51.049	TEL,3,S3,569246724,0,0,0,428,2930                              
2026-10-06T20:27:51.049	TEL,4,S3,569256724,0,0,0,433,2930                              
2026-10-06T20:27:51.049	TEL,5,S3,569266724,0,0,0,436,2933                              
2026-10-06T20:27:51.049	TEL,6,S3,569276724,0,0,0,439,2933                              
2026-10-06T20:27:51.049	TEL,7,S3,569286724,0,0,0,442,2937                              
2026-10-06T20:27:51.049	TEL,8,S3,569296724,0,0,0,442,2937                              
2026-10-06T20:27:51.049	TEL,9,S3,569306724,0,0,0,439,2933                              
2026-10-06T20:27:51.049	TEL,10,S3,569316725,0,0,0,439,2933                             
2026-10-06T20:27:51.049	TEL,11,S3,569326725,0,0,0,439,2932                             
2026-10-06T20:27:51.049	TEL,12,S3,569336725,0,0,0,433,2932                             
2026-10-06T20:27:51.049	TEL,13,S3,569346725,0,0,0,433,2932                             
2026-10-06T20:27:51.049	TEL,14,S3,569356725,0,0,0,439,2932                             
2026-10-06T20:27:51.049	TEL,15,S3,569366725,0,0,0,439,2932                             
2026-10-06T20:27:51.049	TEL,16,S3,569376725,0,0,0,436,2932                             
2026-10-06T20:27:51.049	TEL,17,S3,569386725,0,0,0,436,2932                             
2026-10-06T20:27:51.049	TEL,18,S3,569396725,0,0,0,436,2932                             
2026-10-06T20:27:51.049	TEL,19,S3,569406725,0,0,0,433,2930                             
2026-10-06T20:27:51.049	TEL,20,S3,569416725,0,0,0,430,2930                             
2026-10-06T20:27:51.049	TEL,21,S3,569426725,0,0,0,430,2930                             
2026-10-06T20:27:51.049	TEL,22,S3,569436725,0,0,0,433,2930                             
2026-10-06T20:27:51.049	TEL,23,S3,569446725,0,0,0,436,2932                             
2026-10-06T20:27:51.049	TEL,24,S3,569456725,0,0,0,439,2932                             
2026-10-06T20:27:51.049	TEL,25,S3,569466725,0,0,0,436,2930                             
2026-10-06T20:27:51.049	TEL,26,S3,569476725,0,0,0,430,2930                             
2026-10-06T20:27:51.049	TEL,27,S3,569486725,0,0,0,433,2932                             
2026-10-06T20:27:51.049	TEL,28,S3,569496725,0,0,0,436,2932                             
2026-10-06T20:27:51.049	TEL,29,S3,569506725,0,0,0,433,2930                             
2026-10-06T20:27:51.049	TEL,30,S3,569516725,0,0,0,428,2930                             
2026-10-06T20:27:51.049	TEL,31,S3,569526725,0,0,0,430,2932                             
2026-10-06T20:27:51.049	TEL,32,S3,569536725,0,0,0,448,2932                             
2026-10-06T20:27:51.049	TEL,33,S3,569546725,0,0,0,448,2930                             
2026-10-06T20:27:51.049	TEL,34,S3,569556725,0,0,0,436,2930                             
2026-10-06T20:27:51.049	TEL,35,S3,569566725,0,0,0,436,2930                             
2026-10-06T20:27:51.049	TEL,36,S3,569576725,0,0,0,433,2930                             
2026-10-06T20:27:51.049	TEL,37,S3,569586725,0,0,0,433,2930                             
2026-10-06T20:27:51.049	TEL,38,S3,569596725,0,0,0,430,2930                             
2026-10-06T20:27:51.049	TEL,39,S3,569606725,0,0,0,430,2930                             
2026-10-06T20:27:51.049	TEL,40,S3,569616725,0,0,0,433,2930                             
2026-10-06T20:27:51.049	TEL,41,S3,569626725,0,0,0,436,2932                             
2026-10-06T20:27:51.049	TEL,42,S3,569636725,0,0,0,436,2932                             
2026-10-06T20:27:51.049	TEL,43,S3,569646725,0,0,0,436,2932                             
2026-10-06T20:27:51.049	TEL,44,S3,569656725,0,0,0,433,2932                             
2026-10-06T20:27:51.049	TEL,45,S3,569666725,0,0,0,430,2930                             
2026-10-06T20:27:51.049	TEL,46,S3,569676725,0,0,0,430,2930                             
2026-10-06T20:27:51.049	TEL,47,S3,569686725,0,0,0,433,2932                             
2026-10-06T20:27:51.049	TEL,48,S3,569696725,0,0,0,436,2932                             
2026-10-06T20:27:51.049	TEL,49,S3,569706725,0,0,0,433,2930                             
2026-10-06T20:27:51.049	TEL,50,S3,569716725,0,0,0,433,2930                             
2026-10-06T20:27:51.049	TEL,51,S3,569726725,0,0,0,436,2932                             
2026-10-06T20:27:51.049	TEL,52,S3,569736725,0,0,0,436,2932                             
2026-10-06T20:27:51.049	TEL,53,S3,569746725,0,0,0,436,2932                             
2026-10-06T20:27:51.049	TEL,54,S3,569756725,0,0,0,436,2932                             
2026-10-06T20:27:51.049	TEL,55,S3,569766725,0,0,0,436,2932                             
2026-10-06T20:27:51.049	TEL,56,S3,569776725,0,0,0,436,2932                             
2026-10-06T20:27:51.049	TEL,57,S3,569786725,0,0,0,436,2933                             
2026-10-06T20:27:51.049	TEL,58,S3,569796725,0,0,0,433,2933                             
2026-10-06T20:27:51.049	TEL,59,S3,569806725,0,0,0,428,2930                             
2026-10-06T20:27:51.049	TEL,60,S3,569816725,0,0,0,428,2930                             
2026-10-06T20:27:51.049	TEL,61,S3,569826725,0,0,0,428,2930                             
2026-10-06T20:27:51.668	TEL,62,S3,569836725,0,0,0,436,2930                             
2026-10-06T20:27:51.668	TEL,63,S3,569846725,0,0,0,436,2930                             
2026-10-06T20:27:51.668	TEL,64,S3,569856725,0,0,0,428,2930                             
2026-10-06T20:27:51.668	TEL,65,S3,569866725,0,0,0,430,2932                             
2026-10-06T20:27:51.668	TEL,66,S3,569876725,0,0,0,439,2932                             
2026-10-06T20:27:51.668	TEL,67,S3,569886725,0,0,0,436,2930                             
2026-10-06T20:27:51.668	TEL,68,S3,569896725,0,0,0,436,2930                             
2026-10-06T20:27:51.668	TEL,69,S3,569906725,0,0,0,439,2932                             
2026-10-06T20:27:51.668	TEL,70,S3,569916725,0,0,0,436,2932                             
2026-10-06T20:27:51.668	TEL,71,S3,569926725,0,0,0,436,2932                             
2026-10-06T20:27:51.668	TEL,72,S3,569936725,0,0,0,439,2932                             
2026-10-06T20:27:51.668	TEL,73,S3,569946725,0,0,0,439,2932                             
2026-10-06T20:27:51.668	TEL,74,S3,569956725,0,0,0,436,2932                             
2026-10-06T20:27:51.668	TEL,75,S3,569966725,0,0,0,433,2930                             
2026-10-06T20:27:51.668	TEL,76,S3,569976725,0,0,0,433,2930                             
2026-10-06T20:27:51.668	TEL,77,S3,569986725,0,0,0,436,2932                             
2026-10-06T20:27:51.668	TEL,78,S3,569996725,0,0,0,436,2932                             
2026-10-06T20:27:51.668	TEL,79,S3,570006725,0,0,0,436,2932                             
2026-10-06T20:27:51.668	TEL,80,S3,570016725,0,0,0,439,2932                             
2026-10-06T20:27:51.668	TEL,81,S3,570026725,0,0,0,439,2932                             
2026-10-06T20:27:51.668	TEL,82,S3,570036725,0,0,0,439,2932                             
2026-10-06T20:27:51.668	TEL,83,S3,570046725,0,0,0,436,2930                             
2026-10-06T20:27:51.668	TEL,84,S3,570056725,0,0,0,433,2930                             
2026-10-06T20:27:51.668	TEL,85,S3,570066725,0,0,0,433,2930                             
2026-10-06T20:27:51.668	TEL,86,S3,570076725,0,0,0,430,2930                             
2026-10-06T20:27:51.668	TEL,87,S3,570086725,0,0,0,430,2930                             
2026-10-06T20:27:51.668	TEL,88,S3,570096725,0,0,0,436,2930                             
2026-10-06T20:27:51.668	TEL,89,S3,570106725,0,0,0,436,2930                             
2026-10-06T20:27:51.668	TEL,90,S3,570116725,0,0,0,433,2930                             
2026-10-06T20:27:51.668	TEL,91,S3,570126725,0,0,0,433,2930                             
2026-10-06T20:27:51.668	TEL,92,S3,570136725,0,0,0,436,2930                             
2026-10-06T20:27:51.668	TEL,93,S3,570146725,0,0,0,436,2930                             
2026-10-06T20:27:51.668	TEL,94,S3,570156725,0,0,0,433,2930                             
2026-10-06T20:27:51.668	TEL,95,S3,570166725,0,0,0,436,2932                             
2026-10-06T20:27:51.668	TEL,96,S3,570176725,0,0,0,433,2932                             
2026-10-06T20:27:51.668	TEL,97,S3,570186725,0,0,0,430,2930                             
2026-10-06T20:27:51.668	TEL,98,S3,570196725,0,0,0,433,2930                             
2026-10-06T20:27:51.668	TEL,99,S3,570206725,0,0,0,433,2930                             
2026-10-06T20:27:51.668	TEL,100,S3,570216725,0,0,0,430,2930                            
2026-10-06T20:27:51.668	TEL,101,S3,570226725,0,0,0,430,2930                            
2026-10-06T20:27:51.668	TEL,102,S3,570236725,0,0,0,436,2930                            
2026-10-06T20:27:51.668	TEL,103,S3,570246725,0,0,0,436,2930                            
2026-10-06T20:27:51.668	TEL,104,S3,570256725,0,0,0,430,2930                            
2026-10-06T20:27:51.668	TEL,105,S3,570266725,0,0,0,430,2930                            
2026-10-06T20:27:51.668	TEL,106,S3,570276725,0,0,0,436,2930                            
2026-10-06T20:27:51.668	TEL,107,S3,570286725,0,0,0,439,2932                            
2026-10-06T20:27:51.668	TEL,108,S3,570296725,0,0,0,445,2932                            
2026-10-06T20:27:51.668	TEL,109,S3,570306725,0,0,0,442,2928                            
2026-10-06T20:27:51.668	TEL,110,S3,570316725,0,0,0,436,2928                            
2026-10-06T20:27:51.668	TEL,111,S3,570326725,0,0,0,433,2927                            
2026-10-06T20:27:51.670	TEL,112,S3,570336725,0,0,0,430,2927                            
2026-10-06T20:27:51.670	TEL,113,S3,570346725,0,0,0,436,2932                            
2026-10-06T20:27:51.670	TEL,114,S3,570356725,0,0,0,430,2932                            
2026-10-06T20:27:51.670	TEL,115,S3,570366725,0,0,0,430,2932                            
2026-10-06T20:27:51.670	TEL,116,S3,570376725,0,0,0,439,2932                            
2026-10-06T20:27:51.670	TEL,117,S3,570386725,0,0,0,436,2928                            
2026-10-06T20:27:51.670	TEL,118,S3,570396725,0,0,0,430,2928                            
2026-10-06T20:27:51.670	TEL,119,S3,570406725,0,0,0,430,2930                            
2026-10-06T20:27:51.670	TEL,120,S3,570416725,0,0,0,436,2930                            
2026-10-06T20:27:51.670	TEL,121,S3,570426725,0,0,0,436,2928                            
2026-10-06T20:27:51.670	TEL,122,S3,570436725,0,0,0,436,2928                            
2026-10-06T20:27:51.670	TEL,123,S3,570446725,0,0,0,439,2932                            
2026-10-06T20:27:52.289	TEL,124,S3,570456725,0,0,0,433,2932                            
2026-10-06T20:27:52.289	TEL,125,S3,570466725,0,0,0,430,2930                            
2026-10-06T20:27:52.289	TEL,126,S3,570476725,0,0,0,430,2930                            
2026-10-06T20:27:52.289	TEL,127,S3,570486725,0,0,0,433,2933                            
2026-10-06T20:27:52.289	TEL,128,S3,570496725,0,0,0,433,2933                            
2026-10-06T20:27:52.289	TEL,129,S3,570506725,0,0,0,430,2930                            
2026-10-06T20:27:52.289	TEL,130,S3,570516725,0,0,0,430,2930                            
2026-10-06T20:27:52.289	TEL,131,S3,570526725,0,0,0,433,2932                            
2026-10-06T20:27:52.289	TEL,132,S3,570536725,0,0,0,436,2932                            
2026-10-06T20:27:52.289	TEL,133,S3,570546725,0,0,0,433,2928                            
2026-10-06T20:27:52.289	TEL,134,S3,570556725,0,0,0,430,2928                            
2026-10-06T20:27:52.289	TEL,135,S3,570566725,0,0,0,430,2930                            
2026-10-06T20:27:52.289	TEL,136,S3,570576725,0,0,0,428,2930                            
2026-10-06T20:27:52.289	TEL,137,S3,570586725,0,0,0,428,2930                            
2026-10-06T20:27:52.289	TEL,138,S3,570596725,0,0,0,445,2930                            
2026-10-06T20:27:52.289	TEL,139,S3,570606725,0,0,0,445,2930                            
2026-10-06T20:27:52.289	TEL,140,S3,570616725,0,0,0,439,2930                            
2026-10-06T20:27:52.289	TEL,141,S3,570626725,0,0,0,436,2928                            
2026-10-06T20:27:52.289	TEL,142,S3,570636725,0,0,0,430,2928                            
2026-10-06T20:27:52.289	TEL,143,S3,570646725,0,0,0,433,2932                            
2026-10-06T20:27:52.289	TEL,144,S3,570656725,0,0,0,439,2932                            
2026-10-06T20:27:52.289	TEL,145,S3,570666725,0,0,0,436,2930                            
2026-10-06T20:27:52.289	TEL,146,S3,570676725,0,0,0,430,2930                            
2026-10-06T20:27:52.289	TEL,147,S3,570686725,0,0,0,430,2930                            
2026-10-06T20:27:52.289	TEL,148,S3,570696725,0,0,0,439,2930                            
2026-10-06T20:27:52.289	TEL,149,S3,570706725,0,0,0,442,2932                            
2026-10-06T20:27:52.289	TEL,150,S3,570716725,0,0,0,430,2932                            
2026-10-06T20:27:52.289	TEL,151,S3,570726725,0,0,0,428,2930                            
2026-10-06T20:27:52.289	TEL,152,S3,570736725,0,0,0,430,2930                            
2026-10-06T20:27:52.289	TEL,153,S3,570746725,0,0,0,430,2930                            
2026-10-06T20:27:52.289	TEL,154,S3,570756725,0,0,0,433,2930                            
2026-10-06T20:27:52.289	TEL,155,S3,570766725,0,0,0,433,2930                            
2026-10-06T20:27:52.289	TEL,156,S3,570776725,0,0,0,428,2930                            
2026-10-06T20:27:52.289	TEL,157,S3,570786725,0,0,0,428,2928                            
2026-10-06T20:27:52.289	TEL,158,S3,570796725,0,0,0,422,2928                            
2026-10-06T20:27:52.289	TEL,159,S3,570806725,0,0,0,425,2932                            
2026-10-06T20:27:52.289	TEL,160,S3,570816725,0,0,0,430,2932                            
2026-10-06T20:27:52.289	TEL,161,S3,570826725,0,0,0,428,2928                            
2026-10-06T20:27:52.289	TEL,162,S3,570836725,0,0,0,436,2928                            
2026-10-06T20:27:52.289	TEL,163,S3,570846725,0,0,0,439,2932                            
2026-10-06T20:27:52.289	TEL,164,S3,570856725,0,0,0,430,2932                            
2026-10-06T20:27:52.289	TEL,165,S3,570866725,0,0,0,428,2930                            
2026-10-06T20:27:52.289	TEL,166,S3,570876725,0,0,0,436,2930                            
2026-10-06T20:27:52.289	TEL,167,S3,570886725,0,0,0,436,2930                            
2026-10-06T20:27:52.289	TEL,168,S3,570896725,0,0,0,425,2930                            
2026-10-06T20:27:52.289	TEL,169,S3,570906725,0,0,0,419,2925                            
2026-10-06T20:27:52.289	TEL,170,S3,570916725,0,0,0,428,2925                            
2026-10-06T20:27:52.289	TEL,171,S3,570926725,0,0,0,428,2927                            
2026-10-06T20:27:52.289	TEL,172,S3,570936725,0,0,0,428,2927                            
2026-10-06T20:27:52.289	TEL,173,S3,570946725,0,0,0,433,2932                            
2026-10-06T20:27:52.289	TEL,174,S3,570956725,0,0,0,436,2932                            
2026-10-06T20:27:52.289	TEL,175,S3,570966725,0,0,0,433,2930                            
2026-10-06T20:27:52.289	TEL,176,S3,570976725,0,0,0,436,2930                            
2026-10-06T20:27:52.289	TEL,177,S3,570986725,0,0,0,436,2928                            
2026-10-06T20:27:52.289	TEL,178,S3,570996725,0,0,0,442,2928                            
2026-10-06T20:27:52.289	TEL,179,S3,571006725,0,0,0,445,2930                            
2026-10-06T20:27:52.289	TEL,180,S3,571016725,0,0,0,428,2930                            
2026-10-06T20:27:52.289	TEL,181,S3,571026725,0,0,0,428,2928                            
2026-10-06T20:27:52.289	TEL,182,S3,571036725,0,0,0,430,2928                            
2026-10-06T20:27:52.289	TEL,183,S3,571046725,0,0,0,433,2932                            
2026-10-06T20:27:52.289	TEL,184,S3,571056725,0,0,0,433,2932                            
2026-10-06T20:27:52.289	TEL,185,S3,571066725,0,0,0,433,2932                            
2026-10-06T20:27:52.906	TEL,186,S3,571076725,0,0,0,433,2932                            
2026-10-06T20:27:52.906	TEL,187,S3,571086725,0,0,0,430,2930                            
2026-10-06T20:27:52.906	TEL,188,S3,571096725,0,0,0,430,2930                            
2026-10-06T20:27:52.906	TEL,189,S3,571106725,0,0,0,430,2930                            
2026-10-06T20:27:52.906	TEL,190,S3,571116725,0,0,0,445,2930                            
2026-10-06T20:27:52.906	TEL,191,S3,571126725,0,0,0,445,2930                            
2026-10-06T20:27:52.906	TEL,192,S3,571136725,0,0,0,428,2930                            
2026-10-06T20:27:52.906	TEL,193,S3,571146725,0,0,0,428,2930                            
2026-10-06T20:27:52.906	TEL,194,S3,571156725,0,0,0,430,2930                            
2026-10-06T20:27:52.906	TEL,195,S3,571166725,0,0,0,433,2932                            
2026-10-06T20:27:52.906	TEL,196,S3,571176725,0,0,0,433,2932                            
2026-10-06T20:27:52.906	TEL,197,S3,571186725,0,0,0,433,2932                            
2026-10-06T20:27:52.906	TEL,198,S3,571196725,0,0,0,436,2932                            
2026-10-06T20:27:52.906	TEL,199,S3,571206725,0,0,0,433,2930                            
2026-10-06T20:27:52.906	TEL,200,S3,571216725,0,0,0,410,2930                            
2026-10-06T20:27:52.906	TEL,201,S3,571226725,0,0,0,407,2925                            
2026-10-06T20:27:52.906	TEL,202,S3,571236725,0,0,0,430,2925                            
2026-10-06T20:27:52.906	TEL,203,S3,571246725,0,0,0,439,2932                            
2026-10-06T20:27:52.906	TEL,204,S3,571256725,0,0,0,430,2932                            
2026-10-06T20:27:52.906	TEL,205,S3,571266725,0,0,0,428,2930                            
2026-10-06T20:27:52.906	TEL,206,S3,571276725,0,0,0,433,2930                            
2026-10-06T20:27:52.906	TEL,207,S3,571286725,0,0,0,433,2930                            
2026-10-06T20:27:52.906	TEL,208,S3,571296725,0,0,0,433,2930                            
2026-10-06T20:27:52.906	TEL,209,S3,571306725,0,0,0,436,2932                            
2026-10-06T20:27:52.906	TEL,210,S3,571316725,0,0,0,433,2932                            
2026-10-06T20:27:52.906	TEL,211,S3,571326725,0,0,0,430,2930                            
2026-10-06T20:27:52.906	TEL,212,S3,571336725,0,0,0,430,2930                            
2026-10-06T20:27:52.906	TEL,213,S3,571346725,0,0,0,433,2932                            
2026-10-06T20:27:52.906	TEL,214,S3,571356725,0,0,0,433,2932                            
2026-10-06T20:27:52.906	TEL,215,S3,571366725,0,0,0,433,2932                            
2026-10-06T20:27:52.906	TEL,216,S3,571376725,0,0,0,442,2932                            
2026-10-06T20:27:52.906	TEL,217,S3,571386725,0,0,0,442,2930                            
2026-10-06T20:27:52.906	TEL,218,S3,571396725,0,0,0,433,2930                            
2026-10-06T20:27:52.906	TEL,219,S3,571406725,0,0,0,433,2930                            
2026-10-06T20:27:52.906	TEL,220,S3,571416725,0,0,0,436,2930                            
2026-10-06T20:27:52.906	TEL,221,S3,571426725,0,0,0,436,2930                            
2026-10-06T20:27:52.906	TEL,222,S3,571436725,0,0,0,428,2930                            
2026-10-06T20:27:52.906	TEL,223,S3,571446725,0,0,0,428,2930                            
2026-10-06T20:27:52.906	TEL,224,S3,571456725,0,0,0,430,2930                            
2026-10-06T20:27:52.906	TEL,225,S3,571466725,0,0,0,430,2928                            
2026-10-06T20:27:52.906	TEL,226,S3,571476725,0,0,0,430,2928                            
2026-10-06T20:27:52.906	TEL,227,S3,571486725,0,0,0,430,2930                            
2026-10-06T20:27:52.906	TEL,228,S3,571496725,0,0,0,430,2930                            
2026-10-06T20:27:52.906	TEL,229,S3,571506725,0,0,0,428,2927                            
2026-10-06T20:27:52.906	TEL,230,S3,571516725,0,0,0,428,2927                            
2026-10-06T20:27:52.906	TEL,231,S3,571526725,0,0,0,430,2930                            
2026-10-06T20:27:52.906	TEL,232,S3,571536725,0,0,0,433,2930                            
2026-10-06T20:27:52.906	TEL,233,S3,571546725,0,0,0,433,2930                            
2026-10-06T20:27:52.906	TEL,234,S3,571556725,0,0,0,436,2930                            
2026-10-06T20:27:52.906	TEL,235,S3,571566725,0,0,0,436,2928                            
2026-10-06T20:27:52.906	TEL,236,S3,571576725,0,0,0,425,2928                            
2026-10-06T20:27:52.906	TEL,237,S3,571586725,0,0,0,428,2930                            
2026-10-06T20:27:52.906	TEL,238,S3,571596725,0,0,0,433,2930                            
2026-10-06T20:27:52.906	TEL,239,S3,571606725,0,0,0,436,2932                            
2026-10-06T20:27:52.906	TEL,240,S3,571616725,0,0,0,433,2932                            
2026-10-06T20:27:52.906	TEL,241,S3,571626725,0,0,0,430,2928                            
2026-10-06T20:27:52.906	TEL,242,S3,571636725,0,0,0,436,2928                            
2026-10-06T20:27:52.906	TEL,243,S3,571646725,0,0,0,439,2930                            
2026-10-06T20:27:52.906	TEL,244,S3,571656725,0,0,0,445,2930                            
2026-10-06T20:27:52.906	TEL,245,S3,571666725,0,0,0,442,2928                            
2026-10-06T20:27:52.906	TEL,246,S3,571676725,0,0,0,430,2928                            
2026-10-06T20:27:52.906	TEL,247,S3,571686725,0,0,0,430,2930                            
2026-10-06T20:27:53.521	TEL,248,S3,571696725,0,0,0,428,2930                            
2026-10-06T20:27:53.521	TEL,249,S3,571706725,0,0,0,428,2928                            
2026-10-06T20:27:53.521	TEL,250,S3,571716725,0,0,0,430,2928                            
2026-10-06T20:27:53.521	TEL,251,S3,571726725,0,0,0,433,2932                            
2026-10-06T20:27:53.521	TEL,252,S3,571736725,0,0,0,439,2932                            
2026-10-06T20:27:53.521	TEL,253,S3,571746725,0,0,0,436,2930                            
2026-10-06T20:27:53.521	TEL,254,S3,571756725,0,0,0,436,2930                            
2026-10-06T20:27:53.521	TEL,255,S3,571766725,0,0,0,436,2930                            
2026-10-06T20:27:53.521	TEL,256,S3,571776725,0,0,0,430,2930                            
2026-10-06T20:27:53.521	TEL,257,S3,571786725,0,0,0,430,2930                            
2026-10-06T20:27:53.521	TEL,258,S3,571796725,0,0,0,430,2930                            
2026-10-06T20:27:53.521	TEL,259,S3,571806725,0,0,0,430,2930                            
2026-10-06T20:27:53.521	TEL,260,S3,571816725,0,0,0,433,2930                            
2026-10-06T20:27:53.521	TEL,261,S3,571826725,0,0,0,433,2930                            
2026-10-06T20:27:53.521	TEL,262,S3,571836725,0,0,0,428,2930                            
2026-10-06T20:27:53.521	TEL,263,S3,571846725,0,0,0,428,2930                            
2026-10-06T20:27:53.521	TEL,264,S3,571856725,0,0,0,430,2930                            
2026-10-06T20:27:53.521	TEL,265,S3,571866725,0,0,0,430,2928                            
2026-10-06T20:27:53.521	TEL,266,S3,571876725,0,0,0,436,2928                            
2026-10-06T20:27:53.521	TEL,267,S3,571886725,0,0,0,439,2932                            
2026-10-06T20:27:53.521	TEL,268,S3,571896725,0,0,0,425,2932                            
2026-10-06T20:27:53.521	TEL,269,S3,571906725,0,0,0,425,2932                            
2026-10-06T20:27:53.521	TEL,270,S3,571916725,0,0,0,436,2932                            
2026-10-06T20:27:53.521	TEL,271,S3,571926725,0,0,0,436,2932                            
2026-10-06T20:27:53.521	TEL,272,S3,571936725,0,0,0,433,2932                            
2026-10-06T20:27:53.521	TEL,273,S3,571946725,0,0,0,430,2930                            
2026-10-06T20:27:53.521	TEL,274,S3,571956725,0,0,0,428,2930                            
2026-10-06T20:27:53.521	TEL,275,S3,571966725,0,0,0,428,2930                            
2026-10-06T20:27:53.521	TEL,276,S3,571976725,0,0,0,425,2930                            
2026-10-06T20:27:53.521	TEL,277,S3,571986725,0,0,0,425,2932                            
2026-10-06T20:27:53.521	TEL,278,S3,571996725,0,0,0,436,2932                            
2026-10-06T20:27:53.521	TEL,279,S3,572006725,0,0,0,433,2930                            
2026-10-06T20:27:53.521	TEL,280,S3,572016725,0,0,0,430,2930                            
2026-10-06T20:27:53.521	TEL,281,S3,572026725,0,0,0,433,2932                            
2026-10-06T20:27:53.521	TEL,282,S3,572036725,0,0,0,445,2932                            
2026-10-06T20:27:53.521	TEL,283,S3,572046725,0,0,0,445,2930                            
2026-10-06T20:27:53.521	TEL,284,S3,572056725,0,0,0,430,2930                            
2026-10-06T20:27:53.521	TEL,285,S3,572066725,0,0,0,430,2930                            
2026-10-06T20:27:53.521	TEL,286,S3,572076725,0,0,0,428,2930                            
2026-10-06T20:27:53.521	TEL,287,S3,572086725,0,0,0,430,2932                            
2026-10-06T20:27:53.521	TEL,288,S3,572096725,0,0,0,436,2932                            
2026-10-06T20:27:53.521	TEL,289,S3,572106725,0,0,0,433,2930                            
2026-10-06T20:27:53.521	TEL,290,S3,572116725,0,0,0,439,2930                            
2026-10-06T20:27:53.521	TEL,291,S3,572126725,0,0,0,439,2930                            
2026-10-06T20:27:53.521	TEL,292,S3,572136725,0,0,0,430,2930                            
2026-10-06T20:27:53.521	TEL,293,S3,572146725,0,0,0,430,2930                            
2026-10-06T20:27:53.521	TEL,294,S3,572156725,0,0,0,428,2930                            
2026-10-06T20:27:53.521	TEL,295,S3,572166725,0,0,0,428,2928                            
2026-10-06T20:27:53.521	TEL,296,S3,572176725,0,0,0,439,2928                            
2026-10-06T20:27:53.521	TEL,297,S3,572186725,0,0,0,442,2932                            
2026-10-06T20:27:53.521	TEL,298,S3,572196725,0,0,0,422,2932                            
2026-10-06T20:27:53.521	TEL,299,S3,572206725,0,0,0,422,2930                            
2026-10-06T20:27:53.521	TEL,300,S3,572216725,0,0,0,436,2930                            
2026-10-06T20:27:53.521	TEL,301,S3,572226725,0,0,0,439,2932                            
2026-10-06T20:27:53.521	TEL,302,S3,572236725,0,0,0,436,2932                            
2026-10-06T20:27:53.521	TEL,303,S3,572246725,0,0,0,436,2932                            
2026-10-06T20:27:53.521	TEL,304,S3,572256725,0,0,0,433,2932                            
2026-10-06T20:27:53.521	TEL,305,S3,572266725,0,0,0,433,2932                            
2026-10-06T20:27:53.521	TEL,306,S3,572276725,0,0,0,433,2932                            
2026-10-06T20:27:53.521	TEL,307,S3,572286725,0,0,0,430,2928                            
2026-10-06T20:27:53.521	TEL,308,S3,572296725,0,0,0,425,2928                            
2026-10-06T20:27:53.521	TEL,309,S3,572306725,0,0,0,425,2928                            
2026-10-06T20:27:54.149	TEL,310,S3,572316725,0,0,0,430,2928                            
2026-10-06T20:27:54.149	TEL,311,S3,572326725,0,0,0,430,2930                            
2026-10-06T20:27:54.149	TEL,312,S3,572336725,0,0,0,430,2930                            
2026-10-06T20:27:54.149	TEL,313,S3,572346725,0,0,0,430,2930                            
2026-10-06T20:27:54.149	TEL,314,S3,572356725,0,0,0,439,2930                            
2026-10-06T20:27:54.149	TEL,315,S3,572366725,0,0,0,439,2930                            
2026-10-06T20:27:54.149	TEL,316,S3,572376725,0,0,0,433,2930                            
2026-10-06T20:27:54.149	TEL,317,S3,572386725,0,0,0,433,2930                            
2026-10-06T20:27:54.149	TEL,318,S3,572396725,0,0,0,428,2930                            
2026-10-06T20:27:54.149	TEL,319,S3,572406725,0,0,0,425,2927                            
2026-10-06T20:27:54.149	TEL,320,S3,572416725,0,0,0,428,2927                            
2026-10-06T20:27:54.149	TEL,321,S3,572426725,0,0,0,433,2932                            
2026-10-06T20:27:54.149	TEL,322,S3,572436725,0,0,0,433,2932                            
2026-10-06T20:27:54.149	TEL,323,S3,572446725,0,0,0,430,2928                            
2026-10-06T20:27:54.149	TEL,324,S3,572456725,0,0,0,416,2928                            
2026-10-06T20:27:54.149	TEL,325,S3,572466725,0,0,0,416,2928                            
2026-10-06T20:27:54.149	TEL,326,S3,572476725,0,0,0,430,2928                            
2026-10-06T20:27:54.149	TEL,327,S3,572486725,0,0,0,430,2930                            
2026-10-06T20:27:54.149	TEL,328,S3,572496725,0,0,0,430,2930                            
2026-10-06T20:27:54.149	TEL,329,S3,572506725,0,0,0,430,2928                            
2026-10-06T20:27:54.149	TEL,330,S3,572516725,0,0,0,430,2928                            
2026-10-06T20:27:54.149	TEL,331,S3,572526725,0,0,0,433,2932                            
2026-10-06T20:27:54.149	TEL,332,S3,572536725,0,0,0,439,2932                            
2026-10-06T20:27:54.149	TEL,333,S3,572546725,0,0,0,436,2930                            
2026-10-06T20:27:54.149	TEL,334,S3,572556725,0,0,0,428,2930                            
2026-10-06T20:27:54.149	TEL,335,S3,572566725,0,0,0,428,2930                            
2026-10-06T20:27:54.149	TEL,336,S3,572576725,0,0,0,428,2930                            
2026-10-06T20:27:54.149	TEL,337,S3,572586725,0,0,0,428,2930                            
2026-10-06T20:27:54.149	TEL,338,S3,572596725,0,0,0,433,2930                            
2026-10-06T20:27:54.149	TEL,339,S3,572606725,0,0,0,433,2930                            
2026-10-06T20:27:54.149	TEL,340,S3,572616725,0,0,0,436,2930                            
2026-10-06T20:27:54.149	TEL,341,S3,572626725,0,0,0,436,2930                            
2026-10-06T20:27:54.149	TEL,342,S3,572636725,0,0,0,439,2930                            
2026-10-06T20:27:54.149	TEL,343,S3,572646725,0,0,0,436,2927                            
2026-10-06T20:27:54.149	TEL,344,S3,572656725,0,0,0,442,2927                            
2026-10-06T20:27:54.149	TEL,345,S3,572666725,0,0,0,445,2932                            
2026-10-06T20:27:54.149	TEL,346,S3,572676725,0,0,0,439,2932                            
2026-10-06T20:27:54.149	TEL,347,S3,572686725,0,0,0,436,2930                            
2026-10-06T20:27:54.149	TEL,348,S3,572696725,0,0,0,433,2930                            
2026-10-06T20:27:54.149	TEL,349,S3,572706725,0,0,0,428,2925                            
2026-10-06T20:27:54.149	TEL,350,S3,572716725,0,0,0,428,2925                            
2026-10-06T20:27:54.149	TEL,351,S3,572726725,0,0,0,433,2933                            
2026-10-06T20:27:54.149	TEL,352,S3,572736725,0,0,0,439,2933                            
2026-10-06T20:27:54.149	TEL,353,S3,572746725,0,0,0,436,2930                            
2026-10-06T20:27:54.149	TEL,354,S3,572756725,0,0,0,448,2930                            
2026-10-06T20:27:54.149	TEL,355,S3,572766725,0,0,0,448,2930                            
2026-10-06T20:27:54.149	TEL,356,S3,572776725,0,0,0,439,2930                            
2026-10-06T20:27:54.149	TEL,357,S3,572786725,0,0,0,439,2930                            
2026-10-06T20:27:54.149	TEL,358,S3,572796725,0,0,0,430,2930                            
2026-10-06T20:27:54.149	TEL,359,S3,572806725,0,0,0,433,2932                            
2026-10-06T20:27:54.149	TEL,360,S3,572816725,0,0,0,442,2932                            
2026-10-06T20:27:54.149	TEL,361,S3,572826725,0,0,0,442,2932                            
2026-10-06T20:27:54.149	TEL,362,S3,572836725,0,0,0,433,2932                            
2026-10-06T20:27:54.149	TEL,363,S3,572846725,0,0,0,430,2928                            
2026-10-06T20:27:54.149	TEL,364,S3,572856725,0,0,0,430,2928                            
2026-10-06T20:27:54.149	TEL,365,S3,572866725,0,0,0,430,2930                            
2026-10-06T20:27:54.149	TEL,366,S3,572876725,0,0,0,439,2930                            
2026-10-06T20:27:54.149	TEL,367,S3,572886725,0,0,0,436,2928                            
2026-10-06T20:27:54.149	TEL,368,S3,572896725,0,0,0,430,2928                            
2026-10-06T20:27:54.149	TEL,369,S3,572906725,0,0,0,430,2928                            
2026-10-06T20:27:54.149	TEL,370,S3,572916725,0,0,0,430,2928                            
2026-10-06T20:27:54.149	TEL,371,S3,572926725,0,0,0,430,2928                            
2026-10-06T20:27:54.764	TEL,372,S3,572936725,0,0,0,430,2928                            
2026-10-06T20:27:54.764	TEL,373,S3,572946725,0,0,0,433,2932                            
2026-10-06T20:27:54.764	TEL,374,S3,572956725,0,0,0,430,2932                            
2026-10-06T20:27:54.764	TEL,375,S3,572966725,0,0,0,425,2925                            
2026-10-06T20:27:54.764	TEL,376,S3,572976725,0,0,0,428,2925                            
2026-10-06T20:27:54.764	TEL,377,S3,572986725,0,0,0,428,2925                            
2026-10-06T20:27:54.764	TEL,378,S3,572996725,0,0,0,428,2925                            
2026-10-06T20:27:54.764	TEL,379,S3,573006725,0,0,0,430,2930                            
2026-10-06T20:27:54.764	TEL,380,S3,573016725,0,0,0,433,2930                            
2026-10-06T20:27:54.764	TEL,381,S3,573026725,0,0,0,436,2932                            
2026-10-06T20:27:54.764	TEL,382,S3,573036725,0,0,0,433,2932                            
2026-10-06T20:27:54.764	TEL,383,S3,573046725,0,0,0,430,2928                            
2026-10-06T20:27:54.764	TEL,384,S3,573056725,0,0,0,436,2928                            
2026-10-06T20:27:54.764	TEL,385,S3,573066725,0,0,0,436,2928                            
2026-10-06T20:27:54.764	TEL,386,S3,573076725,0,0,0,436,2928                            
2026-10-06T20:27:54.764	TEL,387,S3,573086725,0,0,0,439,2932                            
2026-10-06T20:27:54.764	TEL,388,S3,573096725,0,0,0,425,2932                            
2026-10-06T20:27:54.764	TEL,389,S3,573106725,0,0,0,425,2932                            
2026-10-06T20:27:54.764	TEL,390,S3,573116725,0,0,0,439,2932                            
2026-10-06T20:27:54.764	TEL,391,S3,573126725,0,0,0,436,2930                            
2026-10-06T20:27:54.764	TEL,392,S3,573136725,0,0,0,430,2930                            
2026-10-06T20:27:54.764	TEL,393,S3,573146725,0,0,0,430,2928                            
2026-10-06T20:27:54.764	TEL,394,S3,573156725,0,0,0,430,2928                            
2026-10-06T20:27:54.764	TEL,395,S3,573166725,0,0,0,433,2932                            
2026-10-06T20:27:54.764	TEL,396,S3,573176725,0,0,0,433,2932                            
2026-10-06T20:27:54.764	TEL,397,S3,573186725,0,0,0,430,2930                            
2026-10-06T20:27:54.764	TEL,398,S3,573196725,0,0,0,430,2930                            
2026-10-06T20:27:54.764	TEL,399,S3,573206725,0,0,0,430,2930                            
2026-10-06T20:27:54.764	TEL,400,S3,573216725,0,0,0,430,2930                            
2026-10-06T20:27:54.770	TEL,401,S3,573226725,0,0,0,430,2930                            
2026-10-06T20:27:54.770	TEL,402,S3,573236725,0,0,0,428,2930                            
2026-10-06T20:27:54.770	TEL,403,S3,573246725,0,0,0,428,2930                            
2026-10-06T20:27:54.770	TEL,404,S3,573256725,0,0,0,428,2930                            
2026-10-06T20:27:54.770	TEL,405,S3,573266725,0,0,0,428,2928                            
2026-10-06T20:27:54.770	TEL,406,S3,573276725,0,0,0,433,2928                            
2026-10-06T20:27:54.770	TEL,407,S3,573286725,0,0,0,436,2932                            
2026-10-06T20:27:54.770	TEL,408,S3,573296725,0,0,0,436,2932                            
2026-10-06T20:27:54.770	TEL,409,S3,573306725,0,0,0,433,2930                            
2026-10-06T20:27:54.770	TEL,410,S3,573316725,0,0,0,425,2930                            
2026-10-06T20:27:54.770	TEL,411,S3,573326725,0,0,0,425,2930                            
2026-10-06T20:27:54.770	TEL,412,S3,573336725,0,0,0,428,2930                            
2026-10-06T20:27:54.770	TEL,413,S3,573346725,0,0,0,428,2930                            
2026-10-06T20:27:54.770	TEL,414,S3,573356725,0,0,0,428,2930                            
2026-10-06T20:27:54.770	TEL,415,S3,573366725,0,0,0,428,2930                            
2026-10-06T20:27:54.770	TEL,416,S3,573376725,0,0,0,430,2930                            
2026-10-06T20:27:54.770	TEL,417,S3,573386725,0,0,0,430,2930                            
2026-10-06T20:27:54.770	TEL,418,S3,573396725,0,0,0,430,2930                            
2026-10-06T20:27:54.770	TEL,419,S3,573406725,0,0,0,430,2930                            
2026-10-06T20:27:54.770	TEL,420,S3,573416725,0,0,0,419,2930                            
2026-10-06T20:27:54.770	TEL,421,S3,573426725,0,0,0,413,2925                            
2026-10-06T20:27:54.770	TEL,422,S3,573436725,0,0,0,428,2925                            
2026-10-06T20:27:54.770	TEL,423,S3,573446725,0,0,0,433,2932                            
2026-10-06T20:27:54.770	TEL,424,S3,573456725,0,0,0,433,2932                            
2026-10-06T20:27:54.770	TEL,425,S3,573466725,0,0,0,428,2925                            
2026-10-06T20:27:54.770	TEL,426,S3,573476725,0,0,0,428,2925                            
2026-10-06T20:27:54.770	TEL,427,S3,573486725,0,0,0,430,2928                            
2026-10-06T20:27:54.770	TEL,428,S3,573496725,0,0,0,430,2928                            
2026-10-06T20:27:54.770	TEL,429,S3,573506725,0,0,0,430,2930                            
2026-10-06T20:27:54.771	TEL,430,S3,573516725,0,0,0,439,2930                            
2026-10-06T20:27:54.771	TEL,431,S3,573526725,0,0,0,436,2928                            
2026-10-06T20:27:54.771	TEL,432,S3,573536725,0,0,0,430,2928                            
2026-10-06T20:27:54.771	TEL,433,S3,573546725,0,0,0,430,2930                            
2026-10-06T20:27:55.384	TEL,434,S3,573556725,0,0,0,433,2930                            
2026-10-06T20:27:55.384	TEL,435,S3,573566725,0,0,0,433,2930                            
2026-10-06T20:27:55.384	TEL,436,S3,573576725,0,0,0,433,2930                            
2026-10-06T20:27:55.384	TEL,437,S3,573586725,0,0,0,436,2932                            
2026-10-06T20:27:55.384	TEL,438,S3,573596725,0,0,0,433,2932                            
2026-10-06T20:27:55.384	TEL,439,S3,573606725,0,0,0,430,2930                            
2026-10-06T20:27:55.384	TEL,440,S3,573616725,0,0,0,439,2930                            
2026-10-06T20:27:55.390	TEL,441,S3,573626725,0,0,0,442,2932                            
2026-10-06T20:27:55.390	TEL,442,S3,573636725,0,0,0,433,2932                            
2026-10-06T20:27:55.390	TEL,443,S3,573646725,0,0,0,430,2930                            
2026-10-06T20:27:55.390	TEL,444,S3,573656725,0,0,0,430,2930                            
2026-10-06T20:27:55.390	TEL,445,S3,573666725,0,0,0,430,2928                            
2026-10-06T20:27:55.390	TEL,446,S3,573676725,0,0,0,430,2928                            
2026-10-06T20:27:55.390	TEL,447,S3,573686725,0,0,0,430,2930                            
2026-10-06T20:27:55.390	TEL,448,S3,573696725,0,0,0,430,2930                            
2026-10-06T20:27:55.390	TEL,449,S3,573706725,0,0,0,433,2932                            
2026-10-06T20:27:55.390	TEL,450,S3,573716725,0,0,0,445,2932                            
2026-10-06T20:27:55.390	TEL,451,S3,573726725,0,0,0,445,2930                            
2026-10-06T20:27:55.390	TEL,452,S3,573736725,0,0,0,430,2930                            
2026-10-06T20:27:55.390	TEL,453,S3,573746725,0,0,0,430,2930                            
2026-10-06T20:27:55.390	TEL,454,S3,573756725,0,0,0,430,2930                            
2026-10-06T20:27:55.390	TEL,455,S3,573766725,0,0,0,433,2932                            
2026-10-06T20:27:55.390	TEL,456,S3,573776725,0,0,0,436,2932                            
2026-10-06T20:27:55.390	TEL,457,S3,573786725,0,0,0,433,2930                            
2026-10-06T20:27:55.390	TEL,458,S3,573796725,0,0,0,433,2930                            
2026-10-06T20:27:55.390	TEL,459,S3,573806725,0,0,0,433,2930                            
2026-10-06T20:27:55.390	TEL,460,S3,573816725,0,0,0,428,2930                            
2026-10-06T20:27:55.390	TEL,461,S3,573826725,0,0,0,428,2930                            
2026-10-06T20:27:55.390	TEL,462,S3,573836725,0,0,0,430,2930                            
2026-10-06T20:27:55.390	TEL,463,S3,573846725,0,0,0,430,2928                            
2026-10-06T20:27:55.390	TEL,464,S3,573856725,0,0,0,436,2928                            
2026-10-06T20:27:55.390	TEL,465,S3,573866725,0,0,0,436,2930                            
2026-10-06T20:27:55.390	TEL,466,S3,573876725,0,0,0,425,2930                            
2026-10-06T20:27:55.390	TEL,467,S3,573886725,0,0,0,422,2928                            
2026-10-06T20:27:55.390	TEL,468,S3,573896725,0,0,0,433,2928                            
2026-10-06T20:27:55.390	TEL,469,S3,573906725,0,0,0,433,2930                            
2026-10-06T20:27:55.390	TEL,470,S3,573916725,0,0,0,428,2930                            
2026-10-06T20:27:55.390	TEL,471,S3,573926725,0,0,0,428,2928                            
2026-10-06T20:27:55.390	TEL,472,S3,573936725,0,0,0,430,2928                            
2026-10-06T20:27:55.390	TEL,473,S3,573946725,0,0,0,430,2930                            
2026-10-06T20:27:55.390	TEL,474,S3,573956725,0,0,0,428,2930                            
2026-10-06T20:27:55.390	TEL,475,S3,573966725,0,0,0,425,2928                            
2026-10-06T20:27:55.390	TEL,476,S3,573976725,0,0,0,425,2928                            
2026-10-06T20:27:55.390	TEL,477,S3,573986725,0,0,0,428,2932                            
2026-10-06T20:27:55.390	TEL,478,S3,573996725,0,0,0,430,2932                            
2026-10-06T20:27:55.390	TEL,479,S3,574006725,0,0,0,422,2923                            
2026-10-06T20:27:55.390	TEL,480,S3,574016725,0,0,0,419,2923                            
2026-10-06T20:27:55.390	TEL,481,S3,574026725,0,0,0,428,2932                            
2026-10-06T20:27:55.390	TEL,482,S3,574036725,0,0,0,428,2932                            
2026-10-06T20:27:55.390	TEL,483,S3,574046725,0,0,0,428,2930                            
2026-10-06T20:27:55.390	TEL,484,S3,574056725,0,0,0,430,2930                            
2026-10-06T20:27:55.390	TEL,485,S3,574066725,0,0,0,430,2928                            
2026-10-06T20:27:55.390	TEL,486,S3,574076725,0,0,0,430,2928                            
2026-10-06T20:27:55.390	TEL,487,S3,574086725,0,0,0,430,2928                            
2026-10-06T20:27:55.390	TEL,488,S3,574096725,0,0,0,433,2928                            
2026-10-06T20:27:55.390	TEL,489,S3,574106725,0,0,0,433,2928                            
2026-10-06T20:27:55.390	TEL,490,S3,574116725,0,0,0,430,2928                            
2026-10-06T20:27:55.390	TEL,491,S3,574126725,0,0,0,430,2930                            
2026-10-06T20:27:55.390	TEL,492,S3,574136725,0,0,0,430,2930                            
2026-10-06T20:27:55.390	TEL,493,S3,574146725,0,0,0,430,2930                            
2026-10-06T20:27:55.390	TEL,494,S3,574156725,0,0,0,428,2930                            
2026-10-06T20:27:55.390	TEL,495,S3,574166725,0,0,0,428,2930                            
2026-10-06T20:27:56.008	TEL,496,S3,574176725,0,0,0,430,2930                            
2026-10-06T20:27:56.008	TEL,497,S3,574186725,0,0,0,430,2930                            
2026-10-06T20:27:56.008	TEL,498,S3,574196725,0,0,0,430,2930                            
2026-10-06T20:27:56.008	TEL,499,S3,574206725,0,0,0,430,2930                            
2026-10-06T20:27:56.008	TEL,500,S3,574216725,0,0,0,428,2930                            
2026-10-06T20:27:56.008	TEL,501,S3,574226725,0,0,0,428,2932                            
2026-10-06T20:27:56.008	TEL,502,S3,574236725,0,0,0,433,2932                            
2026-10-06T20:27:56.008	TEL,503,S3,574246725,0,0,0,433,2932                            
2026-10-06T20:27:56.008	TEL,504,S3,574256725,0,0,0,428,2932                            
2026-10-06T20:27:56.008	TEL,505,S3,574266725,0,0,0,425,2928                            
2026-10-06T20:27:56.008	TEL,506,S3,574276725,0,0,0,433,2928                            
2026-10-06T20:27:56.008	TEL,507,S3,574286725,0,0,0,433,2930                            
2026-10-06T20:27:56.008	TEL,508,S3,574296725,0,0,0,430,2930                            
2026-10-06T20:27:56.008	TEL,509,S3,574306725,0,0,0,428,2925                            
2026-10-06T20:27:56.008	TEL,510,S3,574316725,0,0,0,428,2925                            
2026-10-06T20:27:56.008	TEL,511,S3,574326725,0,0,0,430,2930                            
2026-10-06T20:27:56.008	TEL,512,S3,574336725,0,0,0,430,2930                            
2026-10-06T20:27:56.010	TEL,513,S3,574346725,0,0,0,430,2930                            
2026-10-06T20:27:56.010	TEL,514,S3,574356725,0,0,0,430,2930                            
2026-10-06T20:27:56.010	TEL,515,S3,574366725,0,0,0,433,2932                            
2026-10-06T20:27:56.010	TEL,516,S3,574376725,0,0,0,436,2932                            
2026-10-06T20:27:56.010	TEL,517,S3,574386725,0,0,0,433,2930                            
2026-10-06T20:27:56.010	TEL,518,S3,574396725,0,0,0,430,2930                            
2026-10-06T20:27:56.010	TEL,519,S3,574406725,0,0,0,433,2932                            
2026-10-06T20:27:56.010	TEL,520,S3,574416725,0,0,0,433,2932                            
2026-10-06T20:27:56.010	TEL,521,S3,574426725,0,0,0,430,2930                            
2026-10-06T20:27:56.010	TEL,522,S3,574436725,0,0,0,445,2930                            
2026-10-06T20:27:56.010	TEL,523,S3,574446725,0,0,0,445,2930                            
2026-10-06T20:27:56.010	TEL,524,S3,574456725,0,0,0,430,2930                            
2026-10-06T20:27:56.010	TEL,525,S3,574466725,0,0,0,430,2928                            
2026-10-06T20:27:56.010	TEL,526,S3,574476725,0,0,0,425,2928                            
2026-10-06T20:27:56.010	TEL,527,S3,574486725,0,0,0,428,2930                            
2026-10-06T20:27:56.010	TEL,528,S3,574496725,0,0,0,428,2930                            
2026-10-06T20:27:56.010	TEL,529,S3,574506725,0,0,0,428,2928                            
2026-10-06T20:27:56.010	TEL,530,S3,574516725,0,0,0,430,2928                            
2026-10-06T20:27:56.010	TEL,531,S3,574526725,0,0,0,433,2932                            
2026-10-06T20:27:56.010	TEL,532,S3,574536725,0,0,0,433,2932                            
2026-10-06T20:27:56.010	TEL,533,S3,574546725,0,0,0,430,2930                            
2026-10-06T20:27:56.010	TEL,534,S3,574556725,0,0,0,428,2930                            
2026-10-06T20:27:56.010	TEL,535,S3,574566725,0,0,0,428,2930                            
2026-10-06T20:27:56.010	TEL,536,S3,574576725,0,0,0,428,2930                            
2026-10-06T20:27:56.010	TEL,537,S3,574586725,0,0,0,428,2930                            
2026-10-06T20:27:56.010	TEL,538,S3,574596725,0,0,0,433,2930                            
2026-10-06T20:27:56.010	TEL,539,S3,574606725,0,0,0,433,2930                            
2026-10-06T20:27:56.010	TEL,540,S3,574616725,0,0,0,425,2930                            
2026-10-06T20:27:56.010	TEL,541,S3,574626725,0,0,0,425,2930                            
2026-10-06T20:27:56.010	TEL,542,S3,574636725,0,0,0,430,2930                            
2026-10-06T20:27:56.010	TEL,543,S3,574646725,0,0,0,430,2930                            
2026-10-06T20:27:56.010	TEL,544,S3,574656725,0,0,0,433,2930                            
2026-10-06T20:27:56.010	TEL,545,S3,574666725,0,0,0,433,2928                            
2026-10-06T20:27:56.010	TEL,546,S3,574676725,0,0,0,428,2928                            
2026-10-06T20:27:56.010	TEL,547,S3,574686725,0,0,0,425,2927                            
2026-10-06T20:27:56.010	TEL,548,S3,574696725,0,0,0,422,2927                            
2026-10-06T20:27:56.010	TEL,549,S3,574706725,0,0,0,425,2928                            
2026-10-06T20:27:56.010	TEL,550,S3,574716725,0,0,0,428,2928                            
2026-10-06T20:27:56.010	TEL,551,S3,574726725,0,0,0,428,2930                            
2026-10-06T20:27:56.010	TEL,552,S3,574736725,0,0,0,430,2930                            
2026-10-06T20:27:56.010	TEL,553,S3,574746725,0,0,0,428,2925                            
2026-10-06T20:27:56.010	TEL,554,S3,574756725,0,0,0,422,2925                            
2026-10-06T20:27:56.010	TEL,555,S3,574766725,0,0,0,428,2930                            
2026-10-06T20:27:56.010	TEL,556,S3,574776725,0,0,0,430,2930                            
2026-10-06T20:27:56.010	TEL,557,S3,574786725,0,0,0,430,2930                            
2026-10-06T20:27:56.615	TEL,558,S3,574796725,0,0,0,433,2930                            
2026-10-06T20:27:56.615	BTN,1,S3,PRESSED,574804889,574804896                           
2026-10-06T20:27:56.615	TEL,559,S3,574806725,0,0,0,433,2930                            
2026-10-06T20:27:56.615	TEL,560,S3,574816725,0,0,0,425,2930                            
2026-10-06T20:27:56.615	TEL,561,S3,574826725,0,0,0,436,2942                            
2026-10-06T20:27:56.615	TEL,562,S3,574836725,0,0,0,442,2942                            
2026-10-06T20:27:56.615	TEL,563,S3,574846725,0,0,0,430,2930                            
2026-10-06T20:27:56.615	TEL,564,S3,574856725,0,0,0,428,2930                            
2026-10-06T20:27:56.615	TEL,565,S3,574866725,0,0,0,428,2930                            
2026-10-06T20:27:56.615	TEL,566,S3,574876725,0,0,0,433,2930                            
2026-10-06T20:27:56.615	TEL,567,S3,574886725,0,0,0,433,2930                            
2026-10-06T20:27:56.615	TEL,568,S3,574896725,0,0,0,422,2930                            
2026-10-06T20:27:56.615	TEL,569,S3,574906725,0,0,0,419,2928                            
2026-10-06T20:27:56.615	TEL,570,S3,574916725,0,0,0,433,2928                            
2026-10-06T20:27:56.615	TEL,571,S3,574926725,0,0,0,433,2930                            
2026-10-06T20:27:56.615	TEL,572,S3,574936725,0,0,0,436,2930                            
2026-10-06T20:27:56.615	TEL,573,S3,574946725,0,0,0,436,2928                            
2026-10-06T20:27:56.615	TEL,574,S3,574956725,0,0,0,433,2928                            
2026-10-06T20:27:56.615	TEL,575,S3,574966725,0,0,0,433,2930                            
2026-10-06T20:27:56.615	TEL,576,S3,574976725,0,0,0,433,2930                            
2026-10-06T20:27:56.615	TEL,577,S3,574986725,0,0,0,433,2930                            
2026-10-06T20:27:56.615	TEL,578,S3,574996725,0,0,0,425,2930                            
2026-10-06T20:27:56.615	TEL,579,S3,575006725,0,0,0,425,2932                            
2026-10-06T20:27:56.615	TEL,580,S3,575016725,0,0,0,436,2932                            
2026-10-06T20:27:56.615	TEL,581,S3,575026725,0,0,0,433,2928                            
2026-10-06T20:27:56.615	TEL,582,S3,575036725,0,0,0,428,2928                            
2026-10-06T20:27:56.615	TEL,583,S3,575046725,0,0,0,428,2928                            
2026-10-06T20:27:56.615	TEL,584,S3,575056725,0,0,0,433,2928                            
2026-10-06T20:27:56.615	TEL,585,S3,575066725,0,0,0,433,2928                            
2026-10-06T20:27:56.615	TEL,586,S3,575076725,0,0,0,430,2928                            
2026-10-06T20:27:56.615	TEL,587,S3,575086725,0,0,0,430,2930                            
2026-10-06T20:27:56.615	TEL,588,S3,575096725,0,0,0,433,2930                            
2026-10-06T20:27:56.615	TEL,589,S3,575106725,0,0,0,433,2928                            
2026-10-06T20:27:56.615	TEL,590,S3,575116725,0,0,0,430,2928                            
2026-10-06T20:27:56.615	TEL,591,S3,575126725,0,0,0,430,2930                            
2026-10-06T20:27:56.615	TEL,592,S3,575136725,0,0,0,430,2930                            
2026-10-06T20:27:56.615	TEL,593,S3,575146725,0,0,0,430,2930                            
2026-10-06T20:27:56.615	TEL,594,S3,575156725,0,0,0,430,2930                            
2026-10-06T20:27:56.615	TEL,595,S3,575166725,0,0,0,430,2930                            
2026-10-06T20:27:56.615	TEL,596,S3,575176725,0,0,0,430,2930                            
2026-10-06T20:27:56.615	TEL,597,S3,575186725,0,0,0,430,2930                            
2026-10-06T20:27:56.615	TEL,598,S3,575196725,0,0,0,430,2930                            
2026-10-06T20:27:56.615	TEL,599,S3,575206725,0,0,0,430,2928                            
2026-10-06T20:27:56.615	TEL,600,S3,575216725,0,0,0,430,2928                            
2026-10-06T20:27:56.615	TEL,601,S3,575226725,0,0,0,428,2927                            
2026-10-06T20:27:56.615	TEL,602,S3,575236725,0,0,0,433,2927                            
2026-10-06T20:27:56.615	TEL,603,S3,575246725,0,0,0,436,2928                            
2026-10-06T20:27:56.615	TEL,604,S3,575256725,0,0,0,430,2928                            
2026-10-06T20:27:56.615	TEL,605,S3,575266725,0,0,0,430,2928                            
2026-10-06T20:27:56.615	TEL,606,S3,575276725,0,0,0,430,2928                            
2026-10-06T20:27:56.615	TEL,607,S3,575286725,0,0,0,430,2930                            
2026-10-06T20:27:56.615	TEL,608,S3,575296725,0,0,0,425,2930                            
2026-10-06T20:27:56.615	TEL,609,S3,575306725,0,0,0,425,2930                            
2026-10-06T20:27:56.615	TEL,610,S3,575316725,0,0,0,430,2930                            
2026-10-06T20:27:56.615	TEL,611,S3,575326725,0,0,0,430,2930                            
2026-10-06T20:27:56.615	TEL,612,S3,575336725,0,0,0,433,2930                            
2026-10-06T20:27:56.615	TEL,613,S3,575346725,0,0,0,433,2930                            
2026-10-06T20:27:56.615	TEL,614,S3,575356725,0,0,0,430,2930                            
2026-10-06T20:27:56.615	TEL,615,S3,575366725,0,0,0,430,2928                            
2026-10-06T20:27:56.615	TEL,616,S3,575376725,0,0,0,430,2928                            
2026-10-06T20:27:56.615	TEL,617,S3,575386725,0,0,0,430,2928                            
2026-10-06T20:27:56.615	TEL,618,S3,575396725,0,0,0,430,2928                            
2026-10-06T20:27:57.227	BTN,2,S3,PRESSED,575399895,575399902                           
2026-10-06T20:27:57.227	TEL,619,S3,575406725,0,0,0,430,2930                            
2026-10-06T20:27:57.227	TEL,620,S3,575416725,0,0,0,428,2930                            
2026-10-06T20:27:57.227	TEL,621,S3,575426725,0,0,0,428,2930                            
2026-10-06T20:27:57.227	TEL,622,S3,575436725,0,0,0,430,2930                            
2026-10-06T20:27:57.227	TEL,623,S3,575446725,0,0,0,430,2930                            
2026-10-06T20:27:57.227	TEL,624,S3,575456725,0,0,0,428,2930                            
2026-10-06T20:27:57.227	TEL,625,S3,575466725,0,0,0,425,2925                            
2026-10-06T20:27:57.227	TEL,626,S3,575476725,0,0,0,425,2925                            
2026-10-06T20:27:57.227	TEL,627,S3,575486725,0,0,0,428,2930                            
2026-10-06T20:27:57.227	TEL,628,S3,575496725,0,0,0,445,2930                            
2026-10-06T20:27:57.227	TEL,629,S3,575506725,0,0,0,445,2930                            
2026-10-06T20:27:57.227	TEL,630,S3,575516725,0,0,0,430,2930                            
2026-10-06T20:27:57.227	TEL,631,S3,575526725,0,0,0,430,2930                            
2026-10-06T20:27:57.227	TEL,632,S3,575536725,0,0,0,428,2930                            
2026-10-06T20:27:57.227	TEL,633,S3,575546725,0,0,0,428,2932                            
2026-10-06T20:27:57.227	TEL,634,S3,575556725,0,0,0,433,2932                            
2026-10-06T20:27:57.227	TEL,635,S3,575566725,0,0,0,430,2930                            
2026-10-06T20:27:57.227	TEL,636,S3,575576725,0,0,0,430,2930                            
2026-10-06T20:27:57.227	TEL,637,S3,575586725,0,0,0,430,2928                            
2026-10-06T20:27:57.227	TEL,638,S3,575596725,0,0,0,428,2928                            
2026-10-06T20:27:57.227	TEL,639,S3,575606725,0,0,0,428,2930                            
2026-10-06T20:27:57.227	TEL,640,S3,575616725,0,0,0,442,2930                            
2026-10-06T20:27:57.227	TEL,641,S3,575626725,0,0,0,442,2930                            
2026-10-06T20:27:57.227	TEL,642,S3,575636725,0,0,0,425,2930                            
2026-10-06T20:27:57.227	TEL,643,S3,575646725,0,0,0,419,2925                            
2026-10-06T20:27:57.227	TEL,644,S3,575656725,0,0,0,428,2925                            
2026-10-06T20:27:57.227	TEL,645,S3,575666725,0,0,0,430,2930                            
2026-10-06T20:27:57.227	TEL,646,S3,575676725,0,0,0,430,2930                            
2026-10-06T20:27:57.227	TEL,647,S3,575686725,0,0,0,430,2930                            
2026-10-06T20:27:57.227	TEL,648,S3,575696725,0,0,0,436,2930                            
2026-10-06T20:27:57.227	TEL,649,S3,575706725,0,0,0,436,2930                            
2026-10-06T20:27:57.227	TEL,650,S3,575716725,0,0,0,428,2930                            
2026-10-06T20:27:57.227	TEL,651,S3,575726725,0,0,0,428,2930                            
2026-10-06T20:27:57.227	TEL,652,S3,575736725,0,0,0,430,2930                            
2026-10-06T20:27:57.227	TEL,653,S3,575746725,0,0,0,430,2930                            
2026-10-06T20:27:57.227	TEL,654,S3,575756725,0,0,0,430,2930                            
2026-10-06T20:27:57.227	TEL,655,S3,575766725,0,0,0,430,2930                            
2026-10-06T20:27:57.227	TEL,656,S3,575776725,0,0,0,430,2930                            
2026-10-06T20:27:57.227	TEL,657,S3,575786725,0,0,0,433,2932                            
2026-10-06T20:27:57.227	TEL,658,S3,575796725,0,0,0,433,2932                            
2026-10-06T20:27:57.227	TEL,659,S3,575806725,0,0,0,428,2925                            
2026-10-06T20:27:57.227	TEL,660,S3,575816725,0,0,0,430,2925                            
2026-10-06T20:27:57.227	TEL,661,S3,575826725,0,0,0,436,2930                            
2026-10-06T20:27:57.227	TEL,662,S3,575836725,0,0,0,428,2930                            
2026-10-06T20:27:57.227	TEL,663,S3,575846725,0,0,0,428,2930                            
2026-10-06T20:27:57.227	TEL,664,S3,575856725,0,0,0,419,2930                            
2026-10-06T20:27:57.227	TEL,665,S3,575866725,0,0,0,419,2930                            
2026-10-06T20:27:57.227	TEL,666,S3,575876725,0,0,0,430,2930                            
2026-10-06T20:27:57.227	TEL,667,S3,575886725,0,0,0,430,2928                            
2026-10-06T20:27:57.227	TEL,668,S3,575896725,0,0,0,430,2928                            
2026-10-06T20:27:57.227	TEL,669,S3,575906725,0,0,0,430,2930                            
2026-10-06T20:27:57.227	TEL,670,S3,575916725,0,0,0,425,2930                            
2026-10-06T20:27:57.227	TEL,671,S3,575926725,0,0,0,425,2930                            
2026-10-06T20:27:57.227	TEL,672,S3,575936725,0,0,0,428,2930                            
2026-10-06T20:27:57.227	TEL,673,S3,575946725,0,0,0,428,2930                            
2026-10-06T20:27:57.227	TEL,674,S3,575956725,0,0,0,428,2930                            
2026-10-06T20:27:57.227	TEL,675,S3,575966725,0,0,0,428,2928                            
2026-10-06T20:27:57.227	TEL,676,S3,575976725,0,0,0,428,2928                            
2026-10-06T20:27:57.227	TEL,677,S3,575986725,0,0,0,428,2930                            
2026-10-06T20:27:57.227	TEL,678,S3,575996725,0,0,0,433,2930                            
2026-10-06T20:27:57.227	TEL,679,S3,576006725,0,0,0,433,2928                            
2026-10-06T20:27:57.839	TEL,680,S3,576016725,0,0,0,436,2928                            
2026-10-06T20:27:57.839	TEL,681,S3,576026725,0,0,0,436,2928                            
2026-10-06T20:27:57.839	TEL,682,S3,576036725,0,0,0,436,2928                            
2026-10-06T20:27:57.839	TEL,683,S3,576046725,0,0,0,439,2930                            
2026-10-06T20:27:57.839	TEL,684,S3,576056725,0,0,0,430,2930                            
2026-10-06T20:27:57.839	TEL,685,S3,576066725,0,0,0,428,2925                            
2026-10-06T20:27:57.839	TEL,686,S3,576076725,0,0,0,428,2925                            
2026-10-06T20:27:57.839	TEL,687,S3,576086725,0,0,0,430,2930                            
2026-10-06T20:27:57.839	TEL,688,S3,576096725,0,0,0,428,2930                            
2026-10-06T20:27:57.839	TEL,689,S3,576106725,0,0,0,428,2930                            
2026-10-06T20:27:57.839	TEL,690,S3,576116725,0,0,0,430,2930                            
2026-10-06T20:27:57.839	TEL,691,S3,576126725,0,0,0,433,2932                            
2026-10-06T20:27:57.839	TEL,692,S3,576136725,0,0,0,430,2932                            
2026-10-06T20:27:57.839	TEL,693,S3,576146725,0,0,0,428,2930                            
2026-10-06T20:27:57.839	TEL,694,S3,576156725,0,0,0,428,2930                            
2026-10-06T20:27:57.839	TEL,695,S3,576166725,0,0,0,428,2930                            
2026-10-06T20:27:57.839	BTN,3,S3,PRESSED,576172900,576172907                           
2026-10-06T20:27:57.839	TEL,696,S3,576176725,0,0,0,428,2930                            
2026-10-06T20:27:57.839	TEL,697,S3,576186725,0,0,0,430,2932                            
2026-10-06T20:27:57.839	TEL,698,S3,576196725,0,0,0,425,2932                            
2026-10-06T20:27:57.839	TEL,699,S3,576206725,0,0,0,422,2928                            
2026-10-06T20:27:57.839	TEL,700,S3,576216725,0,0,0,436,2928                            
2026-10-06T20:27:57.839	TEL,701,S3,576226725,0,0,0,439,2930                            
2026-10-06T20:27:57.839	TEL,702,S3,576236725,0,0,0,439,2930                            
2026-10-06T20:27:57.839	TEL,703,S3,576246725,0,0,0,436,2928                            
2026-10-06T20:27:57.839	TEL,704,S3,576256725,0,0,0,428,2928                            
2026-10-06T20:27:57.839	TEL,705,S3,576266725,0,0,0,428,2930                            
2026-10-06T20:27:57.839	TEL,706,S3,576276725,0,0,0,430,2930                            
2026-10-06T20:27:57.839	TEL,707,S3,576286725,0,0,0,430,2928                            
2026-10-06T20:27:57.839	TEL,708,S3,576296725,0,0,0,430,2928                            
2026-10-06T20:27:57.839	TEL,709,S3,576306725,0,0,0,430,2930                            
2026-10-06T20:27:57.839	TEL,710,S3,576316725,0,0,0,430,2930                            
2026-10-06T20:27:57.839	TEL,711,S3,576326725,0,0,0,430,2930                            
2026-10-06T20:27:57.839	TEL,712,S3,576336725,0,0,0,430,2930                            
2026-10-06T20:27:57.839	TEL,713,S3,576346725,0,0,0,430,2930                            
2026-10-06T20:27:57.839	TEL,714,S3,576356725,0,0,0,419,2930                            
2026-10-06T20:27:57.839	TEL,715,S3,576366725,0,0,0,416,2928                            
2026-10-06T20:27:57.839	TEL,716,S3,576376725,0,0,0,430,2928                            
2026-10-06T20:27:57.839	TEL,717,S3,576386725,0,0,0,430,2930                            
2026-10-06T20:27:57.839	TEL,718,S3,576396725,0,0,0,433,2930                            
2026-10-06T20:27:57.839	TEL,719,S3,576406725,0,0,0,433,2928                            
2026-10-06T20:27:57.839	TEL,720,S3,576416725,0,0,0,430,2928                            
2026-10-06T20:27:57.839	TEL,721,S3,576426725,0,0,0,430,2928                            
2026-10-06T20:27:57.839	TEL,722,S3,576436725,0,0,0,428,2928                            
2026-10-06T20:27:57.839	TEL,723,S3,576446725,0,0,0,428,2930                            
2026-10-06T20:27:57.839	TEL,724,S3,576456725,0,0,0,442,2930                            
2026-10-06T20:27:57.839	TEL,725,S3,576466725,0,0,0,442,2930                            
2026-10-06T20:27:57.839	TEL,726,S3,576476725,0,0,0,433,2930                            
2026-10-06T20:27:57.839	TEL,727,S3,576486725,0,0,0,433,2930                            
2026-10-06T20:27:57.839	TEL,728,S3,576496725,0,0,0,430,2930                            
2026-10-06T20:27:57.839	TEL,729,S3,576506725,0,0,0,430,2928                            
2026-10-06T20:27:57.839	TEL,730,S3,576516725,0,0,0,428,2928                            
2026-10-06T20:27:57.839	TEL,731,S3,576526725,0,0,0,428,2930                            
2026-10-06T20:27:57.839	TEL,732,S3,576536725,0,0,0,425,2930                            
2026-10-06T20:27:57.839	TEL,733,S3,576546725,0,0,0,422,2927                            
2026-10-06T20:27:57.839	TEL,734,S3,576556725,0,0,0,425,2927                            
2026-10-06T20:27:57.839	TEL,735,S3,576566725,0,0,0,428,2928                            
2026-10-06T20:27:57.839	TEL,736,S3,576576725,0,0,0,430,2928                            
2026-10-06T20:27:57.839	TEL,737,S3,576586725,0,0,0,430,2928                            
2026-10-06T20:27:57.839	TEL,738,S3,576596725,0,0,0,428,2928                            
2026-10-06T20:27:57.839	TEL,739,S3,576606725,0,0,0,428,2930                            
2026-10-06T20:27:57.839	TEL,740,S3,576616725,0,0,0,439,2930                            
2026-10-06T20:27:58.445	TEL,741,S3,576626725,0,0,0,439,2930                            
2026-10-06T20:27:58.445	TEL,742,S3,576636725,0,0,0,430,2930                            
2026-10-06T20:27:58.445	TEL,743,S3,576646725,0,0,0,430,2930                            
2026-10-06T20:27:58.445	TEL,744,S3,576656725,0,0,0,430,2930                            
2026-10-06T20:27:58.445	TEL,745,S3,576666725,0,0,0,430,2928                            
2026-10-06T20:27:58.445	TEL,746,S3,576676725,0,0,0,422,2928                            
2026-10-06T20:27:58.445	TEL,747,S3,576686725,0,0,0,422,2928                            
2026-10-06T20:27:58.445	TEL,748,S3,576696725,0,0,0,430,2928                            
2026-10-06T20:27:58.445	TEL,749,S3,576706725,0,0,0,430,2928                            
2026-10-06T20:27:58.445	TEL,750,S3,576716725,0,0,0,422,2928                            
2026-10-06T20:27:58.445	TEL,751,S3,576726725,0,0,0,422,2928                            
2026-10-06T20:27:58.445	TEL,752,S3,576736725,0,0,0,430,2928                            
2026-10-06T20:27:58.445	TEL,753,S3,576746725,0,0,0,433,2932                            
2026-10-06T20:27:58.445	TEL,754,S3,576756725,0,0,0,439,2932                            
2026-10-06T20:27:58.445	TEL,755,S3,576766725,0,0,0,436,2928                            
2026-10-06T20:27:58.445	TEL,756,S3,576776725,0,0,0,428,2928                            
2026-10-06T20:27:58.445	TEL,757,S3,576786725,0,0,0,428,2928                            
2026-10-06T20:27:58.445	TEL,758,S3,576796725,0,0,0,430,2928                            
2026-10-06T20:27:58.445	TEL,759,S3,576806725,0,0,0,430,2928                            
2026-10-06T20:27:58.445	TEL,760,S3,576816725,0,0,0,433,2928                            
2026-10-06T20:27:58.445	TEL,761,S3,576826725,0,0,0,425,2921                            
2026-10-06T20:27:58.445	BTN,4,S3,PRESSED,576834906,576834913                           
2026-10-06T20:27:58.445	TEL,762,S3,576836725,0,0,0,422,2921                            
2026-10-06T20:27:58.445	TEL,763,S3,576846725,0,0,0,442,2942                            
2026-10-06T20:27:58.445	TEL,764,S3,576856725,0,0,0,436,2942                            
2026-10-06T20:27:58.445	TEL,765,S3,576866725,0,0,0,425,2930                            
2026-10-06T20:27:58.445	TEL,766,S3,576876725,0,0,0,439,2930                            
2026-10-06T20:27:58.445	TEL,767,S3,576886725,0,0,0,439,2930                            
2026-10-06T20:27:58.445	TEL,768,S3,576896725,0,0,0,430,2930                            
2026-10-06T20:27:58.445	TEL,769,S3,576906725,0,0,0,430,2928                            
2026-10-06T20:27:58.445	TEL,770,S3,576916725,0,0,0,430,2928                            
2026-10-06T20:27:58.445	TEL,771,S3,576926725,0,0,0,433,2932                            
2026-10-06T20:27:58.445	TEL,772,S3,576936725,0,0,0,433,2932                            
2026-10-06T20:27:58.445	TEL,773,S3,576946725,0,0,0,430,2930                            
2026-10-06T20:27:58.445	TEL,774,S3,576956725,0,0,0,430,2930                            
2026-10-06T20:27:58.445	TEL,775,S3,576966725,0,0,0,430,2930                            
2026-10-06T20:27:58.445	TEL,776,S3,576976725,0,0,0,428,2930                            
2026-10-06T20:27:58.445	TEL,777,S3,576986725,0,0,0,428,2928                            
2026-10-06T20:27:58.445	TEL,778,S3,576996725,0,0,0,430,2928                            
2026-10-06T20:27:58.445	TEL,779,S3,577006725,0,0,0,430,2930                            
2026-10-06T20:27:58.445	TEL,780,S3,577016725,0,0,0,439,2930                            
2026-10-06T20:27:58.445	TEL,781,S3,577026725,0,0,0,433,2923                            
2026-10-06T20:27:58.445	TEL,782,S3,577036725,0,0,0,425,2923                            
2026-10-06T20:27:58.445	TEL,783,S3,577046725,0,0,0,430,2928                            
2026-10-06T20:27:58.445	TEL,784,S3,577056725,0,0,0,436,2928                            
2026-10-06T20:27:58.445	TEL,785,S3,577066725,0,0,0,439,2930                            
2026-10-06T20:27:58.445	TEL,786,S3,577076725,0,0,0,428,2930                            
2026-10-06T20:27:58.445	TEL,787,S3,577086725,0,0,0,428,2930                            
2026-10-06T20:27:58.445	TEL,788,S3,577096725,0,0,0,430,2930                            
2026-10-06T20:27:58.445	TEL,789,S3,577106725,0,0,0,428,2925                            
2026-10-06T20:27:58.445	TEL,790,S3,577116725,0,0,0,428,2925                            
2026-10-06T20:27:58.445	TEL,791,S3,577126725,0,0,0,425,2923                            
2026-10-06T20:27:58.445	TEL,792,S3,577136725,0,0,0,425,2923                            
2026-10-06T20:27:58.445	TEL,793,S3,577146725,0,0,0,430,2930                            
2026-10-06T20:27:58.445	TEL,794,S3,577156725,0,0,0,430,2930                            
2026-10-06T20:27:58.445	TEL,795,S3,577166725,0,0,0,430,2930                            
2026-10-06T20:27:58.445	TEL,796,S3,577176725,0,0,0,430,2930                            
2026-10-06T20:27:58.445	TEL,797,S3,577186725,0,0,0,430,2930                            
2026-10-06T20:27:58.445	TEL,798,S3,577196725,0,0,0,430,2930                            
2026-10-06T20:27:58.445	TEL,799,S3,577206725,0,0,0,430,2930                            
2026-10-06T20:27:58.445	TEL,800,S3,577216725,0,0,0,425,2930                            
2026-10-06T20:27:58.445	TEL,801,S3,577226725,0,0,0,425,2930                            
2026-10-06T20:27:59.059	TEL,802,S3,577236725,0,0,0,419,2930                            
2026-10-06T20:27:59.059	TEL,803,S3,577246725,0,0,0,413,2923                            
2026-10-06T20:27:59.059	TEL,804,S3,577256725,0,0,0,425,2923                            
2026-10-06T20:27:59.059	TEL,805,S3,577266725,0,0,0,430,2930                            
2026-10-06T20:27:59.059	TEL,806,S3,577276725,0,0,0,428,2930                            
2026-10-06T20:27:59.059	TEL,807,S3,577286725,0,0,0,428,2930                            
2026-10-06T20:27:59.059	TEL,808,S3,577296725,0,0,0,428,2930                            
2026-10-06T20:27:59.059	TEL,809,S3,577306725,0,0,0,428,2930                            
2026-10-06T20:27:59.059	TEL,810,S3,577316725,0,0,0,433,2930                            
2026-10-06T20:27:59.059	TEL,811,S3,577326725,0,0,0,433,2930                            
2026-10-06T20:27:59.059	TEL,812,S3,577336725,0,0,0,422,2930                            
2026-10-06T20:27:59.059	TEL,813,S3,577346725,0,0,0,422,2930                            
2026-10-06T20:27:59.059	TEL,814,S3,577356725,0,0,0,428,2930                            
2026-10-06T20:27:59.059	TEL,815,S3,577366725,0,0,0,425,2928                            
2026-10-06T20:27:59.059	TEL,816,S3,577376725,0,0,0,433,2928                            
2026-10-06T20:27:59.059	TEL,817,S3,577386725,0,0,0,433,2930                            
2026-10-06T20:27:59.059	TEL,818,S3,577396725,0,0,0,430,2930                            
2026-10-06T20:27:59.059	TEL,819,S3,577406725,0,0,0,430,2930                            
2026-10-06T20:27:59.059	TEL,820,S3,577416725,0,0,0,428,2930                            
2026-10-06T20:27:59.059	BTN,5,S3,PRESSED,577425911,577425918                           
2026-10-06T20:27:59.059	TEL,821,S3,577426725,0,0,0,428,2928                            
2026-10-06T20:27:59.059	TEL,822,S3,577436725,0,0,0,416,2928                            
2026-10-06T20:27:59.059	TEL,823,S3,577446725,0,0,0,419,2930                            
2026-10-06T20:27:59.059	TEL,824,S3,577456725,0,0,0,430,2930                            
2026-10-06T20:27:59.059	TEL,825,S3,577466725,0,0,0,430,2928                            
2026-10-06T20:27:59.059	TEL,826,S3,577476725,0,0,0,439,2928                            
2026-10-06T20:27:59.059	TEL,827,S3,577486725,0,0,0,439,2928                            
2026-10-06T20:27:59.059	TEL,828,S3,577496725,0,0,0,433,2928                            
2026-10-06T20:27:59.059	TEL,829,S3,577506725,0,0,0,433,2930                            
2026-10-06T20:27:59.059	TEL,830,S3,577516725,0,0,0,436,2930                            
2026-10-06T20:27:59.059	TEL,831,S3,577526725,0,0,0,436,2928                            
2026-10-06T20:27:59.059	TEL,832,S3,577536725,0,0,0,430,2928                            
2026-10-06T20:27:59.059	TEL,833,S3,577546725,0,0,0,430,2928                            
2026-10-06T20:27:59.059	TEL,834,S3,577556725,0,0,0,430,2928                            
2026-10-06T20:27:59.059	TEL,835,S3,577566725,0,0,0,428,2925                            
2026-10-06T20:27:59.059	TEL,836,S3,577576725,0,0,0,419,2925                            
2026-10-06T20:27:59.059	TEL,837,S3,577586725,0,0,0,422,2928                            
2026-10-06T20:27:59.059	TEL,838,S3,577596725,0,0,0,436,2928                            
2026-10-06T20:27:59.059	TEL,839,S3,577606725,0,0,0,439,2930                            
2026-10-06T20:27:59.059	TEL,840,S3,577616725,0,0,0,433,2930                            
2026-10-06T20:27:59.059	TEL,841,S3,577626725,0,0,0,433,2928                            
2026-10-06T20:27:59.059	TEL,842,S3,577636725,0,0,0,422,2928                            
2026-10-06T20:27:59.059	TEL,843,S3,577646725,0,0,0,425,2930                            
2026-10-06T20:27:59.059	TEL,844,S3,577656725,0,0,0,430,2930                            
2026-10-06T20:27:59.059	TEL,845,S3,577666725,0,0,0,430,2930                            
2026-10-06T20:27:59.059	TEL,846,S3,577676725,0,0,0,422,2930                            
2026-10-06T20:27:59.059	TEL,847,S3,577686725,0,0,0,422,2930                            
2026-10-06T20:27:59.059	TEL,848,S3,577696725,0,0,0,428,2930                            
2026-10-06T20:27:59.059	TEL,849,S3,577706725,0,0,0,428,2930                            
2026-10-06T20:27:59.059	TEL,850,S3,577716725,0,0,0,430,2930                            
2026-10-06T20:27:59.059	TEL,851,S3,577726725,0,0,0,430,2930                            
2026-10-06T20:27:59.059	TEL,852,S3,577736725,0,0,0,425,2930                            
2026-10-06T20:27:59.059	TEL,853,S3,577746725,0,0,0,425,2930                            
2026-10-06T20:27:59.059	TEL,854,S3,577756725,0,0,0,430,2930                            
2026-10-06T20:27:59.059	TEL,855,S3,577766725,0,0,0,430,2930                            
2026-10-06T20:27:59.059	TEL,856,S3,577776725,0,0,0,436,2930                            
2026-10-06T20:27:59.059	TEL,857,S3,577786725,0,0,0,436,2930                            
2026-10-06T20:27:59.059	TEL,858,S3,577796725,0,0,0,433,2930                            
2026-10-06T20:27:59.059	TEL,859,S3,577806725,0,0,0,433,2930                            
2026-10-06T20:27:59.059	TEL,860,S3,577816725,0,0,0,430,2930                            
2026-10-06T20:27:59.059	TEL,861,S3,577826725,0,0,0,430,2928                            
2026-10-06T20:27:59.059	TEL,862,S3,577836725,0,0,0,428,2928                            
2026-10-06T20:27:59.669	TEL,863,S3,577846725,0,0,0,428,2930                            
2026-10-06T20:27:59.669	TEL,864,S3,577856725,0,0,0,430,2930                            
2026-10-06T20:27:59.669	TEL,865,S3,577866725,0,0,0,430,2930                            
2026-10-06T20:27:59.669	TEL,866,S3,577876725,0,0,0,433,2930                            
2026-10-06T20:27:59.669	TEL,867,S3,577886725,0,0,0,433,2928                            
2026-10-06T20:27:59.669	TEL,868,S3,577896725,0,0,0,422,2928                            
2026-10-06T20:27:59.669	TEL,869,S3,577906725,0,0,0,422,2928                            
2026-10-06T20:27:59.669	TEL,870,S3,577916725,0,0,0,430,2928                            
2026-10-06T20:27:59.669	TEL,871,S3,577926725,0,0,0,430,2928                            
2026-10-06T20:27:59.669	TEL,872,S3,577936725,0,0,0,430,2928                            
2026-10-06T20:27:59.669	TEL,873,S3,577946725,0,0,0,430,2928                            
2026-10-06T20:27:59.669	TEL,874,S3,577956725,0,0,0,430,2928                            
2026-10-06T20:27:59.669	TEL,875,S3,577966725,0,0,0,430,2930                            
2026-10-06T20:27:59.669	TEL,876,S3,577976725,0,0,0,425,2930                            
2026-10-06T20:27:59.669	TEL,877,S3,577986725,0,0,0,422,2928                            
2026-10-06T20:27:59.669	TEL,878,S3,577996725,0,0,0,430,2928                            
2026-10-06T20:27:59.669	TEL,879,S3,578006725,0,0,0,430,2928                            
2026-10-06T20:27:59.669	TEL,880,S3,578016725,0,0,0,430,2928                            
2026-10-06T20:27:59.669	TEL,881,S3,578026725,0,0,0,430,2928                            
2026-10-06T20:27:59.669	TEL,882,S3,578036725,0,0,0,433,2928                            
2026-10-06T20:27:59.669	TEL,883,S3,578046725,0,0,0,433,2930                            
2026-10-06T20:27:59.669	TEL,884,S3,578056725,0,0,0,430,2930                            
2026-10-06T20:27:59.669	TEL,885,S3,578066725,0,0,0,430,2930                            
2026-10-06T20:27:59.669	TEL,886,S3,578076725,0,0,0,430,2930                            
2026-10-06T20:27:59.669	TEL,887,S3,578086725,0,0,0,433,2932                            
2026-10-06T20:27:59.669	TEL,888,S3,578096725,0,0,0,433,2932                            
2026-10-06T20:27:59.669	TEL,889,S3,578106725,0,0,0,430,2928                            
2026-10-06T20:27:59.669	TEL,890,S3,578116725,0,0,0,430,2928                            
2026-10-06T20:27:59.669	TEL,891,S3,578126725,0,0,0,430,2928                            
2026-10-06T20:27:59.669	TEL,892,S3,578136725,0,0,0,433,2928                            
2026-10-06T20:27:59.669	TEL,893,S3,578146725,0,0,0,433,2928                            
2026-10-06T20:27:59.669	TEL,894,S3,578156725,0,0,0,425,2928                            
2026-10-06T20:27:59.669	TEL,895,S3,578166725,0,0,0,425,2928                            
2026-10-06T20:27:59.669	TEL,896,S3,578176725,0,0,0,430,2928                            
2026-10-06T20:27:59.669	TEL,897,S3,578186725,0,0,0,430,2928                            
2026-10-06T20:27:59.669	TEL,898,S3,578196725,0,0,0,430,2928                            
2026-10-06T20:27:59.669	TEL,899,S3,578206725,0,0,0,430,2930                            
2026-10-06T20:27:59.669	BTN,6,S3,PRESSED,578214917,578214924                           
2026-10-06T20:27:59.669	TEL,900,S3,578216725,0,0,0,428,2930                            
2026-10-06T20:27:59.669	TEL,901,S3,578226725,0,0,0,442,2942                            
2026-10-06T20:27:59.669	TEL,902,S3,578236725,0,0,0,436,2942                            
2026-10-06T20:27:59.669	TEL,903,S3,578246725,0,0,0,425,2930                            
2026-10-06T20:27:59.669	TEL,904,S3,578256725,0,0,0,430,2930                            
2026-10-06T20:27:59.669	TEL,905,S3,578266725,0,0,0,430,2930                            
2026-10-06T20:27:59.669	TEL,906,S3,578276725,0,0,0,428,2930                            
2026-10-06T20:27:59.669	TEL,907,S3,578286725,0,0,0,428,2930                            
2026-10-06T20:27:59.669	TEL,908,S3,578296725,0,0,0,433,2930                            
2026-10-06T20:27:59.669	TEL,909,S3,578306725,0,0,0,433,2930                            
2026-10-06T20:27:59.669	TEL,910,S3,578316725,0,0,0,430,2930                            
2026-10-06T20:27:59.669	TEL,911,S3,578326725,0,0,0,430,2930                            
2026-10-06T20:27:59.669	TEL,912,S3,578336725,0,0,0,428,2930                            
2026-10-06T20:27:59.669	TEL,913,S3,578346725,0,0,0,428,2930                            
2026-10-06T20:27:59.669	TEL,914,S3,578356725,0,0,0,430,2930                            
2026-10-06T20:27:59.669	TEL,915,S3,578366725,0,0,0,430,2928                            
2026-10-06T20:27:59.669	TEL,916,S3,578376725,0,0,0,428,2928                            
2026-10-06T20:27:59.669	TEL,917,S3,578386725,0,0,0,428,2930                            
2026-10-06T20:27:59.669	TEL,918,S3,578396725,0,0,0,430,2930                            
2026-10-06T20:27:59.669	TEL,919,S3,578406725,0,0,0,430,2930                            
2026-10-06T20:27:59.669	TEL,920,S3,578416725,0,0,0,430,2930                            
2026-10-06T20:27:59.669	TEL,921,S3,578426725,0,0,0,430,2930                            
2026-10-06T20:27:59.669	TEL,922,S3,578436725,0,0,0,428,2930                            
2026-10-06T20:27:59.669	TEL,923,S3,578446725,0,0,0,428,2928                            
2026-10-06T20:28:00.278	TEL,924,S3,578456725,0,0,0,433,2928                            
2026-10-06T20:28:00.278	TEL,925,S3,578466725,0,0,0,433,2930                            
2026-10-06T20:28:00.278	TEL,926,S3,578476725,0,0,0,433,2930                            
2026-10-06T20:28:00.278	TEL,927,S3,578486725,0,0,0,433,2930                            
2026-10-06T20:28:00.278	TEL,928,S3,578496725,0,0,0,430,2930                            
2026-10-06T20:28:00.278	TEL,929,S3,578506725,0,0,0,430,2930                            
2026-10-06T20:28:00.278	TEL,930,S3,578516725,0,0,0,430,2930                            
2026-10-06T20:28:00.278	TEL,931,S3,578526725,0,0,0,433,2932                            
2026-10-06T20:28:00.278	TEL,932,S3,578536725,0,0,0,439,2932                            
2026-10-06T20:28:00.278	TEL,933,S3,578546725,0,0,0,436,2928                            
2026-10-06T20:28:00.279	TEL,934,S3,578556725,0,0,0,436,2928                            
2026-10-06T20:28:00.279	TEL,935,S3,578566725,0,0,0,436,2928                            
2026-10-06T20:28:00.279	TEL,936,S3,578576725,0,0,0,425,2928                            
2026-10-06T20:28:00.279	TEL,937,S3,578586725,0,0,0,428,2930                            
2026-10-06T20:28:00.279	TEL,938,S3,578596725,0,0,0,430,2930                            
2026-10-06T20:28:00.279	TEL,939,S3,578606725,0,0,0,433,2932                            
2026-10-06T20:28:00.279	TEL,940,S3,578616725,0,0,0,433,2932                            
2026-10-06T20:28:00.279	TEL,941,S3,578626725,0,0,0,430,2930                            
2026-10-06T20:28:00.279	TEL,942,S3,578636725,0,0,0,425,2930                            
2026-10-06T20:28:00.279	TEL,943,S3,578646725,0,0,0,425,2930                            
2026-10-06T20:28:00.279	TEL,944,S3,578656725,0,0,0,422,2930                            
2026-10-06T20:28:00.279	TEL,945,S3,578666725,0,0,0,419,2928                            
2026-10-06T20:28:00.279	TEL,946,S3,578676725,0,0,0,436,2928                            
2026-10-06T20:28:00.279	TEL,947,S3,578686725,0,0,0,436,2930                            
2026-10-06T20:28:00.279	TEL,948,S3,578696725,0,0,0,433,2930                            
2026-10-06T20:28:00.279	TEL,949,S3,578706725,0,0,0,433,2930                            
2026-10-06T20:28:00.279	TEL,950,S3,578716725,0,0,0,430,2930                            
2026-10-06T20:28:00.279	TEL,951,S3,578726725,0,0,0,430,2930                            
2026-10-06T20:28:00.279	TEL,952,S3,578736725,0,0,0,428,2930                            
2026-10-06T20:28:00.279	TEL,953,S3,578746725,0,0,0,422,2923                            
2026-10-06T20:28:00.279	TEL,954,S3,578756725,0,0,0,425,2923                            
2026-10-06T20:28:00.279	TEL,955,S3,578766725,0,0,0,428,2925                            
2026-10-06T20:28:00.279	TEL,956,S3,578776725,0,0,0,419,2925                            
2026-10-06T20:28:00.279	TEL,957,S3,578786725,0,0,0,425,2930                            
2026-10-06T20:28:00.279	TEL,958,S3,578796725,0,0,0,430,2930                            
2026-10-06T20:28:00.279	TEL,959,S3,578806725,0,0,0,430,2928                            
2026-10-06T20:28:00.279	TEL,960,S3,578816725,0,0,0,430,2928                            
2026-10-06T20:28:00.279	TEL,961,S3,578826725,0,0,0,430,2928                            
2026-10-06T20:28:00.279	TEL,962,S3,578836725,0,0,0,433,2928                            
2026-10-06T20:28:00.279	TEL,963,S3,578846725,0,0,0,436,2932                            
2026-10-06T20:28:00.279	TEL,964,S3,578856725,0,0,0,425,2932                            
2026-10-06T20:28:00.279	BTN,7,S3,PRESSED,578856922,578856929                           
2026-10-06T20:28:00.279	TEL,965,S3,578866725,0,0,0,422,2928                            
2026-10-06T20:28:00.279	TEL,966,S3,578876725,0,0,0,433,2928                            
2026-10-06T20:28:00.280	TEL,967,S3,578886725,0,0,0,433,2928                            
2026-10-06T20:28:00.280	TEL,968,S3,578896725,0,0,0,422,2928                            
2026-10-06T20:28:00.280	TEL,969,S3,578906725,0,0,0,425,2930                            
2026-10-06T20:28:00.280	TEL,970,S3,578916725,0,0,0,430,2930                            
2026-10-06T20:28:00.280	TEL,971,S3,578926725,0,0,0,430,2930                            
2026-10-06T20:28:00.280	TEL,972,S3,578936725,0,0,0,436,2930                            
2026-10-06T20:28:00.280	TEL,973,S3,578946725,0,0,0,436,2930                            
2026-10-06T20:28:00.280	TEL,974,S3,578956725,0,0,0,428,2930                            
2026-10-06T20:28:00.280	TEL,975,S3,578966725,0,0,0,428,2930                            
2026-10-06T20:28:00.280	TEL,976,S3,578976725,0,0,0,430,2930                            
2026-10-06T20:28:00.280	TEL,977,S3,578986725,0,0,0,430,2930                            
2026-10-06T20:28:00.280	TEL,978,S3,578996725,0,0,0,430,2930                            
2026-10-06T20:28:00.280	TEL,979,S3,579006725,0,0,0,430,2928                            
2026-10-06T20:28:00.280	TEL,980,S3,579016725,0,0,0,430,2928                            
2026-10-06T20:28:00.280	TEL,981,S3,579026725,0,0,0,430,2930                            
2026-10-06T20:28:00.280	TEL,982,S3,579036725,0,0,0,428,2930                            
2026-10-06T20:28:00.280	TEL,983,S3,579046725,0,0,0,428,2930                            
2026-10-06T20:28:00.280	TEL,984,S3,579056725,0,0,0,428,2930                            
2026-10-06T20:28:00.897	TEL,985,S3,579066725,0,0,0,428,2930                            
2026-10-06T20:28:00.897	TEL,986,S3,579076725,0,0,0,428,2930                            
2026-10-06T20:28:00.897	TEL,987,S3,579086725,0,0,0,425,2928                            
2026-10-06T20:28:00.897	TEL,988,S3,579096725,0,0,0,428,2928                            
2026-10-06T20:28:00.897	TEL,989,S3,579106725,0,0,0,428,2930                            
2026-10-06T20:28:00.897	TEL,990,S3,579116725,0,0,0,428,2930                            
2026-10-06T20:28:00.897	TEL,991,S3,579126725,0,0,0,422,2923                            
2026-10-06T20:28:00.897	TEL,992,S3,579136725,0,0,0,416,2923                            
2026-10-06T20:28:00.897	TEL,993,S3,579146725,0,0,0,419,2925                            
2026-10-06T20:28:00.897	TEL,994,S3,579156725,0,0,0,425,2925                            
2026-10-06T20:28:00.897	TEL,995,S3,579166725,0,0,0,428,2930                            
2026-10-06T20:28:00.897	TEL,996,S3,579176725,0,0,0,433,2930                            
2026-10-06T20:28:00.897	TEL,997,S3,579186725,0,0,0,433,2930                            
2026-10-06T20:28:00.897	TEL,998,S3,579196725,0,0,0,419,2930                            
2026-10-06T20:28:00.897	TEL,999,S3,579206725,0,0,0,419,2930                            
2026-10-06T20:28:00.897	TEL,1000,S3,579216725,0,0,0,428,2930                           
2026-10-06T20:28:00.897	TEL,1001,S3,579226725,0,0,0,428,2932                           
2026-10-06T20:28:00.897	TEL,1002,S3,579236725,0,0,0,436,2932                           
2026-10-06T20:28:00.897	TEL,1003,S3,579246725,0,0,0,433,2928                           
2026-10-06T20:28:00.897	TEL,1004,S3,579256725,0,0,0,428,2928                           
2026-10-06T20:28:00.897	TEL,1005,S3,579266725,0,0,0,428,2928                           
2026-10-06T20:28:00.897	TEL,1006,S3,579276725,0,0,0,428,2928                           
2026-10-06T20:28:00.897	TEL,1007,S3,579286725,0,0,0,430,2932                           
2026-10-06T20:28:00.897	TEL,1008,S3,579296725,0,0,0,436,2932                           
2026-10-06T20:28:00.897	TEL,1009,S3,579306725,0,0,0,436,2932                           
2026-10-06T20:28:00.897	TEL,1010,S3,579316725,0,0,0,436,2932                           
2026-10-06T20:28:00.897	TEL,1011,S3,579326725,0,0,0,436,2932                           
2026-10-06T20:28:00.897	TEL,1012,S3,579336725,0,0,0,433,2932                           
2026-10-06T20:28:00.897	TEL,1013,S3,579346725,0,0,0,430,2928                           
2026-10-06T20:28:00.897	TEL,1014,S3,579356725,0,0,0,433,2928                           
2026-10-06T20:28:00.897	TEL,1015,S3,579366725,0,0,0,433,2928                           
2026-10-06T20:28:00.897	TEL,1016,S3,579376725,0,0,0,428,2928                           
2026-10-06T20:28:00.897	TEL,1017,S3,579386725,0,0,0,430,2932                           
2026-10-06T20:28:00.897	TEL,1018,S3,579396725,0,0,0,436,2932                           
2026-10-06T20:28:00.897	TEL,1019,S3,579406725,0,0,0,433,2928                           
2026-10-06T20:28:00.897	TEL,1020,S3,579416725,0,0,0,433,2928                           
2026-10-06T20:28:00.897	TEL,1021,S3,579426725,0,0,0,436,2933                           
2026-10-06T20:28:00.897	TEL,1022,S3,579436725,0,0,0,430,2933                           
2026-10-06T20:28:00.897	TEL,1023,S3,579446725,0,0,0,428,2932                           
2026-10-06T20:28:00.897	TEL,1024,S3,579456725,0,0,0,430,2932                           
2026-10-06T20:28:00.897	TEL,1025,S3,579466725,0,0,0,430,2932                           
2026-10-06T20:28:00.897	TEL,1026,S3,579476725,0,0,0,433,2932                           
2026-10-06T20:28:00.897	TEL,1027,S3,579486725,0,0,0,433,2932                           
2026-10-06T20:28:00.897	TEL,1028,S3,579496725,0,0,0,430,2932                           
2026-10-06T20:28:00.897	TEL,1029,S3,579506725,0,0,0,428,2928                           
2026-10-06T20:28:00.897	TEL,1030,S3,579516725,0,0,0,428,2928                           
2026-10-06T20:28:00.897	TEL,1031,S3,579526725,0,0,0,428,2928                           
2026-10-06T20:28:00.897	TEL,1032,S3,579536725,0,0,0,428,2928                           
2026-10-06T20:28:00.897	TEL,1033,S3,579546725,0,0,0,428,2928                           
2026-10-06T20:28:00.897	TEL,1034,S3,579556725,0,0,0,430,2928                           
2026-10-06T20:28:00.897	TEL,1035,S3,579566725,0,0,0,422,2921                           
2026-10-06T20:28:00.897	TEL,1036,S3,579576725,0,0,0,422,2921                           
2026-10-06T20:28:00.897	TEL,1037,S3,579586725,0,0,0,430,2932                           
2026-10-06T20:28:00.897	TEL,1038,S3,579596725,0,0,0,428,2932                           
2026-10-06T20:28:00.897	TEL,1039,S3,579606725,0,0,0,428,2930                           
2026-10-06T20:28:00.897	TEL,1040,S3,579616725,0,0,0,428,2930                           
2026-10-06T20:28:00.897	TEL,1041,S3,579626725,0,0,0,428,2928                           
2026-10-06T20:28:00.897	TEL,1042,S3,579636725,0,0,0,428,2928                           
2026-10-06T20:28:00.897	TEL,1043,S3,579646725,0,0,0,428,2928                           
2026-10-06T20:28:00.897	TEL,1044,S3,579656725,0,0,0,433,2928                           
2026-10-06T20:28:00.897	TEL,1045,S3,579666725,0,0,0,436,2933                           
2026-10-06T20:28:00.897	TEL,1046,S3,579676725,0,0,0,436,2933                           
2026-10-06T20:28:01.507	TEL,1047,S3,579686725,0,0,0,433,2928                           
2026-10-06T20:28:01.507	TEL,1048,S3,579696725,0,0,0,433,2928                           
2026-10-06T20:28:01.507	TEL,1049,S3,579706725,0,0,0,436,2932                           
2026-10-06T20:28:01.507	TEL,1050,S3,579716725,0,0,0,436,2932                           
2026-10-06T20:28:01.507	TEL,1051,S3,579726725,0,0,0,433,2928                           
2026-10-06T20:28:01.507	TEL,1052,S3,579736725,0,0,0,430,2928                           
2026-10-06T20:28:01.507	BTN,8,S3,PRESSED,579739927,579739935                           
2026-10-06T20:28:01.507	TEL,1053,S3,579746725,0,0,0,430,2928                           
2026-10-06T20:28:01.507	TEL,1054,S3,579756725,0,0,0,430,2928                           
2026-10-06T20:28:01.507	TEL,1055,S3,579766725,0,0,0,433,2932                           
2026-10-06T20:28:01.507	TEL,1056,S3,579776725,0,0,0,430,2932                           
2026-10-06T20:28:01.507	TEL,1057,S3,579786725,0,0,0,430,2932                           
2026-10-06T20:28:01.507	TEL,1058,S3,579796725,0,0,0,436,2932                           
2026-10-06T20:28:01.507	TEL,1059,S3,579806725,0,0,0,436,2932                           
2026-10-06T20:28:01.507	TEL,1060,S3,579816725,0,0,0,436,2932                           
2026-10-06T20:28:01.507	TEL,1061,S3,579826725,0,0,0,433,2928                           
2026-10-06T20:28:01.507	TEL,1062,S3,579836725,0,0,0,430,2928                           
2026-10-06T20:28:01.507	TEL,1063,S3,579846725,0,0,0,430,2928                           
2026-10-06T20:28:01.507	TEL,1064,S3,579856725,0,0,0,433,2928                           
2026-10-06T20:28:01.507	TEL,1065,S3,579866725,0,0,0,433,2928                           
2026-10-06T20:28:01.507	TEL,1066,S3,579876725,0,0,0,430,2928                           
2026-10-06T20:28:01.507	TEL,1067,S3,579886725,0,0,0,433,2933                           
2026-10-06T20:28:01.507	TEL,1068,S3,579896725,0,0,0,436,2933                           
2026-10-06T20:28:01.507	TEL,1069,S3,579906725,0,0,0,436,2932                           
2026-10-06T20:28:01.507	TEL,1070,S3,579916725,0,0,0,430,2932                           
2026-10-06T20:28:01.507	TEL,1071,S3,579926725,0,0,0,428,2928                           
2026-10-06T20:28:01.507	TEL,1072,S3,579936725,0,0,0,425,2928                           
2026-10-06T20:28:01.507	TEL,1073,S3,579946725,0,0,0,428,2932                           
2026-10-06T20:28:01.507	TEL,1074,S3,579956725,0,0,0,436,2932                           
2026-10-06T20:28:01.507	TEL,1075,S3,579966725,0,0,0,433,2928                           
2026-10-06T20:28:01.507	TEL,1076,S3,579976725,0,0,0,433,2928                           
2026-10-06T20:28:01.507	TEL,1077,S3,579986725,0,0,0,436,2932                           
2026-10-06T20:28:01.507	TEL,1078,S3,579996725,0,0,0,433,2932                           
2026-10-06T20:28:01.507	TEL,1079,S3,580006725,0,0,0,430,2928                           
2026-10-06T20:28:01.507	TEL,1080,S3,580016725,0,0,0,428,2928                           
2026-10-06T20:28:01.507	TEL,1081,S3,580026725,0,0,0,430,2932                           
2026-10-06T20:28:01.507	TEL,1082,S3,580036725,0,0,0,436,2932                           
2026-10-06T20:28:01.507	TEL,1083,S3,580046725,0,0,0,433,2928                           
2026-10-06T20:28:01.507	TEL,1084,S3,580056725,0,0,0,433,2928                           
2026-10-06T20:28:01.507	TEL,1085,S3,580066725,0,0,0,436,2932                           
2026-10-06T20:28:01.507	TEL,1086,S3,580076725,0,0,0,430,2932                           
2026-10-06T20:28:01.507	TEL,1087,S3,580086725,0,0,0,428,2930                           
2026-10-06T20:28:01.507	TEL,1088,S3,580096725,0,0,0,428,2930                           
2026-10-06T20:28:01.507	TEL,1089,S3,580106725,0,0,0,428,2928                           
2026-10-06T20:28:01.507	TEL,1090,S3,580116725,0,0,0,428,2928                           
2026-10-06T20:28:01.507	TEL,1091,S3,580126725,0,0,0,430,2932                           
2026-10-06T20:28:01.507	TEL,1092,S3,580136725,0,0,0,430,2932                           
2026-10-06T20:28:01.507	TEL,1093,S3,580146725,0,0,0,428,2928                           
2026-10-06T20:28:01.507	TEL,1094,S3,580156725,0,0,0,433,2928                           
2026-10-06T20:28:01.507	TEL,1095,S3,580166725,0,0,0,433,2930                           
2026-10-06T20:28:01.507	TEL,1096,S3,580176725,0,0,0,428,2930                           
2026-10-06T20:28:01.507	TEL,1097,S3,580186725,0,0,0,430,2932                           
2026-10-06T20:28:01.507	TEL,1098,S3,580196725,0,0,0,436,2932                           
2026-10-06T20:28:01.507	TEL,1099,S3,580206725,0,0,0,436,2933                           
2026-10-06T20:28:01.507	TEL,1100,S3,580216725,0,0,0,433,2933                           
2026-10-06T20:28:01.507	TEL,1101,S3,580226725,0,0,0,433,2933                           
2026-10-06T20:28:01.507	TEL,1102,S3,580236725,0,0,0,436,2933                           
2026-10-06T20:28:01.507	TEL,1103,S3,580246725,0,0,0,436,2932                           
2026-10-06T20:28:01.507	TEL,1104,S3,580256725,0,0,0,433,2932                           
2026-10-06T20:28:01.507	TEL,1105,S3,580266725,0,0,0,433,2932                           
2026-10-06T20:28:01.507	TEL,1106,S3,580276725,0,0,0,436,2932                           
2026-10-06T20:28:01.507	TEL,1107,S3,580286725,0,0,0,436,2932                           
2026-10-06T20:28:02.118	TEL,1108,S3,580296725,0,0,0,430,2932                           
2026-10-06T20:28:02.118	TEL,1109,S3,580306725,0,0,0,428,2928                           
2026-10-06T20:28:02.118	TEL,1110,S3,580316725,0,0,0,433,2928                           
2026-10-06T20:28:02.118	TEL,1111,S3,580326725,0,0,0,433,2928                           
2026-10-06T20:28:02.118	TEL,1112,S3,580336725,0,0,0,433,2928                           
2026-10-06T20:28:02.118	TEL,1113,S3,580346725,0,0,0,436,2932                           
2026-10-06T20:28:02.118	TEL,1114,S3,580356725,0,0,0,430,2932                           
2026-10-06T20:28:02.118	TEL,1115,S3,580366725,0,0,0,428,2928                           
2026-10-06T20:28:02.118	TEL,1116,S3,580376725,0,0,0,428,2928                           
2026-10-06T20:28:02.118	TEL,1117,S3,580386725,0,0,0,430,2932                           
2026-10-06T20:28:02.118	TEL,1118,S3,580396725,0,0,0,430,2932                           
2026-10-06T20:28:02.118	BTN,9,S3,PRESSED,580402933,580402940                           
2026-10-06T20:28:02.118	TEL,1119,S3,580406725,0,0,0,428,2928                           
2026-10-06T20:28:02.118	TEL,1120,S3,580416725,0,0,0,430,2928                           
2026-10-06T20:28:02.118	TEL,1121,S3,580426725,0,0,0,430,2930                           
2026-10-06T20:28:02.118	TEL,1122,S3,580436725,0,0,0,428,2930                           
2026-10-06T20:28:02.118	TEL,1123,S3,580446725,0,0,0,430,2932                           
2026-10-06T20:28:02.118	TEL,1124,S3,580456725,0,0,0,430,2932                           
2026-10-06T20:28:02.118	TEL,1125,S3,580466725,0,0,0,430,2932                           
2026-10-06T20:28:02.118	TEL,1126,S3,580476725,0,0,0,436,2932                           
2026-10-06T20:28:02.118	TEL,1127,S3,580486725,0,0,0,433,2930                           
2026-10-06T20:28:02.118	TEL,1128,S3,580496725,0,0,0,425,2930                           
2026-10-06T20:28:02.118	TEL,1129,S3,580506725,0,0,0,422,2928                           
2026-10-06T20:28:02.118	TEL,1130,S3,580516725,0,0,0,428,2928                           
2026-10-06T20:28:02.118	TEL,1131,S3,580526725,0,0,0,428,2930                           
2026-10-06T20:28:02.118	TEL,1132,S3,580536725,0,0,0,433,2930                           
2026-10-06T20:28:02.118	TEL,1133,S3,580546725,0,0,0,428,2925                           
2026-10-06T20:28:02.118	TEL,1134,S3,580556725,0,0,0,422,2925                           
2026-10-06T20:28:02.118	TEL,1135,S3,580566725,0,0,0,428,2932                           
2026-10-06T20:28:02.118	TEL,1136,S3,580576725,0,0,0,442,2932                           
2026-10-06T20:28:02.118	TEL,1137,S3,580586725,0,0,0,436,2928                           
2026-10-06T20:28:02.118	TEL,1138,S3,580596725,0,0,0,433,2928                           
2026-10-06T20:28:02.118	TEL,1139,S3,580606725,0,0,0,433,2930                           
2026-10-06T20:28:02.118	TEL,1140,S3,580616725,0,0,0,428,2930                           
2026-10-06T20:28:02.118	TEL,1141,S3,580626725,0,0,0,428,2928                           
2026-10-06T20:28:02.118	TEL,1142,S3,580636725,0,0,0,433,2928                           
2026-10-06T20:28:02.118	TEL,1143,S3,580646725,0,0,0,436,2932                           
2026-10-06T20:28:02.118	TEL,1144,S3,580656725,0,0,0,430,2932                           
2026-10-06T20:28:02.118	TEL,1145,S3,580666725,0,0,0,430,2932                           
2026-10-06T20:28:02.118	TEL,1146,S3,580676725,0,0,0,430,2932                           
2026-10-06T20:28:02.118	TEL,1147,S3,580686725,0,0,0,428,2928                           
2026-10-06T20:28:02.118	TEL,1148,S3,580696725,0,0,0,428,2928                           
2026-10-06T20:28:02.118	TEL,1149,S3,580706725,0,0,0,433,2933                           
2026-10-06T20:28:02.118	TEL,1150,S3,580716725,0,0,0,439,2933                           
2026-10-06T20:28:02.118	TEL,1151,S3,580726725,0,0,0,439,2932                           
2026-10-06T20:28:02.118	TEL,1152,S3,580736725,0,0,0,433,2932                           
2026-10-06T20:28:02.118	TEL,1153,S3,580746725,0,0,0,433,2932                           
2026-10-06T20:28:02.118	TEL,1154,S3,580756725,0,0,0,436,2932                           
2026-10-06T20:28:02.118	TEL,1155,S3,580766725,0,0,0,436,2932                           
2026-10-06T20:28:02.118	TEL,1156,S3,580776725,0,0,0,436,2932                           
2026-10-06T20:28:02.118	TEL,1157,S3,580786725,0,0,0,433,2930                           
2026-10-06T20:28:02.118	TEL,1158,S3,580796725,0,0,0,433,2930                           
2026-10-06T20:28:02.118	TEL,1159,S3,580806725,0,0,0,433,2930                           
2026-10-06T20:28:02.118	TEL,1160,S3,580816725,0,0,0,428,2930                           
2026-10-06T20:28:02.118	TEL,1161,S3,580826725,0,0,0,428,2928                           
2026-10-06T20:28:02.118	TEL,1162,S3,580836725,0,0,0,425,2928                           
2026-10-06T20:28:02.118	TEL,1163,S3,580846725,0,0,0,425,2928                           
2026-10-06T20:28:02.118	TEL,1164,S3,580856725,0,0,0,428,2928                           
2026-10-06T20:28:02.118	TEL,1165,S3,580866725,0,0,0,428,2928                           
2026-10-06T20:28:02.118	TEL,1166,S3,580876725,0,0,0,433,2928                           
2026-10-06T20:28:02.118	TEL,1167,S3,580886725,0,0,0,433,2928                           
2026-10-06T20:28:02.118	TEL,1168,S3,580896725,0,0,0,428,2928                           
2026-10-06T20:28:02.728	TEL,1169,S3,580906725,0,0,0,430,2932                           
2026-10-06T20:28:02.728	TEL,1170,S3,580916725,0,0,0,436,2932                           
2026-10-06T20:28:02.728	TEL,1171,S3,580926725,0,0,0,433,2928                           
2026-10-06T20:28:02.728	TEL,1172,S3,580936725,0,0,0,428,2928                           
2026-10-06T20:28:02.728	TEL,1173,S3,580946725,0,0,0,428,2930                           
2026-10-06T20:28:02.728	TEL,1174,S3,580956725,0,0,0,433,2930                           
2026-10-06T20:28:02.728	BTN,10,S3,PRESSED,580960938,580960946                          
2026-10-06T20:28:02.728	TEL,1175,S3,580966725,0,0,0,436,2932                           
2026-10-06T20:28:02.728	TEL,1176,S3,580976725,0,0,0,428,2932                           
2026-10-06T20:28:02.728	TEL,1177,S3,580986725,0,0,0,428,2930                           
2026-10-06T20:28:02.728	TEL,1178,S3,580996725,0,0,0,433,2930                           
2026-10-06T20:28:02.728	TEL,1179,S3,581006725,0,0,0,433,2928                           
2026-10-06T20:28:02.728	TEL,1180,S3,581016725,0,0,0,428,2928                           
2026-10-06T20:28:02.728	TEL,1181,S3,581026725,0,0,0,428,2930                           
2026-10-06T20:28:02.728	TEL,1182,S3,581036725,0,0,0,433,2930                           
2026-10-06T20:28:02.728	TEL,1183,S3,581046725,0,0,0,433,2928                           
2026-10-06T20:28:02.728	TEL,1184,S3,581056725,0,0,0,428,2928                           
2026-10-06T20:28:02.728	TEL,1185,S3,581066725,0,0,0,430,2932                           
2026-10-06T20:28:02.728	TEL,1186,S3,581076725,0,0,0,430,2932                           
2026-10-06T20:28:02.728	TEL,1187,S3,581086725,0,0,0,428,2928                           
2026-10-06T20:28:02.728	TEL,1188,S3,581096725,0,0,0,430,2928                           
2026-10-06T20:28:02.728	TEL,1189,S3,581106725,0,0,0,433,2933                           
2026-10-06T20:28:02.728	TEL,1190,S3,581116725,0,0,0,436,2933                           
2026-10-06T20:28:02.728	TEL,1191,S3,581126725,0,0,0,433,2928                           
2026-10-06T20:28:02.728	TEL,1192,S3,581136725,0,0,0,430,2928                           
2026-10-06T20:28:02.728	TEL,1193,S3,581146725,0,0,0,433,2932                           
2026-10-06T20:28:02.728	TEL,1194,S3,581156725,0,0,0,433,2932                           
2026-10-06T20:28:02.728	TEL,1195,S3,581166725,0,0,0,430,2928                           
2026-10-06T20:28:02.728	TEL,1196,S3,581176725,0,0,0,428,2928                           
2026-10-06T20:28:02.728	TEL,1197,S3,581186725,0,0,0,430,2932                           
2026-10-06T20:28:02.728	TEL,1198,S3,581196725,0,0,0,428,2932                           
2026-10-06T20:28:02.728	TEL,1199,S3,581206725,0,0,0,428,2930                           
2026-10-06T20:28:02.728	TEL,1200,S3,581216725,0,0,0,428,2930                           
2026-10-06T20:28:02.728	TEL,1201,S3,581226725,0,0,0,430,2932                           
2026-10-06T20:28:02.728	TEL,1202,S3,581236725,0,0,0,436,2932                           
2026-10-06T20:28:02.728	TEL,1203,S3,581246725,0,0,0,436,2932                           
2026-10-06T20:28:02.728	TEL,1204,S3,581256725,0,0,0,428,2932                           
2026-10-06T20:28:02.728	TEL,1205,S3,581266725,0,0,0,428,2932                           
2026-10-06T20:28:02.728	TEL,1206,S3,581276725,0,0,0,428,2932                           
2026-10-06T20:28:02.728	TEL,1207,S3,581286725,0,0,0,430,2933                           
2026-10-06T20:28:02.728	TEL,1208,S3,581296725,0,0,0,430,2933                           
2026-10-06T20:28:02.728	TEL,1209,S3,581306725,0,0,0,428,2932                           
2026-10-06T20:28:02.728	TEL,1210,S3,581316725,0,0,0,430,2932                           
2026-10-06T20:28:02.728	TEL,1211,S3,581326725,0,0,0,430,2932                           
2026-10-06T20:28:02.728	TEL,1212,S3,581336725,0,0,0,428,2932                           
2026-10-06T20:28:02.728	TEL,1213,S3,581346725,0,0,0,428,2932                           
2026-10-06T20:28:02.728	TEL,1214,S3,581356725,0,0,0,430,2932                           
2026-10-06T20:28:02.728	TEL,1215,S3,581366725,0,0,0,428,2930                           
2026-10-06T20:28:02.728	TEL,1216,S3,581376725,0,0,0,428,2930                           
2026-10-06T20:28:02.728	TEL,1217,S3,581386725,0,0,0,430,2932                           
2026-10-06T20:28:02.728	TEL,1218,S3,581396725,0,0,0,430,2932                           
2026-10-06T20:28:02.728	TEL,1219,S3,581406725,0,0,0,430,2932                           
2026-10-06T20:28:02.728	TEL,1220,S3,581416725,0,0,0,428,2932                           
2026-10-06T20:28:02.729	TEL,1221,S3,581426725,0,0,0,428,2932                           
2026-10-06T20:28:02.729	TEL,1222,S3,581436725,0,0,0,433,2932                           
2026-10-06T20:28:02.729	TEL,1223,S3,581446725,0,0,0,433,2933                           
2026-10-06T20:28:02.729	TEL,1224,S3,581456725,0,0,0,433,2933                           
2026-10-06T20:28:02.729	TEL,1225,S3,581466725,0,0,0,428,2928                           
2026-10-06T20:28:02.729	TEL,1226,S3,581476725,0,0,0,428,2928                           
2026-10-06T20:28:02.729	TEL,1227,S3,581486725,0,0,0,430,2932                           
2026-10-06T20:28:02.729	TEL,1228,S3,581496725,0,0,0,430,2932                           
2026-10-06T20:28:02.729	TEL,1229,S3,581506725,0,0,0,430,2932                           
2026-10-06T20:28:03.338	TEL,1230,S3,581516725,0,0,0,433,2932                           
2026-10-06T20:28:03.338	TEL,1231,S3,581526725,0,0,0,433,2932                           
2026-10-06T20:28:03.338	TEL,1232,S3,581536725,0,0,0,430,2932                           
2026-10-06T20:28:03.338	BTN,11,S3,PRESSED,581538944,581538951                          
2026-10-06T20:28:03.338	TEL,1233,S3,581546725,0,0,0,430,2932                           
2026-10-06T20:28:03.338	TEL,1234,S3,581556725,0,0,0,433,2932                           
2026-10-06T20:28:03.338	TEL,1235,S3,581566725,0,0,0,433,2932                           
2026-10-06T20:28:03.338	TEL,1236,S3,581576725,0,0,0,436,2932                           
2026-10-06T20:28:03.338	TEL,1237,S3,581586725,0,0,0,436,2933                           
2026-10-06T20:28:03.338	TEL,1238,S3,581596725,0,0,0,436,2933                           
2026-10-06T20:28:03.339	TEL,1239,S3,581606725,0,0,0,436,2932                           
2026-10-06T20:28:03.339	TEL,1240,S3,581616725,0,0,0,433,2932                           
2026-10-06T20:28:03.339	TEL,1241,S3,581626725,0,0,0,433,2932                           
2026-10-06T20:28:03.339	TEL,1242,S3,581636725,0,0,0,436,2932                           
2026-10-06T20:28:03.339	TEL,1243,S3,581646725,0,0,0,436,2932                           
2026-10-06T20:28:03.339	TEL,1244,S3,581656725,0,0,0,430,2932                           
2026-10-06T20:28:03.339	TEL,1245,S3,581666725,0,0,0,428,2928                           
2026-10-06T20:28:03.339	TEL,1246,S3,581676725,0,0,0,428,2928                           
2026-10-06T20:28:03.339	TEL,1247,S3,581686725,0,0,0,430,2932                           
2026-10-06T20:28:03.339	TEL,1248,S3,581696725,0,0,0,436,2932                           
2026-10-06T20:28:03.339	TEL,1249,S3,581706725,0,0,0,433,2928                           
2026-10-06T20:28:03.339	TEL,1250,S3,581716725,0,0,0,428,2928                           
2026-10-06T20:28:03.339	TEL,1251,S3,581726725,0,0,0,430,2932                           
2026-10-06T20:28:03.339	TEL,1252,S3,581736725,0,0,0,430,2932                           
2026-10-06T20:28:03.339	TEL,1253,S3,581746725,0,0,0,430,2932                           
2026-10-06T20:28:03.339	TEL,1254,S3,581756725,0,0,0,436,2932                           
2026-10-06T20:28:03.339	TEL,1255,S3,581766725,0,0,0,433,2930                           
2026-10-06T20:28:03.339	TEL,1256,S3,581776725,0,0,0,428,2930                           
2026-10-06T20:28:03.339	TEL,1257,S3,581786725,0,0,0,430,2932                           
2026-10-06T20:28:03.339	TEL,1258,S3,581796725,0,0,0,433,2932                           
2026-10-06T20:28:03.339	TEL,1259,S3,581806725,0,0,0,433,2933                           
2026-10-06T20:28:03.339	TEL,1260,S3,581816725,0,0,0,436,2933                           
2026-10-06T20:28:03.339	TEL,1261,S3,581826725,0,0,0,436,2933                           
2026-10-06T20:28:03.339	TEL,1262,S3,581836725,0,0,0,436,2933                           
2026-10-06T20:28:03.339	TEL,1263,S3,581846725,0,0,0,436,2932                           
2026-10-06T20:28:03.339	TEL,1264,S3,581856725,0,0,0,436,2932                           
2026-10-06T20:28:03.339	TEL,1265,S3,581866725,0,0,0,436,2932                           
2026-10-06T20:28:03.339	TEL,1266,S3,581876725,0,0,0,430,2932                           
2026-10-06T20:28:03.339	TEL,1267,S3,581886725,0,0,0,430,2932                           
2026-10-06T20:28:03.339	TEL,1268,S3,581896725,0,0,0,430,2932                           
2026-10-06T20:28:03.339	TEL,1269,S3,581906725,0,0,0,428,2928                           
2026-10-06T20:28:03.339	TEL,1270,S3,581916725,0,0,0,425,2928                           
2026-10-06T20:28:03.339	TEL,1271,S3,581926725,0,0,0,425,2928                           
2026-10-06T20:28:03.339	TEL,1272,S3,581936725,0,0,0,430,2928                           
2026-10-06T20:28:03.339	TEL,1273,S3,581946725,0,0,0,430,2930                           
2026-10-06T20:28:03.339	TEL,1274,S3,581956725,0,0,0,430,2930                           
2026-10-06T20:28:03.339	TEL,1275,S3,581966725,0,0,0,433,2932                           
2026-10-06T20:28:03.339	TEL,1276,S3,581976725,0,0,0,430,2932                           
2026-10-06T20:28:03.339	TEL,1277,S3,581986725,0,0,0,430,2932                           
2026-10-06T20:28:03.339	TEL,1278,S3,581996725,0,0,0,430,2932                           
2026-10-06T20:28:03.339	TEL,1279,S3,582006725,0,0,0,428,2930                           
2026-10-06T20:28:03.339	TEL,1280,S3,582016725,0,0,0,433,2930                           
2026-10-06T20:28:03.339	TEL,1281,S3,582026725,0,0,0,436,2932                           
2026-10-06T20:28:03.339	TEL,1282,S3,582036725,0,0,0,436,2932                           
2026-10-06T20:28:03.339	TEL,1283,S3,582046725,0,0,0,433,2928                           
2026-10-06T20:28:03.339	TEL,1284,S3,582056725,0,0,0,428,2928                           
2026-10-06T20:28:03.339	TEL,1285,S3,582066725,0,0,0,430,2932                           
2026-10-06T20:28:03.339	TEL,1286,S3,582076725,0,0,0,430,2932                           
2026-10-06T20:28:03.339	TEL,1287,S3,582086725,0,0,0,430,2932                           
2026-10-06T20:28:03.339	TEL,1288,S3,582096725,0,0,0,430,2932                           
2026-10-06T20:28:03.339	TEL,1289,S3,582106725,0,0,0,428,2928                           
2026-10-06T20:28:03.339	TEL,1290,S3,582116725,0,0,0,433,2928                           
2026-10-06T20:28:03.949	TEL,1291,S3,582126725,0,0,0,436,2932                           
2026-10-06T20:28:03.949	TEL,1292,S3,582136725,0,0,0,436,2932                           
2026-10-06T20:28:03.949	TEL,1293,S3,582146725,0,0,0,436,2932                           
2026-10-06T20:28:03.949	TEL,1294,S3,582156725,0,0,0,436,2932                           
2026-10-06T20:28:03.949	TEL,1295,S3,582166725,0,0,0,433,2928                           
2026-10-06T20:28:03.949	TEL,1296,S3,582176725,0,0,0,430,2928                           
2026-10-06T20:28:03.949	TEL,1297,S3,582186725,0,0,0,430,2928                           
2026-10-06T20:28:03.949	BTN,12,S3,PRESSED,582192949,582192957                          
2026-10-06T20:28:03.949	TEL,1298,S3,582196725,0,0,0,433,2928                           
2026-10-06T20:28:03.949	TEL,1299,S3,582206725,0,0,0,433,2930                           
2026-10-06T20:28:03.949	TEL,1300,S3,582216725,0,0,0,428,2930                           
2026-10-06T20:28:03.949	TEL,1301,S3,582226725,0,0,0,428,2928                           
2026-10-06T20:28:03.949	TEL,1302,S3,582236725,0,0,0,433,2928                           
2026-10-06T20:28:03.949	TEL,1303,S3,582246725,0,0,0,433,2928                           
2026-10-06T20:28:03.949	TEL,1304,S3,582256725,0,0,0,433,2928                           
2026-10-06T20:28:03.949	TEL,1305,S3,582266725,0,0,0,436,2933                           
2026-10-06T20:28:03.949	TEL,1306,S3,582276725,0,0,0,433,2933                           
2026-10-06T20:28:03.949	TEL,1307,S3,582286725,0,0,0,428,2928                           
2026-10-06T20:28:03.949	TEL,1308,S3,582296725,0,0,0,433,2928                           
2026-10-06T20:28:03.949	TEL,1309,S3,582306725,0,0,0,436,2933                           
2026-10-06T20:28:03.949	TEL,1310,S3,582316725,0,0,0,433,2933                           
2026-10-06T20:28:03.949	TEL,1311,S3,582326725,0,0,0,433,2933                           
2026-10-06T20:28:03.949	TEL,1312,S3,582336725,0,0,0,436,2933                           
2026-10-06T20:28:03.949	TEL,1313,S3,582346725,0,0,0,433,2928                           
2026-10-06T20:28:03.949	TEL,1314,S3,582356725,0,0,0,433,2928                           
2026-10-06T20:28:03.949	TEL,1315,S3,582366725,0,0,0,433,2930                           
2026-10-06T20:28:03.949	TEL,1316,S3,582376725,0,0,0,428,2930                           
2026-10-06T20:28:03.949	TEL,1317,S3,582386725,0,0,0,428,2932                           
2026-10-06T20:28:03.949	TEL,1318,S3,582396725,0,0,0,433,2932                           
2026-10-06T20:28:03.949	TEL,1319,S3,582406725,0,0,0,430,2928                           
2026-10-06T20:28:03.949	TEL,1320,S3,582416725,0,0,0,428,2928                           
2026-10-06T20:28:03.949	TEL,1321,S3,582426725,0,0,0,430,2932                           
2026-10-06T20:28:03.949	TEL,1322,S3,582436725,0,0,0,430,2932                           
2026-10-06T20:28:03.949	TEL,1323,S3,582446725,0,0,0,428,2930                           
2026-10-06T20:28:03.949	TEL,1324,S3,582456725,0,0,0,433,2930                           
2026-10-06T20:28:03.949	TEL,1325,S3,582466725,0,0,0,436,2932                           
2026-10-06T20:28:03.949	TEL,1326,S3,582476725,0,0,0,436,2932                           
2026-10-06T20:28:03.949	TEL,1327,S3,582486725,0,0,0,433,2928                           
2026-10-06T20:28:03.949	TEL,1328,S3,582496725,0,0,0,425,2928                           
2026-10-06T20:28:03.949	TEL,1329,S3,582506725,0,0,0,428,2932                           
2026-10-06T20:28:03.949	TEL,1330,S3,582516725,0,0,0,433,2932                           
2026-10-06T20:28:03.949	TEL,1331,S3,582526725,0,0,0,430,2928                           
2026-10-06T20:28:03.949	TEL,1332,S3,582536725,0,0,0,433,2928                           
2026-10-06T20:28:03.949	TEL,1333,S3,582546725,0,0,0,436,2932                           
2026-10-06T20:28:03.949	TEL,1334,S3,582556725,0,0,0,428,2932                           
2026-10-06T20:28:03.949	TEL,1335,S3,582566725,0,0,0,428,2932                           
2026-10-06T20:28:03.949	TEL,1336,S3,582576725,0,0,0,430,2932                           
2026-10-06T20:28:03.949	TEL,1337,S3,582586725,0,0,0,430,2932                           
2026-10-06T20:28:03.949	TEL,1338,S3,582596725,0,0,0,430,2932                           
2026-10-06T20:28:03.949	TEL,1339,S3,582606725,0,0,0,428,2928                           
2026-10-06T20:28:03.949	TEL,1340,S3,582616725,0,0,0,428,2928                           
2026-10-06T20:28:03.949	TEL,1341,S3,582626725,0,0,0,428,2928                           
2026-10-06T20:28:03.949	TEL,1342,S3,582636725,0,0,0,430,2928                           
2026-10-06T20:28:03.949	TEL,1343,S3,582646725,0,0,0,430,2928                           
2026-10-06T20:28:03.949	TEL,1344,S3,582656725,0,0,0,428,2928                           
2026-10-06T20:28:03.949	TEL,1345,S3,582666725,0,0,0,428,2930                           
2026-10-06T20:28:03.949	TEL,1346,S3,582676725,0,0,0,433,2930                           
2026-10-06T20:28:03.949	TEL,1347,S3,582686725,0,0,0,436,2932                           
2026-10-06T20:28:03.949	TEL,1348,S3,582696725,0,0,0,430,2932                           
2026-10-06T20:28:03.949	TEL,1349,S3,582706725,0,0,0,430,2932                           
2026-10-06T20:28:03.949	TEL,1350,S3,582716725,0,0,0,430,2932                           
2026-10-06T20:28:03.949	TEL,1351,S3,582726725,0,0,0,430,2932                           
2026-10-06T20:28:04.557	TEL,1352,S3,582736725,0,0,0,430,2932                           
2026-10-06T20:28:04.557	TEL,1353,S3,582746725,0,0,0,430,2932                           
2026-10-06T20:28:04.557	TEL,1354,S3,582756725,0,0,0,433,2932                           
2026-10-06T20:28:04.557	TEL,1355,S3,582766725,0,0,0,433,2932                           
2026-10-06T20:28:04.557	TEL,1356,S3,582776725,0,0,0,436,2932                           
2026-10-06T20:28:04.557	TEL,1357,S3,582786725,0,0,0,436,2932                           
2026-10-06T20:28:04.557	TEL,1358,S3,582796725,0,0,0,430,2932                           
2026-10-06T20:28:04.557	TEL,1359,S3,582806725,0,0,0,430,2932                           
2026-10-06T20:28:04.557	TEL,1360,S3,582816725,0,0,0,436,2932                           
2026-10-06T20:28:04.557	TEL,1361,S3,582826725,0,0,0,436,2932                           
2026-10-06T20:28:04.557	TEL,1362,S3,582836725,0,0,0,433,2932                           
2026-10-06T20:28:04.557	TEL,1363,S3,582846725,0,0,0,430,2928                           
2026-10-06T20:28:04.557	TEL,1364,S3,582856725,0,0,0,430,2928                           
2026-10-06T20:28:04.557	TEL,1365,S3,582866725,0,0,0,430,2930                           
2026-10-06T20:28:04.557	TEL,1366,S3,582876725,0,0,0,428,2930                           
2026-10-06T20:28:04.557	TEL,1367,S3,582886725,0,0,0,425,2928                           
2026-10-06T20:28:04.557	TEL,1368,S3,582896725,0,0,0,428,2928                           
2026-10-06T20:28:04.557	TEL,1369,S3,582906725,0,0,0,428,2928                           
2026-10-06T20:28:04.557	TEL,1370,S3,582916725,0,0,0,433,2928                           
2026-10-06T20:28:04.557	TEL,1371,S3,582926725,0,0,0,433,2928                           
2026-10-06T20:28:04.557	TEL,1372,S3,582936725,0,0,0,428,2928                           
2026-10-06T20:28:04.557	TEL,1373,S3,582946725,0,0,0,430,2932                           
2026-10-06T20:28:04.557	BTN,13,S3,PRESSED,582948955,582948962                          
2026-10-06T20:28:04.557	TEL,1374,S3,582956725,0,0,0,430,2932                           
2026-10-06T20:28:04.557	TEL,1375,S3,582966725,0,0,0,428,2930                           
2026-10-06T20:28:04.557	TEL,1376,S3,582976725,0,0,0,433,2930                           
2026-10-06T20:28:04.557	TEL,1377,S3,582986725,0,0,0,433,2928                           
2026-10-06T20:28:04.557	TEL,1378,S3,582996725,0,0,0,433,2928                           
2026-10-06T20:28:04.557	TEL,1379,S3,583006725,0,0,0,433,2928                           
2026-10-06T20:28:04.557	TEL,1380,S3,583016725,0,0,0,428,2928                           
2026-10-06T20:28:04.557	TEL,1381,S3,583026725,0,0,0,428,2928                           
2026-10-06T20:28:04.557	TEL,1382,S3,583036725,0,0,0,425,2928                           
2026-10-06T20:28:04.557	TEL,1383,S3,583046725,0,0,0,428,2930                           
2026-10-06T20:28:04.557	TEL,1384,S3,583056725,0,0,0,428,2930                           
2026-10-06T20:28:04.557	TEL,1385,S3,583066725,0,0,0,425,2925                           
2026-10-06T20:28:04.557	TEL,1386,S3,583076725,0,0,0,428,2925                           
2026-10-06T20:28:04.557	TEL,1387,S3,583086725,0,0,0,433,2928                           
2026-10-06T20:28:04.557	TEL,1388,S3,583096725,0,0,0,430,2928                           
2026-10-06T20:28:04.557	TEL,1389,S3,583106725,0,0,0,433,2932                           
2026-10-06T20:28:04.557	TEL,1390,S3,583116725,0,0,0,433,2932                           
2026-10-06T20:28:04.557	TEL,1391,S3,583126725,0,0,0,433,2932                           
2026-10-06T20:28:04.557	TEL,1392,S3,583136725,0,0,0,436,2932                           
2026-10-06T20:28:04.557	TEL,1393,S3,583146725,0,0,0,433,2928                           
2026-10-06T20:28:04.557	TEL,1394,S3,583156725,0,0,0,433,2928                           
2026-10-06T20:28:04.557	TEL,1395,S3,583166725,0,0,0,436,2932                           
2026-10-06T20:28:04.557	TEL,1396,S3,583176725,0,0,0,430,2932                           
2026-10-06T20:28:04.557	TEL,1397,S3,583186725,0,0,0,428,2928                           
2026-10-06T20:28:04.557	TEL,1398,S3,583196725,0,0,0,428,2928                           
2026-10-06T20:28:04.557	TEL,1399,S3,583206725,0,0,0,430,2932                           
2026-10-06T20:28:04.557	TEL,1400,S3,583216725,0,0,0,436,2932                           
2026-10-06T20:28:04.557	TEL,1401,S3,583226725,0,0,0,436,2932                           
2026-10-06T20:28:04.557	TEL,1402,S3,583236725,0,0,0,436,2932                           
2026-10-06T20:28:04.557	TEL,1403,S3,583246725,0,0,0,433,2928                           
2026-10-06T20:28:04.557	TEL,1404,S3,583256725,0,0,0,433,2928                           
2026-10-06T20:28:04.557	TEL,1405,S3,583266725,0,0,0,436,2932                           
2026-10-06T20:28:04.557	TEL,1406,S3,583276725,0,0,0,433,2932                           
2026-10-06T20:28:04.557	TEL,1407,S3,583286725,0,0,0,433,2932                           
2026-10-06T20:28:04.557	TEL,1408,S3,583296725,0,0,0,439,2932                           
2026-10-06T20:28:04.557	TEL,1409,S3,583306725,0,0,0,439,2932                           
2026-10-06T20:28:04.557	TEL,1410,S3,583316725,0,0,0,436,2932                           
2026-10-06T20:28:04.557	TEL,1411,S3,583326725,0,0,0,433,2930                           
2026-10-06T20:28:04.557	TEL,1412,S3,583336725,0,0,0,433,2930                           
2026-10-06T20:28:05.168	TEL,1413,S3,583346725,0,0,0,433,2930                           
2026-10-06T20:28:05.168	TEL,1414,S3,583356725,0,0,0,433,2930                           
2026-10-06T20:28:05.168	TEL,1415,S3,583366725,0,0,0,433,2928                           
2026-10-06T20:28:05.168	TEL,1416,S3,583376725,0,0,0,433,2928                           
2026-10-06T20:28:05.168	TEL,1417,S3,583386725,0,0,0,436,2932                           
2026-10-06T20:28:05.168	TEL,1418,S3,583396725,0,0,0,436,2932                           
2026-10-06T20:28:05.168	TEL,1419,S3,583406725,0,0,0,436,2933                           
2026-10-06T20:28:05.168	TEL,1420,S3,583416725,0,0,0,430,2933                           
2026-10-06T20:28:05.168	TEL,1421,S3,583426725,0,0,0,430,2933                           
2026-10-06T20:28:05.168	TEL,1422,S3,583436725,0,0,0,433,2933                           
2026-10-06T20:28:05.168	TEL,1423,S3,583446725,0,0,0,428,2930                           
2026-10-06T20:28:05.168	TEL,1424,S3,583456725,0,0,0,428,2930                           
2026-10-06T20:28:05.168	TEL,1425,S3,583466725,0,0,0,428,2930                           
2026-10-06T20:28:05.168	BTN,14,S3,PRESSED,583474960,583474968                          
2026-10-06T20:28:05.168	TEL,1426,S3,583476725,0,0,0,428,2930                           
2026-10-06T20:28:05.168	TEL,1427,S3,583486725,0,0,0,442,2942                           
2026-10-06T20:28:05.168	TEL,1428,S3,583496725,0,0,0,436,2942                           
2026-10-06T20:28:05.168	TEL,1429,S3,583506725,0,0,0,425,2932                           
2026-10-06T20:28:05.168	TEL,1430,S3,583516725,0,0,0,430,2932                           
2026-10-06T20:28:05.168	TEL,1431,S3,583526725,0,0,0,430,2932                           
2026-10-06T20:28:05.168	TEL,1432,S3,583536725,0,0,0,430,2932                           
2026-10-06T20:28:05.168	TEL,1433,S3,583546725,0,0,0,428,2930                           
2026-10-06T20:28:05.168	TEL,1434,S3,583556725,0,0,0,433,2930                           
2026-10-06T20:28:05.168	TEL,1435,S3,583566725,0,0,0,436,2933                           
2026-10-06T20:28:05.168	TEL,1436,S3,583576725,0,0,0,433,2933                           
2026-10-06T20:28:05.168	TEL,1437,S3,583586725,0,0,0,428,2928                           
2026-10-06T20:28:05.168	TEL,1438,S3,583596725,0,0,0,428,2928                           
2026-10-06T20:28:05.168	TEL,1439,S3,583606725,0,0,0,428,2928                           
2026-10-06T20:28:05.168	TEL,1440,S3,583616725,0,0,0,433,2928                           
2026-10-06T20:28:05.168	TEL,1441,S3,583626725,0,0,0,436,2932                           
2026-10-06T20:28:05.168	TEL,1442,S3,583636725,0,0,0,430,2932                           
2026-10-06T20:28:05.168	TEL,1443,S3,583646725,0,0,0,430,2932                           
2026-10-06T20:28:05.168	TEL,1444,S3,583656725,0,0,0,430,2932                           
2026-10-06T20:28:05.168	TEL,1445,S3,583666725,0,0,0,428,2928                           
2026-10-06T20:28:05.168	TEL,1446,S3,583676725,0,0,0,425,2928                           
2026-10-06T20:28:05.168	TEL,1447,S3,583686725,0,0,0,430,2933                           
2026-10-06T20:28:05.168	TEL,1448,S3,583696725,0,0,0,430,2933                           
2026-10-06T20:28:05.168	TEL,1449,S3,583706725,0,0,0,428,2932                           
2026-10-06T20:28:05.168	TEL,1450,S3,583716725,0,0,0,436,2932                           
2026-10-06T20:28:05.168	TEL,1451,S3,583726725,0,0,0,436,2932                           
2026-10-06T20:28:05.168	TEL,1452,S3,583736725,0,0,0,430,2932                           
2026-10-06T20:28:05.169	TEL,1453,S3,583746725,0,0,0,430,2932                           
2026-10-06T20:28:05.169	TEL,1454,S3,583756725,0,0,0,428,2932                           
2026-10-06T20:28:05.169	TEL,1455,S3,583766725,0,0,0,430,2933                           
2026-10-06T20:28:05.169	TEL,1456,S3,583776725,0,0,0,433,2933                           
2026-10-06T20:28:05.169	TEL,1457,S3,583786725,0,0,0,430,2932                           
2026-10-06T20:28:05.169	TEL,1458,S3,583796725,0,0,0,428,2932                           
2026-10-06T20:28:05.169	TEL,1459,S3,583806725,0,0,0,428,2932                           
2026-10-06T20:28:05.169	TEL,1460,S3,583816725,0,0,0,436,2932                           
2026-10-06T20:28:05.169	TEL,1461,S3,583826725,0,0,0,433,2928                           
2026-10-06T20:28:05.169	TEL,1462,S3,583836725,0,0,0,430,2928                           
2026-10-06T20:28:05.169	TEL,1463,S3,583846725,0,0,0,433,2933                           
2026-10-06T20:28:05.169	TEL,1464,S3,583856725,0,0,0,433,2933                           
2026-10-06T20:28:05.169	TEL,1465,S3,583866725,0,0,0,430,2932                           
2026-10-06T20:28:05.169	TEL,1466,S3,583876725,0,0,0,430,2932                           
2026-10-06T20:28:05.169	TEL,1467,S3,583886725,0,0,0,430,2932                           
2026-10-06T20:28:05.169	TEL,1468,S3,583896725,0,0,0,433,2932                           
2026-10-06T20:28:05.169	TEL,1469,S3,583906725,0,0,0,430,2928                           
2026-10-06T20:28:05.169	TEL,1470,S3,583916725,0,0,0,428,2928                           
2026-10-06T20:28:05.169	TEL,1471,S3,583926725,0,0,0,428,2928                           
2026-10-06T20:28:05.169	TEL,1472,S3,583936725,0,0,0,428,2928                           
2026-10-06T20:28:05.169	TEL,1473,S3,583946725,0,0,0,430,2932                           
2026-10-06T20:28:05.778	TEL,1474,S3,583956725,0,0,0,430,2932                           
2026-10-06T20:28:05.778	TEL,1475,S3,583966725,0,0,0,428,2928                           
2026-10-06T20:28:05.778	TEL,1476,S3,583976725,0,0,0,428,2928                           
2026-10-06T20:28:05.778	TEL,1477,S3,583986725,0,0,0,430,2932                           
2026-10-06T20:28:05.778	TEL,1478,S3,583996725,0,0,0,430,2932                           
2026-10-06T20:28:05.778	TEL,1479,S3,584006725,0,0,0,428,2928                           
2026-10-06T20:28:05.778	TEL,1480,S3,584016725,0,0,0,433,2928                           
2026-10-06T20:28:05.778	TEL,1481,S3,584026725,0,0,0,433,2928                           
2026-10-06T20:28:05.778	TEL,1482,S3,584036725,0,0,0,430,2928                           
2026-10-06T20:28:05.778	TEL,1483,S3,584046725,0,0,0,433,2932                           
2026-10-06T20:28:05.778	TEL,1484,S3,584056725,0,0,0,430,2932                           
2026-10-06T20:28:05.778	TEL,1485,S3,584066725,0,0,0,430,2932                           
2026-10-06T20:28:05.778	TEL,1486,S3,584076725,0,0,0,430,2932                           
2026-10-06T20:28:05.778	TEL,1487,S3,584086725,0,0,0,428,2930                           
2026-10-06T20:28:05.778	TEL,1488,S3,584096725,0,0,0,428,2930                           
2026-10-06T20:28:05.778	TEL,1489,S3,584106725,0,0,0,430,2932                           
2026-10-06T20:28:05.778	TEL,1490,S3,584116725,0,0,0,430,2932                           
2026-10-06T20:28:05.778	TEL,1491,S3,584126725,0,0,0,430,2932                           
2026-10-06T20:28:05.778	TEL,1492,S3,584136725,0,0,0,433,2932                           
2026-10-06T20:28:05.778	TEL,1493,S3,584146725,0,0,0,433,2932                           
2026-10-06T20:28:05.778	TEL,1494,S3,584156725,0,0,0,430,2932                           
2026-10-06T20:28:05.778	TEL,1495,S3,584166725,0,0,0,430,2932                           
2026-10-06T20:28:05.780	TEL,1496,S3,584176725,0,0,0,433,2932                           
2026-10-06T20:28:05.780	TEL,1497,S3,584186725,0,0,0,433,2932                           
2026-10-06T20:28:05.780	BTN,15,S3,PRESSED,584186966,584186973                          
2026-10-06T20:28:05.780	TEL,1498,S3,584196725,0,0,0,433,2932                           
2026-10-06T20:28:05.780	TEL,1499,S3,584206725,0,0,0,430,2930                           
2026-10-06T20:28:05.780	TEL,1500,S3,584216725,0,0,0,428,2930                           
2026-10-06T20:28:05.780	TEL,1501,S3,584226725,0,0,0,428,2932                           
2026-10-06T20:28:05.780	TEL,1502,S3,584236725,0,0,0,436,2932                           
2026-10-06T20:28:05.780	TEL,1503,S3,584246725,0,0,0,436,2932                           
2026-10-06T20:28:05.780	TEL,1504,S3,584256725,0,0,0,436,2932                           
2026-10-06T20:28:05.780	TEL,1505,S3,584266725,0,0,0,433,2930                           
2026-10-06T20:28:05.780	TEL,1506,S3,584276725,0,0,0,428,2930                           
2026-10-06T20:28:05.780	TEL,1507,S3,584286725,0,0,0,428,2928                           
2026-10-06T20:28:05.780	TEL,1508,S3,584296725,0,0,0,428,2928                           
2026-10-06T20:28:05.780	TEL,1509,S3,584306725,0,0,0,428,2928                           
2026-10-06T20:28:05.780	TEL,1510,S3,584316725,0,0,0,428,2928                           
2026-10-06T20:28:05.780	TEL,1511,S3,584326725,0,0,0,428,2928                           
2026-10-06T20:28:05.780	TEL,1512,S3,584336725,0,0,0,436,2928                           
2026-10-06T20:28:05.780	TEL,1513,S3,584346725,0,0,0,436,2928                           
2026-10-06T20:28:05.780	TEL,1514,S3,584356725,0,0,0,428,2928                           
2026-10-06T20:28:05.780	TEL,1515,S3,584366725,0,0,0,428,2930                           
2026-10-06T20:28:05.780	TEL,1516,S3,584376725,0,0,0,433,2930                           
2026-10-06T20:28:05.780	TEL,1517,S3,584386725,0,0,0,433,2928                           
2026-10-06T20:28:05.780	TEL,1518,S3,584396725,0,0,0,430,2928                           
2026-10-06T20:28:05.780	TEL,1519,S3,584406725,0,0,0,430,2928                           
2026-10-06T20:28:05.780	TEL,1520,S3,584416725,0,0,0,433,2928                           
2026-10-06T20:28:05.780	TEL,1521,S3,584426725,0,0,0,436,2932                           
2026-10-06T20:28:05.780	TEL,1522,S3,584436725,0,0,0,430,2932                           
2026-10-06T20:28:05.780	TEL,1523,S3,584446725,0,0,0,428,2928                           
2026-10-06T20:28:05.780	TEL,1524,S3,584456725,0,0,0,433,2928                           
2026-10-06T20:28:05.780	TEL,1525,S3,584466725,0,0,0,433,2928                           
2026-10-06T20:28:05.780	TEL,1526,S3,584476725,0,0,0,430,2928                           
2026-10-06T20:28:05.780	TEL,1527,S3,584486725,0,0,0,430,2928                           
2026-10-06T20:28:05.780	TEL,1528,S3,584496725,0,0,0,433,2928                           
2026-10-06T20:28:05.780	TEL,1529,S3,584506725,0,0,0,433,2928                           
2026-10-06T20:28:05.780	TEL,1530,S3,584516725,0,0,0,433,2928                           
2026-10-06T20:28:05.780	TEL,1531,S3,584526725,0,0,0,433,2928                           
2026-10-06T20:28:05.780	TEL,1532,S3,584536725,0,0,0,433,2928                           
2026-10-06T20:28:05.780	TEL,1533,S3,584546725,0,0,0,433,2928                           
2026-10-06T20:28:05.780	TEL,1534,S3,584556725,0,0,0,430,2928                           
2026-10-06T20:28:06.382	TEL,1535,S3,584566725,0,0,0,433,2932                           
2026-10-06T20:28:06.382	TEL,1536,S3,584576725,0,0,0,430,2932                           
2026-10-06T20:28:06.382	TEL,1537,S3,584586725,0,0,0,430,2932                           
2026-10-06T20:28:06.382	TEL,1538,S3,584596725,0,0,0,433,2932                           
2026-10-06T20:28:06.382	TEL,1539,S3,584606725,0,0,0,430,2928                           
2026-10-06T20:28:06.382	TEL,1540,S3,584616725,0,0,0,433,2928                           
2026-10-06T20:28:06.382	TEL,1541,S3,584626725,0,0,0,433,2928                           
2026-10-06T20:28:06.382	TEL,1542,S3,584636725,0,0,0,433,2928                           
2026-10-06T20:28:06.382	TEL,1543,S3,584646725,0,0,0,433,2928                           
2026-10-06T20:28:06.382	TEL,1544,S3,584656725,0,0,0,433,2928                           
2026-10-06T20:28:06.382	TEL,1545,S3,584666725,0,0,0,436,2932                           
2026-10-06T20:28:06.382	TEL,1546,S3,584676725,0,0,0,436,2932                           
2026-10-06T20:28:06.382	TEL,1547,S3,584686725,0,0,0,436,2933                           
2026-10-06T20:28:06.382	TEL,1548,S3,584696725,0,0,0,436,2933                           
2026-10-06T20:28:06.382	TEL,1549,S3,584706725,0,0,0,433,2928                           
2026-10-06T20:28:06.382	TEL,1550,S3,584716725,0,0,0,433,2928                           
2026-10-06T20:28:06.382	TEL,1551,S3,584726725,0,0,0,433,2928                           
2026-10-06T20:28:06.382	TEL,1552,S3,584736725,0,0,0,430,2928                           
2026-10-06T20:28:06.382	TEL,1553,S3,584746725,0,0,0,433,2932                           
2026-10-06T20:28:06.382	BTN,16,S3,PRESSED,584750971,584750979                          
2026-10-06T20:28:06.382	TEL,1554,S3,584756725,0,0,0,436,2932                           
2026-10-06T20:28:06.382	TEL,1555,S3,584766725,0,0,0,433,2928                           
2026-10-06T20:28:06.382	TEL,1556,S3,584776725,0,0,0,422,2928                           
2026-10-06T20:28:06.382	TEL,1557,S3,584786725,0,0,0,425,2932                           
2026-10-06T20:28:06.382	TEL,1558,S3,584796725,0,0,0,433,2932                           
2026-10-06T20:28:06.382	TEL,1559,S3,584806725,0,0,0,430,2928                           
2026-10-06T20:28:06.382	TEL,1560,S3,584816725,0,0,0,428,2928                           
2026-10-06T20:28:06.382	TEL,1561,S3,584826725,0,0,0,428,2928                           
2026-10-06T20:28:06.382	TEL,1562,S3,584836725,0,0,0,430,2928                           
2026-10-06T20:28:06.382	TEL,1563,S3,584846725,0,0,0,433,2933                           
2026-10-06T20:28:06.382	TEL,1564,S3,584856725,0,0,0,433,2933                           
2026-10-06T20:28:06.382	TEL,1565,S3,584866725,0,0,0,428,2928                           
2026-10-06T20:28:06.382	TEL,1566,S3,584876725,0,0,0,433,2928                           
2026-10-06T20:28:06.382	TEL,1567,S3,584886725,0,0,0,433,2928                           
2026-10-06T20:28:06.382	TEL,1568,S3,584896725,0,0,0,433,2928                           
2026-10-06T20:28:06.382	TEL,1569,S3,584906725,0,0,0,436,2932                           
2026-10-06T20:28:06.382	TEL,1570,S3,584916725,0,0,0,436,2932                           
2026-10-06T20:28:06.382	TEL,1571,S3,584926725,0,0,0,436,2932                           
2026-10-06T20:28:06.382	TEL,1572,S3,584936725,0,0,0,430,2932                           
2026-10-06T20:28:06.382	TEL,1573,S3,584946725,0,0,0,433,2933                           
2026-10-06T20:28:06.382	TEL,1574,S3,584956725,0,0,0,433,2933                           
2026-10-06T20:28:06.382	TEL,1575,S3,584966725,0,0,0,428,2928                           
2026-10-06T20:28:06.382	TEL,1576,S3,584976725,0,0,0,428,2928                           
2026-10-06T20:28:06.382	TEL,1577,S3,584986725,0,0,0,430,2932                           
2026-10-06T20:28:06.382	TEL,1578,S3,584996725,0,0,0,430,2932                           
2026-10-06T20:28:06.382	TEL,1579,S3,585006725,0,0,0,428,2928                           
2026-10-06T20:28:06.382	TEL,1580,S3,585016725,0,0,0,428,2928                           
2026-10-06T20:28:06.382	TEL,1581,S3,585026725,0,0,0,430,2932                           
2026-10-06T20:28:06.382	TEL,1582,S3,585036725,0,0,0,433,2932                           
2026-10-06T20:28:06.382	TEL,1583,S3,585046725,0,0,0,433,2932                           
2026-10-06T20:28:06.382	TEL,1584,S3,585056725,0,0,0,430,2932                           
2026-10-06T20:28:06.382	TEL,1585,S3,585066725,0,0,0,430,2932                           
2026-10-06T20:28:06.382	TEL,1586,S3,585076725,0,0,0,428,2932                           
2026-10-06T20:28:06.382	TEL,1587,S3,585086725,0,0,0,425,2928                           
2026-10-06T20:28:06.382	TEL,1588,S3,585096725,0,0,0,428,2928                           
2026-10-06T20:28:06.382	TEL,1589,S3,585106725,0,0,0,428,2930                           
2026-10-06T20:28:06.382	TEL,1590,S3,585116725,0,0,0,433,2930                           
2026-10-06T20:28:06.382	TEL,1591,S3,585126725,0,0,0,433,2930                           
2026-10-06T20:28:06.382	TEL,1592,S3,585136725,0,0,0,428,2930                           
2026-10-06T20:28:06.382	TEL,1593,S3,585146725,0,0,0,430,2932                           
2026-10-06T20:28:06.382	TEL,1594,S3,585156725,0,0,0,430,2932                           
2026-10-06T20:28:06.382	TEL,1595,S3,585166725,0,0,0,430,2932                           
2026-10-06T20:28:06.998	TEL,1596,S3,585176725,0,0,0,436,2932                           
2026-10-06T20:28:06.998	TEL,1597,S3,585186725,0,0,0,433,2928                           
2026-10-06T20:28:06.998	TEL,1598,S3,585196725,0,0,0,428,2928                           
2026-10-06T20:28:06.998	TEL,1599,S3,585206725,0,0,0,430,2932                           
2026-10-06T20:28:06.998	TEL,1600,S3,585216725,0,0,0,436,2932                           
2026-10-06T20:28:06.998	TEL,1601,S3,585226725,0,0,0,433,2928                           
2026-10-06T20:28:06.998	TEL,1602,S3,585236725,0,0,0,428,2928                           
2026-10-06T20:28:06.998	TEL,1603,S3,585246725,0,0,0,430,2932                           
2026-10-06T20:28:06.998	TEL,1604,S3,585256725,0,0,0,430,2932                           
2026-10-06T20:28:06.998	TEL,1605,S3,585266725,0,0,0,430,2932                           
2026-10-06T20:28:06.998	BTN,17,S3,PRESSED,585271977,585271984                          
2026-10-06T20:28:06.998	TEL,1606,S3,585276725,0,0,0,436,2932                           
2026-10-06T20:28:06.998	TEL,1607,S3,585286725,0,0,0,433,2930                           
2026-10-06T20:28:06.998	TEL,1608,S3,585296725,0,0,0,428,2930                           
2026-10-06T20:28:06.998	TEL,1609,S3,585306725,0,0,0,428,2928                           
2026-10-06T20:28:06.998	TEL,1610,S3,585316725,0,0,0,433,2928                           
2026-10-06T20:28:06.998	TEL,1611,S3,585326725,0,0,0,433,2928                           
2026-10-06T20:28:06.998	TEL,1612,S3,585336725,0,0,0,428,2928                           
2026-10-06T20:28:06.998	TEL,1613,S3,585346725,0,0,0,430,2932                           
2026-10-06T20:28:06.998	TEL,1614,S3,585356725,0,0,0,430,2932                           
2026-10-06T20:28:06.998	TEL,1615,S3,585366725,0,0,0,430,2932                           
2026-10-06T20:28:06.998	TEL,1616,S3,585376725,0,0,0,436,2932                           
2026-10-06T20:28:06.998	TEL,1617,S3,585386725,0,0,0,433,2928                           
2026-10-06T20:28:06.998	TEL,1618,S3,585396725,0,0,0,428,2928                           
2026-10-06T20:28:06.998	TEL,1619,S3,585406725,0,0,0,433,2933                           
2026-10-06T20:28:06.998	TEL,1620,S3,585416725,0,0,0,436,2933                           
2026-10-06T20:28:06.998	TEL,1621,S3,585426725,0,0,0,433,2928                           
2026-10-06T20:28:06.998	TEL,1622,S3,585436725,0,0,0,428,2928                           
2026-10-06T20:28:06.998	TEL,1623,S3,585446725,0,0,0,430,2932                           
2026-10-06T20:28:06.998	TEL,1624,S3,585456725,0,0,0,436,2932                           
2026-10-06T20:28:06.998	TEL,1625,S3,585466725,0,0,0,436,2932                           
2026-10-06T20:28:06.998	TEL,1626,S3,585476725,0,0,0,428,2932                           
2026-10-06T20:28:06.998	TEL,1627,S3,585486725,0,0,0,428,2932                           
2026-10-06T20:28:06.998	TEL,1628,S3,585496725,0,0,0,436,2932                           
2026-10-06T20:28:06.998	TEL,1629,S3,585506725,0,0,0,433,2928                           
2026-10-06T20:28:06.998	TEL,1630,S3,585516725,0,0,0,430,2928                           
2026-10-06T20:28:06.998	TEL,1631,S3,585526725,0,0,0,430,2930                           
2026-10-06T20:28:06.998	TEL,1632,S3,585536725,0,0,0,428,2930                           
2026-10-06T20:28:06.998	TEL,1633,S3,585546725,0,0,0,430,2932                           
2026-10-06T20:28:06.998	TEL,1634,S3,585556725,0,0,0,433,2932                           
2026-10-06T20:28:06.998	TEL,1635,S3,585566725,0,0,0,433,2932                           
2026-10-06T20:28:06.998	TEL,1636,S3,585576725,0,0,0,436,2932                           
2026-10-06T20:28:06.998	TEL,1637,S3,585586725,0,0,0,436,2932                           
2026-10-06T20:28:06.998	TEL,1638,S3,585596725,0,0,0,436,2932                           
2026-10-06T20:28:06.998	TEL,1639,S3,585606725,0,0,0,433,2930                           
2026-10-06T20:28:06.999	TEL,1640,S3,585616725,0,0,0,433,2930                           
2026-10-06T20:28:06.999	TEL,1641,S3,585626725,0,0,0,433,2928                           
2026-10-06T20:28:06.999	TEL,1642,S3,585636725,0,0,0,428,2928                           
2026-10-06T20:28:06.999	TEL,1643,S3,585646725,0,0,0,430,2932                           
2026-10-06T20:28:06.999	TEL,1644,S3,585656725,0,0,0,430,2932                           
2026-10-06T20:28:06.999	TEL,1645,S3,585666725,0,0,0,428,2928                           
2026-10-06T20:28:06.999	TEL,1646,S3,585676725,0,0,0,433,2928                           
2026-10-06T20:28:06.999	TEL,1647,S3,585686725,0,0,0,433,2928                           
2026-10-06T20:28:06.999	TEL,1648,S3,585696725,0,0,0,430,2928                           
2026-10-06T20:28:06.999	TEL,1649,S3,585706725,0,0,0,433,2932                           
2026-10-06T20:28:06.999	TEL,1650,S3,585716725,0,0,0,430,2932                           
2026-10-06T20:28:06.999	TEL,1651,S3,585726725,0,0,0,430,2932                           
2026-10-06T20:28:06.999	TEL,1652,S3,585736725,0,0,0,430,2932                           
2026-10-06T20:28:06.999	TEL,1653,S3,585746725,0,0,0,430,2932                           
2026-10-06T20:28:06.999	TEL,1654,S3,585756725,0,0,0,430,2932                           
2026-10-06T20:28:06.999	TEL,1655,S3,585766725,0,0,0,430,2932                           
2026-10-06T20:28:06.999	TEL,1656,S3,585776725,0,0,0,430,2932                           
2026-10-06T20:28:07.608	TEL,1657,S3,585786725,0,0,0,433,2933                           
2026-10-06T20:28:07.608	TEL,1658,S3,585796725,0,0,0,433,2933                           
2026-10-06T20:28:07.608	TEL,1659,S3,585806725,0,0,0,428,2928                           
2026-10-06T20:28:07.608	TEL,1660,S3,585816725,0,0,0,428,2928                           
2026-10-06T20:28:07.608	TEL,1661,S3,585826725,0,0,0,430,2932                           
2026-10-06T20:28:07.608	TEL,1662,S3,585836725,0,0,0,433,2932                           
2026-10-06T20:28:07.608	TEL,1663,S3,585846725,0,0,0,430,2930                           
2026-10-06T20:28:07.608	TEL,1664,S3,585856725,0,0,0,428,2930                           
2026-10-06T20:28:07.608	TEL,1665,S3,585866725,0,0,0,430,2932                           
2026-10-06T20:28:07.608	TEL,1666,S3,585876725,0,0,0,436,2932                           
2026-10-06T20:28:07.608	TEL,1667,S3,585886725,0,0,0,433,2928                           
2026-10-06T20:28:07.608	TEL,1668,S3,585896725,0,0,0,430,2928                           
2026-10-06T20:28:07.608	TEL,1669,S3,585906725,0,0,0,433,2932                           
2026-10-06T20:28:07.608	TEL,1670,S3,585916725,0,0,0,430,2932                           
2026-10-06T20:28:07.608	TEL,1671,S3,585926725,0,0,0,430,2932                           
2026-10-06T20:28:07.608	TEL,1672,S3,585936725,0,0,0,430,2932                           
2026-10-06T20:28:07.608	TEL,1673,S3,585946725,0,0,0,430,2932                           
2026-10-06T20:28:07.608	TEL,1674,S3,585956725,0,0,0,428,2932                           
2026-10-06T20:28:07.608	TEL,1675,S3,585966725,0,0,0,428,2930                           
2026-10-06T20:28:07.608	BTN,18,S3,PRESSED,585970982,585970989                          
2026-10-06T20:28:07.608	TEL,1676,S3,585976725,0,0,0,428,2930                           
2026-10-06T20:28:07.608	TEL,1677,S3,585986725,0,0,0,428,2930                           
2026-10-06T20:28:07.608	TEL,1678,S3,585996725,0,0,0,430,2930                           
2026-10-06T20:28:07.608	TEL,1679,S3,586006725,0,0,0,430,2928                           
2026-10-06T20:28:07.608	TEL,1680,S3,586016725,0,0,0,428,2928                           
2026-10-06T20:28:07.608	TEL,1681,S3,586026725,0,0,0,428,2928                           
2026-10-06T20:28:07.608	TEL,1682,S3,586036725,0,0,0,428,2928                           
2026-10-06T20:28:07.608	TEL,1683,S3,586046725,0,0,0,433,2933                           
2026-10-06T20:28:07.608	TEL,1684,S3,586056725,0,0,0,430,2933                           
2026-10-06T20:28:07.608	TEL,1685,S3,586066725,0,0,0,428,2932                           
2026-10-06T20:28:07.608	TEL,1686,S3,586076725,0,0,0,428,2932                           
2026-10-06T20:28:07.608	TEL,1687,S3,586086725,0,0,0,428,2932                           
2026-10-06T20:28:07.608	TEL,1688,S3,586096725,0,0,0,430,2932                           
2026-10-06T20:28:07.608	TEL,1689,S3,586106725,0,0,0,430,2932                           
2026-10-06T20:28:07.608	TEL,1690,S3,586116725,0,0,0,428,2932                           
2026-10-06T20:28:07.608	TEL,1691,S3,586126725,0,0,0,425,2928                           
2026-10-06T20:28:07.608	TEL,1692,S3,586136725,0,0,0,425,2928                           
2026-10-06T20:28:07.608	TEL,1693,S3,586146725,0,0,0,428,2932                           
2026-10-06T20:28:07.608	TEL,1694,S3,586156725,0,0,0,430,2932                           
2026-10-06T20:28:07.608	TEL,1695,S3,586166725,0,0,0,428,2928                           
2026-10-06T20:28:07.608	TEL,1696,S3,586176725,0,0,0,428,2928                           
2026-10-06T20:28:07.608	TEL,1697,S3,586186725,0,0,0,430,2932                           
2026-10-06T20:28:07.608	TEL,1698,S3,586196725,0,0,0,430,2932                           
2026-10-06T20:28:07.608	TEL,1699,S3,586206725,0,0,0,430,2932                           
2026-10-06T20:28:07.608	TEL,1700,S3,586216725,0,0,0,428,2932                           
2026-10-06T20:28:07.608	TEL,1701,S3,586226725,0,0,0,428,2932                           
2026-10-06T20:28:07.608	TEL,1702,S3,586236725,0,0,0,430,2932                           
2026-10-06T20:28:07.608	TEL,1703,S3,586246725,0,0,0,428,2928                           
2026-10-06T20:28:07.608	TEL,1704,S3,586256725,0,0,0,433,2928                           
2026-10-06T20:28:07.608	TEL,1705,S3,586266725,0,0,0,433,2928                           
2026-10-06T20:28:07.608	TEL,1706,S3,586276725,0,0,0,428,2928                           
2026-10-06T20:28:07.608	TEL,1707,S3,586286725,0,0,0,433,2933                           
2026-10-06T20:28:07.608	TEL,1708,S3,586296725,0,0,0,433,2933                           
2026-10-06T20:28:07.608	TEL,1709,S3,586306725,0,0,0,430,2932                           
2026-10-06T20:28:07.608	TEL,1710,S3,586316725,0,0,0,428,2932                           
2026-10-06T20:28:07.608	TEL,1711,S3,586326725,0,0,0,430,2933                           
2026-10-06T20:28:07.608	TEL,1712,S3,586336725,0,0,0,433,2933                           
2026-10-06T20:28:07.608	TEL,1713,S3,586346725,0,0,0,433,2932                           
2026-10-06T20:28:07.608	TEL,1714,S3,586356725,0,0,0,433,2932                           
2026-10-06T20:28:07.608	TEL,1715,S3,586366725,0,0,0,430,2928                           
2026-10-06T20:28:07.608	TEL,1716,S3,586376725,0,0,0,433,2928                           
2026-10-06T20:28:07.608	TEL,1717,S3,586386725,0,0,0,436,2932                           
2026-10-06T20:28:08.217	TEL,1718,S3,586396725,0,0,0,430,2932                           
2026-10-06T20:28:08.217	TEL,1719,S3,586406725,0,0,0,430,2932                           
2026-10-06T20:28:08.217	TEL,1720,S3,586416725,0,0,0,436,2932                           
2026-10-06T20:28:08.217	TEL,1721,S3,586426725,0,0,0,433,2928                           
2026-10-06T20:28:08.217	TEL,1722,S3,586436725,0,0,0,433,2928                           
2026-10-06T20:28:08.217	TEL,1723,S3,586446725,0,0,0,433,2928                           
2026-10-06T20:28:08.217	TEL,1724,S3,586456725,0,0,0,433,2928                           
2026-10-06T20:28:08.217	TEL,1725,S3,586466725,0,0,0,436,2932                           
2026-10-06T20:28:08.217	TEL,1726,S3,586476725,0,0,0,430,2932                           
2026-10-06T20:28:08.217	TEL,1727,S3,586486725,0,0,0,430,2932                           
2026-10-06T20:28:08.217	TEL,1728,S3,586496725,0,0,0,428,2932                           
2026-10-06T20:28:08.217	TEL,1729,S3,586506725,0,0,0,428,2932                           
2026-10-06T20:28:08.217	TEL,1730,S3,586516725,0,0,0,430,2932                           
2026-10-06T20:28:08.217	TEL,1731,S3,586526725,0,0,0,430,2932                           
2026-10-06T20:28:08.217	TEL,1732,S3,586536725,0,0,0,436,2932                           
2026-10-06T20:28:08.217	TEL,1733,S3,586546725,0,0,0,433,2930                           
2026-10-06T20:28:08.217	TEL,1734,S3,586556725,0,0,0,428,2930                           
2026-10-06T20:28:08.217	TEL,1735,S3,586566725,0,0,0,433,2933                           
2026-10-06T20:28:08.217	TEL,1736,S3,586576725,0,0,0,433,2933                           
2026-10-06T20:28:08.217	TEL,1737,S3,586586725,0,0,0,433,2932                           
2026-10-06T20:28:08.217	TEL,1738,S3,586596725,0,0,0,436,2932                           
2026-10-06T20:28:08.217	TEL,1739,S3,586606725,0,0,0,436,2932                           
2026-10-06T20:28:08.217	TEL,1740,S3,586616725,0,0,0,430,2932                           
2026-10-06T20:28:08.217	TEL,1741,S3,586626725,0,0,0,430,2932                           
2026-10-06T20:28:08.217	TEL,1742,S3,586636725,0,0,0,430,2932                           
2026-10-06T20:28:08.217	TEL,1743,S3,586646725,0,0,0,430,2932                           
2026-10-06T20:28:08.217	TEL,1744,S3,586656725,0,0,0,436,2932                           
2026-10-06T20:28:08.217	TEL,1745,S3,586666725,0,0,0,436,2932                           
2026-10-06T20:28:08.217	TEL,1746,S3,586676725,0,0,0,430,2932                           
2026-10-06T20:28:08.217	TEL,1747,S3,586686725,0,0,0,430,2932                           
2026-10-06T20:28:08.217	BTN,19,S3,PRESSED,586689988,586689995                          
2026-10-06T20:28:08.217	TEL,1748,S3,586696725,0,0,0,436,2932                           
2026-10-06T20:28:08.217	TEL,1749,S3,586706725,0,0,0,433,2930                           
2026-10-06T20:28:08.217	TEL,1750,S3,586716725,0,0,0,428,2930                           
2026-10-06T20:28:08.217	TEL,1751,S3,586726725,0,0,0,428,2930                           
2026-10-06T20:28:08.217	TEL,1752,S3,586736725,0,0,0,428,2930                           
2026-10-06T20:28:08.217	TEL,1753,S3,586746725,0,0,0,430,2932                           
2026-10-06T20:28:08.217	TEL,1754,S3,586756725,0,0,0,436,2932                           
2026-10-06T20:28:08.217	TEL,1755,S3,586766725,0,0,0,436,2932                           
2026-10-06T20:28:08.217	TEL,1756,S3,586776725,0,0,0,436,2932                           
2026-10-06T20:28:08.217	TEL,1757,S3,586786725,0,0,0,436,2932                           
2026-10-06T20:28:08.217	TEL,1758,S3,586796725,0,0,0,430,2932                           
2026-10-06T20:28:08.217	TEL,1759,S3,586806725,0,0,0,430,2932                           
2026-10-06T20:28:08.217	TEL,1760,S3,586816725,0,0,0,430,2932                           
2026-10-06T20:28:08.217	TEL,1761,S3,586826725,0,0,0,428,2928                           
2026-10-06T20:28:08.217	TEL,1762,S3,586836725,0,0,0,428,2928                           
2026-10-06T20:28:08.217	TEL,1763,S3,586846725,0,0,0,433,2933                           
2026-10-06T20:28:08.217	TEL,1764,S3,586856725,0,0,0,433,2933                           
2026-10-06T20:28:08.217	TEL,1765,S3,586866725,0,0,0,430,2932                           
2026-10-06T20:28:08.217	TEL,1766,S3,586876725,0,0,0,430,2932                           
2026-10-06T20:28:08.217	TEL,1767,S3,586886725,0,0,0,430,2932                           
2026-10-06T20:28:08.217	TEL,1768,S3,586896725,0,0,0,436,2932                           
2026-10-06T20:28:08.217	TEL,1769,S3,586906725,0,0,0,433,2928                           
2026-10-06T20:28:08.217	TEL,1770,S3,586916725,0,0,0,430,2928                           
2026-10-06T20:28:08.217	TEL,1771,S3,586926725,0,0,0,430,2928                           
2026-10-06T20:28:08.217	TEL,1772,S3,586936725,0,0,0,433,2928                           
2026-10-06T20:28:08.217	TEL,1773,S3,586946725,0,0,0,433,2928                           
2026-10-06T20:28:08.217	TEL,1774,S3,586956725,0,0,0,428,2928                           
2026-10-06T20:28:08.217	TEL,1775,S3,586966725,0,0,0,430,2932                           
2026-10-06T20:28:08.217	TEL,1776,S3,586976725,0,0,0,433,2932                           
2026-10-06T20:28:08.217	TEL,1777,S3,586986725,0,0,0,433,2932                           
2026-10-06T20:28:08.217	TEL,1778,S3,586996725,0,0,0,436,2932                           
2026-10-06T20:28:08.827	TEL,1779,S3,587006725,0,0,0,433,2928                           
2026-10-06T20:28:08.827	TEL,1780,S3,587016725,0,0,0,433,2928                           
2026-10-06T20:28:08.827	TEL,1781,S3,587026725,0,0,0,436,2932                           
2026-10-06T20:28:08.827	TEL,1782,S3,587036725,0,0,0,428,2932                           
2026-10-06T20:28:08.827	TEL,1783,S3,587046725,0,0,0,430,2933                           
2026-10-06T20:28:08.827	TEL,1784,S3,587056725,0,0,0,433,2933                           
2026-10-06T20:28:08.828	TEL,1785,S3,587066725,0,0,0,433,2933                           
2026-10-06T20:28:08.828	TEL,1786,S3,587076725,0,0,0,433,2933                           
2026-10-06T20:28:08.828	TEL,1787,S3,587086725,0,0,0,428,2928                           
2026-10-06T20:28:08.828	TEL,1788,S3,587096725,0,0,0,428,2928                           
2026-10-06T20:28:08.828	TEL,1789,S3,587106725,0,0,0,430,2932                           
2026-10-06T20:28:08.828	TEL,1790,S3,587116725,0,0,0,433,2932                           
2026-10-06T20:28:08.828	TEL,1791,S3,587126725,0,0,0,433,2932                           
2026-10-06T20:28:08.828	TEL,1792,S3,587136725,0,0,0,433,2932                           
2026-10-06T20:28:08.828	TEL,1793,S3,587146725,0,0,0,433,2932                           
2026-10-06T20:28:08.828	TEL,1794,S3,587156725,0,0,0,436,2932                           
2026-10-06T20:28:08.828	TEL,1795,S3,587166725,0,0,0,433,2928                           
2026-10-06T20:28:08.828	TEL,1796,S3,587176725,0,0,0,433,2928                           
2026-10-06T20:28:08.828	TEL,1797,S3,587186725,0,0,0,433,2930                           
2026-10-06T20:28:08.828	TEL,1798,S3,587196725,0,0,0,433,2930                           
2026-10-06T20:28:08.828	TEL,1799,S3,587206725,0,0,0,433,2928                           
2026-10-06T20:28:08.828	BTN,20,S3,PRESSED,587215993,587216000                          
2026-10-06T20:28:08.828	TEL,1800,S3,587216725,0,0,0,428,2928                           
2026-10-06T20:28:08.828	TEL,1801,S3,587226725,0,0,0,442,2942                           
2026-10-06T20:28:08.828	TEL,1802,S3,587236725,0,0,0,442,2942                           
2026-10-06T20:28:08.828	TEL,1803,S3,587246725,0,0,0,430,2930                           
2026-10-06T20:28:08.828	TEL,1804,S3,587256725,0,0,0,428,2930                           
2026-10-06T20:28:08.828	TEL,1805,S3,587266725,0,0,0,428,2930                           
2026-10-06T20:28:08.828	TEL,1806,S3,587276725,0,0,0,428,2930                           
2026-10-06T20:28:08.828	TEL,1807,S3,587286725,0,0,0,428,2932                           
2026-10-06T20:28:08.828	TEL,1808,S3,587296725,0,0,0,430,2932                           
2026-10-06T20:28:08.828	TEL,1809,S3,587306725,0,0,0,430,2932                           
2026-10-06T20:28:08.828	TEL,1810,S3,587316725,0,0,0,425,2932                           
2026-10-06T20:28:08.828	TEL,1811,S3,587326725,0,0,0,425,2932                           
2026-10-06T20:28:08.828	TEL,1812,S3,587336725,0,0,0,436,2932                           
2026-10-06T20:28:08.828	TEL,1813,S3,587346725,0,0,0,436,2933                           
2026-10-06T20:28:08.828	TEL,1814,S3,587356725,0,0,0,436,2933                           
2026-10-06T20:28:08.828	TEL,1815,S3,587366725,0,0,0,436,2932                           
2026-10-06T20:28:08.828	TEL,1816,S3,587376725,0,0,0,430,2932                           
2026-10-06T20:28:08.828	TEL,1817,S3,587386725,0,0,0,430,2932                           
2026-10-06T20:28:08.828	TEL,1818,S3,587396725,0,0,0,430,2932                           
2026-10-06T20:28:08.828	TEL,1819,S3,587406725,0,0,0,428,2928                           
2026-10-06T20:28:08.828	TEL,1820,S3,587416725,0,0,0,428,2928                           
2026-10-06T20:28:08.828	TEL,1821,S3,587426725,0,0,0,428,2928                           
2026-10-06T20:28:08.828	TEL,1822,S3,587436725,0,0,0,433,2928                           
2026-10-06T20:28:08.828	TEL,1823,S3,587446725,0,0,0,433,2930                           
2026-10-06T20:28:08.828	TEL,1824,S3,587456725,0,0,0,430,2930                           
2026-10-06T20:28:08.828	TEL,1825,S3,587466725,0,0,0,430,2928                           
2026-10-06T20:28:08.828	TEL,1826,S3,587476725,0,0,0,428,2928                           
2026-10-06T20:28:08.828	TEL,1827,S3,587486725,0,0,0,430,2932                           
2026-10-06T20:28:08.828	TEL,1828,S3,587496725,0,0,0,436,2932                           
2026-10-06T20:28:08.828	TEL,1829,S3,587506725,0,0,0,433,2930                           
2026-10-06T20:28:08.828	TEL,1830,S3,587516725,0,0,0,428,2930                           
2026-10-06T20:28:08.828	TEL,1831,S3,587526725,0,0,0,433,2933                           
2026-10-06T20:28:08.828	TEL,1832,S3,587536725,0,0,0,430,2933                           
2026-10-06T20:28:08.828	TEL,1833,S3,587546725,0,0,0,430,2933                           
2026-10-06T20:28:08.828	TEL,1834,S3,587556725,0,0,0,430,2933                           
2026-10-06T20:28:08.828	TEL,1835,S3,587566725,0,0,0,430,2933                           
2026-10-06T20:28:08.828	TEL,1836,S3,587576725,0,0,0,433,2933                           
2026-10-06T20:28:08.828	TEL,1837,S3,587586725,0,0,0,428,2928                           
2026-10-06T20:28:08.828	TEL,1838,S3,587596725,0,0,0,428,2928                           
2026-10-06T20:28:08.828	TEL,1839,S3,587606725,0,0,0,430,2932                           
2026-10-06T20:28:09.435	TEL,1840,S3,587616725,0,0,0,430,2932                           
2026-10-06T20:28:09.435	TEL,1841,S3,587626725,0,0,0,430,2932                           
2026-10-06T20:28:09.435	TEL,1842,S3,587636725,0,0,0,433,2932                           
2026-10-06T20:28:09.435	TEL,1843,S3,587646725,0,0,0,433,2932                           
2026-10-06T20:28:09.435	TEL,1844,S3,587656725,0,0,0,430,2932                           
2026-10-06T20:28:09.435	TEL,1845,S3,587666725,0,0,0,428,2930                           
2026-10-06T20:28:09.435	TEL,1846,S3,587676725,0,0,0,428,2930                           
2026-10-06T20:28:09.435	TEL,1847,S3,587686725,0,0,0,430,2932                           
2026-10-06T20:28:09.435	TEL,1848,S3,587696725,0,0,0,433,2932                           
2026-10-06T20:28:09.435	TEL,1849,S3,587706725,0,0,0,430,2928                           
2026-10-06T20:28:09.435	TEL,1850,S3,587716725,0,0,0,430,2928                           
2026-10-06T20:28:09.435	TEL,1851,S3,587726725,0,0,0,430,2928                           
2026-10-06T20:28:09.435	TEL,1852,S3,587736725,0,0,0,428,2928                           
2026-10-06T20:28:09.435	TEL,1853,S3,587746725,0,0,0,428,2928                           
2026-10-06T20:28:09.435	TEL,1854,S3,587756725,0,0,0,430,2928                           
2026-10-06T20:28:09.435	TEL,1855,S3,587766725,0,0,0,430,2928                           
2026-10-06T20:28:09.435	TEL,1856,S3,587776725,0,0,0,433,2928                           
2026-10-06T20:28:09.435	TEL,1857,S3,587786725,0,0,0,436,2932                           
2026-10-06T20:28:09.435	TEL,1858,S3,587796725,0,0,0,430,2932                           
2026-10-06T20:28:09.435	TEL,1859,S3,587806725,0,0,0,430,2932                           
2026-10-06T20:28:09.435	TEL,1860,S3,587816725,0,0,0,430,2932                           
2026-10-06T20:28:09.435	TEL,1861,S3,587826725,0,0,0,430,2932                           
2026-10-06T20:28:09.435	TEL,1862,S3,587836725,0,0,0,430,2932                           
2026-10-06T20:28:09.435	TEL,1863,S3,587846725,0,0,0,430,2932                           
2026-10-06T20:28:09.435	TEL,1864,S3,587856725,0,0,0,430,2932                           
2026-10-06T20:28:09.435	BTN,21,S3,PRESSED,587864999,587865006                          
2026-10-06T20:28:09.435	TEL,1865,S3,587866725,0,0,0,430,2932                           
2026-10-06T20:28:09.435	TEL,1866,S3,587876725,0,0,0,422,2932                           
2026-10-06T20:28:09.435	TEL,1867,S3,587886725,0,0,0,433,2942                           
2026-10-06T20:28:09.435	TEL,1868,S3,587896725,0,0,0,442,2942                           
2026-10-06T20:28:09.435	TEL,1869,S3,587906725,0,0,0,428,2928                           
2026-10-06T20:28:09.435	TEL,1870,S3,587916725,0,0,0,422,2928                           
2026-10-06T20:28:09.435	TEL,1871,S3,587926725,0,0,0,425,2932                           
2026-10-06T20:28:09.435	TEL,1872,S3,587936725,0,0,0,430,2932                           
2026-10-06T20:28:09.435	TEL,1873,S3,587946725,0,0,0,430,2932                           
2026-10-06T20:28:09.435	TEL,1874,S3,587956725,0,0,0,430,2932                           
2026-10-06T20:28:09.435	TEL,1875,S3,587966725,0,0,0,428,2928                           
2026-10-06T20:28:09.435	TEL,1876,S3,587976725,0,0,0,433,2928                           
2026-10-06T20:28:09.435	TEL,1877,S3,587986725,0,0,0,433,2928                           
2026-10-06T20:28:09.435	TEL,1878,S3,587996725,0,0,0,425,2928                           
2026-10-06T20:28:09.435	TEL,1879,S3,588006725,0,0,0,425,2928                           
2026-10-06T20:28:09.435	TEL,1880,S3,588016725,0,0,0,430,2928                           
2026-10-06T20:28:09.435	TEL,1881,S3,588026725,0,0,0,430,2930                           
2026-10-06T20:28:09.435	TEL,1882,S3,588036725,0,0,0,428,2930                           
2026-10-06T20:28:09.435	TEL,1883,S3,588046725,0,0,0,433,2933                           
2026-10-06T20:28:09.435	TEL,1884,S3,588056725,0,0,0,436,2933                           
2026-10-06T20:28:09.435	TEL,1885,S3,588066725,0,0,0,436,2932                           
2026-10-06T20:28:09.435	TEL,1886,S3,588076725,0,0,0,436,2932                           
2026-10-06T20:28:09.435	TEL,1887,S3,588086725,0,0,0,436,2932                           
2026-10-06T20:28:09.435	TEL,1888,S3,588096725,0,0,0,430,2932                           
2026-10-06T20:28:09.435	TEL,1889,S3,588106725,0,0,0,428,2928                           
2026-10-06T20:28:09.435	TEL,1890,S3,588116725,0,0,0,430,2928                           
2026-10-06T20:28:09.435	TEL,1891,S3,588126725,0,0,0,430,2930                           
2026-10-06T20:28:09.435	TEL,1892,S3,588136725,0,0,0,428,2930                           
2026-10-06T20:28:09.435	TEL,1893,S3,588146725,0,0,0,428,2928                           
2026-10-06T20:28:09.435	TEL,1894,S3,588156725,0,0,0,428,2928                           
2026-10-06T20:28:09.435	TEL,1895,S3,588166725,0,0,0,428,2930                           
2026-10-06T20:28:09.435	TEL,1896,S3,588176725,0,0,0,433,2930                           
2026-10-06T20:28:09.435	TEL,1897,S3,588186725,0,0,0,436,2932                           
2026-10-06T20:28:09.435	TEL,1898,S3,588196725,0,0,0,436,2932                           
2026-10-06T20:28:09.435	TEL,1899,S3,588206725,0,0,0,433,2930                           
2026-10-06T20:28:09.435	TEL,1900,S3,588216725,0,0,0,428,2930                           
2026-10-06T20:28:10.048	TEL,1901,S3,588226725,0,0,0,428,2932                           
2026-10-06T20:28:10.048	TEL,1902,S3,588236725,0,0,0,430,2932                           
2026-10-06T20:28:10.048	TEL,1903,S3,588246725,0,0,0,428,2928                           
2026-10-06T20:28:10.048	TEL,1904,S3,588256725,0,0,0,433,2928                           
2026-10-06T20:28:10.048	TEL,1905,S3,588266725,0,0,0,433,2928                           
2026-10-06T20:28:10.048	TEL,1906,S3,588276725,0,0,0,428,2928                           
2026-10-06T20:28:10.048	TEL,1907,S3,588286725,0,0,0,430,2932                           
2026-10-06T20:28:10.048	TEL,1908,S3,588296725,0,0,0,430,2932                           
2026-10-06T20:28:10.048	TEL,1909,S3,588306725,0,0,0,430,2932                           
2026-10-06T20:28:10.048	TEL,1910,S3,588316725,0,0,0,436,2932                           
2026-10-06T20:28:10.048	TEL,1911,S3,588326725,0,0,0,433,2928                           
2026-10-06T20:28:10.048	TEL,1912,S3,588336725,0,0,0,428,2928                           
2026-10-06T20:28:10.048	TEL,1913,S3,588346725,0,0,0,430,2932                           
2026-10-06T20:28:10.048	TEL,1914,S3,588356725,0,0,0,430,2932                           
2026-10-06T20:28:10.048	TEL,1915,S3,588366725,0,0,0,428,2928                           
2026-10-06T20:28:10.048	TEL,1916,S3,588376725,0,0,0,433,2928                           
2026-10-06T20:28:10.048	TEL,1917,S3,588386725,0,0,0,436,2932                           
2026-10-06T20:28:10.048	TEL,1918,S3,588396725,0,0,0,433,2932                           
2026-10-06T20:28:10.048	BTN,22,S3,PRESSED,588405004,588405011                          
2026-10-06T20:28:10.048	TEL,1919,S3,588406725,0,0,0,433,2932                           
2026-10-06T20:28:10.048	TEL,1920,S3,588416725,0,0,0,419,2932                           
2026-10-06T20:28:10.048	TEL,1921,S3,588426725,0,0,0,430,2942                           
2026-10-06T20:28:10.048	TEL,1922,S3,588436725,0,0,0,445,2942                           
2026-10-06T20:28:10.048	TEL,1923,S3,588446725,0,0,0,436,2932                           
2026-10-06T20:28:10.048	TEL,1924,S3,588456725,0,0,0,430,2932                           
2026-10-06T20:28:10.048	TEL,1925,S3,588466725,0,0,0,430,2932                           
2026-10-06T20:28:10.048	TEL,1926,S3,588476725,0,0,0,430,2932                           
2026-10-06T20:28:10.048	TEL,1927,S3,588486725,0,0,0,428,2928                           
2026-10-06T20:28:10.048	TEL,1928,S3,588496725,0,0,0,428,2928                           
2026-10-06T20:28:10.048	TEL,1929,S3,588506725,0,0,0,430,2932                           
2026-10-06T20:28:10.048	TEL,1930,S3,588516725,0,0,0,430,2932                           
2026-10-06T20:28:10.048	TEL,1931,S3,588526725,0,0,0,428,2928                           
2026-10-06T20:28:10.048	TEL,1932,S3,588536725,0,0,0,425,2928                           
2026-10-06T20:28:10.048	TEL,1933,S3,588546725,0,0,0,428,2932                           
2026-10-06T20:28:10.048	TEL,1934,S3,588556725,0,0,0,428,2932                           
2026-10-06T20:28:10.048	TEL,1935,S3,588566725,0,0,0,428,2932                           
2026-10-06T20:28:10.048	TEL,1936,S3,588576725,0,0,0,430,2932                           
2026-10-06T20:28:10.048	TEL,1937,S3,588586725,0,0,0,428,2928                           
2026-10-06T20:28:10.048	TEL,1938,S3,588596725,0,0,0,425,2928                           
2026-10-06T20:28:10.048	TEL,1939,S3,588606725,0,0,0,428,2930                           
2026-10-06T20:28:10.048	TEL,1940,S3,588616725,0,0,0,428,2930                           
2026-10-06T20:28:10.048	TEL,1941,S3,588626725,0,0,0,428,2930                           
2026-10-06T20:28:10.048	TEL,1942,S3,588636725,0,0,0,428,2930                           
2026-10-06T20:28:10.048	TEL,1943,S3,588646725,0,0,0,430,2932                           
2026-10-06T20:28:10.048	TEL,1944,S3,588656725,0,0,0,428,2932                           
2026-10-06T20:28:10.048	TEL,1945,S3,588666725,0,0,0,425,2928                           
2026-10-06T20:28:10.048	TEL,1946,S3,588676725,0,0,0,428,2928                           
2026-10-06T20:28:10.048	TEL,1947,S3,588686725,0,0,0,428,2930                           
2026-10-06T20:28:10.048	TEL,1948,S3,588696725,0,0,0,433,2930                           
2026-10-06T20:28:10.048	TEL,1949,S3,588706725,0,0,0,436,2932                           
2026-10-06T20:28:10.048	TEL,1950,S3,588716725,0,0,0,430,2932                           
2026-10-06T20:28:10.048	TEL,1951,S3,588726725,0,0,0,428,2928                           
2026-10-06T20:28:10.048	TEL,1952,S3,588736725,0,0,0,428,2928                           
2026-10-06T20:28:10.048	TEL,1953,S3,588746725,0,0,0,428,2930                           
2026-10-06T20:28:10.048	TEL,1954,S3,588756725,0,0,0,430,2930                           
2026-10-06T20:28:10.048	TEL,1955,S3,588766725,0,0,0,430,2928                           
2026-10-06T20:28:10.048	TEL,1956,S3,588776725,0,0,0,428,2928                           
2026-10-06T20:28:10.048	TEL,1957,S3,588786725,0,0,0,430,2932                           
2026-10-06T20:28:10.048	TEL,1958,S3,588796725,0,0,0,430,2932                           
2026-10-06T20:28:10.048	TEL,1959,S3,588806725,0,0,0,428,2928                           
2026-10-06T20:28:10.048	TEL,1960,S3,588816725,0,0,0,433,2928                           
2026-10-06T20:28:10.048	TEL,1961,S3,588826725,0,0,0,436,2932                           
2026-10-06T20:28:10.653	TEL,1962,S3,588836725,0,0,0,436,2932                           
2026-10-06T20:28:10.653	TEL,1963,S3,588846725,0,0,0,433,2928                           
2026-10-06T20:28:10.653	TEL,1964,S3,588856725,0,0,0,430,2928                           
2026-10-06T20:28:10.653	TEL,1965,S3,588866725,0,0,0,433,2932                           
2026-10-06T20:28:10.653	TEL,1966,S3,588876725,0,0,0,436,2932                           
2026-10-06T20:28:10.653	TEL,1967,S3,588886725,0,0,0,436,2932                           
2026-10-06T20:28:10.653	TEL,1968,S3,588896725,0,0,0,430,2932                           
2026-10-06T20:28:10.653	TEL,1969,S3,588906725,0,0,0,433,2933                           
2026-10-06T20:28:10.653	TEL,1970,S3,588916725,0,0,0,433,2933                           
2026-10-06T20:28:10.653	TEL,1971,S3,588926725,0,0,0,430,2932                           
2026-10-06T20:28:10.653	TEL,1972,S3,588936725,0,0,0,430,2932                           
2026-10-06T20:28:10.653	TEL,1973,S3,588946725,0,0,0,430,2932                           
2026-10-06T20:28:10.653	TEL,1974,S3,588956725,0,0,0,430,2932                           
2026-10-06T20:28:10.653	TEL,1975,S3,588966725,0,0,0,433,2933                           
2026-10-06T20:28:10.653	TEL,1976,S3,588976725,0,0,0,433,2933                           
2026-10-06T20:28:10.653	TEL,1977,S3,588986725,0,0,0,433,2933                           
2026-10-06T20:28:10.653	TEL,1978,S3,588996725,0,0,0,433,2933                           
2026-10-06T20:28:10.653	TEL,1979,S3,589006725,0,0,0,430,2932                           
2026-10-06T20:28:10.653	TEL,1980,S3,589016725,0,0,0,436,2932                           
2026-10-06T20:28:10.653	TEL,1981,S3,589026725,0,0,0,436,2932                           
2026-10-06T20:28:10.653	TEL,1982,S3,589036725,0,0,0,428,2932                           
2026-10-06T20:28:10.653	TEL,1983,S3,589046725,0,0,0,428,2932                           
2026-10-06T20:28:10.653	TEL,1984,S3,589056725,0,0,0,430,2932                           
2026-10-06T20:28:10.653	TEL,1985,S3,589066725,0,0,0,428,2928                           
2026-10-06T20:28:10.653	TEL,1986,S3,589076725,0,0,0,428,2928                           
2026-10-06T20:28:10.653	TEL,1987,S3,589086725,0,0,0,428,2930                           
2026-10-06T20:28:10.653	TEL,1988,S3,589096725,0,0,0,428,2930                           
2026-10-06T20:28:10.653	TEL,1989,S3,589106725,0,0,0,433,2933                           
2026-10-06T20:28:10.653	TEL,1990,S3,589116725,0,0,0,433,2933                           
2026-10-06T20:28:10.653	TEL,1991,S3,589126725,0,0,0,433,2932                           
2026-10-06T20:28:10.653	TEL,1992,S3,589136725,0,0,0,433,2932                           
2026-10-06T20:28:10.653	TEL,1993,S3,589146725,0,0,0,430,2928                           
2026-10-06T20:28:10.653	TEL,1994,S3,589156725,0,0,0,433,2928                           
2026-10-06T20:28:10.653	BTN,23,S3,PRESSED,589165010,589165017                          
2026-10-06T20:28:10.653	TEL,1995,S3,589166725,0,0,0,436,2932                           
2026-10-06T20:28:10.653	TEL,1996,S3,589176725,0,0,0,425,2932                           
2026-10-06T20:28:10.653	TEL,1997,S3,589186725,0,0,0,436,2942                           
2026-10-06T20:28:10.653	TEL,1998,S3,589196725,0,0,0,442,2942                           
2026-10-06T20:28:10.653	TEL,1999,S3,589206725,0,0,0,430,2928                           
2026-10-06T20:28:10.653	TEL,2000,S3,589216725,0,0,0,433,2928                           
2026-10-06T20:28:10.653	TEL,2001,S3,589226725,0,0,0,436,2933                           
2026-10-06T20:28:10.653	TEL,2002,S3,589236725,0,0,0,433,2933                           
2026-10-06T20:28:10.653	TEL,2003,S3,589246725,0,0,0,428,2928                           
2026-10-06T20:28:10.653	TEL,2004,S3,589256725,0,0,0,428,2928                           
2026-10-06T20:28:10.653	TEL,2005,S3,589266725,0,0,0,430,2932                           
2026-10-06T20:28:10.653	TEL,2006,S3,589276725,0,0,0,436,2932                           
2026-10-06T20:28:10.653	TEL,2007,S3,589286725,0,0,0,433,2928                           
2026-10-06T20:28:10.653	TEL,2008,S3,589296725,0,0,0,428,2928                           
2026-10-06T20:28:10.653	TEL,2009,S3,589306725,0,0,0,430,2932                           
2026-10-06T20:28:10.653	TEL,2010,S3,589316725,0,0,0,436,2932                           
2026-10-06T20:28:10.653	TEL,2011,S3,589326725,0,0,0,433,2928                           
2026-10-06T20:28:10.653	TEL,2012,S3,589336725,0,0,0,436,2928                           
2026-10-06T20:28:10.653	TEL,2013,S3,589346725,0,0,0,436,2928                           
2026-10-06T20:28:10.653	TEL,2014,S3,589356725,0,0,0,428,2928                           
2026-10-06T20:28:10.653	TEL,2015,S3,589366725,0,0,0,428,2928                           
2026-10-06T20:28:10.653	TEL,2016,S3,589376725,0,0,0,433,2928                           
2026-10-06T20:28:10.653	TEL,2017,S3,589386725,0,0,0,436,2932                           
2026-10-06T20:28:10.653	TEL,2018,S3,589396725,0,0,0,430,2932                           
2026-10-06T20:28:10.653	TEL,2019,S3,589406725,0,0,0,428,2928                           
2026-10-06T20:28:10.653	TEL,2020,S3,589416725,0,0,0,430,2928                           
2026-10-06T20:28:10.653	TEL,2021,S3,589426725,0,0,0,430,2928                           
2026-10-06T20:28:10.653	TEL,2022,S3,589436725,0,0,0,428,2928                           
2026-10-06T20:28:11.268	TEL,2023,S3,589446725,0,0,0,430,2932                           
2026-10-06T20:28:11.268	TEL,2024,S3,589456725,0,0,0,430,2932                           
2026-10-06T20:28:11.268	TEL,2025,S3,589466725,0,0,0,430,2932                           
2026-10-06T20:28:11.268	TEL,2026,S3,589476725,0,0,0,433,2932                           
2026-10-06T20:28:11.268	TEL,2027,S3,589486725,0,0,0,430,2928                           
2026-10-06T20:28:11.268	TEL,2028,S3,589496725,0,0,0,433,2928                           
2026-10-06T20:28:11.268	TEL,2029,S3,589506725,0,0,0,433,2928                           
2026-10-06T20:28:11.268	TEL,2030,S3,589516725,0,0,0,428,2928                           
2026-10-06T20:28:11.268	TEL,2031,S3,589526725,0,0,0,430,2932                           
2026-10-06T20:28:11.268	TEL,2032,S3,589536725,0,0,0,436,2932                           
2026-10-06T20:28:11.268	TEL,2033,S3,589546725,0,0,0,433,2928                           
2026-10-06T20:28:11.268	TEL,2034,S3,589556725,0,0,0,428,2928                           
2026-10-06T20:28:11.268	TEL,2035,S3,589566725,0,0,0,428,2930                           
2026-10-06T20:28:11.268	TEL,2036,S3,589576725,0,0,0,428,2930                           
2026-10-06T20:28:11.268	TEL,2037,S3,589586725,0,0,0,433,2933                           
2026-10-06T20:28:11.268	TEL,2038,S3,589596725,0,0,0,436,2933                           
2026-10-06T20:28:11.268	TEL,2039,S3,589606725,0,0,0,436,2932                           
2026-10-06T20:28:11.268	TEL,2040,S3,589616725,0,0,0,430,2932                           
2026-10-06T20:28:11.268	TEL,2041,S3,589626725,0,0,0,428,2928                           
2026-10-06T20:28:11.268	TEL,2042,S3,589636725,0,0,0,425,2928                           
2026-10-06T20:28:11.268	TEL,2043,S3,589646725,0,0,0,428,2932                           
2026-10-06T20:28:11.268	TEL,2044,S3,589656725,0,0,0,430,2932                           
2026-10-06T20:28:11.268	TEL,2045,S3,589666725,0,0,0,433,2933                           
2026-10-06T20:28:11.268	TEL,2046,S3,589676725,0,0,0,433,2933                           
2026-10-06T20:28:11.268	TEL,2047,S3,589686725,0,0,0,430,2932                           
2026-10-06T20:28:11.268	TEL,2048,S3,589696725,0,0,0,428,2932                           
2026-10-06T20:28:11.268	TEL,2049,S3,589706725,0,0,0,430,2933                           
2026-10-06T20:28:11.268	TEL,2050,S3,589716725,0,0,0,433,2933                           
2026-10-06T20:28:11.268	TEL,2051,S3,589726725,0,0,0,430,2932                           
2026-10-06T20:28:11.268	TEL,2052,S3,589736725,0,0,0,430,2932                           
2026-10-06T20:28:11.268	TEL,2053,S3,589746725,0,0,0,430,2932                           
2026-10-06T20:28:11.268	TEL,2054,S3,589756725,0,0,0,436,2932                           
2026-10-06T20:28:11.268	TEL,2055,S3,589766725,0,0,0,433,2928                           
2026-10-06T20:28:11.268	TEL,2056,S3,589776725,0,0,0,428,2928                           
2026-10-06T20:28:11.268	TEL,2057,S3,589786725,0,0,0,428,2928                           
2026-10-06T20:28:11.268	TEL,2058,S3,589796725,0,0,0,433,2928                           
2026-10-06T20:28:11.268	TEL,2059,S3,589806725,0,0,0,436,2932                           
2026-10-06T20:28:11.268	TEL,2060,S3,589816725,0,0,0,436,2932                           
2026-10-06T20:28:11.268	TEL,2061,S3,589826725,0,0,0,436,2932                           
2026-10-06T20:28:11.268	TEL,2062,S3,589836725,0,0,0,436,2932                           
2026-10-06T20:28:11.268	TEL,2063,S3,589846725,0,0,0,433,2928                           
2026-10-06T20:28:11.268	TEL,2064,S3,589856725,0,0,0,433,2928                           
2026-10-06T20:28:11.268	TEL,2065,S3,589866725,0,0,0,436,2933                           
2026-10-06T20:28:11.268	TEL,2066,S3,589876725,0,0,0,433,2933                           
2026-10-06T20:28:11.268	TEL,2067,S3,589886725,0,0,0,430,2932                           
2026-10-06T20:28:11.268	TEL,2068,S3,589896725,0,0,0,436,2932                           
2026-10-06T20:28:11.268	TEL,2069,S3,589906725,0,0,0,433,2928                           
2026-10-06T20:28:11.268	TEL,2070,S3,589916725,0,0,0,430,2928                           
2026-10-06T20:28:11.268	BTN,24,S3,PRESSED,589923015,589923022                          
2026-10-06T20:28:11.268	TEL,2071,S3,589926725,0,0,0,433,2932                           
2026-10-06T20:28:11.268	TEL,2072,S3,589936725,0,0,0,430,2932                           
2026-10-06T20:28:11.268	TEL,2073,S3,589946725,0,0,0,430,2932                           
2026-10-06T20:28:11.268	TEL,2074,S3,589956725,0,0,0,436,2932                           
2026-10-06T20:28:11.268	TEL,2075,S3,589966725,0,0,0,436,2932                           
2026-10-06T20:28:11.268	TEL,2076,S3,589976725,0,0,0,430,2932                           
2026-10-06T20:28:11.268	TEL,2077,S3,589986725,0,0,0,430,2932                           
2026-10-06T20:28:11.268	TEL,2078,S3,589996725,0,0,0,430,2932                           
2026-10-06T20:28:11.268	TEL,2079,S3,590006725,0,0,0,428,2930                           
2026-10-06T20:28:11.268	TEL,2080,S3,590016725,0,0,0,428,2930                           
2026-10-06T20:28:11.268	TEL,2081,S3,590026725,0,0,0,428,2928                           
2026-10-06T20:28:11.268	TEL,2082,S3,590036725,0,0,0,428,2928                           
2026-10-06T20:28:11.268	TEL,2083,S3,590046725,0,0,0,430,2932                           
2026-10-06T20:28:11.885	TEL,2084,S3,590056725,0,0,0,425,2932                           
2026-10-06T20:28:11.885	TEL,2085,S3,590066725,0,0,0,425,2932                           
2026-10-06T20:28:11.885	TEL,2086,S3,590076725,0,0,0,433,2932                           
2026-10-06T20:28:11.885	TEL,2087,S3,590086725,0,0,0,433,2932                           
2026-10-06T20:28:11.885	TEL,2088,S3,590096725,0,0,0,430,2932                           
2026-10-06T20:28:11.885	TEL,2089,S3,590106725,0,0,0,433,2935                           
2026-10-06T20:28:11.885	TEL,2090,S3,590116725,0,0,0,433,2935                           
2026-10-06T20:28:11.885	TEL,2091,S3,590126725,0,0,0,430,2932                           
2026-10-06T20:28:11.885	TEL,2092,S3,590136725,0,0,0,428,2932                           
2026-10-06T20:28:11.885	TEL,2093,S3,590146725,0,0,0,428,2932                           
2026-10-06T20:28:11.885	TEL,2094,S3,590156725,0,0,0,430,2932                           
2026-10-06T20:28:11.885	TEL,2095,S3,590166725,0,0,0,433,2933                           
2026-10-06T20:28:11.885	TEL,2096,S3,590176725,0,0,0,433,2933                           
2026-10-06T20:28:11.885	TEL,2097,S3,590186725,0,0,0,428,2928                           
2026-10-06T20:28:11.885	TEL,2098,S3,590196725,0,0,0,425,2928                           
2026-10-06T20:28:11.885	TEL,2099,S3,590206725,0,0,0,428,2932                           
2026-10-06T20:28:11.885	TEL,2100,S3,590216725,0,0,0,436,2932                           
2026-10-06T20:28:11.885	TEL,2101,S3,590226725,0,0,0,433,2928                           
2026-10-06T20:28:11.885	TEL,2102,S3,590236725,0,0,0,428,2928                           
2026-10-06T20:28:11.885	TEL,2103,S3,590246725,0,0,0,428,2930                           
2026-10-06T20:28:11.885	TEL,2104,S3,590256725,0,0,0,430,2930                           
2026-10-06T20:28:11.885	TEL,2105,S3,590266725,0,0,0,430,2930                           
2026-10-06T20:28:11.885	TEL,2106,S3,590276725,0,0,0,430,2930                           
2026-10-06T20:28:11.885	TEL,2107,S3,590286725,0,0,0,433,2932                           
2026-10-06T20:28:11.885	TEL,2108,S3,590296725,0,0,0,436,2932                           
2026-10-06T20:28:11.885	TEL,2109,S3,590306725,0,0,0,436,2932                           
2026-10-06T20:28:11.885	TEL,2110,S3,590316725,0,0,0,433,2932                           
2026-10-06T20:28:11.885	TEL,2111,S3,590326725,0,0,0,433,2933                           
2026-10-06T20:28:11.885	TEL,2112,S3,590336725,0,0,0,433,2933                           
2026-10-06T20:28:11.885	TEL,2113,S3,590346725,0,0,0,430,2932                           
2026-10-06T20:28:11.885	TEL,2114,S3,590356725,0,0,0,430,2932                           
2026-10-06T20:28:11.885	TEL,2115,S3,590366725,0,0,0,428,2930                           
2026-10-06T20:28:11.885	TEL,2116,S3,590376725,0,0,0,428,2930                           
2026-10-06T20:28:11.885	TEL,2117,S3,590386725,0,0,0,428,2928                           
2026-10-06T20:28:11.885	TEL,2118,S3,590396725,0,0,0,428,2928                           
2026-10-06T20:28:11.885	TEL,2119,S3,590406725,0,0,0,430,2932                           
2026-10-06T20:28:11.885	TEL,2120,S3,590416725,0,0,0,430,2932                           
2026-10-06T20:28:11.885	TEL,2121,S3,590426725,0,0,0,430,2932                           
2026-10-06T20:28:11.885	TEL,2122,S3,590436725,0,0,0,430,2932                           
2026-10-06T20:28:11.885	TEL,2123,S3,590446725,0,0,0,430,2932                           
2026-10-06T20:28:11.885	TEL,2124,S3,590456725,0,0,0,430,2932                           
2026-10-06T20:28:11.885	TEL,2125,S3,590466725,0,0,0,430,2932                           
2026-10-06T20:28:11.885	TEL,2126,S3,590476725,0,0,0,433,2932                           
2026-10-06T20:28:11.885	TEL,2127,S3,590486725,0,0,0,430,2928                           
2026-10-06T20:28:11.885	TEL,2128,S3,590496725,0,0,0,428,2928                           
2026-10-06T20:28:11.885	TEL,2129,S3,590506725,0,0,0,430,2932                           
2026-10-06T20:28:11.885	TEL,2130,S3,590516725,0,0,0,436,2932                           
2026-10-06T20:28:11.885	TEL,2131,S3,590526725,0,0,0,436,2932                           
2026-10-06T20:28:11.885	TEL,2132,S3,590536725,0,0,0,428,2932                           
2026-10-06T20:28:11.885	TEL,2133,S3,590546725,0,0,0,428,2930                           
2026-10-06T20:28:11.885	TEL,2134,S3,590556725,0,0,0,430,2930                           
2026-10-06T20:28:11.885	TEL,2135,S3,590566725,0,0,0,433,2932                           
2026-10-06T20:28:11.885	TEL,2136,S3,590576725,0,0,0,436,2932                           
2026-10-06T20:28:11.885	TEL,2137,S3,590586725,0,0,0,436,2932                           
2026-10-06T20:28:11.885	TEL,2138,S3,590596725,0,0,0,430,2932                           
2026-10-06T20:28:11.885	TEL,2139,S3,590606725,0,0,0,430,2932                           
2026-10-06T20:28:11.885	TEL,2140,S3,590616725,0,0,0,430,2932                           
2026-10-06T20:28:11.885	TEL,2141,S3,590626725,0,0,0,428,2928                           
2026-10-06T20:28:11.885	TEL,2142,S3,590636725,0,0,0,428,2928                           
2026-10-06T20:28:11.885	TEL,2143,S3,590646725,0,0,0,428,2928                           
2026-10-06T20:28:11.885	TEL,2144,S3,590656725,0,0,0,428,2928                           
2026-10-06T20:28:11.885	TEL,2145,S3,590666725,0,0,0,428,2928                           
2026-10-06T20:28:12.497	TEL,2146,S3,590676725,0,0,0,428,2928                           
2026-10-06T20:28:12.497	TEL,2147,S3,590686725,0,0,0,428,2930                           
2026-10-06T20:28:12.497	TEL,2148,S3,590696725,0,0,0,433,2930                           
2026-10-06T20:28:12.497	TEL,2149,S3,590706725,0,0,0,436,2932                           
2026-10-06T20:28:12.497	TEL,2150,S3,590716725,0,0,0,430,2932                           
2026-10-06T20:28:12.497	TEL,2151,S3,590726725,0,0,0,428,2928                           
2026-10-06T20:28:12.497	TEL,2152,S3,590736725,0,0,0,433,2928                           
2026-10-06T20:28:12.497	TEL,2153,S3,590746725,0,0,0,436,2932                           
2026-10-06T20:28:12.497	TEL,2154,S3,590756725,0,0,0,430,2932                           
2026-10-06T20:28:12.497	TEL,2155,S3,590766725,0,0,0,428,2928                           
2026-10-06T20:28:12.497	TEL,2156,S3,590776725,0,0,0,425,2928                           
2026-10-06T20:28:12.497	TEL,2157,S3,590786725,0,0,0,428,2932                           
2026-10-06T20:28:12.497	TEL,2158,S3,590796725,0,0,0,430,2932                           
2026-10-06T20:28:12.497	TEL,2159,S3,590806725,0,0,0,430,2932                           
2026-10-06T20:28:12.497	BTN,25,S3,PRESSED,590815021,590815028                          
2026-10-06T20:28:12.497	TEL,2160,S3,590816725,0,0,0,433,2932                           
2026-10-06T20:28:12.497	TEL,2161,S3,590826725,0,0,0,442,2942                           
2026-10-06T20:28:12.497	TEL,2162,S3,590836725,0,0,0,442,2942                           
2026-10-06T20:28:12.497	TEL,2163,S3,590846725,0,0,0,433,2932                           
2026-10-06T20:28:12.497	TEL,2164,S3,590856725,0,0,0,428,2932                           
2026-10-06T20:28:12.497	TEL,2165,S3,590866725,0,0,0,428,2932                           
2026-10-06T20:28:12.497	TEL,2166,S3,590876725,0,0,0,433,2932                           
2026-10-06T20:28:12.497	TEL,2167,S3,590886725,0,0,0,433,2932                           
2026-10-06T20:28:12.497	TEL,2168,S3,590896725,0,0,0,430,2932                           
2026-10-06T20:28:12.497	TEL,2169,S3,590906725,0,0,0,430,2932                           
2026-10-06T20:28:12.497	TEL,2170,S3,590916725,0,0,0,433,2932                           
2026-10-06T20:28:12.497	TEL,2171,S3,590926725,0,0,0,433,2933                           
2026-10-06T20:28:12.497	TEL,2172,S3,590936725,0,0,0,433,2933                           
2026-10-06T20:28:12.497	TEL,2173,S3,590946725,0,0,0,430,2928                           
2026-10-06T20:28:12.497	TEL,2174,S3,590956725,0,0,0,428,2928                           
2026-10-06T20:28:12.497	TEL,2175,S3,590966725,0,0,0,433,2933                           
2026-10-06T20:28:12.497	TEL,2176,S3,590976725,0,0,0,433,2933                           
2026-10-06T20:28:12.497	TEL,2177,S3,590986725,0,0,0,430,2932                           
2026-10-06T20:28:12.497	TEL,2178,S3,590996725,0,0,0,433,2932                           
2026-10-06T20:28:12.497	TEL,2179,S3,591006725,0,0,0,430,2928                           
2026-10-06T20:28:12.497	TEL,2180,S3,591016725,0,0,0,430,2928                           
2026-10-06T20:28:12.497	TEL,2181,S3,591026725,0,0,0,433,2933                           
2026-10-06T20:28:12.497	TEL,2182,S3,591036725,0,0,0,430,2933                           
2026-10-06T20:28:12.497	TEL,2183,S3,591046725,0,0,0,428,2932                           
2026-10-06T20:28:12.497	TEL,2184,S3,591056725,0,0,0,433,2932                           
2026-10-06T20:28:12.497	TEL,2185,S3,591066725,0,0,0,430,2928                           
2026-10-06T20:28:12.497	TEL,2186,S3,591076725,0,0,0,428,2928                           
2026-10-06T20:28:12.497	TEL,2187,S3,591086725,0,0,0,433,2933                           
2026-10-06T20:28:12.497	TEL,2188,S3,591096725,0,0,0,433,2933                           
2026-10-06T20:28:12.497	TEL,2189,S3,591106725,0,0,0,430,2932                           
2026-10-06T20:28:12.497	TEL,2190,S3,591116725,0,0,0,430,2932                           
2026-10-06T20:28:12.499	TEL,2191,S3,591126725,0,0,0,430,2932                           
2026-10-06T20:28:12.499	TEL,2192,S3,591136725,0,0,0,436,2932                           
2026-10-06T20:28:12.499	TEL,2193,S3,591146725,0,0,0,433,2928                           
2026-10-06T20:28:12.499	TEL,2194,S3,591156725,0,0,0,428,2928                           
2026-10-06T20:28:12.499	TEL,2195,S3,591166725,0,0,0,430,2932                           
2026-10-06T20:28:12.499	TEL,2196,S3,591176725,0,0,0,433,2932                           
2026-10-06T20:28:12.499	TEL,2197,S3,591186725,0,0,0,433,2932                           
2026-10-06T20:28:12.499	TEL,2198,S3,591196725,0,0,0,428,2932                           
2026-10-06T20:28:12.499	TEL,2199,S3,591206725,0,0,0,428,2932                           
2026-10-06T20:28:12.499	TEL,2200,S3,591216725,0,0,0,430,2932                           
2026-10-06T20:28:12.499	TEL,2201,S3,591226725,0,0,0,430,2932                           
2026-10-06T20:28:12.499	TEL,2202,S3,591236725,0,0,0,430,2932                           
2026-10-06T20:28:12.499	TEL,2203,S3,591246725,0,0,0,428,2928                           
2026-10-06T20:28:12.499	TEL,2204,S3,591256725,0,0,0,428,2928                           
2026-10-06T20:28:12.499	TEL,2205,S3,591266725,0,0,0,428,2928                           
2026-10-06T20:28:12.499	TEL,2206,S3,591276725,0,0,0,428,2928                           
2026-10-06T20:28:13.105	TEL,2207,S3,591286725,0,0,0,428,2928                           
2026-10-06T20:28:13.105	TEL,2208,S3,591296725,0,0,0,430,2928                           
2026-10-06T20:28:13.105	TEL,2209,S3,591306725,0,0,0,433,2932                           
2026-10-06T20:28:13.105	TEL,2210,S3,591316725,0,0,0,436,2932                           
2026-10-06T20:28:13.105	TEL,2211,S3,591326725,0,0,0,433,2928                           
2026-10-06T20:28:13.105	TEL,2212,S3,591336725,0,0,0,430,2928                           
2026-10-06T20:28:13.105	TEL,2213,S3,591346725,0,0,0,430,2928                           
2026-10-06T20:28:13.105	TEL,2214,S3,591356725,0,0,0,428,2928                           
2026-10-06T20:28:13.105	TEL,2215,S3,591366725,0,0,0,433,2933                           
2026-10-06T20:28:13.105	TEL,2216,S3,591376725,0,0,0,436,2933                           
2026-10-06T20:28:13.105	TEL,2217,S3,591386725,0,0,0,433,2928                           
2026-10-06T20:28:13.105	TEL,2218,S3,591396725,0,0,0,433,2928                           
2026-10-06T20:28:13.105	TEL,2219,S3,591406725,0,0,0,436,2932                           
2026-10-06T20:28:13.105	TEL,2220,S3,591416725,0,0,0,430,2932                           
2026-10-06T20:28:13.105	TEL,2221,S3,591426725,0,0,0,428,2928                           
2026-10-06T20:28:13.105	TEL,2222,S3,591436725,0,0,0,433,2928                           
2026-10-06T20:28:13.105	TEL,2223,S3,591446725,0,0,0,436,2932                           
2026-10-06T20:28:13.105	TEL,2224,S3,591456725,0,0,0,430,2932                           
2026-10-06T20:28:13.105	TEL,2225,S3,591466725,0,0,0,428,2928                           
2026-10-06T20:28:13.105	TEL,2226,S3,591476725,0,0,0,428,2928                           
2026-10-06T20:28:13.105	TEL,2227,S3,591486725,0,0,0,428,2928                           
2026-10-06T20:28:13.105	TEL,2228,S3,591496725,0,0,0,428,2928                           
2026-10-06T20:28:13.105	TEL,2229,S3,591506725,0,0,0,430,2932                           
2026-10-06T20:28:13.105	TEL,2230,S3,591516725,0,0,0,430,2932                           
2026-10-06T20:28:13.105	TEL,2231,S3,591526725,0,0,0,430,2932                           
2026-10-06T20:28:13.105	TEL,2232,S3,591536725,0,0,0,436,2932                           
2026-10-06T20:28:13.105	TEL,2233,S3,591546725,0,0,0,436,2932                           
2026-10-06T20:28:13.105	TEL,2234,S3,591556725,0,0,0,430,2932                           
2026-10-06T20:28:13.105	TEL,2235,S3,591566725,0,0,0,428,2928                           
2026-10-06T20:28:13.105	TEL,2236,S3,591576725,0,0,0,433,2928                           
2026-10-06T20:28:13.105	TEL,2237,S3,591586725,0,0,0,436,2932                           
2026-10-06T20:28:13.105	TEL,2238,S3,591596725,0,0,0,436,2932                           
2026-10-06T20:28:13.105	TEL,2239,S3,591606725,0,0,0,436,2932                           
2026-10-06T20:28:13.105	TEL,2240,S3,591616725,0,0,0,436,2932                           
2026-10-06T20:28:13.105	TEL,2241,S3,591626725,0,0,0,433,2928                           
2026-10-06T20:28:13.105	TEL,2242,S3,591636725,0,0,0,430,2928                           
2026-10-06T20:28:13.105	TEL,2243,S3,591646725,0,0,0,433,2932                           
2026-10-06T20:28:13.105	TEL,2244,S3,591656725,0,0,0,430,2932                           
2026-10-06T20:28:13.105	TEL,2245,S3,591666725,0,0,0,428,2928                           
2026-10-06T20:28:13.105	TEL,2246,S3,591676725,0,0,0,428,2928                           
2026-10-06T20:28:13.105	TEL,2247,S3,591686725,0,0,0,428,2928                           
2026-10-06T20:28:13.105	TEL,2248,S3,591696725,0,0,0,428,2928                           
2026-10-06T20:28:13.105	TEL,2249,S3,591706725,0,0,0,428,2930                           
2026-10-06T20:28:13.105	BTN,26,S3,PRESSED,591714026,591714033                          
2026-10-06T20:28:13.105	TEL,2250,S3,591716725,0,0,0,428,2930                           
2026-10-06T20:28:13.105	TEL,2251,S3,591726725,0,0,0,430,2935                           
2026-10-06T20:28:13.105	TEL,2252,S3,591736725,0,0,0,439,2935                           
2026-10-06T20:28:13.105	TEL,2253,S3,591746725,0,0,0,433,2928                           
2026-10-06T20:28:13.105	TEL,2254,S3,591756725,0,0,0,425,2928                           
2026-10-06T20:28:13.105	TEL,2255,S3,591766725,0,0,0,430,2933                           
2026-10-06T20:28:13.105	TEL,2256,S3,591776725,0,0,0,433,2933                           
2026-10-06T20:28:13.105	TEL,2257,S3,591786725,0,0,0,430,2932                           
2026-10-06T20:28:13.105	TEL,2258,S3,591796725,0,0,0,436,2932                           
2026-10-06T20:28:13.105	TEL,2259,S3,591806725,0,0,0,436,2932                           
2026-10-06T20:28:13.105	TEL,2260,S3,591816725,0,0,0,430,2932                           
2026-10-06T20:28:13.105	TEL,2261,S3,591826725,0,0,0,430,2932                           
2026-10-06T20:28:13.105	TEL,2262,S3,591836725,0,0,0,430,2932                           
2026-10-06T20:28:13.105	TEL,2263,S3,591846725,0,0,0,430,2932                           
2026-10-06T20:28:13.105	TEL,2264,S3,591856725,0,0,0,428,2932                           
2026-10-06T20:28:13.105	TEL,2265,S3,591866725,0,0,0,425,2928                           
2026-10-06T20:28:13.105	TEL,2266,S3,591876725,0,0,0,428,2928                           
2026-10-06T20:28:13.105	TEL,2267,S3,591886725,0,0,0,428,2928                           
2026-10-06T20:28:13.718	TEL,2268,S3,591896725,0,0,0,433,2928                           
2026-10-06T20:28:13.718	TEL,2269,S3,591906725,0,0,0,436,2932                           
2026-10-06T20:28:13.718	TEL,2270,S3,591916725,0,0,0,430,2932                           
2026-10-06T20:28:13.718	TEL,2271,S3,591926725,0,0,0,430,2932                           
2026-10-06T20:28:13.718	TEL,2272,S3,591936725,0,0,0,439,2932                           
2026-10-06T20:28:13.718	TEL,2273,S3,591946725,0,0,0,439,2932                           
2026-10-06T20:28:13.718	TEL,2274,S3,591956725,0,0,0,430,2932                           
2026-10-06T20:28:13.718	TEL,2275,S3,591966725,0,0,0,428,2928                           
2026-10-06T20:28:13.718	TEL,2276,S3,591976725,0,0,0,433,2928                           
2026-10-06T20:28:13.718	TEL,2277,S3,591986725,0,0,0,436,2933                           
2026-10-06T20:28:13.718	TEL,2278,S3,591996725,0,0,0,433,2933                           
2026-10-06T20:28:13.718	TEL,2279,S3,592006725,0,0,0,433,2933                           
2026-10-06T20:28:13.718	TEL,2280,S3,592016725,0,0,0,433,2933                           
2026-10-06T20:28:13.718	TEL,2281,S3,592026725,0,0,0,428,2930                           
2026-10-06T20:28:13.718	TEL,2282,S3,592036725,0,0,0,428,2930                           
2026-10-06T20:28:13.719	TEL,2283,S3,592046725,0,0,0,430,2932                           
2026-10-06T20:28:13.719	TEL,2284,S3,592056725,0,0,0,430,2932                           
2026-10-06T20:28:13.719	TEL,2285,S3,592066725,0,0,0,430,2932                           
2026-10-06T20:28:13.719	TEL,2286,S3,592076725,0,0,0,436,2932                           
2026-10-06T20:28:13.719	TEL,2287,S3,592086725,0,0,0,436,2932                           
2026-10-06T20:28:13.719	TEL,2288,S3,592096725,0,0,0,430,2932                           
2026-10-06T20:28:13.719	TEL,2289,S3,592106725,0,0,0,430,2932                           
2026-10-06T20:28:13.719	TEL,2290,S3,592116725,0,0,0,430,2932                           
2026-10-06T20:28:13.719	TEL,2291,S3,592126725,0,0,0,430,2932                           
2026-10-06T20:28:13.719	TEL,2292,S3,592136725,0,0,0,436,2932                           
2026-10-06T20:28:13.719	TEL,2293,S3,592146725,0,0,0,433,2930                           
2026-10-06T20:28:13.720	TEL,2294,S3,592156725,0,0,0,433,2930                           
2026-10-06T20:28:13.720	TEL,2295,S3,592166725,0,0,0,436,2932                           
2026-10-06T20:28:13.720	TEL,2296,S3,592176725,0,0,0,425,2932                           
2026-10-06T20:28:13.720	TEL,2297,S3,592186725,0,0,0,425,2932                           
2026-10-06T20:28:13.720	TEL,2298,S3,592196725,0,0,0,430,2932                           
2026-10-06T20:28:13.720	TEL,2299,S3,592206725,0,0,0,430,2932                           
2026-10-06T20:28:13.720	TEL,2300,S3,592216725,0,0,0,430,2932                           
2026-10-06T20:28:13.720	TEL,2301,S3,592226725,0,0,0,430,2932                           
2026-10-06T20:28:13.720	TEL,2302,S3,592236725,0,0,0,436,2932                           
2026-10-06T20:28:13.720	TEL,2303,S3,592246725,0,0,0,436,2932                           
2026-10-06T20:28:13.720	TEL,2304,S3,592256725,0,0,0,430,2932                           
2026-10-06T20:28:13.720	TEL,2305,S3,592266725,0,0,0,430,2932                           
2026-10-06T20:28:13.720	TEL,2306,S3,592276725,0,0,0,433,2932                           
2026-10-06T20:28:13.720	TEL,2307,S3,592286725,0,0,0,430,2928                           
2026-10-06T20:28:13.720	TEL,2308,S3,592296725,0,0,0,428,2928                           
2026-10-06T20:28:13.720	TEL,2309,S3,592306725,0,0,0,428,2928                           
2026-10-06T20:28:13.720	TEL,2310,S3,592316725,0,0,0,433,2928                           
2026-10-06T20:28:13.720	TEL,2311,S3,592326725,0,0,0,433,2928                           
2026-10-06T20:28:13.720	TEL,2312,S3,592336725,0,0,0,433,2928                           
2026-10-06T20:28:13.720	TEL,2313,S3,592346725,0,0,0,436,2932                           
2026-10-06T20:28:13.720	TEL,2314,S3,592356725,0,0,0,430,2932                           
2026-10-06T20:28:13.720	TEL,2315,S3,592366725,0,0,0,433,2933                           
2026-10-06T20:28:13.720	TEL,2316,S3,592376725,0,0,0,433,2933                           
2026-10-06T20:28:13.720	TEL,2317,S3,592386725,0,0,0,430,2932                           
2026-10-06T20:28:13.720	TEL,2318,S3,592396725,0,0,0,442,2932                           
2026-10-06T20:28:13.720	TEL,2319,S3,592406725,0,0,0,442,2932                           
2026-10-06T20:28:13.720	TEL,2320,S3,592416725,0,0,0,430,2932                           
2026-10-06T20:28:13.720	TEL,2321,S3,592426725,0,0,0,430,2932                           
2026-10-06T20:28:13.720	TEL,2322,S3,592436725,0,0,0,430,2932                           
2026-10-06T20:28:13.720	TEL,2323,S3,592446725,0,0,0,430,2932                           
2026-10-06T20:28:13.720	TEL,2324,S3,592456725,0,0,0,430,2932                           
2026-10-06T20:28:13.720	TEL,2325,S3,592466725,0,0,0,430,2932                           
2026-10-06T20:28:13.720	BTN,27,S3,PRESSED,592476031,592476039                          
2026-10-06T20:28:13.720	TEL,2326,S3,592476725,0,0,0,433,2932                           
2026-10-06T20:28:13.720	TEL,2327,S3,592486725,0,0,0,442,2942                           
2026-10-06T20:28:13.720	TEL,2328,S3,592496725,0,0,0,442,2942                           
2026-10-06T20:28:14.327	TEL,2329,S3,592506725,0,0,0,430,2928                           
2026-10-06T20:28:14.327	TEL,2330,S3,592516725,0,0,0,428,2928                           
2026-10-06T20:28:14.327	TEL,2331,S3,592526725,0,0,0,430,2932                           
2026-10-06T20:28:14.327	TEL,2332,S3,592536725,0,0,0,430,2932                           
2026-10-06T20:28:14.327	TEL,2333,S3,592546725,0,0,0,428,2928                           
2026-10-06T20:28:14.327	TEL,2334,S3,592556725,0,0,0,428,2928                           
2026-10-06T20:28:14.327	TEL,2335,S3,592566725,0,0,0,428,2928                           
2026-10-06T20:28:14.327	TEL,2336,S3,592576725,0,0,0,430,2928                           
2026-10-06T20:28:14.327	TEL,2337,S3,592586725,0,0,0,433,2932                           
2026-10-06T20:28:14.327	TEL,2338,S3,592596725,0,0,0,433,2932                           
2026-10-06T20:28:14.327	TEL,2339,S3,592606725,0,0,0,433,2932                           
2026-10-06T20:28:14.327	TEL,2340,S3,592616725,0,0,0,436,2932                           
2026-10-06T20:28:14.327	TEL,2341,S3,592626725,0,0,0,433,2930                           
2026-10-06T20:28:14.327	TEL,2342,S3,592636725,0,0,0,428,2930                           
2026-10-06T20:28:14.327	TEL,2343,S3,592646725,0,0,0,430,2932                           
2026-10-06T20:28:14.327	TEL,2344,S3,592656725,0,0,0,428,2932                           
2026-10-06T20:28:14.327	TEL,2345,S3,592666725,0,0,0,428,2932                           
2026-10-06T20:28:14.327	TEL,2346,S3,592676725,0,0,0,428,2932                           
2026-10-06T20:28:14.327	TEL,2347,S3,592686725,0,0,0,425,2928                           
2026-10-06T20:28:14.327	TEL,2348,S3,592696725,0,0,0,433,2928                           
2026-10-06T20:28:14.327	TEL,2349,S3,592706725,0,0,0,428,2925                           
2026-10-06T20:28:14.327	TEL,2350,S3,592716725,0,0,0,428,2925                           
2026-10-06T20:28:14.327	TEL,2351,S3,592726725,0,0,0,433,2928                           
2026-10-06T20:28:14.327	TEL,2352,S3,592736725,0,0,0,433,2928                           
2026-10-06T20:28:14.327	TEL,2353,S3,592746725,0,0,0,433,2928                           
2026-10-06T20:28:14.327	TEL,2354,S3,592756725,0,0,0,430,2928                           
2026-10-06T20:28:14.328	TEL,2355,S3,592766725,0,0,0,430,2930                           
2026-10-06T20:28:14.328	TEL,2356,S3,592776725,0,0,0,428,2930                           
2026-10-06T20:28:14.328	TEL,2357,S3,592786725,0,0,0,430,2932                           
2026-10-06T20:28:14.328	TEL,2358,S3,592796725,0,0,0,428,2932                           
2026-10-06T20:28:14.328	TEL,2359,S3,592806725,0,0,0,428,2932                           
2026-10-06T20:28:14.328	TEL,2360,S3,592816725,0,0,0,430,2932                           
2026-10-06T20:28:14.328	TEL,2361,S3,592826725,0,0,0,430,2932                           
2026-10-06T20:28:14.328	TEL,2362,S3,592836725,0,0,0,430,2932                           
2026-10-06T20:28:14.328	TEL,2363,S3,592846725,0,0,0,428,2928                           
2026-10-06T20:28:14.328	TEL,2364,S3,592856725,0,0,0,428,2928                           
2026-10-06T20:28:14.328	TEL,2365,S3,592866725,0,0,0,428,2928                           
2026-10-06T20:28:14.328	TEL,2366,S3,592876725,0,0,0,428,2928                           
2026-10-06T20:28:14.328	TEL,2367,S3,592886725,0,0,0,430,2932                           
2026-10-06T20:28:14.328	TEL,2368,S3,592896725,0,0,0,430,2932                           
2026-10-06T20:28:14.328	TEL,2369,S3,592906725,0,0,0,433,2933                           
2026-10-06T20:28:14.328	TEL,2370,S3,592916725,0,0,0,433,2933                           
2026-10-06T20:28:14.328	TEL,2371,S3,592926725,0,0,0,433,2932                           
2026-10-06T20:28:14.328	TEL,2372,S3,592936725,0,0,0,430,2932                           
2026-10-06T20:28:14.328	TEL,2373,S3,592946725,0,0,0,428,2928                           
2026-10-06T20:28:14.328	TEL,2374,S3,592956725,0,0,0,428,2928                           
2026-10-06T20:28:14.328	TEL,2375,S3,592966725,0,0,0,428,2928                           
2026-10-06T20:28:14.328	TEL,2376,S3,592976725,0,0,0,428,2928                           
2026-10-06T20:28:14.328	TEL,2377,S3,592986725,0,0,0,430,2932                           
2026-10-06T20:28:14.328	TEL,2378,S3,592996725,0,0,0,428,2932                           
2026-10-06T20:28:14.328	TEL,2379,S3,593006725,0,0,0,428,2932                           
2026-10-06T20:28:14.328	TEL,2380,S3,593016725,0,0,0,436,2932                           
2026-10-06T20:28:14.328	BTN,28,S3,PRESSED,593026037,593026044                          
2026-10-06T20:28:14.328	TEL,2381,S3,593026725,0,0,0,433,2928                           
2026-10-06T20:28:14.328	TEL,2382,S3,593036725,0,0,0,416,2928                           
2026-10-06T20:28:14.328	TEL,2383,S3,593046725,0,0,0,419,2932                           
2026-10-06T20:28:14.328	TEL,2384,S3,593056725,0,0,0,436,2932                           
2026-10-06T20:28:14.328	TEL,2385,S3,593066725,0,0,0,433,2928                           
2026-10-06T20:28:14.328	TEL,2386,S3,593076725,0,0,0,428,2928                           
2026-10-06T20:28:14.328	TEL,2387,S3,593086725,0,0,0,428,2928                           
2026-10-06T20:28:14.328	TEL,2388,S3,593096725,0,0,0,428,2928                           
2026-10-06T20:28:14.328	TEL,2389,S3,593106725,0,0,0,430,2932                           
2026-10-06T20:28:14.947	TEL,2390,S3,593116725,0,0,0,430,2932                           
2026-10-06T20:28:14.947	TEL,2391,S3,593126725,0,0,0,430,2932                           
2026-10-06T20:28:14.947	TEL,2392,S3,593136725,0,0,0,430,2932                           
2026-10-06T20:28:14.947	TEL,2393,S3,593146725,0,0,0,428,2928                           
2026-10-06T20:28:14.947	TEL,2394,S3,593156725,0,0,0,433,2928                           
2026-10-06T20:28:14.947	TEL,2395,S3,593166725,0,0,0,433,2930                           
2026-10-06T20:28:14.947	TEL,2396,S3,593176725,0,0,0,428,2930                           
2026-10-06T20:28:14.947	TEL,2397,S3,593186725,0,0,0,433,2933                           
2026-10-06T20:28:14.947	TEL,2398,S3,593196725,0,0,0,433,2933                           
2026-10-06T20:28:14.947	TEL,2399,S3,593206725,0,0,0,430,2932                           
2026-10-06T20:28:14.947	TEL,2400,S3,593216725,0,0,0,430,2932                           
2026-10-06T20:28:14.947	TEL,2401,S3,593226725,0,0,0,430,2932                           
2026-10-06T20:28:14.947	TEL,2402,S3,593236725,0,0,0,436,2932                           
2026-10-06T20:28:14.947	TEL,2403,S3,593246725,0,0,0,433,2928                           
2026-10-06T20:28:14.947	TEL,2404,S3,593256725,0,0,0,433,2928                           
2026-10-06T20:28:14.947	TEL,2405,S3,593266725,0,0,0,436,2933                           
2026-10-06T20:28:14.947	TEL,2406,S3,593276725,0,0,0,433,2933                           
2026-10-06T20:28:14.947	TEL,2407,S3,593286725,0,0,0,430,2932                           
2026-10-06T20:28:14.947	TEL,2408,S3,593296725,0,0,0,430,2932                           
2026-10-06T20:28:14.947	TEL,2409,S3,593306725,0,0,0,428,2928                           
2026-10-06T20:28:14.947	TEL,2410,S3,593316725,0,0,0,428,2928                           
2026-10-06T20:28:14.947	TEL,2411,S3,593326725,0,0,0,430,2932                           
2026-10-06T20:28:14.947	TEL,2412,S3,593336725,0,0,0,430,2932                           
2026-10-06T20:28:14.947	TEL,2413,S3,593346725,0,0,0,428,2928                           
2026-10-06T20:28:14.947	TEL,2414,S3,593356725,0,0,0,430,2928                           
2026-10-06T20:28:14.947	TEL,2415,S3,593366725,0,0,0,433,2932                           
2026-10-06T20:28:14.947	TEL,2416,S3,593376725,0,0,0,430,2932                           
2026-10-06T20:28:14.947	TEL,2417,S3,593386725,0,0,0,428,2928                           
2026-10-06T20:28:14.947	TEL,2418,S3,593396725,0,0,0,425,2928                           
2026-10-06T20:28:14.947	TEL,2419,S3,593406725,0,0,0,425,2928                           
2026-10-06T20:28:14.947	TEL,2420,S3,593416725,0,0,0,428,2928                           
2026-10-06T20:28:14.947	TEL,2421,S3,593426725,0,0,0,428,2928                           
2026-10-06T20:28:14.947	TEL,2422,S3,593436725,0,0,0,430,2928                           
2026-10-06T20:28:14.947	TEL,2423,S3,593446725,0,0,0,430,2928                           
2026-10-06T20:28:14.947	TEL,2424,S3,593456725,0,0,0,433,2928                           
2026-10-06T20:28:14.947	TEL,2425,S3,593466725,0,0,0,433,2928                           
2026-10-06T20:28:14.947	TEL,2426,S3,593476725,0,0,0,428,2928                           
2026-10-06T20:28:14.947	TEL,2427,S3,593486725,0,0,0,430,2932                           
2026-10-06T20:28:14.947	TEL,2428,S3,593496725,0,0,0,430,2932                           
2026-10-06T20:28:14.947	TEL,2429,S3,593506725,0,0,0,430,2932                           
2026-10-06T20:28:14.947	TEL,2430,S3,593516725,0,0,0,436,2932                           
2026-10-06T20:28:14.947	TEL,2431,S3,593526725,0,0,0,436,2932                           
2026-10-06T20:28:14.947	TEL,2432,S3,593536725,0,0,0,430,2932                           
2026-10-06T20:28:14.947	TEL,2433,S3,593546725,0,0,0,430,2932                           
2026-10-06T20:28:14.947	TEL,2434,S3,593556725,0,0,0,430,2932                           
2026-10-06T20:28:14.947	TEL,2435,S3,593566725,0,0,0,428,2928                           
2026-10-06T20:28:14.947	TEL,2436,S3,593576725,0,0,0,428,2928                           
2026-10-06T20:28:14.947	TEL,2437,S3,593586725,0,0,0,428,2928                           
2026-10-06T20:28:14.947	TEL,2438,S3,593596725,0,0,0,428,2928                           
2026-10-06T20:28:14.947	TEL,2439,S3,593606725,0,0,0,430,2932                           
2026-10-06T20:28:14.947	TEL,2440,S3,593616725,0,0,0,433,2932                           
2026-10-06T20:28:14.947	TEL,2441,S3,593626725,0,0,0,433,2932                           
2026-10-06T20:28:14.947	TEL,2442,S3,593636725,0,0,0,430,2932                           
2026-10-06T20:28:14.947	TEL,2443,S3,593646725,0,0,0,430,2932                           
2026-10-06T20:28:14.947	TEL,2444,S3,593656725,0,0,0,430,2932                           
2026-10-06T20:28:14.947	TEL,2445,S3,593666725,0,0,0,430,2932                           
2026-10-06T20:28:14.947	TEL,2446,S3,593676725,0,0,0,430,2932                           
2026-10-06T20:28:14.947	TEL,2447,S3,593686725,0,0,0,430,2932                           
2026-10-06T20:28:14.947	TEL,2448,S3,593696725,0,0,0,433,2932                           
2026-10-06T20:28:14.947	TEL,2449,S3,593706725,0,0,0,433,2932                           
2026-10-06T20:28:14.947	TEL,2450,S3,593716725,0,0,0,428,2932                           
2026-10-06T20:28:14.947	TEL,2451,S3,593726725,0,0,0,428,2932                           
2026-10-06T20:28:15.556	TEL,2452,S3,593736725,0,0,0,433,2932                           
2026-10-06T20:28:15.556	TEL,2453,S3,593746725,0,0,0,433,2932                           
2026-10-06T20:28:15.556	TEL,2454,S3,593756725,0,0,0,436,2932                           
2026-10-06T20:28:15.556	TEL,2455,S3,593766725,0,0,0,433,2928                           
2026-10-06T20:28:15.556	TEL,2456,S3,593776725,0,0,0,428,2928                           
2026-10-06T20:28:15.556	TEL,2457,S3,593786725,0,0,0,430,2932                           
2026-10-06T20:28:15.556	TEL,2458,S3,593796725,0,0,0,436,2932                           
2026-10-06T20:28:15.556	TEL,2459,S3,593806725,0,0,0,433,2928                           
2026-10-06T20:28:15.556	TEL,2460,S3,593816725,0,0,0,430,2928                           
2026-10-06T20:28:15.556	TEL,2461,S3,593826725,0,0,0,433,2932                           
2026-10-06T20:28:15.556	TEL,2462,S3,593836725,0,0,0,428,2932                           
2026-10-06T20:28:15.556	TEL,2463,S3,593846725,0,0,0,428,2932                           
2026-10-06T20:28:15.556	TEL,2464,S3,593856725,0,0,0,436,2932                           
2026-10-06T20:28:15.556	TEL,2465,S3,593866725,0,0,0,436,2932                           
2026-10-06T20:28:15.556	TEL,2466,S3,593876725,0,0,0,430,2932                           
2026-10-06T20:28:15.556	TEL,2467,S3,593886725,0,0,0,430,2932                           
2026-10-06T20:28:15.556	TEL,2468,S3,593896725,0,0,0,430,2932                           
2026-10-06T20:28:15.556	TEL,2469,S3,593906725,0,0,0,430,2932                           
2026-10-06T20:28:15.556	BTN,29,S3,PRESSED,593913042,593913050                          
2026-10-06T20:28:15.556	TEL,2470,S3,593916725,0,0,0,430,2932                           
2026-10-06T20:28:15.556	TEL,2471,S3,593926725,0,0,0,428,2928                           
2026-10-06T20:28:15.556	TEL,2472,S3,593936725,0,0,0,430,2928                           
2026-10-06T20:28:15.556	TEL,2473,S3,593946725,0,0,0,433,2932                           
2026-10-06T20:28:15.556	TEL,2474,S3,593956725,0,0,0,430,2932                           
2026-10-06T20:28:15.556	TEL,2475,S3,593966725,0,0,0,428,2928                           
2026-10-06T20:28:15.556	TEL,2476,S3,593976725,0,0,0,428,2928                           
2026-10-06T20:28:15.556	TEL,2477,S3,593986725,0,0,0,428,2928                           
2026-10-06T20:28:15.556	TEL,2478,S3,593996725,0,0,0,433,2928                           
2026-10-06T20:28:15.556	TEL,2479,S3,594006725,0,0,0,433,2928                           
2026-10-06T20:28:15.556	TEL,2480,S3,594016725,0,0,0,430,2928                           
2026-10-06T20:28:15.556	TEL,2481,S3,594026725,0,0,0,433,2932                           
2026-10-06T20:28:15.556	TEL,2482,S3,594036725,0,0,0,430,2932                           
2026-10-06T20:28:15.556	TEL,2483,S3,594046725,0,0,0,430,2932                           
2026-10-06T20:28:15.556	TEL,2484,S3,594056725,0,0,0,430,2932                           
2026-10-06T20:28:15.556	TEL,2485,S3,594066725,0,0,0,430,2932                           
2026-10-06T20:28:15.556	TEL,2486,S3,594076725,0,0,0,430,2932                           
2026-10-06T20:28:15.556	TEL,2487,S3,594086725,0,0,0,428,2930                           
2026-10-06T20:28:15.556	TEL,2488,S3,594096725,0,0,0,430,2930                           
2026-10-06T20:28:15.556	TEL,2489,S3,594106725,0,0,0,433,2932                           
2026-10-06T20:28:15.556	TEL,2490,S3,594116725,0,0,0,430,2932                           
2026-10-06T20:28:15.556	TEL,2491,S3,594126725,0,0,0,430,2932                           
2026-10-06T20:28:15.556	TEL,2492,S3,594136725,0,0,0,430,2932                           
2026-10-06T20:28:15.556	TEL,2493,S3,594146725,0,0,0,430,2932                           
2026-10-06T20:28:15.556	TEL,2494,S3,594156725,0,0,0,436,2932                           
2026-10-06T20:28:15.556	TEL,2495,S3,594166725,0,0,0,433,2928                           
2026-10-06T20:28:15.556	TEL,2496,S3,594176725,0,0,0,428,2928                           
2026-10-06T20:28:15.556	TEL,2497,S3,594186725,0,0,0,433,2933                           
2026-10-06T20:28:15.556	TEL,2498,S3,594196725,0,0,0,436,2933                           
2026-10-06T20:28:15.556	TEL,2499,S3,594206725,0,0,0,436,2933                           
2026-10-06T20:28:15.556	TEL,2500,S3,594216725,0,0,0,433,2933                           
2026-10-06T20:28:15.556	TEL,2501,S3,594226725,0,0,0,433,2932                           
2026-10-06T20:28:15.556	TEL,2502,S3,594236725,0,0,0,428,2932                           
2026-10-06T20:28:15.556	TEL,2503,S3,594246725,0,0,0,425,2928                           
2026-10-06T20:28:15.556	TEL,2504,S3,594256725,0,0,0,433,2928                           
2026-10-06T20:28:15.556	TEL,2505,S3,594266725,0,0,0,436,2932                           
2026-10-06T20:28:15.556	TEL,2506,S3,594276725,0,0,0,430,2932                           
2026-10-06T20:28:15.556	TEL,2507,S3,594286725,0,0,0,430,2932                           
2026-10-06T20:28:15.556	TEL,2508,S3,594296725,0,0,0,428,2932                           
2026-10-06T20:28:15.556	TEL,2509,S3,594306725,0,0,0,428,2932                           
2026-10-06T20:28:15.556	TEL,2510,S3,594316725,0,0,0,428,2932                           
2026-10-06T20:28:15.556	TEL,2511,S3,594326725,0,0,0,428,2932                           
2026-10-06T20:28:15.556	TEL,2512,S3,594336725,0,0,0,430,2932                           
2026-10-06T20:28:16.168	TEL,2513,S3,594346725,0,0,0,430,2932                           
2026-10-06T20:28:16.168	TEL,2514,S3,594356725,0,0,0,430,2932                           
2026-10-06T20:28:16.168	TEL,2515,S3,594366725,0,0,0,428,2928                           
2026-10-06T20:28:16.168	TEL,2516,S3,594376725,0,0,0,433,2928                           
2026-10-06T20:28:16.168	TEL,2517,S3,594386725,0,0,0,433,2928                           
2026-10-06T20:28:16.168	TEL,2518,S3,594396725,0,0,0,428,2928                           
2026-10-06T20:28:16.168	TEL,2519,S3,594406725,0,0,0,428,2928                           
2026-10-06T20:28:16.168	TEL,2520,S3,594416725,0,0,0,428,2928                           
2026-10-06T20:28:16.168	TEL,2521,S3,594426725,0,0,0,433,2933                           
2026-10-06T20:28:16.168	TEL,2522,S3,594436725,0,0,0,433,2933                           
2026-10-06T20:28:16.168	TEL,2523,S3,594446725,0,0,0,428,2928                           
2026-10-06T20:28:16.168	TEL,2524,S3,594456725,0,0,0,425,2928                           
2026-10-06T20:28:16.168	TEL,2525,S3,594466725,0,0,0,430,2933                           
2026-10-06T20:28:16.168	TEL,2526,S3,594476725,0,0,0,433,2933                           
2026-10-06T20:28:16.168	TEL,2527,S3,594486725,0,0,0,428,2930                           
2026-10-06T20:28:16.168	TEL,2528,S3,594496725,0,0,0,428,2930                           
2026-10-06T20:28:16.168	TEL,2529,S3,594506725,0,0,0,428,2928                           
2026-10-06T20:28:16.168	TEL,2530,S3,594516725,0,0,0,428,2928                           
2026-10-06T20:28:16.168	TEL,2531,S3,594526725,0,0,0,430,2932                           
2026-10-06T20:28:16.168	TEL,2532,S3,594536725,0,0,0,430,2932                           
2026-10-06T20:28:16.168	TEL,2533,S3,594546725,0,0,0,433,2933                           
2026-10-06T20:28:16.168	TEL,2534,S3,594556725,0,0,0,433,2933                           
2026-10-06T20:28:16.168	TEL,2535,S3,594566725,0,0,0,428,2928                           
2026-10-06T20:28:16.168	BTN,30,S3,PRESSED,594573048,594573055                          
2026-10-06T20:28:16.168	TEL,2536,S3,594576725,0,0,0,430,2928                           
2026-10-06T20:28:16.168	TEL,2537,S3,594586725,0,0,0,433,2932                           
2026-10-06T20:28:16.168	TEL,2538,S3,594596725,0,0,0,433,2932                           
2026-10-06T20:28:16.168	TEL,2539,S3,594606725,0,0,0,433,2932                           
2026-10-06T20:28:16.168	TEL,2540,S3,594616725,0,0,0,433,2932                           
2026-10-06T20:28:16.168	TEL,2541,S3,594626725,0,0,0,430,2928                           
2026-10-06T20:28:16.168	TEL,2542,S3,594636725,0,0,0,433,2928                           
2026-10-06T20:28:16.168	TEL,2543,S3,594646725,0,0,0,436,2932                           
2026-10-06T20:28:16.168	TEL,2544,S3,594656725,0,0,0,430,2932                           
2026-10-06T20:28:16.168	TEL,2545,S3,594666725,0,0,0,430,2932                           
2026-10-06T20:28:16.168	TEL,2546,S3,594676725,0,0,0,433,2932                           
2026-10-06T20:28:16.168	TEL,2547,S3,594686725,0,0,0,433,2932                           
2026-10-06T20:28:16.168	TEL,2548,S3,594696725,0,0,0,436,2932                           
2026-10-06T20:28:16.168	TEL,2549,S3,594706725,0,0,0,433,2928                           
2026-10-06T20:28:16.168	TEL,2550,S3,594716725,0,0,0,433,2928                           
2026-10-06T20:28:16.168	TEL,2551,S3,594726725,0,0,0,433,2928                           
2026-10-06T20:28:16.168	TEL,2552,S3,594736725,0,0,0,428,2928                           
2026-10-06T20:28:16.168	TEL,2553,S3,594746725,0,0,0,430,2932                           
2026-10-06T20:28:16.168	TEL,2554,S3,594756725,0,0,0,425,2932                           
2026-10-06T20:28:16.168	TEL,2555,S3,594766725,0,0,0,422,2928                           
2026-10-06T20:28:16.168	TEL,2556,S3,594776725,0,0,0,428,2928                           
2026-10-06T20:28:16.168	TEL,2557,S3,594786725,0,0,0,428,2928                           
2026-10-06T20:28:16.168	TEL,2558,S3,594796725,0,0,0,425,2928                           
2026-10-06T20:28:16.168	TEL,2559,S3,594806725,0,0,0,428,2932                           
2026-10-06T20:28:16.168	TEL,2560,S3,594816725,0,0,0,428,2932                           
2026-10-06T20:28:16.168	TEL,2561,S3,594826725,0,0,0,428,2932                           
2026-10-06T20:28:16.168	TEL,2562,S3,594836725,0,0,0,430,2932                           
2026-10-06T20:28:16.168	TEL,2563,S3,594846725,0,0,0,428,2928                           
2026-10-06T20:28:16.168	TEL,2564,S3,594856725,0,0,0,433,2928                           
2026-10-06T20:28:16.168	TEL,2565,S3,594866725,0,0,0,433,2930                           
2026-10-06T20:28:16.168	TEL,2566,S3,594876725,0,0,0,428,2930                           
2026-10-06T20:28:16.168	TEL,2567,S3,594886725,0,0,0,430,2932                           
2026-10-06T20:28:16.168	TEL,2568,S3,594896725,0,0,0,436,2932                           
2026-10-06T20:28:16.168	TEL,2569,S3,594906725,0,0,0,433,2928                           
2026-10-06T20:28:16.168	TEL,2570,S3,594916725,0,0,0,428,2928                           
2026-10-06T20:28:16.168	TEL,2571,S3,594926725,0,0,0,428,2928                           
2026-10-06T20:28:16.168	TEL,2572,S3,594936725,0,0,0,428,2928                           
2026-10-06T20:28:16.168	TEL,2573,S3,594946725,0,0,0,430,2932                           
2026-10-06T20:28:16.779	TEL,2574,S3,594956725,0,0,0,430,2932                           
2026-10-06T20:28:16.779	TEL,2575,S3,594966725,0,0,0,433,2933                           
2026-10-06T20:28:16.779	TEL,2576,S3,594976725,0,0,0,428,2933                           
2026-10-06T20:28:16.779	TEL,2577,S3,594986725,0,0,0,419,2925                           
2026-10-06T20:28:16.779	TEL,2578,S3,594996725,0,0,0,428,2925                           
2026-10-06T20:28:16.779	TEL,2579,S3,595006725,0,0,0,433,2932                           
2026-10-06T20:28:16.779	TEL,2580,S3,595016725,0,0,0,430,2932                           
2026-10-06T20:28:16.779	TEL,2581,S3,595026725,0,0,0,428,2930                           
2026-10-06T20:28:16.779	TEL,2582,S3,595036725,0,0,0,433,2930                           
2026-10-06T20:28:16.779	TEL,2583,S3,595046725,0,0,0,436,2932                           
2026-10-06T20:28:16.779	TEL,2584,S3,595056725,0,0,0,430,2932                           
2026-10-06T20:28:16.779	TEL,2585,S3,595066725,0,0,0,428,2930                           
2026-10-06T20:28:16.779	TEL,2586,S3,595076725,0,0,0,428,2930                           
2026-10-06T20:28:16.779	TEL,2587,S3,595086725,0,0,0,428,2928                           
2026-10-06T20:28:16.779	TEL,2588,S3,595096725,0,0,0,430,2928                           
2026-10-06T20:28:16.779	TEL,2589,S3,595106725,0,0,0,433,2932                           
2026-10-06T20:28:16.779	TEL,2590,S3,595116725,0,0,0,430,2932                           
2026-10-06T20:28:16.779	TEL,2591,S3,595126725,0,0,0,428,2928                           
2026-10-06T20:28:16.779	TEL,2592,S3,595136725,0,0,0,428,2928                           
2026-10-06T20:28:16.779	TEL,2593,S3,595146725,0,0,0,430,2932                           
2026-10-06T20:28:16.779	TEL,2594,S3,595156725,0,0,0,436,2932                           
2026-10-06T20:28:16.779	TEL,2595,S3,595166725,0,0,0,433,2928                           
2026-10-06T20:28:16.779	TEL,2596,S3,595176725,0,0,0,428,2928                           
2026-10-06T20:28:16.779	TEL,2597,S3,595186725,0,0,0,430,2932                           
2026-10-06T20:28:16.779	TEL,2598,S3,595196725,0,0,0,430,2932                           
2026-10-06T20:28:16.779	TEL,2599,S3,595206725,0,0,0,430,2932                           
2026-10-06T20:28:16.779	TEL,2600,S3,595216725,0,0,0,433,2932                           
2026-10-06T20:28:16.779	TEL,2601,S3,595226725,0,0,0,433,2932                           
2026-10-06T20:28:16.779	TEL,2602,S3,595236725,0,0,0,430,2932                           
2026-10-06T20:28:16.779	TEL,2603,S3,595246725,0,0,0,428,2930                           
2026-10-06T20:28:16.779	TEL,2604,S3,595256725,0,0,0,428,2930                           
2026-10-06T20:28:16.779	TEL,2605,S3,595266725,0,0,0,428,2930                           
2026-10-06T20:28:16.779	TEL,2606,S3,595276725,0,0,0,428,2930                           
2026-10-06T20:28:16.779	TEL,2607,S3,595286725,0,0,0,430,2932                           
2026-10-06T20:28:16.779	TEL,2608,S3,595296725,0,0,0,436,2932                           
2026-10-06T20:28:16.779	TEL,2609,S3,595306725,0,0,0,433,2928                           
2026-10-06T20:28:16.779	TEL,2610,S3,595316725,0,0,0,425,2928                           
2026-10-06T20:28:16.779	TEL,2611,S3,595326725,0,0,0,425,2928                           
2026-10-06T20:28:16.779	TEL,2612,S3,595336725,0,0,0,428,2928                           
2026-10-06T20:28:16.779	TEL,2613,S3,595346725,0,0,0,430,2932                           
2026-10-06T20:28:16.779	TEL,2614,S3,595356725,0,0,0,436,2932                           
2026-10-06T20:28:16.779	TEL,2615,S3,595366725,0,0,0,436,2932                           
2026-10-06T20:28:16.779	TEL,2616,S3,595376725,0,0,0,433,2932                           
2026-10-06T20:28:16.779	TEL,2617,S3,595386725,0,0,0,430,2930                           
2026-10-06T20:28:16.779	TEL,2618,S3,595396725,0,0,0,428,2930                           
2026-10-06T20:28:16.779	TEL,2619,S3,595406725,0,0,0,430,2932                           
2026-10-06T20:28:16.779	TEL,2620,S3,595416725,0,0,0,430,2932                           
2026-10-06T20:28:16.779	TEL,2621,S3,595426725,0,0,0,430,2932                           
2026-10-06T20:28:16.779	BTN,31,S3,PRESSED,595432053,595432061                          
2026-10-06T20:28:16.779	TEL,2622,S3,595436725,0,0,0,430,2932                           
2026-10-06T20:28:16.779	TEL,2623,S3,595446725,0,0,0,428,2930                           
2026-10-06T20:28:16.779	TEL,2624,S3,595456725,0,0,0,428,2930                           
2026-10-06T20:28:16.779	TEL,2625,S3,595466725,0,0,0,428,2928                           
2026-10-06T20:28:16.779	TEL,2626,S3,595476725,0,0,0,430,2928                           
2026-10-06T20:28:16.779	TEL,2627,S3,595486725,0,0,0,430,2928                           
2026-10-06T20:28:16.779	TEL,2628,S3,595496725,0,0,0,430,2928                           
2026-10-06T20:28:16.779	TEL,2629,S3,595506725,0,0,0,433,2932                           
2026-10-06T20:28:16.779	TEL,2630,S3,595516725,0,0,0,428,2932                           
2026-10-06T20:28:16.779	TEL,2631,S3,595526725,0,0,0,425,2928                           
2026-10-06T20:28:16.779	TEL,2632,S3,595536725,0,0,0,430,2928                           
2026-10-06T20:28:16.779	TEL,2633,S3,595546725,0,0,0,430,2928                           
2026-10-06T20:28:16.779	TEL,2634,S3,595556725,0,0,0,428,2928                           
2026-10-06T20:28:17.388	TEL,2635,S3,595566725,0,0,0,428,2928                           
2026-10-06T20:28:17.388	TEL,2636,S3,595576725,0,0,0,428,2928                           
2026-10-06T20:28:17.388	TEL,2637,S3,595586725,0,0,0,428,2928                           
2026-10-06T20:28:17.388	TEL,2638,S3,595596725,0,0,0,428,2928                           
2026-10-06T20:28:17.388	TEL,2639,S3,595606725,0,0,0,428,2928                           
2026-10-06T20:28:17.388	TEL,2640,S3,595616725,0,0,0,428,2928                           
2026-10-06T20:28:17.388	TEL,2641,S3,595626725,0,0,0,428,2930                           
2026-10-06T20:28:17.388	TEL,2642,S3,595636725,0,0,0,433,2930                           
2026-10-06T20:28:17.388	TEL,2643,S3,595646725,0,0,0,433,2928                           
2026-10-06T20:28:17.388	TEL,2644,S3,595656725,0,0,0,433,2928                           
2026-10-06T20:28:17.388	TEL,2645,S3,595666725,0,0,0,433,2928                           
2026-10-06T20:28:17.388	TEL,2646,S3,595676725,0,0,0,428,2928                           
2026-10-06T20:28:17.388	TEL,2647,S3,595686725,0,0,0,428,2928                           
2026-10-06T20:28:17.388	TEL,2648,S3,595696725,0,0,0,428,2928                           
2026-10-06T20:28:17.388	TEL,2649,S3,595706725,0,0,0,430,2932                           
2026-10-06T20:28:17.388	TEL,2650,S3,595716725,0,0,0,433,2932                           
2026-10-06T20:28:17.388	TEL,2651,S3,595726725,0,0,0,433,2933                           
2026-10-06T20:28:17.388	TEL,2652,S3,595736725,0,0,0,433,2933                           
2026-10-06T20:28:17.388	TEL,2653,S3,595746725,0,0,0,428,2928                           
2026-10-06T20:28:17.388	TEL,2654,S3,595756725,0,0,0,428,2928                           
2026-10-06T20:28:17.388	TEL,2655,S3,595766725,0,0,0,428,2928                           
2026-10-06T20:28:17.388	TEL,2656,S3,595776725,0,0,0,428,2928                           
2026-10-06T20:28:17.388	TEL,2657,S3,595786725,0,0,0,428,2928                           
2026-10-06T20:28:17.388	TEL,2658,S3,595796725,0,0,0,428,2928                           
2026-10-06T20:28:17.388	TEL,2659,S3,595806725,0,0,0,428,2928                           
2026-10-06T20:28:17.388	TEL,2660,S3,595816725,0,0,0,428,2928                           
2026-10-06T20:28:17.388	TEL,2661,S3,595826725,0,0,0,433,2933                           
2026-10-06T20:28:17.388	TEL,2662,S3,595836725,0,0,0,436,2933                           
2026-10-06T20:28:17.388	TEL,2663,S3,595846725,0,0,0,436,2932                           
2026-10-06T20:28:17.388	TEL,2664,S3,595856725,0,0,0,430,2932                           
2026-10-06T20:28:17.388	TEL,2665,S3,595866725,0,0,0,428,2928                           
2026-10-06T20:28:17.388	TEL,2666,S3,595876725,0,0,0,428,2928                           
2026-10-06T20:28:17.388	TEL,2667,S3,595886725,0,0,0,430,2932                           
2026-10-06T20:28:17.388	TEL,2668,S3,595896725,0,0,0,436,2932                           
2026-10-06T20:28:17.388	TEL,2669,S3,595906725,0,0,0,436,2932                           
2026-10-06T20:28:17.388	TEL,2670,S3,595916725,0,0,0,430,2932                           
2026-10-06T20:28:17.388	TEL,2671,S3,595926725,0,0,0,433,2933                           
2026-10-06T20:28:17.388	TEL,2672,S3,595936725,0,0,0,433,2933                           
2026-10-06T20:28:17.388	TEL,2673,S3,595946725,0,0,0,430,2932                           
2026-10-06T20:28:17.388	TEL,2674,S3,595956725,0,0,0,436,2932                           
2026-10-06T20:28:17.388	TEL,2675,S3,595966725,0,0,0,433,2928                           
2026-10-06T20:28:17.388	TEL,2676,S3,595976725,0,0,0,428,2928                           
2026-10-06T20:28:17.388	TEL,2677,S3,595986725,0,0,0,428,2928                           
2026-10-06T20:28:17.388	TEL,2678,S3,595996725,0,0,0,433,2928                           
2026-10-06T20:28:17.388	TEL,2679,S3,596006725,0,0,0,433,2928                           
2026-10-06T20:28:17.388	TEL,2680,S3,596016725,0,0,0,425,2928                           
2026-10-06T20:28:17.388	TEL,2681,S3,596026725,0,0,0,428,2932                           
2026-10-06T20:28:17.388	TEL,2682,S3,596036725,0,0,0,430,2932                           
2026-10-06T20:28:17.388	TEL,2683,S3,596046725,0,0,0,428,2928                           
2026-10-06T20:28:17.388	TEL,2684,S3,596056725,0,0,0,428,2928                           
2026-10-06T20:28:17.388	BTN,32,S3,PRESSED,596061059,596061066                          
2026-10-06T20:28:17.388	TEL,2685,S3,596066725,0,0,0,430,2932                           
2026-10-06T20:28:17.388	TEL,2686,S3,596076725,0,0,0,433,2932                           
2026-10-06T20:28:17.388	TEL,2687,S3,596086725,0,0,0,433,2932                           
2026-10-06T20:28:17.388	TEL,2688,S3,596096725,0,0,0,428,2932                           
2026-10-06T20:28:17.388	TEL,2689,S3,596106725,0,0,0,428,2932                           
2026-10-06T20:28:17.388	TEL,2690,S3,596116725,0,0,0,430,2932                           
2026-10-06T20:28:17.388	TEL,2691,S3,596126725,0,0,0,430,2932                           
2026-10-06T20:28:17.388	TEL,2692,S3,596136725,0,0,0,428,2932                           
2026-10-06T20:28:17.388	TEL,2693,S3,596146725,0,0,0,428,2932                           
2026-10-06T20:28:17.388	TEL,2694,S3,596156725,0,0,0,442,2932                           
2026-10-06T20:28:17.388	TEL,2695,S3,596166725,0,0,0,442,2932                           
2026-10-06T20:28:18.007	TEL,2696,S3,596176725,0,0,0,433,2932                           
2026-10-06T20:28:18.007	TEL,2697,S3,596186725,0,0,0,433,2932                           
2026-10-06T20:28:18.007	TEL,2698,S3,596196725,0,0,0,425,2932                           
2026-10-06T20:28:18.007	TEL,2699,S3,596206725,0,0,0,425,2932                           
2026-10-06T20:28:18.007	TEL,2700,S3,596216725,0,0,0,430,2932                           
2026-10-06T20:28:18.007	TEL,2701,S3,596226725,0,0,0,433,2933                           
2026-10-06T20:28:18.007	TEL,2702,S3,596236725,0,0,0,428,2933                           
2026-10-06T20:28:18.007	TEL,2703,S3,596246725,0,0,0,428,2933                           
2026-10-06T20:28:18.007	TEL,2704,S3,596256725,0,0,0,430,2933                           
2026-10-06T20:28:18.007	TEL,2705,S3,596266725,0,0,0,428,2932                           
2026-10-06T20:28:18.007	TEL,2706,S3,596276725,0,0,0,428,2932                           
2026-10-06T20:28:18.007	TEL,2707,S3,596286725,0,0,0,428,2932                           
2026-10-06T20:28:18.007	TEL,2708,S3,596296725,0,0,0,430,2932                           
2026-10-06T20:28:18.007	TEL,2709,S3,596306725,0,0,0,428,2930                           
2026-10-06T20:28:18.007	TEL,2710,S3,596316725,0,0,0,428,2930                           
2026-10-06T20:28:18.007	TEL,2711,S3,596326725,0,0,0,430,2932                           
2026-10-06T20:28:18.007	TEL,2712,S3,596336725,0,0,0,436,2932                           
2026-10-06T20:28:18.007	TEL,2713,S3,596346725,0,0,0,436,2933                           
2026-10-06T20:28:18.007	TEL,2714,S3,596356725,0,0,0,433,2933                           
2026-10-06T20:28:18.007	TEL,2715,S3,596366725,0,0,0,433,2932                           
2026-10-06T20:28:18.007	TEL,2716,S3,596376725,0,0,0,436,2932                           
2026-10-06T20:28:18.007	TEL,2717,S3,596386725,0,0,0,433,2928                           
2026-10-06T20:28:18.007	TEL,2718,S3,596396725,0,0,0,425,2928                           
2026-10-06T20:28:18.007	TEL,2719,S3,596406725,0,0,0,430,2933                           
2026-10-06T20:28:18.007	TEL,2720,S3,596416725,0,0,0,433,2933                           
2026-10-06T20:28:18.007	TEL,2721,S3,596426725,0,0,0,430,2932                           
2026-10-06T20:28:18.007	TEL,2722,S3,596436725,0,0,0,428,2932                           
2026-10-06T20:28:18.007	TEL,2723,S3,596446725,0,0,0,428,2932                           
2026-10-06T20:28:18.007	TEL,2724,S3,596456725,0,0,0,430,2932                           
2026-10-06T20:28:18.007	TEL,2725,S3,596466725,0,0,0,428,2928                           
2026-10-06T20:28:18.007	TEL,2726,S3,596476725,0,0,0,430,2928                           
2026-10-06T20:28:18.007	TEL,2727,S3,596486725,0,0,0,433,2932                           
2026-10-06T20:28:18.007	TEL,2728,S3,596496725,0,0,0,430,2932                           
2026-10-06T20:28:18.007	TEL,2729,S3,596506725,0,0,0,433,2933                           
2026-10-06T20:28:18.007	TEL,2730,S3,596516725,0,0,0,433,2933                           
2026-10-06T20:28:18.007	TEL,2731,S3,596526725,0,0,0,428,2930                           
2026-10-06T20:28:18.007	TEL,2732,S3,596536725,0,0,0,428,2930                           
2026-10-06T20:28:18.007	TEL,2733,S3,596546725,0,0,0,428,2932                           
2026-10-06T20:28:18.007	TEL,2734,S3,596556725,0,0,0,430,2932                           
2026-10-06T20:28:18.007	TEL,2735,S3,596566725,0,0,0,428,2928                           
2026-10-06T20:28:18.007	TEL,2736,S3,596576725,0,0,0,428,2928                           
2026-10-06T20:28:18.007	TEL,2737,S3,596586725,0,0,0,428,2930                           
2026-10-06T20:28:18.007	TEL,2738,S3,596596725,0,0,0,428,2930                           
2026-10-06T20:28:18.007	TEL,2739,S3,596606725,0,0,0,428,2930                           
2026-10-06T20:28:18.007	TEL,2740,S3,596616725,0,0,0,428,2930                           
2026-10-06T20:28:18.007	TEL,2741,S3,596626725,0,0,0,430,2932                           
2026-10-06T20:28:18.007	TEL,2742,S3,596636725,0,0,0,430,2932                           
2026-10-06T20:28:18.007	TEL,2743,S3,596646725,0,0,0,430,2932                           
2026-10-06T20:28:18.007	TEL,2744,S3,596656725,0,0,0,430,2932                           
2026-10-06T20:28:18.007	TEL,2745,S3,596666725,0,0,0,428,2928                           
2026-10-06T20:28:18.007	TEL,2746,S3,596676725,0,0,0,428,2928                           
2026-10-06T20:28:18.007	TEL,2747,S3,596686725,0,0,0,428,2928                           
2026-10-06T20:28:18.007	TEL,2748,S3,596696725,0,0,0,428,2928                           
2026-10-06T20:28:18.007	TEL,2749,S3,596706725,0,0,0,428,2928                           
2026-10-06T20:28:18.007	TEL,2750,S3,596716725,0,0,0,428,2928                           
2026-10-06T20:28:18.007	TEL,2751,S3,596726725,0,0,0,430,2932                           
2026-10-06T20:28:18.007	TEL,2752,S3,596736725,0,0,0,430,2932                           
2026-10-06T20:28:18.007	TEL,2753,S3,596746725,0,0,0,430,2932                           
2026-10-06T20:28:18.007	TEL,2754,S3,596756725,0,0,0,436,2932                           
2026-10-06T20:28:18.007	TEL,2755,S3,596766725,0,0,0,436,2932                           
2026-10-06T20:28:18.007	TEL,2756,S3,596776725,0,0,0,428,2932                           
2026-10-06T20:28:18.007	TEL,2757,S3,596786725,0,0,0,428,2930                           
2026-10-06T20:28:18.613	TEL,2758,S3,596796725,0,0,0,433,2930                           
2026-10-06T20:28:18.613	TEL,2759,S3,596806725,0,0,0,436,2932                           
2026-10-06T20:28:18.613	TEL,2760,S3,596816725,0,0,0,430,2932                           
2026-10-06T20:28:18.613	TEL,2761,S3,596826725,0,0,0,428,2928                           
2026-10-06T20:28:18.613	TEL,2762,S3,596836725,0,0,0,425,2928                           
2026-10-06T20:28:18.613	TEL,2763,S3,596846725,0,0,0,425,2928                           
2026-10-06T20:28:18.613	TEL,2764,S3,596856725,0,0,0,428,2928                           
2026-10-06T20:28:18.613	TEL,2765,S3,596866725,0,0,0,433,2933                           
2026-10-06T20:28:18.613	TEL,2766,S3,596876725,0,0,0,433,2933                           
2026-10-06T20:28:18.613	BTN,33,S3,PRESSED,596882064,596882072                          
2026-10-06T20:28:18.613	TEL,2767,S3,596886725,0,0,0,428,2928                           
2026-10-06T20:28:18.613	TEL,2768,S3,596896725,0,0,0,428,2928                           
2026-10-06T20:28:18.613	TEL,2769,S3,596906725,0,0,0,428,2928                           
2026-10-06T20:28:18.613	TEL,2770,S3,596916725,0,0,0,436,2928                           
2026-10-06T20:28:18.613	TEL,2771,S3,596926725,0,0,0,442,2932                           
2026-10-06T20:28:18.613	TEL,2772,S3,596936725,0,0,0,428,2932                           
2026-10-06T20:28:18.613	TEL,2773,S3,596946725,0,0,0,428,2932                           
2026-10-06T20:28:18.613	TEL,2774,S3,596956725,0,0,0,433,2932                           
2026-10-06T20:28:18.613	TEL,2775,S3,596966725,0,0,0,428,2927                           
2026-10-06T20:28:18.613	TEL,2776,S3,596976725,0,0,0,425,2927                           
2026-10-06T20:28:18.613	TEL,2777,S3,596986725,0,0,0,430,2932                           
2026-10-06T20:28:18.613	TEL,2778,S3,596996725,0,0,0,425,2932                           
2026-10-06T20:28:18.613	TEL,2779,S3,597006725,0,0,0,425,2930                           
2026-10-06T20:28:18.613	TEL,2780,S3,597016725,0,0,0,428,2930                           
2026-10-06T20:28:18.613	TEL,2781,S3,597026725,0,0,0,430,2932                           
2026-10-06T20:28:18.613	TEL,2782,S3,597036725,0,0,0,430,2932                           
2026-10-06T20:28:18.613	TEL,2783,S3,597046725,0,0,0,430,2932                           
2026-10-06T20:28:18.613	TEL,2784,S3,597056725,0,0,0,430,2932                           
2026-10-06T20:28:18.613	TEL,2785,S3,597066725,0,0,0,430,2932                           
2026-10-06T20:28:18.613	TEL,2786,S3,597076725,0,0,0,430,2932                           
2026-10-06T20:28:18.613	TEL,2787,S3,597086725,0,0,0,428,2928                           
2026-10-06T20:28:18.613	TEL,2788,S3,597096725,0,0,0,433,2928                           
2026-10-06T20:28:18.613	TEL,2789,S3,597106725,0,0,0,436,2932                           
2026-10-06T20:28:18.613	TEL,2790,S3,597116725,0,0,0,430,2932                           
2026-10-06T20:28:18.613	TEL,2791,S3,597126725,0,0,0,430,2932                           
2026-10-06T20:28:18.613	TEL,2792,S3,597136725,0,0,0,430,2932                           
2026-10-06T20:28:18.613	TEL,2793,S3,597146725,0,0,0,428,2928                           
2026-10-06T20:28:18.613	TEL,2794,S3,597156725,0,0,0,433,2928                           
2026-10-06T20:28:18.613	TEL,2795,S3,597166725,0,0,0,433,2928                           
2026-10-06T20:28:18.613	TEL,2796,S3,597176725,0,0,0,430,2928                           
2026-10-06T20:28:18.613	TEL,2797,S3,597186725,0,0,0,433,2932                           
2026-10-06T20:28:18.613	TEL,2798,S3,597196725,0,0,0,436,2932                           
2026-10-06T20:28:18.613	TEL,2799,S3,597206725,0,0,0,433,2928                           
2026-10-06T20:28:18.613	TEL,2800,S3,597216725,0,0,0,428,2928                           
2026-10-06T20:28:18.613	TEL,2801,S3,597226725,0,0,0,430,2932                           
2026-10-06T20:28:18.613	TEL,2802,S3,597236725,0,0,0,430,2932                           
2026-10-06T20:28:18.613	TEL,2803,S3,597246725,0,0,0,430,2932                           
2026-10-06T20:28:18.613	TEL,2804,S3,597256725,0,0,0,430,2932                           
2026-10-06T20:28:18.613	TEL,2805,S3,597266725,0,0,0,428,2928                           
2026-10-06T20:28:18.613	TEL,2806,S3,597276725,0,0,0,430,2928                           
2026-10-06T20:28:18.613	TEL,2807,S3,597286725,0,0,0,433,2932                           
2026-10-06T20:28:18.613	TEL,2808,S3,597296725,0,0,0,430,2932                           
2026-10-06T20:28:18.613	TEL,2809,S3,597306725,0,0,0,428,2928                           
2026-10-06T20:28:18.613	TEL,2810,S3,597316725,0,0,0,428,2928                           
2026-10-06T20:28:18.613	TEL,2811,S3,597326725,0,0,0,430,2932                           
2026-10-06T20:28:18.613	TEL,2812,S3,597336725,0,0,0,430,2932                           
2026-10-06T20:28:18.613	TEL,2813,S3,597346725,0,0,0,430,2932                           
2026-10-06T20:28:18.613	TEL,2814,S3,597356725,0,0,0,430,2932                           
2026-10-06T20:28:18.613	TEL,2815,S3,597366725,0,0,0,428,2928                           
2026-10-06T20:28:18.613	TEL,2816,S3,597376725,0,0,0,428,2928                           
2026-10-06T20:28:18.613	TEL,2817,S3,597386725,0,0,0,428,2928                           
2026-10-06T20:28:18.613	TEL,2818,S3,597396725,0,0,0,433,2928                           
2026-10-06T20:28:19.226	TEL,2819,S3,597406725,0,0,0,436,2932                           
2026-10-06T20:28:19.226	TEL,2820,S3,597416725,0,0,0,430,2932                           
2026-10-06T20:28:19.226	TEL,2821,S3,597426725,0,0,0,433,2933                           
2026-10-06T20:28:19.226	TEL,2822,S3,597436725,0,0,0,433,2933                           
2026-10-06T20:28:19.226	TEL,2823,S3,597446725,0,0,0,428,2928                           
2026-10-06T20:28:19.226	TEL,2824,S3,597456725,0,0,0,428,2928                           
2026-10-06T20:28:19.226	TEL,2825,S3,597466725,0,0,0,428,2928                           
2026-10-06T20:28:19.226	TEL,2826,S3,597476725,0,0,0,428,2928                           
2026-10-06T20:28:19.226	TEL,2827,S3,597486725,0,0,0,428,2928                           
2026-10-06T20:28:19.226	TEL,2828,S3,597496725,0,0,0,428,2928                           
2026-10-06T20:28:19.226	TEL,2829,S3,597506725,0,0,0,430,2932                           
2026-10-06T20:28:19.226	TEL,2830,S3,597516725,0,0,0,428,2932                           
2026-10-06T20:28:19.226	TEL,2831,S3,597526725,0,0,0,428,2932                           
2026-10-06T20:28:19.226	TEL,2832,S3,597536725,0,0,0,436,2932                           
2026-10-06T20:28:19.226	TEL,2833,S3,597546725,0,0,0,433,2930                           
2026-10-06T20:28:19.226	TEL,2834,S3,597556725,0,0,0,428,2930                           
2026-10-06T20:28:19.226	TEL,2835,S3,597566725,0,0,0,428,2932                           
2026-10-06T20:28:19.226	TEL,2836,S3,597576725,0,0,0,430,2932                           
2026-10-06T20:28:19.226	BTN,34,S3,PRESSED,597577070,597577077                          
2026-10-06T20:28:19.226	TEL,2837,S3,597586725,0,0,0,428,2928                           
2026-10-06T20:28:19.226	TEL,2838,S3,597596725,0,0,0,428,2928                           
2026-10-06T20:28:19.226	TEL,2839,S3,597606725,0,0,0,428,2930                           
2026-10-06T20:28:19.226	TEL,2840,S3,597616725,0,0,0,428,2930                           
2026-10-06T20:28:19.226	TEL,2841,S3,597626725,0,0,0,428,2930                           
2026-10-06T20:28:19.226	TEL,2842,S3,597636725,0,0,0,428,2930                           
2026-10-06T20:28:19.226	TEL,2843,S3,597646725,0,0,0,428,2930                           
2026-10-06T20:28:19.226	TEL,2844,S3,597656725,0,0,0,430,2930                           
2026-10-06T20:28:19.226	TEL,2845,S3,597666725,0,0,0,433,2933                           
2026-10-06T20:28:19.226	TEL,2846,S3,597676725,0,0,0,433,2933                           
2026-10-06T20:28:19.226	TEL,2847,S3,597686725,0,0,0,430,2932                           
2026-10-06T20:28:19.226	TEL,2848,S3,597696725,0,0,0,430,2932                           
2026-10-06T20:28:19.226	TEL,2849,S3,597706725,0,0,0,430,2932                           
2026-10-06T20:28:19.226	TEL,2850,S3,597716725,0,0,0,433,2932                           
2026-10-06T20:28:19.226	TEL,2851,S3,597726725,0,0,0,433,2933                           
2026-10-06T20:28:19.226	TEL,2852,S3,597736725,0,0,0,433,2933                           
2026-10-06T20:28:19.226	TEL,2853,S3,597746725,0,0,0,428,2930                           
2026-10-06T20:28:19.226	TEL,2854,S3,597756725,0,0,0,428,2930                           
2026-10-06T20:28:19.226	TEL,2855,S3,597766725,0,0,0,428,2928                           
2026-10-06T20:28:19.226	TEL,2856,S3,597776725,0,0,0,428,2928                           
2026-10-06T20:28:19.226	TEL,2857,S3,597786725,0,0,0,430,2932                           
2026-10-06T20:28:19.226	TEL,2858,S3,597796725,0,0,0,436,2932                           
2026-10-06T20:28:19.226	TEL,2859,S3,597806725,0,0,0,436,2932                           
2026-10-06T20:28:19.226	TEL,2860,S3,597816725,0,0,0,430,2932                           
2026-10-06T20:28:19.226	TEL,2861,S3,597826725,0,0,0,428,2928                           
2026-10-06T20:28:19.226	TEL,2862,S3,597836725,0,0,0,428,2928                           
2026-10-06T20:28:19.226	TEL,2863,S3,597846725,0,0,0,430,2932                           
2026-10-06T20:28:19.226	TEL,2864,S3,597856725,0,0,0,430,2932                           
2026-10-06T20:28:19.226	TEL,2865,S3,597866725,0,0,0,433,2933                           
2026-10-06T20:28:19.226	TEL,2866,S3,597876725,0,0,0,433,2933                           
2026-10-06T20:28:19.226	TEL,2867,S3,597886725,0,0,0,430,2930                           
2026-10-06T20:28:19.226	TEL,2868,S3,597896725,0,0,0,428,2930                           
2026-10-06T20:28:19.226	TEL,2869,S3,597906725,0,0,0,430,2932                           
2026-10-06T20:28:19.226	TEL,2870,S3,597916725,0,0,0,430,2932                           
2026-10-06T20:28:19.226	TEL,2871,S3,597926725,0,0,0,428,2928                           
2026-10-06T20:28:19.226	TEL,2872,S3,597936725,0,0,0,428,2928                           
2026-10-06T20:28:19.226	TEL,2873,S3,597946725,0,0,0,430,2932                           
2026-10-06T20:28:19.226	TEL,2874,S3,597956725,0,0,0,430,2932                           
2026-10-06T20:28:19.226	TEL,2875,S3,597966725,0,0,0,430,2932                           
2026-10-06T20:28:19.226	TEL,2876,S3,597976725,0,0,0,436,2932                           
2026-10-06T20:28:19.226	TEL,2877,S3,597986725,0,0,0,436,2932                           
2026-10-06T20:28:19.226	TEL,2878,S3,597996725,0,0,0,430,2932                           
2026-10-06T20:28:19.226	TEL,2879,S3,598006725,0,0,0,428,2928                           
2026-10-06T20:28:19.837	TEL,2880,S3,598016725,0,0,0,428,2928                           
2026-10-06T20:28:19.837	TEL,2881,S3,598026725,0,0,0,430,2932                           
2026-10-06T20:28:19.837	TEL,2882,S3,598036725,0,0,0,430,2932                           
2026-10-06T20:28:19.837	TEL,2883,S3,598046725,0,0,0,428,2928                           
2026-10-06T20:28:19.837	TEL,2884,S3,598056725,0,0,0,422,2928                           
2026-10-06T20:28:19.837	TEL,2885,S3,598066725,0,0,0,425,2930                           
2026-10-06T20:28:19.837	TEL,2886,S3,598076725,0,0,0,425,2930                           
2026-10-06T20:28:19.837	TEL,2887,S3,598086725,0,0,0,422,2928                           
2026-10-06T20:28:19.837	TEL,2888,S3,598096725,0,0,0,428,2928                           
2026-10-06T20:28:19.837	TEL,2889,S3,598106725,0,0,0,430,2932                           
2026-10-06T20:28:19.837	TEL,2890,S3,598116725,0,0,0,430,2932                           
2026-10-06T20:28:19.837	TEL,2891,S3,598126725,0,0,0,430,2932                           
2026-10-06T20:28:19.837	TEL,2892,S3,598136725,0,0,0,436,2932                           
2026-10-06T20:28:19.837	TEL,2893,S3,598146725,0,0,0,436,2932                           
2026-10-06T20:28:19.837	TEL,2894,S3,598156725,0,0,0,430,2932                           
2026-10-06T20:28:19.837	TEL,2895,S3,598166725,0,0,0,430,2932                           
2026-10-06T20:28:19.837	TEL,2896,S3,598176725,0,0,0,433,2932                           
2026-10-06T20:28:19.837	TEL,2897,S3,598186725,0,0,0,430,2930                           
2026-10-06T20:28:19.837	TEL,2898,S3,598196725,0,0,0,428,2930                           
2026-10-06T20:28:19.837	TEL,2899,S3,598206725,0,0,0,428,2928                           
2026-10-06T20:28:19.837	TEL,2900,S3,598216725,0,0,0,428,2928                           
2026-10-06T20:28:19.837	TEL,2901,S3,598226725,0,0,0,428,2928                           
2026-10-06T20:28:19.837	TEL,2902,S3,598236725,0,0,0,425,2928                           
2026-10-06T20:28:19.837	TEL,2903,S3,598246725,0,0,0,425,2928                           
2026-10-06T20:28:19.837	TEL,2904,S3,598256725,0,0,0,428,2928                           
2026-10-06T20:28:19.837	TEL,2905,S3,598266725,0,0,0,430,2932                           
2026-10-06T20:28:19.837	TEL,2906,S3,598276725,0,0,0,436,2932                           
2026-10-06T20:28:19.837	BTN,35,S3,PRESSED,598280075,598280083                          
2026-10-06T20:28:19.837	TEL,2907,S3,598286725,0,0,0,436,2932                           
2026-10-06T20:28:19.837	TEL,2908,S3,598296725,0,0,0,433,2932                           
2026-10-06T20:28:19.837	TEL,2909,S3,598306725,0,0,0,433,2933                           
2026-10-06T20:28:19.837	TEL,2910,S3,598316725,0,0,0,433,2933                           
2026-10-06T20:28:19.837	TEL,2911,S3,598326725,0,0,0,428,2928                           
2026-10-06T20:28:19.837	TEL,2912,S3,598336725,0,0,0,430,2928                           
2026-10-06T20:28:19.837	TEL,2913,S3,598346725,0,0,0,433,2932                           
2026-10-06T20:28:19.837	TEL,2914,S3,598356725,0,0,0,428,2932                           
2026-10-06T20:28:19.837	TEL,2915,S3,598366725,0,0,0,428,2932                           
2026-10-06T20:28:19.837	TEL,2916,S3,598376725,0,0,0,430,2932                           
2026-10-06T20:28:19.837	TEL,2917,S3,598386725,0,0,0,433,2933                           
2026-10-06T20:28:19.837	TEL,2918,S3,598396725,0,0,0,433,2933                           
2026-10-06T20:28:19.837	TEL,2919,S3,598406725,0,0,0,428,2928                           
2026-10-06T20:28:19.837	TEL,2920,S3,598416725,0,0,0,428,2928                           
2026-10-06T20:28:19.837	TEL,2921,S3,598426725,0,0,0,433,2935                           
2026-10-06T20:28:19.837	TEL,2922,S3,598436725,0,0,0,433,2935                           
2026-10-06T20:28:19.837	TEL,2923,S3,598446725,0,0,0,430,2932                           
2026-10-06T20:28:19.837	TEL,2924,S3,598456725,0,0,0,436,2932                           
2026-10-06T20:28:19.837	TEL,2925,S3,598466725,0,0,0,436,2932                           
2026-10-06T20:28:19.837	TEL,2926,S3,598476725,0,0,0,436,2932                           
2026-10-06T20:28:19.837	TEL,2927,S3,598486725,0,0,0,436,2932                           
2026-10-06T20:28:19.837	TEL,2928,S3,598496725,0,0,0,430,2932                           
2026-10-06T20:28:19.837	TEL,2929,S3,598506725,0,0,0,428,2928                           
2026-10-06T20:28:19.837	TEL,2930,S3,598516725,0,0,0,428,2928                           
2026-10-06T20:28:19.837	TEL,2931,S3,598526725,0,0,0,428,2930                           
2026-10-06T20:28:19.837	TEL,2932,S3,598536725,0,0,0,428,2930                           
2026-10-06T20:28:19.837	TEL,2933,S3,598546725,0,0,0,428,2928                           
2026-10-06T20:28:19.837	TEL,2934,S3,598556725,0,0,0,433,2928                           
2026-10-06T20:28:19.837	TEL,2935,S3,598566725,0,0,0,433,2928                           
2026-10-06T20:28:19.837	TEL,2936,S3,598576725,0,0,0,433,2928                           
2026-10-06T20:28:19.837	TEL,2937,S3,598586725,0,0,0,433,2928                           
2026-10-06T20:28:19.837	TEL,2938,S3,598596725,0,0,0,430,2928                           
2026-10-06T20:28:19.837	TEL,2939,S3,598606725,0,0,0,430,2928                           
2026-10-06T20:28:19.837	TEL,2940,S3,598616725,0,0,0,433,2928                           
2026-10-06T20:28:20.445	TEL,2941,S3,598626725,0,0,0,433,2928                           
2026-10-06T20:28:20.445	TEL,2942,S3,598636725,0,0,0,428,2928                           
2026-10-06T20:28:20.445	TEL,2943,S3,598646725,0,0,0,428,2928                           
2026-10-06T20:28:20.445	TEL,2944,S3,598656725,0,0,0,425,2928                           
2026-10-06T20:28:20.445	TEL,2945,S3,598666725,0,0,0,428,2930                           
2026-10-06T20:28:20.445	TEL,2946,S3,598676725,0,0,0,428,2930                           
2026-10-06T20:28:20.445	TEL,2947,S3,598686725,0,0,0,430,2932                           
2026-10-06T20:28:20.445	TEL,2948,S3,598696725,0,0,0,430,2932                           
2026-10-06T20:28:20.445	TEL,2949,S3,598706725,0,0,0,425,2925                           
2026-10-06T20:28:20.445	TEL,2950,S3,598716725,0,0,0,422,2925                           
2026-10-06T20:28:20.445	TEL,2951,S3,598726725,0,0,0,430,2933                           
2026-10-06T20:28:20.445	TEL,2952,S3,598736725,0,0,0,433,2933                           
2026-10-06T20:28:20.445	TEL,2953,S3,598746725,0,0,0,428,2928                           
2026-10-06T20:28:20.445	TEL,2954,S3,598756725,0,0,0,433,2928                           
2026-10-06T20:28:20.445	TEL,2955,S3,598766725,0,0,0,436,2932                           
2026-10-06T20:28:20.445	TEL,2956,S3,598776725,0,0,0,430,2932                           
2026-10-06T20:28:20.445	TEL,2957,S3,598786725,0,0,0,430,2932                           
2026-10-06T20:28:20.445	TEL,2958,S3,598796725,0,0,0,430,2932                           
2026-10-06T20:28:20.445	TEL,2959,S3,598806725,0,0,0,428,2928                           
2026-10-06T20:28:20.445	TEL,2960,S3,598816725,0,0,0,428,2928                           
2026-10-06T20:28:20.445	TEL,2961,S3,598826725,0,0,0,428,2928                           
2026-10-06T20:28:20.445	TEL,2962,S3,598836725,0,0,0,433,2928                           
2026-10-06T20:28:20.445	TEL,2963,S3,598846725,0,0,0,436,2932                           
2026-10-06T20:28:20.445	TEL,2964,S3,598856725,0,0,0,430,2932                           
2026-10-06T20:28:20.445	TEL,2965,S3,598866725,0,0,0,430,2932                           
2026-10-06T20:28:20.445	TEL,2966,S3,598876725,0,0,0,436,2932                           
2026-10-06T20:28:20.445	TEL,2967,S3,598886725,0,0,0,433,2930                           
2026-10-06T20:28:20.445	TEL,2968,S3,598896725,0,0,0,428,2930                           
2026-10-06T20:28:20.445	TEL,2969,S3,598906725,0,0,0,428,2928                           
2026-10-06T20:28:20.445	TEL,2970,S3,598916725,0,0,0,433,2928                           
2026-10-06T20:28:20.445	TEL,2971,S3,598926725,0,0,0,436,2933                           
2026-10-06T20:28:20.445	TEL,2972,S3,598936725,0,0,0,433,2933                           
2026-10-06T20:28:20.445	TEL,2973,S3,598946725,0,0,0,428,2928                           
2026-10-06T20:28:20.445	TEL,2974,S3,598956725,0,0,0,428,2928                           
2026-10-06T20:28:20.445	TEL,2975,S3,598966725,0,0,0,428,2930                           
2026-10-06T20:28:20.445	TEL,2976,S3,598976725,0,0,0,428,2930                           
2026-10-06T20:28:20.445	TEL,2977,S3,598986725,0,0,0,430,2932                           
2026-10-06T20:28:20.445	TEL,2978,S3,598996725,0,0,0,430,2932                           
2026-10-06T20:28:20.445	TEL,2979,S3,599006725,0,0,0,430,2932                           
2026-10-06T20:28:20.445	TEL,2980,S3,599016725,0,0,0,428,2932                           
2026-10-06T20:28:20.445	TEL,2981,S3,599026725,0,0,0,425,2928                           
2026-10-06T20:28:20.445	TEL,2982,S3,599036725,0,0,0,433,2928                           
2026-10-06T20:28:20.445	BTN,36,S3,PRESSED,599043081,599043088                          
2026-10-06T20:28:20.445	TEL,2983,S3,599046725,0,0,0,436,2933                           
2026-10-06T20:28:20.445	TEL,2984,S3,599056725,0,0,0,433,2933                           
2026-10-06T20:28:20.445	TEL,2985,S3,599066725,0,0,0,428,2928                           
2026-10-06T20:28:20.445	TEL,2986,S3,599076725,0,0,0,428,2928                           
2026-10-06T20:28:20.445	TEL,2987,S3,599086725,0,0,0,428,2928                           
2026-10-06T20:28:20.445	TEL,2988,S3,599096725,0,0,0,428,2928                           
2026-10-06T20:28:20.445	TEL,2989,S3,599106725,0,0,0,428,2928                           
2026-10-06T20:28:20.445	TEL,2990,S3,599116725,0,0,0,428,2928                           
2026-10-06T20:28:20.445	TEL,2991,S3,599126725,0,0,0,433,2933                           
2026-10-06T20:28:20.445	TEL,2992,S3,599136725,0,0,0,430,2933                           
2026-10-06T20:28:20.445	TEL,2993,S3,599146725,0,0,0,425,2928                           
2026-10-06T20:28:20.445	TEL,2994,S3,599156725,0,0,0,428,2928                           
2026-10-06T20:28:20.445	TEL,2995,S3,599166725,0,0,0,428,2928                           
2026-10-06T20:28:20.445	TEL,2996,S3,599176725,0,0,0,433,2928                           
2026-10-06T20:28:20.445	TEL,2997,S3,599186725,0,0,0,433,2928                           
2026-10-06T20:28:20.445	TEL,2998,S3,599196725,0,0,0,428,2928                           
2026-10-06T20:28:20.445	TEL,2999,S3,599206725,0,0,0,425,2925                           
2026-10-06T20:28:20.445	TEL,3000,S3,599216725,0,0,0,425,2925                           
2026-10-06T20:28:20.445	TEL,3001,S3,599226725,0,0,0,425,2925                           
2026-10-06T20:28:21.051	TEL,3002,S3,599236725,0,0,0,425,2925                           
2026-10-06T20:28:21.051	TEL,3003,S3,599246725,0,0,0,428,2928                           
2026-10-06T20:28:21.051	TEL,3004,S3,599256725,0,0,0,430,2928                           
2026-10-06T20:28:21.051	TEL,3005,S3,599266725,0,0,0,433,2932                           
2026-10-06T20:28:21.051	TEL,3006,S3,599276725,0,0,0,430,2932                           
2026-10-06T20:28:21.051	TEL,3007,S3,599286725,0,0,0,430,2932                           
2026-10-06T20:28:21.051	TEL,3008,S3,599296725,0,0,0,430,2932                           
2026-10-06T20:28:21.051	TEL,3009,S3,599306725,0,0,0,428,2928                           
2026-10-06T20:28:21.051	TEL,3010,S3,599316725,0,0,0,428,2928                           
2026-10-06T20:28:21.051	TEL,3011,S3,599326725,0,0,0,430,2932                           
2026-10-06T20:28:21.051	TEL,3012,S3,599336725,0,0,0,430,2932                           
2026-10-06T20:28:21.051	TEL,3013,S3,599346725,0,0,0,428,2928                           
2026-10-06T20:28:21.051	TEL,3014,S3,599356725,0,0,0,433,2928                           
2026-10-06T20:28:21.051	TEL,3015,S3,599366725,0,0,0,433,2928                           
2026-10-06T20:28:21.051	TEL,3016,S3,599376725,0,0,0,425,2928                           
2026-10-06T20:28:21.051	TEL,3017,S3,599386725,0,0,0,428,2932                           
2026-10-06T20:28:21.051	TEL,3018,S3,599396725,0,0,0,430,2932                           
2026-10-06T20:28:21.051	TEL,3019,S3,599406725,0,0,0,430,2932                           
2026-10-06T20:28:21.051	TEL,3020,S3,599416725,0,0,0,430,2932                           
2026-10-06T20:28:21.051	TEL,3021,S3,599426725,0,0,0,428,2928                           
2026-10-06T20:28:21.051	TEL,3022,S3,599436725,0,0,0,433,2928                           
2026-10-06T20:28:21.051	TEL,3023,S3,599446725,0,0,0,436,2933                           
2026-10-06T20:28:21.051	TEL,3024,S3,599456725,0,0,0,442,2933                           
2026-10-06T20:28:21.051	TEL,3025,S3,599466725,0,0,0,442,2932                           
2026-10-06T20:28:21.051	TEL,3026,S3,599476725,0,0,0,433,2932                           
2026-10-06T20:28:21.051	TEL,3027,S3,599486725,0,0,0,430,2928                           
2026-10-06T20:28:21.051	TEL,3028,S3,599496725,0,0,0,428,2928                           
2026-10-06T20:28:21.051	TEL,3029,S3,599506725,0,0,0,430,2932                           
2026-10-06T20:28:21.051	TEL,3030,S3,599516725,0,0,0,430,2932                           
2026-10-06T20:28:21.051	TEL,3031,S3,599526725,0,0,0,428,2928                           
2026-10-06T20:28:21.051	TEL,3032,S3,599536725,0,0,0,425,2928                           
2026-10-06T20:28:21.051	TEL,3033,S3,599546725,0,0,0,428,2932                           
2026-10-06T20:28:21.051	TEL,3034,S3,599556725,0,0,0,425,2932                           
2026-10-06T20:28:21.051	TEL,3035,S3,599566725,0,0,0,422,2928                           
2026-10-06T20:28:21.051	TEL,3036,S3,599576725,0,0,0,428,2928                           
2026-10-06T20:28:21.051	TEL,3037,S3,599586725,0,0,0,430,2932                           
2026-10-06T20:28:21.051	TEL,3038,S3,599596725,0,0,0,430,2932                           
2026-10-06T20:28:21.051	TEL,3039,S3,599606725,0,0,0,430,2932                           
2026-10-06T20:28:21.051	BTN,37,S3,PRESSED,599614086,599614093                          
2026-10-06T20:28:21.051	TEL,3040,S3,599616725,0,0,0,428,2932                           
2026-10-06T20:28:21.051	TEL,3041,S3,599626725,0,0,0,439,2942                           
2026-10-06T20:28:21.051	TEL,3042,S3,599636725,0,0,0,442,2942                           
2026-10-06T20:28:21.051	TEL,3043,S3,599646725,0,0,0,433,2932                           
2026-10-06T20:28:21.051	TEL,3044,S3,599656725,0,0,0,433,2932                           
2026-10-06T20:28:21.051	TEL,3045,S3,599666725,0,0,0,433,2932                           
2026-10-06T20:28:21.051	TEL,3046,S3,599676725,0,0,0,430,2932                           
2026-10-06T20:28:21.051	TEL,3047,S3,599686725,0,0,0,428,2928                           
2026-10-06T20:28:21.051	TEL,3048,S3,599696725,0,0,0,428,2928                           
2026-10-06T20:28:21.051	TEL,3049,S3,599706725,0,0,0,430,2932                           
2026-10-06T20:28:21.051	TEL,3050,S3,599716725,0,0,0,430,2932                           
2026-10-06T20:28:21.051	TEL,3051,S3,599726725,0,0,0,428,2928                           
2026-10-06T20:28:21.051	TEL,3052,S3,599736725,0,0,0,428,2928                           
2026-10-06T20:28:21.051	TEL,3053,S3,599746725,0,0,0,430,2932                           
2026-10-06T20:28:21.051	TEL,3054,S3,599756725,0,0,0,436,2932                           
2026-10-06T20:28:21.051	TEL,3055,S3,599766725,0,0,0,436,2932                           
2026-10-06T20:28:21.051	TEL,3056,S3,599776725,0,0,0,425,2932                           
2026-10-06T20:28:21.051	TEL,3057,S3,599786725,0,0,0,422,2928                           
2026-10-06T20:28:21.051	TEL,3058,S3,599796725,0,0,0,430,2928                           
2026-10-06T20:28:21.051	TEL,3059,S3,599806725,0,0,0,430,2928                           
2026-10-06T20:28:21.051	TEL,3060,S3,599816725,0,0,0,428,2928                           
2026-10-06T20:28:21.051	TEL,3061,S3,599826725,0,0,0,430,2932                           
2026-10-06T20:28:21.051	TEL,3062,S3,599836725,0,0,0,428,2932                           
2026-10-06T20:28:21.677	TEL,3063,S3,599846725,0,0,0,425,2928                           
2026-10-06T20:28:21.677	TEL,3064,S3,599856725,0,0,0,428,2928                           
2026-10-06T20:28:21.677	TEL,3065,S3,599866725,0,0,0,428,2928                           
2026-10-06T20:28:21.677	TEL,3066,S3,599876725,0,0,0,428,2928                           
2026-10-06T20:28:21.677	TEL,3067,S3,599886725,0,0,0,430,2932                           
2026-10-06T20:28:21.677	TEL,3068,S3,599896725,0,0,0,436,2932                           
2026-10-06T20:28:21.677	TEL,3069,S3,599906725,0,0,0,430,2927                           
2026-10-06T20:28:21.677	TEL,3070,S3,599916725,0,0,0,425,2927                           
2026-10-06T20:28:21.677	TEL,3071,S3,599926725,0,0,0,430,2932                           
2026-10-06T20:28:21.677	TEL,3072,S3,599936725,0,0,0,430,2932                           
2026-10-06T20:28:21.677	TEL,3073,S3,599946725,0,0,0,430,2932                           
2026-10-06T20:28:21.677	TEL,3074,S3,599956725,0,0,0,436,2932                           
2026-10-06T20:28:21.677	TEL,3075,S3,599966725,0,0,0,433,2930                           
2026-10-06T20:28:21.677	TEL,3076,S3,599976725,0,0,0,433,2930                           
2026-10-06T20:28:21.677	TEL,3077,S3,599986725,0,0,0,436,2932                           
2026-10-06T20:28:21.677	TEL,3078,S3,599996725,0,0,0,430,2932                           
2026-10-06T20:28:21.677	TEL,3079,S3,600006725,0,0,0,428,2928                           
2026-10-06T20:28:21.677	TEL,3080,S3,600016725,0,0,0,428,2928                           
2026-10-06T20:28:21.677	TEL,3081,S3,600026725,0,0,0,428,2928                           
2026-10-06T20:28:21.677	TEL,3082,S3,600036725,0,0,0,430,2928                           
2026-10-06T20:28:21.677	TEL,3083,S3,600046725,0,0,0,433,2932                           
2026-10-06T20:28:21.677	TEL,3084,S3,600056725,0,0,0,430,2932                           
2026-10-06T20:28:21.677	TEL,3085,S3,600066725,0,0,0,428,2928                           
2026-10-06T20:28:21.677	TEL,3086,S3,600076725,0,0,0,428,2928                           
2026-10-06T20:28:21.677	TEL,3087,S3,600086725,0,0,0,430,2932                           
2026-10-06T20:28:21.677	TEL,3088,S3,600096725,0,0,0,430,2932                           
2026-10-06T20:28:21.677	TEL,3089,S3,600106725,0,0,0,430,2932                           
2026-10-06T20:28:21.677	TEL,3090,S3,600116725,0,0,0,430,2932                           
2026-10-06T20:28:21.677	TEL,3091,S3,600126725,0,0,0,428,2928                           
2026-10-06T20:28:21.677	TEL,3092,S3,600136725,0,0,0,430,2928                           
2026-10-06T20:28:21.677	TEL,3093,S3,600146725,0,0,0,433,2932                           
2026-10-06T20:28:21.677	TEL,3094,S3,600156725,0,0,0,430,2932                           
2026-10-06T20:28:21.677	TEL,3095,S3,600166725,0,0,0,430,2932                           
2026-10-06T20:28:21.677	TEL,3096,S3,600176725,0,0,0,430,2932                           
2026-10-06T20:28:21.677	TEL,3097,S3,600186725,0,0,0,428,2928                           
2026-10-06T20:28:21.677	TEL,3098,S3,600196725,0,0,0,428,2928                           
2026-10-06T20:28:21.677	TEL,3099,S3,600206725,0,0,0,428,2928                           
2026-10-06T20:28:21.677	TEL,3100,S3,600216725,0,0,0,425,2928                           
2026-10-06T20:28:21.677	TEL,3101,S3,600226725,0,0,0,428,2932                           
2026-10-06T20:28:21.677	TEL,3102,S3,600236725,0,0,0,428,2932                           
2026-10-06T20:28:21.677	TEL,3103,S3,600246725,0,0,0,430,2933                           
2026-10-06T20:28:21.677	TEL,3104,S3,600256725,0,0,0,433,2933                           
2026-10-06T20:28:21.677	TEL,3105,S3,600266725,0,0,0,428,2928                           
2026-10-06T20:28:21.677	TEL,3106,S3,600276725,0,0,0,428,2928                           
2026-10-06T20:28:21.677	TEL,3107,S3,600286725,0,0,0,428,2928                           
2026-10-06T20:28:21.677	TEL,3108,S3,600296725,0,0,0,428,2928                           
2026-10-06T20:28:21.677	TEL,3109,S3,600306725,0,0,0,430,2932                           
2026-10-06T20:28:21.677	TEL,3110,S3,600316725,0,0,0,430,2932                           
2026-10-06T20:28:21.677	TEL,3111,S3,600326725,0,0,0,430,2932                           
2026-10-06T20:28:21.677	TEL,3112,S3,600336725,0,0,0,430,2932                           
2026-10-06T20:28:21.677	TEL,3113,S3,600346725,0,0,0,433,2933                           
2026-10-06T20:28:21.677	TEL,3114,S3,600356725,0,0,0,433,2933                           
2026-10-06T20:28:21.677	TEL,3115,S3,600366725,0,0,0,433,2932                           
2026-10-06T20:28:21.677	TEL,3116,S3,600376725,0,0,0,430,2932                           
2026-10-06T20:28:21.677	TEL,3117,S3,600386725,0,0,0,430,2932                           
2026-10-06T20:28:21.677	TEL,3118,S3,600396725,0,0,0,430,2932                           
2026-10-06T20:28:21.677	TEL,3119,S3,600406725,0,0,0,430,2932                           
2026-10-06T20:28:21.677	TEL,3120,S3,600416725,0,0,0,430,2932                           
2026-10-06T20:28:21.677	TEL,3121,S3,600426725,0,0,0,428,2928                           
2026-10-06T20:28:21.677	TEL,3122,S3,600436725,0,0,0,428,2928                           
2026-10-06T20:28:21.677	TEL,3123,S3,600446725,0,0,0,430,2932                           
2026-10-06T20:28:21.677	TEL,3124,S3,600456725,0,0,0,433,2932                           
2026-10-06T20:28:22.287	TEL,3125,S3,600466725,0,0,0,433,2933                           
2026-10-06T20:28:22.287	TEL,3126,S3,600476725,0,0,0,433,2933                           
2026-10-06T20:28:22.287	TEL,3127,S3,600486725,0,0,0,430,2932                           
2026-10-06T20:28:22.287	TEL,3128,S3,600496725,0,0,0,430,2932                           
2026-10-06T20:28:22.287	BTN,38,S3,PRESSED,600505092,600505099                          
2026-10-06T20:28:22.287	TEL,3129,S3,600506725,0,0,0,433,2933                           
2026-10-06T20:28:22.287	TEL,3130,S3,600516725,0,0,0,416,2933                           
2026-10-06T20:28:22.287	TEL,3131,S3,600526725,0,0,0,425,2942                           
2026-10-06T20:28:22.287	TEL,3132,S3,600536725,0,0,0,439,2942                           
2026-10-06T20:28:22.287	TEL,3133,S3,600546725,0,0,0,428,2932                           
2026-10-06T20:28:22.287	TEL,3134,S3,600556725,0,0,0,436,2932                           
2026-10-06T20:28:22.287	TEL,3135,S3,600566725,0,0,0,436,2932                           
2026-10-06T20:28:22.287	TEL,3136,S3,600576725,0,0,0,430,2932                           
2026-10-06T20:28:22.287	TEL,3137,S3,600586725,0,0,0,433,2933                           
2026-10-06T20:28:22.287	TEL,3138,S3,600596725,0,0,0,433,2933                           
2026-10-06T20:28:22.287	TEL,3139,S3,600606725,0,0,0,428,2928                           
2026-10-06T20:28:22.287	TEL,3140,S3,600616725,0,0,0,433,2928                           
2026-10-06T20:28:22.287	TEL,3141,S3,600626725,0,0,0,436,2933                           
2026-10-06T20:28:22.287	TEL,3142,S3,600636725,0,0,0,433,2933                           
2026-10-06T20:28:22.287	TEL,3143,S3,600646725,0,0,0,433,2933                           
2026-10-06T20:28:22.287	TEL,3144,S3,600656725,0,0,0,433,2933                           
2026-10-06T20:28:22.287	TEL,3145,S3,600666725,0,0,0,428,2928                           
2026-10-06T20:28:22.287	TEL,3146,S3,600676725,0,0,0,428,2928                           
2026-10-06T20:28:22.287	TEL,3147,S3,600686725,0,0,0,428,2928                           
2026-10-06T20:28:22.287	TEL,3148,S3,600696725,0,0,0,428,2928                           
2026-10-06T20:28:22.287	TEL,3149,S3,600706725,0,0,0,428,2928                           
2026-10-06T20:28:22.287	TEL,3150,S3,600716725,0,0,0,428,2928                           
2026-10-06T20:28:22.287	TEL,3151,S3,600726725,0,0,0,430,2932                           
2026-10-06T20:28:22.287	TEL,3152,S3,600736725,0,0,0,425,2932                           
2026-10-06T20:28:22.287	TEL,3153,S3,600746725,0,0,0,425,2932                           
2026-10-06T20:28:22.287	TEL,3154,S3,600756725,0,0,0,433,2932                           
2026-10-06T20:28:22.287	TEL,3155,S3,600766725,0,0,0,430,2928                           
2026-10-06T20:28:22.287	TEL,3156,S3,600776725,0,0,0,428,2928                           
2026-10-06T20:28:22.287	TEL,3157,S3,600786725,0,0,0,430,2932                           
2026-10-06T20:28:22.287	TEL,3158,S3,600796725,0,0,0,430,2932                           
2026-10-06T20:28:22.287	TEL,3159,S3,600806725,0,0,0,430,2932                           
2026-10-06T20:28:22.287	TEL,3160,S3,600816725,0,0,0,430,2932                           
2026-10-06T20:28:22.287	TEL,3161,S3,600826725,0,0,0,428,2928                           
2026-10-06T20:28:22.287	TEL,3162,S3,600836725,0,0,0,422,2928                           
2026-10-06T20:28:22.287	TEL,3163,S3,600846725,0,0,0,422,2928                           
2026-10-06T20:28:22.287	TEL,3164,S3,600856725,0,0,0,428,2928                           
2026-10-06T20:28:22.287	TEL,3165,S3,600866725,0,0,0,430,2932                           
2026-10-06T20:28:22.287	TEL,3166,S3,600876725,0,0,0,430,2932                           
2026-10-06T20:28:22.287	TEL,3167,S3,600886725,0,0,0,430,2932                           
2026-10-06T20:28:22.287	TEL,3168,S3,600896725,0,0,0,430,2932                           
2026-10-06T20:28:22.287	TEL,3169,S3,600906725,0,0,0,430,2932                           
2026-10-06T20:28:22.287	TEL,3170,S3,600916725,0,0,0,428,2932                           
2026-10-06T20:28:22.287	TEL,3171,S3,600926725,0,0,0,428,2932                           
2026-10-06T20:28:22.287	TEL,3172,S3,600936725,0,0,0,430,2932                           
2026-10-06T20:28:22.287	TEL,3173,S3,600946725,0,0,0,428,2928                           
2026-10-06T20:28:22.287	TEL,3174,S3,600956725,0,0,0,428,2928                           
2026-10-06T20:28:22.287	TEL,3175,S3,600966725,0,0,0,428,2928                           
2026-10-06T20:28:22.287	TEL,3176,S3,600976725,0,0,0,425,2928                           
2026-10-06T20:28:22.287	TEL,3177,S3,600986725,0,0,0,428,2932                           
2026-10-06T20:28:22.287	TEL,3178,S3,600996725,0,0,0,430,2932                           
2026-10-06T20:28:22.287	TEL,3179,S3,601006725,0,0,0,428,2928                           
2026-10-06T20:28:22.287	TEL,3180,S3,601016725,0,0,0,425,2928                           
2026-10-06T20:28:22.287	TEL,3181,S3,601026725,0,0,0,428,2930                           
2026-10-06T20:28:22.287	TEL,3182,S3,601036725,0,0,0,428,2930                           
2026-10-06T20:28:22.287	TEL,3183,S3,601046725,0,0,0,430,2932                           
2026-10-06T20:28:22.287	TEL,3184,S3,601056725,0,0,0,433,2932                           
2026-10-06T20:28:22.287	TEL,3185,S3,601066725,0,0,0,430,2928                           
2026-10-06T20:28:22.897	TEL,3186,S3,601076725,0,0,0,428,2928                           
2026-10-06T20:28:22.897	TEL,3187,S3,601086725,0,0,0,428,2928                           
2026-10-06T20:28:22.897	TEL,3188,S3,601096725,0,0,0,430,2928                           
2026-10-06T20:28:22.897	TEL,3189,S3,601106725,0,0,0,430,2928                           
2026-10-06T20:28:22.897	TEL,3190,S3,601116725,0,0,0,428,2928                           
2026-10-06T20:28:22.897	TEL,3191,S3,601126725,0,0,0,428,2928                           
2026-10-06T20:28:22.897	TEL,3192,S3,601136725,0,0,0,428,2928                           
2026-10-06T20:28:22.897	TEL,3193,S3,601146725,0,0,0,428,2928                           
2026-10-06T20:28:22.897	TEL,3194,S3,601156725,0,0,0,433,2928                           
2026-10-06T20:28:22.897	TEL,3195,S3,601166725,0,0,0,433,2928                           
2026-10-06T20:28:22.897	TEL,3196,S3,601176725,0,0,0,422,2928                           
2026-10-06T20:28:22.897	TEL,3197,S3,601186725,0,0,0,425,2932                           
2026-10-06T20:28:22.897	TEL,3198,S3,601196725,0,0,0,428,2932                           
2026-10-06T20:28:22.897	TEL,3199,S3,601206725,0,0,0,428,2932                           
2026-10-06T20:28:22.897	TEL,3200,S3,601216725,0,0,0,430,2932                           
2026-10-06T20:28:22.897	TEL,3201,S3,601226725,0,0,0,430,2932                           
2026-10-06T20:28:22.897	TEL,3202,S3,601236725,0,0,0,436,2932                           
2026-10-06T20:28:22.897	TEL,3203,S3,601246725,0,0,0,433,2928                           
2026-10-06T20:28:22.897	TEL,3204,S3,601256725,0,0,0,428,2928                           
2026-10-06T20:28:22.897	TEL,3205,S3,601266725,0,0,0,428,2928                           
2026-10-06T20:28:22.897	TEL,3206,S3,601276725,0,0,0,428,2928                           
2026-10-06T20:28:22.897	TEL,3207,S3,601286725,0,0,0,428,2928                           
2026-10-06T20:28:22.897	TEL,3208,S3,601296725,0,0,0,425,2928                           
2026-10-06T20:28:22.897	TEL,3209,S3,601306725,0,0,0,428,2932                           
2026-10-06T20:28:22.897	TEL,3210,S3,601316725,0,0,0,430,2932                           
2026-10-06T20:28:22.897	TEL,3211,S3,601326725,0,0,0,428,2928                           
2026-10-06T20:28:22.897	TEL,3212,S3,601336725,0,0,0,428,2928                           
2026-10-06T20:28:22.897	TEL,3213,S3,601346725,0,0,0,428,2928                           
2026-10-06T20:28:22.897	TEL,3214,S3,601356725,0,0,0,428,2928                           
2026-10-06T20:28:22.897	TEL,3215,S3,601366725,0,0,0,430,2932                           
2026-10-06T20:28:22.897	TEL,3216,S3,601376725,0,0,0,436,2932                           
2026-10-06T20:28:22.897	TEL,3217,S3,601386725,0,0,0,433,2928                           
2026-10-06T20:28:22.897	BTN,39,S3,PRESSED,601391097,601391104                          
2026-10-06T20:28:22.897	TEL,3218,S3,601396725,0,0,0,430,2928                           
2026-10-06T20:28:22.897	TEL,3219,S3,601406725,0,0,0,430,2928                           
2026-10-06T20:28:22.897	TEL,3220,S3,601416725,0,0,0,433,2928                           
2026-10-06T20:28:22.897	TEL,3221,S3,601426725,0,0,0,436,2932                           
2026-10-06T20:28:22.897	TEL,3222,S3,601436725,0,0,0,428,2932                           
2026-10-06T20:28:22.897	TEL,3223,S3,601446725,0,0,0,428,2932                           
2026-10-06T20:28:22.897	TEL,3224,S3,601456725,0,0,0,433,2932                           
2026-10-06T20:28:22.897	TEL,3225,S3,601466725,0,0,0,430,2928                           
2026-10-06T20:28:22.897	TEL,3226,S3,601476725,0,0,0,428,2928                           
2026-10-06T20:28:22.897	TEL,3227,S3,601486725,0,0,0,430,2932                           
2026-10-06T20:28:22.897	TEL,3228,S3,601496725,0,0,0,433,2932                           
2026-10-06T20:28:22.897	TEL,3229,S3,601506725,0,0,0,430,2928                           
2026-10-06T20:28:22.898	TEL,3230,S3,601516725,0,0,0,436,2928                           
2026-10-06T20:28:22.898	TEL,3231,S3,601526725,0,0,0,436,2928                           
2026-10-06T20:28:22.898	TEL,3232,S3,601536725,0,0,0,428,2928                           
2026-10-06T20:28:22.898	TEL,3233,S3,601546725,0,0,0,428,2928                           
2026-10-06T20:28:22.898	TEL,3234,S3,601556725,0,0,0,433,2928                           
2026-10-06T20:28:22.898	TEL,3235,S3,601566725,0,0,0,433,2928                           
2026-10-06T20:28:22.898	TEL,3236,S3,601576725,0,0,0,428,2928                           
2026-10-06T20:28:22.898	TEL,3237,S3,601586725,0,0,0,428,2928                           
2026-10-06T20:28:22.898	TEL,3238,S3,601596725,0,0,0,428,2928                           
2026-10-06T20:28:22.898	TEL,3239,S3,601606725,0,0,0,428,2928                           
2026-10-06T20:28:22.898	TEL,3240,S3,601616725,0,0,0,428,2928                           
2026-10-06T20:28:22.898	TEL,3241,S3,601626725,0,0,0,430,2932                           
2026-10-06T20:28:22.898	TEL,3242,S3,601636725,0,0,0,433,2932                           
2026-10-06T20:28:22.898	TEL,3243,S3,601646725,0,0,0,430,2928                           
2026-10-06T20:28:22.898	TEL,3244,S3,601656725,0,0,0,430,2928                           
2026-10-06T20:28:22.898	TEL,3245,S3,601666725,0,0,0,430,2930                           
2026-10-06T20:28:22.898	TEL,3246,S3,601676725,0,0,0,428,2930                           
2026-10-06T20:28:23.507	TEL,3247,S3,601686725,0,0,0,428,2932                           
2026-10-06T20:28:23.507	TEL,3248,S3,601696725,0,0,0,428,2932                           
2026-10-06T20:28:23.507	TEL,3249,S3,601706725,0,0,0,428,2930                           
2026-10-06T20:28:23.507	TEL,3250,S3,601716725,0,0,0,428,2930                           
2026-10-06T20:28:23.507	TEL,3251,S3,601726725,0,0,0,428,2928                           
2026-10-06T20:28:23.507	TEL,3252,S3,601736725,0,0,0,428,2928                           
2026-10-06T20:28:23.507	TEL,3253,S3,601746725,0,0,0,428,2928                           
2026-10-06T20:28:23.507	TEL,3254,S3,601756725,0,0,0,428,2928                           
2026-10-06T20:28:23.507	TEL,3255,S3,601766725,0,0,0,428,2928                           
2026-10-06T20:28:23.508	TEL,3256,S3,601776725,0,0,0,428,2928                           
2026-10-06T20:28:23.508	TEL,3257,S3,601786725,0,0,0,428,2928                           
2026-10-06T20:28:23.508	TEL,3258,S3,601796725,0,0,0,430,2928                           
2026-10-06T20:28:23.508	TEL,3259,S3,601806725,0,0,0,430,2928                           
2026-10-06T20:28:23.508	TEL,3260,S3,601816725,0,0,0,428,2928                           
2026-10-06T20:28:23.508	TEL,3261,S3,601826725,0,0,0,428,2928                           
2026-10-06T20:28:23.508	TEL,3262,S3,601836725,0,0,0,422,2928                           
2026-10-06T20:28:23.508	TEL,3263,S3,601846725,0,0,0,425,2930                           
2026-10-06T20:28:23.508	TEL,3264,S3,601856725,0,0,0,428,2930                           
2026-10-06T20:28:23.508	TEL,3265,S3,601866725,0,0,0,428,2928                           
2026-10-06T20:28:23.508	TEL,3266,S3,601876725,0,0,0,428,2928                           
2026-10-06T20:28:23.508	TEL,3267,S3,601886725,0,0,0,428,2928                           
2026-10-06T20:28:23.508	TEL,3268,S3,601896725,0,0,0,428,2928                           
2026-10-06T20:28:23.508	TEL,3269,S3,601906725,0,0,0,425,2925                           
2026-10-06T20:28:23.508	TEL,3270,S3,601916725,0,0,0,425,2925                           
2026-10-06T20:28:23.508	TEL,3271,S3,601926725,0,0,0,428,2928                           
2026-10-06T20:28:23.508	TEL,3272,S3,601936725,0,0,0,428,2928                           
2026-10-06T20:28:23.508	TEL,3273,S3,601946725,0,0,0,430,2932                           
2026-10-06T20:28:23.508	TEL,3274,S3,601956725,0,0,0,428,2932                           
2026-10-06T20:28:23.508	TEL,3275,S3,601966725,0,0,0,428,2932                           
2026-10-06T20:28:23.508	TEL,3276,S3,601976725,0,0,0,430,2932                           
2026-10-06T20:28:23.508	TEL,3277,S3,601986725,0,0,0,430,2932                           
2026-10-06T20:28:23.508	TEL,3278,S3,601996725,0,0,0,430,2932                           
2026-10-06T20:28:23.508	TEL,3279,S3,602006725,0,0,0,428,2928                           
2026-10-06T20:28:23.508	TEL,3280,S3,602016725,0,0,0,428,2928                           
2026-10-06T20:28:23.508	TEL,3281,S3,602026725,0,0,0,428,2928                           
2026-10-06T20:28:23.508	BTN,40,S3,PRESSED,602031103,602031110                          
2026-10-06T20:28:23.508	TEL,3282,S3,602036725,0,0,0,428,2928                           
2026-10-06T20:28:23.508	TEL,3283,S3,602046725,0,0,0,428,2930                           
2026-10-06T20:28:23.508	TEL,3284,S3,602056725,0,0,0,428,2930                           
2026-10-06T20:28:23.508	TEL,3285,S3,602066725,0,0,0,430,2933                           
2026-10-06T20:28:23.508	TEL,3286,S3,602076725,0,0,0,433,2933                           
2026-10-06T20:28:23.508	TEL,3287,S3,602086725,0,0,0,433,2932                           
2026-10-06T20:28:23.508	TEL,3288,S3,602096725,0,0,0,428,2932                           
2026-10-06T20:28:23.508	TEL,3289,S3,602106725,0,0,0,428,2930                           
2026-10-06T20:28:23.508	TEL,3290,S3,602116725,0,0,0,428,2930                           
2026-10-06T20:28:23.508	TEL,3291,S3,602126725,0,0,0,430,2932                           
2026-10-06T20:28:23.508	TEL,3292,S3,602136725,0,0,0,428,2932                           
2026-10-06T20:28:23.508	TEL,3293,S3,602146725,0,0,0,428,2932                           
2026-10-06T20:28:23.508	TEL,3294,S3,602156725,0,0,0,436,2932                           
2026-10-06T20:28:23.508	TEL,3295,S3,602166725,0,0,0,433,2928                           
2026-10-06T20:28:23.508	TEL,3296,S3,602176725,0,0,0,428,2928                           
2026-10-06T20:28:23.508	TEL,3297,S3,602186725,0,0,0,428,2928                           
2026-10-06T20:28:23.508	TEL,3298,S3,602196725,0,0,0,430,2928                           
2026-10-06T20:28:23.508	TEL,3299,S3,602206725,0,0,0,430,2928                           
2026-10-06T20:28:23.508	TEL,3300,S3,602216725,0,0,0,428,2928                           
2026-10-06T20:28:23.508	TEL,3301,S3,602226725,0,0,0,428,2928                           
2026-10-06T20:28:23.508	TEL,3302,S3,602236725,0,0,0,433,2928                           
2026-10-06T20:28:23.508	TEL,3303,S3,602246725,0,0,0,436,2932                           
2026-10-06T20:28:23.508	TEL,3304,S3,602256725,0,0,0,433,2932                           
2026-10-06T20:28:23.508	TEL,3305,S3,602266725,0,0,0,433,2932                           
2026-10-06T20:28:23.508	TEL,3306,S3,602276725,0,0,0,433,2932                           
2026-10-06T20:28:23.508	TEL,3307,S3,602286725,0,0,0,433,2933                           
2026-10-06T20:28:24.115	TEL,3308,S3,602296725,0,0,0,433,2933                           
2026-10-06T20:28:24.115	TEL,3309,S3,602306725,0,0,0,428,2928                           
2026-10-06T20:28:24.115	TEL,3310,S3,602316725,0,0,0,428,2928                           
2026-10-06T20:28:24.115	TEL,3311,S3,602326725,0,0,0,430,2932                           
2026-10-06T20:28:24.115	TEL,3312,S3,602336725,0,0,0,430,2932                           
2026-10-06T20:28:24.115	TEL,3313,S3,602346725,0,0,0,430,2932                           
2026-10-06T20:28:24.115	TEL,3314,S3,602356725,0,0,0,436,2932                           
2026-10-06T20:28:24.115	TEL,3315,S3,602366725,0,0,0,433,2928                           
2026-10-06T20:28:24.115	TEL,3316,S3,602376725,0,0,0,425,2928                           
2026-10-06T20:28:24.115	TEL,3317,S3,602386725,0,0,0,425,2928                           
2026-10-06T20:28:24.115	TEL,3318,S3,602396725,0,0,0,428,2928                           
2026-10-06T20:28:24.115	TEL,3319,S3,602406725,0,0,0,428,2928                           
2026-10-06T20:28:24.115	TEL,3320,S3,602416725,0,0,0,430,2928                           
2026-10-06T20:28:24.115	TEL,3321,S3,602426725,0,0,0,433,2932                           
2026-10-06T20:28:24.115	TEL,3322,S3,602436725,0,0,0,428,2932                           
2026-10-06T20:28:24.115	TEL,3323,S3,602446725,0,0,0,425,2928                           
2026-10-06T20:28:24.115	TEL,3324,S3,602456725,0,0,0,428,2928                           
2026-10-06T20:28:24.115	TEL,3325,S3,602466725,0,0,0,430,2932                           
2026-10-06T20:28:24.115	TEL,3326,S3,602476725,0,0,0,428,2932                           
2026-10-06T20:28:24.115	TEL,3327,S3,602486725,0,0,0,428,2930                           
2026-10-06T20:28:24.115	TEL,3328,S3,602496725,0,0,0,430,2930                           
2026-10-06T20:28:24.115	TEL,3329,S3,602506725,0,0,0,430,2928                           
2026-10-06T20:28:24.115	TEL,3330,S3,602516725,0,0,0,428,2928                           
2026-10-06T20:28:24.115	TEL,3331,S3,602526725,0,0,0,430,2932                           
2026-10-06T20:28:24.115	TEL,3332,S3,602536725,0,0,0,433,2932                           
2026-10-06T20:28:24.115	TEL,3333,S3,602546725,0,0,0,433,2932                           
2026-10-06T20:28:24.115	TEL,3334,S3,602556725,0,0,0,433,2932                           
2026-10-06T20:28:24.115	TEL,3335,S3,602566725,0,0,0,430,2928                           
2026-10-06T20:28:24.115	TEL,3336,S3,602576725,0,0,0,428,2928                           
2026-10-06T20:28:24.115	TEL,3337,S3,602586725,0,0,0,428,2928                           
2026-10-06T20:28:24.115	TEL,3338,S3,602596725,0,0,0,430,2928                           
2026-10-06T20:28:24.115	TEL,3339,S3,602606725,0,0,0,433,2932                           
2026-10-06T20:28:24.115	TEL,3340,S3,602616725,0,0,0,430,2932                           
2026-10-06T20:28:24.115	TEL,3341,S3,602626725,0,0,0,430,2932                           
2026-10-06T20:28:24.115	TEL,3342,S3,602636725,0,0,0,430,2932                           
2026-10-06T20:28:24.115	TEL,3343,S3,602646725,0,0,0,428,2928                           
2026-10-06T20:28:24.115	TEL,3344,S3,602656725,0,0,0,425,2928                           
2026-10-06T20:28:24.115	TEL,3345,S3,602666725,0,0,0,425,2928                           
2026-10-06T20:28:24.115	TEL,3346,S3,602676725,0,0,0,422,2928                           
2026-10-06T20:28:24.115	TEL,3347,S3,602686725,0,0,0,422,2928                           
2026-10-06T20:28:24.115	TEL,3348,S3,602696725,0,0,0,430,2928                           
2026-10-06T20:28:24.115	TEL,3349,S3,602706725,0,0,0,430,2928                           
2026-10-06T20:28:24.115	TEL,3350,S3,602716725,0,0,0,430,2928                           
2026-10-06T20:28:24.115	TEL,3351,S3,602726725,0,0,0,433,2933                           
2026-10-06T20:28:24.115	TEL,3352,S3,602736725,0,0,0,433,2933                           
2026-10-06T20:28:24.115	TEL,3353,S3,602746725,0,0,0,433,2933                           
2026-10-06T20:28:24.115	BTN,41,S3,PRESSED,602753108,602753115                          
2026-10-06T20:28:24.115	TEL,3354,S3,602756725,0,0,0,430,2933                           
2026-10-06T20:28:24.115	TEL,3355,S3,602766725,0,0,0,425,2928                           
2026-10-06T20:28:24.115	TEL,3356,S3,602776725,0,0,0,430,2928                           
2026-10-06T20:28:24.115	TEL,3357,S3,602786725,0,0,0,430,2928                           
2026-10-06T20:28:24.115	TEL,3358,S3,602796725,0,0,0,433,2928                           
2026-10-06T20:28:24.115	TEL,3359,S3,602806725,0,0,0,433,2930                           
2026-10-06T20:28:24.115	TEL,3360,S3,602816725,0,0,0,428,2930                           
2026-10-06T20:28:24.115	TEL,3361,S3,602826725,0,0,0,428,2928                           
2026-10-06T20:28:24.115	TEL,3362,S3,602836725,0,0,0,422,2928                           
2026-10-06T20:28:24.115	TEL,3363,S3,602846725,0,0,0,422,2928                           
2026-10-06T20:28:24.115	TEL,3364,S3,602856725,0,0,0,425,2928                           
2026-10-06T20:28:24.115	TEL,3365,S3,602866725,0,0,0,425,2928                           
2026-10-06T20:28:24.115	TEL,3366,S3,602876725,0,0,0,425,2928                           
2026-10-06T20:28:24.115	TEL,3367,S3,602886725,0,0,0,428,2932                           
2026-10-06T20:28:24.115	TEL,3368,S3,602896725,0,0,0,430,2932                           
2026-10-06T20:28:24.727	TEL,3369,S3,602906725,0,0,0,428,2928                           
2026-10-06T20:28:24.727	TEL,3370,S3,602916725,0,0,0,433,2928                           
2026-10-06T20:28:24.727	TEL,3371,S3,602926725,0,0,0,433,2928                           
2026-10-06T20:28:24.727	TEL,3372,S3,602936725,0,0,0,428,2928                           
2026-10-06T20:28:24.727	TEL,3373,S3,602946725,0,0,0,428,2930                           
2026-10-06T20:28:24.727	TEL,3374,S3,602956725,0,0,0,428,2930                           
2026-10-06T20:28:24.727	TEL,3375,S3,602966725,0,0,0,430,2932                           
2026-10-06T20:28:24.727	TEL,3376,S3,602976725,0,0,0,430,2932                           
2026-10-06T20:28:24.727	TEL,3377,S3,602986725,0,0,0,430,2932                           
2026-10-06T20:28:24.727	TEL,3378,S3,602996725,0,0,0,433,2932                           
2026-10-06T20:28:24.727	TEL,3379,S3,603006725,0,0,0,430,2928                           
2026-10-06T20:28:24.727	TEL,3380,S3,603016725,0,0,0,428,2928                           
2026-10-06T20:28:24.727	TEL,3381,S3,603026725,0,0,0,430,2932                           
2026-10-06T20:28:24.727	TEL,3382,S3,603036725,0,0,0,430,2932                           
2026-10-06T20:28:24.727	TEL,3383,S3,603046725,0,0,0,430,2932                           
2026-10-06T20:28:24.727	TEL,3384,S3,603056725,0,0,0,430,2932                           
2026-10-06T20:28:24.727	TEL,3385,S3,603066725,0,0,0,428,2928                           
2026-10-06T20:28:24.727	TEL,3386,S3,603076725,0,0,0,433,2928                           
2026-10-06T20:28:24.727	TEL,3387,S3,603086725,0,0,0,433,2928                           
2026-10-06T20:28:24.727	TEL,3388,S3,603096725,0,0,0,430,2928                           
2026-10-06T20:28:24.727	TEL,3389,S3,603106725,0,0,0,433,2932                           
2026-10-06T20:28:24.727	TEL,3390,S3,603116725,0,0,0,430,2932                           
2026-10-06T20:28:24.727	TEL,3391,S3,603126725,0,0,0,430,2932                           
2026-10-06T20:28:24.727	TEL,3392,S3,603136725,0,0,0,430,2932                           
2026-10-06T20:28:24.727	TEL,3393,S3,603146725,0,0,0,428,2928                           
2026-10-06T20:28:24.727	TEL,3394,S3,603156725,0,0,0,428,2928                           
2026-10-06T20:28:24.727	TEL,3395,S3,603166725,0,0,0,428,2928                           
2026-10-06T20:28:24.727	TEL,3396,S3,603176725,0,0,0,428,2928                           
2026-10-06T20:28:24.727	TEL,3397,S3,603186725,0,0,0,428,2928                           
2026-10-06T20:28:24.727	TEL,3398,S3,603196725,0,0,0,428,2928                           
2026-10-06T20:28:24.727	TEL,3399,S3,603206725,0,0,0,430,2932                           
2026-10-06T20:28:24.727	TEL,3400,S3,603216725,0,0,0,430,2932                           
2026-10-06T20:28:24.727	TEL,3401,S3,603226725,0,0,0,428,2930                           
2026-10-06T20:28:24.727	TEL,3402,S3,603236725,0,0,0,428,2930                           
2026-10-06T20:28:24.727	TEL,3403,S3,603246725,0,0,0,428,2928                           
2026-10-06T20:28:24.727	TEL,3404,S3,603256725,0,0,0,428,2928                           
2026-10-06T20:28:24.727	BTN,42,S3,PRESSED,603264114,603264121                          
2026-10-06T20:28:24.727	TEL,3405,S3,603266725,0,0,0,428,2928                           
2026-10-06T20:28:24.727	TEL,3406,S3,603276725,0,0,0,419,2928                           
2026-10-06T20:28:24.727	TEL,3407,S3,603286725,0,0,0,419,2928                           
2026-10-06T20:28:24.727	TEL,3408,S3,603296725,0,0,0,433,2928                           
2026-10-06T20:28:24.727	TEL,3409,S3,603306725,0,0,0,433,2928                           
2026-10-06T20:28:24.727	TEL,3410,S3,603316725,0,0,0,425,2928                           
2026-10-06T20:28:24.727	TEL,3411,S3,603326725,0,0,0,428,2932                           
2026-10-06T20:28:24.727	TEL,3412,S3,603336725,0,0,0,428,2932                           
2026-10-06T20:28:24.727	TEL,3413,S3,603346725,0,0,0,428,2932                           
2026-10-06T20:28:24.727	TEL,3414,S3,603356725,0,0,0,430,2932                           
2026-10-06T20:28:24.727	TEL,3415,S3,603366725,0,0,0,428,2928                           
2026-10-06T20:28:24.727	TEL,3416,S3,603376725,0,0,0,433,2928                           
2026-10-06T20:28:24.727	TEL,3417,S3,603386725,0,0,0,433,2928                           
2026-10-06T20:28:24.727	TEL,3418,S3,603396725,0,0,0,428,2928                           
2026-10-06T20:28:24.727	TEL,3419,S3,603406725,0,0,0,428,2930                           
2026-10-06T20:28:24.727	TEL,3420,S3,603416725,0,0,0,428,2930                           
2026-10-06T20:28:24.727	TEL,3421,S3,603426725,0,0,0,428,2932                           
2026-10-06T20:28:24.727	TEL,3422,S3,603436725,0,0,0,430,2932                           
2026-10-06T20:28:24.728	TEL,3423,S3,603446725,0,0,0,428,2928                           
2026-10-06T20:28:24.728	TEL,3424,S3,603456725,0,0,0,428,2928                           
2026-10-06T20:28:24.728	TEL,3425,S3,603466725,0,0,0,430,2932                           
2026-10-06T20:28:24.728	TEL,3426,S3,603476725,0,0,0,436,2932                           
2026-10-06T20:28:24.728	TEL,3427,S3,603486725,0,0,0,433,2928                           
2026-10-06T20:28:24.728	TEL,3428,S3,603496725,0,0,0,428,2928                           
2026-10-06T20:28:24.728	TEL,3429,S3,603506725,0,0,0,428,2928                           
2026-10-06T20:28:25.338	TEL,3430,S3,603516725,0,0,0,425,2928                           
2026-10-06T20:28:25.338	TEL,3431,S3,603526725,0,0,0,428,2930                           
2026-10-06T20:28:25.338	TEL,3432,S3,603536725,0,0,0,428,2930                           
2026-10-06T20:28:25.338	TEL,3433,S3,603546725,0,0,0,428,2932                           
2026-10-06T20:28:25.338	TEL,3434,S3,603556725,0,0,0,428,2932                           
2026-10-06T20:28:25.338	TEL,3435,S3,603566725,0,0,0,428,2930                           
2026-10-06T20:28:25.338	TEL,3436,S3,603576725,0,0,0,428,2930                           
2026-10-06T20:28:25.338	TEL,3437,S3,603586725,0,0,0,430,2932                           
2026-10-06T20:28:25.338	TEL,3438,S3,603596725,0,0,0,428,2932                           
2026-10-06T20:28:25.338	TEL,3439,S3,603606725,0,0,0,425,2928                           
2026-10-06T20:28:25.338	TEL,3440,S3,603616725,0,0,0,428,2928                           
2026-10-06T20:28:25.338	TEL,3441,S3,603626725,0,0,0,430,2932                           
2026-10-06T20:28:25.338	TEL,3442,S3,603636725,0,0,0,430,2932                           
2026-10-06T20:28:25.338	TEL,3443,S3,603646725,0,0,0,428,2928                           
2026-10-06T20:28:25.338	TEL,3444,S3,603656725,0,0,0,425,2928                           
2026-10-06T20:28:25.338	TEL,3445,S3,603666725,0,0,0,425,2928                           
2026-10-06T20:28:25.338	TEL,3446,S3,603676725,0,0,0,428,2928                           
2026-10-06T20:28:25.338	TEL,3447,S3,603686725,0,0,0,430,2932                           
2026-10-06T20:28:25.338	TEL,3448,S3,603696725,0,0,0,430,2932                           
2026-10-06T20:28:25.338	TEL,3449,S3,603706725,0,0,0,428,2928                           
2026-10-06T20:28:25.338	TEL,3450,S3,603716725,0,0,0,433,2928                           
2026-10-06T20:28:25.338	TEL,3451,S3,603726725,0,0,0,436,2932                           
2026-10-06T20:28:25.338	TEL,3452,S3,603736725,0,0,0,428,2932                           
2026-10-06T20:28:25.338	TEL,3453,S3,603746725,0,0,0,425,2928                           
2026-10-06T20:28:25.338	TEL,3454,S3,603756725,0,0,0,425,2928                           
2026-10-06T20:28:25.338	TEL,3455,S3,603766725,0,0,0,428,2932                           
2026-10-06T20:28:25.338	TEL,3456,S3,603776725,0,0,0,430,2932                           
2026-10-06T20:28:25.338	TEL,3457,S3,603786725,0,0,0,430,2932                           
2026-10-06T20:28:25.338	TEL,3458,S3,603796725,0,0,0,436,2932                           
2026-10-06T20:28:25.338	TEL,3459,S3,603806725,0,0,0,433,2928                           
2026-10-06T20:28:25.338	TEL,3460,S3,603816725,0,0,0,428,2928                           
2026-10-06T20:28:25.338	TEL,3461,S3,603826725,0,0,0,428,2928                           
2026-10-06T20:28:25.338	TEL,3462,S3,603836725,0,0,0,428,2928                           
2026-10-06T20:28:25.338	TEL,3463,S3,603846725,0,0,0,428,2928                           
2026-10-06T20:28:25.338	TEL,3464,S3,603856725,0,0,0,428,2928                           
2026-10-06T20:28:25.338	TEL,3465,S3,603866725,0,0,0,430,2932                           
2026-10-06T20:28:25.338	TEL,3466,S3,603876725,0,0,0,430,2932                           
2026-10-06T20:28:25.338	TEL,3467,S3,603886725,0,0,0,428,2928                           
2026-10-06T20:28:25.338	TEL,3468,S3,603896725,0,0,0,428,2928                           
2026-10-06T20:28:25.338	TEL,3469,S3,603906725,0,0,0,428,2928                           
2026-10-06T20:28:25.338	TEL,3470,S3,603916725,0,0,0,425,2928                           
2026-10-06T20:28:25.338	TEL,3471,S3,603926725,0,0,0,428,2932                           
2026-10-06T20:28:25.338	TEL,3472,S3,603936725,0,0,0,430,2932                           
2026-10-06T20:28:25.338	TEL,3473,S3,603946725,0,0,0,430,2932                           
2026-10-06T20:28:25.338	TEL,3474,S3,603956725,0,0,0,425,2932                           
2026-10-06T20:28:25.338	TEL,3475,S3,603966725,0,0,0,422,2928                           
2026-10-06T20:28:25.338	TEL,3476,S3,603976725,0,0,0,428,2928                           
2026-10-06T20:28:25.338	TEL,3477,S3,603986725,0,0,0,428,2928                           
2026-10-06T20:28:25.338	TEL,3478,S3,603996725,0,0,0,428,2928                           
2026-10-06T20:28:25.338	TEL,3479,S3,604006725,0,0,0,430,2932                           
2026-10-06T20:28:25.338	TEL,3480,S3,604016725,0,0,0,436,2932                           
2026-10-06T20:28:25.338	TEL,3481,S3,604026725,0,0,0,433,2928                           
2026-10-06T20:28:25.338	TEL,3482,S3,604036725,0,0,0,428,2928                           
2026-10-06T20:28:25.338	TEL,3483,S3,604046725,0,0,0,428,2928                           
2026-10-06T20:28:25.338	TEL,3484,S3,604056725,0,0,0,428,2928                           
2026-10-06T20:28:25.338	TEL,3485,S3,604066725,0,0,0,430,2932                           
2026-10-06T20:28:25.338	TEL,3486,S3,604076725,0,0,0,433,2932                           
2026-10-06T20:28:25.338	TEL,3487,S3,604086725,0,0,0,433,2932                           
2026-10-06T20:28:25.338	TEL,3488,S3,604096725,0,0,0,428,2932                           
2026-10-06T20:28:25.338	TEL,3489,S3,604106725,0,0,0,425,2928                           
2026-10-06T20:28:25.338	TEL,3490,S3,604116725,0,0,0,428,2928                           
2026-10-06T20:28:25.338	BTN,43,S3,PRESSED,604117119,604117126                          
2026-10-06T20:28:25.946	TEL,3491,S3,604126725,0,0,0,428,2928                           
2026-10-06T20:28:25.946	TEL,3492,S3,604136725,0,0,0,433,2928                           
2026-10-06T20:28:25.946	TEL,3493,S3,604146725,0,0,0,428,2925                           
2026-10-06T20:28:25.946	TEL,3494,S3,604156725,0,0,0,425,2925                           
2026-10-06T20:28:25.946	TEL,3495,S3,604166725,0,0,0,430,2932                           
2026-10-06T20:28:25.946	TEL,3496,S3,604176725,0,0,0,442,2932                           
2026-10-06T20:28:25.946	TEL,3497,S3,604186725,0,0,0,442,2932                           
2026-10-06T20:28:25.946	TEL,3498,S3,604196725,0,0,0,430,2932                           
2026-10-06T20:28:25.946	TEL,3499,S3,604206725,0,0,0,430,2932                           
2026-10-06T20:28:25.946	TEL,3500,S3,604216725,0,0,0,430,2932                           
2026-10-06T20:28:25.946	TEL,3501,S3,604226725,0,0,0,430,2932                           
2026-10-06T20:28:25.946	TEL,3502,S3,604236725,0,0,0,430,2932                           
2026-10-06T20:28:25.946	TEL,3503,S3,604246725,0,0,0,430,2932                           
2026-10-06T20:28:25.946	TEL,3504,S3,604256725,0,0,0,430,2932                           
2026-10-06T20:28:25.946	TEL,3505,S3,604266725,0,0,0,428,2930                           
2026-10-06T20:28:25.946	TEL,3506,S3,604276725,0,0,0,428,2930                           
2026-10-06T20:28:25.946	TEL,3507,S3,604286725,0,0,0,433,2933                           
2026-10-06T20:28:25.946	TEL,3508,S3,604296725,0,0,0,433,2933                           
2026-10-06T20:28:25.946	TEL,3509,S3,604306725,0,0,0,430,2928                           
2026-10-06T20:28:25.946	TEL,3510,S3,604316725,0,0,0,428,2928                           
2026-10-06T20:28:25.946	TEL,3511,S3,604326725,0,0,0,428,2928                           
2026-10-06T20:28:25.946	TEL,3512,S3,604336725,0,0,0,430,2928                           
2026-10-06T20:28:25.946	TEL,3513,S3,604346725,0,0,0,430,2928                           
2026-10-06T20:28:25.946	TEL,3514,S3,604356725,0,0,0,433,2928                           
2026-10-06T20:28:25.946	TEL,3515,S3,604366725,0,0,0,433,2928                           
2026-10-06T20:28:25.946	TEL,3516,S3,604376725,0,0,0,425,2928                           
2026-10-06T20:28:25.947	TEL,3517,S3,604386725,0,0,0,430,2933                           
2026-10-06T20:28:25.947	TEL,3518,S3,604396725,0,0,0,433,2933                           
2026-10-06T20:28:25.947	TEL,3519,S3,604406725,0,0,0,428,2928                           
2026-10-06T20:28:25.947	TEL,3520,S3,604416725,0,0,0,428,2928                           
2026-10-06T20:28:25.947	TEL,3521,S3,604426725,0,0,0,428,2928                           
2026-10-06T20:28:25.947	TEL,3522,S3,604436725,0,0,0,428,2928                           
2026-10-06T20:28:25.947	TEL,3523,S3,604446725,0,0,0,430,2932                           
2026-10-06T20:28:25.947	TEL,3524,S3,604456725,0,0,0,439,2932                           
2026-10-06T20:28:25.947	TEL,3525,S3,604466725,0,0,0,439,2932                           
2026-10-06T20:28:25.947	TEL,3526,S3,604476725,0,0,0,430,2932                           
2026-10-06T20:28:25.947	TEL,3527,S3,604486725,0,0,0,428,2930                           
2026-10-06T20:28:25.947	TEL,3528,S3,604496725,0,0,0,430,2930                           
2026-10-06T20:28:25.947	TEL,3529,S3,604506725,0,0,0,430,2928                           
2026-10-06T20:28:25.947	TEL,3530,S3,604516725,0,0,0,428,2928                           
2026-10-06T20:28:25.947	TEL,3531,S3,604526725,0,0,0,430,2932                           
2026-10-06T20:28:25.947	TEL,3532,S3,604536725,0,0,0,430,2932                           
2026-10-06T20:28:25.947	TEL,3533,S3,604546725,0,0,0,428,2930                           
2026-10-06T20:28:25.947	TEL,3534,S3,604556725,0,0,0,428,2930                           
2026-10-06T20:28:25.947	TEL,3535,S3,604566725,0,0,0,430,2932                           
2026-10-06T20:28:25.947	TEL,3536,S3,604576725,0,0,0,430,2932                           
2026-10-06T20:28:25.947	TEL,3537,S3,604586725,0,0,0,428,2928                           
2026-10-06T20:28:25.947	TEL,3538,S3,604596725,0,0,0,428,2928                           
2026-10-06T20:28:25.947	TEL,3539,S3,604606725,0,0,0,433,2933                           
2026-10-06T20:28:25.947	TEL,3540,S3,604616725,0,0,0,433,2933                           
2026-10-06T20:28:25.947	TEL,3541,S3,604626725,0,0,0,430,2932                           
2026-10-06T20:28:25.947	TEL,3542,S3,604636725,0,0,0,430,2932                           
2026-10-06T20:28:25.947	TEL,3543,S3,604646725,0,0,0,428,2928                           
2026-10-06T20:28:25.947	TEL,3544,S3,604656725,0,0,0,436,2928                           
2026-10-06T20:28:25.947	TEL,3545,S3,604666725,0,0,0,436,2930                           
2026-10-06T20:28:25.947	BTN,44,S3,PRESSED,604670125,604670132                          
2026-10-06T20:28:25.947	TEL,3546,S3,604676725,0,0,0,433,2930                           
2026-10-06T20:28:25.947	TEL,3547,S3,604686725,0,0,0,433,2930                           
2026-10-06T20:28:25.947	TEL,3548,S3,604696725,0,0,0,428,2930                           
2026-10-06T20:28:25.947	TEL,3549,S3,604706725,0,0,0,425,2928                           
2026-10-06T20:28:25.948	TEL,3550,S3,604716725,0,0,0,430,2928                           
2026-10-06T20:28:25.948	TEL,3551,S3,604726725,0,0,0,433,2932                           
2026-10-06T20:28:26.562	TEL,3552,S3,604736725,0,0,0,433,2932                           
2026-10-06T20:28:26.562	TEL,3553,S3,604746725,0,0,0,433,2932                           
2026-10-06T20:28:26.562	TEL,3554,S3,604756725,0,0,0,430,2932                           
2026-10-06T20:28:26.562	TEL,3555,S3,604766725,0,0,0,425,2925                           
2026-10-06T20:28:26.562	TEL,3556,S3,604776725,0,0,0,425,2925                           
2026-10-06T20:28:26.562	TEL,3557,S3,604786725,0,0,0,428,2928                           
2026-10-06T20:28:26.562	TEL,3558,S3,604796725,0,0,0,433,2928                           
2026-10-06T20:28:26.562	TEL,3559,S3,604806725,0,0,0,436,2932                           
2026-10-06T20:28:26.562	TEL,3560,S3,604816725,0,0,0,430,2932                           
2026-10-06T20:28:26.562	TEL,3561,S3,604826725,0,0,0,430,2932                           
2026-10-06T20:28:26.562	TEL,3562,S3,604836725,0,0,0,430,2932                           
2026-10-06T20:28:26.562	TEL,3563,S3,604846725,0,0,0,428,2928                           
2026-10-06T20:28:26.562	TEL,3564,S3,604856725,0,0,0,425,2928                           
2026-10-06T20:28:26.562	TEL,3565,S3,604866725,0,0,0,428,2932                           
2026-10-06T20:28:26.562	TEL,3566,S3,604876725,0,0,0,430,2932                           
2026-10-06T20:28:26.562	TEL,3567,S3,604886725,0,0,0,430,2932                           
2026-10-06T20:28:26.562	TEL,3568,S3,604896725,0,0,0,430,2932                           
2026-10-06T20:28:26.562	TEL,3569,S3,604906725,0,0,0,430,2932                           
2026-10-06T20:28:26.562	TEL,3570,S3,604916725,0,0,0,430,2932                           
2026-10-06T20:28:26.562	TEL,3571,S3,604926725,0,0,0,430,2932                           
2026-10-06T20:28:26.562	TEL,3572,S3,604936725,0,0,0,430,2932                           
2026-10-06T20:28:26.562	TEL,3573,S3,604946725,0,0,0,430,2932                           
2026-10-06T20:28:26.562	TEL,3574,S3,604956725,0,0,0,430,2932                           
2026-10-06T20:28:26.562	TEL,3575,S3,604966725,0,0,0,428,2928                           
2026-10-06T20:28:26.562	TEL,3576,S3,604976725,0,0,0,428,2928                           
2026-10-06T20:28:26.562	TEL,3577,S3,604986725,0,0,0,428,2928                           
2026-10-06T20:28:26.562	TEL,3578,S3,604996725,0,0,0,433,2928                           
2026-10-06T20:28:26.562	TEL,3579,S3,605006725,0,0,0,433,2928                           
2026-10-06T20:28:26.562	TEL,3580,S3,605016725,0,0,0,428,2928                           
2026-10-06T20:28:26.562	TEL,3581,S3,605026725,0,0,0,428,2928                           
2026-10-06T20:28:26.562	TEL,3582,S3,605036725,0,0,0,433,2928                           
2026-10-06T20:28:26.562	TEL,3583,S3,605046725,0,0,0,436,2932                           
2026-10-06T20:28:26.562	TEL,3584,S3,605056725,0,0,0,436,2932                           
2026-10-06T20:28:26.562	TEL,3585,S3,605066725,0,0,0,433,2930                           
2026-10-06T20:28:26.562	TEL,3586,S3,605076725,0,0,0,428,2930                           
2026-10-06T20:28:26.562	TEL,3587,S3,605086725,0,0,0,428,2930                           
2026-10-06T20:28:26.562	TEL,3588,S3,605096725,0,0,0,428,2930                           
2026-10-06T20:28:26.562	TEL,3589,S3,605106725,0,0,0,428,2930                           
2026-10-06T20:28:26.562	TEL,3590,S3,605116725,0,0,0,428,2930                           
2026-10-06T20:28:26.562	TEL,3591,S3,605126725,0,0,0,428,2932                           
2026-10-06T20:28:26.562	TEL,3592,S3,605136725,0,0,0,430,2932                           
2026-10-06T20:28:26.562	TEL,3593,S3,605146725,0,0,0,433,2933                           
2026-10-06T20:28:26.562	TEL,3594,S3,605156725,0,0,0,433,2933                           
2026-10-06T20:28:26.562	TEL,3595,S3,605166725,0,0,0,430,2928                           
2026-10-06T20:28:26.562	TEL,3596,S3,605176725,0,0,0,428,2928                           
2026-10-06T20:28:26.562	TEL,3597,S3,605186725,0,0,0,428,2928                           
2026-10-06T20:28:26.562	TEL,3598,S3,605196725,0,0,0,428,2928                           
2026-10-06T20:28:26.562	TEL,3599,S3,605206725,0,0,0,430,2932                           
2026-10-06T20:28:26.562	TEL,3600,S3,605216725,0,0,0,436,2932                           
2026-10-06T20:28:26.562	TEL,3601,S3,605226725,0,0,0,430,2927                           
2026-10-06T20:28:26.562	TEL,3602,S3,605236725,0,0,0,425,2927                           
2026-10-06T20:28:26.562	TEL,3603,S3,605246725,0,0,0,428,2928                           
2026-10-06T20:28:26.562	TEL,3604,S3,605256725,0,0,0,428,2928                           
2026-10-06T20:28:26.562	TEL,3605,S3,605266725,0,0,0,430,2932                           
2026-10-06T20:28:26.562	TEL,3606,S3,605276725,0,0,0,430,2932                           
2026-10-06T20:28:26.562	TEL,3607,S3,605286725,0,0,0,430,2932                           
2026-10-06T20:28:26.562	TEL,3608,S3,605296725,0,0,0,430,2932                           
2026-10-06T20:28:26.562	TEL,3609,S3,605306725,0,0,0,430,2932                           
2026-10-06T20:28:26.562	TEL,3610,S3,605316725,0,0,0,430,2932                           
2026-10-06T20:28:26.562	TEL,3611,S3,605326725,0,0,0,430,2932                           
2026-10-06T20:28:26.562	TEL,3612,S3,605336725,0,0,0,430,2932                           
2026-10-06T20:28:26.562	TEL,3613,S3,605346725,0,0,0,433,2933                           
2026-10-06T20:28:27.176	BTN,45,S3,PRESSED,605349130,605349137                          
2026-10-06T20:28:27.176	TEL,3614,S3,605356725,0,0,0,428,2933                           
2026-10-06T20:28:27.176	TEL,3615,S3,605366725,0,0,0,422,2928                           
2026-10-06T20:28:27.176	TEL,3616,S3,605376725,0,0,0,425,2928                           
2026-10-06T20:28:27.176	TEL,3617,S3,605386725,0,0,0,425,2928                           
2026-10-06T20:28:27.176	TEL,3618,S3,605396725,0,0,0,422,2928                           
2026-10-06T20:28:27.176	TEL,3619,S3,605406725,0,0,0,425,2932                           
2026-10-06T20:28:27.176	TEL,3620,S3,605416725,0,0,0,430,2932                           
2026-10-06T20:28:27.176	TEL,3621,S3,605426725,0,0,0,428,2928                           
2026-10-06T20:28:27.176	TEL,3622,S3,605436725,0,0,0,428,2928                           
2026-10-06T20:28:27.176	TEL,3623,S3,605446725,0,0,0,430,2932                           
2026-10-06T20:28:27.176	TEL,3624,S3,605456725,0,0,0,433,2932                           
2026-10-06T20:28:27.176	TEL,3625,S3,605466725,0,0,0,430,2930                           
2026-10-06T20:28:27.176	TEL,3626,S3,605476725,0,0,0,430,2930                           
2026-10-06T20:28:27.176	TEL,3627,S3,605486725,0,0,0,430,2928                           
2026-10-06T20:28:27.176	TEL,3628,S3,605496725,0,0,0,433,2928                           
2026-10-06T20:28:27.176	TEL,3629,S3,605506725,0,0,0,433,2930                           
2026-10-06T20:28:27.176	TEL,3630,S3,605516725,0,0,0,428,2930                           
2026-10-06T20:28:27.176	TEL,3631,S3,605526725,0,0,0,428,2928                           
2026-10-06T20:28:27.176	TEL,3632,S3,605536725,0,0,0,430,2928                           
2026-10-06T20:28:27.176	TEL,3633,S3,605546725,0,0,0,433,2932                           
2026-10-06T20:28:27.176	TEL,3634,S3,605556725,0,0,0,430,2932                           
2026-10-06T20:28:27.176	TEL,3635,S3,605566725,0,0,0,428,2928                           
2026-10-06T20:28:27.176	TEL,3636,S3,605576725,0,0,0,428,2928                           
2026-10-06T20:28:27.176	TEL,3637,S3,605586725,0,0,0,428,2930                           
2026-10-06T20:28:27.176	TEL,3638,S3,605596725,0,0,0,428,2930                           
2026-10-06T20:28:27.176	TEL,3639,S3,605606725,0,0,0,430,2932                           
2026-10-06T20:28:27.176	TEL,3640,S3,605616725,0,0,0,430,2932                           
2026-10-06T20:28:27.176	TEL,3641,S3,605626725,0,0,0,428,2930                           
2026-10-06T20:28:27.176	TEL,3642,S3,605636725,0,0,0,428,2930                           
2026-10-06T20:28:27.176	TEL,3643,S3,605646725,0,0,0,430,2932                           
2026-10-06T20:28:27.176	TEL,3644,S3,605656725,0,0,0,430,2932                           
2026-10-06T20:28:27.176	TEL,3645,S3,605666725,0,0,0,428,2928                           
2026-10-06T20:28:27.176	TEL,3646,S3,605676725,0,0,0,433,2928                           
2026-10-06T20:28:27.176	TEL,3647,S3,605686725,0,0,0,433,2928                           
2026-10-06T20:28:27.176	TEL,3648,S3,605696725,0,0,0,425,2928                           
2026-10-06T20:28:27.176	TEL,3649,S3,605706725,0,0,0,425,2928                           
2026-10-06T20:28:27.176	TEL,3650,S3,605716725,0,0,0,428,2928                           
2026-10-06T20:28:27.176	TEL,3651,S3,605726725,0,0,0,428,2928                           
2026-10-06T20:28:27.176	TEL,3652,S3,605736725,0,0,0,430,2928                           
2026-10-06T20:28:27.176	TEL,3653,S3,605746725,0,0,0,433,2932                           
2026-10-06T20:28:27.176	TEL,3654,S3,605756725,0,0,0,430,2932                           
2026-10-06T20:28:27.176	TEL,3655,S3,605766725,0,0,0,430,2932                           
2026-10-06T20:28:27.176	TEL,3656,S3,605776725,0,0,0,433,2932                           
2026-10-06T20:28:27.176	TEL,3657,S3,605786725,0,0,0,433,2932                           
2026-10-06T20:28:27.176	TEL,3658,S3,605796725,0,0,0,428,2932                           
2026-10-06T20:28:27.176	TEL,3659,S3,605806725,0,0,0,428,2930                           
2026-10-06T20:28:27.176	TEL,3660,S3,605816725,0,0,0,433,2930                           
2026-10-06T20:28:27.176	TEL,3661,S3,605826725,0,0,0,433,2928                           
2026-10-06T20:28:27.176	TEL,3662,S3,605836725,0,0,0,430,2928                           
2026-10-06T20:28:27.176	TEL,3663,S3,605846725,0,0,0,430,2928                           
2026-10-06T20:28:27.176	TEL,3664,S3,605856725,0,0,0,428,2928                           
2026-10-06T20:28:27.176	TEL,3665,S3,605866725,0,0,0,428,2928                           
2026-10-06T20:28:27.176	TEL,3666,S3,605876725,0,0,0,433,2928                           
2026-10-06T20:28:27.176	TEL,3667,S3,605886725,0,0,0,433,2928                           
2026-10-06T20:28:27.176	TEL,3668,S3,605896725,0,0,0,428,2928                           
2026-10-06T20:28:27.176	TEL,3669,S3,605906725,0,0,0,428,2928                           
2026-10-06T20:28:27.176	TEL,3670,S3,605916725,0,0,0,428,2928                           
2026-10-06T20:28:27.176	TEL,3671,S3,605926725,0,0,0,430,2932                           
2026-10-06T20:28:27.176	TEL,3672,S3,605936725,0,0,0,433,2932                           
2026-10-06T20:28:27.176	TEL,3673,S3,605946725,0,0,0,430,2928                           
2026-10-06T20:28:27.176	TEL,3674,S3,605956725,0,0,0,428,2928                           
2026-10-06T20:28:27.787	TEL,3675,S3,605966725,0,0,0,428,2928                           
2026-10-06T20:28:27.787	TEL,3676,S3,605976725,0,0,0,433,2928                           
2026-10-06T20:28:27.787	TEL,3677,S3,605986725,0,0,0,433,2928                           
2026-10-06T20:28:27.787	BTN,46,S3,PRESSED,605987135,605987143                          
2026-10-06T20:28:27.787	TEL,3678,S3,605996725,0,0,0,428,2928                           
2026-10-06T20:28:27.787	TEL,3679,S3,606006725,0,0,0,428,2928                           
2026-10-06T20:28:27.787	TEL,3680,S3,606016725,0,0,0,428,2928                           
2026-10-06T20:28:27.787	TEL,3681,S3,606026725,0,0,0,430,2932                           
2026-10-06T20:28:27.787	TEL,3682,S3,606036725,0,0,0,433,2932                           
2026-10-06T20:28:27.787	TEL,3683,S3,606046725,0,0,0,433,2933                           
2026-10-06T20:28:27.787	TEL,3684,S3,606056725,0,0,0,433,2933                           
2026-10-06T20:28:27.787	TEL,3685,S3,606066725,0,0,0,428,2928                           
2026-10-06T20:28:27.787	TEL,3686,S3,606076725,0,0,0,433,2928                           
2026-10-06T20:28:27.787	TEL,3687,S3,606086725,0,0,0,433,2928                           
2026-10-06T20:28:27.787	TEL,3688,S3,606096725,0,0,0,433,2928                           
2026-10-06T20:28:27.787	TEL,3689,S3,606106725,0,0,0,436,2932                           
2026-10-06T20:28:27.787	TEL,3690,S3,606116725,0,0,0,430,2932                           
2026-10-06T20:28:27.787	TEL,3691,S3,606126725,0,0,0,428,2928                           
2026-10-06T20:28:27.787	TEL,3692,S3,606136725,0,0,0,428,2928                           
2026-10-06T20:28:27.787	TEL,3693,S3,606146725,0,0,0,430,2932                           
2026-10-06T20:28:27.787	TEL,3694,S3,606156725,0,0,0,425,2932                           
2026-10-06T20:28:27.787	TEL,3695,S3,606166725,0,0,0,425,2932                           
2026-10-06T20:28:27.787	TEL,3696,S3,606176725,0,0,0,430,2932                           
2026-10-06T20:28:27.787	TEL,3697,S3,606186725,0,0,0,433,2933                           
2026-10-06T20:28:27.787	TEL,3698,S3,606196725,0,0,0,433,2933                           
2026-10-06T20:28:27.787	TEL,3699,S3,606206725,0,0,0,430,2932                           
2026-10-06T20:28:27.787	TEL,3700,S3,606216725,0,0,0,425,2932                           
2026-10-06T20:28:27.787	TEL,3701,S3,606226725,0,0,0,422,2928                           
2026-10-06T20:28:27.787	TEL,3702,S3,606236725,0,0,0,430,2928                           
2026-10-06T20:28:27.787	TEL,3703,S3,606246725,0,0,0,433,2932                           
2026-10-06T20:28:27.787	TEL,3704,S3,606256725,0,0,0,430,2932                           
2026-10-06T20:28:27.787	TEL,3705,S3,606266725,0,0,0,428,2928                           
2026-10-06T20:28:27.787	TEL,3706,S3,606276725,0,0,0,433,2928                           
2026-10-06T20:28:27.787	TEL,3707,S3,606286725,0,0,0,433,2928                           
2026-10-06T20:28:27.787	TEL,3708,S3,606296725,0,0,0,428,2928                           
2026-10-06T20:28:27.787	TEL,3709,S3,606306725,0,0,0,430,2932                           
2026-10-06T20:28:27.787	TEL,3710,S3,606316725,0,0,0,436,2932                           
2026-10-06T20:28:27.787	TEL,3711,S3,606326725,0,0,0,436,2932                           
2026-10-06T20:28:27.787	TEL,3712,S3,606336725,0,0,0,428,2932                           
2026-10-06T20:28:27.787	TEL,3713,S3,606346725,0,0,0,428,2932                           
2026-10-06T20:28:27.787	TEL,3714,S3,606356725,0,0,0,430,2932                           
2026-10-06T20:28:27.787	TEL,3715,S3,606366725,0,0,0,430,2932                           
2026-10-06T20:28:27.787	TEL,3716,S3,606376725,0,0,0,436,2932                           
2026-10-06T20:28:27.787	TEL,3717,S3,606386725,0,0,0,436,2932                           
2026-10-06T20:28:27.787	TEL,3718,S3,606396725,0,0,0,430,2932                           
2026-10-06T20:28:27.787	TEL,3719,S3,606406725,0,0,0,430,2932                           
2026-10-06T20:28:27.787	TEL,3720,S3,606416725,0,0,0,428,2932                           
2026-10-06T20:28:27.787	TEL,3721,S3,606426725,0,0,0,425,2928                           
2026-10-06T20:28:27.787	TEL,3722,S3,606436725,0,0,0,428,2928                           
2026-10-06T20:28:27.787	TEL,3723,S3,606446725,0,0,0,433,2933                           
2026-10-06T20:28:27.787	TEL,3724,S3,606456725,0,0,0,430,2933                           
2026-10-06T20:28:27.787	TEL,3725,S3,606466725,0,0,0,428,2932                           
2026-10-06T20:28:27.787	TEL,3726,S3,606476725,0,0,0,430,2932                           
2026-10-06T20:28:27.787	TEL,3727,S3,606486725,0,0,0,428,2928                           
2026-10-06T20:28:27.787	TEL,3728,S3,606496725,0,0,0,428,2928                           
2026-10-06T20:28:27.787	TEL,3729,S3,606506725,0,0,0,433,2933                           
2026-10-06T20:28:27.787	TEL,3730,S3,606516725,0,0,0,433,2933                           
2026-10-06T20:28:27.787	TEL,3731,S3,606526725,0,0,0,428,2928                           
2026-10-06T20:28:27.787	TEL,3732,S3,606536725,0,0,0,433,2928                           
2026-10-06T20:28:27.787	TEL,3733,S3,606546725,0,0,0,433,2928                           
2026-10-06T20:28:27.787	TEL,3734,S3,606556725,0,0,0,428,2928                           
2026-10-06T20:28:27.787	TEL,3735,S3,606566725,0,0,0,430,2932                           
2026-10-06T20:28:28.396	TEL,3736,S3,606576725,0,0,0,433,2932                           
2026-10-06T20:28:28.396	TEL,3737,S3,606586725,0,0,0,433,2932                           
2026-10-06T20:28:28.396	TEL,3738,S3,606596725,0,0,0,428,2932                           
2026-10-06T20:28:28.396	TEL,3739,S3,606606725,0,0,0,425,2928                           
2026-10-06T20:28:28.396	TEL,3740,S3,606616725,0,0,0,428,2928                           
2026-10-06T20:28:28.396	TEL,3741,S3,606626725,0,0,0,428,2928                           
2026-10-06T20:28:28.396	TEL,3742,S3,606636725,0,0,0,428,2928                           
2026-10-06T20:28:28.396	BTN,47,S3,PRESSED,606646141,606646148                          
2026-10-06T20:28:28.396	TEL,3743,S3,606646725,0,0,0,430,2932                           
2026-10-06T20:28:28.396	TEL,3744,S3,606656725,0,0,0,419,2932                           
2026-10-06T20:28:28.396	TEL,3745,S3,606666725,0,0,0,419,2930                           
2026-10-06T20:28:28.396	TEL,3746,S3,606676725,0,0,0,428,2930                           
2026-10-06T20:28:28.396	TEL,3747,S3,606686725,0,0,0,428,2930                           
2026-10-06T20:28:28.396	TEL,3748,S3,606696725,0,0,0,430,2930                           
2026-10-06T20:28:28.396	TEL,3749,S3,606706725,0,0,0,430,2928                           
2026-10-06T20:28:28.396	TEL,3750,S3,606716725,0,0,0,428,2928                           
2026-10-06T20:28:28.396	TEL,3751,S3,606726725,0,0,0,428,2930                           
2026-10-06T20:28:28.396	TEL,3752,S3,606736725,0,0,0,428,2930                           
2026-10-06T20:28:28.396	TEL,3753,S3,606746725,0,0,0,428,2930                           
2026-10-06T20:28:28.396	TEL,3754,S3,606756725,0,0,0,428,2930                           
2026-10-06T20:28:28.396	TEL,3755,S3,606766725,0,0,0,430,2932                           
2026-10-06T20:28:28.396	TEL,3756,S3,606776725,0,0,0,430,2932                           
2026-10-06T20:28:28.396	TEL,3757,S3,606786725,0,0,0,430,2932                           
2026-10-06T20:28:28.396	TEL,3758,S3,606796725,0,0,0,430,2932                           
2026-10-06T20:28:28.397	TEL,3759,S3,606806725,0,0,0,428,2928                           
2026-10-06T20:28:28.397	TEL,3760,S3,606816725,0,0,0,428,2928                           
2026-10-06T20:28:28.397	TEL,3761,S3,606826725,0,0,0,428,2930                           
2026-10-06T20:28:28.397	TEL,3762,S3,606836725,0,0,0,428,2930                           
2026-10-06T20:28:28.397	TEL,3763,S3,606846725,0,0,0,430,2932                           
2026-10-06T20:28:28.397	TEL,3764,S3,606856725,0,0,0,430,2932                           
2026-10-06T20:28:28.397	TEL,3765,S3,606866725,0,0,0,430,2932                           
2026-10-06T20:28:28.397	TEL,3766,S3,606876725,0,0,0,428,2932                           
2026-10-06T20:28:28.397	TEL,3767,S3,606886725,0,0,0,428,2932                           
2026-10-06T20:28:28.397	TEL,3768,S3,606896725,0,0,0,430,2932                           
2026-10-06T20:28:28.397	TEL,3769,S3,606906725,0,0,0,430,2932                           
2026-10-06T20:28:28.397	TEL,3770,S3,606916725,0,0,0,430,2932                           
2026-10-06T20:28:28.397	TEL,3771,S3,606926725,0,0,0,428,2928                           
2026-10-06T20:28:28.397	TEL,3772,S3,606936725,0,0,0,428,2928                           
2026-10-06T20:28:28.397	TEL,3773,S3,606946725,0,0,0,425,2925                           
2026-10-06T20:28:28.397	TEL,3774,S3,606956725,0,0,0,422,2925                           
2026-10-06T20:28:28.397	TEL,3775,S3,606966725,0,0,0,425,2928                           
2026-10-06T20:28:28.397	TEL,3776,S3,606976725,0,0,0,428,2928                           
2026-10-06T20:28:28.397	TEL,3777,S3,606986725,0,0,0,430,2932                           
2026-10-06T20:28:28.397	TEL,3778,S3,606996725,0,0,0,430,2932                           
2026-10-06T20:28:28.397	TEL,3779,S3,607006725,0,0,0,428,2928                           
2026-10-06T20:28:28.397	TEL,3780,S3,607016725,0,0,0,428,2928                           
2026-10-06T20:28:28.397	TEL,3781,S3,607026725,0,0,0,428,2928                           
2026-10-06T20:28:28.397	TEL,3782,S3,607036725,0,0,0,428,2928                           
2026-10-06T20:28:28.397	TEL,3783,S3,607046725,0,0,0,428,2928                           
2026-10-06T20:28:28.397	TEL,3784,S3,607056725,0,0,0,433,2928                           
2026-10-06T20:28:28.397	TEL,3785,S3,607066725,0,0,0,436,2932                           
2026-10-06T20:28:28.397	TEL,3786,S3,607076725,0,0,0,430,2932                           
2026-10-06T20:28:28.397	TEL,3787,S3,607086725,0,0,0,430,2932                           
2026-10-06T20:28:28.397	TEL,3788,S3,607096725,0,0,0,436,2932                           
2026-10-06T20:28:28.397	TEL,3789,S3,607106725,0,0,0,433,2928                           
2026-10-06T20:28:28.397	TEL,3790,S3,607116725,0,0,0,428,2928                           
2026-10-06T20:28:28.397	TEL,3791,S3,607126725,0,0,0,430,2932                           
2026-10-06T20:28:28.397	TEL,3792,S3,607136725,0,0,0,425,2932                           
2026-10-06T20:28:28.397	TEL,3793,S3,607146725,0,0,0,425,2932                           
2026-10-06T20:28:28.397	TEL,3794,S3,607156725,0,0,0,433,2932                           
2026-10-06T20:28:28.397	TEL,3795,S3,607166725,0,0,0,433,2932                           
2026-10-06T20:28:28.397	TEL,3796,S3,607176725,0,0,0,430,2932                           
2026-10-06T20:28:29.006	TEL,3797,S3,607186725,0,0,0,430,2932                           
2026-10-06T20:28:29.006	TEL,3798,S3,607196725,0,0,0,430,2932                           
2026-10-06T20:28:29.006	TEL,3799,S3,607206725,0,0,0,428,2930                           
2026-10-06T20:28:29.006	TEL,3800,S3,607216725,0,0,0,428,2930                           
2026-10-06T20:28:29.006	TEL,3801,S3,607226725,0,0,0,428,2930                           
2026-10-06T20:28:29.006	TEL,3802,S3,607236725,0,0,0,428,2930                           
2026-10-06T20:28:29.006	TEL,3803,S3,607246725,0,0,0,430,2933                           
2026-10-06T20:28:29.006	TEL,3804,S3,607256725,0,0,0,433,2933                           
2026-10-06T20:28:29.006	TEL,3805,S3,607266725,0,0,0,430,2932                           
2026-10-06T20:28:29.006	TEL,3806,S3,607276725,0,0,0,430,2932                           
2026-10-06T20:28:29.006	TEL,3807,S3,607286725,0,0,0,430,2932                           
2026-10-06T20:28:29.006	TEL,3808,S3,607296725,0,0,0,430,2932                           
2026-10-06T20:28:29.006	BTN,48,S3,PRESSED,607304146,607304154                          
2026-10-06T20:28:29.006	TEL,3809,S3,607306725,0,0,0,428,2928                           
2026-10-06T20:28:29.006	TEL,3810,S3,607316725,0,0,0,413,2928                           
2026-10-06T20:28:29.006	TEL,3811,S3,607326725,0,0,0,419,2932                           
2026-10-06T20:28:29.006	TEL,3812,S3,607336725,0,0,0,436,2932                           
2026-10-06T20:28:29.006	TEL,3813,S3,607346725,0,0,0,436,2932                           
2026-10-06T20:28:29.006	TEL,3814,S3,607356725,0,0,0,433,2932                           
2026-10-06T20:28:29.006	TEL,3815,S3,607366725,0,0,0,433,2932                           
2026-10-06T20:28:29.006	TEL,3816,S3,607376725,0,0,0,430,2932                           
2026-10-06T20:28:29.006	TEL,3817,S3,607386725,0,0,0,430,2932                           
2026-10-06T20:28:29.006	TEL,3818,S3,607396725,0,0,0,433,2932                           
2026-10-06T20:28:29.006	TEL,3819,S3,607406725,0,0,0,430,2928                           
2026-10-06T20:28:29.006	TEL,3820,S3,607416725,0,0,0,428,2928                           
2026-10-06T20:28:29.006	TEL,3821,S3,607426725,0,0,0,428,2928                           
2026-10-06T20:28:29.006	TEL,3822,S3,607436725,0,0,0,433,2928                           
2026-10-06T20:28:29.006	TEL,3823,S3,607446725,0,0,0,436,2932                           
2026-10-06T20:28:29.006	TEL,3824,S3,607456725,0,0,0,430,2932                           
2026-10-06T20:28:29.006	TEL,3825,S3,607466725,0,0,0,433,2933                           
2026-10-06T20:28:29.006	TEL,3826,S3,607476725,0,0,0,433,2933                           
2026-10-06T20:28:29.006	TEL,3827,S3,607486725,0,0,0,428,2928                           
2026-10-06T20:28:29.006	TEL,3828,S3,607496725,0,0,0,430,2928                           
2026-10-06T20:28:29.006	TEL,3829,S3,607506725,0,0,0,430,2928                           
2026-10-06T20:28:29.006	TEL,3830,S3,607516725,0,0,0,428,2928                           
2026-10-06T20:28:29.006	TEL,3831,S3,607526725,0,0,0,433,2933                           
2026-10-06T20:28:29.006	TEL,3832,S3,607536725,0,0,0,433,2933                           
2026-10-06T20:28:29.006	TEL,3833,S3,607546725,0,0,0,428,2928                           
2026-10-06T20:28:29.006	TEL,3834,S3,607556725,0,0,0,428,2928                           
2026-10-06T20:28:29.006	TEL,3835,S3,607566725,0,0,0,428,2930                           
2026-10-06T20:28:29.006	TEL,3836,S3,607576725,0,0,0,428,2930                           
2026-10-06T20:28:29.007	TEL,3837,S3,607586725,0,0,0,428,2930                           
2026-10-06T20:28:29.007	TEL,3838,S3,607596725,0,0,0,428,2930                           
2026-10-06T20:28:29.007	TEL,3839,S3,607606725,0,0,0,428,2932                           
2026-10-06T20:28:29.007	TEL,3840,S3,607616725,0,0,0,430,2932                           
2026-10-06T20:28:29.007	TEL,3841,S3,607626725,0,0,0,428,2928                           
2026-10-06T20:28:29.007	TEL,3842,S3,607636725,0,0,0,428,2928                           
2026-10-06T20:28:29.007	TEL,3843,S3,607646725,0,0,0,428,2928                           
2026-10-06T20:28:29.007	TEL,3844,S3,607656725,0,0,0,430,2928                           
2026-10-06T20:28:29.007	TEL,3845,S3,607666725,0,0,0,430,2928                           
2026-10-06T20:28:29.007	TEL,3846,S3,607676725,0,0,0,425,2928                           
2026-10-06T20:28:29.007	TEL,3847,S3,607686725,0,0,0,430,2933                           
2026-10-06T20:28:29.007	TEL,3848,S3,607696725,0,0,0,433,2933                           
2026-10-06T20:28:29.007	TEL,3849,S3,607706725,0,0,0,430,2928                           
2026-10-06T20:28:29.007	TEL,3850,S3,607716725,0,0,0,433,2928                           
2026-10-06T20:28:29.007	TEL,3851,S3,607726725,0,0,0,433,2928                           
2026-10-06T20:28:29.007	TEL,3852,S3,607736725,0,0,0,422,2928                           
2026-10-06T20:28:29.007	TEL,3853,S3,607746725,0,0,0,422,2928                           
2026-10-06T20:28:29.007	TEL,3854,S3,607756725,0,0,0,425,2928                           
2026-10-06T20:28:29.007	TEL,3855,S3,607766725,0,0,0,430,2933                           
2026-10-06T20:28:29.007	TEL,3856,S3,607776725,0,0,0,433,2933                           
2026-10-06T20:28:29.007	TEL,3857,S3,607786725,0,0,0,433,2933                           
2026-10-06T20:28:29.617	TEL,3858,S3,607796725,0,0,0,433,2933                           
2026-10-06T20:28:29.617	TEL,3859,S3,607806725,0,0,0,430,2928                           
2026-10-06T20:28:29.617	TEL,3860,S3,607816725,0,0,0,428,2928                           
2026-10-06T20:28:29.617	TEL,3861,S3,607826725,0,0,0,428,2928                           
2026-10-06T20:28:29.617	TEL,3862,S3,607836725,0,0,0,428,2928                           
2026-10-06T20:28:29.617	TEL,3863,S3,607846725,0,0,0,430,2932                           
2026-10-06T20:28:29.617	TEL,3864,S3,607856725,0,0,0,430,2932                           
2026-10-06T20:28:29.617	BTN,49,S3,PRESSED,607859152,607859159                          
2026-10-06T20:28:29.617	TEL,3865,S3,607866725,0,0,0,433,2933                           
2026-10-06T20:28:29.617	TEL,3866,S3,607876725,0,0,0,433,2933                           
2026-10-06T20:28:29.617	TEL,3867,S3,607886725,0,0,0,433,2933                           
2026-10-06T20:28:29.617	TEL,3868,S3,607896725,0,0,0,433,2933                           
2026-10-06T20:28:29.617	TEL,3869,S3,607906725,0,0,0,428,2928                           
2026-10-06T20:28:29.617	TEL,3870,S3,607916725,0,0,0,428,2928                           
2026-10-06T20:28:29.617	TEL,3871,S3,607926725,0,0,0,428,2928                           
2026-10-06T20:28:29.617	TEL,3872,S3,607936725,0,0,0,430,2928                           
2026-10-06T20:28:29.617	TEL,3873,S3,607946725,0,0,0,433,2933                           
2026-10-06T20:28:29.617	TEL,3874,S3,607956725,0,0,0,433,2933                           
2026-10-06T20:28:29.617	TEL,3875,S3,607966725,0,0,0,428,2928                           
2026-10-06T20:28:29.617	TEL,3876,S3,607976725,0,0,0,428,2928                           
2026-10-06T20:28:29.617	TEL,3877,S3,607986725,0,0,0,428,2928                           
2026-10-06T20:28:29.617	TEL,3878,S3,607996725,0,0,0,433,2928                           
2026-10-06T20:28:29.617	TEL,3879,S3,608006725,0,0,0,436,2932                           
2026-10-06T20:28:29.617	TEL,3880,S3,608016725,0,0,0,430,2932                           
2026-10-06T20:28:29.617	TEL,3881,S3,608026725,0,0,0,430,2932                           
2026-10-06T20:28:29.617	TEL,3882,S3,608036725,0,0,0,428,2932                           
2026-10-06T20:28:29.617	TEL,3883,S3,608046725,0,0,0,428,2930                           
2026-10-06T20:28:29.617	TEL,3884,S3,608056725,0,0,0,428,2930                           
2026-10-06T20:28:29.617	TEL,3885,S3,608066725,0,0,0,428,2928                           
2026-10-06T20:28:29.617	TEL,3886,S3,608076725,0,0,0,430,2928                           
2026-10-06T20:28:29.617	TEL,3887,S3,608086725,0,0,0,433,2932                           
2026-10-06T20:28:29.617	TEL,3888,S3,608096725,0,0,0,428,2932                           
2026-10-06T20:28:29.617	TEL,3889,S3,608106725,0,0,0,428,2932                           
2026-10-06T20:28:29.617	TEL,3890,S3,608116725,0,0,0,430,2932                           
2026-10-06T20:28:29.617	TEL,3891,S3,608126725,0,0,0,430,2932                           
2026-10-06T20:28:29.617	TEL,3892,S3,608136725,0,0,0,430,2932                           
2026-10-06T20:28:29.617	TEL,3893,S3,608146725,0,0,0,428,2928                           
2026-10-06T20:28:29.617	TEL,3894,S3,608156725,0,0,0,422,2928                           
2026-10-06T20:28:29.617	TEL,3895,S3,608166725,0,0,0,422,2928                           
2026-10-06T20:28:29.617	TEL,3896,S3,608176725,0,0,0,428,2928                           
2026-10-06T20:28:29.617	TEL,3897,S3,608186725,0,0,0,428,2928                           
2026-10-06T20:28:29.617	TEL,3898,S3,608196725,0,0,0,428,2928                           
2026-10-06T20:28:29.617	TEL,3899,S3,608206725,0,0,0,428,2928                           
2026-10-06T20:28:29.617	TEL,3900,S3,608216725,0,0,0,433,2928                           
2026-10-06T20:28:29.617	TEL,3901,S3,608226725,0,0,0,433,2928                           
2026-10-06T20:28:29.617	TEL,3902,S3,608236725,0,0,0,433,2928                           
2026-10-06T20:28:29.617	TEL,3903,S3,608246725,0,0,0,436,2932                           
2026-10-06T20:28:29.617	TEL,3904,S3,608256725,0,0,0,436,2932                           
2026-10-06T20:28:29.617	TEL,3905,S3,608266725,0,0,0,436,2932                           
2026-10-06T20:28:29.617	TEL,3906,S3,608276725,0,0,0,436,2932                           
2026-10-06T20:28:29.617	TEL,3907,S3,608286725,0,0,0,436,2932                           
2026-10-06T20:28:29.617	TEL,3908,S3,608296725,0,0,0,433,2932                           
2026-10-06T20:28:29.617	TEL,3909,S3,608306725,0,0,0,430,2928                           
2026-10-06T20:28:29.617	TEL,3910,S3,608316725,0,0,0,430,2928                           
2026-10-06T20:28:29.617	TEL,3911,S3,608326725,0,0,0,430,2928                           
2026-10-06T20:28:29.617	TEL,3912,S3,608336725,0,0,0,433,2928                           
2026-10-06T20:28:29.617	TEL,3913,S3,608346725,0,0,0,436,2932                           
2026-10-06T20:28:29.617	TEL,3914,S3,608356725,0,0,0,430,2932                           
2026-10-06T20:28:29.617	TEL,3915,S3,608366725,0,0,0,430,2932                           
2026-10-06T20:28:29.617	TEL,3916,S3,608376725,0,0,0,430,2932                           
2026-10-06T20:28:29.617	TEL,3917,S3,608386725,0,0,0,430,2932                           
2026-10-06T20:28:29.617	TEL,3918,S3,608396725,0,0,0,430,2932                           
2026-10-06T20:28:30.057	TEL,3919,S3,608406725,0,0,0,428,2928                           
2026-10-06T20:28:30.057	TEL,3920,S3,608416725,0,0,0,433,2928                           
2026-10-06T20:28:30.057	TEL,3921,S3,608426725,0,0,0,436,2932                           
2026-10-06T20:28:30.057	TEL,3922,S3,608436725,0,0,0,430,2932                           
2026-10-06T20:28:30.057	TEL,3923,S3,608446725,0,0,0,428,2928                           
2026-10-06T20:28:30.057	TEL,3924,S3,608456725,0,0,0,433,2928                           
2026-10-06T20:28:30.057	TEL,3925,S3,608466725,0,0,0,433,2928                           
2026-10-06T20:28:30.057	TEL,3926,S3,608476725,0,0,0,430,2928                           
2026-10-06T20:28:30.057	TEL,3927,S3,608486725,0,0,0,433,2932                           
2026-10-06T20:28:30.057	TEL,3928,S3,608496725,0,0,0,430,2932                           
2026-10-06T20:28:30.057	TEL,3929,S3,608506725,0,0,0,428,2928                           
2026-10-06T20:28:30.057	TEL,3930,S3,608516725,0,0,0,422,2928                           
2026-10-06T20:28:30.057	TEL,3931,S3,608526725,0,0,0,422,2928                           
2026-10-06T20:28:30.057	TEL,3932,S3,608536725,0,0,0,428,2928                           
2026-10-06T20:28:30.057	TEL,3933,S3,608546725,0,0,0,428,2928                           
2026-10-06T20:28:30.057	TEL,3934,S3,608556725,0,0,0,428,2928                           
2026-10-06T20:28:30.057	TEL,3935,S3,608566725,0,0,0,430,2932                           
2026-10-06T20:28:30.057	TEL,3936,S3,608576725,0,0,0,430,2932                           
2026-10-06T20:28:30.057	TEL,3937,S3,608586725,0,0,0,430,2932                           
2026-10-06T20:28:30.057	TEL,3938,S3,608596725,0,0,0,430,2932                           
2026-10-06T20:28:30.057	TEL,3939,S3,608606725,0,0,0,428,2930                           
2026-10-06T20:28:30.057	TEL,3940,S3,608616725,0,0,0,428,2930                           
2026-10-06T20:28:30.057	TEL,3941,S3,608626725,0,0,0,428,2930                           
2026-10-06T20:28:30.057	BTN,50,S3,PRESSED,608628157,608628165                          
2026-10-06T20:28:30.057	TEL,3942,S3,608636725,0,0,0,430,2930                           
2026-10-06T20:28:30.057	ACK,STOP,S3
2026-10-06T20:28:30.057	LOG,S3,1,574804889,574804896,574804906,574804925,574810478,ok
2026-10-06T20:28:30.057	LOG,S3,2,575399895,575399902,575399911,575402319,575407872,ok
2026-10-06T20:28:30.057	LOG,S3,3,576172900,576172907,576172917,576172936,576178486,ok
2026-10-06T20:28:30.057	LOG,S3,4,576834906,576834913,576834922,576834942,576840498,ok
2026-10-06T20:28:30.057	LOG,S3,5,577425911,577425918,577425928,577425947,577431504,ok
2026-10-06T20:28:30.057	LOG,S3,6,578214917,578214924,578214933,578214953,578220508,ok
2026-10-06T20:28:30.057	LOG,S3,7,578856922,578856929,578856938,578862312,578867865,ok
2026-10-06T20:28:30.057	LOG,S3,8,579739927,579739935,579739944,579742317,579747870,ok
2026-10-06T20:28:30.057	LOG,S3,9,580402933,580402940,580402949,580402969,580408521,ok
2026-10-06T20:28:30.057	LOG,S3,10,580960938,580960946,580960955,580962315,580967868,ok
2026-10-06T20:28:30.057	LOG,S3,11,581538944,581538951,581538960,581542314,581547867,ok
2026-10-06T20:28:30.057	LOG,S3,12,582192949,582192957,582192966,582192986,582198543,ok
2026-10-06T20:28:30.057	LOG,S3,13,582948955,582948962,582948971,582952311,582957864,ok
2026-10-06T20:28:30.057	LOG,S3,14,583474960,583474968,583474977,583474997,583480551,ok
2026-10-06T20:28:30.057	LOG,S3,15,584186966,584186973,584186982,584192312,584197865,ok
2026-10-06T20:28:30.057	LOG,S3,16,584750971,584750979,584750988,584752317,584757870,ok
2026-10-06T20:28:30.057	LOG,S3,17,585271977,585271984,585271993,585272317,585277870,ok
2026-10-06T20:28:30.057	LOG,S3,18,585970982,585970989,585970999,585972315,585977868,ok
2026-10-06T20:28:30.057	LOG,S3,19,586689988,586689995,586690004,586692316,586697869,ok
2026-10-06T20:28:30.057	LOG,S3,20,587215993,587216000,587216010,587216030,587221587,ok
2026-10-06T20:28:30.057	LOG,S3,21,587864999,587865006,587865015,587865035,587870590,ok
2026-10-06T20:28:30.057	LOG,S3,22,588405004,588405011,588405021,588405040,588410593,ok
2026-10-06T20:28:30.057	LOG,S3,23,589165010,589165017,589165026,589165046,589170599,ok
2026-10-06T20:28:30.057	LOG,S3,24,589923015,589923022,589923032,589923051,589928603,ok
2026-10-06T20:28:30.057	LOG,S3,25,590815021,590815028,590815037,590815057,590820611,ok
2026-10-06T20:28:30.057	LOG,S3,26,591714026,591714033,591714043,591714062,591719613,ok
2026-10-06T20:28:30.057	LOG,S3,27,592476031,592476039,592476048,592476068,592481621,ok
2026-10-06T20:28:30.057	LOG,S3,28,593026037,593026044,593026054,593026073,593031625,ok
2026-10-06T20:28:30.057	LOG,S3,29,593913042,593913050,593913059,593913079,593918632,ok
2026-10-06T20:28:30.057	LOG,S3,30,594573048,594573055,594573065,594573084,594578634,ok
2026-10-06T20:28:30.057	LOG,S3,31,595432053,595432061,595432070,595432311,595437864,ok
2026-10-06T20:28:30.057	LOG,S3,32,596061059,596061066,596061075,596062317,596067870,ok
2026-10-06T20:28:30.057	LOG,S3,33,596882064,596882072,596882081,596882314,596887867,ok
2026-10-06T20:28:30.057	LOG,S3,34,597577070,597577077,597577086,597582312,597587865,ok
2026-10-06T20:28:30.057	LOG,S3,35,598280075,598280083,598280092,598282319,598287872,ok
2026-10-06T20:28:30.057	LOG,S3,36,599043081,599043088,599043097,599043117,599048666,ok
2026-10-06T20:28:30.057	LOG,S3,37,599614086,599614093,599614103,599614123,599619678,ok
2026-10-06T20:28:30.057	LOG,S3,38,600505092,600505099,600505108,600505128,600510681,ok
2026-10-06T20:28:30.175	LOG,S3,39,601391097,601391104,601391114,601392317,601397870,ok
2026-10-06T20:28:30.175	LOG,S3,40,602031103,602031110,602031119,602032316,602037869,ok
2026-10-06T20:28:30.175	LOG,S3,41,602753108,602753115,602753125,602753144,602758702,ok
2026-10-06T20:28:30.175	LOG,S3,42,603264114,603264121,603264130,603264150,603269706,ok
2026-10-06T20:28:30.175	LOG,S3,43,604117119,604117126,604117136,604122317,604127870,ok
2026-10-06T20:28:30.175	LOG,S3,44,604670125,604670132,604670141,604672313,604677866,ok
2026-10-06T20:28:30.175	LOG,S3,45,605349130,605349137,605349147,605352317,605357870,ok
2026-10-06T20:28:30.175	LOG,S3,46,605987135,605987143,605987152,605992315,605997868,ok
2026-10-06T20:28:30.175	LOG,S3,47,606646141,606646148,606646158,606646177,606651734,ok
2026-10-06T20:28:30.175	LOG,S3,48,607304146,607304154,607304163,607304183,607309733,ok
2026-10-06T20:28:30.175	LOG,S3,49,607859152,607859159,607859168,607862313,607867866,ok
2026-10-06T20:28:30.175	LOG,S3,50,608628157,608628165,608628174,608632315,608637865,ok
2026-10-06T20:28:30.175	CNT,accepted,50
2026-10-06T20:28:30.175	CNT,logged,50
2026-10-06T20:28:30.175	CNT,bounce_rejected,0
2026-10-06T20:28:30.175	CNT,ignored,0
2026-10-06T20:28:30.175	CNT,btn_q_drop,0
2026-10-06T20:28:30.175	CNT,btn_tx_drop,0
2026-10-06T20:28:30.175	CNT,tel_sent,3942
2026-10-06T20:28:30.175	CNT,tel_tx_drop,0
2026-10-06T20:28:30.176	CNT,tx_error,0
2026-10-06T20:28:30.176	CNT,tx_timeout,0
2026-10-06T20:28:30.176	CNT,log_overflow,0
2026-10-06T20:28:30.176	CNT,fmt_error,0
2026-10-06T20:28:30.176	CNT,tel_period_min_us,9855
2026-10-06T20:28:30.176	CNT,tel_period_max_us,10000
2026-10-06T20:28:30.176	CNT,work_min_us,0
2026-10-06T20:28:30.176	CNT,work_max_us,0
2026-10-06T20:28:30.176	CNT,hwm_telemetry_w,187
2026-10-06T20:28:30.176	CNT,hwm_uarttx_w,265
2026-10-06T20:28:30.176	CNT,heap_free_min_b,17512
2026-10-06T20:28:30.176	INF,variant,B
2026-10-06T20:28:30.176	INF,source,INJ
2026-10-06T20:28:30.176	INF,events,50
2026-10-06T20:28:30.176	END,DUMP,S3
