# pc_rx_time yaln?zca bilgi ama?l?d?r; gecikme hesab?nda KULLANILMAZ.
2026-10-06T20:28:32.176	ACK,START,S4,B,INJ,50
2026-10-06T20:28:32.176	TEL,1,S4,610358871,2002,44543,0,433,2932                       
2026-10-06T20:28:32.176	TEL,2,S4,610368726,2002,44543,0,430,2932                       
2026-10-06T20:28:32.176	TEL,3,S4,610378726,2001,44543,0,433,2933                       
2026-10-06T20:28:32.176	TEL,4,S4,610388726,2001,44543,0,433,2933                       
2026-10-06T20:28:32.176	TEL,5,S4,610398726,2001,44543,0,439,2939                       
2026-10-06T20:28:32.176	TEL,6,S4,610408726,2001,44543,0,433,2939                       
2026-10-06T20:28:32.176	TEL,7,S4,610418726,2001,44543,0,433,2939                       
2026-10-06T20:28:32.176	TEL,8,S4,610428726,2001,44543,0,445,2939                       
2026-10-06T20:28:32.176	TEL,9,S4,610438726,2001,44543,0,442,2937                       
2026-10-06T20:28:32.176	TEL,10,S4,610448726,2001,44543,0,442,2937                      
2026-10-06T20:28:32.176	TEL,11,S4,610458726,2001,44543,0,442,2935                      
2026-10-06T20:28:32.176	TEL,12,S4,610468726,2001,44543,0,442,2935                      
2026-10-06T20:28:32.176	TEL,13,S4,610478726,2001,44543,0,433,2927                      
2026-10-06T20:28:32.176	TEL,14,S4,610488726,2001,44543,0,433,2927                      
2026-10-06T20:28:32.176	TEL,15,S4,610498726,2001,44543,0,439,2933                      
2026-10-06T20:28:32.176	TEL,16,S4,610508726,2001,44543,0,439,2933                      
2026-10-06T20:28:32.176	TEL,17,S4,610518726,2001,44543,0,439,2933                      
2026-10-06T20:28:32.176	TEL,18,S4,610528726,2001,44543,0,439,2933                      
2026-10-06T20:28:32.176	TEL,19,S4,610538726,2001,44543,0,436,2930                      
2026-10-06T20:28:32.176	TEL,20,S4,610548726,2001,44543,0,433,2930                      
2026-10-06T20:28:32.176	TEL,21,S4,610558726,2001,44543,0,439,2935                      
2026-10-06T20:28:32.176	TEL,22,S4,610568726,2001,44543,0,442,2935                      
2026-10-06T20:28:32.176	TEL,23,S4,610578726,2001,44543,0,436,2930                      
2026-10-06T20:28:32.176	TEL,24,S4,610588726,2001,44543,0,436,2930                      
2026-10-06T20:28:32.176	TEL,25,S4,610598726,2001,44543,0,439,2932                      
2026-10-06T20:28:32.176	TEL,26,S4,610608726,2001,44543,0,442,2932                      
2026-10-06T20:28:32.176	TEL,27,S4,610618726,2001,44543,0,442,2930                      
2026-10-06T20:28:32.176	TEL,28,S4,610628726,2001,44543,0,436,2930                      
2026-10-06T20:28:32.176	TEL,29,S4,610638726,2001,44543,0,439,2932                      
2026-10-06T20:28:32.176	TEL,30,S4,610648726,2001,44543,0,439,2932                      
2026-10-06T20:28:32.176	TEL,31,S4,610658726,2001,44543,0,436,2930                      
2026-10-06T20:28:32.176	TEL,32,S4,610668726,2001,44543,0,433,2930                      
2026-10-06T20:28:32.176	TEL,33,S4,610678726,2001,44543,0,436,2933                      
2026-10-06T20:28:32.176	TEL,34,S4,610688726,2001,44543,0,439,2933                      
2026-10-06T20:28:32.176	TEL,35,S4,610698726,2001,44543,0,439,2932                      
2026-10-06T20:28:32.176	TEL,36,S4,610708726,2001,44543,0,439,2932                      
2026-10-06T20:28:32.176	TEL,37,S4,610718726,2001,44543,0,433,2927                      
2026-10-06T20:28:32.176	TEL,38,S4,610728726,2001,44543,0,433,2927                      
2026-10-06T20:28:32.176	TEL,39,S4,610738726,2001,44543,0,436,2930                      
2026-10-06T20:28:32.176	TEL,40,S4,610748726,2001,44543,0,433,2930                      
2026-10-06T20:28:32.176	TEL,41,S4,610758726,2001,44543,0,442,2937                      
2026-10-06T20:28:32.176	TEL,42,S4,610768726,2001,44543,0,442,2937                      
2026-10-06T20:28:32.176	TEL,43,S4,610778726,2001,44543,0,439,2933                      
2026-10-06T20:28:32.176	TEL,44,S4,610788726,2001,44543,0,436,2933                      
2026-10-06T20:28:32.176	TEL,45,S4,610798726,2001,44543,0,433,2930                      
2026-10-06T20:28:32.176	TEL,46,S4,610808726,2001,44543,0,436,2930                      
2026-10-06T20:28:32.176	TEL,47,S4,610818726,2001,44543,0,439,2932                      
2026-10-06T20:28:32.176	TEL,48,S4,610828726,2001,44543,0,439,2932                      
2026-10-06T20:28:32.176	TEL,49,S4,610838726,2001,44543,0,442,2937                      
2026-10-06T20:28:32.176	TEL,50,S4,610848726,2001,44543,0,442,2937                      
2026-10-06T20:28:32.176	TEL,51,S4,610858726,2001,44543,0,442,2937                      
2026-10-06T20:28:32.176	TEL,52,S4,610868726,2001,44543,0,442,2937                      
2026-10-06T20:28:32.176	TEL,53,S4,610878726,2001,44543,0,439,2932                      
2026-10-06T20:28:32.176	TEL,54,S4,610888726,2001,44543,0,439,2932                      
2026-10-06T20:28:32.176	TEL,55,S4,610898726,2001,44543,0,439,2932                      
2026-10-06T20:28:32.176	TEL,56,S4,610908726,2001,44543,0,439,2932                      
2026-10-06T20:28:32.176	TEL,57,S4,610918726,2001,44543,0,439,2933                      
2026-10-06T20:28:32.176	TEL,58,S4,610928726,2001,44543,0,436,2933                      
2026-10-06T20:28:32.176	TEL,59,S4,610938726,2001,44543,0,442,2937                      
2026-10-06T20:28:32.176	TEL,60,S4,610948726,2001,44543,0,442,2937                      
2026-10-06T20:28:32.176	TEL,61,S4,610958726,2001,44543,0,430,2925                      
2026-10-06T20:28:32.798	TEL,62,S4,610968726,2001,44543,0,430,2925                      
2026-10-06T20:28:32.798	TEL,63,S4,610978726,2001,44543,0,442,2935                      
2026-10-06T20:28:32.798	TEL,64,S4,610988726,2001,44543,0,442,2935                      
2026-10-06T20:28:32.798	TEL,65,S4,610998726,2001,44543,0,436,2930                      
2026-10-06T20:28:32.798	TEL,66,S4,611008726,2001,44543,0,436,2930                      
2026-10-06T20:28:32.798	TEL,67,S4,611018726,2001,44543,0,433,2927                      
2026-10-06T20:28:32.798	TEL,68,S4,611028726,2001,44543,0,433,2927                      
2026-10-06T20:28:32.798	TEL,69,S4,611038726,2001,44543,0,436,2930                      
2026-10-06T20:28:32.798	TEL,70,S4,611048726,2001,44543,0,436,2930                      
2026-10-06T20:28:32.798	TEL,71,S4,611058726,2001,44543,0,436,2930                      
2026-10-06T20:28:32.798	TEL,72,S4,611068726,2001,44543,0,436,2930                      
2026-10-06T20:28:32.798	TEL,73,S4,611078726,2001,44543,0,436,2930                      
2026-10-06T20:28:32.798	TEL,74,S4,611088726,2001,44543,0,436,2930                      
2026-10-06T20:28:32.798	TEL,75,S4,611098726,2001,44543,0,439,2932                      
2026-10-06T20:28:32.798	TEL,76,S4,611108726,2001,44543,0,436,2932                      
2026-10-06T20:28:32.798	TEL,77,S4,611118726,2001,44543,0,433,2930                      
2026-10-06T20:28:32.798	TEL,78,S4,611128726,2001,44543,0,436,2930                      
2026-10-06T20:28:32.798	TEL,79,S4,611138726,2001,44543,0,436,2930                      
2026-10-06T20:28:32.798	TEL,80,S4,611148726,2001,44543,0,439,2930                      
2026-10-06T20:28:32.798	TEL,81,S4,611158726,2001,44543,0,439,2930                      
2026-10-06T20:28:32.798	TEL,82,S4,611168726,2001,44543,0,433,2930                      
2026-10-06T20:28:32.798	TEL,83,S4,611178726,2001,44543,0,436,2933                      
2026-10-06T20:28:32.798	TEL,84,S4,611188726,2001,44543,0,436,2933                      
2026-10-06T20:28:32.799	TEL,85,S4,611198726,2001,44543,0,430,2927                      
2026-10-06T20:28:32.799	TEL,86,S4,611208726,2001,44543,0,433,2927                      
2026-10-06T20:28:32.799	TEL,87,S4,611218726,2001,44543,0,436,2930                      
2026-10-06T20:28:32.799	TEL,88,S4,611228726,2001,44543,0,433,2930                      
2026-10-06T20:28:32.799	TEL,89,S4,611238726,2001,44543,0,436,2933                      
2026-10-06T20:28:32.799	TEL,90,S4,611248726,2001,44543,0,439,2933                      
2026-10-06T20:28:32.799	TEL,91,S4,611258726,2001,44543,0,436,2930                      
2026-10-06T20:28:32.799	TEL,92,S4,611268726,2001,44543,0,433,2930                      
2026-10-06T20:28:32.799	TEL,93,S4,611278726,2001,44543,0,433,2930                      
2026-10-06T20:28:32.799	TEL,94,S4,611288726,2001,44543,0,433,2930                      
2026-10-06T20:28:32.799	TEL,95,S4,611298726,2001,44543,0,433,2928                      
2026-10-06T20:28:32.799	TEL,96,S4,611308726,2001,44543,0,433,2928                      
2026-10-06T20:28:32.799	TEL,97,S4,611318726,2001,44543,0,433,2930                      
2026-10-06T20:28:32.799	TEL,98,S4,611328726,2001,44543,0,433,2930                      
2026-10-06T20:28:32.799	TEL,99,S4,611338726,2001,44543,0,436,2932                      
2026-10-06T20:28:32.799	TEL,100,S4,611348726,2001,44543,0,442,2932                     
2026-10-06T20:28:32.799	TEL,101,S4,611358726,2001,44543,0,436,2928                     
2026-10-06T20:28:32.799	TEL,102,S4,611368726,2001,44543,0,433,2928                     
2026-10-06T20:28:32.799	TEL,103,S4,611378726,2001,44543,0,433,2928                     
2026-10-06T20:28:32.799	TEL,104,S4,611388726,2001,44543,0,436,2928                     
2026-10-06T20:28:32.799	TEL,105,S4,611398726,2001,44543,0,436,2928                     
2026-10-06T20:28:32.799	TEL,106,S4,611408726,2001,44543,0,436,2928                     
2026-10-06T20:28:32.799	TEL,107,S4,611418726,2001,44543,0,436,2928                     
2026-10-06T20:28:32.799	TEL,108,S4,611428726,2001,44543,0,433,2928                     
2026-10-06T20:28:32.799	TEL,109,S4,611438726,2001,44543,0,430,2927                     
2026-10-06T20:28:32.799	TEL,110,S4,611448726,2001,44543,0,433,2927                     
2026-10-06T20:28:32.799	TEL,111,S4,611458726,2001,44543,0,436,2928                     
2026-10-06T20:28:32.799	TEL,112,S4,611468726,2001,44543,0,436,2928                     
2026-10-06T20:28:32.799	TEL,113,S4,611478726,2001,44543,0,439,2932                     
2026-10-06T20:28:32.799	TEL,114,S4,611488726,2001,44543,0,439,2932                     
2026-10-06T20:28:32.799	TEL,115,S4,611498726,2001,44543,0,433,2927                     
2026-10-06T20:28:32.799	TEL,116,S4,611508726,2001,44543,0,430,2927                     
2026-10-06T20:28:32.799	TEL,117,S4,611518726,2001,44543,0,436,2933                     
2026-10-06T20:28:32.799	TEL,118,S4,611528726,2001,44543,0,439,2933                     
2026-10-06T20:28:32.799	TEL,119,S4,611538726,2001,44543,0,436,2928                     
2026-10-06T20:28:32.799	TEL,120,S4,611548726,2001,44543,0,436,2928                     
2026-10-06T20:28:32.799	TEL,121,S4,611558726,2001,44543,0,436,2930                     
2026-10-06T20:28:32.799	TEL,122,S4,611568726,2001,44543,0,436,2930                     
2026-10-06T20:28:32.799	TEL,123,S4,611578726,2001,44543,0,436,2928                     
2026-10-06T20:28:33.418	TEL,124,S4,611588726,2001,44543,0,433,2928                     
2026-10-06T20:28:33.418	TEL,125,S4,611598726,2001,44543,0,433,2928                     
2026-10-06T20:28:33.418	TEL,126,S4,611608726,2001,44543,0,436,2928                     
2026-10-06T20:28:33.418	TEL,127,S4,611618726,2001,44543,0,433,2927                     
2026-10-06T20:28:33.418	TEL,128,S4,611628726,2001,44543,0,433,2927                     
2026-10-06T20:28:33.418	TEL,129,S4,611638726,2001,44543,0,436,2928                     
2026-10-06T20:28:33.418	TEL,130,S4,611648726,2001,44543,0,433,2928                     
2026-10-06T20:28:33.418	TEL,131,S4,611658726,2001,44543,0,433,2928                     
2026-10-06T20:28:33.418	TEL,132,S4,611668726,2001,44543,0,436,2928                     
2026-10-06T20:28:33.418	TEL,133,S4,611678726,2001,44543,0,436,2928                     
2026-10-06T20:28:33.418	TEL,134,S4,611688726,2001,44543,0,436,2928                     
2026-10-06T20:28:33.418	TEL,135,S4,611698726,2001,44543,0,436,2928                     
2026-10-06T20:28:33.418	TEL,136,S4,611708726,2001,44543,0,428,2928                     
2026-10-06T20:28:33.418	TEL,137,S4,611718726,2001,44543,0,428,2928                     
2026-10-06T20:28:33.418	TEL,138,S4,611728726,2001,44543,0,436,2928                     
2026-10-06T20:28:33.418	TEL,139,S4,611738726,2001,44543,0,430,2925                     
2026-10-06T20:28:33.418	TEL,140,S4,611748726,2001,44543,0,428,2925                     
2026-10-06T20:28:33.418	TEL,141,S4,611758726,2001,44543,0,433,2928                     
2026-10-06T20:28:33.418	TEL,142,S4,611768726,2001,44543,0,436,2928                     
2026-10-06T20:28:33.418	TEL,143,S4,611778726,2001,44543,0,436,2930                     
2026-10-06T20:28:33.418	TEL,144,S4,611788726,2001,44543,0,433,2930                     
2026-10-06T20:28:33.418	TEL,145,S4,611798726,2001,44543,0,433,2928                     
2026-10-06T20:28:33.418	TEL,146,S4,611808726,2001,44543,0,425,2928                     
2026-10-06T20:28:33.418	TEL,147,S4,611818726,2001,44543,0,425,2928                     
2026-10-06T20:28:33.418	TEL,148,S4,611828726,2001,44543,0,433,2928                     
2026-10-06T20:28:33.418	TEL,149,S4,611838726,2001,44543,0,433,2928                     
2026-10-06T20:28:33.418	TEL,150,S4,611848726,2001,44543,0,433,2928                     
2026-10-06T20:28:33.418	TEL,151,S4,611858726,2001,44543,0,433,2930                     
2026-10-06T20:28:33.418	TEL,152,S4,611868726,2001,44543,0,428,2930                     
2026-10-06T20:28:33.418	TEL,153,S4,611878726,2001,44543,0,428,2928                     
2026-10-06T20:28:33.418	TEL,154,S4,611888726,2001,44543,0,433,2928                     
2026-10-06T20:28:33.418	TEL,155,S4,611898726,2001,44543,0,433,2928                     
2026-10-06T20:28:33.418	TEL,156,S4,611908726,2001,44543,0,436,2928                     
2026-10-06T20:28:33.418	TEL,157,S4,611918726,2001,44543,0,436,2928                     
2026-10-06T20:28:33.418	TEL,158,S4,611928726,2001,44543,0,433,2928                     
2026-10-06T20:28:33.418	TEL,159,S4,611938726,2001,44543,0,433,2928                     
2026-10-06T20:28:33.418	TEL,160,S4,611948726,2001,44543,0,433,2928                     
2026-10-06T20:28:33.418	TEL,161,S4,611958726,2001,44543,0,433,2928                     
2026-10-06T20:28:33.418	TEL,162,S4,611968726,2001,44543,0,433,2928                     
2026-10-06T20:28:33.418	TEL,163,S4,611978726,2001,44543,0,433,2930                     
2026-10-06T20:28:33.418	TEL,164,S4,611988726,2001,44543,0,436,2930                     
2026-10-06T20:28:33.418	TEL,165,S4,611998726,2001,44543,0,428,2921                     
2026-10-06T20:28:33.418	TEL,166,S4,612008726,2001,44543,0,425,2921                     
2026-10-06T20:28:33.418	TEL,167,S4,612018726,2001,44543,0,433,2928                     
2026-10-06T20:28:33.418	TEL,168,S4,612028726,2001,44543,0,436,2928                     
2026-10-06T20:28:33.418	TEL,169,S4,612038726,2001,44543,0,436,2927                     
2026-10-06T20:28:33.418	TEL,170,S4,612048726,2001,44543,0,430,2927                     
2026-10-06T20:28:33.418	TEL,171,S4,612058726,2001,44543,0,433,2928                     
2026-10-06T20:28:33.418	TEL,172,S4,612068726,2001,44543,0,430,2928                     
2026-10-06T20:28:33.418	TEL,173,S4,612078726,2001,44543,0,430,2928                     
2026-10-06T20:28:33.419	TEL,174,S4,612088726,2001,44543,0,433,2928                     
2026-10-06T20:28:33.419	TEL,175,S4,612098726,2001,44543,0,430,2927                     
2026-10-06T20:28:33.419	TEL,176,S4,612108726,2001,44543,0,430,2927                     
2026-10-06T20:28:33.419	TEL,177,S4,612118726,2001,44543,0,433,2928                     
2026-10-06T20:28:33.419	TEL,178,S4,612128726,2001,44543,0,433,2928                     
2026-10-06T20:28:33.419	TEL,179,S4,612138726,2001,44543,0,430,2927                     
2026-10-06T20:28:33.419	TEL,180,S4,612148726,2001,44543,0,436,2927                     
2026-10-06T20:28:33.419	TEL,181,S4,612158726,2001,44543,0,436,2927                     
2026-10-06T20:28:33.419	TEL,182,S4,612168726,2001,44543,0,436,2927                     
2026-10-06T20:28:33.419	TEL,183,S4,612178726,2001,44543,0,436,2928                     
2026-10-06T20:28:33.419	TEL,184,S4,612188726,2001,44543,0,433,2928                     
2026-10-06T20:28:33.419	TEL,185,S4,612198726,2001,44543,0,436,2932                     
2026-10-06T20:28:34.038	TEL,186,S4,612208726,2001,44543,0,436,2932                     
2026-10-06T20:28:34.038	TEL,187,S4,612218726,2001,44543,0,433,2928                     
2026-10-06T20:28:34.038	TEL,188,S4,612228726,2001,44543,0,433,2928                     
2026-10-06T20:28:34.038	TEL,189,S4,612238726,2001,44543,0,433,2928                     
2026-10-06T20:28:34.038	TEL,190,S4,612248726,2001,44543,0,433,2928                     
2026-10-06T20:28:34.038	TEL,191,S4,612258726,2001,44543,0,428,2925                     
2026-10-06T20:28:34.038	TEL,192,S4,612268726,2001,44543,0,428,2925                     
2026-10-06T20:28:34.038	TEL,193,S4,612278726,2001,44543,0,433,2928                     
2026-10-06T20:28:34.038	TEL,194,S4,612288726,2001,44543,0,433,2928                     
2026-10-06T20:28:34.038	TEL,195,S4,612298726,2001,44543,0,433,2928                     
2026-10-06T20:28:34.038	TEL,196,S4,612308726,2001,44543,0,433,2928                     
2026-10-06T20:28:34.038	TEL,197,S4,612318726,2001,44543,0,430,2927                     
2026-10-06T20:28:34.038	TEL,198,S4,612328726,2001,44543,0,430,2927                     
2026-10-06T20:28:34.038	TEL,199,S4,612338726,2001,44543,0,433,2928                     
2026-10-06T20:28:34.038	TEL,200,S4,612348726,2001,44543,0,436,2928                     
2026-10-06T20:28:34.038	TEL,201,S4,612358726,2001,44543,0,436,2928                     
2026-10-06T20:28:34.038	TEL,202,S4,612368726,2001,44543,0,436,2928                     
2026-10-06T20:28:34.038	TEL,203,S4,612378726,2001,44543,0,436,2928                     
2026-10-06T20:28:34.038	TEL,204,S4,612388726,2001,44543,0,436,2928                     
2026-10-06T20:28:34.038	TEL,205,S4,612398726,2001,44543,0,436,2928                     
2026-10-06T20:28:34.038	TEL,206,S4,612408726,2001,44543,0,433,2928                     
2026-10-06T20:28:34.038	TEL,207,S4,612418726,2001,44543,0,433,2928                     
2026-10-06T20:28:34.038	TEL,208,S4,612428726,2001,44543,0,433,2928                     
2026-10-06T20:28:34.038	TEL,209,S4,612438726,2001,44543,0,430,2927                     
2026-10-06T20:28:34.038	TEL,210,S4,612448726,2001,44543,0,430,2927                     
2026-10-06T20:28:34.038	TEL,211,S4,612458726,2001,44543,0,433,2928                     
2026-10-06T20:28:34.038	TEL,212,S4,612468726,2001,44543,0,433,2928                     
2026-10-06T20:28:34.038	TEL,213,S4,612478726,2001,44543,0,430,2927                     
2026-10-06T20:28:34.038	TEL,214,S4,612488726,2001,44543,0,430,2927                     
2026-10-06T20:28:34.038	TEL,215,S4,612498726,2001,44543,0,430,2927                     
2026-10-06T20:28:34.038	TEL,216,S4,612508726,2001,44543,0,430,2927                     
2026-10-06T20:28:34.038	TEL,217,S4,612518726,2001,44543,0,433,2928                     
2026-10-06T20:28:34.038	TEL,218,S4,612528726,2001,44543,0,433,2928                     
2026-10-06T20:28:34.038	TEL,219,S4,612538726,2001,44543,0,433,2930                     
2026-10-06T20:28:34.038	TEL,220,S4,612548726,2001,44543,0,433,2930                     
2026-10-06T20:28:34.038	TEL,221,S4,612558726,2001,44543,0,430,2927                     
2026-10-06T20:28:34.038	TEL,222,S4,612568726,2001,44543,0,428,2927                     
2026-10-06T20:28:34.038	TEL,223,S4,612578726,2001,44543,0,430,2928                     
2026-10-06T20:28:34.038	TEL,224,S4,612588726,2001,44543,0,433,2928                     
2026-10-06T20:28:34.038	TEL,225,S4,612598726,2001,44543,0,433,2928                     
2026-10-06T20:28:34.038	TEL,226,S4,612608726,2001,44543,0,433,2928                     
2026-10-06T20:28:34.038	TEL,227,S4,612618726,2001,44543,0,433,2928                     
2026-10-06T20:28:34.038	TEL,228,S4,612628726,2001,44543,0,430,2928                     
2026-10-06T20:28:34.038	TEL,229,S4,612638726,2001,44543,0,428,2925                     
2026-10-06T20:28:34.038	TEL,230,S4,612648726,2001,44543,0,428,2925                     
2026-10-06T20:28:34.038	TEL,231,S4,612658726,2001,44543,0,430,2927                     
2026-10-06T20:28:34.038	TEL,232,S4,612668726,2001,44543,0,433,2927                     
2026-10-06T20:28:34.038	TEL,233,S4,612678726,2001,44543,0,436,2928                     
2026-10-06T20:28:34.038	TEL,234,S4,612688726,2001,44543,0,436,2928                     
2026-10-06T20:28:34.038	TEL,235,S4,612698726,2001,44543,0,436,2928                     
2026-10-06T20:28:34.038	TEL,236,S4,612708726,2001,44543,0,433,2928                     
2026-10-06T20:28:34.038	TEL,237,S4,612718726,2001,44543,0,433,2928                     
2026-10-06T20:28:34.038	TEL,238,S4,612728726,2001,44543,0,433,2928                     
2026-10-06T20:28:34.038	TEL,239,S4,612738726,2001,44543,0,433,2928                     
2026-10-06T20:28:34.038	TEL,240,S4,612748726,2001,44543,0,436,2928                     
2026-10-06T20:28:34.038	TEL,241,S4,612758726,2001,44543,0,436,2928                     
2026-10-06T20:28:34.038	TEL,242,S4,612768726,2001,44543,0,436,2928                     
2026-10-06T20:28:34.038	TEL,243,S4,612778726,2001,44543,0,433,2927                     
2026-10-06T20:28:34.038	TEL,244,S4,612788726,2001,44543,0,428,2927                     
2026-10-06T20:28:34.038	TEL,245,S4,612798726,2001,44543,0,428,2927                     
2026-10-06T20:28:34.038	TEL,246,S4,612808726,2001,44543,0,430,2927                     
2026-10-06T20:28:34.038	TEL,247,S4,612818726,2001,44543,0,433,2928                     
2026-10-06T20:28:34.657	TEL,248,S4,612828726,2001,44543,0,436,2928                     
2026-10-06T20:28:34.657	TEL,249,S4,612838726,2001,44543,0,433,2927                     
2026-10-06T20:28:34.657	TEL,250,S4,612848726,2001,44543,0,430,2927                     
2026-10-06T20:28:34.657	TEL,251,S4,612858726,2001,44543,0,433,2928                     
2026-10-06T20:28:34.657	TEL,252,S4,612868726,2001,44543,0,433,2928                     
2026-10-06T20:28:34.657	TEL,253,S4,612878726,2001,44543,0,433,2928                     
2026-10-06T20:28:34.657	TEL,254,S4,612888726,2001,44543,0,433,2928                     
2026-10-06T20:28:34.657	TEL,255,S4,612898726,2001,44543,0,430,2927                     
2026-10-06T20:28:34.657	TEL,256,S4,612908726,2001,44543,0,436,2927                     
2026-10-06T20:28:34.657	TEL,257,S4,612918726,2001,44543,0,436,2927                     
2026-10-06T20:28:34.657	TEL,258,S4,612928726,2001,44543,0,430,2927                     
2026-10-06T20:28:34.657	TEL,259,S4,612938726,2001,44543,0,430,2927                     
2026-10-06T20:28:34.657	TEL,260,S4,612948726,2001,44543,0,430,2927                     
2026-10-06T20:28:34.657	TEL,261,S4,612958726,2001,44543,0,433,2928                     
2026-10-06T20:28:34.657	TEL,262,S4,612968726,2001,44543,0,433,2928                     
2026-10-06T20:28:34.657	TEL,263,S4,612978726,2001,44543,0,430,2927                     
2026-10-06T20:28:34.657	TEL,264,S4,612988726,2001,44543,0,433,2927                     
2026-10-06T20:28:34.657	TEL,265,S4,612998726,2001,44543,0,433,2927                     
2026-10-06T20:28:34.657	TEL,266,S4,613008726,2001,44543,0,433,2927                     
2026-10-06T20:28:34.657	TEL,267,S4,613018726,2001,44543,0,436,2928                     
2026-10-06T20:28:34.657	TEL,268,S4,613028726,2001,44543,0,433,2928                     
2026-10-06T20:28:34.657	TEL,269,S4,613038726,2001,44543,0,430,2927                     
2026-10-06T20:28:34.657	TEL,270,S4,613048726,2001,44543,0,425,2927                     
2026-10-06T20:28:34.657	TEL,271,S4,613058726,2001,44543,0,428,2928                     
2026-10-06T20:28:34.657	TEL,272,S4,613068726,2001,44543,0,433,2928                     
2026-10-06T20:28:34.657	TEL,273,S4,613078726,2001,44543,0,430,2927                     
2026-10-06T20:28:34.657	TEL,274,S4,613088726,2001,44543,0,422,2927                     
2026-10-06T20:28:34.657	TEL,275,S4,613098726,2001,44543,0,422,2928                     
2026-10-06T20:28:34.657	TEL,276,S4,613108726,2001,44543,0,433,2928                     
2026-10-06T20:28:34.657	TEL,277,S4,613118726,2001,44543,0,428,2923                     
2026-10-06T20:28:34.657	TEL,278,S4,613128726,2001,44543,0,425,2923                     
2026-10-06T20:28:34.657	TEL,279,S4,613138726,2001,44543,0,430,2928                     
2026-10-06T20:28:34.657	TEL,280,S4,613148726,2001,44543,0,433,2928                     
2026-10-06T20:28:34.657	TEL,281,S4,613158726,2001,44543,0,433,2928                     
2026-10-06T20:28:34.657	TEL,282,S4,613168726,2001,44543,0,430,2928                     
2026-10-06T20:28:34.657	TEL,283,S4,613178726,2001,44543,0,428,2927                     
2026-10-06T20:28:34.657	TEL,284,S4,613188726,2001,44543,0,433,2927                     
2026-10-06T20:28:34.657	TEL,285,S4,613198726,2001,44543,0,433,2927                     
2026-10-06T20:28:34.657	TEL,286,S4,613208726,2001,44543,0,430,2927                     
2026-10-06T20:28:34.657	TEL,287,S4,613218726,2001,44543,0,433,2928                     
2026-10-06T20:28:34.657	TEL,288,S4,613228726,2001,44543,0,413,2928                     
2026-10-06T20:28:34.657	TEL,289,S4,613238726,2001,44543,0,413,2927                     
2026-10-06T20:28:34.657	TEL,290,S4,613248726,2001,44543,0,433,2927                     
2026-10-06T20:28:34.657	TEL,291,S4,613258726,2001,44543,0,436,2930                     
2026-10-06T20:28:34.657	TEL,292,S4,613268726,2001,44543,0,433,2930                     
2026-10-06T20:28:34.657	TEL,293,S4,613278726,2001,44543,0,430,2927                     
2026-10-06T20:28:34.657	TEL,294,S4,613288726,2001,44543,0,430,2927                     
2026-10-06T20:28:34.657	TEL,295,S4,613298726,2001,44543,0,433,2928                     
2026-10-06T20:28:34.657	TEL,296,S4,613308726,2001,44543,0,433,2928                     
2026-10-06T20:28:34.657	TEL,297,S4,613318726,2001,44543,0,433,2928                     
2026-10-06T20:28:34.657	TEL,298,S4,613328726,2001,44543,0,433,2928                     
2026-10-06T20:28:34.657	TEL,299,S4,613338726,2001,44543,0,433,2928                     
2026-10-06T20:28:34.657	TEL,300,S4,613348726,2001,44543,0,433,2928                     
2026-10-06T20:28:34.657	TEL,301,S4,613358726,2001,44543,0,430,2927                     
2026-10-06T20:28:34.657	TEL,302,S4,613368726,2001,44543,0,430,2927                     
2026-10-06T20:28:34.657	TEL,303,S4,613378726,2001,44543,0,439,2935                     
2026-10-06T20:28:34.657	TEL,304,S4,613388726,2001,44543,0,439,2935                     
2026-10-06T20:28:34.657	TEL,305,S4,613398726,2001,44543,0,433,2928                     
2026-10-06T20:28:34.657	TEL,306,S4,613408726,2001,44543,0,425,2928                     
2026-10-06T20:28:34.657	TEL,307,S4,613418726,2001,44543,0,422,2927                     
2026-10-06T20:28:34.657	TEL,308,S4,613428726,2001,44543,0,433,2927                     
2026-10-06T20:28:34.657	TEL,309,S4,613438726,2001,44543,0,433,2927                     
2026-10-06T20:28:35.276	TEL,310,S4,613448726,2001,44543,0,430,2927                     
2026-10-06T20:28:35.276	TEL,311,S4,613458726,2001,44543,0,433,2930                     
2026-10-06T20:28:35.276	TEL,312,S4,613468726,2001,44543,0,433,2930                     
2026-10-06T20:28:35.276	TEL,313,S4,613478726,2001,44543,0,430,2927                     
2026-10-06T20:28:35.276	TEL,314,S4,613488726,2001,44543,0,430,2927                     
2026-10-06T20:28:35.276	TEL,315,S4,613498726,2001,44543,0,433,2930                     
2026-10-06T20:28:35.276	TEL,316,S4,613508726,2001,44543,0,433,2930                     
2026-10-06T20:28:35.276	TEL,317,S4,613518726,2001,44543,0,433,2928                     
2026-10-06T20:28:35.276	TEL,318,S4,613528726,2001,44543,0,433,2928                     
2026-10-06T20:28:35.276	TEL,319,S4,613538726,2001,44543,0,433,2928                     
2026-10-06T20:28:35.276	TEL,320,S4,613548726,2001,44543,0,433,2928                     
2026-10-06T20:28:35.276	TEL,321,S4,613558726,2001,44543,0,433,2928                     
2026-10-06T20:28:35.276	TEL,322,S4,613568726,2001,44543,0,433,2928                     
2026-10-06T20:28:35.276	TEL,323,S4,613578726,2001,44543,0,433,2928                     
2026-10-06T20:28:35.276	TEL,324,S4,613588726,2001,44543,0,433,2928                     
2026-10-06T20:28:35.276	TEL,325,S4,613598726,2001,44543,0,433,2928                     
2026-10-06T20:28:35.276	TEL,326,S4,613608726,2001,44543,0,433,2928                     
2026-10-06T20:28:35.276	TEL,327,S4,613618726,2001,44543,0,436,2933                     
2026-10-06T20:28:35.276	TEL,328,S4,613628726,2001,44543,0,436,2933                     
2026-10-06T20:28:35.276	TEL,329,S4,613638726,2001,44543,0,436,2933                     
2026-10-06T20:28:35.276	TEL,330,S4,613648726,2001,44543,0,436,2933                     
2026-10-06T20:28:35.276	TEL,331,S4,613658726,2001,44543,0,428,2925                     
2026-10-06T20:28:35.276	TEL,332,S4,613668726,2001,44543,0,422,2925                     
2026-10-06T20:28:35.276	TEL,333,S4,613678726,2001,44543,0,422,2927                     
2026-10-06T20:28:35.276	TEL,334,S4,613688726,2001,44543,0,428,2927                     
2026-10-06T20:28:35.276	TEL,335,S4,613698726,2001,44543,0,430,2928                     
2026-10-06T20:28:35.276	TEL,336,S4,613708726,2001,44543,0,433,2928                     
2026-10-06T20:28:35.276	TEL,337,S4,613718726,2001,44543,0,433,2930                     
2026-10-06T20:28:35.276	TEL,338,S4,613728726,2001,44543,0,433,2930                     
2026-10-06T20:28:35.276	TEL,339,S4,613738726,2001,44543,0,433,2930                     
2026-10-06T20:28:35.276	TEL,340,S4,613748726,2001,44543,0,433,2930                     
2026-10-06T20:28:35.276	TEL,341,S4,613758726,2001,44543,0,433,2930                     
2026-10-06T20:28:35.276	TEL,342,S4,613768726,2001,44543,0,433,2930                     
2026-10-06T20:28:35.276	TEL,343,S4,613778726,2001,44543,0,430,2927                     
2026-10-06T20:28:35.276	TEL,344,S4,613788726,2001,44543,0,433,2927                     
2026-10-06T20:28:35.276	TEL,345,S4,613798726,2001,44543,0,436,2928                     
2026-10-06T20:28:35.276	TEL,346,S4,613808726,2001,44543,0,422,2928                     
2026-10-06T20:28:35.276	TEL,347,S4,613818726,2001,44543,0,422,2928                     
2026-10-06T20:28:35.276	TEL,348,S4,613828726,2001,44543,0,433,2928                     
2026-10-06T20:28:35.276	TEL,349,S4,613838726,2001,44543,0,433,2928                     
2026-10-06T20:28:35.276	TEL,350,S4,613848726,2001,44543,0,433,2928                     
2026-10-06T20:28:35.276	TEL,351,S4,613858726,2001,44543,0,433,2928                     
2026-10-06T20:28:35.276	TEL,352,S4,613868726,2001,44543,0,433,2928                     
2026-10-06T20:28:35.276	TEL,353,S4,613878726,2001,44543,0,436,2933                     
2026-10-06T20:28:35.276	TEL,354,S4,613888726,2001,44543,0,430,2933                     
2026-10-06T20:28:35.276	TEL,355,S4,613898726,2001,44543,0,425,2928                     
2026-10-06T20:28:35.276	TEL,356,S4,613908726,2001,44543,0,413,2928                     
2026-10-06T20:28:35.276	TEL,357,S4,613918726,2001,44543,0,407,2921                     
2026-10-06T20:28:35.276	TEL,358,S4,613928726,2001,44543,0,425,2921                     
2026-10-06T20:28:35.276	TEL,359,S4,613938726,2001,44543,0,430,2927                     
2026-10-06T20:28:35.276	TEL,360,S4,613948726,2001,44543,0,430,2927                     
2026-10-06T20:28:35.276	TEL,361,S4,613958726,2001,44543,0,433,2928                     
2026-10-06T20:28:35.276	TEL,362,S4,613968726,2001,44543,0,433,2928                     
2026-10-06T20:28:35.276	TEL,363,S4,613978726,2001,44543,0,433,2930                     
2026-10-06T20:28:35.276	TEL,364,S4,613988726,2001,44543,0,425,2930                     
2026-10-06T20:28:35.276	TEL,365,S4,613998726,2001,44543,0,422,2927                     
2026-10-06T20:28:35.276	TEL,366,S4,614008726,2001,44543,0,430,2927                     
2026-10-06T20:28:35.276	TEL,367,S4,614018726,2001,44543,0,430,2927                     
2026-10-06T20:28:35.276	TEL,368,S4,614028726,2001,44543,0,430,2927                     
2026-10-06T20:28:35.276	TEL,369,S4,614038726,2001,44543,0,433,2928                     
2026-10-06T20:28:35.276	TEL,370,S4,614048726,2001,44543,0,436,2928                     
2026-10-06T20:28:35.276	TEL,371,S4,614058726,2001,44543,0,436,2928                     
2026-10-06T20:28:35.896	TEL,372,S4,614068726,2001,44543,0,433,2928                     
2026-10-06T20:28:35.896	TEL,373,S4,614078726,2001,44543,0,430,2927                     
2026-10-06T20:28:35.896	TEL,374,S4,614088726,2001,44543,0,430,2927                     
2026-10-06T20:28:35.896	TEL,375,S4,614098726,2001,44543,0,428,2925                     
2026-10-06T20:28:35.896	TEL,376,S4,614108726,2001,44543,0,428,2925                     
2026-10-06T20:28:35.896	TEL,377,S4,614118726,2001,44543,0,433,2928                     
2026-10-06T20:28:35.896	TEL,378,S4,614128726,2001,44543,0,433,2928                     
2026-10-06T20:28:35.896	TEL,379,S4,614138726,2001,44543,0,433,2928                     
2026-10-06T20:28:35.896	TEL,380,S4,614148726,2001,44543,0,436,2928                     
2026-10-06T20:28:35.896	TEL,381,S4,614158726,2001,44543,0,436,2927                     
2026-10-06T20:28:35.896	TEL,382,S4,614168726,2001,44543,0,433,2927                     
2026-10-06T20:28:35.896	TEL,383,S4,614178726,2001,44543,0,436,2928                     
2026-10-06T20:28:35.896	TEL,384,S4,614188726,2001,44543,0,433,2928                     
2026-10-06T20:28:35.896	TEL,385,S4,614198726,2001,44543,0,430,2927                     
2026-10-06T20:28:35.896	TEL,386,S4,614208726,2001,44543,0,433,2927                     
2026-10-06T20:28:35.896	TEL,387,S4,614218726,2001,44543,0,436,2928                     
2026-10-06T20:28:35.896	TEL,388,S4,614228726,2001,44543,0,436,2928                     
2026-10-06T20:28:35.896	TEL,389,S4,614238726,2001,44543,0,436,2928                     
2026-10-06T20:28:35.896	TEL,390,S4,614248726,2001,44543,0,436,2928                     
2026-10-06T20:28:35.896	TEL,391,S4,614258726,2001,44543,0,433,2927                     
2026-10-06T20:28:35.896	TEL,392,S4,614268726,2001,44543,0,430,2927                     
2026-10-06T20:28:35.896	TEL,393,S4,614278726,2001,44543,0,430,2927                     
2026-10-06T20:28:35.896	TEL,394,S4,614288726,2001,44543,0,430,2927                     
2026-10-06T20:28:35.896	TEL,395,S4,614298726,2001,44543,0,430,2927                     
2026-10-06T20:28:35.896	TEL,396,S4,614308726,2001,44543,0,430,2927                     
2026-10-06T20:28:35.896	TEL,397,S4,614318726,2001,44543,0,430,2927                     
2026-10-06T20:28:35.896	TEL,398,S4,614328726,2001,44543,0,430,2927                     
2026-10-06T20:28:35.896	TEL,399,S4,614338726,2001,44543,0,430,2927                     
2026-10-06T20:28:35.896	TEL,400,S4,614348726,2001,44543,0,430,2927                     
2026-10-06T20:28:35.896	TEL,401,S4,614358726,2001,44543,0,428,2925                     
2026-10-06T20:28:35.896	TEL,402,S4,614368726,2001,44543,0,428,2925                     
2026-10-06T20:28:35.896	TEL,403,S4,614378726,2001,44543,0,428,2925                     
2026-10-06T20:28:35.896	TEL,404,S4,614388726,2001,44543,0,428,2925                     
2026-10-06T20:28:35.896	TEL,405,S4,614398726,2001,44543,0,430,2927                     
2026-10-06T20:28:35.896	TEL,406,S4,614408726,2001,44543,0,433,2927                     
2026-10-06T20:28:35.896	TEL,407,S4,614418726,2001,44543,0,433,2927                     
2026-10-06T20:28:35.896	TEL,408,S4,614428726,2001,44543,0,428,2927                     
2026-10-06T20:28:35.896	TEL,409,S4,614438726,2001,44543,0,430,2928                     
2026-10-06T20:28:35.896	TEL,410,S4,614448726,2001,44543,0,433,2928                     
2026-10-06T20:28:35.896	TEL,411,S4,614458726,2001,44543,0,433,2928                     
2026-10-06T20:28:35.896	TEL,412,S4,614468726,2001,44543,0,436,2928                     
2026-10-06T20:28:35.896	TEL,413,S4,614478726,2001,44543,0,436,2928                     
2026-10-06T20:28:35.896	TEL,414,S4,614488726,2001,44543,0,433,2928                     
2026-10-06T20:28:35.896	TEL,415,S4,614498726,2001,44543,0,433,2928                     
2026-10-06T20:28:35.896	TEL,416,S4,614508726,2001,44543,0,433,2928                     
2026-10-06T20:28:35.896	TEL,417,S4,614518726,2001,44543,0,430,2927                     
2026-10-06T20:28:35.896	TEL,418,S4,614528726,2001,44543,0,430,2927                     
2026-10-06T20:28:35.896	TEL,419,S4,614538726,2001,44543,0,430,2927                     
2026-10-06T20:28:35.896	TEL,420,S4,614548726,2001,44543,0,428,2927                     
2026-10-06T20:28:35.896	TEL,421,S4,614558726,2001,44543,0,428,2927                     
2026-10-06T20:28:35.896	TEL,422,S4,614568726,2001,44543,0,430,2927                     
2026-10-06T20:28:35.896	TEL,423,S4,614578726,2001,44543,0,433,2928                     
2026-10-06T20:28:35.896	TEL,424,S4,614588726,2001,44543,0,436,2928                     
2026-10-06T20:28:35.896	TEL,425,S4,614598726,2001,44543,0,436,2930                     
2026-10-06T20:28:35.896	TEL,426,S4,614608726,2001,44543,0,430,2930                     
2026-10-06T20:28:35.896	TEL,427,S4,614618726,2001,44543,0,430,2928                     
2026-10-06T20:28:35.896	TEL,428,S4,614628726,2001,44543,0,433,2928                     
2026-10-06T20:28:35.896	TEL,429,S4,614638726,2001,44543,0,430,2927                     
2026-10-06T20:28:35.896	TEL,430,S4,614648726,2001,44543,0,430,2927                     
2026-10-06T20:28:35.896	TEL,431,S4,614658726,2001,44543,0,428,2925                     
2026-10-06T20:28:35.896	TEL,432,S4,614668726,2001,44543,0,430,2925                     
2026-10-06T20:28:35.896	TEL,433,S4,614678726,2001,44543,0,436,2928                     
2026-10-06T20:28:36.518	TEL,434,S4,614688726,2001,44543,0,433,2928                     
2026-10-06T20:28:36.518	TEL,435,S4,614698726,2001,44543,0,428,2925                     
2026-10-06T20:28:36.518	TEL,436,S4,614708726,2001,44543,0,428,2925                     
2026-10-06T20:28:36.518	TEL,437,S4,614718726,2001,44543,0,430,2927                     
2026-10-06T20:28:36.518	TEL,438,S4,614728726,2001,44543,0,428,2927                     
2026-10-06T20:28:36.518	TEL,439,S4,614738726,2001,44543,0,428,2925                     
2026-10-06T20:28:36.518	TEL,440,S4,614748726,2001,44543,0,428,2925                     
2026-10-06T20:28:36.518	TEL,441,S4,614758726,2001,44543,0,430,2928                     
2026-10-06T20:28:36.518	TEL,442,S4,614768726,2001,44543,0,433,2928                     
2026-10-06T20:28:36.518	TEL,443,S4,614778726,2001,44543,0,433,2930                     
2026-10-06T20:28:36.518	TEL,444,S4,614788726,2001,44543,0,433,2930                     
2026-10-06T20:28:36.518	TEL,445,S4,614798726,2001,44543,0,425,2921                     
2026-10-06T20:28:36.518	TEL,446,S4,614808726,2001,44543,0,425,2921                     
2026-10-06T20:28:36.518	TEL,447,S4,614818726,2001,44543,0,433,2928                     
2026-10-06T20:28:36.518	TEL,448,S4,614828726,2001,44543,0,433,2928                     
2026-10-06T20:28:36.518	TEL,449,S4,614838726,2001,44543,0,430,2927                     
2026-10-06T20:28:36.518	TEL,450,S4,614848726,2001,44543,0,430,2927                     
2026-10-06T20:28:36.518	TEL,451,S4,614858726,2001,44543,0,433,2928                     
2026-10-06T20:28:36.518	TEL,452,S4,614868726,2001,44543,0,433,2928                     
2026-10-06T20:28:36.518	TEL,453,S4,614878726,2001,44543,0,433,2930                     
2026-10-06T20:28:36.518	TEL,454,S4,614888726,2001,44543,0,433,2930                     
2026-10-06T20:28:36.518	TEL,455,S4,614898726,2001,44543,0,433,2928                     
2026-10-06T20:28:36.518	TEL,456,S4,614908726,2001,44543,0,433,2928                     
2026-10-06T20:28:36.518	TEL,457,S4,614918726,2001,44543,0,436,2933                     
2026-10-06T20:28:36.518	TEL,458,S4,614928726,2001,44543,0,436,2933                     
2026-10-06T20:28:36.518	TEL,459,S4,614938726,2001,44543,0,433,2930                     
2026-10-06T20:28:36.518	TEL,460,S4,614948726,2001,44543,0,433,2930                     
2026-10-06T20:28:36.518	TEL,461,S4,614958726,2001,44543,0,433,2928                     
2026-10-06T20:28:36.518	TEL,462,S4,614968726,2001,44543,0,428,2928                     
2026-10-06T20:28:36.518	TEL,463,S4,614978726,2001,44543,0,425,2927                     
2026-10-06T20:28:36.518	TEL,464,S4,614988726,2001,44543,0,436,2927                     
2026-10-06T20:28:36.518	TEL,465,S4,614998726,2001,44543,0,436,2928                     
2026-10-06T20:28:36.518	TEL,466,S4,615008726,2001,44543,0,433,2928                     
2026-10-06T20:28:36.518	TEL,467,S4,615018726,2001,44543,0,433,2928                     
2026-10-06T20:28:36.518	TEL,468,S4,615028726,2001,44543,0,433,2928                     
2026-10-06T20:28:36.518	TEL,469,S4,615038726,2001,44543,0,430,2927                     
2026-10-06T20:28:36.518	TEL,470,S4,615048726,2001,44543,0,430,2927                     
2026-10-06T20:28:36.518	TEL,471,S4,615058726,2001,44543,0,433,2928                     
2026-10-06T20:28:36.518	TEL,472,S4,615068726,2001,44543,0,433,2928                     
2026-10-06T20:28:36.518	TEL,473,S4,615078726,2001,44543,0,433,2928                     
2026-10-06T20:28:36.518	TEL,474,S4,615088726,2001,44543,0,425,2928                     
2026-10-06T20:28:36.518	TEL,475,S4,615098726,2001,44543,0,422,2927                     
2026-10-06T20:28:36.518	TEL,476,S4,615108726,2001,44543,0,430,2927                     
2026-10-06T20:28:36.518	TEL,477,S4,615118726,2001,44543,0,430,2927                     
2026-10-06T20:28:36.518	TEL,478,S4,615128726,2001,44543,0,430,2927                     
2026-10-06T20:28:36.518	TEL,479,S4,615138726,2001,44543,0,430,2927                     
2026-10-06T20:28:36.518	TEL,480,S4,615148726,2001,44543,0,430,2927                     
2026-10-06T20:28:36.518	TEL,481,S4,615158726,2001,44543,0,428,2925                     
2026-10-06T20:28:36.518	TEL,482,S4,615168726,2001,44543,0,428,2925                     
2026-10-06T20:28:36.518	TEL,483,S4,615178726,2001,44543,0,428,2927                     
2026-10-06T20:28:36.518	TEL,484,S4,615188726,2001,44543,0,430,2927                     
2026-10-06T20:28:36.518	TEL,485,S4,615198726,2001,44543,0,433,2928                     
2026-10-06T20:28:36.518	TEL,486,S4,615208726,2001,44543,0,436,2928                     
2026-10-06T20:28:36.518	TEL,487,S4,615218726,2001,44543,0,436,2928                     
2026-10-06T20:28:36.518	TEL,488,S4,615228726,2001,44543,0,433,2928                     
2026-10-06T20:28:36.518	TEL,489,S4,615238726,2001,44543,0,433,2928                     
2026-10-06T20:28:36.518	TEL,490,S4,615248726,2001,44543,0,422,2928                     
2026-10-06T20:28:36.518	TEL,491,S4,615258726,2001,44543,0,422,2927                     
2026-10-06T20:28:36.518	TEL,492,S4,615268726,2001,44543,0,422,2927                     
2026-10-06T20:28:36.518	TEL,493,S4,615278726,2001,44543,0,422,2928                     
2026-10-06T20:28:36.518	TEL,494,S4,615288726,2001,44543,0,436,2928                     
2026-10-06T20:28:36.518	TEL,495,S4,615298726,2001,44543,0,436,2928                     
2026-10-06T20:28:37.128	TEL,496,S4,615308726,2001,44543,0,433,2928                     
2026-10-06T20:28:37.128	TEL,497,S4,615318726,2001,44543,0,433,2928                     
2026-10-06T20:28:37.128	TEL,498,S4,615328726,2001,44543,0,436,2928                     
2026-10-06T20:28:37.128	TEL,499,S4,615338726,2001,44543,0,436,2928                     
2026-10-06T20:28:37.128	TEL,500,S4,615348726,2001,44543,0,436,2928                     
2026-10-06T20:28:37.128	TEL,501,S4,615358726,2001,44543,0,433,2927                     
2026-10-06T20:28:37.128	TEL,502,S4,615368726,2001,44543,0,430,2927                     
2026-10-06T20:28:37.128	TEL,503,S4,615378726,2001,44543,0,428,2923                     
2026-10-06T20:28:37.128	TEL,504,S4,615388726,2001,44543,0,428,2923                     
2026-10-06T20:28:37.128	TEL,505,S4,615398726,2001,44543,0,433,2928                     
2026-10-06T20:28:37.128	TEL,506,S4,615408726,2001,44543,0,433,2928                     
2026-10-06T20:28:37.128	TEL,507,S4,615418726,2001,44543,0,436,2932                     
2026-10-06T20:28:37.128	TEL,508,S4,615428726,2001,44543,0,436,2932                     
2026-10-06T20:28:37.128	TEL,509,S4,615438726,2001,44543,0,433,2928                     
2026-10-06T20:28:37.128	TEL,510,S4,615448726,2001,44543,0,428,2928                     
2026-10-06T20:28:37.128	TEL,511,S4,615458726,2001,44543,0,433,2933                     
2026-10-06T20:28:37.128	TEL,512,S4,615468726,2001,44543,0,436,2933                     
2026-10-06T20:28:37.128	TEL,513,S4,615478726,2001,44543,0,433,2928                     
2026-10-06T20:28:37.128	TEL,514,S4,615488726,2001,44543,0,433,2928                     
2026-10-06T20:28:37.128	TEL,515,S4,615498726,2001,44543,0,428,2925                     
2026-10-06T20:28:37.128	TEL,516,S4,615508726,2001,44543,0,422,2925                     
2026-10-06T20:28:37.128	TEL,517,S4,615518726,2001,44543,0,425,2928                     
2026-10-06T20:28:37.128	TEL,518,S4,615528726,2001,44543,0,433,2928                     
2026-10-06T20:28:37.128	TEL,519,S4,615538726,2001,44543,0,433,2928                     
2026-10-06T20:28:37.128	TEL,520,S4,615548726,2001,44543,0,433,2928                     
2026-10-06T20:28:37.128	TEL,521,S4,615558726,2001,44543,0,428,2925                     
2026-10-06T20:28:37.128	TEL,522,S4,615568726,2001,44543,0,428,2925                     
2026-10-06T20:28:37.128	TEL,523,S4,615578726,2001,44543,0,428,2925                     
2026-10-06T20:28:37.128	TEL,524,S4,615588726,2001,44543,0,428,2925                     
2026-10-06T20:28:37.128	TEL,525,S4,615598726,2001,44543,0,428,2927                     
2026-10-06T20:28:37.128	TEL,526,S4,615608726,2001,44543,0,430,2927                     
2026-10-06T20:28:37.128	TEL,527,S4,615618726,2001,44543,0,433,2928                     
2026-10-06T20:28:37.128	TEL,528,S4,615628726,2001,44543,0,433,2928                     
2026-10-06T20:28:37.128	TEL,529,S4,615638726,2001,44543,0,436,2933                     
2026-10-06T20:28:37.128	TEL,530,S4,615648726,2001,44543,0,436,2933                     
2026-10-06T20:28:37.128	TEL,531,S4,615658726,2001,44543,0,428,2925                     
2026-10-06T20:28:37.128	TEL,532,S4,615668726,2001,44543,0,428,2925                     
2026-10-06T20:28:37.128	TEL,533,S4,615678726,2001,44543,0,433,2928                     
2026-10-06T20:28:37.128	TEL,534,S4,615688726,2001,44543,0,436,2928                     
2026-10-06T20:28:37.128	BTN,1,S4,PRESSED,615688892,615688899                           
2026-10-06T20:28:37.128	TEL,535,S4,615698728,2003,44543,0,436,2928                     
2026-10-06T20:28:37.128	TEL,536,S4,615708726,2001,44543,0,422,2928                     
2026-10-06T20:28:37.128	TEL,537,S4,615718726,2001,44543,0,422,2927                     
2026-10-06T20:28:37.128	TEL,538,S4,615728726,2001,44543,0,433,2927                     
2026-10-06T20:28:37.128	TEL,539,S4,615738726,2001,44543,0,433,2927                     
2026-10-06T20:28:37.128	TEL,540,S4,615748726,2001,44543,0,433,2927                     
2026-10-06T20:28:37.128	TEL,541,S4,615758726,2001,44543,0,436,2928                     
2026-10-06T20:28:37.128	TEL,542,S4,615768726,2001,44543,0,436,2928                     
2026-10-06T20:28:37.128	TEL,543,S4,615778726,2001,44543,0,430,2925                     
2026-10-06T20:28:37.128	TEL,544,S4,615788726,2001,44543,0,419,2925                     
2026-10-06T20:28:37.128	TEL,545,S4,615798726,2001,44543,0,422,2928                     
2026-10-06T20:28:37.129	TEL,546,S4,615808726,2001,44543,0,433,2928                     
2026-10-06T20:28:37.129	TEL,547,S4,615818726,2001,44543,0,430,2927                     
2026-10-06T20:28:37.129	TEL,548,S4,615828726,2001,44543,0,433,2927                     
2026-10-06T20:28:37.129	TEL,549,S4,615838726,2001,44543,0,436,2928                     
2026-10-06T20:28:37.129	TEL,550,S4,615848726,2001,44543,0,433,2928                     
2026-10-06T20:28:37.129	TEL,551,S4,615858726,2001,44543,0,430,2927                     
2026-10-06T20:28:37.129	TEL,552,S4,615868726,2001,44543,0,430,2927                     
2026-10-06T20:28:37.129	TEL,553,S4,615878726,2001,44543,0,430,2927                     
2026-10-06T20:28:37.129	TEL,554,S4,615888726,2001,44543,0,430,2927                     
2026-10-06T20:28:37.129	TEL,555,S4,615898726,2001,44543,0,433,2928                     
2026-10-06T20:28:37.129	TEL,556,S4,615908726,2001,44543,0,433,2928                     
2026-10-06T20:28:37.738	TEL,557,S4,615918726,2001,44543,0,433,2928                     
2026-10-06T20:28:37.738	TEL,558,S4,615928726,2001,44543,0,433,2928                     
2026-10-06T20:28:37.738	TEL,559,S4,615938726,2001,44543,0,430,2927                     
2026-10-06T20:28:37.738	TEL,560,S4,615948726,2001,44543,0,433,2927                     
2026-10-06T20:28:37.738	TEL,561,S4,615958726,2001,44543,0,436,2928                     
2026-10-06T20:28:37.738	TEL,562,S4,615968726,2001,44543,0,433,2928                     
2026-10-06T20:28:37.738	TEL,563,S4,615978726,2001,44543,0,433,2928                     
2026-10-06T20:28:37.738	TEL,564,S4,615988726,2001,44543,0,433,2928                     
2026-10-06T20:28:37.738	TEL,565,S4,615998726,2001,44543,0,433,2928                     
2026-10-06T20:28:37.738	TEL,566,S4,616008726,2001,44543,0,425,2928                     
2026-10-06T20:28:37.738	TEL,567,S4,616018726,2001,44543,0,422,2927                     
2026-10-06T20:28:37.738	TEL,568,S4,616028726,2001,44543,0,430,2927                     
2026-10-06T20:28:37.738	TEL,569,S4,616038726,2001,44543,0,433,2928                     
2026-10-06T20:28:37.738	TEL,570,S4,616048726,2001,44543,0,433,2928                     
2026-10-06T20:28:37.738	TEL,571,S4,616058726,2001,44543,0,430,2927                     
2026-10-06T20:28:37.738	TEL,572,S4,616068726,2001,44543,0,433,2927                     
2026-10-06T20:28:37.738	TEL,573,S4,616078726,2001,44543,0,436,2928                     
2026-10-06T20:28:37.738	TEL,574,S4,616088726,2001,44543,0,433,2928                     
2026-10-06T20:28:37.738	TEL,575,S4,616098726,2001,44543,0,430,2927                     
2026-10-06T20:28:37.738	TEL,576,S4,616108726,2001,44543,0,430,2927                     
2026-10-06T20:28:37.738	TEL,577,S4,616118726,2001,44543,0,433,2928                     
2026-10-06T20:28:37.738	TEL,578,S4,616128726,2001,44543,0,428,2928                     
2026-10-06T20:28:37.738	TEL,579,S4,616138726,2001,44543,0,428,2928                     
2026-10-06T20:28:37.738	TEL,580,S4,616148726,2001,44543,0,428,2928                     
2026-10-06T20:28:37.738	TEL,581,S4,616158726,2001,44543,0,428,2928                     
2026-10-06T20:28:37.738	TEL,582,S4,616168726,2001,44543,0,436,2928                     
2026-10-06T20:28:37.738	TEL,583,S4,616178726,2001,44543,0,430,2925                     
2026-10-06T20:28:37.738	TEL,584,S4,616188726,2001,44543,0,428,2925                     
2026-10-06T20:28:37.738	TEL,585,S4,616198726,2001,44543,0,433,2928                     
2026-10-06T20:28:37.738	BTN,2,S4,PRESSED,616207897,616208753                           
2026-10-06T20:28:37.738	TEL,586,S4,616208732,2007,44543,0,433,2928                     
2026-10-06T20:28:37.738	TEL,587,S4,616218728,2003,44543,0,436,2932                     
2026-10-06T20:28:37.738	TEL,588,S4,616228726,2001,44543,0,430,2932                     
2026-10-06T20:28:37.738	TEL,589,S4,616238726,2001,44543,0,425,2927                     
2026-10-06T20:28:37.738	TEL,590,S4,616248726,2001,44543,0,428,2927                     
2026-10-06T20:28:37.738	TEL,591,S4,616258726,2001,44543,0,430,2928                     
2026-10-06T20:28:37.738	TEL,592,S4,616268726,2001,44543,0,413,2928                     
2026-10-06T20:28:37.738	TEL,593,S4,616278726,2001,44543,0,413,2927                     
2026-10-06T20:28:37.738	TEL,594,S4,616288726,2001,44543,0,430,2927                     
2026-10-06T20:28:37.738	TEL,595,S4,616298726,2001,44543,0,433,2928                     
2026-10-06T20:28:37.738	TEL,596,S4,616308726,2001,44543,0,428,2928                     
2026-10-06T20:28:37.738	TEL,597,S4,616318726,2001,44543,0,428,2930                     
2026-10-06T20:28:37.738	TEL,598,S4,616328726,2001,44543,0,425,2930                     
2026-10-06T20:28:37.738	TEL,599,S4,616338726,2001,44543,0,422,2927                     
2026-10-06T20:28:37.738	TEL,600,S4,616348726,2001,44543,0,436,2927                     
2026-10-06T20:28:37.738	TEL,601,S4,616358726,2001,44543,0,436,2927                     
2026-10-06T20:28:37.738	TEL,602,S4,616368726,2001,44543,0,430,2927                     
2026-10-06T20:28:37.738	TEL,603,S4,616378726,2001,44543,0,433,2928                     
2026-10-06T20:28:37.738	TEL,604,S4,616388726,2001,44543,0,436,2928                     
2026-10-06T20:28:37.738	TEL,605,S4,616398726,2001,44543,0,436,2928                     
2026-10-06T20:28:37.738	TEL,606,S4,616408726,2001,44543,0,433,2928                     
2026-10-06T20:28:37.738	TEL,607,S4,616418726,2001,44543,0,430,2927                     
2026-10-06T20:28:37.738	TEL,608,S4,616428726,2001,44543,0,430,2927                     
2026-10-06T20:28:37.738	TEL,609,S4,616438726,2001,44543,0,433,2930                     
2026-10-06T20:28:37.739	TEL,610,S4,616448726,2001,44543,0,428,2930                     
2026-10-06T20:28:37.739	TEL,611,S4,616458726,2001,44543,0,428,2928                     
2026-10-06T20:28:37.739	TEL,612,S4,616468726,2001,44543,0,428,2928                     
2026-10-06T20:28:37.739	TEL,613,S4,616478726,2001,44543,0,428,2928                     
2026-10-06T20:28:37.739	TEL,614,S4,616488726,2001,44543,0,433,2928                     
2026-10-06T20:28:37.739	TEL,615,S4,616498726,2001,44543,0,433,2930                     
2026-10-06T20:28:37.739	TEL,616,S4,616508726,2001,44543,0,433,2930                     
2026-10-06T20:28:37.739	TEL,617,S4,616518726,2001,44543,0,433,2928                     
2026-10-06T20:28:38.348	TEL,618,S4,616528726,2001,44543,0,433,2928                     
2026-10-06T20:28:38.348	TEL,619,S4,616538726,2001,44543,0,430,2927                     
2026-10-06T20:28:38.348	TEL,620,S4,616548726,2001,44543,0,433,2927                     
2026-10-06T20:28:38.348	TEL,621,S4,616558726,2001,44543,0,433,2927                     
2026-10-06T20:28:38.348	TEL,622,S4,616568726,2001,44543,0,430,2927                     
2026-10-06T20:28:38.348	TEL,623,S4,616578726,2001,44543,0,433,2928                     
2026-10-06T20:28:38.348	TEL,624,S4,616588726,2001,44543,0,433,2928                     
2026-10-06T20:28:38.348	TEL,625,S4,616598726,2001,44543,0,430,2927                     
2026-10-06T20:28:38.348	TEL,626,S4,616608726,2001,44543,0,430,2927                     
2026-10-06T20:28:38.348	TEL,627,S4,616618726,2001,44543,0,433,2928                     
2026-10-06T20:28:38.348	TEL,628,S4,616628726,2001,44543,0,428,2928                     
2026-10-06T20:28:38.348	TEL,629,S4,616638726,2001,44543,0,425,2927                     
2026-10-06T20:28:38.348	TEL,630,S4,616648726,2001,44543,0,430,2927                     
2026-10-06T20:28:38.348	TEL,631,S4,616658726,2001,44543,0,433,2928                     
2026-10-06T20:28:38.348	TEL,632,S4,616668726,2001,44543,0,430,2928                     
2026-10-06T20:28:38.348	TEL,633,S4,616678726,2001,44543,0,430,2928                     
2026-10-06T20:28:38.348	TEL,634,S4,616688726,2001,44543,0,433,2928                     
2026-10-06T20:28:38.348	TEL,635,S4,616698726,2001,44543,0,433,2928                     
2026-10-06T20:28:38.348	TEL,636,S4,616708726,2001,44543,0,433,2928                     
2026-10-06T20:28:38.348	TEL,637,S4,616718726,2001,44543,0,433,2928                     
2026-10-06T20:28:38.348	TEL,638,S4,616728726,2001,44543,0,433,2928                     
2026-10-06T20:28:38.348	TEL,639,S4,616738726,2001,44543,0,433,2928                     
2026-10-06T20:28:38.348	TEL,640,S4,616748726,2001,44543,0,436,2928                     
2026-10-06T20:28:38.348	TEL,641,S4,616758726,2001,44543,0,433,2927                     
2026-10-06T20:28:38.348	TEL,642,S4,616768726,2001,44543,0,430,2927                     
2026-10-06T20:28:38.348	TEL,643,S4,616778726,2001,44543,0,430,2927                     
2026-10-06T20:28:38.348	TEL,644,S4,616788726,2001,44543,0,428,2927                     
2026-10-06T20:28:38.348	TEL,645,S4,616798726,2001,44543,0,430,2928                     
2026-10-06T20:28:38.348	TEL,646,S4,616808726,2001,44543,0,425,2928                     
2026-10-06T20:28:38.348	TEL,647,S4,616818726,2001,44543,0,428,2932                     
2026-10-06T20:28:38.348	TEL,648,S4,616828726,2001,44543,0,430,2932                     
2026-10-06T20:28:38.348	TEL,649,S4,616838726,2001,44543,0,425,2927                     
2026-10-06T20:28:38.348	TEL,650,S4,616848726,2001,44543,0,430,2927                     
2026-10-06T20:28:38.348	TEL,651,S4,616858726,2001,44543,0,433,2928                     
2026-10-06T20:28:38.348	TEL,652,S4,616868726,2001,44543,0,428,2928                     
2026-10-06T20:28:38.348	TEL,653,S4,616878726,2001,44543,0,428,2930                     
2026-10-06T20:28:38.348	TEL,654,S4,616888726,2001,44543,0,433,2930                     
2026-10-06T20:28:38.348	TEL,655,S4,616898726,2001,44543,0,433,2928                     
2026-10-06T20:28:38.348	TEL,656,S4,616908726,2001,44543,0,433,2928                     
2026-10-06T20:28:38.348	TEL,657,S4,616918726,2001,44543,0,433,2928                     
2026-10-06T20:28:38.348	BTN,3,S4,PRESSED,616919903,616919910                           
2026-10-06T20:28:38.348	TEL,658,S4,616928728,2003,44543,0,419,2928                     
2026-10-06T20:28:38.348	TEL,659,S4,616938726,2001,44543,0,425,2933                     
2026-10-06T20:28:38.348	TEL,660,S4,616948726,2001,44543,0,436,2933                     
2026-10-06T20:28:38.348	TEL,661,S4,616958726,2001,44543,0,433,2928                     
2026-10-06T20:28:38.348	TEL,662,S4,616968726,2001,44543,0,430,2928                     
2026-10-06T20:28:38.348	TEL,663,S4,616978726,2001,44543,0,430,2928                     
2026-10-06T20:28:38.348	TEL,664,S4,616988726,2001,44543,0,433,2928                     
2026-10-06T20:28:38.348	TEL,665,S4,616998726,2001,44543,0,436,2933                     
2026-10-06T20:28:38.348	TEL,666,S4,617008726,2001,44543,0,430,2933                     
2026-10-06T20:28:38.348	TEL,667,S4,617018726,2001,44543,0,422,2927                     
2026-10-06T20:28:38.348	TEL,668,S4,617028726,2001,44543,0,430,2927                     
2026-10-06T20:28:38.348	TEL,669,S4,617038726,2001,44543,0,428,2925                     
2026-10-06T20:28:38.348	TEL,670,S4,617048726,2001,44543,0,428,2925                     
2026-10-06T20:28:38.348	TEL,671,S4,617058726,2001,44543,0,430,2927                     
2026-10-06T20:28:38.348	TEL,672,S4,617068726,2001,44543,0,428,2927                     
2026-10-06T20:28:38.348	TEL,673,S4,617078726,2001,44543,0,430,2928                     
2026-10-06T20:28:38.348	TEL,674,S4,617088726,2001,44543,0,433,2928                     
2026-10-06T20:28:38.348	TEL,675,S4,617098726,2001,44543,0,433,2928                     
2026-10-06T20:28:38.348	TEL,676,S4,617108726,2001,44543,0,433,2928                     
2026-10-06T20:28:38.348	TEL,677,S4,617118726,2001,44543,0,430,2927                     
2026-10-06T20:28:38.348	TEL,678,S4,617128726,2001,44543,0,425,2927                     
2026-10-06T20:28:38.966	TEL,679,S4,617138726,2001,44543,0,425,2927                     
2026-10-06T20:28:38.966	TEL,680,S4,617148726,2001,44543,0,428,2927                     
2026-10-06T20:28:38.966	TEL,681,S4,617158726,2001,44543,0,430,2928                     
2026-10-06T20:28:38.966	TEL,682,S4,617168726,2001,44543,0,436,2928                     
2026-10-06T20:28:38.966	TEL,683,S4,617178726,2001,44543,0,436,2930                     
2026-10-06T20:28:38.966	TEL,684,S4,617188726,2001,44543,0,442,2930                     
2026-10-06T20:28:38.966	TEL,685,S4,617198726,2001,44543,0,439,2928                     
2026-10-06T20:28:38.966	TEL,686,S4,617208726,2001,44543,0,433,2928                     
2026-10-06T20:28:38.966	TEL,687,S4,617218726,2001,44543,0,433,2928                     
2026-10-06T20:28:38.966	TEL,688,S4,617228726,2001,44543,0,433,2928                     
2026-10-06T20:28:38.966	TEL,689,S4,617238726,2001,44543,0,430,2927                     
2026-10-06T20:28:38.966	TEL,690,S4,617248726,2001,44543,0,430,2927                     
2026-10-06T20:28:38.966	TEL,691,S4,617258726,2001,44543,0,433,2928                     
2026-10-06T20:28:38.966	TEL,692,S4,617268726,2001,44543,0,433,2928                     
2026-10-06T20:28:38.966	TEL,693,S4,617278726,2001,44543,0,433,2928                     
2026-10-06T20:28:38.966	TEL,694,S4,617288726,2001,44543,0,433,2928                     
2026-10-06T20:28:38.966	TEL,695,S4,617298726,2001,44543,0,433,2928                     
2026-10-06T20:28:38.966	TEL,696,S4,617308726,2001,44543,0,428,2928                     
2026-10-06T20:28:38.966	TEL,697,S4,617318726,2001,44543,0,428,2928                     
2026-10-06T20:28:38.966	TEL,698,S4,617328726,2001,44543,0,430,2928                     
2026-10-06T20:28:38.966	TEL,699,S4,617338726,2001,44543,0,430,2928                     
2026-10-06T20:28:38.966	TEL,700,S4,617348726,2001,44543,0,433,2928                     
2026-10-06T20:28:38.966	TEL,701,S4,617358726,2001,44543,0,433,2928                     
2026-10-06T20:28:38.966	TEL,702,S4,617368726,2001,44543,0,433,2928                     
2026-10-06T20:28:38.966	TEL,703,S4,617378726,2001,44543,0,433,2928                     
2026-10-06T20:28:38.966	TEL,704,S4,617388726,2001,44543,0,433,2928                     
2026-10-06T20:28:38.966	TEL,705,S4,617398726,2001,44543,0,433,2928                     
2026-10-06T20:28:38.966	TEL,706,S4,617408726,2001,44543,0,430,2928                     
2026-10-06T20:28:38.966	TEL,707,S4,617418726,2001,44543,0,430,2928                     
2026-10-06T20:28:38.966	TEL,708,S4,617428726,2001,44543,0,428,2928                     
2026-10-06T20:28:38.966	TEL,709,S4,617438726,2001,44543,0,428,2928                     
2026-10-06T20:28:38.966	TEL,710,S4,617448726,2001,44543,0,433,2928                     
2026-10-06T20:28:38.966	TEL,711,S4,617458726,2001,44543,0,433,2928                     
2026-10-06T20:28:38.966	TEL,712,S4,617468726,2001,44543,0,433,2928                     
2026-10-06T20:28:38.966	TEL,713,S4,617478726,2001,44543,0,433,2928                     
2026-10-06T20:28:38.966	TEL,714,S4,617488726,2001,44543,0,430,2928                     
2026-10-06T20:28:38.966	TEL,715,S4,617498726,2001,44543,0,428,2927                     
2026-10-06T20:28:38.966	TEL,716,S4,617508726,2001,44543,0,430,2927                     
2026-10-06T20:28:38.966	TEL,717,S4,617518726,2001,44543,0,433,2928                     
2026-10-06T20:28:38.966	TEL,718,S4,617528726,2001,44543,0,430,2928                     
2026-10-06T20:28:38.966	TEL,719,S4,617538726,2001,44543,0,428,2927                     
2026-10-06T20:28:38.966	TEL,720,S4,617548726,2001,44543,0,428,2927                     
2026-10-06T20:28:38.966	TEL,721,S4,617558726,2001,44543,0,428,2925                     
2026-10-06T20:28:38.966	TEL,722,S4,617568726,2001,44543,0,428,2925                     
2026-10-06T20:28:38.966	TEL,723,S4,617578726,2001,44543,0,433,2928                     
2026-10-06T20:28:38.966	TEL,724,S4,617588726,2001,44543,0,436,2928                     
2026-10-06T20:28:38.966	TEL,725,S4,617598726,2001,44543,0,436,2928                     
2026-10-06T20:28:38.966	TEL,726,S4,617608726,2001,44543,0,433,2928                     
2026-10-06T20:28:38.966	TEL,727,S4,617618726,2001,44543,0,430,2927                     
2026-10-06T20:28:38.966	TEL,728,S4,617628726,2001,44543,0,430,2927                     
2026-10-06T20:28:38.966	TEL,729,S4,617638726,2001,44543,0,430,2927                     
2026-10-06T20:28:38.966	TEL,730,S4,617648726,2001,44543,0,433,2927                     
2026-10-06T20:28:38.966	TEL,731,S4,617658726,2001,44543,0,436,2928                     
2026-10-06T20:28:38.966	TEL,732,S4,617668726,2001,44543,0,430,2928                     
2026-10-06T20:28:38.966	TEL,733,S4,617678726,2001,44543,0,428,2927                     
2026-10-06T20:28:38.966	TEL,734,S4,617688726,2001,44543,0,430,2927                     
2026-10-06T20:28:38.966	TEL,735,S4,617698726,2001,44543,0,433,2930                     
2026-10-06T20:28:38.966	TEL,736,S4,617708726,2001,44543,0,430,2930                     
2026-10-06T20:28:38.966	TEL,737,S4,617718726,2001,44543,0,430,2928                     
2026-10-06T20:28:38.966	TEL,738,S4,617728726,2001,44543,0,433,2928                     
2026-10-06T20:28:38.966	TEL,739,S4,617738726,2001,44543,0,430,2927                     
2026-10-06T20:28:38.966	TEL,740,S4,617748726,2001,44543,0,430,2927                     
2026-10-06T20:28:39.578	TEL,741,S4,617758726,2001,44543,0,433,2928                     
2026-10-06T20:28:39.578	TEL,742,S4,617768726,2001,44543,0,425,2928                     
2026-10-06T20:28:39.578	TEL,743,S4,617778726,2001,44543,0,425,2928                     
2026-10-06T20:28:39.578	TEL,744,S4,617788726,2001,44543,0,430,2928                     
2026-10-06T20:28:39.578	TEL,745,S4,617798726,2001,44543,0,430,2928                     
2026-10-06T20:28:39.578	TEL,746,S4,617808726,2001,44543,0,436,2928                     
2026-10-06T20:28:39.578	BTN,4,S4,PRESSED,617810908,617810915                           
2026-10-06T20:28:39.578	TEL,747,S4,617818728,2003,44543,0,436,2928                     
2026-10-06T20:28:39.578	TEL,748,S4,617828726,2001,44543,0,422,2928                     
2026-10-06T20:28:39.578	TEL,749,S4,617838726,2001,44543,0,422,2928                     
2026-10-06T20:28:39.578	TEL,750,S4,617848726,2001,44543,0,428,2928                     
2026-10-06T20:28:39.578	TEL,751,S4,617858726,2001,44543,0,425,2927                     
2026-10-06T20:28:39.578	TEL,752,S4,617868726,2001,44543,0,430,2927                     
2026-10-06T20:28:39.578	TEL,753,S4,617878726,2001,44543,0,433,2928                     
2026-10-06T20:28:39.578	TEL,754,S4,617888726,2001,44543,0,433,2928                     
2026-10-06T20:28:39.578	TEL,755,S4,617898726,2001,44543,0,433,2928                     
2026-10-06T20:28:39.578	TEL,756,S4,617908726,2001,44543,0,436,2928                     
2026-10-06T20:28:39.578	TEL,757,S4,617918726,2001,44543,0,439,2933                     
2026-10-06T20:28:39.578	TEL,758,S4,617928726,2001,44543,0,436,2933                     
2026-10-06T20:28:39.578	TEL,759,S4,617938726,2001,44543,0,433,2930                     
2026-10-06T20:28:39.578	TEL,760,S4,617948726,2001,44543,0,433,2930                     
2026-10-06T20:28:39.578	TEL,761,S4,617958726,2001,44543,0,433,2928                     
2026-10-06T20:28:39.578	TEL,762,S4,617968726,2001,44543,0,416,2928                     
2026-10-06T20:28:39.578	TEL,763,S4,617978726,2001,44543,0,416,2927                     
2026-10-06T20:28:39.578	TEL,764,S4,617988726,2001,44543,0,433,2927                     
2026-10-06T20:28:39.578	TEL,765,S4,617998726,2001,44543,0,436,2928                     
2026-10-06T20:28:39.578	TEL,766,S4,618008726,2001,44543,0,425,2928                     
2026-10-06T20:28:39.578	TEL,767,S4,618018726,2001,44543,0,425,2928                     
2026-10-06T20:28:39.578	TEL,768,S4,618028726,2001,44543,0,433,2928                     
2026-10-06T20:28:39.578	TEL,769,S4,618038726,2001,44543,0,433,2928                     
2026-10-06T20:28:39.578	TEL,770,S4,618048726,2001,44543,0,436,2928                     
2026-10-06T20:28:39.578	TEL,771,S4,618058726,2001,44543,0,436,2928                     
2026-10-06T20:28:39.578	TEL,772,S4,618068726,2001,44543,0,430,2928                     
2026-10-06T20:28:39.578	TEL,773,S4,618078726,2001,44543,0,428,2927                     
2026-10-06T20:28:39.578	TEL,774,S4,618088726,2001,44543,0,430,2927                     
2026-10-06T20:28:39.578	TEL,775,S4,618098726,2001,44543,0,430,2927                     
2026-10-06T20:28:39.578	TEL,776,S4,618108726,2001,44543,0,430,2927                     
2026-10-06T20:28:39.578	TEL,777,S4,618118726,2001,44543,0,433,2928                     
2026-10-06T20:28:39.578	TEL,778,S4,618128726,2001,44543,0,433,2928                     
2026-10-06T20:28:39.578	TEL,779,S4,618138726,2001,44543,0,433,2928                     
2026-10-06T20:28:39.578	TEL,780,S4,618148726,2001,44543,0,436,2928                     
2026-10-06T20:28:39.578	TEL,781,S4,618158726,2001,44543,0,439,2930                     
2026-10-06T20:28:39.578	TEL,782,S4,618168726,2001,44543,0,428,2930                     
2026-10-06T20:28:39.578	TEL,783,S4,618178726,2001,44543,0,425,2927                     
2026-10-06T20:28:39.578	TEL,784,S4,618188726,2001,44543,0,422,2927                     
2026-10-06T20:28:39.578	TEL,785,S4,618198726,2001,44543,0,425,2928                     
2026-10-06T20:28:39.578	TEL,786,S4,618208726,2001,44543,0,433,2928                     
2026-10-06T20:28:39.578	TEL,787,S4,618218726,2001,44543,0,433,2928                     
2026-10-06T20:28:39.578	TEL,788,S4,618228726,2001,44543,0,425,2928                     
2026-10-06T20:28:39.578	TEL,789,S4,618238726,2001,44543,0,422,2927                     
2026-10-06T20:28:39.578	TEL,790,S4,618248726,2001,44543,0,433,2927                     
2026-10-06T20:28:39.578	TEL,791,S4,618258726,2001,44543,0,436,2930                     
2026-10-06T20:28:39.578	TEL,792,S4,618268726,2001,44543,0,433,2930                     
2026-10-06T20:28:39.578	TEL,793,S4,618278726,2001,44543,0,430,2927                     
2026-10-06T20:28:39.578	TEL,794,S4,618288726,2001,44543,0,430,2927                     
2026-10-06T20:28:39.578	TEL,795,S4,618298726,2001,44543,0,439,2935                     
2026-10-06T20:28:39.578	TEL,796,S4,618308726,2001,44543,0,433,2935                     
2026-10-06T20:28:39.578	TEL,797,S4,618318726,2001,44543,0,428,2928                     
2026-10-06T20:28:39.578	TEL,798,S4,618328726,2001,44543,0,433,2928                     
2026-10-06T20:28:39.578	TEL,799,S4,618338726,2001,44543,0,433,2928                     
2026-10-06T20:28:39.578	TEL,800,S4,618348726,2001,44543,0,430,2928                     
2026-10-06T20:28:39.578	TEL,801,S4,618358726,2001,44543,0,430,2928                     
2026-10-06T20:28:40.188	TEL,802,S4,618368726,2001,44543,0,433,2928                     
2026-10-06T20:28:40.188	TEL,803,S4,618378726,2001,44543,0,433,2928                     
2026-10-06T20:28:40.188	TEL,804,S4,618388726,2001,44543,0,436,2928                     
2026-10-06T20:28:40.188	TEL,805,S4,618398726,2001,44543,0,430,2925                     
2026-10-06T20:28:40.188	TEL,806,S4,618408726,2001,44543,0,425,2925                     
2026-10-06T20:28:40.188	TEL,807,S4,618418726,2001,44543,0,425,2927                     
2026-10-06T20:28:40.188	TEL,808,S4,618428726,2001,44543,0,422,2927                     
2026-10-06T20:28:40.188	TEL,809,S4,618438726,2001,44543,0,422,2928                     
2026-10-06T20:28:40.188	TEL,810,S4,618448726,2001,44543,0,425,2928                     
2026-10-06T20:28:40.188	TEL,811,S4,618458726,2001,44543,0,425,2928                     
2026-10-06T20:28:40.188	TEL,812,S4,618468726,2001,44543,0,433,2928                     
2026-10-06T20:28:40.188	TEL,813,S4,618478726,2001,44543,0,430,2927                     
2026-10-06T20:28:40.188	TEL,814,S4,618488726,2001,44543,0,430,2927                     
2026-10-06T20:28:40.188	TEL,815,S4,618498726,2001,44543,0,433,2928                     
2026-10-06T20:28:40.188	TEL,816,S4,618508726,2001,44543,0,433,2928                     
2026-10-06T20:28:40.188	TEL,817,S4,618518726,2001,44543,0,433,2928                     
2026-10-06T20:28:40.188	TEL,818,S4,618528726,2001,44543,0,430,2928                     
2026-10-06T20:28:40.188	TEL,819,S4,618538726,2001,44543,0,430,2928                     
2026-10-06T20:28:40.188	TEL,820,S4,618548726,2001,44543,0,430,2928                     
2026-10-06T20:28:40.188	TEL,821,S4,618558726,2001,44543,0,428,2927                     
2026-10-06T20:28:40.188	TEL,822,S4,618568726,2001,44543,0,430,2927                     
2026-10-06T20:28:40.188	TEL,823,S4,618578726,2001,44543,0,433,2928                     
2026-10-06T20:28:40.188	TEL,824,S4,618588726,2001,44543,0,433,2928                     
2026-10-06T20:28:40.188	TEL,825,S4,618598726,2001,44543,0,433,2928                     
2026-10-06T20:28:40.188	TEL,826,S4,618608726,2001,44543,0,428,2928                     
2026-10-06T20:28:40.188	TEL,827,S4,618618726,2001,44543,0,428,2930                     
2026-10-06T20:28:40.188	TEL,828,S4,618628726,2001,44543,0,430,2930                     
2026-10-06T20:28:40.188	TEL,829,S4,618638726,2001,44543,0,430,2928                     
2026-10-06T20:28:40.188	TEL,830,S4,618648726,2001,44543,0,433,2928                     
2026-10-06T20:28:40.188	TEL,831,S4,618658726,2001,44543,0,433,2928                     
2026-10-06T20:28:40.188	TEL,832,S4,618668726,2001,44543,0,416,2928                     
2026-10-06T20:28:40.188	TEL,833,S4,618678726,2001,44543,0,416,2928                     
2026-10-06T20:28:40.188	TEL,834,S4,618688726,2001,44543,0,433,2928                     
2026-10-06T20:28:40.188	BTN,5,S4,PRESSED,618693914,618693921                           
2026-10-06T20:28:40.188	TEL,835,S4,618698728,2003,44543,0,433,2928                     
2026-10-06T20:28:40.188	TEL,836,S4,618708726,2001,44543,0,425,2928                     
2026-10-06T20:28:40.188	TEL,837,S4,618718726,2001,44543,0,422,2927                     
2026-10-06T20:28:40.188	TEL,838,S4,618728726,2001,44543,0,422,2927                     
2026-10-06T20:28:40.188	TEL,839,S4,618738726,2001,44543,0,428,2930                     
2026-10-06T20:28:40.188	TEL,840,S4,618748726,2001,44543,0,430,2930                     
2026-10-06T20:28:40.188	TEL,841,S4,618758726,2001,44543,0,430,2928                     
2026-10-06T20:28:40.188	TEL,842,S4,618768726,2001,44543,0,430,2928                     
2026-10-06T20:28:40.188	TEL,843,S4,618778726,2001,44543,0,430,2928                     
2026-10-06T20:28:40.188	TEL,844,S4,618788726,2001,44543,0,430,2928                     
2026-10-06T20:28:40.188	TEL,845,S4,618798726,2001,44543,0,428,2927                     
2026-10-06T20:28:40.188	TEL,846,S4,618808726,2001,44543,0,430,2927                     
2026-10-06T20:28:40.188	TEL,847,S4,618818726,2001,44543,0,433,2928                     
2026-10-06T20:28:40.188	TEL,848,S4,618828726,2001,44543,0,428,2928                     
2026-10-06T20:28:40.188	TEL,849,S4,618838726,2001,44543,0,428,2928                     
2026-10-06T20:28:40.188	TEL,850,S4,618848726,2001,44543,0,433,2928                     
2026-10-06T20:28:40.188	TEL,851,S4,618858726,2001,44543,0,430,2927                     
2026-10-06T20:28:40.188	TEL,852,S4,618868726,2001,44543,0,425,2927                     
2026-10-06T20:28:40.188	TEL,853,S4,618878726,2001,44543,0,428,2928                     
2026-10-06T20:28:40.188	TEL,854,S4,618888726,2001,44543,0,433,2928                     
2026-10-06T20:28:40.188	TEL,855,S4,618898726,2001,44543,0,433,2928                     
2026-10-06T20:28:40.188	TEL,856,S4,618908726,2001,44543,0,433,2928                     
2026-10-06T20:28:40.188	TEL,857,S4,618918726,2001,44543,0,433,2928                     
2026-10-06T20:28:40.188	TEL,858,S4,618928726,2001,44543,0,416,2928                     
2026-10-06T20:28:40.188	TEL,859,S4,618938726,2001,44543,0,416,2928                     
2026-10-06T20:28:40.188	TEL,860,S4,618948726,2001,44543,0,436,2928                     
2026-10-06T20:28:40.188	TEL,861,S4,618958726,2001,44543,0,436,2928                     
2026-10-06T20:28:40.188	TEL,862,S4,618968726,2001,44543,0,433,2928                     
2026-10-06T20:28:40.797	TEL,863,S4,618978726,2001,44543,0,433,2928                     
2026-10-06T20:28:40.797	TEL,864,S4,618988726,2001,44543,0,433,2928                     
2026-10-06T20:28:40.797	TEL,865,S4,618998726,2001,44543,0,430,2927                     
2026-10-06T20:28:40.797	TEL,866,S4,619008726,2001,44543,0,428,2927                     
2026-10-06T20:28:40.797	TEL,867,S4,619018726,2001,44543,0,428,2927                     
2026-10-06T20:28:40.797	TEL,868,S4,619028726,2001,44543,0,425,2927                     
2026-10-06T20:28:40.798	TEL,869,S4,619038726,2001,44543,0,428,2928                     
2026-10-06T20:28:40.798	TEL,870,S4,619048726,2001,44543,0,433,2928                     
2026-10-06T20:28:40.798	TEL,871,S4,619058726,2001,44543,0,433,2928                     
2026-10-06T20:28:40.798	TEL,872,S4,619068726,2001,44543,0,433,2928                     
2026-10-06T20:28:40.798	TEL,873,S4,619078726,2001,44543,0,430,2927                     
2026-10-06T20:28:40.798	TEL,874,S4,619088726,2001,44543,0,433,2927                     
2026-10-06T20:28:40.798	TEL,875,S4,619098726,2001,44543,0,436,2928                     
2026-10-06T20:28:40.798	TEL,876,S4,619108726,2001,44543,0,428,2928                     
2026-10-06T20:28:40.798	TEL,877,S4,619118726,2001,44543,0,428,2928                     
2026-10-06T20:28:40.798	TEL,878,S4,619128726,2001,44543,0,428,2928                     
2026-10-06T20:28:40.798	TEL,879,S4,619138726,2001,44543,0,425,2927                     
2026-10-06T20:28:40.798	TEL,880,S4,619148726,2001,44543,0,436,2927                     
2026-10-06T20:28:40.798	TEL,881,S4,619158726,2001,44543,0,436,2928                     
2026-10-06T20:28:40.798	TEL,882,S4,619168726,2001,44543,0,425,2928                     
2026-10-06T20:28:40.798	TEL,883,S4,619178726,2001,44543,0,425,2928                     
2026-10-06T20:28:40.798	TEL,884,S4,619188726,2001,44543,0,425,2928                     
2026-10-06T20:28:40.798	TEL,885,S4,619198726,2001,44543,0,422,2927                     
2026-10-06T20:28:40.798	TEL,886,S4,619208726,2001,44543,0,430,2927                     
2026-10-06T20:28:40.798	TEL,887,S4,619218726,2001,44543,0,439,2935                     
2026-10-06T20:28:40.798	TEL,888,S4,619228726,2001,44543,0,439,2935                     
2026-10-06T20:28:40.798	TEL,889,S4,619238726,2001,44543,0,433,2928                     
2026-10-06T20:28:40.798	BTN,6,S4,PRESSED,619242919,619242926                           
2026-10-06T20:28:40.798	TEL,890,S4,619248728,2003,44543,0,430,2928                     
2026-10-06T20:28:40.798	TEL,891,S4,619258726,2001,44543,0,436,2935                     
2026-10-06T20:28:40.798	TEL,892,S4,619268726,2001,44543,0,439,2935                     
2026-10-06T20:28:40.798	TEL,893,S4,619278726,2001,44543,0,430,2927                     
2026-10-06T20:28:40.798	TEL,894,S4,619288726,2001,44543,0,433,2927                     
2026-10-06T20:28:40.798	TEL,895,S4,619298726,2001,44543,0,436,2928                     
2026-10-06T20:28:40.798	TEL,896,S4,619308726,2001,44543,0,433,2928                     
2026-10-06T20:28:40.798	TEL,897,S4,619318726,2001,44543,0,433,2928                     
2026-10-06T20:28:40.798	TEL,898,S4,619328726,2001,44543,0,433,2928                     
2026-10-06T20:28:40.798	TEL,899,S4,619338726,2001,44543,0,433,2928                     
2026-10-06T20:28:40.798	TEL,900,S4,619348726,2001,44543,0,430,2928                     
2026-10-06T20:28:40.798	TEL,901,S4,619358726,2001,44543,0,430,2928                     
2026-10-06T20:28:40.798	TEL,902,S4,619368726,2001,44543,0,433,2928                     
2026-10-06T20:28:40.798	TEL,903,S4,619378726,2001,44543,0,430,2927                     
2026-10-06T20:28:40.798	TEL,904,S4,619388726,2001,44543,0,425,2927                     
2026-10-06T20:28:40.798	TEL,905,S4,619398726,2001,44543,0,425,2925                     
2026-10-06T20:28:40.798	TEL,906,S4,619408726,2001,44543,0,428,2925                     
2026-10-06T20:28:40.798	TEL,907,S4,619418726,2001,44543,0,428,2927                     
2026-10-06T20:28:40.798	TEL,908,S4,619428726,2001,44543,0,430,2927                     
2026-10-06T20:28:40.798	TEL,909,S4,619438726,2001,44543,0,433,2928                     
2026-10-06T20:28:40.798	TEL,910,S4,619448726,2001,44543,0,433,2928                     
2026-10-06T20:28:40.798	TEL,911,S4,619458726,2001,44543,0,430,2927                     
2026-10-06T20:28:40.798	TEL,912,S4,619468726,2001,44543,0,422,2927                     
2026-10-06T20:28:40.798	TEL,913,S4,619478726,2001,44543,0,425,2928                     
2026-10-06T20:28:40.798	TEL,914,S4,619488726,2001,44543,0,428,2928                     
2026-10-06T20:28:40.798	TEL,915,S4,619498726,2001,44543,0,428,2928                     
2026-10-06T20:28:40.798	TEL,916,S4,619508726,2001,44543,0,433,2928                     
2026-10-06T20:28:40.798	TEL,917,S4,619518726,2001,44543,0,433,2928                     
2026-10-06T20:28:40.798	TEL,918,S4,619528726,2001,44543,0,433,2928                     
2026-10-06T20:28:40.798	TEL,919,S4,619538726,2001,44543,0,433,2928                     
2026-10-06T20:28:40.798	TEL,920,S4,619548726,2001,44543,0,430,2928                     
2026-10-06T20:28:40.798	TEL,921,S4,619558726,2001,44543,0,430,2928                     
2026-10-06T20:28:40.798	TEL,922,S4,619568726,2001,44543,0,425,2928                     
2026-10-06T20:28:40.798	TEL,923,S4,619578726,2001,44543,0,425,2928                     
2026-10-06T20:28:41.407	TEL,924,S4,619588726,2001,44543,0,433,2928                     
2026-10-06T20:28:41.407	TEL,925,S4,619598726,2001,44543,0,433,2928                     
2026-10-06T20:28:41.407	TEL,926,S4,619608726,2001,44543,0,430,2928                     
2026-10-06T20:28:41.407	TEL,927,S4,619618726,2001,44543,0,430,2928                     
2026-10-06T20:28:41.407	TEL,928,S4,619628726,2001,44543,0,430,2928                     
2026-10-06T20:28:41.407	TEL,929,S4,619638726,2001,44543,0,428,2927                     
2026-10-06T20:28:41.407	TEL,930,S4,619648726,2001,44543,0,430,2927                     
2026-10-06T20:28:41.407	TEL,931,S4,619658726,2001,44543,0,430,2927                     
2026-10-06T20:28:41.407	TEL,932,S4,619668726,2001,44543,0,430,2927                     
2026-10-06T20:28:41.407	TEL,933,S4,619678726,2001,44543,0,436,2933                     
2026-10-06T20:28:41.407	TEL,934,S4,619688726,2001,44543,0,436,2933                     
2026-10-06T20:28:41.407	TEL,935,S4,619698726,2001,44543,0,428,2925                     
2026-10-06T20:28:41.407	TEL,936,S4,619708726,2001,44543,0,428,2925                     
2026-10-06T20:28:41.407	TEL,937,S4,619718726,2001,44543,0,428,2927                     
2026-10-06T20:28:41.407	TEL,938,S4,619728726,2001,44543,0,430,2927                     
2026-10-06T20:28:41.407	TEL,939,S4,619738726,2001,44543,0,433,2930                     
2026-10-06T20:28:41.407	TEL,940,S4,619748726,2001,44543,0,433,2930                     
2026-10-06T20:28:41.407	TEL,941,S4,619758726,2001,44543,0,433,2930                     
2026-10-06T20:28:41.407	TEL,942,S4,619768726,2001,44543,0,433,2930                     
2026-10-06T20:28:41.407	TEL,943,S4,619778726,2001,44543,0,430,2927                     
2026-10-06T20:28:41.407	TEL,944,S4,619788726,2001,44543,0,428,2927                     
2026-10-06T20:28:41.407	TEL,945,S4,619798726,2001,44543,0,430,2928                     
2026-10-06T20:28:41.407	TEL,946,S4,619808726,2001,44543,0,436,2928                     
2026-10-06T20:28:41.407	TEL,947,S4,619818726,2001,44543,0,436,2930                     
2026-10-06T20:28:41.407	TEL,948,S4,619828726,2001,44543,0,433,2930                     
2026-10-06T20:28:41.407	TEL,949,S4,619838726,2001,44543,0,433,2928                     
2026-10-06T20:28:41.407	TEL,950,S4,619848726,2001,44543,0,436,2928                     
2026-10-06T20:28:41.407	TEL,951,S4,619858726,2001,44543,0,433,2925                     
2026-10-06T20:28:41.407	TEL,952,S4,619868726,2001,44543,0,425,2925                     
2026-10-06T20:28:41.407	TEL,953,S4,619878726,2001,44543,0,428,2928                     
2026-10-06T20:28:41.407	TEL,954,S4,619888726,2001,44543,0,433,2928                     
2026-10-06T20:28:41.407	TEL,955,S4,619898726,2001,44543,0,436,2933                     
2026-10-06T20:28:41.407	TEL,956,S4,619908726,2001,44543,0,436,2933                     
2026-10-06T20:28:41.407	TEL,957,S4,619918726,2001,44543,0,433,2928                     
2026-10-06T20:28:41.407	TEL,958,S4,619928726,2001,44543,0,433,2928                     
2026-10-06T20:28:41.407	TEL,959,S4,619938726,2001,44543,0,433,2928                     
2026-10-06T20:28:41.407	TEL,960,S4,619948726,2001,44543,0,433,2928                     
2026-10-06T20:28:41.407	TEL,961,S4,619958726,2001,44543,0,433,2928                     
2026-10-06T20:28:41.407	TEL,962,S4,619968726,2001,44543,0,428,2928                     
2026-10-06T20:28:41.407	TEL,963,S4,619978726,2001,44543,0,425,2927                     
2026-10-06T20:28:41.407	TEL,964,S4,619988726,2001,44543,0,430,2927                     
2026-10-06T20:28:41.407	TEL,965,S4,619998726,2001,44543,0,433,2928                     
2026-10-06T20:28:41.407	TEL,966,S4,620008726,2001,44543,0,430,2928                     
2026-10-06T20:28:41.407	TEL,967,S4,620018726,2001,44543,0,428,2927                     
2026-10-06T20:28:41.407	BTN,7,S4,PRESSED,620027925,620028753                           
2026-10-06T20:28:41.407	TEL,968,S4,620028732,2007,44543,0,430,2927                     
2026-10-06T20:28:41.407	TEL,969,S4,620038728,2003,44543,0,436,2932                     
2026-10-06T20:28:41.407	TEL,970,S4,620048726,2001,44543,0,422,2932                     
2026-10-06T20:28:41.407	TEL,971,S4,620058726,2001,44543,0,419,2928                     
2026-10-06T20:28:41.407	TEL,972,S4,620068726,2001,44543,0,436,2928                     
2026-10-06T20:28:41.407	TEL,973,S4,620078726,2001,44543,0,436,2928                     
2026-10-06T20:28:41.407	TEL,974,S4,620088726,2001,44543,0,436,2928                     
2026-10-06T20:28:41.407	TEL,975,S4,620098726,2001,44543,0,433,2927                     
2026-10-06T20:28:41.407	TEL,976,S4,620108726,2001,44543,0,430,2927                     
2026-10-06T20:28:41.407	TEL,977,S4,620118726,2001,44543,0,430,2927                     
2026-10-06T20:28:41.407	TEL,978,S4,620128726,2001,44543,0,430,2927                     
2026-10-06T20:28:41.407	TEL,979,S4,620138726,2001,44543,0,430,2927                     
2026-10-06T20:28:41.407	TEL,980,S4,620148726,2001,44543,0,430,2927                     
2026-10-06T20:28:41.407	TEL,981,S4,620158726,2001,44543,0,433,2928                     
2026-10-06T20:28:41.407	TEL,982,S4,620168726,2001,44543,0,433,2928                     
2026-10-06T20:28:41.407	TEL,983,S4,620178726,2001,44543,0,433,2928                     
2026-10-06T20:28:41.407	TEL,984,S4,620188726,2001,44543,0,433,2928                     
2026-10-06T20:28:42.023	TEL,985,S4,620198726,2001,44543,0,430,2927                     
2026-10-06T20:28:42.023	TEL,986,S4,620208726,2001,44543,0,430,2927                     
2026-10-06T20:28:42.023	TEL,987,S4,620218726,2001,44543,0,430,2927                     
2026-10-06T20:28:42.023	TEL,988,S4,620228726,2001,44543,0,428,2927                     
2026-10-06T20:28:42.023	TEL,989,S4,620238726,2001,44543,0,430,2928                     
2026-10-06T20:28:42.023	TEL,990,S4,620248726,2001,44543,0,433,2928                     
2026-10-06T20:28:42.023	TEL,991,S4,620258726,2001,44543,0,433,2928                     
2026-10-06T20:28:42.023	TEL,992,S4,620268726,2001,44543,0,428,2928                     
2026-10-06T20:28:42.023	TEL,993,S4,620278726,2001,44543,0,428,2928                     
2026-10-06T20:28:42.023	TEL,994,S4,620288726,2001,44543,0,433,2928                     
2026-10-06T20:28:42.023	TEL,995,S4,620298726,2001,44543,0,430,2927                     
2026-10-06T20:28:42.023	TEL,996,S4,620308726,2001,44543,0,428,2927                     
2026-10-06T20:28:42.023	TEL,997,S4,620318726,2001,44543,0,430,2928                     
2026-10-06T20:28:42.023	TEL,998,S4,620328726,2001,44543,0,433,2928                     
2026-10-06T20:28:42.023	TEL,999,S4,620338726,2001,44543,0,433,2928                     
2026-10-06T20:28:42.023	TEL,1000,S4,620348727,2001,44543,0,428,2928                    
2026-10-06T20:28:42.023	TEL,1001,S4,620358727,2001,44543,0,430,2932                    
2026-10-06T20:28:42.023	TEL,1002,S4,620368727,2001,44543,0,419,2932                    
2026-10-06T20:28:42.023	TEL,1003,S4,620378727,2001,44543,0,419,2932                    
2026-10-06T20:28:42.023	TEL,1004,S4,620388727,2001,44543,0,425,2932                    
2026-10-06T20:28:42.023	TEL,1005,S4,620398727,2001,44543,0,428,2935                    
2026-10-06T20:28:42.023	TEL,1006,S4,620408727,2001,44543,0,428,2935                    
2026-10-06T20:28:42.023	TEL,1007,S4,620418727,2001,44543,0,428,2935                    
2026-10-06T20:28:42.023	TEL,1008,S4,620428727,2001,44543,0,439,2935                    
2026-10-06T20:28:42.023	TEL,1009,S4,620438727,2001,44543,0,436,2932                    
2026-10-06T20:28:42.023	TEL,1010,S4,620448727,2001,44543,0,419,2932                    
2026-10-06T20:28:42.023	TEL,1011,S4,620458727,2001,44543,0,419,2932                    
2026-10-06T20:28:42.023	TEL,1012,S4,620468727,2001,44543,0,430,2932                    
2026-10-06T20:28:42.023	TEL,1013,S4,620478727,2001,44543,0,428,2928                    
2026-10-06T20:28:42.023	TEL,1014,S4,620488727,2001,44543,0,428,2928                    
2026-10-06T20:28:42.023	TEL,1015,S4,620498727,2001,44543,0,433,2935                    
2026-10-06T20:28:42.023	TEL,1016,S4,620508727,2001,44543,0,436,2935                    
2026-10-06T20:28:42.023	TEL,1017,S4,620518727,2001,44543,0,433,2932                    
2026-10-06T20:28:42.023	TEL,1018,S4,620528727,2001,44543,0,430,2932                    
2026-10-06T20:28:42.023	TEL,1019,S4,620538727,2001,44543,0,430,2932                    
2026-10-06T20:28:42.023	TEL,1020,S4,620548727,2001,44543,0,428,2932                    
2026-10-06T20:28:42.023	TEL,1021,S4,620558727,2001,44543,0,428,2932                    
2026-10-06T20:28:42.023	TEL,1022,S4,620568727,2001,44543,0,430,2932                    
2026-10-06T20:28:42.023	TEL,1023,S4,620578727,2001,44543,0,433,2935                    
2026-10-06T20:28:42.023	TEL,1024,S4,620588727,2001,44543,0,433,2935                    
2026-10-06T20:28:42.023	TEL,1025,S4,620598727,2001,44543,0,430,2932                    
2026-10-06T20:28:42.023	TEL,1026,S4,620608727,2001,44543,0,425,2932                    
2026-10-06T20:28:42.023	TEL,1027,S4,620618727,2001,44543,0,428,2935                    
2026-10-06T20:28:42.023	TEL,1028,S4,620628727,2001,44543,0,445,2935                    
2026-10-06T20:28:42.023	TEL,1029,S4,620638727,2001,44543,0,442,2932                    
2026-10-06T20:28:42.023	TEL,1030,S4,620648727,2001,44543,0,430,2932                    
2026-10-06T20:28:42.023	TEL,1031,S4,620658727,2001,44543,0,430,2932                    
2026-10-06T20:28:42.023	TEL,1032,S4,620668727,2001,44543,0,428,2932                    
2026-10-06T20:28:42.023	TEL,1033,S4,620678727,2001,44543,0,428,2932                    
2026-10-06T20:28:42.023	TEL,1034,S4,620688727,2001,44543,0,436,2932                    
2026-10-06T20:28:42.023	TEL,1035,S4,620698727,2001,44543,0,436,2932                    
2026-10-06T20:28:42.023	TEL,1036,S4,620708727,2001,44543,0,430,2932                    
2026-10-06T20:28:42.023	TEL,1037,S4,620718727,2001,44543,0,430,2932                    
2026-10-06T20:28:42.023	TEL,1038,S4,620728727,2001,44543,0,436,2932                    
2026-10-06T20:28:42.023	TEL,1039,S4,620738727,2001,44543,0,436,2933                    
2026-10-06T20:28:42.023	TEL,1040,S4,620748727,2001,44543,0,439,2933                    
2026-10-06T20:28:42.023	TEL,1041,S4,620758727,2001,44543,0,439,2932                    
2026-10-06T20:28:42.023	TEL,1042,S4,620768727,2001,44543,0,428,2932                    
2026-10-06T20:28:42.023	TEL,1043,S4,620778727,2001,44543,0,428,2932                    
2026-10-06T20:28:42.023	TEL,1044,S4,620788727,2001,44543,0,428,2932                    
2026-10-06T20:28:42.023	TEL,1045,S4,620798727,2001,44543,0,430,2935                    
2026-10-06T20:28:42.023	TEL,1046,S4,620808727,2001,44543,0,430,2935                    
2026-10-06T20:28:42.633	TEL,1047,S4,620818727,2001,44543,0,430,2935                    
2026-10-06T20:28:42.633	TEL,1048,S4,620828727,2001,44543,0,430,2935                    
2026-10-06T20:28:42.633	TEL,1049,S4,620838727,2001,44543,0,425,2928                    
2026-10-06T20:28:42.633	TEL,1050,S4,620848727,2001,44543,0,428,2928                    
2026-10-06T20:28:42.633	TEL,1051,S4,620858727,2001,44543,0,430,2932                    
2026-10-06T20:28:42.633	TEL,1052,S4,620868727,2001,44543,0,428,2932                    
2026-10-06T20:28:42.633	TEL,1053,S4,620878727,2001,44543,0,428,2932                    
2026-10-06T20:28:42.633	BTN,8,S4,PRESSED,620880930,620880937                           
2026-10-06T20:28:42.633	TEL,1054,S4,620888728,2003,44543,0,430,2932                    
2026-10-06T20:28:42.633	TEL,1055,S4,620898727,2001,44543,0,433,2933                    
2026-10-06T20:28:42.633	TEL,1056,S4,620908727,2001,44543,0,428,2933                    
2026-10-06T20:28:42.633	TEL,1057,S4,620918727,2001,44543,0,425,2932                    
2026-10-06T20:28:42.633	TEL,1058,S4,620928727,2001,44543,0,430,2932                    
2026-10-06T20:28:42.633	TEL,1059,S4,620938727,2001,44543,0,430,2932                    
2026-10-06T20:28:42.633	TEL,1060,S4,620948727,2001,44543,0,436,2932                    
2026-10-06T20:28:42.633	TEL,1061,S4,620958727,2001,44543,0,436,2933                    
2026-10-06T20:28:42.633	TEL,1062,S4,620968727,2001,44543,0,428,2933                    
2026-10-06T20:28:42.633	TEL,1063,S4,620978727,2001,44543,0,425,2932                    
2026-10-06T20:28:42.633	TEL,1064,S4,620988727,2001,44543,0,430,2932                    
2026-10-06T20:28:42.633	TEL,1065,S4,620998727,2001,44543,0,430,2932                    
2026-10-06T20:28:42.633	TEL,1066,S4,621008727,2001,44543,0,433,2932                    
2026-10-06T20:28:42.633	TEL,1067,S4,621018727,2001,44543,0,433,2932                    
2026-10-06T20:28:42.633	TEL,1068,S4,621028727,2001,44543,0,430,2932                    
2026-10-06T20:28:42.633	TEL,1069,S4,621038727,2001,44543,0,433,2935                    
2026-10-06T20:28:42.633	TEL,1070,S4,621048727,2001,44543,0,428,2935                    
2026-10-06T20:28:42.633	TEL,1071,S4,621058727,2001,44543,0,425,2932                    
2026-10-06T20:28:42.633	TEL,1072,S4,621068727,2001,44543,0,436,2932                    
2026-10-06T20:28:42.633	TEL,1073,S4,621078727,2001,44543,0,433,2928                    
2026-10-06T20:28:42.633	TEL,1074,S4,621088727,2001,44543,0,425,2928                    
2026-10-06T20:28:42.633	TEL,1075,S4,621098727,2001,44543,0,428,2932                    
2026-10-06T20:28:42.633	TEL,1076,S4,621108727,2001,44543,0,430,2932                    
2026-10-06T20:28:42.633	TEL,1077,S4,621118727,2001,44543,0,430,2932                    
2026-10-06T20:28:42.633	TEL,1078,S4,621128727,2001,44543,0,436,2932                    
2026-10-06T20:28:42.633	TEL,1079,S4,621138727,2001,44543,0,439,2935                    
2026-10-06T20:28:42.633	TEL,1080,S4,621148727,2001,44543,0,433,2935                    
2026-10-06T20:28:42.633	TEL,1081,S4,621158727,2001,44543,0,433,2935                    
2026-10-06T20:28:42.633	TEL,1082,S4,621168727,2001,44543,0,430,2935                    
2026-10-06T20:28:42.633	TEL,1083,S4,621178727,2001,44543,0,430,2935                    
2026-10-06T20:28:42.633	TEL,1084,S4,621188727,2001,44543,0,436,2935                    
2026-10-06T20:28:42.633	TEL,1085,S4,621198727,2001,44543,0,433,2932                    
2026-10-06T20:28:42.633	TEL,1086,S4,621208727,2001,44543,0,430,2932                    
2026-10-06T20:28:42.633	TEL,1087,S4,621218727,2001,44543,0,430,2932                    
2026-10-06T20:28:42.633	TEL,1088,S4,621228727,2001,44543,0,436,2932                    
2026-10-06T20:28:42.633	TEL,1089,S4,621238727,2001,44543,0,436,2932                    
2026-10-06T20:28:42.633	TEL,1090,S4,621248727,2001,44543,0,433,2932                    
2026-10-06T20:28:42.633	TEL,1091,S4,621258727,2001,44543,0,436,2935                    
2026-10-06T20:28:42.633	TEL,1092,S4,621268727,2001,44543,0,433,2935                    
2026-10-06T20:28:42.633	TEL,1093,S4,621278727,2001,44543,0,430,2932                    
2026-10-06T20:28:42.633	TEL,1094,S4,621288727,2001,44543,0,430,2932                    
2026-10-06T20:28:42.633	TEL,1095,S4,621298727,2001,44543,0,433,2935                    
2026-10-06T20:28:42.633	TEL,1096,S4,621308727,2001,44543,0,433,2935                    
2026-10-06T20:28:42.633	TEL,1097,S4,621318727,2001,44543,0,430,2932                    
2026-10-06T20:28:42.633	TEL,1098,S4,621328727,2001,44543,0,422,2932                    
2026-10-06T20:28:42.633	TEL,1099,S4,621338727,2001,44543,0,422,2932                    
2026-10-06T20:28:42.633	TEL,1100,S4,621348727,2001,44543,0,430,2932                    
2026-10-06T20:28:42.633	TEL,1101,S4,621358727,2001,44543,0,430,2932                    
2026-10-06T20:28:42.633	TEL,1102,S4,621368727,2001,44543,0,442,2932                    
2026-10-06T20:28:42.633	TEL,1103,S4,621378727,2001,44543,0,445,2935                    
2026-10-06T20:28:42.633	TEL,1104,S4,621388727,2001,44543,0,436,2935                    
2026-10-06T20:28:42.633	TEL,1105,S4,621398727,2001,44543,0,433,2933                    
2026-10-06T20:28:42.633	TEL,1106,S4,621408727,2001,44543,0,433,2933                    
2026-10-06T20:28:42.633	TEL,1107,S4,621418727,2001,44543,0,430,2932                    
2026-10-06T20:28:43.247	TEL,1108,S4,621428727,2001,44543,0,430,2932                    
2026-10-06T20:28:43.247	TEL,1109,S4,621438727,2001,44543,0,430,2932                    
2026-10-06T20:28:43.247	TEL,1110,S4,621448727,2001,44543,0,425,2932                    
2026-10-06T20:28:43.247	TEL,1111,S4,621458727,2001,44543,0,425,2932                    
2026-10-06T20:28:43.247	TEL,1112,S4,621468727,2001,44543,0,430,2932                    
2026-10-06T20:28:43.247	TEL,1113,S4,621478727,2001,44543,0,430,2932                    
2026-10-06T20:28:43.247	TEL,1114,S4,621488727,2001,44543,0,425,2932                    
2026-10-06T20:28:43.247	TEL,1115,S4,621498727,2001,44543,0,425,2932                    
2026-10-06T20:28:43.247	TEL,1116,S4,621508727,2001,44543,0,428,2932                    
2026-10-06T20:28:43.247	TEL,1117,S4,621518727,2001,44543,0,425,2928                    
2026-10-06T20:28:43.247	TEL,1118,S4,621528727,2001,44543,0,433,2928                    
2026-10-06T20:28:43.247	TEL,1119,S4,621538727,2001,44543,0,436,2932                    
2026-10-06T20:28:43.247	TEL,1120,S4,621548727,2001,44543,0,428,2932                    
2026-10-06T20:28:43.247	TEL,1121,S4,621558727,2001,44543,0,428,2932                    
2026-10-06T20:28:43.247	TEL,1122,S4,621568727,2001,44543,0,430,2932                    
2026-10-06T20:28:43.247	TEL,1123,S4,621578727,2001,44543,0,430,2932                    
2026-10-06T20:28:43.247	TEL,1124,S4,621588727,2001,44543,0,430,2932                    
2026-10-06T20:28:43.247	TEL,1125,S4,621598727,2001,44543,0,430,2932                    
2026-10-06T20:28:43.247	TEL,1126,S4,621608727,2001,44543,0,442,2932                    
2026-10-06T20:28:43.247	TEL,1127,S4,621618727,2001,44543,0,442,2932                    
2026-10-06T20:28:43.247	BTN,9,S4,PRESSED,621624935,621624943                           
2026-10-06T20:28:43.247	TEL,1128,S4,621628728,2003,44543,0,425,2932                    
2026-10-06T20:28:43.247	TEL,1129,S4,621638727,2002,44543,0,428,2933                    
2026-10-06T20:28:43.247	TEL,1130,S4,621648727,2001,44543,0,433,2933                    
2026-10-06T20:28:43.247	TEL,1131,S4,621658727,2001,44543,0,433,2935                    
2026-10-06T20:28:43.247	TEL,1132,S4,621668727,2001,44543,0,439,2935                    
2026-10-06T20:28:43.247	TEL,1133,S4,621678727,2001,44543,0,436,2932                    
2026-10-06T20:28:43.247	TEL,1134,S4,621688727,2001,44543,0,430,2932                    
2026-10-06T20:28:43.247	TEL,1135,S4,621698727,2001,44543,0,430,2932                    
2026-10-06T20:28:43.247	TEL,1136,S4,621708727,2001,44543,0,428,2932                    
2026-10-06T20:28:43.247	TEL,1137,S4,621718727,2001,44543,0,428,2932                    
2026-10-06T20:28:43.247	TEL,1138,S4,621728727,2001,44543,0,430,2932                    
2026-10-06T20:28:43.247	TEL,1139,S4,621738727,2001,44543,0,430,2932                    
2026-10-06T20:28:43.247	TEL,1140,S4,621748727,2001,44543,0,436,2932                    
2026-10-06T20:28:43.247	TEL,1141,S4,621758727,2001,44543,0,436,2932                    
2026-10-06T20:28:43.247	TEL,1142,S4,621768727,2001,44543,0,428,2932                    
2026-10-06T20:28:43.247	TEL,1143,S4,621778727,2001,44543,0,430,2935                    
2026-10-06T20:28:43.247	TEL,1144,S4,621788727,2001,44543,0,428,2935                    
2026-10-06T20:28:43.247	TEL,1145,S4,621798727,2001,44543,0,428,2935                    
2026-10-06T20:28:43.247	TEL,1146,S4,621808727,2001,44543,0,433,2935                    
2026-10-06T20:28:43.247	TEL,1147,S4,621818727,2001,44543,0,430,2932                    
2026-10-06T20:28:43.247	TEL,1148,S4,621828727,2001,44543,0,436,2932                    
2026-10-06T20:28:43.247	TEL,1149,S4,621838727,2001,44543,0,433,2928                    
2026-10-06T20:28:43.247	TEL,1150,S4,621848727,2001,44543,0,428,2928                    
2026-10-06T20:28:43.247	TEL,1151,S4,621858727,2001,44543,0,428,2928                    
2026-10-06T20:28:43.247	TEL,1152,S4,621868727,2001,44543,0,430,2928                    
2026-10-06T20:28:43.247	TEL,1153,S4,621878727,2001,44543,0,433,2932                    
2026-10-06T20:28:43.247	TEL,1154,S4,621888727,2001,44543,0,430,2932                    
2026-10-06T20:28:43.247	TEL,1155,S4,621898727,2001,44543,0,433,2935                    
2026-10-06T20:28:43.247	TEL,1156,S4,621908727,2001,44543,0,433,2935                    
2026-10-06T20:28:43.247	TEL,1157,S4,621918727,2001,44543,0,430,2932                    
2026-10-06T20:28:43.247	TEL,1158,S4,621928727,2001,44543,0,433,2932                    
2026-10-06T20:28:43.247	TEL,1159,S4,621938727,2001,44543,0,430,2928                    
2026-10-06T20:28:43.247	TEL,1160,S4,621948727,2001,44543,0,425,2928                    
2026-10-06T20:28:43.247	TEL,1161,S4,621958727,2001,44543,0,428,2932                    
2026-10-06T20:28:43.247	TEL,1162,S4,621968727,2001,44543,0,430,2932                    
2026-10-06T20:28:43.247	TEL,1163,S4,621978727,2001,44543,0,433,2935                    
2026-10-06T20:28:43.247	TEL,1164,S4,621988727,2001,44543,0,430,2935                    
2026-10-06T20:28:43.247	TEL,1165,S4,621998727,2001,44543,0,430,2935                    
2026-10-06T20:28:43.247	TEL,1166,S4,622008727,2001,44543,0,433,2935                    
2026-10-06T20:28:43.247	TEL,1167,S4,622018727,2001,44543,0,428,2928                    
2026-10-06T20:28:43.247	TEL,1168,S4,622028727,2001,44543,0,433,2928                    
2026-10-06T20:28:43.856	TEL,1169,S4,622038727,2001,44543,0,436,2932                    
2026-10-06T20:28:43.856	TEL,1170,S4,622048727,2001,44543,0,428,2932                    
2026-10-06T20:28:43.856	TEL,1171,S4,622058727,2001,44543,0,428,2932                    
2026-10-06T20:28:43.856	TEL,1172,S4,622068727,2001,44543,0,436,2932                    
2026-10-06T20:28:43.856	TEL,1173,S4,622078727,2001,44543,0,436,2933                    
2026-10-06T20:28:43.856	TEL,1174,S4,622088727,2001,44543,0,433,2933                    
2026-10-06T20:28:43.856	TEL,1175,S4,622098727,2001,44543,0,428,2928                    
2026-10-06T20:28:43.856	TEL,1176,S4,622108727,2001,44543,0,433,2928                    
2026-10-06T20:28:43.856	TEL,1177,S4,622118727,2001,44543,0,436,2932                    
2026-10-06T20:28:43.856	TEL,1178,S4,622128727,2001,44543,0,436,2932                    
2026-10-06T20:28:43.856	TEL,1179,S4,622138727,2001,44543,0,436,2932                    
2026-10-06T20:28:43.856	TEL,1180,S4,622148727,2001,44543,0,430,2932                    
2026-10-06T20:28:43.856	TEL,1181,S4,622158727,2001,44543,0,430,2932                    
2026-10-06T20:28:43.856	TEL,1182,S4,622168727,2001,44543,0,430,2932                    
2026-10-06T20:28:43.856	TEL,1183,S4,622178727,2001,44543,0,430,2932                    
2026-10-06T20:28:43.856	TEL,1184,S4,622188727,2001,44543,0,430,2932                    
2026-10-06T20:28:43.856	TEL,1185,S4,622198727,2001,44543,0,430,2932                    
2026-10-06T20:28:43.856	TEL,1186,S4,622208727,2001,44543,0,439,2932                    
2026-10-06T20:28:43.856	TEL,1187,S4,622218727,2001,44543,0,439,2932                    
2026-10-06T20:28:43.856	TEL,1188,S4,622228727,2001,44543,0,436,2932                    
2026-10-06T20:28:43.856	TEL,1189,S4,622238727,2001,44543,0,439,2935                    
2026-10-06T20:28:43.856	TEL,1190,S4,622248727,2001,44543,0,430,2935                    
2026-10-06T20:28:43.856	TEL,1191,S4,622258727,2001,44543,0,428,2932                    
2026-10-06T20:28:43.856	TEL,1192,S4,622268727,2001,44543,0,430,2932                    
2026-10-06T20:28:43.856	TEL,1193,S4,622278727,2001,44543,0,430,2932                    
2026-10-06T20:28:43.856	TEL,1194,S4,622288727,2001,44543,0,428,2932                    
2026-10-06T20:28:43.856	TEL,1195,S4,622298727,2001,44543,0,430,2935                    
2026-10-06T20:28:43.856	TEL,1196,S4,622308727,2001,44543,0,430,2935                    
2026-10-06T20:28:43.856	BTN,10,S4,PRESSED,622313941,622313948                          
2026-10-06T20:28:43.856	TEL,1197,S4,622318728,2003,44543,0,428,2932                    
2026-10-06T20:28:43.856	TEL,1198,S4,622328727,2001,44543,0,428,2932                    
2026-10-06T20:28:43.856	TEL,1199,S4,622338727,2001,44543,0,430,2935                    
2026-10-06T20:28:43.856	TEL,1200,S4,622348727,2001,44543,0,436,2935                    
2026-10-06T20:28:43.856	TEL,1201,S4,622358727,2001,44543,0,433,2932                    
2026-10-06T20:28:43.856	TEL,1202,S4,622368727,2001,44543,0,436,2932                    
2026-10-06T20:28:43.856	TEL,1203,S4,622378727,2001,44543,0,439,2935                    
2026-10-06T20:28:43.856	TEL,1204,S4,622388727,2001,44543,0,439,2935                    
2026-10-06T20:28:43.856	TEL,1205,S4,622398727,2001,44543,0,439,2935                    
2026-10-06T20:28:43.856	TEL,1206,S4,622408727,2001,44543,0,433,2935                    
2026-10-06T20:28:43.856	TEL,1207,S4,622418727,2001,44543,0,430,2932                    
2026-10-06T20:28:43.856	TEL,1208,S4,622428727,2001,44543,0,428,2932                    
2026-10-06T20:28:43.856	TEL,1209,S4,622438727,2001,44543,0,428,2932                    
2026-10-06T20:28:43.856	TEL,1210,S4,622448727,2001,44543,0,430,2932                    
2026-10-06T20:28:43.856	TEL,1211,S4,622458727,2001,44543,0,430,2932                    
2026-10-06T20:28:43.856	TEL,1212,S4,622468727,2001,44543,0,436,2932                    
2026-10-06T20:28:43.856	TEL,1213,S4,622478727,2001,44543,0,436,2932                    
2026-10-06T20:28:43.856	TEL,1214,S4,622488727,2001,44543,0,430,2932                    
2026-10-06T20:28:43.856	TEL,1215,S4,622498727,2001,44543,0,433,2935                    
2026-10-06T20:28:43.856	TEL,1216,S4,622508727,2001,44543,0,445,2935                    
2026-10-06T20:28:43.856	TEL,1217,S4,622518727,2001,44543,0,445,2935                    
2026-10-06T20:28:43.856	TEL,1218,S4,622528727,2001,44543,0,433,2935                    
2026-10-06T20:28:43.856	TEL,1219,S4,622538727,2001,44543,0,433,2935                    
2026-10-06T20:28:43.856	TEL,1220,S4,622548727,2001,44543,0,433,2935                    
2026-10-06T20:28:43.856	TEL,1221,S4,622558727,2001,44543,0,430,2932                    
2026-10-06T20:28:43.856	TEL,1222,S4,622568727,2001,44543,0,425,2932                    
2026-10-06T20:28:43.856	TEL,1223,S4,622578727,2001,44543,0,425,2932                    
2026-10-06T20:28:43.856	TEL,1224,S4,622588727,2001,44543,0,433,2932                    
2026-10-06T20:28:43.856	TEL,1225,S4,622598727,2001,44543,0,436,2935                    
2026-10-06T20:28:43.856	TEL,1226,S4,622608727,2001,44543,0,428,2935                    
2026-10-06T20:28:43.856	TEL,1227,S4,622618727,2001,44543,0,428,2935                    
2026-10-06T20:28:43.856	TEL,1228,S4,622628727,2001,44543,0,439,2935                    
2026-10-06T20:28:43.856	TEL,1229,S4,622638727,2001,44543,0,436,2932                    
2026-10-06T20:28:44.466	TEL,1230,S4,622648727,2001,44543,0,428,2932                    
2026-10-06T20:28:44.466	TEL,1231,S4,622658727,2001,44543,0,430,2935                    
2026-10-06T20:28:44.466	TEL,1232,S4,622668727,2001,44543,0,430,2935                    
2026-10-06T20:28:44.466	TEL,1233,S4,622678727,2001,44543,0,428,2932                    
2026-10-06T20:28:44.466	TEL,1234,S4,622688727,2001,44543,0,428,2932                    
2026-10-06T20:28:44.466	TEL,1235,S4,622698727,2001,44543,0,428,2932                    
2026-10-06T20:28:44.466	TEL,1236,S4,622708727,2001,44543,0,436,2932                    
2026-10-06T20:28:44.466	TEL,1237,S4,622718727,2001,44543,0,436,2932                    
2026-10-06T20:28:44.466	TEL,1238,S4,622728727,2001,44543,0,425,2932                    
2026-10-06T20:28:44.466	TEL,1239,S4,622738727,2001,44543,0,425,2932                    
2026-10-06T20:28:44.466	TEL,1240,S4,622748727,2001,44543,0,436,2932                    
2026-10-06T20:28:44.466	TEL,1241,S4,622758727,2001,44543,0,439,2935                    
2026-10-06T20:28:44.466	TEL,1242,S4,622768727,2001,44543,0,433,2935                    
2026-10-06T20:28:44.466	TEL,1243,S4,622778727,2001,44543,0,433,2935                    
2026-10-06T20:28:44.466	TEL,1244,S4,622788727,2001,44543,0,436,2935                    
2026-10-06T20:28:44.466	TEL,1245,S4,622798727,2001,44543,0,436,2935                    
2026-10-06T20:28:44.466	TEL,1246,S4,622808727,2001,44543,0,439,2935                    
2026-10-06T20:28:44.466	TEL,1247,S4,622818727,2001,44543,0,436,2932                    
2026-10-06T20:28:44.466	TEL,1248,S4,622828727,2001,44543,0,436,2932                    
2026-10-06T20:28:44.466	TEL,1249,S4,622838727,2001,44543,0,439,2935                    
2026-10-06T20:28:44.466	TEL,1250,S4,622848727,2001,44543,0,430,2935                    
2026-10-06T20:28:44.466	TEL,1251,S4,622858727,2001,44543,0,428,2932                    
2026-10-06T20:28:44.466	TEL,1252,S4,622868727,2001,44543,0,425,2932                    
2026-10-06T20:28:44.466	TEL,1253,S4,622878727,2001,44543,0,425,2932                    
2026-10-06T20:28:44.466	TEL,1254,S4,622888727,2001,44543,0,430,2932                    
2026-10-06T20:28:44.466	TEL,1255,S4,622898727,2001,44543,0,433,2933                    
2026-10-06T20:28:44.466	TEL,1256,S4,622908727,2001,44543,0,433,2933                    
2026-10-06T20:28:44.466	TEL,1257,S4,622918727,2001,44543,0,430,2932                    
2026-10-06T20:28:44.466	TEL,1258,S4,622928727,2001,44543,0,430,2932                    
2026-10-06T20:28:44.466	TEL,1259,S4,622938727,2001,44543,0,433,2935                    
2026-10-06T20:28:44.466	TEL,1260,S4,622948727,2001,44543,0,430,2935                    
2026-10-06T20:28:44.466	TEL,1261,S4,622958727,2001,44543,0,430,2935                    
2026-10-06T20:28:44.466	TEL,1262,S4,622968727,2001,44543,0,430,2935                    
2026-10-06T20:28:44.466	TEL,1263,S4,622978727,2001,44543,0,425,2928                    
2026-10-06T20:28:44.466	TEL,1264,S4,622988727,2001,44543,0,422,2928                    
2026-10-06T20:28:44.466	TEL,1265,S4,622998727,2001,44543,0,428,2935                    
2026-10-06T20:28:44.466	TEL,1266,S4,623008727,2001,44543,0,433,2935                    
2026-10-06T20:28:44.466	TEL,1267,S4,623018727,2001,44543,0,430,2932                    
2026-10-06T20:28:44.466	BTN,11,S4,PRESSED,623025946,623025954                          
2026-10-06T20:28:44.466	TEL,1268,S4,623028728,2003,44543,0,430,2932                    
2026-10-06T20:28:44.466	TEL,1269,S4,623038731,2006,44543,0,430,2932                    
2026-10-06T20:28:44.466	TEL,1270,S4,623048727,2001,44543,0,416,2932                    
2026-10-06T20:28:44.466	TEL,1271,S4,623058727,2001,44543,0,419,2935                    
2026-10-06T20:28:44.466	TEL,1272,S4,623068727,2001,44543,0,430,2935                    
2026-10-06T20:28:44.466	TEL,1273,S4,623078727,2001,44543,0,428,2932                    
2026-10-06T20:28:44.466	TEL,1274,S4,623088727,2001,44543,0,430,2932                    
2026-10-06T20:28:44.466	TEL,1275,S4,623098727,2001,44543,0,430,2932                    
2026-10-06T20:28:44.466	TEL,1276,S4,623108727,2001,44543,0,430,2932                    
2026-10-06T20:28:44.466	TEL,1277,S4,623118727,2001,44543,0,433,2935                    
2026-10-06T20:28:44.466	TEL,1278,S4,623128727,2001,44543,0,433,2935                    
2026-10-06T20:28:44.466	TEL,1279,S4,623138727,2001,44543,0,430,2932                    
2026-10-06T20:28:44.466	TEL,1280,S4,623148727,2001,44543,0,419,2932                    
2026-10-06T20:28:44.466	TEL,1281,S4,623158727,2001,44543,0,419,2932                    
2026-10-06T20:28:44.466	TEL,1282,S4,623168727,2001,44543,0,430,2932                    
2026-10-06T20:28:44.466	TEL,1283,S4,623178727,2001,44543,0,433,2935                    
2026-10-06T20:28:44.466	TEL,1284,S4,623188727,2001,44543,0,433,2935                    
2026-10-06T20:28:44.466	TEL,1285,S4,623198727,2001,44543,0,428,2928                    
2026-10-06T20:28:44.466	TEL,1286,S4,623208727,2001,44543,0,422,2928                    
2026-10-06T20:28:44.466	TEL,1287,S4,623218727,2001,44543,0,425,2932                    
2026-10-06T20:28:44.466	TEL,1288,S4,623228727,2001,44543,0,436,2932                    
2026-10-06T20:28:44.466	TEL,1289,S4,623238727,2001,44543,0,436,2932                    
2026-10-06T20:28:44.466	TEL,1290,S4,623248727,2001,44543,0,428,2932                    
2026-10-06T20:28:45.077	TEL,1291,S4,623258727,2001,44543,0,430,2935                    
2026-10-06T20:28:45.077	TEL,1292,S4,623268727,2001,44543,0,433,2935                    
2026-10-06T20:28:45.077	TEL,1293,S4,623278727,2001,44543,0,430,2932                    
2026-10-06T20:28:45.077	TEL,1294,S4,623288727,2001,44543,0,439,2932                    
2026-10-06T20:28:45.077	TEL,1295,S4,623298727,2001,44543,0,442,2935                    
2026-10-06T20:28:45.077	TEL,1296,S4,623308727,2001,44543,0,428,2935                    
2026-10-06T20:28:45.077	TEL,1297,S4,623318727,2001,44543,0,428,2935                    
2026-10-06T20:28:45.077	TEL,1298,S4,623328727,2001,44543,0,436,2935                    
2026-10-06T20:28:45.077	TEL,1299,S4,623338727,2001,44543,0,436,2935                    
2026-10-06T20:28:45.077	TEL,1300,S4,623348727,2001,44543,0,430,2935                    
2026-10-06T20:28:45.077	TEL,1301,S4,623358727,2001,44543,0,428,2932                    
2026-10-06T20:28:45.077	TEL,1302,S4,623368727,2001,44543,0,430,2932                    
2026-10-06T20:28:45.077	TEL,1303,S4,623378727,2001,44543,0,433,2935                    
2026-10-06T20:28:45.077	TEL,1304,S4,623388727,2001,44543,0,430,2935                    
2026-10-06T20:28:45.077	TEL,1305,S4,623398727,2001,44543,0,428,2932                    
2026-10-06T20:28:45.077	TEL,1306,S4,623408727,2001,44543,0,430,2932                    
2026-10-06T20:28:45.077	TEL,1307,S4,623418727,2001,44543,0,430,2932                    
2026-10-06T20:28:45.077	TEL,1308,S4,623428727,2001,44543,0,436,2932                    
2026-10-06T20:28:45.077	TEL,1309,S4,623438727,2001,44543,0,439,2935                    
2026-10-06T20:28:45.077	TEL,1310,S4,623448727,2001,44543,0,430,2935                    
2026-10-06T20:28:45.078	TEL,1311,S4,623458727,2001,44543,0,430,2935                    
2026-10-06T20:28:45.078	TEL,1312,S4,623468727,2001,44543,0,445,2935                    
2026-10-06T20:28:45.078	TEL,1313,S4,623478727,2001,44543,0,445,2935                    
2026-10-06T20:28:45.078	TEL,1314,S4,623488727,2001,44543,0,433,2935                    
2026-10-06T20:28:45.078	TEL,1315,S4,623498727,2001,44543,0,430,2932                    
2026-10-06T20:28:45.078	TEL,1316,S4,623508727,2001,44543,0,436,2932                    
2026-10-06T20:28:45.078	TEL,1317,S4,623518727,2001,44543,0,436,2932                    
2026-10-06T20:28:45.078	TEL,1318,S4,623528727,2001,44543,0,433,2932                    
2026-10-06T20:28:45.078	TEL,1319,S4,623538727,2001,44543,0,436,2935                    
2026-10-06T20:28:45.078	TEL,1320,S4,623548727,2001,44543,0,430,2935                    
2026-10-06T20:28:45.078	TEL,1321,S4,623558727,2001,44543,0,428,2932                    
2026-10-06T20:28:45.078	BTN,12,S4,PRESSED,623559952,623559959                          
2026-10-06T20:28:45.078	TEL,1322,S4,623568728,2003,44543,0,428,2932                    
2026-10-06T20:28:45.078	TEL,1323,S4,623578727,2001,44543,0,430,2933                    
2026-10-06T20:28:45.078	TEL,1324,S4,623588727,2001,44543,0,428,2933                    
2026-10-06T20:28:45.078	TEL,1325,S4,623598727,2001,44543,0,428,2935                    
2026-10-06T20:28:45.078	TEL,1326,S4,623608727,2001,44543,0,439,2935                    
2026-10-06T20:28:45.078	TEL,1327,S4,623618727,2001,44543,0,433,2928                    
2026-10-06T20:28:45.078	TEL,1328,S4,623628727,2001,44543,0,425,2928                    
2026-10-06T20:28:45.078	TEL,1329,S4,623638727,2001,44543,0,428,2932                    
2026-10-06T20:28:45.078	TEL,1330,S4,623648727,2001,44543,0,439,2932                    
2026-10-06T20:28:45.078	TEL,1331,S4,623658727,2001,44543,0,439,2932                    
2026-10-06T20:28:45.078	TEL,1332,S4,623668727,2001,44543,0,428,2932                    
2026-10-06T20:28:45.078	TEL,1333,S4,623678727,2001,44543,0,425,2928                    
2026-10-06T20:28:45.078	TEL,1334,S4,623688727,2001,44543,0,422,2928                    
2026-10-06T20:28:45.078	TEL,1335,S4,623698727,2001,44543,0,428,2935                    
2026-10-06T20:28:45.078	TEL,1336,S4,623708727,2001,44543,0,430,2935                    
2026-10-06T20:28:45.078	TEL,1337,S4,623718727,2001,44543,0,430,2935                    
2026-10-06T20:28:45.078	TEL,1338,S4,623728727,2001,44543,0,433,2935                    
2026-10-06T20:28:45.078	TEL,1339,S4,623738727,2001,44543,0,433,2935                    
2026-10-06T20:28:45.078	TEL,1340,S4,623748727,2001,44543,0,428,2935                    
2026-10-06T20:28:45.078	TEL,1341,S4,623758727,2001,44543,0,425,2932                    
2026-10-06T20:28:45.078	TEL,1342,S4,623768727,2001,44543,0,425,2932                    
2026-10-06T20:28:45.078	TEL,1343,S4,623778727,2001,44543,0,425,2932                    
2026-10-06T20:28:45.078	TEL,1344,S4,623788727,2001,44543,0,430,2932                    
2026-10-06T20:28:45.078	TEL,1345,S4,623798727,2001,44543,0,433,2935                    
2026-10-06T20:28:45.078	TEL,1346,S4,623808727,2001,44543,0,433,2935                    
2026-10-06T20:28:45.078	TEL,1347,S4,623818727,2001,44543,0,433,2935                    
2026-10-06T20:28:45.078	TEL,1348,S4,623828727,2001,44543,0,430,2935                    
2026-10-06T20:28:45.078	TEL,1349,S4,623838727,2001,44543,0,430,2935                    
2026-10-06T20:28:45.078	TEL,1350,S4,623848727,2001,44543,0,439,2935                    
2026-10-06T20:28:45.078	TEL,1351,S4,623858727,2001,44543,0,436,2932                    
2026-10-06T20:28:45.682	TEL,1352,S4,623868727,2001,44543,0,439,2932                    
2026-10-06T20:28:45.682	TEL,1353,S4,623878727,2001,44543,0,439,2932                    
2026-10-06T20:28:45.682	TEL,1354,S4,623888727,2001,44543,0,425,2932                    
2026-10-06T20:28:45.682	TEL,1355,S4,623898727,2001,44543,0,425,2932                    
2026-10-06T20:28:45.682	TEL,1356,S4,623908727,2001,44543,0,425,2932                    
2026-10-06T20:28:45.682	TEL,1357,S4,623918727,2001,44543,0,428,2935                    
2026-10-06T20:28:45.682	TEL,1358,S4,623928727,2001,44543,0,430,2935                    
2026-10-06T20:28:45.682	TEL,1359,S4,623938727,2001,44543,0,428,2932                    
2026-10-06T20:28:45.682	TEL,1360,S4,623948727,2001,44543,0,436,2932                    
2026-10-06T20:28:45.682	TEL,1361,S4,623958727,2001,44543,0,433,2928                    
2026-10-06T20:28:45.682	TEL,1362,S4,623968727,2001,44543,0,428,2928                    
2026-10-06T20:28:45.682	TEL,1363,S4,623978727,2001,44543,0,430,2932                    
2026-10-06T20:28:45.682	TEL,1364,S4,623988727,2001,44543,0,428,2932                    
2026-10-06T20:28:45.682	TEL,1365,S4,623998727,2001,44543,0,430,2933                    
2026-10-06T20:28:45.682	TEL,1366,S4,624008727,2001,44543,0,433,2933                    
2026-10-06T20:28:45.682	TEL,1367,S4,624018727,2001,44543,0,430,2932                    
2026-10-06T20:28:45.682	TEL,1368,S4,624028727,2001,44543,0,442,2932                    
2026-10-06T20:28:45.682	TEL,1369,S4,624038727,2001,44543,0,445,2935                    
2026-10-06T20:28:45.682	TEL,1370,S4,624048727,2001,44543,0,428,2935                    
2026-10-06T20:28:45.682	TEL,1371,S4,624058727,2001,44543,0,425,2932                    
2026-10-06T20:28:45.682	TEL,1372,S4,624068727,2001,44543,0,433,2932                    
2026-10-06T20:28:45.682	TEL,1373,S4,624078727,2001,44543,0,433,2932                    
2026-10-06T20:28:45.682	TEL,1374,S4,624088727,2001,44543,0,433,2932                    
2026-10-06T20:28:45.682	TEL,1375,S4,624098727,2001,44543,0,436,2935                    
2026-10-06T20:28:45.682	TEL,1376,S4,624108727,2001,44543,0,428,2935                    
2026-10-06T20:28:45.682	TEL,1377,S4,624118727,2001,44543,0,425,2932                    
2026-10-06T20:28:45.682	TEL,1378,S4,624128727,2001,44543,0,430,2932                    
2026-10-06T20:28:45.682	TEL,1379,S4,624138727,2001,44543,0,430,2932                    
2026-10-06T20:28:45.682	BTN,13,S4,PRESSED,624138957,624138964                          
2026-10-06T20:28:45.682	TEL,1380,S4,624148728,2003,44543,0,425,2932                    
2026-10-06T20:28:45.682	TEL,1381,S4,624158727,2001,44543,0,428,2933                    
2026-10-06T20:28:45.682	TEL,1382,S4,624168727,2001,44543,0,442,2933                    
2026-10-06T20:28:45.682	TEL,1383,S4,624178727,2001,44543,0,436,2928                    
2026-10-06T20:28:45.682	TEL,1384,S4,624188727,2001,44543,0,428,2928                    
2026-10-06T20:28:45.682	TEL,1385,S4,624198727,2001,44543,0,430,2932                    
2026-10-06T20:28:45.682	TEL,1386,S4,624208727,2001,44543,0,428,2932                    
2026-10-06T20:28:45.682	TEL,1387,S4,624218727,2001,44543,0,428,2932                    
2026-10-06T20:28:45.682	TEL,1388,S4,624228727,2001,44543,0,428,2932                    
2026-10-06T20:28:45.682	TEL,1389,S4,624238727,2001,44543,0,428,2932                    
2026-10-06T20:28:45.682	TEL,1390,S4,624248727,2001,44543,0,428,2932                    
2026-10-06T20:28:45.682	TEL,1391,S4,624258727,2001,44543,0,428,2932                    
2026-10-06T20:28:45.682	TEL,1392,S4,624268727,2001,44543,0,425,2932                    
2026-10-06T20:28:45.682	TEL,1393,S4,624278727,2001,44543,0,425,2932                    
2026-10-06T20:28:45.682	TEL,1394,S4,624288727,2001,44543,0,430,2932                    
2026-10-06T20:28:45.682	TEL,1395,S4,624298727,2001,44543,0,428,2928                    
2026-10-06T20:28:45.682	TEL,1396,S4,624308727,2001,44543,0,428,2928                    
2026-10-06T20:28:45.682	TEL,1397,S4,624318727,2001,44543,0,430,2932                    
2026-10-06T20:28:45.682	TEL,1398,S4,624328727,2001,44543,0,445,2932                    
2026-10-06T20:28:45.682	TEL,1399,S4,624338727,2001,44543,0,445,2932                    
2026-10-06T20:28:45.682	TEL,1400,S4,624348727,2001,44543,0,428,2932                    
2026-10-06T20:28:45.682	TEL,1401,S4,624358727,2001,44543,0,428,2932                    
2026-10-06T20:28:45.682	TEL,1402,S4,624368727,2001,44543,0,428,2932                    
2026-10-06T20:28:45.682	TEL,1403,S4,624378727,2001,44543,0,428,2932                    
2026-10-06T20:28:45.682	TEL,1404,S4,624388727,2001,44543,0,428,2932                    
2026-10-06T20:28:45.682	TEL,1405,S4,624398727,2001,44543,0,428,2932                    
2026-10-06T20:28:45.682	TEL,1406,S4,624408727,2001,44543,0,436,2932                    
2026-10-06T20:28:45.682	TEL,1407,S4,624418727,2001,44543,0,439,2935                    
2026-10-06T20:28:45.682	TEL,1408,S4,624428727,2001,44543,0,430,2935                    
2026-10-06T20:28:45.682	TEL,1409,S4,624438727,2001,44543,0,428,2932                    
2026-10-06T20:28:45.682	TEL,1410,S4,624448727,2001,44543,0,425,2932                    
2026-10-06T20:28:45.682	TEL,1411,S4,624458727,2001,44543,0,425,2932                    
2026-10-06T20:28:45.682	TEL,1412,S4,624468727,2001,44543,0,430,2932                    
2026-10-06T20:28:46.298	TEL,1413,S4,624478727,2001,44543,0,433,2935                    
2026-10-06T20:28:46.298	TEL,1414,S4,624488727,2001,44543,0,428,2935                    
2026-10-06T20:28:46.298	TEL,1415,S4,624498727,2001,44543,0,428,2935                    
2026-10-06T20:28:46.298	TEL,1416,S4,624508727,2001,44543,0,439,2935                    
2026-10-06T20:28:46.298	TEL,1417,S4,624518727,2001,44543,0,436,2933                    
2026-10-06T20:28:46.298	TEL,1418,S4,624528727,2001,44543,0,436,2933                    
2026-10-06T20:28:46.298	TEL,1419,S4,624538727,2001,44543,0,436,2932                    
2026-10-06T20:28:46.298	TEL,1420,S4,624548727,2001,44543,0,419,2932                    
2026-10-06T20:28:46.298	TEL,1421,S4,624558727,2001,44543,0,419,2932                    
2026-10-06T20:28:46.298	TEL,1422,S4,624568727,2001,44543,0,433,2932                    
2026-10-06T20:28:46.298	TEL,1423,S4,624578727,2001,44543,0,436,2935                    
2026-10-06T20:28:46.298	TEL,1424,S4,624588727,2001,44543,0,439,2935                    
2026-10-06T20:28:46.298	TEL,1425,S4,624598727,2001,44543,0,436,2932                    
2026-10-06T20:28:46.298	TEL,1426,S4,624608727,2001,44543,0,430,2932                    
2026-10-06T20:28:46.298	TEL,1427,S4,624618727,2001,44543,0,433,2935                    
2026-10-06T20:28:46.298	TEL,1428,S4,624628727,2001,44543,0,430,2935                    
2026-10-06T20:28:46.298	TEL,1429,S4,624638727,2001,44543,0,425,2928                    
2026-10-06T20:28:46.298	TEL,1430,S4,624648727,2001,44543,0,425,2928                    
2026-10-06T20:28:46.298	TEL,1431,S4,624658727,2001,44543,0,428,2932                    
2026-10-06T20:28:46.298	TEL,1432,S4,624668727,2001,44543,0,430,2932                    
2026-10-06T20:28:46.298	TEL,1433,S4,624678727,2001,44543,0,430,2932                    
2026-10-06T20:28:46.298	TEL,1434,S4,624688727,2001,44543,0,436,2932                    
2026-10-06T20:28:46.298	TEL,1435,S4,624698727,2001,44543,0,439,2935                    
2026-10-06T20:28:46.298	TEL,1436,S4,624708727,2001,44543,0,436,2935                    
2026-10-06T20:28:46.298	TEL,1437,S4,624718727,2001,44543,0,436,2935                    
2026-10-06T20:28:46.298	TEL,1438,S4,624728727,2001,44543,0,428,2935                    
2026-10-06T20:28:46.298	TEL,1439,S4,624738727,2001,44543,0,425,2932                    
2026-10-06T20:28:46.298	TEL,1440,S4,624748727,2001,44543,0,439,2932                    
2026-10-06T20:28:46.298	TEL,1441,S4,624758727,2001,44543,0,439,2932                    
2026-10-06T20:28:46.298	TEL,1442,S4,624768727,2001,44543,0,425,2932                    
2026-10-06T20:28:46.298	TEL,1443,S4,624778727,2001,44543,0,425,2932                    
2026-10-06T20:28:46.298	TEL,1444,S4,624788727,2001,44543,0,430,2932                    
2026-10-06T20:28:46.298	TEL,1445,S4,624798727,2001,44543,0,436,2939                    
2026-10-06T20:28:46.298	TEL,1446,S4,624808727,2001,44543,0,433,2939                    
2026-10-06T20:28:46.298	TEL,1447,S4,624818727,2001,44543,0,428,2932                    
2026-10-06T20:28:46.298	TEL,1448,S4,624828727,2001,44543,0,430,2932                    
2026-10-06T20:28:46.298	TEL,1449,S4,624838727,2001,44543,0,433,2935                    
2026-10-06T20:28:46.298	TEL,1450,S4,624848727,2001,44543,0,430,2935                    
2026-10-06T20:28:46.298	BTN,14,S4,PRESSED,624848963,624848970                          
2026-10-06T20:28:46.298	TEL,1451,S4,624858728,2003,44543,0,428,2932                    
2026-10-06T20:28:46.298	TEL,1452,S4,624868727,2001,44543,0,425,2932                    
2026-10-06T20:28:46.298	TEL,1453,S4,624878727,2001,44543,0,428,2933                    
2026-10-06T20:28:46.298	TEL,1454,S4,624888727,2001,44543,0,430,2933                    
2026-10-06T20:28:46.298	TEL,1455,S4,624898727,2001,44543,0,428,2932                    
2026-10-06T20:28:46.298	TEL,1456,S4,624908727,2001,44543,0,430,2932                    
2026-10-06T20:28:46.298	TEL,1457,S4,624918727,2001,44543,0,430,2932                    
2026-10-06T20:28:46.298	TEL,1458,S4,624928727,2001,44543,0,436,2932                    
2026-10-06T20:28:46.298	TEL,1459,S4,624938727,2001,44543,0,436,2932                    
2026-10-06T20:28:46.298	TEL,1460,S4,624948727,2001,44543,0,430,2932                    
2026-10-06T20:28:46.298	TEL,1461,S4,624958727,2001,44543,0,433,2935                    
2026-10-06T20:28:46.298	TEL,1462,S4,624968727,2001,44543,0,430,2935                    
2026-10-06T20:28:46.298	TEL,1463,S4,624978727,2001,44543,0,430,2935                    
2026-10-06T20:28:46.298	TEL,1464,S4,624988727,2001,44543,0,433,2935                    
2026-10-06T20:28:46.298	TEL,1465,S4,624998727,2001,44543,0,430,2932                    
2026-10-06T20:28:46.298	TEL,1466,S4,625008727,2001,44543,0,428,2932                    
2026-10-06T20:28:46.298	TEL,1467,S4,625018727,2001,44543,0,428,2932                    
2026-10-06T20:28:46.298	TEL,1468,S4,625028727,2001,44543,0,436,2932                    
2026-10-06T20:28:46.298	TEL,1469,S4,625038727,2001,44543,0,439,2935                    
2026-10-06T20:28:46.298	TEL,1470,S4,625048727,2001,44543,0,433,2935                    
2026-10-06T20:28:46.298	TEL,1471,S4,625058727,2001,44543,0,433,2935                    
2026-10-06T20:28:46.298	TEL,1472,S4,625068727,2001,44543,0,433,2935                    
2026-10-06T20:28:46.298	TEL,1473,S4,625078727,2001,44543,0,430,2932                    
2026-10-06T20:28:46.904	TEL,1474,S4,625088727,2001,44543,0,430,2932                    
2026-10-06T20:28:46.904	TEL,1475,S4,625098727,2001,44543,0,430,2932                    
2026-10-06T20:28:46.904	TEL,1476,S4,625108727,2001,44543,0,430,2932                    
2026-10-06T20:28:46.904	TEL,1477,S4,625118727,2001,44543,0,430,2932                    
2026-10-06T20:28:46.904	TEL,1478,S4,625128727,2001,44543,0,425,2932                    
2026-10-06T20:28:46.904	TEL,1479,S4,625138727,2001,44543,0,428,2935                    
2026-10-06T20:28:46.904	TEL,1480,S4,625148727,2001,44543,0,430,2935                    
2026-10-06T20:28:46.904	TEL,1481,S4,625158727,2001,44543,0,430,2935                    
2026-10-06T20:28:46.904	TEL,1482,S4,625168727,2001,44543,0,433,2935                    
2026-10-06T20:28:46.904	TEL,1483,S4,625178727,2001,44543,0,433,2935                    
2026-10-06T20:28:46.904	TEL,1484,S4,625188727,2001,44543,0,430,2935                    
2026-10-06T20:28:46.904	TEL,1485,S4,625198727,2001,44543,0,425,2928                    
2026-10-06T20:28:46.904	TEL,1486,S4,625208727,2001,44543,0,436,2928                    
2026-10-06T20:28:46.904	TEL,1487,S4,625218727,2001,44543,0,439,2932                    
2026-10-06T20:28:46.904	TEL,1488,S4,625228727,2001,44543,0,430,2932                    
2026-10-06T20:28:46.904	TEL,1489,S4,625238727,2001,44543,0,430,2932                    
2026-10-06T20:28:46.904	TEL,1490,S4,625248727,2001,44543,0,430,2932                    
2026-10-06T20:28:46.904	TEL,1491,S4,625258727,2001,44543,0,433,2935                    
2026-10-06T20:28:46.904	TEL,1492,S4,625268727,2001,44543,0,430,2935                    
2026-10-06T20:28:46.904	TEL,1493,S4,625278727,2001,44543,0,430,2935                    
2026-10-06T20:28:46.904	TEL,1494,S4,625288727,2001,44543,0,433,2935                    
2026-10-06T20:28:46.904	TEL,1495,S4,625298727,2001,44543,0,430,2932                    
2026-10-06T20:28:46.904	TEL,1496,S4,625308727,2001,44543,0,425,2932                    
2026-10-06T20:28:46.904	TEL,1497,S4,625318727,2001,44543,0,425,2932                    
2026-10-06T20:28:46.904	TEL,1498,S4,625328727,2001,44543,0,430,2932                    
2026-10-06T20:28:46.904	TEL,1499,S4,625338727,2001,44543,0,430,2932                    
2026-10-06T20:28:46.904	TEL,1500,S4,625348727,2001,44543,0,425,2932                    
2026-10-06T20:28:46.904	TEL,1501,S4,625358727,2001,44543,0,425,2932                    
2026-10-06T20:28:46.904	TEL,1502,S4,625368727,2001,44543,0,428,2932                    
2026-10-06T20:28:46.904	TEL,1503,S4,625378727,2001,44543,0,425,2928                    
2026-10-06T20:28:46.904	TEL,1504,S4,625388727,2001,44543,0,428,2928                    
2026-10-06T20:28:46.904	TEL,1505,S4,625398727,2001,44543,0,430,2932                    
2026-10-06T20:28:46.904	TEL,1506,S4,625408727,2001,44543,0,430,2932                    
2026-10-06T20:28:46.904	TEL,1507,S4,625418727,2001,44543,0,430,2932                    
2026-10-06T20:28:46.904	BTN,15,S4,PRESSED,625419968,625419975                          
2026-10-06T20:28:46.904	TEL,1508,S4,625428728,2003,44543,0,430,2932                    
2026-10-06T20:28:46.904	TEL,1509,S4,625438727,2001,44543,0,433,2933                    
2026-10-06T20:28:46.904	TEL,1510,S4,625448727,2001,44543,0,428,2933                    
2026-10-06T20:28:46.904	TEL,1511,S4,625458727,2001,44543,0,425,2932                    
2026-10-06T20:28:46.904	TEL,1512,S4,625468727,2001,44543,0,430,2932                    
2026-10-06T20:28:46.904	TEL,1513,S4,625478727,2001,44543,0,433,2935                    
2026-10-06T20:28:46.904	TEL,1514,S4,625488727,2001,44543,0,433,2935                    
2026-10-06T20:28:46.904	TEL,1515,S4,625498727,2001,44543,0,428,2928                    
2026-10-06T20:28:46.904	TEL,1516,S4,625508727,2001,44543,0,425,2928                    
2026-10-06T20:28:46.904	TEL,1517,S4,625518727,2001,44543,0,428,2932                    
2026-10-06T20:28:46.904	TEL,1518,S4,625528727,2001,44543,0,428,2932                    
2026-10-06T20:28:46.904	TEL,1519,S4,625538727,2001,44543,0,430,2935                    
2026-10-06T20:28:46.904	TEL,1520,S4,625548727,2001,44543,0,430,2935                    
2026-10-06T20:28:46.904	TEL,1521,S4,625558727,2001,44543,0,428,2932                    
2026-10-06T20:28:46.904	TEL,1522,S4,625568727,2001,44543,0,428,2932                    
2026-10-06T20:28:46.904	TEL,1523,S4,625578727,2001,44543,0,430,2933                    
2026-10-06T20:28:46.904	TEL,1524,S4,625588727,2001,44543,0,433,2933                    
2026-10-06T20:28:46.904	TEL,1525,S4,625598727,2001,44543,0,430,2932                    
2026-10-06T20:28:46.904	TEL,1526,S4,625608727,2001,44543,0,436,2932                    
2026-10-06T20:28:46.904	TEL,1527,S4,625618727,2001,44543,0,436,2932                    
2026-10-06T20:28:46.904	TEL,1528,S4,625628727,2001,44543,0,425,2932                    
2026-10-06T20:28:46.904	TEL,1529,S4,625638727,2001,44543,0,425,2932                    
2026-10-06T20:28:46.904	TEL,1530,S4,625648727,2001,44543,0,430,2932                    
2026-10-06T20:28:46.904	TEL,1531,S4,625658727,2001,44543,0,433,2935                    
2026-10-06T20:28:46.904	TEL,1532,S4,625668727,2001,44543,0,428,2935                    
2026-10-06T20:28:46.904	TEL,1533,S4,625678727,2001,44543,0,425,2932                    
2026-10-06T20:28:46.904	TEL,1534,S4,625688727,2001,44543,0,430,2932                    
2026-10-06T20:28:47.522	TEL,1535,S4,625698727,2001,44543,0,433,2935                    
2026-10-06T20:28:47.522	TEL,1536,S4,625708727,2001,44543,0,428,2935                    
2026-10-06T20:28:47.522	TEL,1537,S4,625718727,2001,44543,0,422,2928                    
2026-10-06T20:28:47.522	TEL,1538,S4,625728727,2001,44543,0,433,2928                    
2026-10-06T20:28:47.522	TEL,1539,S4,625738727,2001,44543,0,436,2933                    
2026-10-06T20:28:47.522	TEL,1540,S4,625748727,2001,44543,0,436,2933                    
2026-10-06T20:28:47.522	TEL,1541,S4,625758727,2001,44543,0,436,2933                    
2026-10-06T20:28:47.522	TEL,1542,S4,625768727,2001,44543,0,433,2933                    
2026-10-06T20:28:47.522	TEL,1543,S4,625778727,2001,44543,0,430,2932                    
2026-10-06T20:28:47.522	TEL,1544,S4,625788727,2001,44543,0,430,2932                    
2026-10-06T20:28:47.522	TEL,1545,S4,625798727,2001,44543,0,433,2935                    
2026-10-06T20:28:47.522	TEL,1546,S4,625808727,2001,44543,0,433,2935                    
2026-10-06T20:28:47.522	TEL,1547,S4,625818727,2001,44543,0,430,2932                    
2026-10-06T20:28:47.522	TEL,1548,S4,625828727,2001,44543,0,430,2932                    
2026-10-06T20:28:47.522	TEL,1549,S4,625838727,2001,44543,0,430,2932                    
2026-10-06T20:28:47.522	TEL,1550,S4,625848727,2001,44543,0,430,2932                    
2026-10-06T20:28:47.522	TEL,1551,S4,625858727,2001,44543,0,433,2935                    
2026-10-06T20:28:47.522	TEL,1552,S4,625868727,2001,44543,0,428,2935                    
2026-10-06T20:28:47.522	TEL,1553,S4,625878727,2001,44543,0,425,2932                    
2026-10-06T20:28:47.522	TEL,1554,S4,625888727,2001,44543,0,436,2932                    
2026-10-06T20:28:47.522	TEL,1555,S4,625898727,2001,44543,0,436,2932                    
2026-10-06T20:28:47.522	TEL,1556,S4,625908727,2001,44543,0,425,2932                    
2026-10-06T20:28:47.522	TEL,1557,S4,625918727,2001,44543,0,425,2932                    
2026-10-06T20:28:47.522	TEL,1558,S4,625928727,2001,44543,0,430,2932                    
2026-10-06T20:28:47.522	TEL,1559,S4,625938727,2001,44543,0,433,2935                    
2026-10-06T20:28:47.522	TEL,1560,S4,625948727,2001,44543,0,433,2935                    
2026-10-06T20:28:47.522	TEL,1561,S4,625958727,2001,44543,0,433,2935                    
2026-10-06T20:28:47.522	TEL,1562,S4,625968727,2001,44543,0,433,2935                    
2026-10-06T20:28:47.522	TEL,1563,S4,625978727,2001,44543,0,433,2935                    
2026-10-06T20:28:47.522	TEL,1564,S4,625988727,2001,44543,0,433,2935                    
2026-10-06T20:28:47.522	TEL,1565,S4,625998727,2001,44543,0,433,2933                    
2026-10-06T20:28:47.522	TEL,1566,S4,626008727,2001,44543,0,428,2933                    
2026-10-06T20:28:47.522	TEL,1567,S4,626018727,2001,44543,0,425,2932                    
2026-10-06T20:28:47.522	TEL,1568,S4,626028727,2001,44543,0,425,2932                    
2026-10-06T20:28:47.522	TEL,1569,S4,626038727,2001,44543,0,422,2928                    
2026-10-06T20:28:47.522	TEL,1570,S4,626048727,2001,44543,0,428,2928                    
2026-10-06T20:28:47.522	TEL,1571,S4,626058727,2001,44543,0,430,2932                    
2026-10-06T20:28:47.522	TEL,1572,S4,626068727,2001,44543,0,430,2932                    
2026-10-06T20:28:47.522	TEL,1573,S4,626078727,2001,44543,0,430,2932                    
2026-10-06T20:28:47.522	TEL,1574,S4,626088727,2001,44543,0,442,2932                    
2026-10-06T20:28:47.522	TEL,1575,S4,626098727,2001,44543,0,442,2933                    
2026-10-06T20:28:47.522	TEL,1576,S4,626108727,2001,44543,0,436,2933                    
2026-10-06T20:28:47.522	TEL,1577,S4,626118727,2001,44543,0,439,2935                    
2026-10-06T20:28:47.522	TEL,1578,S4,626128727,2001,44543,0,442,2935                    
2026-10-06T20:28:47.522	TEL,1579,S4,626138727,2001,44543,0,436,2928                    
2026-10-06T20:28:47.522	TEL,1580,S4,626148727,2001,44543,0,428,2928                    
2026-10-06T20:28:47.522	TEL,1581,S4,626158727,2001,44543,0,433,2935                    
2026-10-06T20:28:47.522	TEL,1582,S4,626168727,2001,44543,0,439,2935                    
2026-10-06T20:28:47.522	TEL,1583,S4,626178727,2001,44543,0,436,2932                    
2026-10-06T20:28:47.522	TEL,1584,S4,626188727,2001,44543,0,433,2932                    
2026-10-06T20:28:47.522	TEL,1585,S4,626198727,2001,44543,0,433,2932                    
2026-10-06T20:28:47.522	TEL,1586,S4,626208727,2001,44543,0,436,2932                    
2026-10-06T20:28:47.522	TEL,1587,S4,626218727,2001,44543,0,433,2928                    
2026-10-06T20:28:47.522	TEL,1588,S4,626228727,2001,44543,0,433,2928                    
2026-10-06T20:28:47.522	TEL,1589,S4,626238727,2001,44543,0,436,2932                    
2026-10-06T20:28:47.522	TEL,1590,S4,626248727,2001,44543,0,430,2932                    
2026-10-06T20:28:47.522	TEL,1591,S4,626258727,2001,44543,0,433,2933                    
2026-10-06T20:28:47.522	TEL,1592,S4,626268727,2001,44543,0,433,2933                    
2026-10-06T20:28:47.522	TEL,1593,S4,626278727,2001,44543,0,430,2932                    
2026-10-06T20:28:47.522	TEL,1594,S4,626288727,2001,44543,0,430,2932                    
2026-10-06T20:28:47.522	TEL,1595,S4,626298727,2001,44543,0,430,2932                    
2026-10-06T20:28:47.522	TEL,1596,S4,626308727,2001,44543,0,436,2932                    
2026-10-06T20:28:48.127	BTN,16,S4,PRESSED,626314974,626314981                          
2026-10-06T20:28:48.127	TEL,1597,S4,626318728,2003,44543,0,436,2932                    
2026-10-06T20:28:48.127	TEL,1598,S4,626328727,2002,44543,0,425,2932                    
2026-10-06T20:28:48.127	TEL,1599,S4,626338727,2001,44543,0,425,2932                    
2026-10-06T20:28:48.127	TEL,1600,S4,626348727,2001,44543,0,430,2932                    
2026-10-06T20:28:48.127	TEL,1601,S4,626358727,2001,44543,0,430,2932                    
2026-10-06T20:28:48.127	TEL,1602,S4,626368727,2001,44543,0,433,2932                    
2026-10-06T20:28:48.127	TEL,1603,S4,626378727,2001,44543,0,433,2932                    
2026-10-06T20:28:48.127	TEL,1604,S4,626388727,2001,44543,0,436,2932                    
2026-10-06T20:28:48.127	TEL,1605,S4,626398727,2001,44543,0,433,2928                    
2026-10-06T20:28:48.127	TEL,1606,S4,626408727,2001,44543,0,428,2928                    
2026-10-06T20:28:48.127	TEL,1607,S4,626418727,2001,44543,0,433,2935                    
2026-10-06T20:28:48.127	TEL,1608,S4,626428727,2001,44543,0,445,2935                    
2026-10-06T20:28:48.127	TEL,1609,S4,626438727,2001,44543,0,445,2935                    
2026-10-06T20:28:48.127	TEL,1610,S4,626448727,2001,44543,0,451,2935                    
2026-10-06T20:28:48.127	TEL,1611,S4,626458727,2001,44543,0,445,2932                    
2026-10-06T20:28:48.127	TEL,1612,S4,626468727,2001,44543,0,428,2932                    
2026-10-06T20:28:48.127	TEL,1613,S4,626478727,2001,44543,0,428,2932                    
2026-10-06T20:28:48.127	TEL,1614,S4,626488727,2001,44543,0,436,2932                    
2026-10-06T20:28:48.127	TEL,1615,S4,626498727,2001,44543,0,436,2932                    
2026-10-06T20:28:48.127	TEL,1616,S4,626508727,2001,44543,0,445,2932                    
2026-10-06T20:28:48.127	TEL,1617,S4,626518727,2001,44543,0,451,2935                    
2026-10-06T20:28:48.127	TEL,1618,S4,626528727,2001,44543,0,433,2935                    
2026-10-06T20:28:48.127	TEL,1619,S4,626538727,2001,44543,0,433,2935                    
2026-10-06T20:28:48.127	TEL,1620,S4,626548727,2001,44543,0,433,2935                    
2026-10-06T20:28:48.127	TEL,1621,S4,626558727,2001,44543,0,430,2932                    
2026-10-06T20:28:48.127	TEL,1622,S4,626568727,2001,44543,0,430,2932                    
2026-10-06T20:28:48.127	TEL,1623,S4,626578727,2001,44543,0,430,2932                    
2026-10-06T20:28:48.127	TEL,1624,S4,626588727,2001,44543,0,428,2932                    
2026-10-06T20:28:48.127	TEL,1625,S4,626598727,2001,44543,0,428,2932                    
2026-10-06T20:28:48.127	TEL,1626,S4,626608727,2001,44543,0,428,2932                    
2026-10-06T20:28:48.127	TEL,1627,S4,626618727,2001,44543,0,430,2935                    
2026-10-06T20:28:48.127	TEL,1628,S4,626628727,2001,44543,0,433,2935                    
2026-10-06T20:28:48.127	TEL,1629,S4,626638727,2001,44543,0,430,2932                    
2026-10-06T20:28:48.127	TEL,1630,S4,626648727,2001,44543,0,430,2932                    
2026-10-06T20:28:48.127	TEL,1631,S4,626658727,2001,44543,0,430,2932                    
2026-10-06T20:28:48.127	TEL,1632,S4,626668727,2001,44543,0,430,2932                    
2026-10-06T20:28:48.127	TEL,1633,S4,626678727,2001,44543,0,430,2932                    
2026-10-06T20:28:48.127	TEL,1634,S4,626688727,2001,44543,0,428,2932                    
2026-10-06T20:28:48.127	TEL,1635,S4,626698727,2001,44543,0,430,2935                    
2026-10-06T20:28:48.127	TEL,1636,S4,626708727,2001,44543,0,433,2935                    
2026-10-06T20:28:48.127	TEL,1637,S4,626718727,2001,44543,0,430,2932                    
2026-10-06T20:28:48.127	TEL,1638,S4,626728727,2001,44543,0,430,2932                    
2026-10-06T20:28:48.127	TEL,1639,S4,626738727,2001,44543,0,433,2935                    
2026-10-06T20:28:48.127	TEL,1640,S4,626748727,2001,44543,0,430,2935                    
2026-10-06T20:28:48.127	TEL,1641,S4,626758727,2001,44543,0,430,2935                    
2026-10-06T20:28:48.127	TEL,1642,S4,626768727,2001,44543,0,430,2935                    
2026-10-06T20:28:48.127	TEL,1643,S4,626778727,2001,44543,0,428,2932                    
2026-10-06T20:28:48.127	TEL,1644,S4,626788727,2001,44543,0,428,2932                    
2026-10-06T20:28:48.127	TEL,1645,S4,626798727,2001,44543,0,430,2933                    
2026-10-06T20:28:48.127	TEL,1646,S4,626808727,2001,44543,0,430,2933                    
2026-10-06T20:28:48.127	TEL,1647,S4,626818727,2001,44543,0,428,2932                    
2026-10-06T20:28:48.127	TEL,1648,S4,626828727,2001,44543,0,430,2932                    
2026-10-06T20:28:48.127	TEL,1649,S4,626838727,2001,44543,0,430,2932                    
2026-10-06T20:28:48.127	TEL,1650,S4,626848727,2001,44543,0,425,2932                    
2026-10-06T20:28:48.127	TEL,1651,S4,626858727,2001,44543,0,425,2932                    
2026-10-06T20:28:48.127	TEL,1652,S4,626868727,2001,44543,0,425,2932                    
2026-10-06T20:28:48.127	TEL,1653,S4,626878727,2001,44543,0,425,2932                    
2026-10-06T20:28:48.127	TEL,1654,S4,626888727,2001,44543,0,430,2932                    
2026-10-06T20:28:48.127	TEL,1655,S4,626898727,2001,44543,0,430,2932                    
2026-10-06T20:28:48.127	BTN,17,S4,PRESSED,626902979,626902986                          
2026-10-06T20:28:48.127	TEL,1656,S4,626908728,2003,44543,0,425,2932                    
2026-10-06T20:28:48.747	TEL,1657,S4,626918727,2001,44543,0,425,2932                    
2026-10-06T20:28:48.747	TEL,1658,S4,626928727,2001,44543,0,430,2932                    
2026-10-06T20:28:48.747	TEL,1659,S4,626938727,2001,44543,0,433,2935                    
2026-10-06T20:28:48.747	TEL,1660,S4,626948727,2001,44543,0,433,2935                    
2026-10-06T20:28:48.747	TEL,1661,S4,626958727,2001,44543,0,430,2932                    
2026-10-06T20:28:48.747	TEL,1662,S4,626968727,2001,44543,0,428,2932                    
2026-10-06T20:28:48.747	TEL,1663,S4,626978727,2001,44543,0,428,2932                    
2026-10-06T20:28:48.747	TEL,1664,S4,626988727,2001,44543,0,433,2932                    
2026-10-06T20:28:48.747	TEL,1665,S4,626998727,2001,44543,0,436,2935                    
2026-10-06T20:28:48.747	TEL,1666,S4,627008727,2001,44543,0,451,2935                    
2026-10-06T20:28:48.747	TEL,1667,S4,627018727,2001,44543,0,445,2932                    
2026-10-06T20:28:48.747	TEL,1668,S4,627028727,2001,44543,0,430,2932                    
2026-10-06T20:28:48.747	TEL,1669,S4,627038727,2001,44543,0,433,2935                    
2026-10-06T20:28:48.747	TEL,1670,S4,627048727,2001,44543,0,439,2935                    
2026-10-06T20:28:48.747	TEL,1671,S4,627058727,2001,44543,0,439,2935                    
2026-10-06T20:28:48.747	TEL,1672,S4,627068727,2001,44543,0,433,2935                    
2026-10-06T20:28:48.747	TEL,1673,S4,627078727,2001,44543,0,430,2932                    
2026-10-06T20:28:48.747	TEL,1674,S4,627088727,2001,44543,0,428,2932                    
2026-10-06T20:28:48.747	TEL,1675,S4,627098727,2001,44543,0,425,2928                    
2026-10-06T20:28:48.747	TEL,1676,S4,627108727,2001,44543,0,422,2928                    
2026-10-06T20:28:48.747	TEL,1677,S4,627118727,2001,44543,0,422,2928                    
2026-10-06T20:28:48.747	TEL,1678,S4,627128727,2001,44543,0,436,2928                    
2026-10-06T20:28:48.747	TEL,1679,S4,627138727,2001,44543,0,442,2932                    
2026-10-06T20:28:48.747	TEL,1680,S4,627148727,2001,44543,0,425,2932                    
2026-10-06T20:28:48.747	TEL,1681,S4,627158727,2001,44543,0,428,2935                    
2026-10-06T20:28:48.747	TEL,1682,S4,627168727,2001,44543,0,445,2935                    
2026-10-06T20:28:48.747	TEL,1683,S4,627178727,2001,44543,0,442,2932                    
2026-10-06T20:28:48.747	TEL,1684,S4,627188727,2001,44543,0,430,2932                    
2026-10-06T20:28:48.747	TEL,1685,S4,627198727,2001,44543,0,433,2933                    
2026-10-06T20:28:48.747	TEL,1686,S4,627208727,2001,44543,0,436,2933                    
2026-10-06T20:28:48.747	TEL,1687,S4,627218727,2001,44543,0,439,2935                    
2026-10-06T20:28:48.747	TEL,1688,S4,627228727,2001,44543,0,433,2935                    
2026-10-06T20:28:48.747	TEL,1689,S4,627238727,2001,44543,0,430,2932                    
2026-10-06T20:28:48.747	TEL,1690,S4,627248727,2001,44543,0,428,2932                    
2026-10-06T20:28:48.747	TEL,1691,S4,627258727,2001,44543,0,430,2933                    
2026-10-06T20:28:48.747	TEL,1692,S4,627268727,2001,44543,0,433,2933                    
2026-10-06T20:28:48.747	TEL,1693,S4,627278727,2001,44543,0,433,2933                    
2026-10-06T20:28:48.747	TEL,1694,S4,627288727,2001,44543,0,430,2933                    
2026-10-06T20:28:48.747	TEL,1695,S4,627298727,2001,44543,0,428,2932                    
2026-10-06T20:28:48.747	TEL,1696,S4,627308727,2001,44543,0,436,2932                    
2026-10-06T20:28:48.747	TEL,1697,S4,627318727,2001,44543,0,436,2932                    
2026-10-06T20:28:48.747	TEL,1698,S4,627328727,2001,44543,0,430,2932                    
2026-10-06T20:28:48.747	TEL,1699,S4,627338727,2001,44543,0,430,2932                    
2026-10-06T20:28:48.747	TEL,1700,S4,627348727,2001,44543,0,428,2932                    
2026-10-06T20:28:48.747	TEL,1701,S4,627358727,2001,44543,0,428,2932                    
2026-10-06T20:28:48.747	TEL,1702,S4,627368727,2001,44543,0,428,2932                    
2026-10-06T20:28:48.747	TEL,1703,S4,627378727,2001,44543,0,430,2935                    
2026-10-06T20:28:48.747	TEL,1704,S4,627388727,2001,44543,0,428,2935                    
2026-10-06T20:28:48.747	TEL,1705,S4,627398727,2001,44543,0,422,2928                    
2026-10-06T20:28:48.747	TEL,1706,S4,627408727,2001,44543,0,428,2928                    
2026-10-06T20:28:48.747	TEL,1707,S4,627418727,2001,44543,0,430,2932                    
2026-10-06T20:28:48.747	TEL,1708,S4,627428727,2001,44543,0,428,2932                    
2026-10-06T20:28:48.747	TEL,1709,S4,627438727,2001,44543,0,428,2932                    
2026-10-06T20:28:48.747	TEL,1710,S4,627448727,2001,44543,0,425,2932                    
2026-10-06T20:28:48.747	TEL,1711,S4,627458727,2001,44543,0,428,2933                    
2026-10-06T20:28:48.747	TEL,1712,S4,627468727,2001,44543,0,430,2933                    
2026-10-06T20:28:48.747	TEL,1713,S4,627478727,2001,44543,0,430,2933                    
2026-10-06T20:28:48.747	TEL,1714,S4,627488727,2001,44543,0,430,2933                    
2026-10-06T20:28:48.747	TEL,1715,S4,627498727,2001,44543,0,428,2932                    
2026-10-06T20:28:48.747	TEL,1716,S4,627508727,2001,44543,0,430,2932                    
2026-10-06T20:28:48.747	TEL,1717,S4,627518727,2001,44543,0,430,2932                    
2026-10-06T20:28:48.747	TEL,1718,S4,627528727,2001,44543,0,430,2932                    
2026-10-06T20:28:49.355	TEL,1719,S4,627538727,2001,44543,0,430,2932                    
2026-10-06T20:28:49.355	TEL,1720,S4,627548727,2001,44543,0,430,2932                    
2026-10-06T20:28:49.355	TEL,1721,S4,627558727,2001,44543,0,433,2935                    
2026-10-06T20:28:49.355	TEL,1722,S4,627568727,2001,44543,0,422,2935                    
2026-10-06T20:28:49.355	TEL,1723,S4,627578727,2001,44543,0,419,2932                    
2026-10-06T20:28:49.355	TEL,1724,S4,627588727,2001,44543,0,436,2932                    
2026-10-06T20:28:49.355	TEL,1725,S4,627598727,2001,44543,0,436,2932                    
2026-10-06T20:28:49.355	TEL,1726,S4,627608727,2001,44543,0,425,2932                    
2026-10-06T20:28:49.355	TEL,1727,S4,627618727,2001,44543,0,425,2932                    
2026-10-06T20:28:49.355	TEL,1728,S4,627628727,2001,44543,0,430,2932                    
2026-10-06T20:28:49.355	TEL,1729,S4,627638727,2001,44543,0,433,2935                    
2026-10-06T20:28:49.355	TEL,1730,S4,627648727,2001,44543,0,430,2935                    
2026-10-06T20:28:49.355	TEL,1731,S4,627658727,2001,44543,0,430,2933                    
2026-10-06T20:28:49.355	BTN,18,S4,PRESSED,627661985,627661992                          
2026-10-06T20:28:49.355	TEL,1732,S4,627668728,2003,44543,0,430,2933                    
2026-10-06T20:28:49.355	TEL,1733,S4,627678727,2001,44543,0,428,2932                    
2026-10-06T20:28:49.355	TEL,1734,S4,627688727,2001,44543,0,425,2932                    
2026-10-06T20:28:49.355	TEL,1735,S4,627698727,2001,44543,0,428,2935                    
2026-10-06T20:28:49.355	TEL,1736,S4,627708727,2001,44543,0,428,2935                    
2026-10-06T20:28:49.355	TEL,1737,S4,627718727,2001,44543,0,425,2932                    
2026-10-06T20:28:49.355	TEL,1738,S4,627728727,2001,44543,0,439,2932                    
2026-10-06T20:28:49.355	TEL,1739,S4,627738727,2001,44543,0,439,2932                    
2026-10-06T20:28:49.355	TEL,1740,S4,627748727,2001,44543,0,422,2932                    
2026-10-06T20:28:49.355	TEL,1741,S4,627758727,2001,44543,0,422,2932                    
2026-10-06T20:28:49.355	TEL,1742,S4,627768727,2001,44543,0,430,2932                    
2026-10-06T20:28:49.355	TEL,1743,S4,627778727,2001,44543,0,430,2932                    
2026-10-06T20:28:49.355	TEL,1744,S4,627788727,2001,44543,0,428,2932                    
2026-10-06T20:28:49.355	TEL,1745,S4,627798727,2001,44543,0,428,2932                    
2026-10-06T20:28:49.355	TEL,1746,S4,627808727,2001,44543,0,433,2932                    
2026-10-06T20:28:49.355	TEL,1747,S4,627818727,2001,44543,0,433,2932                    
2026-10-06T20:28:49.355	TEL,1748,S4,627828727,2001,44543,0,428,2932                    
2026-10-06T20:28:49.355	TEL,1749,S4,627838727,2001,44543,0,428,2932                    
2026-10-06T20:28:49.355	TEL,1750,S4,627848727,2001,44543,0,433,2932                    
2026-10-06T20:28:49.355	TEL,1751,S4,627858727,2001,44543,0,433,2932                    
2026-10-06T20:28:49.355	TEL,1752,S4,627868727,2001,44543,0,430,2932                    
2026-10-06T20:28:49.355	TEL,1753,S4,627878727,2001,44543,0,428,2928                    
2026-10-06T20:28:49.355	TEL,1754,S4,627888727,2001,44543,0,428,2928                    
2026-10-06T20:28:49.355	TEL,1755,S4,627898727,2001,44543,0,433,2935                    
2026-10-06T20:28:49.355	TEL,1756,S4,627908727,2001,44543,0,439,2935                    
2026-10-06T20:28:49.355	TEL,1757,S4,627918727,2001,44543,0,436,2932                    
2026-10-06T20:28:49.355	TEL,1758,S4,627928727,2001,44543,0,419,2932                    
2026-10-06T20:28:49.355	TEL,1759,S4,627938727,2001,44543,0,419,2932                    
2026-10-06T20:28:49.355	TEL,1760,S4,627948727,2001,44543,0,428,2932                    
2026-10-06T20:28:49.355	TEL,1761,S4,627958727,2001,44543,0,428,2932                    
2026-10-06T20:28:49.355	TEL,1762,S4,627968727,2001,44543,0,428,2932                    
2026-10-06T20:28:49.355	TEL,1763,S4,627978727,2001,44543,0,430,2935                    
2026-10-06T20:28:49.355	TEL,1764,S4,627988727,2001,44543,0,433,2935                    
2026-10-06T20:28:49.355	TEL,1765,S4,627998727,2001,44543,0,428,2928                    
2026-10-06T20:28:49.355	TEL,1766,S4,628008727,2001,44543,0,428,2928                    
2026-10-06T20:28:49.355	TEL,1767,S4,628018727,2001,44543,0,430,2932                    
2026-10-06T20:28:49.355	TEL,1768,S4,628028727,2001,44543,0,436,2932                    
2026-10-06T20:28:49.355	TEL,1769,S4,628038727,2001,44543,0,436,2932                    
2026-10-06T20:28:49.355	TEL,1770,S4,628048727,2001,44543,0,436,2932                    
2026-10-06T20:28:49.355	TEL,1771,S4,628058727,2001,44543,0,439,2935                    
2026-10-06T20:28:49.355	TEL,1772,S4,628068727,2001,44543,0,439,2935                    
2026-10-06T20:28:49.355	TEL,1773,S4,628078727,2001,44543,0,436,2932                    
2026-10-06T20:28:49.355	TEL,1774,S4,628088727,2001,44543,0,436,2932                    
2026-10-06T20:28:49.355	TEL,1775,S4,628098727,2001,44543,0,436,2933                    
2026-10-06T20:28:49.355	TEL,1776,S4,628108727,2001,44543,0,433,2933                    
2026-10-06T20:28:49.355	TEL,1777,S4,628118727,2001,44543,0,430,2932                    
2026-10-06T20:28:49.355	TEL,1778,S4,628128727,2001,44543,0,430,2932                    
2026-10-06T20:28:49.355	TEL,1779,S4,628138727,2001,44543,0,430,2932                    
2026-10-06T20:28:49.966	TEL,1780,S4,628148727,2001,44543,0,433,2932                    
2026-10-06T20:28:49.966	TEL,1781,S4,628158727,2001,44543,0,430,2928                    
2026-10-06T20:28:49.966	TEL,1782,S4,628168727,2001,44543,0,428,2928                    
2026-10-06T20:28:49.966	TEL,1783,S4,628178727,2001,44543,0,430,2932                    
2026-10-06T20:28:49.966	TEL,1784,S4,628188727,2001,44543,0,436,2932                    
2026-10-06T20:28:49.966	TEL,1785,S4,628198727,2001,44543,0,436,2932                    
2026-10-06T20:28:49.966	TEL,1786,S4,628208727,2001,44543,0,436,2932                    
2026-10-06T20:28:49.966	TEL,1787,S4,628218727,2001,44543,0,436,2932                    
2026-10-06T20:28:49.966	TEL,1788,S4,628228727,2001,44543,0,430,2932                    
2026-10-06T20:28:49.966	TEL,1789,S4,628238727,2001,44543,0,433,2935                    
2026-10-06T20:28:49.966	TEL,1790,S4,628248727,2001,44543,0,428,2935                    
2026-10-06T20:28:49.966	TEL,1791,S4,628258727,2001,44543,0,425,2932                    
2026-10-06T20:28:49.966	TEL,1792,S4,628268727,2001,44543,0,430,2932                    
2026-10-06T20:28:49.966	TEL,1793,S4,628278727,2001,44543,0,428,2928                    
2026-10-06T20:28:49.966	TEL,1794,S4,628288727,2001,44543,0,425,2928                    
2026-10-06T20:28:49.966	TEL,1795,S4,628298727,2001,44543,0,428,2932                    
2026-10-06T20:28:49.966	TEL,1796,S4,628308727,2001,44543,0,436,2932                    
2026-10-06T20:28:49.966	TEL,1797,S4,628318727,2001,44543,0,436,2933                    
2026-10-06T20:28:49.966	TEL,1798,S4,628328727,2001,44543,0,430,2933                    
2026-10-06T20:28:49.966	TEL,1799,S4,628338727,2001,44543,0,428,2932                    
2026-10-06T20:28:49.966	TEL,1800,S4,628348727,2001,44543,0,430,2932                    
2026-10-06T20:28:49.966	TEL,1801,S4,628358727,2001,44543,0,430,2932                    
2026-10-06T20:28:49.966	TEL,1802,S4,628368727,2001,44543,0,430,2932                    
2026-10-06T20:28:49.966	TEL,1803,S4,628378727,2001,44543,0,430,2932                    
2026-10-06T20:28:49.966	TEL,1804,S4,628388727,2001,44543,0,430,2932                    
2026-10-06T20:28:49.966	TEL,1805,S4,628398727,2001,44543,0,430,2932                    
2026-10-06T20:28:49.966	TEL,1806,S4,628408727,2001,44543,0,425,2932                    
2026-10-06T20:28:49.966	TEL,1807,S4,628418727,2001,44543,0,428,2935                    
2026-10-06T20:28:49.966	TEL,1808,S4,628428727,2001,44543,0,428,2935                    
2026-10-06T20:28:49.966	TEL,1809,S4,628438727,2001,44543,0,425,2932                    
2026-10-06T20:28:49.966	TEL,1810,S4,628448727,2001,44543,0,425,2932                    
2026-10-06T20:28:49.966	TEL,1811,S4,628458727,2001,44543,0,425,2932                    
2026-10-06T20:28:49.966	TEL,1812,S4,628468727,2001,44543,0,428,2932                    
2026-10-06T20:28:49.966	TEL,1813,S4,628478727,2001,44543,0,430,2935                    
2026-10-06T20:28:49.966	TEL,1814,S4,628488727,2001,44543,0,428,2935                    
2026-10-06T20:28:49.966	TEL,1815,S4,628498727,2001,44543,0,425,2932                    
2026-10-06T20:28:49.966	TEL,1816,S4,628508727,2001,44543,0,428,2932                    
2026-10-06T20:28:49.966	BTN,19,S4,PRESSED,628509990,628509997                          
2026-10-06T20:28:49.966	TEL,1817,S4,628518728,2003,44543,0,428,2932                    
2026-10-06T20:28:49.966	TEL,1818,S4,628528727,2001,44543,0,425,2932                    
2026-10-06T20:28:49.966	TEL,1819,S4,628538727,2001,44543,0,428,2935                    
2026-10-06T20:28:49.966	TEL,1820,S4,628548727,2001,44543,0,436,2935                    
2026-10-06T20:28:49.966	TEL,1821,S4,628558727,2001,44543,0,436,2935                    
2026-10-06T20:28:49.966	TEL,1822,S4,628568727,2001,44543,0,433,2935                    
2026-10-06T20:28:49.966	TEL,1823,S4,628578727,2001,44543,0,430,2932                    
2026-10-06T20:28:49.966	TEL,1824,S4,628588727,2001,44543,0,428,2932                    
2026-10-06T20:28:49.966	TEL,1825,S4,628598727,2001,44543,0,430,2935                    
2026-10-06T20:28:49.966	TEL,1826,S4,628608727,2001,44543,0,445,2935                    
2026-10-06T20:28:49.966	TEL,1827,S4,628618727,2001,44543,0,445,2935                    
2026-10-06T20:28:49.966	TEL,1828,S4,628628727,2001,44543,0,439,2935                    
2026-10-06T20:28:49.966	TEL,1829,S4,628638727,2001,44543,0,439,2935                    
2026-10-06T20:28:49.966	TEL,1830,S4,628648727,2001,44543,0,433,2935                    
2026-10-06T20:28:49.966	TEL,1831,S4,628658727,2001,44543,0,430,2932                    
2026-10-06T20:28:49.966	TEL,1832,S4,628668727,2001,44543,0,425,2932                    
2026-10-06T20:28:49.966	TEL,1833,S4,628678727,2001,44543,0,425,2932                    
2026-10-06T20:28:49.966	TEL,1834,S4,628688727,2001,44543,0,430,2932                    
2026-10-06T20:28:49.966	TEL,1835,S4,628698727,2001,44543,0,433,2935                    
2026-10-06T20:28:49.966	TEL,1836,S4,628708727,2001,44543,0,433,2935                    
2026-10-06T20:28:49.966	TEL,1837,S4,628718727,2001,44543,0,430,2932                    
2026-10-06T20:28:49.966	TEL,1838,S4,628728727,2001,44543,0,419,2932                    
2026-10-06T20:28:49.966	TEL,1839,S4,628738727,2001,44543,0,419,2933                    
2026-10-06T20:28:49.966	TEL,1840,S4,628748727,2001,44543,0,433,2933                    
2026-10-06T20:28:50.587	TEL,1841,S4,628758727,2001,44543,0,430,2932                    
2026-10-06T20:28:50.587	TEL,1842,S4,628768727,2001,44543,0,442,2932                    
2026-10-06T20:28:50.587	TEL,1843,S4,628778727,2001,44543,0,442,2932                    
2026-10-06T20:28:50.587	TEL,1844,S4,628788727,2001,44543,0,425,2932                    
2026-10-06T20:28:50.587	TEL,1845,S4,628798727,2001,44543,0,425,2932                    
2026-10-06T20:28:50.587	TEL,1846,S4,628808727,2001,44543,0,425,2932                    
2026-10-06T20:28:50.587	TEL,1847,S4,628818727,2001,44543,0,422,2928                    
2026-10-06T20:28:50.587	TEL,1848,S4,628828727,2001,44543,0,425,2928                    
2026-10-06T20:28:50.587	TEL,1849,S4,628838727,2001,44543,0,430,2935                    
2026-10-06T20:28:50.587	TEL,1850,S4,628848727,2001,44543,0,439,2935                    
2026-10-06T20:28:50.587	TEL,1851,S4,628858727,2001,44543,0,436,2932                    
2026-10-06T20:28:50.587	TEL,1852,S4,628868727,2001,44543,0,436,2932                    
2026-10-06T20:28:50.587	TEL,1853,S4,628878727,2001,44543,0,436,2933                    
2026-10-06T20:28:50.587	TEL,1854,S4,628888727,2001,44543,0,436,2933                    
2026-10-06T20:28:50.587	TEL,1855,S4,628898727,2001,44543,0,436,2932                    
2026-10-06T20:28:50.587	TEL,1856,S4,628908727,2001,44543,0,430,2932                    
2026-10-06T20:28:50.587	TEL,1857,S4,628918727,2001,44543,0,430,2932                    
2026-10-06T20:28:50.587	TEL,1858,S4,628928727,2001,44543,0,425,2932                    
2026-10-06T20:28:50.587	TEL,1859,S4,628938727,2001,44543,0,425,2932                    
2026-10-06T20:28:50.587	TEL,1860,S4,628948727,2001,44543,0,430,2932                    
2026-10-06T20:28:50.587	TEL,1861,S4,628958727,2001,44543,0,433,2935                    
2026-10-06T20:28:50.587	TEL,1862,S4,628968727,2001,44543,0,442,2935                    
2026-10-06T20:28:50.587	TEL,1863,S4,628978727,2001,44543,0,439,2932                    
2026-10-06T20:28:50.587	TEL,1864,S4,628988727,2001,44543,0,430,2932                    
2026-10-06T20:28:50.587	TEL,1865,S4,628998727,2001,44543,0,428,2928                    
2026-10-06T20:28:50.587	TEL,1866,S4,629008727,2001,44543,0,425,2928                    
2026-10-06T20:28:50.587	TEL,1867,S4,629018727,2001,44543,0,430,2935                    
2026-10-06T20:28:50.587	TEL,1868,S4,629028727,2001,44543,0,433,2935                    
2026-10-06T20:28:50.588	TEL,1869,S4,629038727,2001,44543,0,430,2932                    
2026-10-06T20:28:50.588	TEL,1870,S4,629048727,2001,44543,0,428,2932                    
2026-10-06T20:28:50.588	TEL,1871,S4,629058727,2001,44543,0,428,2932                    
2026-10-06T20:28:50.588	TEL,1872,S4,629068727,2001,44543,0,439,2932                    
2026-10-06T20:28:50.588	TEL,1873,S4,629078727,2001,44543,0,439,2932                    
2026-10-06T20:28:50.588	TEL,1874,S4,629088727,2001,44543,0,433,2932                    
2026-10-06T20:28:50.588	TEL,1875,S4,629098727,2001,44543,0,433,2932                    
2026-10-06T20:28:50.588	TEL,1876,S4,629108727,2001,44543,0,428,2932                    
2026-10-06T20:28:50.588	TEL,1877,S4,629118727,2001,44543,0,430,2935                    
2026-10-06T20:28:50.588	TEL,1878,S4,629128727,2001,44543,0,433,2935                    
2026-10-06T20:28:50.588	TEL,1879,S4,629138727,2001,44543,0,430,2932                    
2026-10-06T20:28:50.588	TEL,1880,S4,629148727,2001,44543,0,430,2932                    
2026-10-06T20:28:50.588	TEL,1881,S4,629158727,2001,44543,0,433,2935                    
2026-10-06T20:28:50.588	TEL,1882,S4,629168727,2001,44543,0,433,2935                    
2026-10-06T20:28:50.588	TEL,1883,S4,629178727,2001,44543,0,430,2932                    
2026-10-06T20:28:50.588	TEL,1884,S4,629188727,2001,44543,0,445,2932                    
2026-10-06T20:28:50.588	TEL,1885,S4,629198727,2001,44543,0,445,2932                    
2026-10-06T20:28:50.588	TEL,1886,S4,629208727,2001,44543,0,436,2932                    
2026-10-06T20:28:50.588	TEL,1887,S4,629218727,2001,44543,0,436,2932                    
2026-10-06T20:28:50.588	TEL,1888,S4,629228727,2001,44543,0,428,2932                    
2026-10-06T20:28:50.588	TEL,1889,S4,629238727,2001,44543,0,430,2935                    
2026-10-06T20:28:50.588	TEL,1890,S4,629248727,2001,44543,0,442,2935                    
2026-10-06T20:28:50.588	TEL,1891,S4,629258727,2001,44543,0,439,2932                    
2026-10-06T20:28:50.588	TEL,1892,S4,629268727,2001,44543,0,430,2932                    
2026-10-06T20:28:50.588	TEL,1893,S4,629278727,2001,44543,0,430,2932                    
2026-10-06T20:28:50.588	TEL,1894,S4,629288727,2001,44543,0,436,2932                    
2026-10-06T20:28:50.588	TEL,1895,S4,629298727,2001,44543,0,436,2932                    
2026-10-06T20:28:50.588	TEL,1896,S4,629308727,2001,44543,0,428,2932                    
2026-10-06T20:28:50.588	TEL,1897,S4,629318727,2001,44543,0,428,2932                    
2026-10-06T20:28:50.588	TEL,1898,S4,629328727,2001,44543,0,430,2932                    
2026-10-06T20:28:50.588	TEL,1899,S4,629338727,2001,44543,0,433,2935                    
2026-10-06T20:28:50.588	TEL,1900,S4,629348727,2001,44543,0,433,2935                    
2026-10-06T20:28:50.588	TEL,1901,S4,629358727,2001,44543,0,433,2933                    
2026-10-06T20:28:50.588	TEL,1902,S4,629368727,2001,44543,0,428,2933                    
2026-10-06T20:28:51.196	TEL,1903,S4,629378727,2001,44543,0,425,2932                    
2026-10-06T20:28:51.196	TEL,1904,S4,629388727,2001,44543,0,428,2932                    
2026-10-06T20:28:51.196	BTN,20,S4,PRESSED,629396996,629398753                          
2026-10-06T20:28:51.196	TEL,1905,S4,629398732,2007,44543,0,430,2935                    
2026-10-06T20:28:51.197	TEL,1906,S4,629408728,2003,44543,0,433,2935                    
2026-10-06T20:28:51.197	TEL,1907,S4,629418727,2001,44543,0,433,2933                    
2026-10-06T20:28:51.197	TEL,1908,S4,629428727,2001,44543,0,436,2933                    
2026-10-06T20:28:51.197	TEL,1909,S4,629438727,2001,44543,0,436,2932                    
2026-10-06T20:28:51.197	TEL,1910,S4,629448727,2001,44543,0,425,2932                    
2026-10-06T20:28:51.197	TEL,1911,S4,629458727,2001,44543,0,425,2932                    
2026-10-06T20:28:51.197	TEL,1912,S4,629468727,2001,44543,0,430,2932                    
2026-10-06T20:28:51.197	TEL,1913,S4,629478727,2001,44543,0,428,2928                    
2026-10-06T20:28:51.197	TEL,1914,S4,629488727,2001,44543,0,433,2928                    
2026-10-06T20:28:51.197	TEL,1915,S4,629498727,2001,44543,0,439,2935                    
2026-10-06T20:28:51.197	TEL,1916,S4,629508727,2001,44543,0,433,2935                    
2026-10-06T20:28:51.197	TEL,1917,S4,629518727,2001,44543,0,433,2935                    
2026-10-06T20:28:51.197	TEL,1918,S4,629528727,2001,44543,0,433,2935                    
2026-10-06T20:28:51.197	TEL,1919,S4,629538727,2001,44543,0,430,2932                    
2026-10-06T20:28:51.197	TEL,1920,S4,629548727,2001,44543,0,428,2932                    
2026-10-06T20:28:51.197	TEL,1921,S4,629558727,2001,44543,0,425,2928                    
2026-10-06T20:28:51.197	TEL,1922,S4,629568727,2001,44543,0,422,2928                    
2026-10-06T20:28:51.197	TEL,1923,S4,629578727,2001,44543,0,425,2932                    
2026-10-06T20:28:51.197	TEL,1924,S4,629588727,2001,44543,0,425,2932                    
2026-10-06T20:28:51.197	TEL,1925,S4,629598727,2001,44543,0,425,2932                    
2026-10-06T20:28:51.197	TEL,1926,S4,629608727,2001,44543,0,436,2932                    
2026-10-06T20:28:51.197	TEL,1927,S4,629618727,2001,44543,0,436,2932                    
2026-10-06T20:28:51.197	TEL,1928,S4,629628727,2001,44543,0,430,2932                    
2026-10-06T20:28:51.197	TEL,1929,S4,629638727,2001,44543,0,433,2933                    
2026-10-06T20:28:51.197	TEL,1930,S4,629648727,2001,44543,0,433,2933                    
2026-10-06T20:28:51.197	TEL,1931,S4,629658727,2001,44543,0,433,2935                    
2026-10-06T20:28:51.197	TEL,1932,S4,629668727,2001,44543,0,433,2935                    
2026-10-06T20:28:51.197	TEL,1933,S4,629678727,2001,44543,0,430,2932                    
2026-10-06T20:28:51.197	TEL,1934,S4,629688727,2001,44543,0,430,2932                    
2026-10-06T20:28:51.197	TEL,1935,S4,629698727,2001,44543,0,433,2935                    
2026-10-06T20:28:51.197	TEL,1936,S4,629708727,2001,44543,0,428,2935                    
2026-10-06T20:28:51.197	TEL,1937,S4,629718727,2001,44543,0,425,2932                    
2026-10-06T20:28:51.197	TEL,1938,S4,629728727,2001,44543,0,428,2932                    
2026-10-06T20:28:51.197	TEL,1939,S4,629738727,2001,44543,0,430,2935                    
2026-10-06T20:28:51.197	TEL,1940,S4,629748727,2001,44543,0,430,2935                    
2026-10-06T20:28:51.197	TEL,1941,S4,629758727,2001,44543,0,430,2935                    
2026-10-06T20:28:51.197	TEL,1942,S4,629768727,2001,44543,0,436,2935                    
2026-10-06T20:28:51.197	TEL,1943,S4,629778727,2001,44543,0,430,2928                    
2026-10-06T20:28:51.197	TEL,1944,S4,629788727,2001,44543,0,433,2928                    
2026-10-06T20:28:51.197	TEL,1945,S4,629798727,2001,44543,0,436,2932                    
2026-10-06T20:28:51.197	TEL,1946,S4,629808727,2001,44543,0,428,2932                    
2026-10-06T20:28:51.197	TEL,1947,S4,629818727,2001,44543,0,430,2935                    
2026-10-06T20:28:51.197	TEL,1948,S4,629828727,2001,44543,0,430,2935                    
2026-10-06T20:28:51.197	TEL,1949,S4,629838727,2001,44543,0,428,2932                    
2026-10-06T20:28:51.197	TEL,1950,S4,629848727,2001,44543,0,436,2932                    
2026-10-06T20:28:51.197	TEL,1951,S4,629858727,2001,44543,0,439,2935                    
2026-10-06T20:28:51.197	TEL,1952,S4,629868727,2001,44543,0,428,2935                    
2026-10-06T20:28:51.197	TEL,1953,S4,629878727,2001,44543,0,428,2933                    
2026-10-06T20:28:51.197	TEL,1954,S4,629888727,2001,44543,0,430,2933                    
2026-10-06T20:28:51.197	TEL,1955,S4,629898727,2001,44543,0,430,2935                    
2026-10-06T20:28:51.197	TEL,1956,S4,629908727,2001,44543,0,433,2935                    
2026-10-06T20:28:51.197	TEL,1957,S4,629918727,2001,44543,0,433,2935                    
2026-10-06T20:28:51.197	TEL,1958,S4,629928727,2001,44543,0,430,2935                    
2026-10-06T20:28:51.197	TEL,1959,S4,629938727,2001,44543,0,430,2935                    
2026-10-06T20:28:51.197	TEL,1960,S4,629948727,2001,44543,0,428,2935                    
2026-10-06T20:28:51.197	TEL,1961,S4,629958727,2001,44543,0,425,2932                    
2026-10-06T20:28:51.197	TEL,1962,S4,629968727,2001,44543,0,428,2932                    
2026-10-06T20:28:51.197	TEL,1963,S4,629978727,2001,44543,0,425,2928                    
2026-10-06T20:28:51.807	TEL,1964,S4,629988727,2001,44543,0,428,2928                    
2026-10-06T20:28:51.807	TEL,1965,S4,629998727,2001,44543,0,433,2935                    
2026-10-06T20:28:51.807	TEL,1966,S4,630008727,2001,44543,0,439,2935                    
2026-10-06T20:28:51.807	TEL,1967,S4,630018727,2001,44543,0,439,2935                    
2026-10-06T20:28:51.807	TEL,1968,S4,630028727,2001,44543,0,430,2935                    
2026-10-06T20:28:51.807	TEL,1969,S4,630038727,2001,44543,0,430,2935                    
2026-10-06T20:28:51.807	TEL,1970,S4,630048727,2001,44543,0,430,2935                    
2026-10-06T20:28:51.807	TEL,1971,S4,630058727,2001,44543,0,430,2935                    
2026-10-06T20:28:51.807	TEL,1972,S4,630068727,2001,44543,0,430,2935                    
2026-10-06T20:28:51.807	TEL,1973,S4,630078727,2001,44543,0,430,2935                    
2026-10-06T20:28:51.807	TEL,1974,S4,630088727,2001,44543,0,428,2935                    
2026-10-06T20:28:51.807	TEL,1975,S4,630098727,2001,44543,0,428,2935                    
2026-10-06T20:28:51.807	TEL,1976,S4,630108727,2001,44543,0,430,2935                    
2026-10-06T20:28:51.807	TEL,1977,S4,630118727,2001,44543,0,430,2935                    
2026-10-06T20:28:51.807	TEL,1978,S4,630128727,2001,44543,0,430,2935                    
2026-10-06T20:28:51.807	TEL,1979,S4,630138727,2001,44543,0,428,2932                    
2026-10-06T20:28:51.807	TEL,1980,S4,630148727,2001,44543,0,430,2932                    
2026-10-06T20:28:51.807	TEL,1981,S4,630158727,2001,44543,0,428,2928                    
2026-10-06T20:28:51.807	TEL,1982,S4,630168727,2001,44543,0,422,2928                    
2026-10-06T20:28:51.807	TEL,1983,S4,630178727,2001,44543,0,425,2932                    
2026-10-06T20:28:51.807	TEL,1984,S4,630188727,2001,44543,0,430,2932                    
2026-10-06T20:28:51.807	TEL,1985,S4,630198727,2001,44543,0,433,2935                    
2026-10-06T20:28:51.807	TEL,1986,S4,630208727,2001,44543,0,430,2935                    
2026-10-06T20:28:51.807	TEL,1987,S4,630218727,2001,44543,0,430,2933                    
2026-10-06T20:28:51.807	BTN,21,S4,PRESSED,630228001,630228753                          
2026-10-06T20:28:51.807	TEL,1988,S4,630228732,2007,44543,0,433,2933                    
2026-10-06T20:28:51.807	TEL,1989,S4,630238728,2003,44543,0,428,2928                    
2026-10-06T20:28:51.807	TEL,1990,S4,630248727,2001,44543,0,422,2928                    
2026-10-06T20:28:51.807	TEL,1991,S4,630258727,2001,44543,0,428,2935                    
2026-10-06T20:28:51.807	TEL,1992,S4,630268727,2001,44543,0,439,2935                    
2026-10-06T20:28:51.807	TEL,1993,S4,630278727,2001,44543,0,436,2932                    
2026-10-06T20:28:51.807	TEL,1994,S4,630288727,2001,44543,0,428,2932                    
2026-10-06T20:28:51.807	TEL,1995,S4,630298727,2001,44543,0,428,2932                    
2026-10-06T20:28:51.807	TEL,1996,S4,630308727,2001,44543,0,425,2932                    
2026-10-06T20:28:51.807	TEL,1997,S4,630318727,2001,44543,0,425,2932                    
2026-10-06T20:28:51.807	TEL,1998,S4,630328727,2001,44543,0,428,2932                    
2026-10-06T20:28:51.807	TEL,1999,S4,630338727,2001,44543,0,428,2932                    
2026-10-06T20:28:51.807	TEL,2000,S4,630348727,2001,44543,0,430,2932                    
2026-10-06T20:28:51.807	TEL,2001,S4,630358727,2001,44543,0,433,2933                    
2026-10-06T20:28:51.807	TEL,2002,S4,630368727,2001,44543,0,433,2933                    
2026-10-06T20:28:51.807	TEL,2003,S4,630378727,2001,44543,0,433,2935                    
2026-10-06T20:28:51.807	TEL,2004,S4,630388727,2001,44543,0,439,2935                    
2026-10-06T20:28:51.807	TEL,2005,S4,630398727,2001,44543,0,436,2932                    
2026-10-06T20:28:51.807	TEL,2006,S4,630408727,2001,44543,0,428,2932                    
2026-10-06T20:28:51.807	TEL,2007,S4,630418727,2001,44543,0,428,2932                    
2026-10-06T20:28:51.807	TEL,2008,S4,630428727,2001,44543,0,436,2932                    
2026-10-06T20:28:51.807	TEL,2009,S4,630438727,2001,44543,0,436,2932                    
2026-10-06T20:28:51.807	TEL,2010,S4,630448727,2001,44543,0,425,2932                    
2026-10-06T20:28:51.807	TEL,2011,S4,630458727,2001,44543,0,425,2932                    
2026-10-06T20:28:51.807	TEL,2012,S4,630468727,2001,44543,0,419,2932                    
2026-10-06T20:28:51.807	TEL,2013,S4,630478727,2001,44543,0,419,2933                    
2026-10-06T20:28:51.807	TEL,2014,S4,630488727,2001,44543,0,430,2933                    
2026-10-06T20:28:51.807	TEL,2015,S4,630498727,2001,44543,0,428,2932                    
2026-10-06T20:28:51.807	TEL,2016,S4,630508727,2001,44543,0,430,2932                    
2026-10-06T20:28:51.807	TEL,2017,S4,630518727,2001,44543,0,430,2932                    
2026-10-06T20:28:51.807	TEL,2018,S4,630528727,2001,44543,0,428,2932                    
2026-10-06T20:28:51.807	TEL,2019,S4,630538727,2001,44543,0,425,2928                    
2026-10-06T20:28:51.807	TEL,2020,S4,630548727,2001,44543,0,422,2928                    
2026-10-06T20:28:51.807	TEL,2021,S4,630558727,2001,44543,0,425,2932                    
2026-10-06T20:28:51.807	TEL,2022,S4,630568727,2001,44543,0,430,2932                    
2026-10-06T20:28:51.807	TEL,2023,S4,630578727,2001,44543,0,433,2935                    
2026-10-06T20:28:51.807	TEL,2024,S4,630588727,2001,44543,0,433,2935                    
2026-10-06T20:28:52.417	TEL,2025,S4,630598727,2001,44543,0,430,2932                    
2026-10-06T20:28:52.417	TEL,2026,S4,630608727,2001,44543,0,425,2932                    
2026-10-06T20:28:52.417	TEL,2027,S4,630618727,2001,44543,0,425,2932                    
2026-10-06T20:28:52.417	TEL,2028,S4,630628727,2001,44543,0,428,2932                    
2026-10-06T20:28:52.417	TEL,2029,S4,630638727,2001,44543,0,428,2932                    
2026-10-06T20:28:52.417	TEL,2030,S4,630648727,2001,44543,0,430,2932                    
2026-10-06T20:28:52.417	TEL,2031,S4,630658727,2001,44543,0,430,2932                    
2026-10-06T20:28:52.417	TEL,2032,S4,630668727,2001,44543,0,428,2932                    
2026-10-06T20:28:52.417	TEL,2033,S4,630678727,2001,44543,0,428,2932                    
2026-10-06T20:28:52.417	TEL,2034,S4,630688727,2001,44543,0,425,2932                    
2026-10-06T20:28:52.417	TEL,2035,S4,630698727,2001,44543,0,422,2928                    
2026-10-06T20:28:52.417	TEL,2036,S4,630708727,2001,44543,0,422,2928                    
2026-10-06T20:28:52.417	TEL,2037,S4,630718727,2001,44543,0,428,2935                    
2026-10-06T20:28:52.417	TEL,2038,S4,630728727,2001,44543,0,436,2935                    
2026-10-06T20:28:52.417	TEL,2039,S4,630738727,2001,44543,0,433,2932                    
2026-10-06T20:28:52.417	TEL,2040,S4,630748727,2001,44543,0,436,2932                    
2026-10-06T20:28:52.417	TEL,2041,S4,630758727,2001,44543,0,436,2932                    
2026-10-06T20:28:52.417	TEL,2042,S4,630768727,2001,44543,0,428,2932                    
2026-10-06T20:28:52.417	TEL,2043,S4,630778727,2001,44543,0,425,2928                    
2026-10-06T20:28:52.417	TEL,2044,S4,630788727,2001,44543,0,428,2928                    
2026-10-06T20:28:52.417	TEL,2045,S4,630798727,2001,44543,0,430,2932                    
2026-10-06T20:28:52.417	BTN,22,S4,PRESSED,630800006,630800013                          
2026-10-06T20:28:52.417	TEL,2046,S4,630808728,2003,44543,0,425,2932                    
2026-10-06T20:28:52.417	TEL,2047,S4,630818727,2001,44543,0,428,2933                    
2026-10-06T20:28:52.417	TEL,2048,S4,630828727,2001,44543,0,428,2933                    
2026-10-06T20:28:52.417	TEL,2049,S4,630838727,2001,44543,0,425,2932                    
2026-10-06T20:28:52.417	TEL,2050,S4,630848727,2001,44543,0,419,2932                    
2026-10-06T20:28:52.417	TEL,2051,S4,630858727,2001,44543,0,419,2932                    
2026-10-06T20:28:52.417	TEL,2052,S4,630868727,2001,44543,0,430,2932                    
2026-10-06T20:28:52.417	TEL,2053,S4,630878727,2001,44543,0,433,2935                    
2026-10-06T20:28:52.417	TEL,2054,S4,630888727,2001,44543,0,439,2935                    
2026-10-06T20:28:52.417	TEL,2055,S4,630898727,2001,44543,0,439,2935                    
2026-10-06T20:28:52.417	TEL,2056,S4,630908727,2001,44543,0,433,2935                    
2026-10-06T20:28:52.417	TEL,2057,S4,630918727,2001,44543,0,428,2928                    
2026-10-06T20:28:52.417	TEL,2058,S4,630928727,2001,44543,0,428,2928                    
2026-10-06T20:28:52.417	TEL,2059,S4,630938727,2001,44543,0,430,2932                    
2026-10-06T20:28:52.417	TEL,2060,S4,630948727,2001,44543,0,428,2932                    
2026-10-06T20:28:52.417	TEL,2061,S4,630958727,2001,44543,0,430,2935                    
2026-10-06T20:28:52.417	TEL,2062,S4,630968727,2001,44543,0,439,2935                    
2026-10-06T20:28:52.417	TEL,2063,S4,630978727,2001,44543,0,436,2932                    
2026-10-06T20:28:52.417	TEL,2064,S4,630988727,2001,44543,0,430,2932                    
2026-10-06T20:28:52.417	TEL,2065,S4,630998727,2001,44543,0,433,2935                    
2026-10-06T20:28:52.417	TEL,2066,S4,631008727,2001,44543,0,433,2935                    
2026-10-06T20:28:52.417	TEL,2067,S4,631018727,2001,44543,0,430,2932                    
2026-10-06T20:28:52.417	TEL,2068,S4,631028727,2001,44543,0,436,2932                    
2026-10-06T20:28:52.417	TEL,2069,S4,631038727,2001,44543,0,436,2933                    
2026-10-06T20:28:52.417	TEL,2070,S4,631048727,2001,44543,0,433,2933                    
2026-10-06T20:28:52.417	TEL,2071,S4,631058727,2001,44543,0,430,2932                    
2026-10-06T20:28:52.417	TEL,2072,S4,631068727,2001,44543,0,436,2932                    
2026-10-06T20:28:52.417	TEL,2073,S4,631078727,2001,44543,0,433,2928                    
2026-10-06T20:28:52.417	TEL,2074,S4,631088727,2001,44543,0,428,2928                    
2026-10-06T20:28:52.417	TEL,2075,S4,631098727,2001,44543,0,433,2935                    
2026-10-06T20:28:52.417	TEL,2076,S4,631108727,2001,44543,0,433,2935                    
2026-10-06T20:28:52.417	TEL,2077,S4,631118727,2001,44543,0,433,2935                    
2026-10-06T20:28:52.417	TEL,2078,S4,631128727,2001,44543,0,428,2935                    
2026-10-06T20:28:52.418	TEL,2079,S4,631138727,2001,44543,0,425,2932                    
2026-10-06T20:28:52.418	TEL,2080,S4,631148727,2001,44543,0,425,2932                    
2026-10-06T20:28:52.418	TEL,2081,S4,631158727,2001,44543,0,428,2935                    
2026-10-06T20:28:52.418	TEL,2082,S4,631168727,2001,44543,0,433,2935                    
2026-10-06T20:28:52.418	TEL,2083,S4,631178727,2001,44543,0,433,2935                    
2026-10-06T20:28:52.418	TEL,2084,S4,631188727,2001,44543,0,439,2935                    
2026-10-06T20:28:52.418	TEL,2085,S4,631198727,2001,44543,0,436,2932                    
2026-10-06T20:28:53.024	TEL,2086,S4,631208727,2001,44543,0,439,2932                    
2026-10-06T20:28:53.024	TEL,2087,S4,631218727,2001,44543,0,439,2932                    
2026-10-06T20:28:53.024	TEL,2088,S4,631228727,2001,44543,0,425,2932                    
2026-10-06T20:28:53.024	TEL,2089,S4,631238727,2001,44543,0,428,2935                    
2026-10-06T20:28:53.024	TEL,2090,S4,631248727,2001,44543,0,433,2935                    
2026-10-06T20:28:53.024	TEL,2091,S4,631258727,2001,44543,0,430,2932                    
2026-10-06T20:28:53.024	TEL,2092,S4,631268727,2001,44543,0,436,2932                    
2026-10-06T20:28:53.024	TEL,2093,S4,631278727,2001,44543,0,436,2932                    
2026-10-06T20:28:53.024	TEL,2094,S4,631288727,2001,44543,0,430,2932                    
2026-10-06T20:28:53.024	TEL,2095,S4,631298727,2001,44543,0,430,2932                    
2026-10-06T20:28:53.024	TEL,2096,S4,631308727,2001,44543,0,428,2932                    
2026-10-06T20:28:53.024	TEL,2097,S4,631318727,2001,44543,0,428,2932                    
2026-10-06T20:28:53.024	TEL,2098,S4,631328727,2001,44543,0,428,2932                    
2026-10-06T20:28:53.024	TEL,2099,S4,631338727,2001,44543,0,430,2935                    
2026-10-06T20:28:53.024	TEL,2100,S4,631348727,2001,44543,0,428,2935                    
2026-10-06T20:28:53.024	TEL,2101,S4,631358727,2001,44543,0,425,2932                    
2026-10-06T20:28:53.024	TEL,2102,S4,631368727,2001,44543,0,430,2932                    
2026-10-06T20:28:53.024	TEL,2103,S4,631378727,2001,44543,0,430,2932                    
2026-10-06T20:28:53.024	TEL,2104,S4,631388727,2001,44543,0,428,2932                    
2026-10-06T20:28:53.024	TEL,2105,S4,631398727,2001,44543,0,428,2932                    
2026-10-06T20:28:53.024	TEL,2106,S4,631408727,2001,44543,0,436,2932                    
2026-10-06T20:28:53.024	TEL,2107,S4,631418727,2001,44543,0,433,2928                    
2026-10-06T20:28:53.024	TEL,2108,S4,631428727,2001,44543,0,422,2928                    
2026-10-06T20:28:53.024	TEL,2109,S4,631438727,2001,44543,0,428,2935                    
2026-10-06T20:28:53.024	TEL,2110,S4,631448727,2001,44543,0,433,2935                    
2026-10-06T20:28:53.024	TEL,2111,S4,631458727,2001,44543,0,433,2935                    
2026-10-06T20:28:53.024	BTN,23,S4,PRESSED,631459012,631459019                          
2026-10-06T20:28:53.024	TEL,2112,S4,631468728,2003,44543,0,433,2935                    
2026-10-06T20:28:53.024	TEL,2113,S4,631478727,2001,44543,0,433,2933                    
2026-10-06T20:28:53.024	TEL,2114,S4,631488727,2001,44543,0,442,2933                    
2026-10-06T20:28:53.024	TEL,2115,S4,631498727,2001,44543,0,442,2932                    
2026-10-06T20:28:53.024	TEL,2116,S4,631508727,2001,44543,0,428,2932                    
2026-10-06T20:28:53.024	TEL,2117,S4,631518727,2001,44543,0,428,2932                    
2026-10-06T20:28:53.024	TEL,2118,S4,631528727,2001,44543,0,430,2932                    
2026-10-06T20:28:53.024	TEL,2119,S4,631538727,2001,44543,0,430,2932                    
2026-10-06T20:28:53.024	TEL,2120,S4,631548727,2001,44543,0,430,2932                    
2026-10-06T20:28:53.024	TEL,2121,S4,631558727,2001,44543,0,433,2933                    
2026-10-06T20:28:53.024	TEL,2122,S4,631568727,2001,44543,0,433,2933                    
2026-10-06T20:28:53.024	TEL,2123,S4,631578727,2001,44543,0,430,2932                    
2026-10-06T20:28:53.024	TEL,2124,S4,631588727,2001,44543,0,430,2932                    
2026-10-06T20:28:53.024	TEL,2125,S4,631598727,2001,44543,0,430,2932                    
2026-10-06T20:28:53.024	TEL,2126,S4,631608727,2001,44543,0,419,2932                    
2026-10-06T20:28:53.024	TEL,2127,S4,631618727,2001,44543,0,425,2935                    
2026-10-06T20:28:53.024	TEL,2128,S4,631628727,2001,44543,0,433,2935                    
2026-10-06T20:28:53.024	TEL,2129,S4,631638727,2001,44543,0,430,2932                    
2026-10-06T20:28:53.024	TEL,2130,S4,631648727,2001,44543,0,425,2932                    
2026-10-06T20:28:53.024	TEL,2131,S4,631658727,2001,44543,0,428,2935                    
2026-10-06T20:28:53.024	TEL,2132,S4,631668727,2001,44543,0,433,2935                    
2026-10-06T20:28:53.024	TEL,2133,S4,631678727,2001,44543,0,430,2932                    
2026-10-06T20:28:53.024	TEL,2134,S4,631688727,2001,44543,0,425,2932                    
2026-10-06T20:28:53.024	TEL,2135,S4,631698727,2001,44543,0,428,2935                    
2026-10-06T20:28:53.024	TEL,2136,S4,631708727,2001,44543,0,433,2935                    
2026-10-06T20:28:53.024	TEL,2137,S4,631718727,2001,44543,0,430,2932                    
2026-10-06T20:28:53.024	TEL,2138,S4,631728727,2001,44543,0,430,2932                    
2026-10-06T20:28:53.024	TEL,2139,S4,631738727,2001,44543,0,433,2935                    
2026-10-06T20:28:53.024	TEL,2140,S4,631748727,2001,44543,0,433,2935                    
2026-10-06T20:28:53.024	TEL,2141,S4,631758727,2001,44543,0,433,2935                    
2026-10-06T20:28:53.024	TEL,2142,S4,631768727,2001,44543,0,428,2935                    
2026-10-06T20:28:53.024	TEL,2143,S4,631778727,2001,44543,0,425,2932                    
2026-10-06T20:28:53.024	TEL,2144,S4,631788727,2001,44543,0,428,2932                    
2026-10-06T20:28:53.024	TEL,2145,S4,631798727,2001,44543,0,428,2932                    
2026-10-06T20:28:53.024	TEL,2146,S4,631808727,2001,44543,0,425,2932                    
2026-10-06T20:28:53.634	TEL,2147,S4,631818727,2001,44543,0,422,2928                    
2026-10-06T20:28:53.634	TEL,2148,S4,631828727,2001,44543,0,428,2928                    
2026-10-06T20:28:53.634	TEL,2149,S4,631838727,2001,44543,0,430,2932                    
2026-10-06T20:28:53.634	TEL,2150,S4,631848727,2001,44543,0,430,2932                    
2026-10-06T20:28:53.634	TEL,2151,S4,631858727,2001,44543,0,430,2932                    
2026-10-06T20:28:53.634	TEL,2152,S4,631868727,2001,44543,0,430,2932                    
2026-10-06T20:28:53.634	TEL,2153,S4,631878727,2001,44543,0,428,2930                    
2026-10-06T20:28:53.634	TEL,2154,S4,631888727,2001,44543,0,425,2930                    
2026-10-06T20:28:53.634	TEL,2155,S4,631898727,2001,44543,0,425,2932                    
2026-10-06T20:28:53.634	TEL,2156,S4,631908727,2001,44543,0,430,2932                    
2026-10-06T20:28:53.634	TEL,2157,S4,631918727,2001,44543,0,430,2932                    
2026-10-06T20:28:53.634	TEL,2158,S4,631928727,2001,44543,0,428,2932                    
2026-10-06T20:28:53.634	TEL,2159,S4,631938727,2001,44543,0,428,2932                    
2026-10-06T20:28:53.634	TEL,2160,S4,631948727,2001,44543,0,433,2932                    
2026-10-06T20:28:53.634	TEL,2161,S4,631958727,2001,44543,0,436,2935                    
2026-10-06T20:28:53.634	TEL,2162,S4,631968727,2001,44543,0,428,2935                    
2026-10-06T20:28:53.634	TEL,2163,S4,631978727,2001,44543,0,425,2932                    
2026-10-06T20:28:53.634	TEL,2164,S4,631988727,2001,44543,0,428,2932                    
2026-10-06T20:28:53.634	TEL,2165,S4,631998727,2001,44543,0,428,2932                    
2026-10-06T20:28:53.634	TEL,2166,S4,632008727,2001,44543,0,436,2932                    
2026-10-06T20:28:53.634	TEL,2167,S4,632018727,2001,44543,0,436,2932                    
2026-10-06T20:28:53.634	TEL,2168,S4,632028727,2001,44543,0,428,2932                    
2026-10-06T20:28:53.634	TEL,2169,S4,632038727,2001,44543,0,428,2932                    
2026-10-06T20:28:53.634	TEL,2170,S4,632048727,2001,44543,0,428,2932                    
2026-10-06T20:28:53.634	TEL,2171,S4,632058727,2001,44543,0,430,2935                    
2026-10-06T20:28:53.634	TEL,2172,S4,632068727,2001,44543,0,433,2935                    
2026-10-06T20:28:53.634	TEL,2173,S4,632078727,2001,44543,0,430,2932                    
2026-10-06T20:28:53.634	TEL,2174,S4,632088727,2001,44543,0,436,2932                    
2026-10-06T20:28:53.634	TEL,2175,S4,632098727,2001,44543,0,436,2932                    
2026-10-06T20:28:53.634	TEL,2176,S4,632108727,2001,44543,0,436,2932                    
2026-10-06T20:28:53.634	TEL,2177,S4,632118727,2001,44543,0,436,2932                    
2026-10-06T20:28:53.634	TEL,2178,S4,632128727,2001,44543,0,436,2932                    
2026-10-06T20:28:53.634	BTN,24,S4,PRESSED,632132017,632132024                          
2026-10-06T20:28:53.634	TEL,2179,S4,632138728,2003,44543,0,439,2935                    
2026-10-06T20:28:53.634	TEL,2180,S4,632148727,2001,44543,0,428,2935                    
2026-10-06T20:28:53.634	TEL,2181,S4,632158727,2001,44543,0,425,2932                    
2026-10-06T20:28:53.634	TEL,2182,S4,632168727,2001,44543,0,433,2932                    
2026-10-06T20:28:53.634	TEL,2183,S4,632178727,2001,44543,0,433,2932                    
2026-10-06T20:28:53.634	TEL,2184,S4,632188727,2001,44543,0,425,2932                    
2026-10-06T20:28:53.634	TEL,2185,S4,632198727,2001,44543,0,428,2935                    
2026-10-06T20:28:53.634	TEL,2186,S4,632208727,2001,44543,0,442,2935                    
2026-10-06T20:28:53.634	TEL,2187,S4,632218727,2001,44543,0,439,2932                    
2026-10-06T20:28:53.634	TEL,2188,S4,632228727,2001,44543,0,436,2932                    
2026-10-06T20:28:53.634	TEL,2189,S4,632238727,2001,44543,0,436,2932                    
2026-10-06T20:28:53.634	TEL,2190,S4,632248727,2001,44543,0,430,2932                    
2026-10-06T20:28:53.634	TEL,2191,S4,632258727,2001,44543,0,433,2935                    
2026-10-06T20:28:53.634	TEL,2192,S4,632268727,2001,44543,0,433,2935                    
2026-10-06T20:28:53.634	TEL,2193,S4,632278727,2001,44543,0,433,2935                    
2026-10-06T20:28:53.634	TEL,2194,S4,632288727,2001,44543,0,433,2935                    
2026-10-06T20:28:53.634	TEL,2195,S4,632298727,2001,44543,0,428,2928                    
2026-10-06T20:28:53.634	TEL,2196,S4,632308727,2001,44543,0,433,2928                    
2026-10-06T20:28:53.634	TEL,2197,S4,632318727,2001,44543,0,436,2932                    
2026-10-06T20:28:53.634	TEL,2198,S4,632328727,2001,44543,0,430,2932                    
2026-10-06T20:28:53.634	TEL,2199,S4,632338727,2001,44543,0,430,2932                    
2026-10-06T20:28:53.634	TEL,2200,S4,632348727,2001,44543,0,436,2932                    
2026-10-06T20:28:53.634	TEL,2201,S4,632358727,2001,44543,0,436,2932                    
2026-10-06T20:28:53.634	TEL,2202,S4,632368727,2001,44543,0,430,2932                    
2026-10-06T20:28:53.634	TEL,2203,S4,632378727,2001,44543,0,430,2932                    
2026-10-06T20:28:53.634	TEL,2204,S4,632388727,2001,44543,0,430,2932                    
2026-10-06T20:28:53.634	TEL,2205,S4,632398727,2001,44543,0,430,2932                    
2026-10-06T20:28:53.634	TEL,2206,S4,632408727,2001,44543,0,436,2932                    
2026-10-06T20:28:53.634	TEL,2207,S4,632418727,2001,44543,0,436,2932                    
2026-10-06T20:28:54.246	TEL,2208,S4,632428727,2001,44543,0,430,2932                    
2026-10-06T20:28:54.246	TEL,2209,S4,632438727,2001,44543,0,430,2932                    
2026-10-06T20:28:54.246	TEL,2210,S4,632448727,2001,44543,0,439,2932                    
2026-10-06T20:28:54.246	TEL,2211,S4,632458727,2001,44543,0,439,2932                    
2026-10-06T20:28:54.246	TEL,2212,S4,632468727,2001,44543,0,425,2932                    
2026-10-06T20:28:54.246	TEL,2213,S4,632478727,2001,44543,0,425,2932                    
2026-10-06T20:28:54.246	TEL,2214,S4,632488727,2001,44543,0,428,2932                    
2026-10-06T20:28:54.246	TEL,2215,S4,632498727,2001,44543,0,425,2928                    
2026-10-06T20:28:54.246	TEL,2216,S4,632508727,2001,44543,0,433,2928                    
2026-10-06T20:28:54.246	TEL,2217,S4,632518727,2001,44543,0,433,2928                    
2026-10-06T20:28:54.246	TEL,2218,S4,632528727,2001,44543,0,413,2928                    
2026-10-06T20:28:54.246	TEL,2219,S4,632538727,2001,44543,0,422,2935                    
2026-10-06T20:28:54.246	TEL,2220,S4,632548727,2001,44543,0,439,2935                    
2026-10-06T20:28:54.246	TEL,2221,S4,632558727,2001,44543,0,436,2932                    
2026-10-06T20:28:54.246	TEL,2222,S4,632568727,2001,44543,0,428,2932                    
2026-10-06T20:28:54.246	TEL,2223,S4,632578727,2001,44543,0,428,2932                    
2026-10-06T20:28:54.246	TEL,2224,S4,632588727,2001,44543,0,436,2932                    
2026-10-06T20:28:54.246	TEL,2225,S4,632598727,2001,44543,0,436,2932                    
2026-10-06T20:28:54.246	TEL,2226,S4,632608727,2001,44543,0,428,2932                    
2026-10-06T20:28:54.246	TEL,2227,S4,632618727,2001,44543,0,428,2932                    
2026-10-06T20:28:54.246	TEL,2228,S4,632628727,2001,44543,0,428,2932                    
2026-10-06T20:28:54.246	TEL,2229,S4,632638727,2001,44543,0,430,2935                    
2026-10-06T20:28:54.246	TEL,2230,S4,632648727,2001,44543,0,430,2935                    
2026-10-06T20:28:54.246	BTN,25,S4,PRESSED,632653023,632653030                          
2026-10-06T20:28:54.246	TEL,2231,S4,632658728,2003,44543,0,428,2932                    
2026-10-06T20:28:54.246	TEL,2232,S4,632668727,2001,44543,0,425,2932                    
2026-10-06T20:28:54.246	TEL,2233,S4,632678727,2001,44543,0,425,2932                    
2026-10-06T20:28:54.246	TEL,2234,S4,632688727,2001,44543,0,430,2932                    
2026-10-06T20:28:54.246	TEL,2235,S4,632698727,2001,44543,0,430,2932                    
2026-10-06T20:28:54.246	TEL,2236,S4,632708727,2001,44543,0,439,2932                    
2026-10-06T20:28:54.246	TEL,2237,S4,632718727,2001,44543,0,439,2932                    
2026-10-06T20:28:54.246	TEL,2238,S4,632728727,2001,44543,0,439,2932                    
2026-10-06T20:28:54.246	TEL,2239,S4,632738727,2001,44543,0,439,2932                    
2026-10-06T20:28:54.246	TEL,2240,S4,632748727,2001,44543,0,430,2932                    
2026-10-06T20:28:54.246	TEL,2241,S4,632758727,2001,44543,0,430,2932                    
2026-10-06T20:28:54.246	TEL,2242,S4,632768727,2001,44543,0,430,2932                    
2026-10-06T20:28:54.246	TEL,2243,S4,632778727,2001,44543,0,433,2935                    
2026-10-06T20:28:54.246	TEL,2244,S4,632788727,2001,44543,0,433,2935                    
2026-10-06T20:28:54.246	TEL,2245,S4,632798727,2001,44543,0,430,2932                    
2026-10-06T20:28:54.246	TEL,2246,S4,632808727,2001,44543,0,430,2932                    
2026-10-06T20:28:54.246	TEL,2247,S4,632818727,2001,44543,0,430,2932                    
2026-10-06T20:28:54.246	TEL,2248,S4,632828727,2001,44543,0,430,2932                    
2026-10-06T20:28:54.246	TEL,2249,S4,632838727,2001,44543,0,433,2933                    
2026-10-06T20:28:54.246	TEL,2250,S4,632848727,2001,44543,0,436,2933                    
2026-10-06T20:28:54.246	TEL,2251,S4,632858727,2001,44543,0,439,2935                    
2026-10-06T20:28:54.246	TEL,2252,S4,632868727,2001,44543,0,430,2935                    
2026-10-06T20:28:54.246	TEL,2253,S4,632878727,2001,44543,0,428,2932                    
2026-10-06T20:28:54.246	TEL,2254,S4,632888727,2001,44543,0,430,2932                    
2026-10-06T20:28:54.246	TEL,2255,S4,632898727,2001,44543,0,430,2932                    
2026-10-06T20:28:54.246	TEL,2256,S4,632908727,2001,44543,0,430,2932                    
2026-10-06T20:28:54.246	TEL,2257,S4,632918727,2001,44543,0,430,2932                    
2026-10-06T20:28:54.246	TEL,2258,S4,632928727,2001,44543,0,436,2932                    
2026-10-06T20:28:54.246	TEL,2259,S4,632938727,2001,44543,0,436,2932                    
2026-10-06T20:28:54.246	TEL,2260,S4,632948727,2001,44543,0,425,2932                    
2026-10-06T20:28:54.246	TEL,2261,S4,632958727,2001,44543,0,422,2928                    
2026-10-06T20:28:54.246	TEL,2262,S4,632968727,2001,44543,0,425,2928                    
2026-10-06T20:28:54.246	TEL,2263,S4,632978727,2001,44543,0,428,2932                    
2026-10-06T20:28:54.246	TEL,2264,S4,632988727,2001,44543,0,430,2932                    
2026-10-06T20:28:54.246	TEL,2265,S4,632998727,2001,44543,0,430,2932                    
2026-10-06T20:28:54.246	TEL,2266,S4,633008727,2001,44543,0,425,2932                    
2026-10-06T20:28:54.246	TEL,2267,S4,633018727,2001,44543,0,425,2932                    
2026-10-06T20:28:54.246	TEL,2268,S4,633028727,2001,44543,0,436,2932                    
2026-10-06T20:28:54.856	TEL,2269,S4,633038727,2001,44543,0,439,2935                    
2026-10-06T20:28:54.856	TEL,2270,S4,633048727,2001,44543,0,425,2935                    
2026-10-06T20:28:54.856	TEL,2271,S4,633058727,2001,44543,0,419,2932                    
2026-10-06T20:28:54.856	TEL,2272,S4,633068727,2001,44543,0,436,2932                    
2026-10-06T20:28:54.856	TEL,2273,S4,633078727,2001,44543,0,436,2932                    
2026-10-06T20:28:54.856	TEL,2274,S4,633088727,2001,44543,0,430,2932                    
2026-10-06T20:28:54.856	TEL,2275,S4,633098727,2001,44543,0,433,2935                    
2026-10-06T20:28:54.856	TEL,2276,S4,633108727,2001,44543,0,428,2935                    
2026-10-06T20:28:54.856	TEL,2277,S4,633118727,2001,44543,0,425,2932                    
2026-10-06T20:28:54.856	TEL,2278,S4,633128727,2001,44543,0,425,2932                    
2026-10-06T20:28:54.856	TEL,2279,S4,633138727,2001,44543,0,428,2935                    
2026-10-06T20:28:54.856	TEL,2280,S4,633148727,2001,44543,0,428,2935                    
2026-10-06T20:28:54.856	TEL,2281,S4,633158727,2001,44543,0,425,2932                    
2026-10-06T20:28:54.856	TEL,2282,S4,633168727,2001,44543,0,430,2932                    
2026-10-06T20:28:54.856	TEL,2283,S4,633178727,2001,44543,0,430,2932                    
2026-10-06T20:28:54.856	TEL,2284,S4,633188727,2001,44543,0,430,2932                    
2026-10-06T20:28:54.856	BTN,26,S4,PRESSED,633197028,633198753                          
2026-10-06T20:28:54.856	TEL,2285,S4,633198732,2007,44543,0,430,2932                    
2026-10-06T20:28:54.856	TEL,2286,S4,633208728,2003,44543,0,436,2932                    
2026-10-06T20:28:54.856	TEL,2287,S4,633218727,2001,44543,0,436,2933                    
2026-10-06T20:28:54.856	TEL,2288,S4,633228727,2001,44543,0,433,2933                    
2026-10-06T20:28:54.856	TEL,2289,S4,633238727,2001,44543,0,430,2932                    
2026-10-06T20:28:54.856	TEL,2290,S4,633248727,2001,44543,0,425,2932                    
2026-10-06T20:28:54.856	TEL,2291,S4,633258727,2001,44543,0,428,2935                    
2026-10-06T20:28:54.856	TEL,2292,S4,633268727,2001,44543,0,430,2935                    
2026-10-06T20:28:54.856	TEL,2293,S4,633278727,2001,44543,0,430,2935                    
2026-10-06T20:28:54.856	TEL,2294,S4,633288727,2001,44543,0,430,2935                    
2026-10-06T20:28:54.856	TEL,2295,S4,633298727,2001,44543,0,428,2932                    
2026-10-06T20:28:54.856	TEL,2296,S4,633308727,2001,44543,0,425,2932                    
2026-10-06T20:28:54.856	TEL,2297,S4,633318727,2001,44543,0,428,2935                    
2026-10-06T20:28:54.856	TEL,2298,S4,633328727,2001,44543,0,433,2935                    
2026-10-06T20:28:54.856	TEL,2299,S4,633338727,2001,44543,0,430,2932                    
2026-10-06T20:28:54.856	TEL,2300,S4,633348727,2001,44543,0,433,2932                    
2026-10-06T20:28:54.856	TEL,2301,S4,633358727,2001,44543,0,433,2932                    
2026-10-06T20:28:54.856	TEL,2302,S4,633368727,2001,44543,0,428,2932                    
2026-10-06T20:28:54.856	TEL,2303,S4,633378727,2001,44543,0,425,2928                    
2026-10-06T20:28:54.856	TEL,2304,S4,633388727,2001,44543,0,428,2928                    
2026-10-06T20:28:54.856	TEL,2305,S4,633398727,2001,44543,0,433,2935                    
2026-10-06T20:28:54.856	TEL,2306,S4,633408727,2001,44543,0,433,2935                    
2026-10-06T20:28:54.856	TEL,2307,S4,633418727,2001,44543,0,433,2933                    
2026-10-06T20:28:54.856	TEL,2308,S4,633428727,2001,44543,0,428,2933                    
2026-10-06T20:28:54.856	TEL,2309,S4,633438727,2001,44543,0,428,2935                    
2026-10-06T20:28:54.856	TEL,2310,S4,633448727,2001,44543,0,428,2935                    
2026-10-06T20:28:54.856	TEL,2311,S4,633458727,2001,44543,0,425,2932                    
2026-10-06T20:28:54.856	TEL,2312,S4,633468727,2001,44543,0,430,2932                    
2026-10-06T20:28:54.856	TEL,2313,S4,633478727,2001,44543,0,430,2932                    
2026-10-06T20:28:54.856	TEL,2314,S4,633488727,2001,44543,0,425,2932                    
2026-10-06T20:28:54.856	TEL,2315,S4,633498727,2001,44543,0,428,2935                    
2026-10-06T20:28:54.856	TEL,2316,S4,633508727,2001,44543,0,433,2935                    
2026-10-06T20:28:54.856	TEL,2317,S4,633518727,2001,44543,0,430,2932                    
2026-10-06T20:28:54.856	TEL,2318,S4,633528727,2001,44543,0,419,2932                    
2026-10-06T20:28:54.856	TEL,2319,S4,633538727,2001,44543,0,425,2935                    
2026-10-06T20:28:54.856	TEL,2320,S4,633548727,2001,44543,0,433,2935                    
2026-10-06T20:28:54.856	TEL,2321,S4,633558727,2001,44543,0,430,2932                    
2026-10-06T20:28:54.856	TEL,2322,S4,633568727,2001,44543,0,428,2932                    
2026-10-06T20:28:54.856	TEL,2323,S4,633578727,2001,44543,0,428,2932                    
2026-10-06T20:28:54.856	TEL,2324,S4,633588727,2001,44543,0,430,2932                    
2026-10-06T20:28:54.856	TEL,2325,S4,633598727,2001,44543,0,428,2928                    
2026-10-06T20:28:54.856	TEL,2326,S4,633608727,2001,44543,0,425,2928                    
2026-10-06T20:28:54.856	TEL,2327,S4,633618727,2001,44543,0,425,2928                    
2026-10-06T20:28:54.856	TEL,2328,S4,633628727,2001,44543,0,428,2928                    
2026-10-06T20:28:54.856	TEL,2329,S4,633638727,2001,44543,0,430,2932                    
2026-10-06T20:28:55.466	TEL,2330,S4,633648727,2001,44543,0,425,2932                    
2026-10-06T20:28:55.466	TEL,2331,S4,633658727,2001,44543,0,428,2935                    
2026-10-06T20:28:55.466	TEL,2332,S4,633668727,2001,44543,0,430,2935                    
2026-10-06T20:28:55.466	TEL,2333,S4,633678727,2001,44543,0,430,2935                    
2026-10-06T20:28:55.466	TEL,2334,S4,633688727,2001,44543,0,428,2935                    
2026-10-06T20:28:55.466	TEL,2335,S4,633698727,2001,44543,0,425,2932                    
2026-10-06T20:28:55.466	TEL,2336,S4,633708727,2001,44543,0,428,2932                    
2026-10-06T20:28:55.466	TEL,2337,S4,633718727,2001,44543,0,425,2928                    
2026-10-06T20:28:55.466	TEL,2338,S4,633728727,2001,44543,0,428,2928                    
2026-10-06T20:28:55.466	TEL,2339,S4,633738727,2001,44543,0,430,2932                    
2026-10-06T20:28:55.466	TEL,2340,S4,633748727,2001,44543,0,430,2932                    
2026-10-06T20:28:55.466	TEL,2341,S4,633758727,2001,44543,0,433,2935                    
2026-10-06T20:28:55.466	BTN,27,S4,PRESSED,633761033,633761041                          
2026-10-06T20:28:55.466	TEL,2342,S4,633768728,2003,44543,0,428,2935                    
2026-10-06T20:28:55.466	TEL,2343,S4,633778727,2001,44543,0,425,2932                    
2026-10-06T20:28:55.466	TEL,2344,S4,633788727,2001,44543,0,436,2932                    
2026-10-06T20:28:55.466	TEL,2345,S4,633798727,2001,44543,0,436,2932                    
2026-10-06T20:28:55.466	TEL,2346,S4,633808727,2001,44543,0,442,2932                    
2026-10-06T20:28:55.466	TEL,2347,S4,633818727,2001,44543,0,442,2932                    
2026-10-06T20:28:55.466	TEL,2348,S4,633828727,2001,44543,0,430,2932                    
2026-10-06T20:28:55.466	TEL,2349,S4,633838727,2001,44543,0,430,2932                    
2026-10-06T20:28:55.466	TEL,2350,S4,633848727,2001,44543,0,428,2932                    
2026-10-06T20:28:55.466	TEL,2351,S4,633858727,2001,44543,0,430,2935                    
2026-10-06T20:28:55.466	TEL,2352,S4,633868727,2001,44543,0,425,2935                    
2026-10-06T20:28:55.466	TEL,2353,S4,633878727,2001,44543,0,419,2932                    
2026-10-06T20:28:55.466	TEL,2354,S4,633888727,2001,44543,0,430,2932                    
2026-10-06T20:28:55.466	TEL,2355,S4,633898727,2001,44543,0,430,2932                    
2026-10-06T20:28:55.466	TEL,2356,S4,633908727,2001,44543,0,430,2932                    
2026-10-06T20:28:55.466	TEL,2357,S4,633918727,2001,44543,0,433,2935                    
2026-10-06T20:28:55.466	TEL,2358,S4,633928727,2001,44543,0,430,2935                    
2026-10-06T20:28:55.466	TEL,2359,S4,633938727,2001,44543,0,430,2935                    
2026-10-06T20:28:55.466	TEL,2360,S4,633948727,2001,44543,0,433,2935                    
2026-10-06T20:28:55.466	TEL,2361,S4,633958727,2001,44543,0,433,2933                    
2026-10-06T20:28:55.466	TEL,2362,S4,633968727,2001,44543,0,433,2933                    
2026-10-06T20:28:55.466	TEL,2363,S4,633978727,2001,44543,0,430,2932                    
2026-10-06T20:28:55.466	TEL,2364,S4,633988727,2001,44543,0,430,2932                    
2026-10-06T20:28:55.466	TEL,2365,S4,633998727,2001,44543,0,430,2932                    
2026-10-06T20:28:55.466	TEL,2366,S4,634008727,2001,44543,0,425,2932                    
2026-10-06T20:28:55.466	TEL,2367,S4,634018727,2001,44543,0,425,2932                    
2026-10-06T20:28:55.466	TEL,2368,S4,634028727,2001,44543,0,436,2932                    
2026-10-06T20:28:55.466	TEL,2369,S4,634038727,2001,44543,0,436,2933                    
2026-10-06T20:28:55.466	TEL,2370,S4,634048727,2001,44543,0,439,2933                    
2026-10-06T20:28:55.466	TEL,2371,S4,634058727,2001,44543,0,439,2932                    
2026-10-06T20:28:55.466	TEL,2372,S4,634068727,2001,44543,0,425,2932                    
2026-10-06T20:28:55.466	TEL,2373,S4,634078727,2001,44543,0,425,2932                    
2026-10-06T20:28:55.466	TEL,2374,S4,634088727,2001,44543,0,430,2932                    
2026-10-06T20:28:55.466	TEL,2375,S4,634098727,2001,44543,0,430,2932                    
2026-10-06T20:28:55.466	TEL,2376,S4,634108727,2001,44543,0,439,2932                    
2026-10-06T20:28:55.466	TEL,2377,S4,634118727,2001,44543,0,439,2932                    
2026-10-06T20:28:55.466	TEL,2378,S4,634128727,2001,44543,0,428,2932                    
2026-10-06T20:28:55.466	TEL,2379,S4,634138727,2001,44543,0,430,2935                    
2026-10-06T20:28:55.466	TEL,2380,S4,634148727,2001,44543,0,428,2935                    
2026-10-06T20:28:55.466	TEL,2381,S4,634158727,2001,44543,0,425,2932                    
2026-10-06T20:28:55.466	TEL,2382,S4,634168727,2001,44543,0,430,2932                    
2026-10-06T20:28:55.466	TEL,2383,S4,634178727,2001,44543,0,430,2932                    
2026-10-06T20:28:55.466	TEL,2384,S4,634188727,2001,44543,0,425,2932                    
2026-10-06T20:28:55.466	TEL,2385,S4,634198727,2001,44543,0,425,2932                    
2026-10-06T20:28:55.466	TEL,2386,S4,634208727,2001,44543,0,430,2932                    
2026-10-06T20:28:55.466	TEL,2387,S4,634218727,2001,44543,0,428,2928                    
2026-10-06T20:28:55.466	TEL,2388,S4,634228727,2001,44543,0,425,2928                    
2026-10-06T20:28:55.466	TEL,2389,S4,634238727,2001,44543,0,425,2928                    
2026-10-06T20:28:55.466	TEL,2390,S4,634248727,2001,44543,0,428,2928                    
2026-10-06T20:28:56.076	TEL,2391,S4,634258727,2001,44543,0,430,2932                    
2026-10-06T20:28:56.076	TEL,2392,S4,634268727,2001,44543,0,425,2932                    
2026-10-06T20:28:56.076	TEL,2393,S4,634278727,2001,44543,0,428,2935                    
2026-10-06T20:28:56.076	TEL,2394,S4,634288727,2001,44543,0,451,2935                    
2026-10-06T20:28:56.076	TEL,2395,S4,634298727,2001,44543,0,451,2935                    
2026-10-06T20:28:56.076	BTN,28,S4,PRESSED,634301039,634301046                          
2026-10-06T20:28:56.076	TEL,2396,S4,634308728,2003,44543,0,430,2935                    
2026-10-06T20:28:56.076	TEL,2397,S4,634318727,2001,44543,0,430,2933                    
2026-10-06T20:28:56.076	TEL,2398,S4,634328727,2001,44543,0,428,2933                    
2026-10-06T20:28:56.076	TEL,2399,S4,634338727,2001,44543,0,425,2932                    
2026-10-06T20:28:56.076	TEL,2400,S4,634348727,2001,44543,0,430,2932                    
2026-10-06T20:28:56.076	TEL,2401,S4,634358727,2001,44543,0,433,2935                    
2026-10-06T20:28:56.076	TEL,2402,S4,634368727,2001,44543,0,428,2935                    
2026-10-06T20:28:56.076	TEL,2403,S4,634378727,2001,44543,0,428,2935                    
2026-10-06T20:28:56.076	TEL,2404,S4,634388727,2001,44543,0,433,2935                    
2026-10-06T20:28:56.076	TEL,2405,S4,634398727,2001,44543,0,430,2932                    
2026-10-06T20:28:56.076	TEL,2406,S4,634408727,2001,44543,0,428,2932                    
2026-10-06T20:28:56.076	TEL,2407,S4,634418727,2001,44543,0,428,2932                    
2026-10-06T20:28:56.076	TEL,2408,S4,634428727,2001,44543,0,430,2932                    
2026-10-06T20:28:56.076	TEL,2409,S4,634438727,2001,44543,0,433,2933                    
2026-10-06T20:28:56.076	TEL,2410,S4,634448727,2001,44543,0,433,2933                    
2026-10-06T20:28:56.076	TEL,2411,S4,634458727,2001,44543,0,433,2932                    
2026-10-06T20:28:56.076	TEL,2412,S4,634468727,2001,44543,0,430,2932                    
2026-10-06T20:28:56.076	TEL,2413,S4,634478727,2001,44543,0,433,2933                    
2026-10-06T20:28:56.076	TEL,2414,S4,634488727,2001,44543,0,430,2933                    
2026-10-06T20:28:56.076	TEL,2415,S4,634498727,2001,44543,0,428,2932                    
2026-10-06T20:28:56.076	TEL,2416,S4,634508727,2001,44543,0,430,2932                    
2026-10-06T20:28:56.076	TEL,2417,S4,634518727,2001,44543,0,433,2935                    
2026-10-06T20:28:56.076	TEL,2418,S4,634528727,2001,44543,0,430,2935                    
2026-10-06T20:28:56.077	TEL,2419,S4,634538727,2001,44543,0,428,2932                    
2026-10-06T20:28:56.077	TEL,2420,S4,634548727,2001,44543,0,436,2932                    
2026-10-06T20:28:56.077	TEL,2421,S4,634558727,2001,44543,0,436,2932                    
2026-10-06T20:28:56.077	TEL,2422,S4,634568727,2001,44543,0,430,2932                    
2026-10-06T20:28:56.077	TEL,2423,S4,634578727,2001,44543,0,430,2932                    
2026-10-06T20:28:56.077	TEL,2424,S4,634588727,2001,44543,0,436,2932                    
2026-10-06T20:28:56.077	TEL,2425,S4,634598727,2001,44543,0,439,2935                    
2026-10-06T20:28:56.077	TEL,2426,S4,634608727,2001,44543,0,430,2935                    
2026-10-06T20:28:56.077	TEL,2427,S4,634618727,2001,44543,0,430,2933                    
2026-10-06T20:28:56.077	TEL,2428,S4,634628727,2001,44543,0,436,2933                    
2026-10-06T20:28:56.077	TEL,2429,S4,634638727,2001,44543,0,436,2932                    
2026-10-06T20:28:56.077	TEL,2430,S4,634648727,2001,44543,0,428,2932                    
2026-10-06T20:28:56.077	TEL,2431,S4,634658727,2001,44543,0,430,2935                    
2026-10-06T20:28:56.077	TEL,2432,S4,634668727,2001,44543,0,428,2935                    
2026-10-06T20:28:56.077	TEL,2433,S4,634678727,2001,44543,0,428,2935                    
2026-10-06T20:28:56.077	TEL,2434,S4,634688727,2001,44543,0,433,2935                    
2026-10-06T20:28:56.077	TEL,2435,S4,634698727,2001,44543,0,430,2932                    
2026-10-06T20:28:56.077	TEL,2436,S4,634708727,2001,44543,0,430,2932                    
2026-10-06T20:28:56.077	TEL,2437,S4,634718727,2001,44543,0,433,2933                    
2026-10-06T20:28:56.077	TEL,2438,S4,634728727,2001,44543,0,433,2933                    
2026-10-06T20:28:56.077	TEL,2439,S4,634738727,2001,44543,0,428,2928                    
2026-10-06T20:28:56.077	TEL,2440,S4,634748727,2001,44543,0,428,2928                    
2026-10-06T20:28:56.077	TEL,2441,S4,634758727,2001,44543,0,430,2932                    
2026-10-06T20:28:56.077	TEL,2442,S4,634768727,2001,44543,0,436,2932                    
2026-10-06T20:28:56.077	TEL,2443,S4,634778727,2001,44543,0,439,2935                    
2026-10-06T20:28:56.077	TEL,2444,S4,634788727,2001,44543,0,430,2935                    
2026-10-06T20:28:56.077	TEL,2445,S4,634798727,2001,44543,0,430,2935                    
2026-10-06T20:28:56.077	TEL,2446,S4,634808727,2001,44543,0,428,2935                    
2026-10-06T20:28:56.077	TEL,2447,S4,634818727,2001,44543,0,428,2933                    
2026-10-06T20:28:56.077	TEL,2448,S4,634828727,2001,44543,0,428,2933                    
2026-10-06T20:28:56.077	TEL,2449,S4,634838727,2001,44543,0,425,2932                    
2026-10-06T20:28:56.077	TEL,2450,S4,634848727,2001,44543,0,436,2932                    
2026-10-06T20:28:56.077	TEL,2451,S4,634858727,2001,44543,0,436,2932                    
2026-10-06T20:28:56.682	TEL,2452,S4,634868727,2001,44543,0,428,2932                    
2026-10-06T20:28:56.682	TEL,2453,S4,634878727,2001,44543,0,430,2935                    
2026-10-06T20:28:56.682	TEL,2454,S4,634888727,2001,44543,0,428,2935                    
2026-10-06T20:28:56.682	TEL,2455,S4,634898727,2001,44543,0,425,2932                    
2026-10-06T20:28:56.682	TEL,2456,S4,634908727,2001,44543,0,430,2932                    
2026-10-06T20:28:56.682	TEL,2457,S4,634918727,2001,44543,0,430,2932                    
2026-10-06T20:28:56.682	TEL,2458,S4,634928727,2001,44543,0,425,2932                    
2026-10-06T20:28:56.682	TEL,2459,S4,634938727,2001,44543,0,428,2935                    
2026-10-06T20:28:56.682	TEL,2460,S4,634948727,2001,44543,0,439,2935                    
2026-10-06T20:28:56.682	TEL,2461,S4,634958727,2001,44543,0,436,2932                    
2026-10-06T20:28:56.682	TEL,2462,S4,634968727,2001,44543,0,428,2932                    
2026-10-06T20:28:56.682	TEL,2463,S4,634978727,2001,44543,0,428,2932                    
2026-10-06T20:28:56.682	BTN,29,S4,PRESSED,634984044,634984052                          
2026-10-06T20:28:56.682	TEL,2464,S4,634988728,2003,44543,0,439,2932                    
2026-10-06T20:28:56.682	TEL,2465,S4,634998727,2001,44543,0,439,2933                    
2026-10-06T20:28:56.682	TEL,2466,S4,635008727,2001,44543,0,430,2933                    
2026-10-06T20:28:56.682	TEL,2467,S4,635018727,2001,44543,0,425,2928                    
2026-10-06T20:28:56.682	TEL,2468,S4,635028727,2001,44543,0,425,2928                    
2026-10-06T20:28:56.682	TEL,2469,S4,635038727,2001,44543,0,430,2935                    
2026-10-06T20:28:56.682	TEL,2470,S4,635048727,2001,44543,0,428,2935                    
2026-10-06T20:28:56.682	TEL,2471,S4,635058727,2001,44543,0,422,2928                    
2026-10-06T20:28:56.682	TEL,2472,S4,635068727,2001,44543,0,422,2928                    
2026-10-06T20:28:56.682	TEL,2473,S4,635078727,2001,44543,0,428,2935                    
2026-10-06T20:28:56.682	TEL,2474,S4,635088727,2001,44543,0,430,2935                    
2026-10-06T20:28:56.682	TEL,2475,S4,635098727,2001,44543,0,428,2932                    
2026-10-06T20:28:56.682	TEL,2476,S4,635108727,2001,44543,0,425,2932                    
2026-10-06T20:28:56.682	TEL,2477,S4,635118727,2001,44543,0,428,2935                    
2026-10-06T20:28:56.682	TEL,2478,S4,635128727,2001,44543,0,433,2935                    
2026-10-06T20:28:56.682	TEL,2479,S4,635138727,2001,44543,0,430,2932                    
2026-10-06T20:28:56.682	TEL,2480,S4,635148727,2001,44543,0,430,2932                    
2026-10-06T20:28:56.682	TEL,2481,S4,635158727,2001,44543,0,428,2928                    
2026-10-06T20:28:56.682	TEL,2482,S4,635168727,2001,44543,0,430,2928                    
2026-10-06T20:28:56.682	TEL,2483,S4,635178727,2001,44543,0,436,2935                    
2026-10-06T20:28:56.682	TEL,2484,S4,635188727,2001,44543,0,433,2935                    
2026-10-06T20:28:56.682	TEL,2485,S4,635198727,2001,44543,0,433,2935                    
2026-10-06T20:28:56.682	TEL,2486,S4,635208727,2001,44543,0,442,2935                    
2026-10-06T20:28:56.682	TEL,2487,S4,635218727,2001,44543,0,436,2928                    
2026-10-06T20:28:56.682	TEL,2488,S4,635228727,2001,44543,0,428,2928                    
2026-10-06T20:28:56.682	TEL,2489,S4,635238727,2001,44543,0,433,2935                    
2026-10-06T20:28:56.682	TEL,2490,S4,635248727,2001,44543,0,433,2935                    
2026-10-06T20:28:56.682	TEL,2491,S4,635258727,2001,44543,0,433,2935                    
2026-10-06T20:28:56.682	TEL,2492,S4,635268727,2001,44543,0,428,2935                    
2026-10-06T20:28:56.682	TEL,2493,S4,635278727,2001,44543,0,422,2928                    
2026-10-06T20:28:56.682	TEL,2494,S4,635288727,2001,44543,0,425,2928                    
2026-10-06T20:28:56.682	TEL,2495,S4,635298727,2001,44543,0,428,2932                    
2026-10-06T20:28:56.682	TEL,2496,S4,635308727,2001,44543,0,428,2932                    
2026-10-06T20:28:56.682	TEL,2497,S4,635318727,2001,44543,0,430,2935                    
2026-10-06T20:28:56.682	TEL,2498,S4,635328727,2001,44543,0,439,2935                    
2026-10-06T20:28:56.682	TEL,2499,S4,635338727,2001,44543,0,436,2932                    
2026-10-06T20:28:56.682	TEL,2500,S4,635348727,2001,44543,0,430,2932                    
2026-10-06T20:28:56.682	TEL,2501,S4,635358727,2001,44543,0,433,2935                    
2026-10-06T20:28:56.682	TEL,2502,S4,635368727,2001,44543,0,439,2935                    
2026-10-06T20:28:56.682	TEL,2503,S4,635378727,2001,44543,0,436,2932                    
2026-10-06T20:28:56.682	TEL,2504,S4,635388727,2001,44543,0,419,2932                    
2026-10-06T20:28:56.682	TEL,2505,S4,635398727,2001,44543,0,425,2935                    
2026-10-06T20:28:56.682	TEL,2506,S4,635408727,2001,44543,0,442,2935                    
2026-10-06T20:28:56.682	TEL,2507,S4,635418727,2001,44543,0,442,2935                    
2026-10-06T20:28:56.682	TEL,2508,S4,635428727,2001,44543,0,430,2935                    
2026-10-06T20:28:56.682	TEL,2509,S4,635438727,2001,44543,0,428,2932                    
2026-10-06T20:28:56.682	TEL,2510,S4,635448727,2001,44543,0,430,2932                    
2026-10-06T20:28:56.682	TEL,2511,S4,635458727,2001,44543,0,433,2935                    
2026-10-06T20:28:56.682	TEL,2512,S4,635468727,2001,44543,0,430,2935                    
2026-10-06T20:28:57.297	TEL,2513,S4,635478727,2001,44543,0,428,2932                    
2026-10-06T20:28:57.297	TEL,2514,S4,635488727,2001,44543,0,433,2932                    
2026-10-06T20:28:57.297	TEL,2515,S4,635498727,2001,44543,0,433,2932                    
2026-10-06T20:28:57.297	TEL,2516,S4,635508727,2001,44543,0,436,2932                    
2026-10-06T20:28:57.297	TEL,2517,S4,635518727,2001,44543,0,436,2932                    
2026-10-06T20:28:57.297	TEL,2518,S4,635528727,2001,44543,0,425,2932                    
2026-10-06T20:28:57.297	TEL,2519,S4,635538727,2001,44543,0,425,2932                    
2026-10-06T20:28:57.297	TEL,2520,S4,635548727,2001,44543,0,428,2932                    
2026-10-06T20:28:57.297	TEL,2521,S4,635558727,2001,44543,0,428,2932                    
2026-10-06T20:28:57.297	TEL,2522,S4,635568727,2001,44543,0,430,2932                    
2026-10-06T20:28:57.297	TEL,2523,S4,635578727,2001,44543,0,430,2932                    
2026-10-06T20:28:57.297	TEL,2524,S4,635588727,2001,44543,0,428,2932                    
2026-10-06T20:28:57.297	TEL,2525,S4,635598727,2001,44543,0,430,2935                    
2026-10-06T20:28:57.297	TEL,2526,S4,635608727,2001,44543,0,439,2935                    
2026-10-06T20:28:57.297	TEL,2527,S4,635618727,2001,44543,0,436,2932                    
2026-10-06T20:28:57.297	TEL,2528,S4,635628727,2001,44543,0,428,2932                    
2026-10-06T20:28:57.297	TEL,2529,S4,635638727,2001,44543,0,430,2935                    
2026-10-06T20:28:57.297	TEL,2530,S4,635648727,2001,44543,0,439,2935                    
2026-10-06T20:28:57.297	TEL,2531,S4,635658727,2001,44543,0,436,2932                    
2026-10-06T20:28:57.297	TEL,2532,S4,635668727,2001,44543,0,428,2932                    
2026-10-06T20:28:57.297	TEL,2533,S4,635678727,2001,44543,0,430,2935                    
2026-10-06T20:28:57.297	TEL,2534,S4,635688727,2001,44543,0,428,2935                    
2026-10-06T20:28:57.297	TEL,2535,S4,635698727,2001,44543,0,425,2932                    
2026-10-06T20:28:57.297	TEL,2536,S4,635708727,2001,44543,0,430,2932                    
2026-10-06T20:28:57.297	TEL,2537,S4,635718727,2001,44543,0,433,2933                    
2026-10-06T20:28:57.297	TEL,2538,S4,635728727,2001,44543,0,439,2933                    
2026-10-06T20:28:57.297	TEL,2539,S4,635738727,2001,44543,0,436,2928                    
2026-10-06T20:28:57.297	TEL,2540,S4,635748727,2001,44543,0,433,2928                    
2026-10-06T20:28:57.297	TEL,2541,S4,635758727,2001,44543,0,436,2932                    
2026-10-06T20:28:57.297	TEL,2542,S4,635768727,2001,44543,0,433,2932                    
2026-10-06T20:28:57.297	TEL,2543,S4,635778727,2001,44543,0,436,2935                    
2026-10-06T20:28:57.297	TEL,2544,S4,635788727,2001,44543,0,433,2935                    
2026-10-06T20:28:57.297	TEL,2545,S4,635798727,2001,44543,0,433,2935                    
2026-10-06T20:28:57.297	TEL,2546,S4,635808727,2001,44543,0,430,2935                    
2026-10-06T20:28:57.297	TEL,2547,S4,635818727,2001,44543,0,430,2935                    
2026-10-06T20:28:57.297	TEL,2548,S4,635828727,2001,44543,0,430,2935                    
2026-10-06T20:28:57.297	TEL,2549,S4,635838727,2001,44543,0,428,2932                    
2026-10-06T20:28:57.297	TEL,2550,S4,635848727,2001,44543,0,428,2932                    
2026-10-06T20:28:57.297	TEL,2551,S4,635858727,2001,44543,0,428,2932                    
2026-10-06T20:28:57.297	TEL,2552,S4,635868727,2001,44543,0,430,2932                    
2026-10-06T20:28:57.297	BTN,30,S4,PRESSED,635871050,635871057                          
2026-10-06T20:28:57.297	TEL,2553,S4,635878728,2003,44543,0,433,2935                    
2026-10-06T20:28:57.297	TEL,2554,S4,635888727,2001,44543,0,428,2935                    
2026-10-06T20:28:57.297	TEL,2555,S4,635898727,2001,44543,0,428,2935                    
2026-10-06T20:28:57.297	TEL,2556,S4,635908727,2001,44543,0,433,2935                    
2026-10-06T20:28:57.297	TEL,2557,S4,635918727,2001,44543,0,433,2935                    
2026-10-06T20:28:57.297	TEL,2558,S4,635928727,2001,44543,0,430,2935                    
2026-10-06T20:28:57.297	TEL,2559,S4,635938727,2001,44543,0,428,2932                    
2026-10-06T20:28:57.297	TEL,2560,S4,635948727,2001,44543,0,430,2932                    
2026-10-06T20:28:57.297	TEL,2561,S4,635958727,2001,44543,0,433,2935                    
2026-10-06T20:28:57.297	TEL,2562,S4,635968727,2001,44543,0,433,2935                    
2026-10-06T20:28:57.297	TEL,2563,S4,635978727,2001,44543,0,428,2928                    
2026-10-06T20:28:57.297	TEL,2564,S4,635988727,2001,44543,0,428,2928                    
2026-10-06T20:28:57.297	TEL,2565,S4,635998727,2001,44543,0,430,2932                    
2026-10-06T20:28:57.297	TEL,2566,S4,636008727,2001,44543,0,425,2932                    
2026-10-06T20:28:57.297	TEL,2567,S4,636018727,2001,44543,0,428,2935                    
2026-10-06T20:28:57.297	TEL,2568,S4,636028727,2001,44543,0,430,2935                    
2026-10-06T20:28:57.297	TEL,2569,S4,636038727,2001,44543,0,430,2935                    
2026-10-06T20:28:57.297	TEL,2570,S4,636048727,2001,44543,0,430,2935                    
2026-10-06T20:28:57.297	TEL,2571,S4,636058727,2001,44543,0,428,2932                    
2026-10-06T20:28:57.297	TEL,2572,S4,636068727,2001,44543,0,428,2932                    
2026-10-06T20:28:57.297	TEL,2573,S4,636078727,2001,44543,0,428,2932                    
2026-10-06T20:28:57.917	TEL,2574,S4,636088727,2001,44543,0,425,2932                    
2026-10-06T20:28:57.917	TEL,2575,S4,636098727,2001,44543,0,428,2935                    
2026-10-06T20:28:57.917	TEL,2576,S4,636108727,2001,44543,0,430,2935                    
2026-10-06T20:28:57.917	TEL,2577,S4,636118727,2001,44543,0,428,2932                    
2026-10-06T20:28:57.917	TEL,2578,S4,636128727,2001,44543,0,425,2932                    
2026-10-06T20:28:57.917	TEL,2579,S4,636138727,2001,44543,0,425,2932                    
2026-10-06T20:28:57.917	TEL,2580,S4,636148727,2001,44543,0,430,2932                    
2026-10-06T20:28:57.917	TEL,2581,S4,636158727,2001,44543,0,430,2932                    
2026-10-06T20:28:57.917	TEL,2582,S4,636168727,2001,44543,0,425,2932                    
2026-10-06T20:28:57.917	TEL,2583,S4,636178727,2001,44543,0,425,2932                    
2026-10-06T20:28:57.917	TEL,2584,S4,636188727,2001,44543,0,425,2932                    
2026-10-06T20:28:57.917	TEL,2585,S4,636198727,2001,44543,0,425,2932                    
2026-10-06T20:28:57.917	TEL,2586,S4,636208727,2001,44543,0,428,2932                    
2026-10-06T20:28:57.917	TEL,2587,S4,636218727,2001,44543,0,430,2935                    
2026-10-06T20:28:57.917	TEL,2588,S4,636228727,2001,44543,0,433,2935                    
2026-10-06T20:28:57.917	TEL,2589,S4,636238727,2001,44543,0,430,2932                    
2026-10-06T20:28:57.917	TEL,2590,S4,636248727,2001,44543,0,430,2932                    
2026-10-06T20:28:57.917	TEL,2591,S4,636258727,2001,44543,0,430,2932                    
2026-10-06T20:28:57.917	TEL,2592,S4,636268727,2001,44543,0,425,2932                    
2026-10-06T20:28:57.917	TEL,2593,S4,636278727,2001,44543,0,425,2932                    
2026-10-06T20:28:57.917	TEL,2594,S4,636288727,2001,44543,0,428,2932                    
2026-10-06T20:28:57.917	TEL,2595,S4,636298727,2001,44543,0,430,2935                    
2026-10-06T20:28:57.917	TEL,2596,S4,636308727,2001,44543,0,433,2935                    
2026-10-06T20:28:57.917	TEL,2597,S4,636318727,2001,44543,0,430,2932                    
2026-10-06T20:28:57.917	TEL,2598,S4,636328727,2001,44543,0,430,2932                    
2026-10-06T20:28:57.917	TEL,2599,S4,636338727,2001,44543,0,430,2932                    
2026-10-06T20:28:57.917	TEL,2600,S4,636348727,2001,44543,0,430,2932                    
2026-10-06T20:28:57.917	TEL,2601,S4,636358727,2001,44543,0,430,2932                    
2026-10-06T20:28:57.917	TEL,2602,S4,636368727,2001,44543,0,428,2932                    
2026-10-06T20:28:57.917	TEL,2603,S4,636378727,2001,44543,0,425,2928                    
2026-10-06T20:28:57.917	TEL,2604,S4,636388727,2001,44543,0,425,2928                    
2026-10-06T20:28:57.917	TEL,2605,S4,636398727,2001,44543,0,428,2932                    
2026-10-06T20:28:57.917	TEL,2606,S4,636408727,2001,44543,0,436,2932                    
2026-10-06T20:28:57.917	TEL,2607,S4,636418727,2001,44543,0,436,2932                    
2026-10-06T20:28:57.917	TEL,2608,S4,636428727,2001,44543,0,428,2932                    
2026-10-06T20:28:57.917	TEL,2609,S4,636438727,2001,44543,0,428,2932                    
2026-10-06T20:28:57.917	TEL,2610,S4,636448727,2001,44543,0,428,2932                    
2026-10-06T20:28:57.917	TEL,2611,S4,636458727,2001,44543,0,430,2935                    
2026-10-06T20:28:57.917	TEL,2612,S4,636468727,2001,44543,0,430,2935                    
2026-10-06T20:28:57.917	TEL,2613,S4,636478727,2001,44543,0,428,2932                    
2026-10-06T20:28:57.917	TEL,2614,S4,636488727,2001,44543,0,430,2932                    
2026-10-06T20:28:57.917	TEL,2615,S4,636498727,2001,44543,0,430,2932                    
2026-10-06T20:28:57.917	TEL,2616,S4,636508727,2001,44543,0,428,2932                    
2026-10-06T20:28:57.917	TEL,2617,S4,636518727,2001,44543,0,428,2932                    
2026-10-06T20:28:57.917	TEL,2618,S4,636528727,2001,44543,0,430,2932                    
2026-10-06T20:28:57.917	TEL,2619,S4,636538727,2001,44543,0,433,2935                    
2026-10-06T20:28:57.917	TEL,2620,S4,636548727,2001,44543,0,430,2935                    
2026-10-06T20:28:57.917	TEL,2621,S4,636558727,2001,44543,0,428,2932                    
2026-10-06T20:28:57.917	TEL,2622,S4,636568727,2001,44543,0,428,2932                    
2026-10-06T20:28:57.917	TEL,2623,S4,636578727,2001,44543,0,430,2935                    
2026-10-06T20:28:57.917	TEL,2624,S4,636588727,2001,44543,0,433,2935                    
2026-10-06T20:28:57.917	TEL,2625,S4,636598727,2001,44543,0,433,2933                    
2026-10-06T20:28:57.917	TEL,2626,S4,636608727,2001,44543,0,430,2933                    
2026-10-06T20:28:57.917	TEL,2627,S4,636618727,2001,44543,0,430,2935                    
2026-10-06T20:28:57.917	TEL,2628,S4,636628727,2001,44543,0,439,2935                    
2026-10-06T20:28:57.917	TEL,2629,S4,636638727,2001,44543,0,436,2932                    
2026-10-06T20:28:57.917	TEL,2630,S4,636648727,2001,44543,0,430,2932                    
2026-10-06T20:28:57.917	TEL,2631,S4,636658727,2001,44543,0,430,2932                    
2026-10-06T20:28:57.917	TEL,2632,S4,636668727,2001,44543,0,428,2932                    
2026-10-06T20:28:57.917	TEL,2633,S4,636678727,2001,44543,0,428,2932                    
2026-10-06T20:28:57.917	TEL,2634,S4,636688727,2001,44543,0,425,2932                    
2026-10-06T20:28:57.917	TEL,2635,S4,636698727,2001,44543,0,425,2932                    
2026-10-06T20:28:58.527	TEL,2636,S4,636708727,2001,44543,0,430,2932                    
2026-10-06T20:28:58.527	TEL,2637,S4,636718727,2001,44543,0,430,2932                    
2026-10-06T20:28:58.527	TEL,2638,S4,636728727,2001,44543,0,430,2932                    
2026-10-06T20:28:58.527	BTN,31,S4,PRESSED,636731055,636731063                          
2026-10-06T20:28:58.527	TEL,2639,S4,636738728,2003,44543,0,430,2932                    
2026-10-06T20:28:58.527	TEL,2640,S4,636748727,2001,44543,0,425,2932                    
2026-10-06T20:28:58.527	TEL,2641,S4,636758727,2001,44543,0,425,2932                    
2026-10-06T20:28:58.527	TEL,2642,S4,636768727,2001,44543,0,425,2932                    
2026-10-06T20:28:58.527	TEL,2643,S4,636778727,2001,44543,0,428,2935                    
2026-10-06T20:28:58.527	TEL,2644,S4,636788727,2001,44543,0,430,2935                    
2026-10-06T20:28:58.527	TEL,2645,S4,636798727,2001,44543,0,428,2932                    
2026-10-06T20:28:58.527	TEL,2646,S4,636808727,2001,44543,0,430,2932                    
2026-10-06T20:28:58.527	TEL,2647,S4,636818727,2001,44543,0,433,2935                    
2026-10-06T20:28:58.527	TEL,2648,S4,636828727,2001,44543,0,433,2935                    
2026-10-06T20:28:58.527	TEL,2649,S4,636838727,2001,44543,0,433,2935                    
2026-10-06T20:28:58.527	TEL,2650,S4,636848727,2001,44543,0,433,2935                    
2026-10-06T20:28:58.527	TEL,2651,S4,636858727,2001,44543,0,430,2932                    
2026-10-06T20:28:58.527	TEL,2652,S4,636868727,2001,44543,0,430,2932                    
2026-10-06T20:28:58.527	TEL,2653,S4,636878727,2001,44543,0,430,2932                    
2026-10-06T20:28:58.527	TEL,2654,S4,636888727,2001,44543,0,428,2932                    
2026-10-06T20:28:58.527	TEL,2655,S4,636898727,2001,44543,0,430,2935                    
2026-10-06T20:28:58.527	TEL,2656,S4,636908727,2001,44543,0,428,2935                    
2026-10-06T20:28:58.527	TEL,2657,S4,636918727,2001,44543,0,428,2933                    
2026-10-06T20:28:58.527	TEL,2658,S4,636928727,2001,44543,0,430,2933                    
2026-10-06T20:28:58.527	TEL,2659,S4,636938727,2001,44543,0,430,2935                    
2026-10-06T20:28:58.527	TEL,2660,S4,636948727,2001,44543,0,433,2935                    
2026-10-06T20:28:58.527	TEL,2661,S4,636958727,2001,44543,0,430,2932                    
2026-10-06T20:28:58.527	TEL,2662,S4,636968727,2001,44543,0,430,2932                    
2026-10-06T20:28:58.527	TEL,2663,S4,636978727,2001,44543,0,430,2932                    
2026-10-06T20:28:58.527	TEL,2664,S4,636988727,2001,44543,0,425,2932                    
2026-10-06T20:28:58.527	TEL,2665,S4,636998727,2001,44543,0,425,2932                    
2026-10-06T20:28:58.527	TEL,2666,S4,637008727,2001,44543,0,430,2932                    
2026-10-06T20:28:58.527	TEL,2667,S4,637018727,2001,44543,0,433,2935                    
2026-10-06T20:28:58.527	TEL,2668,S4,637028727,2001,44543,0,430,2935                    
2026-10-06T20:28:58.527	TEL,2669,S4,637038727,2001,44543,0,428,2932                    
2026-10-06T20:28:58.527	TEL,2670,S4,637048727,2001,44543,0,430,2932                    
2026-10-06T20:28:58.527	TEL,2671,S4,637058727,2001,44543,0,430,2932                    
2026-10-06T20:28:58.527	TEL,2672,S4,637068727,2001,44543,0,436,2932                    
2026-10-06T20:28:58.527	TEL,2673,S4,637078727,2001,44543,0,433,2928                    
2026-10-06T20:28:58.527	TEL,2674,S4,637088727,2001,44543,0,436,2928                    
2026-10-06T20:28:58.527	TEL,2675,S4,637098727,2001,44543,0,439,2932                    
2026-10-06T20:28:58.527	TEL,2676,S4,637108727,2001,44543,0,436,2932                    
2026-10-06T20:28:58.527	TEL,2677,S4,637118727,2001,44543,0,439,2935                    
2026-10-06T20:28:58.527	TEL,2678,S4,637128727,2001,44543,0,428,2935                    
2026-10-06T20:28:58.527	TEL,2679,S4,637138727,2001,44543,0,425,2932                    
2026-10-06T20:28:58.527	TEL,2680,S4,637148727,2001,44543,0,430,2932                    
2026-10-06T20:28:58.527	TEL,2681,S4,637158727,2001,44543,0,433,2935                    
2026-10-06T20:28:58.527	TEL,2682,S4,637168727,2001,44543,0,433,2935                    
2026-10-06T20:28:58.527	TEL,2683,S4,637178727,2001,44543,0,430,2932                    
2026-10-06T20:28:58.527	TEL,2684,S4,637188727,2001,44543,0,436,2932                    
2026-10-06T20:28:58.527	TEL,2685,S4,637198727,2001,44543,0,436,2932                    
2026-10-06T20:28:58.527	TEL,2686,S4,637208727,2001,44543,0,436,2932                    
2026-10-06T20:28:58.527	TEL,2687,S4,637218727,2001,44543,0,439,2935                    
2026-10-06T20:28:58.527	TEL,2688,S4,637228727,2001,44543,0,433,2935                    
2026-10-06T20:28:58.527	TEL,2689,S4,637238727,2001,44543,0,430,2932                    
2026-10-06T20:28:58.527	TEL,2690,S4,637248727,2001,44543,0,425,2932                    
2026-10-06T20:28:58.527	TEL,2691,S4,637258727,2001,44543,0,425,2932                    
2026-10-06T20:28:58.527	TEL,2692,S4,637268727,2001,44543,0,430,2932                    
2026-10-06T20:28:58.527	TEL,2693,S4,637278727,2001,44543,0,428,2928                    
2026-10-06T20:28:58.527	TEL,2694,S4,637288727,2001,44543,0,425,2928                    
2026-10-06T20:28:58.527	TEL,2695,S4,637298727,2001,44543,0,430,2935                    
2026-10-06T20:28:58.527	TEL,2696,S4,637308727,2001,44543,0,428,2935                    
2026-10-06T20:28:59.126	TEL,2697,S4,637318727,2001,44543,0,425,2932                    
2026-10-06T20:28:59.126	TEL,2698,S4,637328727,2001,44543,0,430,2932                    
2026-10-06T20:28:59.126	TEL,2699,S4,637338727,2001,44543,0,433,2935                    
2026-10-06T20:28:59.126	TEL,2700,S4,637348727,2001,44543,0,430,2935                    
2026-10-06T20:28:59.126	TEL,2701,S4,637358727,2001,44543,0,428,2932                    
2026-10-06T20:28:59.126	TEL,2702,S4,637368727,2001,44543,0,425,2932                    
2026-10-06T20:28:59.126	BTN,32,S4,PRESSED,637374061,637374068                          
2026-10-06T20:28:59.126	TEL,2703,S4,637378728,2003,44543,0,425,2932                    
2026-10-06T20:28:59.126	TEL,2704,S4,637388727,2001,44543,0,425,2932                    
2026-10-06T20:28:59.126	TEL,2705,S4,637398727,2001,44543,0,425,2932                    
2026-10-06T20:28:59.126	TEL,2706,S4,637408727,2001,44543,0,433,2932                    
2026-10-06T20:28:59.126	TEL,2707,S4,637418727,2001,44543,0,436,2935                    
2026-10-06T20:28:59.126	TEL,2708,S4,637428727,2001,44543,0,433,2935                    
2026-10-06T20:28:59.126	TEL,2709,S4,637438727,2001,44543,0,430,2932                    
2026-10-06T20:28:59.126	TEL,2710,S4,637448727,2001,44543,0,425,2932                    
2026-10-06T20:28:59.126	TEL,2711,S4,637458727,2001,44543,0,428,2935                    
2026-10-06T20:28:59.126	TEL,2712,S4,637468727,2001,44543,0,433,2935                    
2026-10-06T20:28:59.126	TEL,2713,S4,637478727,2001,44543,0,430,2932                    
2026-10-06T20:28:59.126	TEL,2714,S4,637488727,2001,44543,0,436,2932                    
2026-10-06T20:28:59.126	TEL,2715,S4,637498727,2001,44543,0,433,2928                    
2026-10-06T20:28:59.126	TEL,2716,S4,637508727,2001,44543,0,428,2928                    
2026-10-06T20:28:59.126	TEL,2717,S4,637518727,2001,44543,0,433,2935                    
2026-10-06T20:28:59.126	TEL,2718,S4,637528727,2001,44543,0,430,2935                    
2026-10-06T20:28:59.126	TEL,2719,S4,637538727,2001,44543,0,425,2928                    
2026-10-06T20:28:59.126	TEL,2720,S4,637548727,2001,44543,0,425,2928                    
2026-10-06T20:28:59.126	TEL,2721,S4,637558727,2001,44543,0,428,2932                    
2026-10-06T20:28:59.126	TEL,2722,S4,637568727,2001,44543,0,433,2932                    
2026-10-06T20:28:59.126	TEL,2723,S4,637578727,2001,44543,0,433,2932                    
2026-10-06T20:28:59.126	TEL,2724,S4,637588727,2001,44543,0,430,2932                    
2026-10-06T20:28:59.126	TEL,2725,S4,637598727,2001,44543,0,428,2928                    
2026-10-06T20:28:59.126	TEL,2726,S4,637608727,2001,44543,0,425,2928                    
2026-10-06T20:28:59.126	TEL,2727,S4,637618727,2001,44543,0,425,2928                    
2026-10-06T20:28:59.126	TEL,2728,S4,637628727,2001,44543,0,422,2928                    
2026-10-06T20:28:59.126	TEL,2729,S4,637638727,2001,44543,0,425,2932                    
2026-10-06T20:28:59.126	TEL,2730,S4,637648727,2001,44543,0,419,2932                    
2026-10-06T20:28:59.126	TEL,2731,S4,637658727,2001,44543,0,419,2932                    
2026-10-06T20:28:59.126	TEL,2732,S4,637668727,2001,44543,0,425,2932                    
2026-10-06T20:28:59.126	TEL,2733,S4,637678727,2001,44543,0,425,2932                    
2026-10-06T20:28:59.126	TEL,2734,S4,637688727,2001,44543,0,430,2932                    
2026-10-06T20:28:59.126	TEL,2735,S4,637698727,2001,44543,0,433,2935                    
2026-10-06T20:28:59.126	TEL,2736,S4,637708727,2001,44543,0,430,2935                    
2026-10-06T20:28:59.126	TEL,2737,S4,637718727,2001,44543,0,425,2928                    
2026-10-06T20:28:59.126	TEL,2738,S4,637728727,2001,44543,0,422,2928                    
2026-10-06T20:28:59.126	TEL,2739,S4,637738727,2001,44543,0,425,2932                    
2026-10-06T20:28:59.126	TEL,2740,S4,637748727,2001,44543,0,433,2932                    
2026-10-06T20:28:59.126	TEL,2741,S4,637758727,2001,44543,0,436,2935                    
2026-10-06T20:28:59.126	TEL,2742,S4,637768727,2001,44543,0,430,2935                    
2026-10-06T20:28:59.126	TEL,2743,S4,637778727,2001,44543,0,428,2932                    
2026-10-06T20:28:59.126	TEL,2744,S4,637788727,2001,44543,0,428,2932                    
2026-10-06T20:28:59.126	TEL,2745,S4,637798727,2001,44543,0,425,2928                    
2026-10-06T20:28:59.126	TEL,2746,S4,637808727,2001,44543,0,430,2928                    
2026-10-06T20:28:59.126	TEL,2747,S4,637818727,2001,44543,0,433,2932                    
2026-10-06T20:28:59.126	TEL,2748,S4,637828727,2001,44543,0,430,2932                    
2026-10-06T20:28:59.126	TEL,2749,S4,637838727,2001,44543,0,433,2935                    
2026-10-06T20:28:59.126	TEL,2750,S4,637848727,2001,44543,0,442,2935                    
2026-10-06T20:28:59.126	TEL,2751,S4,637858727,2001,44543,0,439,2932                    
2026-10-06T20:28:59.126	TEL,2752,S4,637868727,2001,44543,0,419,2932                    
2026-10-06T20:28:59.126	TEL,2753,S4,637878727,2001,44543,0,419,2932                    
2026-10-06T20:28:59.126	TEL,2754,S4,637888727,2001,44543,0,430,2932                    
2026-10-06T20:28:59.126	BTN,33,S4,PRESSED,637891066,637891073                          
2026-10-06T20:28:59.126	TEL,2755,S4,637898728,2003,44543,0,433,2935                    
2026-10-06T20:28:59.126	TEL,2756,S4,637908727,2001,44543,0,430,2935                    
2026-10-06T20:28:59.746	TEL,2757,S4,637918727,2001,44543,0,428,2932                    
2026-10-06T20:28:59.746	TEL,2758,S4,637928727,2001,44543,0,442,2932                    
2026-10-06T20:28:59.746	TEL,2759,S4,637938727,2001,44543,0,436,2928                    
2026-10-06T20:28:59.746	TEL,2760,S4,637948727,2001,44543,0,422,2928                    
2026-10-06T20:28:59.746	TEL,2761,S4,637958727,2001,44543,0,425,2932                    
2026-10-06T20:28:59.746	TEL,2762,S4,637968727,2001,44543,0,430,2932                    
2026-10-06T20:28:59.746	TEL,2763,S4,637978727,2001,44543,0,430,2932                    
2026-10-06T20:28:59.746	TEL,2764,S4,637988727,2001,44543,0,425,2932                    
2026-10-06T20:28:59.746	TEL,2765,S4,637998727,2001,44543,0,428,2935                    
2026-10-06T20:28:59.746	TEL,2766,S4,638008727,2001,44543,0,428,2935                    
2026-10-06T20:28:59.746	TEL,2767,S4,638018727,2001,44543,0,425,2932                    
2026-10-06T20:28:59.746	TEL,2768,S4,638028727,2001,44543,0,425,2932                    
2026-10-06T20:28:59.746	TEL,2769,S4,638038727,2001,44543,0,425,2932                    
2026-10-06T20:28:59.746	TEL,2770,S4,638048727,2001,44543,0,439,2932                    
2026-10-06T20:28:59.746	TEL,2771,S4,638058727,2001,44543,0,439,2932                    
2026-10-06T20:28:59.746	TEL,2772,S4,638068727,2001,44543,0,425,2932                    
2026-10-06T20:28:59.746	TEL,2773,S4,638078727,2001,44543,0,428,2933                    
2026-10-06T20:28:59.746	TEL,2774,S4,638088727,2001,44543,0,436,2933                    
2026-10-06T20:28:59.746	TEL,2775,S4,638098727,2001,44543,0,433,2930                    
2026-10-06T20:28:59.746	TEL,2776,S4,638108727,2001,44543,0,428,2930                    
2026-10-06T20:28:59.746	TEL,2777,S4,638118727,2001,44543,0,433,2935                    
2026-10-06T20:28:59.746	TEL,2778,S4,638128727,2001,44543,0,433,2935                    
2026-10-06T20:28:59.746	TEL,2779,S4,638138727,2001,44543,0,430,2932                    
2026-10-06T20:28:59.746	TEL,2780,S4,638148727,2001,44543,0,436,2932                    
2026-10-06T20:28:59.746	TEL,2781,S4,638158727,2001,44543,0,436,2932                    
2026-10-06T20:28:59.746	TEL,2782,S4,638168727,2001,44543,0,430,2932                    
2026-10-06T20:28:59.746	TEL,2783,S4,638178727,2001,44543,0,430,2932                    
2026-10-06T20:28:59.746	TEL,2784,S4,638188727,2001,44543,0,436,2932                    
2026-10-06T20:28:59.746	TEL,2785,S4,638198727,2001,44543,0,433,2928                    
2026-10-06T20:28:59.746	TEL,2786,S4,638208727,2001,44543,0,428,2928                    
2026-10-06T20:28:59.746	TEL,2787,S4,638218727,2001,44543,0,430,2932                    
2026-10-06T20:28:59.746	TEL,2788,S4,638228727,2001,44543,0,430,2932                    
2026-10-06T20:28:59.746	TEL,2789,S4,638238727,2001,44543,0,433,2935                    
2026-10-06T20:28:59.746	TEL,2790,S4,638248727,2001,44543,0,430,2935                    
2026-10-06T20:28:59.746	TEL,2791,S4,638258727,2001,44543,0,428,2932                    
2026-10-06T20:28:59.746	TEL,2792,S4,638268727,2001,44543,0,436,2932                    
2026-10-06T20:28:59.746	TEL,2793,S4,638278727,2001,44543,0,439,2935                    
2026-10-06T20:28:59.746	TEL,2794,S4,638288727,2001,44543,0,439,2935                    
2026-10-06T20:28:59.746	TEL,2795,S4,638298727,2001,44543,0,439,2935                    
2026-10-06T20:28:59.746	TEL,2796,S4,638308727,2001,44543,0,430,2935                    
2026-10-06T20:28:59.746	TEL,2797,S4,638318727,2001,44543,0,428,2932                    
2026-10-06T20:28:59.746	TEL,2798,S4,638328727,2001,44543,0,436,2932                    
2026-10-06T20:28:59.746	TEL,2799,S4,638338727,2001,44543,0,433,2928                    
2026-10-06T20:28:59.746	TEL,2800,S4,638348727,2001,44543,0,428,2928                    
2026-10-06T20:28:59.746	TEL,2801,S4,638358727,2001,44543,0,430,2932                    
2026-10-06T20:28:59.746	TEL,2802,S4,638368727,2001,44543,0,436,2932                    
2026-10-06T20:28:59.746	TEL,2803,S4,638378727,2001,44543,0,436,2932                    
2026-10-06T20:28:59.746	TEL,2804,S4,638388727,2001,44543,0,436,2932                    
2026-10-06T20:28:59.746	TEL,2805,S4,638398727,2001,44543,0,439,2935                    
2026-10-06T20:28:59.746	TEL,2806,S4,638408727,2001,44543,0,439,2935                    
2026-10-06T20:28:59.746	TEL,2807,S4,638418727,2001,44543,0,436,2932                    
2026-10-06T20:28:59.746	TEL,2808,S4,638428727,2001,44543,0,430,2932                    
2026-10-06T20:28:59.746	TEL,2809,S4,638438727,2001,44543,0,430,2932                    
2026-10-06T20:28:59.746	TEL,2810,S4,638448727,2001,44543,0,430,2932                    
2026-10-06T20:28:59.746	TEL,2811,S4,638458727,2001,44543,0,430,2932                    
2026-10-06T20:28:59.746	TEL,2812,S4,638468727,2001,44543,0,430,2932                    
2026-10-06T20:28:59.746	TEL,2813,S4,638478727,2001,44543,0,430,2932                    
2026-10-06T20:28:59.746	TEL,2814,S4,638488727,2001,44543,0,430,2932                    
2026-10-06T20:28:59.746	TEL,2815,S4,638498727,2001,44543,0,433,2933                    
2026-10-06T20:28:59.746	TEL,2816,S4,638508727,2001,44543,0,436,2933                    
2026-10-06T20:28:59.746	TEL,2817,S4,638518727,2001,44543,0,436,2932                    
2026-10-06T20:28:59.746	TEL,2818,S4,638528727,2001,44543,0,430,2932                    
2026-10-06T20:29:00.356	TEL,2819,S4,638538727,2001,44543,0,430,2932                    
2026-10-06T20:29:00.356	TEL,2820,S4,638548727,2001,44543,0,430,2932                    
2026-10-06T20:29:00.356	TEL,2821,S4,638558727,2001,44543,0,428,2928                    
2026-10-06T20:29:00.356	TEL,2822,S4,638568727,2001,44543,0,428,2928                    
2026-10-06T20:29:00.356	TEL,2823,S4,638578727,2001,44543,0,433,2935                    
2026-10-06T20:29:00.356	TEL,2824,S4,638588727,2001,44543,0,433,2935                    
2026-10-06T20:29:00.356	TEL,2825,S4,638598727,2001,44543,0,433,2935                    
2026-10-06T20:29:00.356	TEL,2826,S4,638608727,2001,44543,0,425,2935                    
2026-10-06T20:29:00.356	TEL,2827,S4,638618727,2001,44543,0,416,2928                    
2026-10-06T20:29:00.356	TEL,2828,S4,638628727,2001,44543,0,428,2928                    
2026-10-06T20:29:00.356	TEL,2829,S4,638638727,2001,44543,0,433,2935                    
2026-10-06T20:29:00.356	TEL,2830,S4,638648727,2001,44543,0,428,2935                    
2026-10-06T20:29:00.356	TEL,2831,S4,638658727,2001,44543,0,425,2932                    
2026-10-06T20:29:00.356	TEL,2832,S4,638668727,2001,44543,0,425,2932                    
2026-10-06T20:29:00.356	TEL,2833,S4,638678727,2001,44543,0,425,2932                    
2026-10-06T20:29:00.356	TEL,2834,S4,638688727,2001,44543,0,430,2932                    
2026-10-06T20:29:00.356	TEL,2835,S4,638698727,2001,44543,0,433,2933                    
2026-10-06T20:29:00.356	BTN,34,S4,PRESSED,638701072,638701079                          
2026-10-06T20:29:00.356	TEL,2836,S4,638708728,2003,44543,0,436,2933                    
2026-10-06T20:29:00.356	TEL,2837,S4,638718727,2001,44543,0,436,2932                    
2026-10-06T20:29:00.356	TEL,2838,S4,638728727,2001,44543,0,425,2932                    
2026-10-06T20:29:00.356	TEL,2839,S4,638738727,2001,44543,0,425,2932                    
2026-10-06T20:29:00.356	TEL,2840,S4,638748727,2001,44543,0,436,2932                    
2026-10-06T20:29:00.356	TEL,2841,S4,638758727,2001,44543,0,439,2935                    
2026-10-06T20:29:00.356	TEL,2842,S4,638768727,2001,44543,0,442,2935                    
2026-10-06T20:29:00.356	TEL,2843,S4,638778727,2001,44543,0,439,2932                    
2026-10-06T20:29:00.356	TEL,2844,S4,638788727,2001,44543,0,428,2932                    
2026-10-06T20:29:00.356	TEL,2845,S4,638798727,2001,44543,0,430,2935                    
2026-10-06T20:29:00.356	TEL,2846,S4,638808727,2001,44543,0,439,2935                    
2026-10-06T20:29:00.356	TEL,2847,S4,638818727,2001,44543,0,436,2933                    
2026-10-06T20:29:00.356	TEL,2848,S4,638828727,2001,44543,0,428,2933                    
2026-10-06T20:29:00.356	TEL,2849,S4,638838727,2001,44543,0,428,2935                    
2026-10-06T20:29:00.356	TEL,2850,S4,638848727,2001,44543,0,430,2935                    
2026-10-06T20:29:00.356	TEL,2851,S4,638858727,2001,44543,0,430,2935                    
2026-10-06T20:29:00.356	TEL,2852,S4,638868727,2001,44543,0,428,2935                    
2026-10-06T20:29:00.356	TEL,2853,S4,638878727,2001,44543,0,425,2932                    
2026-10-06T20:29:00.356	TEL,2854,S4,638888727,2001,44543,0,428,2932                    
2026-10-06T20:29:00.356	TEL,2855,S4,638898727,2001,44543,0,430,2935                    
2026-10-06T20:29:00.356	TEL,2856,S4,638908727,2001,44543,0,430,2935                    
2026-10-06T20:29:00.356	TEL,2857,S4,638918727,2001,44543,0,428,2932                    
2026-10-06T20:29:00.356	TEL,2858,S4,638928727,2001,44543,0,430,2932                    
2026-10-06T20:29:00.356	TEL,2859,S4,638938727,2001,44543,0,428,2928                    
2026-10-06T20:29:00.356	TEL,2860,S4,638948727,2001,44543,0,422,2928                    
2026-10-06T20:29:00.356	TEL,2861,S4,638958727,2001,44543,0,422,2928                    
2026-10-06T20:29:00.356	TEL,2862,S4,638968727,2001,44543,0,425,2928                    
2026-10-06T20:29:00.356	TEL,2863,S4,638978727,2001,44543,0,430,2935                    
2026-10-06T20:29:00.356	TEL,2864,S4,638988727,2001,44543,0,430,2935                    
2026-10-06T20:29:00.356	TEL,2865,S4,638998727,2001,44543,0,428,2932                    
2026-10-06T20:29:00.356	TEL,2866,S4,639008727,2001,44543,0,436,2932                    
2026-10-06T20:29:00.356	TEL,2867,S4,639018727,2001,44543,0,436,2932                    
2026-10-06T20:29:00.356	TEL,2868,S4,639028727,2001,44543,0,428,2932                    
2026-10-06T20:29:00.356	TEL,2869,S4,639038727,2001,44543,0,430,2935                    
2026-10-06T20:29:00.356	TEL,2870,S4,639048727,2001,44543,0,439,2935                    
2026-10-06T20:29:00.356	TEL,2871,S4,639058727,2001,44543,0,439,2935                    
2026-10-06T20:29:00.356	TEL,2872,S4,639068727,2001,44543,0,436,2935                    
2026-10-06T20:29:00.356	TEL,2873,S4,639078727,2001,44543,0,433,2932                    
2026-10-06T20:29:00.356	TEL,2874,S4,639088727,2001,44543,0,436,2932                    
2026-10-06T20:29:00.356	TEL,2875,S4,639098727,2001,44543,0,439,2935                    
2026-10-06T20:29:00.356	TEL,2876,S4,639108727,2001,44543,0,439,2935                    
2026-10-06T20:29:00.356	TEL,2877,S4,639118727,2001,44543,0,433,2928                    
2026-10-06T20:29:00.356	TEL,2878,S4,639128727,2001,44543,0,422,2928                    
2026-10-06T20:29:00.356	TEL,2879,S4,639138727,2001,44543,0,425,2932                    
2026-10-06T20:29:00.966	TEL,2880,S4,639148727,2001,44543,0,425,2932                    
2026-10-06T20:29:00.966	TEL,2881,S4,639158727,2001,44543,0,425,2932                    
2026-10-06T20:29:00.966	TEL,2882,S4,639168727,2001,44543,0,428,2932                    
2026-10-06T20:29:00.966	TEL,2883,S4,639178727,2001,44543,0,428,2932                    
2026-10-06T20:29:00.966	TEL,2884,S4,639188727,2001,44543,0,430,2932                    
2026-10-06T20:29:00.966	TEL,2885,S4,639198727,2001,44543,0,430,2932                    
2026-10-06T20:29:00.966	TEL,2886,S4,639208727,2001,44543,0,430,2932                    
2026-10-06T20:29:00.966	TEL,2887,S4,639218727,2001,44543,0,433,2935                    
2026-10-06T20:29:00.966	TEL,2888,S4,639228727,2001,44543,0,439,2935                    
2026-10-06T20:29:00.966	TEL,2889,S4,639238727,2001,44543,0,436,2932                    
2026-10-06T20:29:00.966	TEL,2890,S4,639248727,2001,44543,0,428,2932                    
2026-10-06T20:29:00.966	TEL,2891,S4,639258727,2001,44543,0,428,2932                    
2026-10-06T20:29:00.966	TEL,2892,S4,639268727,2001,44543,0,425,2932                    
2026-10-06T20:29:00.966	BTN,35,S4,PRESSED,639276077,639276084                          
2026-10-06T20:29:00.966	TEL,2893,S4,639278728,2003,44543,0,425,2932                    
2026-10-06T20:29:00.966	TEL,2894,S4,639288731,2006,44543,0,425,2932                    
2026-10-06T20:29:00.966	TEL,2895,S4,639298727,2001,44543,0,428,2933                    
2026-10-06T20:29:00.966	TEL,2896,S4,639308727,2001,44543,0,428,2933                    
2026-10-06T20:29:00.966	TEL,2897,S4,639318727,2001,44543,0,428,2935                    
2026-10-06T20:29:00.966	TEL,2898,S4,639328727,2001,44543,0,428,2935                    
2026-10-06T20:29:00.966	TEL,2899,S4,639338727,2001,44543,0,425,2932                    
2026-10-06T20:29:00.966	TEL,2900,S4,639348727,2001,44543,0,430,2932                    
2026-10-06T20:29:00.966	TEL,2901,S4,639358727,2001,44543,0,433,2933                    
2026-10-06T20:29:00.966	TEL,2902,S4,639368727,2001,44543,0,430,2933                    
2026-10-06T20:29:00.966	TEL,2903,S4,639378727,2001,44543,0,428,2932                    
2026-10-06T20:29:00.966	TEL,2904,S4,639388727,2001,44543,0,425,2932                    
2026-10-06T20:29:00.966	TEL,2905,S4,639398727,2001,44543,0,422,2928                    
2026-10-06T20:29:00.966	TEL,2906,S4,639408727,2001,44543,0,425,2928                    
2026-10-06T20:29:00.966	TEL,2907,S4,639418727,2001,44543,0,428,2932                    
2026-10-06T20:29:00.966	TEL,2908,S4,639428727,2001,44543,0,433,2932                    
2026-10-06T20:29:00.966	TEL,2909,S4,639438727,2001,44543,0,436,2935                    
2026-10-06T20:29:00.966	TEL,2910,S4,639448727,2001,44543,0,428,2935                    
2026-10-06T20:29:00.966	TEL,2911,S4,639458727,2001,44543,0,428,2933                    
2026-10-06T20:29:00.966	TEL,2912,S4,639468727,2001,44543,0,436,2933                    
2026-10-06T20:29:00.966	TEL,2913,S4,639478727,2001,44543,0,436,2932                    
2026-10-06T20:29:00.966	TEL,2914,S4,639488727,2001,44543,0,430,2932                    
2026-10-06T20:29:00.967	TEL,2915,S4,639498727,2001,44543,0,430,2932                    
2026-10-06T20:29:00.967	TEL,2916,S4,639508727,2001,44543,0,430,2932                    
2026-10-06T20:29:00.967	TEL,2917,S4,639518727,2001,44543,0,433,2933                    
2026-10-06T20:29:00.967	TEL,2918,S4,639528727,2001,44543,0,439,2933                    
2026-10-06T20:29:00.967	TEL,2919,S4,639538727,2001,44543,0,442,2935                    
2026-10-06T20:29:00.967	TEL,2920,S4,639548727,2001,44543,0,428,2935                    
2026-10-06T20:29:00.967	TEL,2921,S4,639558727,2001,44543,0,425,2932                    
2026-10-06T20:29:00.967	TEL,2922,S4,639568727,2001,44543,0,442,2932                    
2026-10-06T20:29:00.967	TEL,2923,S4,639578727,2001,44543,0,442,2932                    
2026-10-06T20:29:00.967	TEL,2924,S4,639588727,2001,44543,0,430,2932                    
2026-10-06T20:29:00.967	TEL,2925,S4,639598727,2001,44543,0,430,2932                    
2026-10-06T20:29:00.967	TEL,2926,S4,639608727,2001,44543,0,439,2932                    
2026-10-06T20:29:00.967	TEL,2927,S4,639618727,2001,44543,0,439,2932                    
2026-10-06T20:29:00.967	TEL,2928,S4,639628727,2001,44543,0,439,2932                    
2026-10-06T20:29:00.967	TEL,2929,S4,639638727,2001,44543,0,439,2932                    
2026-10-06T20:29:00.967	TEL,2930,S4,639648727,2001,44543,0,430,2932                    
2026-10-06T20:29:00.967	TEL,2931,S4,639658727,2001,44543,0,433,2933                    
2026-10-06T20:29:00.967	TEL,2932,S4,639668727,2001,44543,0,428,2933                    
2026-10-06T20:29:00.967	TEL,2933,S4,639678727,2001,44543,0,428,2935                    
2026-10-06T20:29:00.967	TEL,2934,S4,639688727,2001,44543,0,439,2935                    
2026-10-06T20:29:00.967	TEL,2935,S4,639698727,2001,44543,0,439,2935                    
2026-10-06T20:29:00.967	TEL,2936,S4,639708727,2001,44543,0,433,2935                    
2026-10-06T20:29:00.967	TEL,2937,S4,639718727,2001,44543,0,430,2932                    
2026-10-06T20:29:00.967	TEL,2938,S4,639728727,2001,44543,0,416,2932                    
2026-10-06T20:29:00.967	TEL,2939,S4,639738727,2001,44543,0,413,2928                    
2026-10-06T20:29:00.967	TEL,2940,S4,639748727,2001,44543,0,428,2928                    
2026-10-06T20:29:01.572	TEL,2941,S4,639758727,2001,44543,0,430,2932                    
2026-10-06T20:29:01.572	TEL,2942,S4,639768727,2001,44543,0,425,2932                    
2026-10-06T20:29:01.572	TEL,2943,S4,639778727,2001,44543,0,425,2932                    
2026-10-06T20:29:01.572	TEL,2944,S4,639788727,2001,44543,0,430,2932                    
2026-10-06T20:29:01.572	TEL,2945,S4,639798727,2001,44543,0,430,2932                    
2026-10-06T20:29:01.572	TEL,2946,S4,639808727,2001,44543,0,430,2932                    
2026-10-06T20:29:01.572	TEL,2947,S4,639818727,2001,44543,0,430,2932                    
2026-10-06T20:29:01.572	TEL,2948,S4,639828727,2001,44543,0,436,2932                    
2026-10-06T20:29:01.572	TEL,2949,S4,639838727,2001,44543,0,428,2925                    
2026-10-06T20:29:01.572	TEL,2950,S4,639848727,2001,44543,0,422,2925                    
2026-10-06T20:29:01.572	TEL,2951,S4,639858727,2001,44543,0,430,2935                    
2026-10-06T20:29:01.572	TEL,2952,S4,639868727,2001,44543,0,433,2935                    
2026-10-06T20:29:01.572	TEL,2953,S4,639878727,2001,44543,0,430,2932                    
2026-10-06T20:29:01.572	TEL,2954,S4,639888727,2001,44543,0,430,2932                    
2026-10-06T20:29:01.572	TEL,2955,S4,639898727,2001,44543,0,430,2932                    
2026-10-06T20:29:01.572	TEL,2956,S4,639908727,2001,44543,0,436,2932                    
2026-10-06T20:29:01.572	TEL,2957,S4,639918727,2001,44543,0,436,2932                    
2026-10-06T20:29:01.572	TEL,2958,S4,639928727,2001,44543,0,430,2932                    
2026-10-06T20:29:01.572	TEL,2959,S4,639938727,2001,44543,0,433,2935                    
2026-10-06T20:29:01.572	TEL,2960,S4,639948727,2001,44543,0,430,2935                    
2026-10-06T20:29:01.572	TEL,2961,S4,639958727,2001,44543,0,430,2935                    
2026-10-06T20:29:01.572	TEL,2962,S4,639968727,2001,44543,0,442,2935                    
2026-10-06T20:29:01.572	TEL,2963,S4,639978727,2001,44543,0,439,2933                    
2026-10-06T20:29:01.572	BTN,36,S4,PRESSED,639982083,639982090                          
2026-10-06T20:29:01.572	TEL,2964,S4,639988728,2003,44543,0,428,2933                    
2026-10-06T20:29:01.572	TEL,2965,S4,639998727,2001,44543,0,428,2933                    
2026-10-06T20:29:01.572	TEL,2966,S4,640008727,2001,44543,0,428,2933                    
2026-10-06T20:29:01.572	TEL,2967,S4,640018727,2001,44543,0,425,2932                    
2026-10-06T20:29:01.572	TEL,2968,S4,640028727,2001,44543,0,430,2932                    
2026-10-06T20:29:01.572	TEL,2969,S4,640038727,2001,44543,0,430,2932                    
2026-10-06T20:29:01.572	TEL,2970,S4,640048727,2001,44543,0,433,2932                    
2026-10-06T20:29:01.572	TEL,2971,S4,640058727,2001,44543,0,433,2932                    
2026-10-06T20:29:01.572	TEL,2972,S4,640068727,2001,44543,0,436,2932                    
2026-10-06T20:29:01.572	TEL,2973,S4,640078727,2001,44543,0,436,2932                    
2026-10-06T20:29:01.572	TEL,2974,S4,640088727,2001,44543,0,439,2932                    
2026-10-06T20:29:01.572	TEL,2975,S4,640098727,2001,44543,0,439,2932                    
2026-10-06T20:29:01.572	TEL,2976,S4,640108727,2001,44543,0,428,2932                    
2026-10-06T20:29:01.572	TEL,2977,S4,640118727,2001,44543,0,430,2935                    
2026-10-06T20:29:01.572	TEL,2978,S4,640128727,2001,44543,0,428,2935                    
2026-10-06T20:29:01.572	TEL,2979,S4,640138727,2001,44543,0,428,2935                    
2026-10-06T20:29:01.572	TEL,2980,S4,640148727,2001,44543,0,433,2935                    
2026-10-06T20:29:01.572	TEL,2981,S4,640158727,2001,44543,0,430,2932                    
2026-10-06T20:29:01.572	TEL,2982,S4,640168727,2001,44543,0,430,2932                    
2026-10-06T20:29:01.572	TEL,2983,S4,640178727,2001,44543,0,433,2935                    
2026-10-06T20:29:01.572	TEL,2984,S4,640188727,2001,44543,0,430,2935                    
2026-10-06T20:29:01.572	TEL,2985,S4,640198727,2001,44543,0,428,2932                    
2026-10-06T20:29:01.572	TEL,2986,S4,640208727,2001,44543,0,428,2932                    
2026-10-06T20:29:01.572	TEL,2987,S4,640218727,2001,44543,0,425,2928                    
2026-10-06T20:29:01.572	TEL,2988,S4,640228727,2001,44543,0,428,2928                    
2026-10-06T20:29:01.572	TEL,2989,S4,640238727,2001,44543,0,433,2935                    
2026-10-06T20:29:01.577	TEL,2990,S4,640248727,2001,44543,0,430,2935                    
2026-10-06T20:29:01.577	TEL,2991,S4,640258727,2001,44543,0,430,2935                    
2026-10-06T20:29:01.577	TEL,2992,S4,640268727,2001,44543,0,430,2935                    
2026-10-06T20:29:01.577	TEL,2993,S4,640278727,2001,44543,0,428,2932                    
2026-10-06T20:29:01.577	TEL,2994,S4,640288727,2001,44543,0,439,2932                    
2026-10-06T20:29:01.577	TEL,2995,S4,640298727,2001,44543,0,442,2935                    
2026-10-06T20:29:01.577	TEL,2996,S4,640308727,2001,44543,0,436,2935                    
2026-10-06T20:29:01.577	TEL,2997,S4,640318727,2001,44543,0,433,2932                    
2026-10-06T20:29:01.577	TEL,2998,S4,640328727,2001,44543,0,430,2932                    
2026-10-06T20:29:01.577	TEL,2999,S4,640338727,2001,44543,0,433,2935                    
2026-10-06T20:29:01.577	TEL,3000,S4,640348727,2001,44543,0,428,2935                    
2026-10-06T20:29:01.577	TEL,3001,S4,640358727,2001,44543,0,422,2928                    
2026-10-06T20:29:02.186	TEL,3002,S4,640368727,2001,44543,0,428,2928                    
2026-10-06T20:29:02.186	TEL,3003,S4,640378727,2001,44543,0,430,2932                    
2026-10-06T20:29:02.186	TEL,3004,S4,640388727,2001,44543,0,439,2932                    
2026-10-06T20:29:02.186	TEL,3005,S4,640398727,2001,44543,0,442,2935                    
2026-10-06T20:29:02.186	TEL,3006,S4,640408727,2001,44543,0,442,2935                    
2026-10-06T20:29:02.186	TEL,3007,S4,640418727,2001,44543,0,439,2932                    
2026-10-06T20:29:02.186	TEL,3008,S4,640428727,2001,44543,0,430,2932                    
2026-10-06T20:29:02.186	TEL,3009,S4,640438727,2001,44543,0,430,2932                    
2026-10-06T20:29:02.186	TEL,3010,S4,640448727,2001,44543,0,430,2932                    
2026-10-06T20:29:02.186	TEL,3011,S4,640458727,2001,44543,0,430,2932                    
2026-10-06T20:29:02.186	TEL,3012,S4,640468727,2001,44543,0,430,2932                    
2026-10-06T20:29:02.186	TEL,3013,S4,640478727,2001,44543,0,430,2932                    
2026-10-06T20:29:02.186	TEL,3014,S4,640488727,2001,44543,0,428,2932                    
2026-10-06T20:29:02.186	TEL,3015,S4,640498727,2001,44543,0,428,2932                    
2026-10-06T20:29:02.186	TEL,3016,S4,640508727,2001,44543,0,436,2932                    
2026-10-06T20:29:02.186	TEL,3017,S4,640518727,2001,44543,0,436,2932                    
2026-10-06T20:29:02.186	TEL,3018,S4,640528727,2001,44543,0,428,2932                    
2026-10-06T20:29:02.186	TEL,3019,S4,640538727,2001,44543,0,430,2935                    
2026-10-06T20:29:02.186	TEL,3020,S4,640548727,2001,44543,0,428,2935                    
2026-10-06T20:29:02.186	TEL,3021,S4,640558727,2001,44543,0,428,2935                    
2026-10-06T20:29:02.186	TEL,3022,S4,640568727,2001,44543,0,451,2935                    
2026-10-06T20:29:02.186	TEL,3023,S4,640578727,2001,44543,0,442,2928                    
2026-10-06T20:29:02.186	TEL,3024,S4,640588727,2001,44543,0,425,2928                    
2026-10-06T20:29:02.186	TEL,3025,S4,640598727,2001,44543,0,430,2935                    
2026-10-06T20:29:02.186	TEL,3026,S4,640608727,2001,44543,0,433,2935                    
2026-10-06T20:29:02.186	TEL,3027,S4,640618727,2001,44543,0,433,2935                    
2026-10-06T20:29:02.186	TEL,3028,S4,640628727,2001,44543,0,433,2935                    
2026-10-06T20:29:02.186	TEL,3029,S4,640638727,2001,44543,0,433,2935                    
2026-10-06T20:29:02.186	TEL,3030,S4,640648727,2001,44543,0,430,2935                    
2026-10-06T20:29:02.186	TEL,3031,S4,640658727,2001,44543,0,430,2935                    
2026-10-06T20:29:02.186	TEL,3032,S4,640668727,2001,44543,0,436,2935                    
2026-10-06T20:29:02.186	TEL,3033,S4,640678727,2001,44543,0,436,2935                    
2026-10-06T20:29:02.186	TEL,3034,S4,640688727,2001,44543,0,433,2935                    
2026-10-06T20:29:02.186	TEL,3035,S4,640698727,2001,44543,0,430,2932                    
2026-10-06T20:29:02.186	TEL,3036,S4,640708727,2001,44543,0,428,2932                    
2026-10-06T20:29:02.186	TEL,3037,S4,640718727,2001,44543,0,428,2932                    
2026-10-06T20:29:02.186	TEL,3038,S4,640728727,2001,44543,0,430,2932                    
2026-10-06T20:29:02.186	TEL,3039,S4,640738727,2001,44543,0,433,2933                    
2026-10-06T20:29:02.186	TEL,3040,S4,640748727,2001,44543,0,439,2933                    
2026-10-06T20:29:02.186	TEL,3041,S4,640758727,2001,44543,0,442,2935                    
2026-10-06T20:29:02.186	TEL,3042,S4,640768727,2001,44543,0,430,2935                    
2026-10-06T20:29:02.186	TEL,3043,S4,640778727,2001,44543,0,428,2932                    
2026-10-06T20:29:02.186	TEL,3044,S4,640788727,2001,44543,0,428,2932                    
2026-10-06T20:29:02.186	TEL,3045,S4,640798727,2001,44543,0,430,2935                    
2026-10-06T20:29:02.186	TEL,3046,S4,640808727,2001,44543,0,430,2935                    
2026-10-06T20:29:02.186	TEL,3047,S4,640818727,2001,44543,0,428,2932                    
2026-10-06T20:29:02.186	BTN,37,S4,PRESSED,640823088,640823095                          
2026-10-06T20:29:02.186	TEL,3048,S4,640828728,2003,44543,0,428,2932                    
2026-10-06T20:29:02.186	TEL,3049,S4,640838727,2001,44543,0,430,2933                    
2026-10-06T20:29:02.186	TEL,3050,S4,640848727,2001,44543,0,436,2933                    
2026-10-06T20:29:02.186	TEL,3051,S4,640858727,2001,44543,0,439,2935                    
2026-10-06T20:29:02.186	TEL,3052,S4,640868727,2001,44543,0,428,2935                    
2026-10-06T20:29:02.186	TEL,3053,S4,640878727,2001,44543,0,428,2935                    
2026-10-06T20:29:02.186	TEL,3054,S4,640888727,2001,44543,0,433,2935                    
2026-10-06T20:29:02.186	TEL,3055,S4,640898727,2001,44543,0,430,2932                    
2026-10-06T20:29:02.186	TEL,3056,S4,640908727,2001,44543,0,428,2932                    
2026-10-06T20:29:02.186	TEL,3057,S4,640918727,2001,44543,0,425,2928                    
2026-10-06T20:29:02.186	TEL,3058,S4,640928727,2001,44543,0,433,2928                    
2026-10-06T20:29:02.186	TEL,3059,S4,640938727,2001,44543,0,436,2932                    
2026-10-06T20:29:02.186	TEL,3060,S4,640948727,2001,44543,0,430,2932                    
2026-10-06T20:29:02.186	TEL,3061,S4,640958727,2001,44543,0,433,2935                    
2026-10-06T20:29:02.186	TEL,3062,S4,640968727,2001,44543,0,428,2935                    
2026-10-06T20:29:02.804	TEL,3063,S4,640978727,2001,44543,0,433,2939                    
2026-10-06T20:29:02.806	TEL,3064,S4,640988727,2001,44543,0,436,2939                    
2026-10-06T20:29:02.806	TEL,3065,S4,640998727,2001,44543,0,433,2935                    
2026-10-06T20:29:02.806	TEL,3066,S4,641008727,2001,44543,0,433,2935                    
2026-10-06T20:29:02.806	TEL,3067,S4,641018727,2001,44543,0,430,2932                    
2026-10-06T20:29:02.806	TEL,3068,S4,641028727,2001,44543,0,425,2932                    
2026-10-06T20:29:02.806	TEL,3069,S4,641038727,2001,44543,0,425,2932                    
2026-10-06T20:29:02.806	TEL,3070,S4,641048727,2001,44543,0,430,2932                    
2026-10-06T20:29:02.806	TEL,3071,S4,641058727,2001,44543,0,430,2932                    
2026-10-06T20:29:02.806	TEL,3072,S4,641068727,2001,44543,0,428,2932                    
2026-10-06T20:29:02.806	TEL,3073,S4,641078727,2001,44543,0,428,2932                    
2026-10-06T20:29:02.806	TEL,3074,S4,641088727,2001,44543,0,425,2932                    
2026-10-06T20:29:02.806	TEL,3075,S4,641098727,2001,44543,0,428,2935                    
2026-10-06T20:29:02.806	TEL,3076,S4,641108727,2001,44543,0,433,2935                    
2026-10-06T20:29:02.806	TEL,3077,S4,641118727,2001,44543,0,430,2932                    
2026-10-06T20:29:02.806	TEL,3078,S4,641128727,2001,44543,0,428,2932                    
2026-10-06T20:29:02.806	TEL,3079,S4,641138727,2001,44543,0,428,2932                    
2026-10-06T20:29:02.806	TEL,3080,S4,641148727,2001,44543,0,425,2932                    
2026-10-06T20:29:02.806	TEL,3081,S4,641158727,2001,44543,0,425,2932                    
2026-10-06T20:29:02.806	TEL,3082,S4,641168727,2001,44543,0,439,2932                    
2026-10-06T20:29:02.806	TEL,3083,S4,641178727,2001,44543,0,439,2932                    
2026-10-06T20:29:02.806	TEL,3084,S4,641188727,2001,44543,0,425,2932                    
2026-10-06T20:29:02.806	TEL,3085,S4,641198727,2001,44543,0,425,2932                    
2026-10-06T20:29:02.806	TEL,3086,S4,641208727,2001,44543,0,430,2932                    
2026-10-06T20:29:02.806	TEL,3087,S4,641218727,2001,44543,0,433,2935                    
2026-10-06T20:29:02.806	TEL,3088,S4,641228727,2001,44543,0,430,2935                    
2026-10-06T20:29:02.806	TEL,3089,S4,641238727,2001,44543,0,428,2932                    
2026-10-06T20:29:02.806	TEL,3090,S4,641248727,2001,44543,0,428,2932                    
2026-10-06T20:29:02.806	TEL,3091,S4,641258727,2001,44543,0,428,2932                    
2026-10-06T20:29:02.806	TEL,3092,S4,641268727,2001,44543,0,425,2932                    
2026-10-06T20:29:02.806	TEL,3093,S4,641278727,2001,44543,0,428,2935                    
2026-10-06T20:29:02.806	TEL,3094,S4,641288727,2001,44543,0,428,2935                    
2026-10-06T20:29:02.806	TEL,3095,S4,641298727,2001,44543,0,422,2928                    
2026-10-06T20:29:02.806	TEL,3096,S4,641308727,2001,44543,0,428,2928                    
2026-10-06T20:29:02.806	TEL,3097,S4,641318727,2001,44543,0,430,2932                    
2026-10-06T20:29:02.806	TEL,3098,S4,641328727,2001,44543,0,425,2932                    
2026-10-06T20:29:02.806	TEL,3099,S4,641338727,2001,44543,0,425,2932                    
2026-10-06T20:29:02.806	TEL,3100,S4,641348727,2001,44543,0,425,2932                    
2026-10-06T20:29:02.806	TEL,3101,S4,641358727,2001,44543,0,428,2935                    
2026-10-06T20:29:02.806	TEL,3102,S4,641368727,2001,44543,0,430,2935                    
2026-10-06T20:29:02.806	TEL,3103,S4,641378727,2001,44543,0,428,2932                    
2026-10-06T20:29:02.806	TEL,3104,S4,641388727,2001,44543,0,436,2932                    
2026-10-06T20:29:02.806	TEL,3105,S4,641398727,2001,44543,0,433,2928                    
2026-10-06T20:29:02.806	TEL,3106,S4,641408727,2001,44543,0,425,2928                    
2026-10-06T20:29:02.806	TEL,3107,S4,641418727,2001,44543,0,425,2928                    
2026-10-06T20:29:02.806	TEL,3108,S4,641428727,2001,44543,0,430,2928                    
2026-10-06T20:29:02.806	TEL,3109,S4,641438727,2001,44543,0,436,2935                    
2026-10-06T20:29:02.806	TEL,3110,S4,641448727,2001,44543,0,428,2935                    
2026-10-06T20:29:02.806	TEL,3111,S4,641458727,2001,44543,0,422,2928                    
2026-10-06T20:29:02.806	TEL,3112,S4,641468727,2001,44543,0,428,2928                    
2026-10-06T20:29:02.806	TEL,3113,S4,641478727,2001,44543,0,433,2935                    
2026-10-06T20:29:02.806	TEL,3114,S4,641488727,2001,44543,0,428,2935                    
2026-10-06T20:29:02.806	TEL,3115,S4,641498727,2001,44543,0,428,2935                    
2026-10-06T20:29:02.806	TEL,3116,S4,641508727,2001,44543,0,439,2935                    
2026-10-06T20:29:02.806	TEL,3117,S4,641518727,2001,44543,0,436,2932                    
2026-10-06T20:29:02.806	TEL,3118,S4,641528727,2001,44543,0,425,2932                    
2026-10-06T20:29:02.806	TEL,3119,S4,641538727,2001,44543,0,425,2932                    
2026-10-06T20:29:02.806	TEL,3120,S4,641548727,2001,44543,0,430,2932                    
2026-10-06T20:29:02.806	TEL,3121,S4,641558727,2001,44543,0,428,2928                    
2026-10-06T20:29:02.806	TEL,3122,S4,641568727,2001,44543,0,433,2928                    
2026-10-06T20:29:02.806	TEL,3123,S4,641578727,2001,44543,0,439,2935                    
2026-10-06T20:29:02.806	TEL,3124,S4,641588727,2001,44543,0,433,2935                    
2026-10-06T20:29:03.416	TEL,3125,S4,641598727,2001,44543,0,430,2932                    
2026-10-06T20:29:03.416	TEL,3126,S4,641608727,2001,44543,0,433,2932                    
2026-10-06T20:29:03.416	TEL,3127,S4,641618727,2001,44543,0,436,2935                    
2026-10-06T20:29:03.416	TEL,3128,S4,641628727,2001,44543,0,428,2935                    
2026-10-06T20:29:03.416	BTN,38,S4,PRESSED,641634094,641634101                          
2026-10-06T20:29:03.416	TEL,3129,S4,641638728,2003,44543,0,425,2932                    
2026-10-06T20:29:03.416	TEL,3130,S4,641648727,2001,44543,0,425,2932                    
2026-10-06T20:29:03.416	TEL,3131,S4,641658727,2001,44543,0,422,2928                    
2026-10-06T20:29:03.416	TEL,3132,S4,641668727,2001,44543,0,422,2928                    
2026-10-06T20:29:03.416	TEL,3133,S4,641678727,2001,44543,0,428,2935                    
2026-10-06T20:29:03.416	TEL,3134,S4,641688727,2001,44543,0,430,2935                    
2026-10-06T20:29:03.416	TEL,3135,S4,641698727,2001,44543,0,428,2932                    
2026-10-06T20:29:03.416	TEL,3136,S4,641708727,2001,44543,0,436,2932                    
2026-10-06T20:29:03.416	TEL,3137,S4,641718727,2001,44543,0,436,2932                    
2026-10-06T20:29:03.416	TEL,3138,S4,641728727,2001,44543,0,428,2932                    
2026-10-06T20:29:03.416	TEL,3139,S4,641738727,2001,44543,0,430,2935                    
2026-10-06T20:29:03.416	TEL,3140,S4,641748727,2001,44543,0,439,2935                    
2026-10-06T20:29:03.416	TEL,3141,S4,641758727,2001,44543,0,436,2932                    
2026-10-06T20:29:03.416	TEL,3142,S4,641768727,2001,44543,0,430,2932                    
2026-10-06T20:29:03.416	TEL,3143,S4,641778727,2001,44543,0,430,2932                    
2026-10-06T20:29:03.416	TEL,3144,S4,641788727,2001,44543,0,428,2932                    
2026-10-06T20:29:03.416	TEL,3145,S4,641798727,2001,44543,0,428,2932                    
2026-10-06T20:29:03.416	TEL,3146,S4,641808727,2001,44543,0,425,2932                    
2026-10-06T20:29:03.416	TEL,3147,S4,641818727,2001,44543,0,425,2932                    
2026-10-06T20:29:03.416	TEL,3148,S4,641828727,2001,44543,0,428,2932                    
2026-10-06T20:29:03.416	TEL,3149,S4,641838727,2001,44543,0,428,2932                    
2026-10-06T20:29:03.416	TEL,3150,S4,641848727,2001,44543,0,436,2932                    
2026-10-06T20:29:03.416	TEL,3151,S4,641858727,2001,44543,0,436,2932                    
2026-10-06T20:29:03.416	TEL,3152,S4,641868727,2001,44543,0,419,2932                    
2026-10-06T20:29:03.416	TEL,3153,S4,641878727,2001,44543,0,419,2932                    
2026-10-06T20:29:03.416	TEL,3154,S4,641888727,2001,44543,0,436,2932                    
2026-10-06T20:29:03.416	TEL,3155,S4,641898727,2001,44543,0,436,2932                    
2026-10-06T20:29:03.416	TEL,3156,S4,641908727,2001,44543,0,425,2932                    
2026-10-06T20:29:03.416	TEL,3157,S4,641918727,2001,44543,0,422,2928                    
2026-10-06T20:29:03.416	TEL,3158,S4,641928727,2001,44543,0,425,2928                    
2026-10-06T20:29:03.416	TEL,3159,S4,641938727,2001,44543,0,430,2935                    
2026-10-06T20:29:03.416	TEL,3160,S4,641948727,2001,44543,0,430,2935                    
2026-10-06T20:29:03.416	TEL,3161,S4,641958727,2001,44543,0,428,2932                    
2026-10-06T20:29:03.416	TEL,3162,S4,641968727,2001,44543,0,428,2932                    
2026-10-06T20:29:03.416	TEL,3163,S4,641978727,2001,44543,0,430,2935                    
2026-10-06T20:29:03.416	TEL,3164,S4,641988727,2001,44543,0,439,2935                    
2026-10-06T20:29:03.416	TEL,3165,S4,641998727,2001,44543,0,433,2928                    
2026-10-06T20:29:03.416	TEL,3166,S4,642008727,2001,44543,0,422,2928                    
2026-10-06T20:29:03.416	TEL,3167,S4,642018727,2001,44543,0,425,2932                    
2026-10-06T20:29:03.416	TEL,3168,S4,642028727,2001,44543,0,436,2932                    
2026-10-06T20:29:03.416	TEL,3169,S4,642038727,2001,44543,0,436,2932                    
2026-10-06T20:29:03.416	TEL,3170,S4,642048727,2001,44543,0,436,2932                    
2026-10-06T20:29:03.416	TEL,3171,S4,642058727,2001,44543,0,439,2935                    
2026-10-06T20:29:03.416	TEL,3172,S4,642068727,2001,44543,0,428,2935                    
2026-10-06T20:29:03.416	TEL,3173,S4,642078727,2001,44543,0,422,2928                    
2026-10-06T20:29:03.416	TEL,3174,S4,642088727,2001,44543,0,428,2928                    
2026-10-06T20:29:03.416	TEL,3175,S4,642098727,2001,44543,0,430,2932                    
2026-10-06T20:29:03.416	TEL,3176,S4,642108727,2001,44543,0,419,2932                    
2026-10-06T20:29:03.416	TEL,3177,S4,642118727,2001,44543,0,425,2935                    
2026-10-06T20:29:03.416	TEL,3178,S4,642128727,2001,44543,0,433,2935                    
2026-10-06T20:29:03.416	TEL,3179,S4,642138727,2001,44543,0,430,2932                    
2026-10-06T20:29:03.416	TEL,3180,S4,642148727,2001,44543,0,428,2932                    
2026-10-06T20:29:03.416	TEL,3181,S4,642158727,2001,44543,0,430,2935                    
2026-10-06T20:29:03.416	TEL,3182,S4,642168727,2001,44543,0,428,2935                    
2026-10-06T20:29:03.416	TEL,3183,S4,642178727,2001,44543,0,425,2932                    
2026-10-06T20:29:03.416	TEL,3184,S4,642188727,2001,44543,0,428,2932                    
2026-10-06T20:29:03.416	TEL,3185,S4,642198727,2001,44543,0,428,2932                    
2026-10-06T20:29:04.022	TEL,3186,S4,642208727,2001,44543,0,430,2932                    
2026-10-06T20:29:04.022	TEL,3187,S4,642218727,2001,44543,0,433,2935                    
2026-10-06T20:29:04.022	TEL,3188,S4,642228727,2001,44543,0,425,2935                    
2026-10-06T20:29:04.022	TEL,3189,S4,642238727,2001,44543,0,425,2935                    
2026-10-06T20:29:04.022	TEL,3190,S4,642248727,2001,44543,0,433,2935                    
2026-10-06T20:29:04.022	TEL,3191,S4,642258727,2001,44543,0,433,2935                    
2026-10-06T20:29:04.022	TEL,3192,S4,642268727,2001,44543,0,439,2935                    
2026-10-06T20:29:04.022	TEL,3193,S4,642278727,2001,44543,0,433,2928                    
2026-10-06T20:29:04.022	TEL,3194,S4,642288727,2001,44543,0,428,2928                    
2026-10-06T20:29:04.022	TEL,3195,S4,642298727,2001,44543,0,428,2928                    
2026-10-06T20:29:04.022	TEL,3196,S4,642308727,2001,44543,0,425,2928                    
2026-10-06T20:29:04.022	TEL,3197,S4,642318727,2001,44543,0,428,2932                    
2026-10-06T20:29:04.022	TEL,3198,S4,642328727,2001,44543,0,428,2932                    
2026-10-06T20:29:04.022	TEL,3199,S4,642338727,2001,44543,0,430,2935                    
2026-10-06T20:29:04.022	TEL,3200,S4,642348727,2001,44543,0,430,2935                    
2026-10-06T20:29:04.022	TEL,3201,S4,642358727,2001,44543,0,430,2935                    
2026-10-06T20:29:04.022	TEL,3202,S4,642368727,2001,44543,0,439,2935                    
2026-10-06T20:29:04.022	TEL,3203,S4,642378727,2001,44543,0,436,2932                    
2026-10-06T20:29:04.022	TEL,3204,S4,642388727,2001,44543,0,430,2932                    
2026-10-06T20:29:04.022	TEL,3205,S4,642398727,2001,44543,0,430,2932                    
2026-10-06T20:29:04.022	TEL,3206,S4,642408727,2001,44543,0,430,2932                    
2026-10-06T20:29:04.022	TEL,3207,S4,642418727,2001,44543,0,433,2935                    
2026-10-06T20:29:04.022	TEL,3208,S4,642428727,2001,44543,0,433,2935                    
2026-10-06T20:29:04.022	TEL,3209,S4,642438727,2001,44543,0,433,2935                    
2026-10-06T20:29:04.022	TEL,3210,S4,642448727,2001,44543,0,433,2935                    
2026-10-06T20:29:04.022	TEL,3211,S4,642458727,2001,44543,0,433,2935                    
2026-10-06T20:29:04.022	TEL,3212,S4,642468727,2001,44543,0,428,2935                    
2026-10-06T20:29:04.022	TEL,3213,S4,642478727,2001,44543,0,422,2928                    
2026-10-06T20:29:04.022	TEL,3214,S4,642488727,2001,44543,0,428,2928                    
2026-10-06T20:29:04.022	TEL,3215,S4,642498727,2001,44543,0,430,2932                    
2026-10-06T20:29:04.022	TEL,3216,S4,642508727,2001,44543,0,425,2932                    
2026-10-06T20:29:04.022	TEL,3217,S4,642518727,2001,44543,0,422,2928                    
2026-10-06T20:29:04.022	BTN,39,S4,PRESSED,642524099,642524106                          
2026-10-06T20:29:04.022	TEL,3218,S4,642528728,2003,44543,0,436,2928                    
2026-10-06T20:29:04.022	TEL,3219,S4,642538727,2001,44543,0,442,2932                    
2026-10-06T20:29:04.022	TEL,3220,S4,642548727,2001,44543,0,425,2932                    
2026-10-06T20:29:04.022	TEL,3221,S4,642558727,2001,44543,0,428,2935                    
2026-10-06T20:29:04.022	TEL,3222,S4,642568727,2001,44543,0,428,2935                    
2026-10-06T20:29:04.022	TEL,3223,S4,642578727,2001,44543,0,428,2935                    
2026-10-06T20:29:04.022	TEL,3224,S4,642588727,2001,44543,0,430,2935                    
2026-10-06T20:29:04.022	TEL,3225,S4,642598727,2001,44543,0,425,2928                    
2026-10-06T20:29:04.022	TEL,3226,S4,642608727,2001,44543,0,428,2928                    
2026-10-06T20:29:04.022	TEL,3227,S4,642618727,2001,44543,0,430,2932                    
2026-10-06T20:29:04.022	TEL,3228,S4,642628727,2001,44543,0,436,2932                    
2026-10-06T20:29:04.022	TEL,3229,S4,642638727,2001,44543,0,436,2932                    
2026-10-06T20:29:04.022	TEL,3230,S4,642648727,2001,44543,0,428,2932                    
2026-10-06T20:29:04.022	TEL,3231,S4,642658727,2001,44543,0,430,2935                    
2026-10-06T20:29:04.022	TEL,3232,S4,642668727,2001,44543,0,439,2935                    
2026-10-06T20:29:04.022	TEL,3233,S4,642678727,2001,44543,0,433,2928                    
2026-10-06T20:29:04.022	TEL,3234,S4,642688727,2001,44543,0,428,2928                    
2026-10-06T20:29:04.022	TEL,3235,S4,642698727,2001,44543,0,428,2928                    
2026-10-06T20:29:04.022	TEL,3236,S4,642708727,2001,44543,0,428,2928                    
2026-10-06T20:29:04.022	TEL,3237,S4,642718727,2001,44543,0,428,2928                    
2026-10-06T20:29:04.022	TEL,3238,S4,642728727,2001,44543,0,428,2928                    
2026-10-06T20:29:04.022	TEL,3239,S4,642738727,2001,44543,0,430,2932                    
2026-10-06T20:29:04.022	TEL,3240,S4,642748727,2001,44543,0,425,2932                    
2026-10-06T20:29:04.022	TEL,3241,S4,642758727,2001,44543,0,428,2933                    
2026-10-06T20:29:04.022	TEL,3242,S4,642768727,2001,44543,0,433,2933                    
2026-10-06T20:29:04.022	TEL,3243,S4,642778727,2001,44543,0,430,2932                    
2026-10-06T20:29:04.022	TEL,3244,S4,642788727,2001,44543,0,433,2932                    
2026-10-06T20:29:04.022	TEL,3245,S4,642798727,2001,44543,0,436,2935                    
2026-10-06T20:29:04.022	TEL,3246,S4,642808727,2001,44543,0,428,2935                    
2026-10-06T20:29:04.633	TEL,3247,S4,642818727,2001,44543,0,425,2932                    
2026-10-06T20:29:04.633	TEL,3248,S4,642828727,2001,44543,0,425,2932                    
2026-10-06T20:29:04.633	TEL,3249,S4,642838727,2001,44543,0,428,2935                    
2026-10-06T20:29:04.633	TEL,3250,S4,642848727,2001,44543,0,439,2935                    
2026-10-06T20:29:04.633	TEL,3251,S4,642858727,2001,44543,0,436,2932                    
2026-10-06T20:29:04.633	TEL,3252,S4,642868727,2001,44543,0,430,2932                    
2026-10-06T20:29:04.633	TEL,3253,S4,642878727,2001,44543,0,430,2932                    
2026-10-06T20:29:04.633	TEL,3254,S4,642888727,2001,44543,0,430,2932                    
2026-10-06T20:29:04.633	TEL,3255,S4,642898727,2001,44543,0,428,2928                    
2026-10-06T20:29:04.633	TEL,3256,S4,642908727,2001,44543,0,428,2928                    
2026-10-06T20:29:04.633	TEL,3257,S4,642918727,2001,44543,0,430,2932                    
2026-10-06T20:29:04.633	TEL,3258,S4,642928727,2001,44543,0,428,2932                    
2026-10-06T20:29:04.633	TEL,3259,S4,642938727,2001,44543,0,428,2932                    
2026-10-06T20:29:04.633	TEL,3260,S4,642948727,2001,44543,0,425,2932                    
2026-10-06T20:29:04.633	TEL,3261,S4,642958727,2001,44543,0,425,2932                    
2026-10-06T20:29:04.633	TEL,3262,S4,642968727,2001,44543,0,428,2932                    
2026-10-06T20:29:04.633	TEL,3263,S4,642978727,2001,44543,0,428,2932                    
2026-10-06T20:29:04.633	TEL,3264,S4,642988727,2001,44543,0,430,2932                    
2026-10-06T20:29:04.633	TEL,3265,S4,642998727,2001,44543,0,433,2935                    
2026-10-06T20:29:04.633	TEL,3266,S4,643008727,2001,44543,0,428,2935                    
2026-10-06T20:29:04.633	TEL,3267,S4,643018727,2001,44543,0,428,2935                    
2026-10-06T20:29:04.633	TEL,3268,S4,643028727,2001,44543,0,439,2935                    
2026-10-06T20:29:04.633	TEL,3269,S4,643038727,2001,44543,0,439,2935                    
2026-10-06T20:29:04.633	TEL,3270,S4,643048727,2001,44543,0,445,2935                    
2026-10-06T20:29:04.633	TEL,3271,S4,643058727,2001,44543,0,442,2932                    
2026-10-06T20:29:04.633	TEL,3272,S4,643068727,2001,44543,0,425,2932                    
2026-10-06T20:29:04.633	TEL,3273,S4,643078727,2001,44543,0,425,2932                    
2026-10-06T20:29:04.633	TEL,3274,S4,643088727,2001,44543,0,425,2932                    
2026-10-06T20:29:04.633	TEL,3275,S4,643098727,2001,44543,0,428,2935                    
2026-10-06T20:29:04.633	TEL,3276,S4,643108727,2001,44543,0,430,2935                    
2026-10-06T20:29:04.633	BTN,40,S4,PRESSED,643114105,643114112                          
2026-10-06T20:29:04.633	TEL,3277,S4,643118728,2003,44543,0,428,2930                    
2026-10-06T20:29:04.633	TEL,3278,S4,643128727,2001,44543,0,425,2930                    
2026-10-06T20:29:04.633	TEL,3279,S4,643138727,2001,44543,0,425,2932                    
2026-10-06T20:29:04.633	TEL,3280,S4,643148727,2001,44543,0,428,2932                    
2026-10-06T20:29:04.633	TEL,3281,S4,643158727,2001,44543,0,428,2932                    
2026-10-06T20:29:04.633	TEL,3282,S4,643168727,2001,44543,0,425,2932                    
2026-10-06T20:29:04.633	TEL,3283,S4,643178727,2001,44543,0,425,2932                    
2026-10-06T20:29:04.633	TEL,3284,S4,643188727,2001,44543,0,428,2932                    
2026-10-06T20:29:04.633	TEL,3285,S4,643198727,2001,44543,0,428,2932                    
2026-10-06T20:29:04.633	TEL,3286,S4,643208727,2001,44543,0,430,2932                    
2026-10-06T20:29:04.633	TEL,3287,S4,643218727,2001,44543,0,430,2932                    
2026-10-06T20:29:04.633	TEL,3288,S4,643228727,2001,44543,0,430,2932                    
2026-10-06T20:29:04.633	TEL,3289,S4,643238727,2001,44543,0,428,2928                    
2026-10-06T20:29:04.633	TEL,3290,S4,643248727,2001,44543,0,422,2928                    
2026-10-06T20:29:04.633	TEL,3291,S4,643258727,2001,44543,0,428,2935                    
2026-10-06T20:29:04.633	TEL,3292,S4,643268727,2001,44543,0,430,2935                    
2026-10-06T20:29:04.633	TEL,3293,S4,643278727,2001,44543,0,428,2932                    
2026-10-06T20:29:04.633	TEL,3294,S4,643288727,2001,44543,0,430,2932                    
2026-10-06T20:29:04.633	TEL,3295,S4,643298727,2001,44543,0,433,2935                    
2026-10-06T20:29:04.633	TEL,3296,S4,643308727,2001,44543,0,430,2935                    
2026-10-06T20:29:04.633	TEL,3297,S4,643318727,2001,44543,0,428,2932                    
2026-10-06T20:29:04.633	TEL,3298,S4,643328727,2001,44543,0,428,2932                    
2026-10-06T20:29:04.633	TEL,3299,S4,643338727,2001,44543,0,428,2932                    
2026-10-06T20:29:04.633	TEL,3300,S4,643348727,2001,44543,0,430,2932                    
2026-10-06T20:29:04.633	TEL,3301,S4,643358727,2001,44543,0,433,2935                    
2026-10-06T20:29:04.633	TEL,3302,S4,643368727,2001,44543,0,428,2935                    
2026-10-06T20:29:04.633	TEL,3303,S4,643378727,2001,44543,0,428,2935                    
2026-10-06T20:29:04.633	TEL,3304,S4,643388727,2001,44543,0,436,2935                    
2026-10-06T20:29:04.633	TEL,3305,S4,643398727,2001,44543,0,433,2932                    
2026-10-06T20:29:04.633	TEL,3306,S4,643408727,2001,44543,0,428,2932                    
2026-10-06T20:29:04.633	TEL,3307,S4,643418727,2001,44543,0,428,2932                    
2026-10-06T20:29:05.246	TEL,3308,S4,643428727,2001,44543,0,430,2932                    
2026-10-06T20:29:05.246	TEL,3309,S4,643438727,2001,44543,0,430,2932                    
2026-10-06T20:29:05.246	TEL,3310,S4,643448727,2001,44543,0,430,2932                    
2026-10-06T20:29:05.246	TEL,3311,S4,643458727,2001,44543,0,430,2932                    
2026-10-06T20:29:05.246	TEL,3312,S4,643468727,2001,44543,0,428,2932                    
2026-10-06T20:29:05.246	TEL,3313,S4,643478727,2001,44543,0,428,2932                    
2026-10-06T20:29:05.246	TEL,3314,S4,643488727,2001,44543,0,425,2932                    
2026-10-06T20:29:05.246	TEL,3315,S4,643498727,2001,44543,0,425,2932                    
2026-10-06T20:29:05.246	TEL,3316,S4,643508727,2001,44543,0,425,2932                    
2026-10-06T20:29:05.246	TEL,3317,S4,643518727,2001,44543,0,422,2928                    
2026-10-06T20:29:05.246	TEL,3318,S4,643528727,2001,44543,0,422,2928                    
2026-10-06T20:29:05.246	TEL,3319,S4,643538727,2001,44543,0,428,2935                    
2026-10-06T20:29:05.246	TEL,3320,S4,643548727,2001,44543,0,428,2935                    
2026-10-06T20:29:05.246	TEL,3321,S4,643558727,2001,44543,0,425,2932                    
2026-10-06T20:29:05.246	TEL,3322,S4,643568727,2001,44543,0,430,2932                    
2026-10-06T20:29:05.246	TEL,3323,S4,643578727,2001,44543,0,430,2932                    
2026-10-06T20:29:05.246	TEL,3324,S4,643588727,2001,44543,0,430,2932                    
2026-10-06T20:29:05.246	TEL,3325,S4,643598727,2001,44543,0,430,2932                    
2026-10-06T20:29:05.246	TEL,3326,S4,643608727,2001,44543,0,428,2932                    
2026-10-06T20:29:05.246	TEL,3327,S4,643618727,2001,44543,0,428,2932                    
2026-10-06T20:29:05.246	TEL,3328,S4,643628727,2001,44543,0,428,2932                    
2026-10-06T20:29:05.246	TEL,3329,S4,643638727,2001,44543,0,428,2932                    
2026-10-06T20:29:05.246	TEL,3330,S4,643648727,2001,44543,0,439,2932                    
2026-10-06T20:29:05.246	TEL,3331,S4,643658727,2001,44543,0,439,2932                    
2026-10-06T20:29:05.246	TEL,3332,S4,643668727,2001,44543,0,430,2932                    
2026-10-06T20:29:05.246	TEL,3333,S4,643678727,2001,44543,0,430,2932                    
2026-10-06T20:29:05.246	TEL,3334,S4,643688727,2001,44543,0,425,2932                    
2026-10-06T20:29:05.246	TEL,3335,S4,643698727,2001,44543,0,428,2935                    
2026-10-06T20:29:05.246	TEL,3336,S4,643708727,2001,44543,0,433,2935                    
2026-10-06T20:29:05.246	TEL,3337,S4,643718727,2001,44543,0,430,2932                    
2026-10-06T20:29:05.246	TEL,3338,S4,643728727,2001,44543,0,430,2932                    
2026-10-06T20:29:05.246	TEL,3339,S4,643738727,2001,44543,0,433,2935                    
2026-10-06T20:29:05.246	TEL,3340,S4,643748727,2001,44543,0,428,2935                    
2026-10-06T20:29:05.246	TEL,3341,S4,643758727,2001,44543,0,428,2935                    
2026-10-06T20:29:05.246	TEL,3342,S4,643768727,2001,44543,0,430,2935                    
2026-10-06T20:29:05.246	TEL,3343,S4,643778727,2001,44543,0,428,2932                    
2026-10-06T20:29:05.246	TEL,3344,S4,643788727,2001,44543,0,436,2932                    
2026-10-06T20:29:05.246	TEL,3345,S4,643798727,2001,44543,0,436,2932                    
2026-10-06T20:29:05.246	TEL,3346,S4,643808727,2001,44543,0,425,2932                    
2026-10-06T20:29:05.246	TEL,3347,S4,643818727,2001,44543,0,425,2932                    
2026-10-06T20:29:05.246	TEL,3348,S4,643828727,2001,44543,0,428,2932                    
2026-10-06T20:29:05.246	TEL,3349,S4,643838727,2001,44543,0,428,2932                    
2026-10-06T20:29:05.246	TEL,3350,S4,643848727,2001,44543,0,430,2932                    
2026-10-06T20:29:05.246	TEL,3351,S4,643858727,2001,44543,0,430,2932                    
2026-10-06T20:29:05.246	TEL,3352,S4,643868727,2001,44543,0,428,2932                    
2026-10-06T20:29:05.246	TEL,3353,S4,643878727,2001,44543,0,428,2932                    
2026-10-06T20:29:05.246	TEL,3354,S4,643888727,2001,44543,0,436,2932                    
2026-10-06T20:29:05.246	TEL,3355,S4,643898727,2001,44543,0,436,2932                    
2026-10-06T20:29:05.246	TEL,3356,S4,643908727,2001,44543,0,430,2932                    
2026-10-06T20:29:05.246	TEL,3357,S4,643918727,2001,44543,0,430,2932                    
2026-10-06T20:29:05.246	TEL,3358,S4,643928727,2001,44543,0,428,2932                    
2026-10-06T20:29:05.246	BTN,41,S4,PRESSED,643936110,643936117                          
2026-10-06T20:29:05.246	TEL,3359,S4,643938727,2002,44543,0,428,2932                    
2026-10-06T20:29:05.246	TEL,3360,S4,643948731,2006,44543,0,425,2932                    
2026-10-06T20:29:05.246	TEL,3361,S4,643958727,2001,44543,0,422,2927                    
2026-10-06T20:29:05.246	TEL,3362,S4,643968727,2001,44543,0,425,2927                    
2026-10-06T20:29:05.246	TEL,3363,S4,643978727,2001,44543,0,430,2932                    
2026-10-06T20:29:05.246	TEL,3364,S4,643988727,2001,44543,0,430,2932                    
2026-10-06T20:29:05.246	TEL,3365,S4,643998727,2001,44543,0,430,2932                    
2026-10-06T20:29:05.246	TEL,3366,S4,644008727,2001,44543,0,425,2932                    
2026-10-06T20:29:05.246	TEL,3367,S4,644018727,2001,44543,0,425,2932                    
2026-10-06T20:29:05.246	TEL,3368,S4,644028727,2001,44543,0,430,2932                    
2026-10-06T20:29:05.865	TEL,3369,S4,644038727,2001,44543,0,433,2935                    
2026-10-06T20:29:05.865	TEL,3370,S4,644048727,2001,44543,0,428,2935                    
2026-10-06T20:29:05.865	TEL,3371,S4,644058727,2001,44543,0,425,2932                    
2026-10-06T20:29:05.865	TEL,3372,S4,644068727,2001,44543,0,430,2932                    
2026-10-06T20:29:05.865	TEL,3373,S4,644078727,2001,44543,0,430,2932                    
2026-10-06T20:29:05.865	TEL,3374,S4,644088727,2001,44543,0,433,2932                    
2026-10-06T20:29:05.865	TEL,3375,S4,644098727,2001,44543,0,436,2935                    
2026-10-06T20:29:05.865	TEL,3376,S4,644108727,2001,44543,0,433,2935                    
2026-10-06T20:29:05.865	TEL,3377,S4,644118727,2001,44543,0,430,2932                    
2026-10-06T20:29:05.865	TEL,3378,S4,644128727,2001,44543,0,425,2932                    
2026-10-06T20:29:05.865	TEL,3379,S4,644138727,2001,44543,0,428,2935                    
2026-10-06T20:29:05.865	TEL,3380,S4,644148727,2001,44543,0,433,2935                    
2026-10-06T20:29:05.865	TEL,3381,S4,644158727,2001,44543,0,430,2932                    
2026-10-06T20:29:05.865	TEL,3382,S4,644168727,2001,44543,0,439,2932                    
2026-10-06T20:29:05.865	TEL,3383,S4,644178727,2001,44543,0,442,2935                    
2026-10-06T20:29:05.865	TEL,3384,S4,644188727,2001,44543,0,428,2935                    
2026-10-06T20:29:05.865	TEL,3385,S4,644198727,2001,44543,0,425,2932                    
2026-10-06T20:29:05.865	TEL,3386,S4,644208727,2001,44543,0,428,2932                    
2026-10-06T20:29:05.865	TEL,3387,S4,644218727,2001,44543,0,430,2935                    
2026-10-06T20:29:05.865	TEL,3388,S4,644228727,2001,44543,0,439,2935                    
2026-10-06T20:29:05.865	TEL,3389,S4,644238727,2001,44543,0,433,2930                    
2026-10-06T20:29:05.865	TEL,3390,S4,644248727,2001,44543,0,433,2930                    
2026-10-06T20:29:05.865	TEL,3391,S4,644258727,2001,44543,0,433,2928                    
2026-10-06T20:29:05.865	TEL,3392,S4,644268727,2001,44543,0,428,2928                    
2026-10-06T20:29:05.865	TEL,3393,S4,644278727,2001,44543,0,430,2932                    
2026-10-06T20:29:05.865	TEL,3394,S4,644288727,2001,44543,0,425,2932                    
2026-10-06T20:29:05.865	TEL,3395,S4,644298727,2001,44543,0,425,2932                    
2026-10-06T20:29:05.865	TEL,3396,S4,644308727,2001,44543,0,430,2932                    
2026-10-06T20:29:05.865	TEL,3397,S4,644318727,2001,44543,0,430,2932                    
2026-10-06T20:29:05.865	TEL,3398,S4,644328727,2001,44543,0,439,2932                    
2026-10-06T20:29:05.865	TEL,3399,S4,644338727,2001,44543,0,430,2925                    
2026-10-06T20:29:05.865	TEL,3400,S4,644348727,2001,44543,0,422,2925                    
2026-10-06T20:29:05.865	TEL,3401,S4,644358727,2001,44543,0,428,2932                    
2026-10-06T20:29:05.865	TEL,3402,S4,644368727,2001,44543,0,425,2932                    
2026-10-06T20:29:05.865	TEL,3403,S4,644378727,2001,44543,0,425,2932                    
2026-10-06T20:29:05.865	TEL,3404,S4,644388727,2001,44543,0,436,2932                    
2026-10-06T20:29:05.865	TEL,3405,S4,644398727,2001,44543,0,433,2928                    
2026-10-06T20:29:05.865	TEL,3406,S4,644408727,2001,44543,0,425,2928                    
2026-10-06T20:29:05.865	TEL,3407,S4,644418727,2001,44543,0,430,2935                    
2026-10-06T20:29:05.865	TEL,3408,S4,644428727,2001,44543,0,428,2935                    
2026-10-06T20:29:05.865	TEL,3409,S4,644438727,2001,44543,0,425,2930                    
2026-10-06T20:29:05.865	TEL,3410,S4,644448727,2001,44543,0,433,2930                    
2026-10-06T20:29:05.865	TEL,3411,S4,644458727,2001,44543,0,439,2935                    
2026-10-06T20:29:05.865	TEL,3412,S4,644468727,2001,44543,0,433,2935                    
2026-10-06T20:29:05.865	TEL,3413,S4,644478727,2001,44543,0,430,2932                    
2026-10-06T20:29:05.865	TEL,3414,S4,644488727,2001,44543,0,430,2932                    
2026-10-06T20:29:05.865	TEL,3415,S4,644498727,2001,44543,0,433,2935                    
2026-10-06T20:29:05.865	TEL,3416,S4,644508727,2001,44543,0,433,2935                    
2026-10-06T20:29:05.865	TEL,3417,S4,644518727,2001,44543,0,430,2932                    
2026-10-06T20:29:05.865	TEL,3418,S4,644528727,2001,44543,0,436,2932                    
2026-10-06T20:29:05.865	TEL,3419,S4,644538727,2001,44543,0,436,2932                    
2026-10-06T20:29:05.865	TEL,3420,S4,644548727,2001,44543,0,430,2932                    
2026-10-06T20:29:05.865	TEL,3421,S4,644558727,2001,44543,0,433,2935                    
2026-10-06T20:29:05.865	TEL,3422,S4,644568727,2001,44543,0,430,2935                    
2026-10-06T20:29:05.865	TEL,3423,S4,644578727,2001,44543,0,428,2932                    
2026-10-06T20:29:05.865	TEL,3424,S4,644588727,2001,44543,0,428,2932                    
2026-10-06T20:29:05.865	TEL,3425,S4,644598727,2001,44543,0,428,2932                    
2026-10-06T20:29:05.865	TEL,3426,S4,644608727,2001,44543,0,419,2932                    
2026-10-06T20:29:05.865	TEL,3427,S4,644618727,2001,44543,0,419,2932                    
2026-10-06T20:29:05.865	TEL,3428,S4,644628727,2001,44543,0,425,2932                    
2026-10-06T20:29:05.865	TEL,3429,S4,644638727,2001,44543,0,428,2935                    
2026-10-06T20:29:05.865	TEL,3430,S4,644648727,2001,44543,0,430,2935                    
2026-10-06T20:29:06.473	TEL,3431,S4,644658727,2001,44543,0,428,2932                    
2026-10-06T20:29:06.473	TEL,3432,S4,644668727,2001,44543,0,425,2932                    
2026-10-06T20:29:06.473	TEL,3433,S4,644678727,2001,44543,0,428,2935                    
2026-10-06T20:29:06.473	TEL,3434,S4,644688727,2001,44543,0,430,2935                    
2026-10-06T20:29:06.473	TEL,3435,S4,644698727,2001,44543,0,430,2935                    
2026-10-06T20:29:06.473	TEL,3436,S4,644708727,2001,44543,0,433,2935                    
2026-10-06T20:29:06.473	TEL,3437,S4,644718727,2001,44543,0,428,2928                    
2026-10-06T20:29:06.473	TEL,3438,S4,644728727,2001,44543,0,433,2928                    
2026-10-06T20:29:06.473	TEL,3439,S4,644738727,2001,44543,0,436,2932                    
2026-10-06T20:29:06.473	TEL,3440,S4,644748727,2001,44543,0,430,2932                    
2026-10-06T20:29:06.473	TEL,3441,S4,644758727,2001,44543,0,430,2932                    
2026-10-06T20:29:06.473	TEL,3442,S4,644768727,2001,44543,0,428,2932                    
2026-10-06T20:29:06.473	TEL,3443,S4,644778727,2001,44543,0,430,2935                    
2026-10-06T20:29:06.473	TEL,3444,S4,644788727,2001,44543,0,433,2935                    
2026-10-06T20:29:06.473	BTN,42,S4,PRESSED,644794115,644794123                          
2026-10-06T20:29:06.473	TEL,3445,S4,644798728,2003,44543,0,433,2935                    
2026-10-06T20:29:06.473	TEL,3446,S4,644808727,2001,44543,0,428,2935                    
2026-10-06T20:29:06.473	TEL,3447,S4,644818727,2001,44543,0,425,2932                    
2026-10-06T20:29:06.473	TEL,3448,S4,644828727,2001,44543,0,428,2932                    
2026-10-06T20:29:06.473	TEL,3449,S4,644838727,2001,44543,0,428,2932                    
2026-10-06T20:29:06.473	TEL,3450,S4,644848727,2001,44543,0,430,2932                    
2026-10-06T20:29:06.473	TEL,3451,S4,644858727,2001,44543,0,430,2932                    
2026-10-06T20:29:06.473	TEL,3452,S4,644868727,2001,44543,0,428,2932                    
2026-10-06T20:29:06.473	TEL,3453,S4,644878727,2001,44543,0,430,2935                    
2026-10-06T20:29:06.473	TEL,3454,S4,644888727,2001,44543,0,439,2935                    
2026-10-06T20:29:06.473	TEL,3455,S4,644898727,2001,44543,0,436,2932                    
2026-10-06T20:29:06.473	TEL,3456,S4,644908727,2001,44543,0,430,2932                    
2026-10-06T20:29:06.473	TEL,3457,S4,644918727,2001,44543,0,433,2935                    
2026-10-06T20:29:06.473	TEL,3458,S4,644928727,2001,44543,0,436,2935                    
2026-10-06T20:29:06.473	TEL,3459,S4,644938727,2001,44543,0,433,2932                    
2026-10-06T20:29:06.473	TEL,3460,S4,644948727,2001,44543,0,436,2932                    
2026-10-06T20:29:06.473	TEL,3461,S4,644958727,2001,44543,0,436,2932                    
2026-10-06T20:29:06.473	TEL,3462,S4,644968727,2001,44543,0,425,2932                    
2026-10-06T20:29:06.473	TEL,3463,S4,644978727,2001,44543,0,425,2932                    
2026-10-06T20:29:06.473	TEL,3464,S4,644988727,2001,44543,0,425,2932                    
2026-10-06T20:29:06.473	TEL,3465,S4,644998727,2001,44543,0,428,2935                    
2026-10-06T20:29:06.473	TEL,3466,S4,645008727,2001,44543,0,433,2935                    
2026-10-06T20:29:06.473	TEL,3467,S4,645018727,2001,44543,0,433,2935                    
2026-10-06T20:29:06.473	TEL,3468,S4,645028727,2001,44543,0,433,2935                    
2026-10-06T20:29:06.473	TEL,3469,S4,645038727,2001,44543,0,430,2932                    
2026-10-06T20:29:06.473	TEL,3470,S4,645048727,2001,44543,0,436,2932                    
2026-10-06T20:29:06.473	TEL,3471,S4,645058727,2001,44543,0,433,2928                    
2026-10-06T20:29:06.473	TEL,3472,S4,645068727,2001,44543,0,428,2928                    
2026-10-06T20:29:06.473	TEL,3473,S4,645078727,2001,44543,0,430,2932                    
2026-10-06T20:29:06.473	TEL,3474,S4,645088727,2001,44543,0,425,2932                    
2026-10-06T20:29:06.473	TEL,3475,S4,645098727,2001,44543,0,428,2935                    
2026-10-06T20:29:06.473	TEL,3476,S4,645108727,2001,44543,0,428,2935                    
2026-10-06T20:29:06.473	TEL,3477,S4,645118727,2001,44543,0,428,2935                    
2026-10-06T20:29:06.473	TEL,3478,S4,645128727,2001,44543,0,436,2935                    
2026-10-06T20:29:06.473	TEL,3479,S4,645138727,2001,44543,0,433,2932                    
2026-10-06T20:29:06.473	TEL,3480,S4,645148727,2001,44543,0,428,2932                    
2026-10-06T20:29:06.473	TEL,3481,S4,645158727,2001,44543,0,428,2932                    
2026-10-06T20:29:06.473	TEL,3482,S4,645168727,2001,44543,0,430,2932                    
2026-10-06T20:29:06.473	TEL,3483,S4,645178727,2001,44543,0,430,2932                    
2026-10-06T20:29:06.473	TEL,3484,S4,645188727,2001,44543,0,428,2932                    
2026-10-06T20:29:06.473	TEL,3485,S4,645198727,2001,44543,0,430,2935                    
2026-10-06T20:29:06.473	TEL,3486,S4,645208727,2001,44543,0,430,2935                    
2026-10-06T20:29:06.473	TEL,3487,S4,645218727,2001,44543,0,430,2935                    
2026-10-06T20:29:06.473	TEL,3488,S4,645228727,2001,44543,0,428,2935                    
2026-10-06T20:29:06.473	TEL,3489,S4,645238727,2001,44543,0,425,2932                    
2026-10-06T20:29:06.473	TEL,3490,S4,645248727,2001,44543,0,430,2932                    
2026-10-06T20:29:06.473	TEL,3491,S4,645258727,2001,44543,0,433,2933                    
2026-10-06T20:29:07.086	TEL,3492,S4,645268727,2001,44543,0,430,2933                    
2026-10-06T20:29:07.086	TEL,3493,S4,645278727,2001,44543,0,428,2932                    
2026-10-06T20:29:07.086	TEL,3494,S4,645288727,2001,44543,0,430,2932                    
2026-10-06T20:29:07.086	TEL,3495,S4,645298727,2001,44543,0,430,2932                    
2026-10-06T20:29:07.086	TEL,3496,S4,645308727,2001,44543,0,425,2932                    
2026-10-06T20:29:07.086	TEL,3497,S4,645318727,2001,44543,0,422,2928                    
2026-10-06T20:29:07.086	TEL,3498,S4,645328727,2001,44543,0,433,2928                    
2026-10-06T20:29:07.086	TEL,3499,S4,645338727,2001,44543,0,436,2932                    
2026-10-06T20:29:07.086	TEL,3500,S4,645348727,2001,44543,0,425,2932                    
2026-10-06T20:29:07.086	TEL,3501,S4,645358727,2001,44543,0,428,2935                    
2026-10-06T20:29:07.086	TEL,3502,S4,645368727,2001,44543,0,430,2935                    
2026-10-06T20:29:07.086	TEL,3503,S4,645378727,2001,44543,0,428,2932                    
2026-10-06T20:29:07.086	TEL,3504,S4,645388727,2001,44543,0,428,2932                    
2026-10-06T20:29:07.086	TEL,3505,S4,645398727,2001,44543,0,428,2932                    
2026-10-06T20:29:07.086	TEL,3506,S4,645408727,2001,44543,0,430,2932                    
2026-10-06T20:29:07.086	TEL,3507,S4,645418727,2001,44543,0,430,2932                    
2026-10-06T20:29:07.086	TEL,3508,S4,645428727,2001,44543,0,430,2932                    
2026-10-06T20:29:07.086	TEL,3509,S4,645438727,2001,44543,0,430,2932                    
2026-10-06T20:29:07.086	TEL,3510,S4,645448727,2001,44543,0,425,2932                    
2026-10-06T20:29:07.086	TEL,3511,S4,645458727,2001,44543,0,425,2932                    
2026-10-06T20:29:07.086	TEL,3512,S4,645468727,2001,44543,0,430,2932                    
2026-10-06T20:29:07.086	TEL,3513,S4,645478727,2001,44543,0,430,2932                    
2026-10-06T20:29:07.086	TEL,3514,S4,645488727,2001,44543,0,436,2932                    
2026-10-06T20:29:07.086	TEL,3515,S4,645498727,2001,44543,0,436,2932                    
2026-10-06T20:29:07.086	TEL,3516,S4,645508727,2001,44543,0,430,2932                    
2026-10-06T20:29:07.086	BTN,43,S4,PRESSED,645515121,645515128                          
2026-10-06T20:29:07.086	TEL,3517,S4,645518728,2003,44543,0,430,2932                    
2026-10-06T20:29:07.086	TEL,3518,S4,645528727,2002,44543,0,425,2932                    
2026-10-06T20:29:07.086	TEL,3519,S4,645538727,2001,44543,0,428,2935                    
2026-10-06T20:29:07.086	TEL,3520,S4,645548727,2001,44543,0,428,2935                    
2026-10-06T20:29:07.086	TEL,3521,S4,645558727,2001,44543,0,428,2935                    
2026-10-06T20:29:07.086	TEL,3522,S4,645568727,2001,44543,0,433,2935                    
2026-10-06T20:29:07.086	TEL,3523,S4,645578727,2001,44543,0,433,2935                    
2026-10-06T20:29:07.086	TEL,3524,S4,645588727,2001,44543,0,439,2935                    
2026-10-06T20:29:07.086	TEL,3525,S4,645598727,2001,44543,0,436,2932                    
2026-10-06T20:29:07.086	TEL,3526,S4,645608727,2001,44543,0,430,2932                    
2026-10-06T20:29:07.086	TEL,3527,S4,645618727,2001,44543,0,430,2932                    
2026-10-06T20:29:07.086	TEL,3528,S4,645628727,2001,44543,0,433,2932                    
2026-10-06T20:29:07.086	TEL,3529,S4,645638727,2001,44543,0,433,2932                    
2026-10-06T20:29:07.086	TEL,3530,S4,645648727,2001,44543,0,428,2932                    
2026-10-06T20:29:07.086	TEL,3531,S4,645658727,2001,44543,0,428,2932                    
2026-10-06T20:29:07.086	TEL,3532,S4,645668727,2001,44543,0,425,2932                    
2026-10-06T20:29:07.086	TEL,3533,S4,645678727,2001,44543,0,422,2928                    
2026-10-06T20:29:07.086	TEL,3534,S4,645688727,2001,44543,0,428,2928                    
2026-10-06T20:29:07.086	TEL,3535,S4,645698727,2001,44543,0,433,2935                    
2026-10-06T20:29:07.086	TEL,3536,S4,645708727,2001,44543,0,428,2935                    
2026-10-06T20:29:07.086	TEL,3537,S4,645718727,2001,44543,0,425,2932                    
2026-10-06T20:29:07.086	TEL,3538,S4,645728727,2001,44543,0,428,2932                    
2026-10-06T20:29:07.086	TEL,3539,S4,645738727,2001,44543,0,430,2935                    
2026-10-06T20:29:07.086	TEL,3540,S4,645748727,2001,44543,0,428,2935                    
2026-10-06T20:29:07.086	TEL,3541,S4,645758727,2001,44543,0,428,2935                    
2026-10-06T20:29:07.086	TEL,3542,S4,645768727,2001,44543,0,433,2935                    
2026-10-06T20:29:07.086	TEL,3543,S4,645778727,2001,44543,0,433,2935                    
2026-10-06T20:29:07.086	TEL,3544,S4,645788727,2001,44543,0,428,2935                    
2026-10-06T20:29:07.086	TEL,3545,S4,645798727,2001,44543,0,425,2930                    
2026-10-06T20:29:07.086	TEL,3546,S4,645808727,2001,44543,0,425,2930                    
2026-10-06T20:29:07.086	TEL,3547,S4,645818727,2001,44543,0,425,2932                    
2026-10-06T20:29:07.086	TEL,3548,S4,645828727,2001,44543,0,433,2932                    
2026-10-06T20:29:07.086	TEL,3549,S4,645838727,2001,44543,0,436,2935                    
2026-10-06T20:29:07.086	TEL,3550,S4,645848727,2001,44543,0,433,2935                    
2026-10-06T20:29:07.086	TEL,3551,S4,645858727,2001,44543,0,433,2935                    
2026-10-06T20:29:07.086	TEL,3552,S4,645868727,2001,44543,0,442,2935                    
2026-10-06T20:29:07.696	TEL,3553,S4,645878727,2001,44543,0,439,2932                    
2026-10-06T20:29:07.696	TEL,3554,S4,645888727,2001,44543,0,439,2932                    
2026-10-06T20:29:07.696	TEL,3555,S4,645898727,2001,44543,0,442,2935                    
2026-10-06T20:29:07.696	TEL,3556,S4,645908727,2001,44543,0,433,2935                    
2026-10-06T20:29:07.696	TEL,3557,S4,645918727,2001,44543,0,430,2932                    
2026-10-06T20:29:07.696	TEL,3558,S4,645928727,2001,44543,0,430,2932                    
2026-10-06T20:29:07.696	TEL,3559,S4,645938727,2001,44543,0,430,2932                    
2026-10-06T20:29:07.696	TEL,3560,S4,645948727,2001,44543,0,425,2932                    
2026-10-06T20:29:07.696	TEL,3561,S4,645958727,2001,44543,0,422,2928                    
2026-10-06T20:29:07.696	TEL,3562,S4,645968727,2001,44543,0,422,2928                    
2026-10-06T20:29:07.696	TEL,3563,S4,645978727,2001,44543,0,422,2928                    
2026-10-06T20:29:07.696	TEL,3564,S4,645988727,2001,44543,0,428,2928                    
2026-10-06T20:29:07.696	TEL,3565,S4,645998727,2001,44543,0,430,2932                    
2026-10-06T20:29:07.696	TEL,3566,S4,646008727,2001,44543,0,428,2932                    
2026-10-06T20:29:07.696	TEL,3567,S4,646018727,2001,44543,0,428,2932                    
2026-10-06T20:29:07.696	TEL,3568,S4,646028727,2001,44543,0,425,2932                    
2026-10-06T20:29:07.696	TEL,3569,S4,646038727,2001,44543,0,425,2932                    
2026-10-06T20:29:07.696	TEL,3570,S4,646048727,2001,44543,0,425,2932                    
2026-10-06T20:29:07.696	TEL,3571,S4,646058727,2001,44543,0,422,2928                    
2026-10-06T20:29:07.696	TEL,3572,S4,646068727,2001,44543,0,425,2928                    
2026-10-06T20:29:07.696	TEL,3573,S4,646078727,2001,44543,0,428,2932                    
2026-10-06T20:29:07.696	BTN,44,S4,PRESSED,646083126,646083134                          
2026-10-06T20:29:07.696	TEL,3574,S4,646088728,2003,44543,0,430,2932                    
2026-10-06T20:29:07.696	TEL,3575,S4,646098727,2001,44543,0,433,2933                    
2026-10-06T20:29:07.696	TEL,3576,S4,646108727,2001,44543,0,430,2933                    
2026-10-06T20:29:07.696	TEL,3577,S4,646118727,2001,44543,0,430,2933                    
2026-10-06T20:29:07.696	TEL,3578,S4,646128727,2001,44543,0,430,2933                    
2026-10-06T20:29:07.696	TEL,3579,S4,646138727,2001,44543,0,428,2932                    
2026-10-06T20:29:07.696	TEL,3580,S4,646148727,2001,44543,0,425,2932                    
2026-10-06T20:29:07.696	TEL,3581,S4,646158727,2001,44543,0,425,2932                    
2026-10-06T20:29:07.696	TEL,3582,S4,646168727,2001,44543,0,430,2932                    
2026-10-06T20:29:07.696	TEL,3583,S4,646178727,2001,44543,0,430,2932                    
2026-10-06T20:29:07.696	TEL,3584,S4,646188727,2001,44543,0,430,2932                    
2026-10-06T20:29:07.696	TEL,3585,S4,646198727,2001,44543,0,430,2932                    
2026-10-06T20:29:07.696	TEL,3586,S4,646208727,2001,44543,0,425,2932                    
2026-10-06T20:29:07.696	TEL,3587,S4,646218727,2001,44543,0,425,2932                    
2026-10-06T20:29:07.696	TEL,3588,S4,646228727,2001,44543,0,436,2932                    
2026-10-06T20:29:07.696	TEL,3589,S4,646238727,2001,44543,0,436,2932                    
2026-10-06T20:29:07.696	TEL,3590,S4,646248727,2001,44543,0,430,2932                    
2026-10-06T20:29:07.696	TEL,3591,S4,646258727,2001,44543,0,433,2935                    
2026-10-06T20:29:07.696	TEL,3592,S4,646268727,2001,44543,0,439,2935                    
2026-10-06T20:29:07.696	TEL,3593,S4,646278727,2001,44543,0,439,2935                    
2026-10-06T20:29:07.696	TEL,3594,S4,646288727,2001,44543,0,436,2935                    
2026-10-06T20:29:07.696	TEL,3595,S4,646298727,2001,44543,0,433,2932                    
2026-10-06T20:29:07.696	TEL,3596,S4,646308727,2001,44543,0,430,2932                    
2026-10-06T20:29:07.696	TEL,3597,S4,646318727,2001,44543,0,433,2933                    
2026-10-06T20:29:07.696	TEL,3598,S4,646328727,2001,44543,0,428,2933                    
2026-10-06T20:29:07.696	TEL,3599,S4,646338727,2001,44543,0,428,2935                    
2026-10-06T20:29:07.696	TEL,3600,S4,646348727,2001,44543,0,433,2935                    
2026-10-06T20:29:07.696	TEL,3601,S4,646358727,2001,44543,0,430,2932                    
2026-10-06T20:29:07.696	TEL,3602,S4,646368727,2001,44543,0,425,2932                    
2026-10-06T20:29:07.696	TEL,3603,S4,646378727,2001,44543,0,425,2932                    
2026-10-06T20:29:07.696	TEL,3604,S4,646388727,2001,44543,0,425,2932                    
2026-10-06T20:29:07.696	TEL,3605,S4,646398727,2001,44543,0,428,2935                    
2026-10-06T20:29:07.696	TEL,3606,S4,646408727,2001,44543,0,442,2935                    
2026-10-06T20:29:07.696	TEL,3607,S4,646418727,2001,44543,0,439,2932                    
2026-10-06T20:29:07.696	TEL,3608,S4,646428727,2001,44543,0,425,2932                    
2026-10-06T20:29:07.696	TEL,3609,S4,646438727,2001,44543,0,428,2935                    
2026-10-06T20:29:07.696	TEL,3610,S4,646448727,2001,44543,0,433,2935                    
2026-10-06T20:29:07.696	TEL,3611,S4,646458727,2001,44543,0,433,2935                    
2026-10-06T20:29:07.696	TEL,3612,S4,646468727,2001,44543,0,433,2935                    
2026-10-06T20:29:07.696	TEL,3613,S4,646478727,2001,44543,0,433,2935                    
2026-10-06T20:29:08.302	TEL,3614,S4,646488727,2001,44543,0,433,2935                    
2026-10-06T20:29:08.302	TEL,3615,S4,646498727,2001,44543,0,433,2935                    
2026-10-06T20:29:08.302	TEL,3616,S4,646508727,2001,44543,0,433,2935                    
2026-10-06T20:29:08.302	TEL,3617,S4,646518727,2001,44543,0,428,2928                    
2026-10-06T20:29:08.302	TEL,3618,S4,646528727,2001,44543,0,433,2928                    
2026-10-06T20:29:08.302	TEL,3619,S4,646538727,2001,44543,0,436,2932                    
2026-10-06T20:29:08.302	TEL,3620,S4,646548727,2001,44543,0,425,2932                    
2026-10-06T20:29:08.302	TEL,3621,S4,646558727,2001,44543,0,425,2932                    
2026-10-06T20:29:08.302	TEL,3622,S4,646568727,2001,44543,0,428,2932                    
2026-10-06T20:29:08.302	TEL,3623,S4,646578727,2001,44543,0,425,2928                    
2026-10-06T20:29:08.302	BTN,45,S4,PRESSED,646583132,646583139                          
2026-10-06T20:29:08.302	TEL,3624,S4,646588728,2003,44543,0,428,2928                    
2026-10-06T20:29:08.302	TEL,3625,S4,646598727,2001,44543,0,433,2933                    
2026-10-06T20:29:08.302	TEL,3626,S4,646608727,2001,44543,0,422,2933                    
2026-10-06T20:29:08.302	TEL,3627,S4,646618727,2001,44543,0,416,2928                    
2026-10-06T20:29:08.302	TEL,3628,S4,646628727,2001,44543,0,428,2928                    
2026-10-06T20:29:08.302	TEL,3629,S4,646638727,2001,44543,0,428,2928                    
2026-10-06T20:29:08.302	TEL,3630,S4,646648727,2001,44543,0,422,2928                    
2026-10-06T20:29:08.302	TEL,3631,S4,646658727,2001,44543,0,425,2932                    
2026-10-06T20:29:08.302	TEL,3632,S4,646668727,2001,44543,0,430,2932                    
2026-10-06T20:29:08.302	TEL,3633,S4,646678727,2001,44543,0,433,2935                    
2026-10-06T20:29:08.302	TEL,3634,S4,646688727,2001,44543,0,433,2935                    
2026-10-06T20:29:08.302	TEL,3635,S4,646698727,2001,44543,0,430,2932                    
2026-10-06T20:29:08.302	TEL,3636,S4,646708727,2001,44543,0,425,2932                    
2026-10-06T20:29:08.302	TEL,3637,S4,646718727,2001,44543,0,425,2932                    
2026-10-06T20:29:08.302	TEL,3638,S4,646728727,2001,44543,0,436,2932                    
2026-10-06T20:29:08.302	TEL,3639,S4,646738727,2001,44543,0,436,2932                    
2026-10-06T20:29:08.302	TEL,3640,S4,646748727,2001,44543,0,428,2932                    
2026-10-06T20:29:08.302	TEL,3641,S4,646758727,2001,44543,0,428,2932                    
2026-10-06T20:29:08.302	TEL,3642,S4,646768727,2001,44543,0,425,2932                    
2026-10-06T20:29:08.302	TEL,3643,S4,646778727,2001,44543,0,428,2935                    
2026-10-06T20:29:08.302	TEL,3644,S4,646788727,2001,44543,0,430,2935                    
2026-10-06T20:29:08.302	TEL,3645,S4,646798727,2001,44543,0,428,2932                    
2026-10-06T20:29:08.302	TEL,3646,S4,646808727,2001,44543,0,425,2932                    
2026-10-06T20:29:08.302	TEL,3647,S4,646818727,2001,44543,0,428,2935                    
2026-10-06T20:29:08.302	TEL,3648,S4,646828727,2001,44543,0,430,2935                    
2026-10-06T20:29:08.302	TEL,3649,S4,646838727,2001,44543,0,428,2932                    
2026-10-06T20:29:08.302	TEL,3650,S4,646848727,2001,44543,0,428,2932                    
2026-10-06T20:29:08.302	TEL,3651,S4,646858727,2001,44543,0,430,2935                    
2026-10-06T20:29:08.302	TEL,3652,S4,646868727,2001,44543,0,433,2935                    
2026-10-06T20:29:08.302	TEL,3653,S4,646878727,2001,44543,0,433,2935                    
2026-10-06T20:29:08.302	TEL,3654,S4,646888727,2001,44543,0,428,2935                    
2026-10-06T20:29:08.302	TEL,3655,S4,646898727,2001,44543,0,425,2932                    
2026-10-06T20:29:08.302	TEL,3656,S4,646908727,2001,44543,0,428,2932                    
2026-10-06T20:29:08.302	TEL,3657,S4,646918727,2001,44543,0,425,2928                    
2026-10-06T20:29:08.302	TEL,3658,S4,646928727,2001,44543,0,425,2928                    
2026-10-06T20:29:08.302	TEL,3659,S4,646938727,2001,44543,0,428,2932                    
2026-10-06T20:29:08.302	TEL,3660,S4,646948727,2001,44543,0,430,2932                    
2026-10-06T20:29:08.302	TEL,3661,S4,646958727,2001,44543,0,433,2935                    
2026-10-06T20:29:08.302	TEL,3662,S4,646968727,2001,44543,0,445,2935                    
2026-10-06T20:29:08.302	TEL,3663,S4,646978727,2001,44543,0,445,2935                    
2026-10-06T20:29:08.302	TEL,3664,S4,646988727,2001,44543,0,433,2935                    
2026-10-06T20:29:08.302	TEL,3665,S4,646998727,2001,44543,0,430,2932                    
2026-10-06T20:29:08.302	TEL,3666,S4,647008727,2001,44543,0,425,2932                    
2026-10-06T20:29:08.302	TEL,3667,S4,647018727,2001,44543,0,428,2935                    
2026-10-06T20:29:08.302	TEL,3668,S4,647028727,2001,44543,0,430,2935                    
2026-10-06T20:29:08.302	TEL,3669,S4,647038727,2001,44543,0,428,2932                    
2026-10-06T20:29:08.302	TEL,3670,S4,647048727,2001,44543,0,430,2932                    
2026-10-06T20:29:08.302	TEL,3671,S4,647058727,2001,44543,0,430,2932                    
2026-10-06T20:29:08.302	TEL,3672,S4,647068727,2001,44543,0,425,2932                    
2026-10-06T20:29:08.302	TEL,3673,S4,647078727,2001,44543,0,428,2935                    
2026-10-06T20:29:08.302	TEL,3674,S4,647088727,2001,44543,0,428,2935                    
2026-10-06T20:29:08.915	TEL,3675,S4,647098727,2001,44543,0,425,2932                    
2026-10-06T20:29:08.915	TEL,3676,S4,647108727,2001,44543,0,428,2932                    
2026-10-06T20:29:08.915	TEL,3677,S4,647118727,2001,44543,0,428,2932                    
2026-10-06T20:29:08.915	TEL,3678,S4,647128727,2001,44543,0,430,2932                    
2026-10-06T20:29:08.915	TEL,3679,S4,647138727,2001,44543,0,433,2935                    
2026-10-06T20:29:08.915	TEL,3680,S4,647148727,2001,44543,0,433,2935                    
2026-10-06T20:29:08.915	TEL,3681,S4,647158727,2001,44543,0,430,2932                    
2026-10-06T20:29:08.915	TEL,3682,S4,647168727,2001,44543,0,428,2932                    
2026-10-06T20:29:08.915	TEL,3683,S4,647178727,2001,44543,0,430,2935                    
2026-10-06T20:29:08.915	TEL,3684,S4,647188727,2001,44543,0,433,2935                    
2026-10-06T20:29:08.915	TEL,3685,S4,647198727,2001,44543,0,428,2930                    
2026-10-06T20:29:08.915	TEL,3686,S4,647208727,2001,44543,0,425,2930                    
2026-10-06T20:29:08.915	TEL,3687,S4,647218727,2001,44543,0,428,2935                    
2026-10-06T20:29:08.915	TEL,3688,S4,647228727,2001,44543,0,430,2935                    
2026-10-06T20:29:08.915	TEL,3689,S4,647238727,2001,44543,0,433,2939                    
2026-10-06T20:29:08.915	TEL,3690,S4,647248727,2001,44543,0,439,2939                    
2026-10-06T20:29:08.915	TEL,3691,S4,647258727,2001,44543,0,433,2932                    
2026-10-06T20:29:08.915	TEL,3692,S4,647268727,2001,44543,0,428,2932                    
2026-10-06T20:29:08.915	TEL,3693,S4,647278727,2001,44543,0,430,2935                    
2026-10-06T20:29:08.915	TEL,3694,S4,647288727,2001,44543,0,425,2935                    
2026-10-06T20:29:08.915	TEL,3695,S4,647298727,2001,44543,0,425,2935                    
2026-10-06T20:29:08.915	TEL,3696,S4,647308727,2001,44543,0,433,2935                    
2026-10-06T20:29:08.915	TEL,3697,S4,647318727,2001,44543,0,430,2932                    
2026-10-06T20:29:08.915	TEL,3698,S4,647328727,2001,44543,0,430,2932                    
2026-10-06T20:29:08.915	TEL,3699,S4,647338727,2001,44543,0,430,2932                    
2026-10-06T20:29:08.915	TEL,3700,S4,647348727,2001,44543,0,425,2932                    
2026-10-06T20:29:08.915	TEL,3701,S4,647358727,2001,44543,0,425,2932                    
2026-10-06T20:29:08.915	TEL,3702,S4,647368727,2001,44543,0,430,2932                    
2026-10-06T20:29:08.915	TEL,3703,S4,647378727,2001,44543,0,433,2935                    
2026-10-06T20:29:08.915	TEL,3704,S4,647388727,2001,44543,0,428,2935                    
2026-10-06T20:29:08.915	TEL,3705,S4,647398727,2001,44543,0,425,2932                    
2026-10-06T20:29:08.915	TEL,3706,S4,647408727,2001,44543,0,425,2932                    
2026-10-06T20:29:08.915	BTN,46,S4,PRESSED,647413137,647413145                          
2026-10-06T20:29:08.915	TEL,3707,S4,647418728,2003,44543,0,425,2932                    
2026-10-06T20:29:08.915	TEL,3708,S4,647428727,2001,44543,0,425,2932                    
2026-10-06T20:29:08.915	TEL,3709,S4,647438727,2001,44543,0,428,2935                    
2026-10-06T20:29:08.915	TEL,3710,S4,647448727,2001,44543,0,428,2935                    
2026-10-06T20:29:08.915	TEL,3711,S4,647458727,2001,44543,0,428,2935                    
2026-10-06T20:29:08.915	TEL,3712,S4,647468727,2001,44543,0,430,2935                    
2026-10-06T20:29:08.915	TEL,3713,S4,647478727,2001,44543,0,430,2935                    
2026-10-06T20:29:08.915	TEL,3714,S4,647488727,2001,44543,0,439,2935                    
2026-10-06T20:29:08.915	TEL,3715,S4,647498727,2001,44543,0,439,2935                    
2026-10-06T20:29:08.915	TEL,3716,S4,647508727,2001,44543,0,445,2935                    
2026-10-06T20:29:08.915	TEL,3717,S4,647518727,2001,44543,0,436,2928                    
2026-10-06T20:29:08.915	TEL,3718,S4,647528727,2001,44543,0,428,2928                    
2026-10-06T20:29:08.915	TEL,3719,S4,647538727,2001,44543,0,433,2935                    
2026-10-06T20:29:08.915	TEL,3720,S4,647548727,2001,44543,0,439,2935                    
2026-10-06T20:29:08.915	TEL,3721,S4,647558727,2001,44543,0,436,2932                    
2026-10-06T20:29:08.915	TEL,3722,S4,647568727,2001,44543,0,425,2932                    
2026-10-06T20:29:08.915	TEL,3723,S4,647578727,2001,44543,0,425,2932                    
2026-10-06T20:29:08.915	TEL,3724,S4,647588727,2001,44543,0,425,2932                    
2026-10-06T20:29:08.915	TEL,3725,S4,647598727,2001,44543,0,425,2932                    
2026-10-06T20:29:08.915	TEL,3726,S4,647608727,2001,44543,0,430,2932                    
2026-10-06T20:29:08.915	TEL,3727,S4,647618727,2001,44543,0,433,2935                    
2026-10-06T20:29:08.915	TEL,3728,S4,647628727,2001,44543,0,430,2935                    
2026-10-06T20:29:08.915	TEL,3729,S4,647638727,2001,44543,0,430,2933                    
2026-10-06T20:29:08.915	TEL,3730,S4,647648727,2001,44543,0,428,2933                    
2026-10-06T20:29:08.915	TEL,3731,S4,647658727,2001,44543,0,425,2932                    
2026-10-06T20:29:08.915	TEL,3732,S4,647668727,2001,44543,0,428,2932                    
2026-10-06T20:29:08.915	TEL,3733,S4,647678727,2001,44543,0,430,2933                    
2026-10-06T20:29:08.915	TEL,3734,S4,647688727,2001,44543,0,428,2933                    
2026-10-06T20:29:08.915	TEL,3735,S4,647698727,2001,44543,0,425,2932                    
2026-10-06T20:29:09.523	TEL,3736,S4,647708727,2001,44543,0,425,2932                    
2026-10-06T20:29:09.523	TEL,3737,S4,647718727,2001,44543,0,425,2932                    
2026-10-06T20:29:09.523	TEL,3738,S4,647728727,2001,44543,0,430,2932                    
2026-10-06T20:29:09.523	TEL,3739,S4,647738727,2001,44543,0,433,2935                    
2026-10-06T20:29:09.523	TEL,3740,S4,647748727,2001,44543,0,433,2935                    
2026-10-06T20:29:09.523	TEL,3741,S4,647758727,2001,44543,0,428,2928                    
2026-10-06T20:29:09.523	TEL,3742,S4,647768727,2001,44543,0,425,2928                    
2026-10-06T20:29:09.523	TEL,3743,S4,647778727,2001,44543,0,428,2932                    
2026-10-06T20:29:09.523	TEL,3744,S4,647788727,2001,44543,0,428,2932                    
2026-10-06T20:29:09.523	TEL,3745,S4,647798727,2001,44543,0,428,2932                    
2026-10-06T20:29:09.523	TEL,3746,S4,647808727,2001,44543,0,428,2932                    
2026-10-06T20:29:09.523	TEL,3747,S4,647818727,2001,44543,0,428,2932                    
2026-10-06T20:29:09.523	TEL,3748,S4,647828727,2001,44543,0,428,2932                    
2026-10-06T20:29:09.523	TEL,3749,S4,647838727,2001,44543,0,430,2935                    
2026-10-06T20:29:09.523	TEL,3750,S4,647848727,2001,44543,0,430,2935                    
2026-10-06T20:29:09.523	TEL,3751,S4,647858727,2001,44543,0,428,2932                    
2026-10-06T20:29:09.523	TEL,3752,S4,647868727,2001,44543,0,430,2932                    
2026-10-06T20:29:09.523	TEL,3753,S4,647878727,2001,44543,0,430,2932                    
2026-10-06T20:29:09.523	TEL,3754,S4,647888727,2001,44543,0,425,2932                    
2026-10-06T20:29:09.523	TEL,3755,S4,647898727,2001,44543,0,425,2932                    
2026-10-06T20:29:09.523	TEL,3756,S4,647908727,2001,44543,0,430,2932                    
2026-10-06T20:29:09.523	TEL,3757,S4,647918727,2001,44543,0,433,2935                    
2026-10-06T20:29:09.523	TEL,3758,S4,647928727,2001,44543,0,430,2935                    
2026-10-06T20:29:09.523	TEL,3759,S4,647938727,2001,44543,0,428,2932                    
2026-10-06T20:29:09.523	TEL,3760,S4,647948727,2001,44543,0,436,2932                    
2026-10-06T20:29:09.523	TEL,3761,S4,647958727,2001,44543,0,436,2932                    
2026-10-06T20:29:09.523	TEL,3762,S4,647968727,2001,44543,0,436,2932                    
2026-10-06T20:29:09.523	TEL,3763,S4,647978727,2001,44543,0,436,2933                    
2026-10-06T20:29:09.523	TEL,3764,S4,647988727,2001,44543,0,430,2933                    
2026-10-06T20:29:09.523	TEL,3765,S4,647998727,2001,44543,0,428,2932                    
2026-10-06T20:29:09.523	TEL,3766,S4,648008727,2001,44543,0,439,2932                    
2026-10-06T20:29:09.523	TEL,3767,S4,648018727,2001,44543,0,439,2932                    
2026-10-06T20:29:09.523	TEL,3768,S4,648028727,2001,44543,0,428,2932                    
2026-10-06T20:29:09.523	TEL,3769,S4,648038727,2001,44543,0,422,2927                    
2026-10-06T20:29:09.523	TEL,3770,S4,648048727,2001,44543,0,425,2927                    
2026-10-06T20:29:09.523	TEL,3771,S4,648058727,2001,44543,0,430,2932                    
2026-10-06T20:29:09.523	TEL,3772,S4,648068727,2001,44543,0,430,2932                    
2026-10-06T20:29:09.523	TEL,3773,S4,648078727,2001,44543,0,428,2928                    
2026-10-06T20:29:09.523	TEL,3774,S4,648088727,2001,44543,0,428,2928                    
2026-10-06T20:29:09.523	TEL,3775,S4,648098727,2001,44543,0,430,2932                    
2026-10-06T20:29:09.523	TEL,3776,S4,648108727,2001,44543,0,428,2932                    
2026-10-06T20:29:09.523	TEL,3777,S4,648118727,2001,44543,0,430,2935                    
2026-10-06T20:29:09.523	TEL,3778,S4,648128727,2001,44543,0,428,2935                    
2026-10-06T20:29:09.523	TEL,3779,S4,648138727,2001,44543,0,428,2935                    
2026-10-06T20:29:09.523	TEL,3780,S4,648148727,2001,44543,0,442,2935                    
2026-10-06T20:29:09.523	TEL,3781,S4,648158727,2001,44543,0,436,2928                    
2026-10-06T20:29:09.523	TEL,3782,S4,648168727,2001,44543,0,428,2928                    
2026-10-06T20:29:09.523	TEL,3783,S4,648178727,2001,44543,0,430,2932                    
2026-10-06T20:29:09.523	TEL,3784,S4,648188727,2001,44543,0,439,2932                    
2026-10-06T20:29:09.523	TEL,3785,S4,648198727,2001,44543,0,442,2935                    
2026-10-06T20:29:09.523	TEL,3786,S4,648208727,2001,44543,0,433,2935                    
2026-10-06T20:29:09.523	TEL,3787,S4,648218727,2001,44543,0,433,2935                    
2026-10-06T20:29:09.523	TEL,3788,S4,648228727,2001,44543,0,433,2935                    
2026-10-06T20:29:09.523	TEL,3789,S4,648238727,2001,44543,0,433,2935                    
2026-10-06T20:29:09.523	TEL,3790,S4,648248727,2001,44543,0,442,2935                    
2026-10-06T20:29:09.523	BTN,47,S4,PRESSED,648257143,648258753                          
2026-10-06T20:29:09.523	TEL,3791,S4,648258732,2007,44543,0,439,2932                    
2026-10-06T20:29:09.523	TEL,3792,S4,648268728,2003,44543,0,419,2932                    
2026-10-06T20:29:09.523	TEL,3793,S4,648278727,2001,44543,0,422,2933                    
2026-10-06T20:29:09.523	TEL,3794,S4,648288727,2001,44543,0,433,2933                    
2026-10-06T20:29:09.523	TEL,3795,S4,648298727,2001,44543,0,433,2935                    
2026-10-06T20:29:09.523	TEL,3796,S4,648308727,2001,44543,0,433,2935                    
2026-10-06T20:29:10.142	TEL,3797,S4,648318727,2001,44543,0,433,2935                    
2026-10-06T20:29:10.142	TEL,3798,S4,648328727,2001,44543,0,428,2935                    
2026-10-06T20:29:10.142	TEL,3799,S4,648338727,2001,44543,0,425,2932                    
2026-10-06T20:29:10.142	TEL,3800,S4,648348727,2001,44543,0,428,2932                    
2026-10-06T20:29:10.142	TEL,3801,S4,648358727,2001,44543,0,428,2932                    
2026-10-06T20:29:10.142	TEL,3802,S4,648368727,2001,44543,0,436,2932                    
2026-10-06T20:29:10.142	TEL,3803,S4,648378727,2001,44543,0,436,2932                    
2026-10-06T20:29:10.142	TEL,3804,S4,648388727,2001,44543,0,425,2932                    
2026-10-06T20:29:10.142	TEL,3805,S4,648398727,2001,44543,0,425,2932                    
2026-10-06T20:29:10.142	TEL,3806,S4,648408727,2001,44543,0,430,2932                    
2026-10-06T20:29:10.142	TEL,3807,S4,648418727,2001,44543,0,430,2932                    
2026-10-06T20:29:10.142	TEL,3808,S4,648428727,2001,44543,0,430,2932                    
2026-10-06T20:29:10.142	TEL,3809,S4,648438727,2001,44543,0,430,2932                    
2026-10-06T20:29:10.142	TEL,3810,S4,648448727,2001,44543,0,425,2932                    
2026-10-06T20:29:10.142	TEL,3811,S4,648458727,2001,44543,0,422,2928                    
2026-10-06T20:29:10.142	TEL,3812,S4,648468727,2001,44543,0,433,2928                    
2026-10-06T20:29:10.142	TEL,3813,S4,648478727,2001,44543,0,436,2932                    
2026-10-06T20:29:10.142	TEL,3814,S4,648488727,2001,44543,0,436,2932                    
2026-10-06T20:29:10.142	TEL,3815,S4,648498727,2001,44543,0,439,2935                    
2026-10-06T20:29:10.142	TEL,3816,S4,648508727,2001,44543,0,430,2935                    
2026-10-06T20:29:10.142	TEL,3817,S4,648518727,2001,44543,0,428,2932                    
2026-10-06T20:29:10.142	TEL,3818,S4,648528727,2001,44543,0,428,2932                    
2026-10-06T20:29:10.142	TEL,3819,S4,648538727,2001,44543,0,428,2932                    
2026-10-06T20:29:10.142	TEL,3820,S4,648548727,2001,44543,0,430,2932                    
2026-10-06T20:29:10.142	TEL,3821,S4,648558727,2001,44543,0,430,2932                    
2026-10-06T20:29:10.142	TEL,3822,S4,648568727,2001,44543,0,436,2932                    
2026-10-06T20:29:10.142	TEL,3823,S4,648578727,2001,44543,0,436,2932                    
2026-10-06T20:29:10.142	TEL,3824,S4,648588727,2001,44543,0,430,2932                    
2026-10-06T20:29:10.142	TEL,3825,S4,648598727,2001,44543,0,430,2932                    
2026-10-06T20:29:10.142	TEL,3826,S4,648608727,2001,44543,0,430,2932                    
2026-10-06T20:29:10.142	TEL,3827,S4,648618727,2001,44543,0,433,2935                    
2026-10-06T20:29:10.142	TEL,3828,S4,648628727,2001,44543,0,433,2935                    
2026-10-06T20:29:10.142	TEL,3829,S4,648638727,2001,44543,0,430,2932                    
2026-10-06T20:29:10.142	TEL,3830,S4,648648727,2001,44543,0,428,2932                    
2026-10-06T20:29:10.142	TEL,3831,S4,648658727,2001,44543,0,428,2932                    
2026-10-06T20:29:10.142	TEL,3832,S4,648668727,2001,44543,0,425,2932                    
2026-10-06T20:29:10.142	TEL,3833,S4,648678727,2001,44543,0,428,2935                    
2026-10-06T20:29:10.142	TEL,3834,S4,648688727,2001,44543,0,439,2935                    
2026-10-06T20:29:10.142	TEL,3835,S4,648698727,2001,44543,0,436,2932                    
2026-10-06T20:29:10.142	TEL,3836,S4,648708727,2001,44543,0,433,2932                    
2026-10-06T20:29:10.142	TEL,3837,S4,648718727,2001,44543,0,433,2932                    
2026-10-06T20:29:10.142	TEL,3838,S4,648728727,2001,44543,0,430,2932                    
2026-10-06T20:29:10.142	TEL,3839,S4,648738727,2001,44543,0,430,2932                    
2026-10-06T20:29:10.142	TEL,3840,S4,648748727,2001,44543,0,430,2932                    
2026-10-06T20:29:10.142	TEL,3841,S4,648758727,2001,44543,0,430,2932                    
2026-10-06T20:29:10.142	TEL,3842,S4,648768727,2001,44543,0,433,2932                    
2026-10-06T20:29:10.142	TEL,3843,S4,648778727,2001,44543,0,433,2932                    
2026-10-06T20:29:10.142	TEL,3844,S4,648788727,2001,44543,0,442,2932                    
2026-10-06T20:29:10.142	TEL,3845,S4,648798727,2001,44543,0,442,2932                    
2026-10-06T20:29:10.142	TEL,3846,S4,648808727,2001,44543,0,425,2932                    
2026-10-06T20:29:10.142	TEL,3847,S4,648818727,2001,44543,0,422,2928                    
2026-10-06T20:29:10.142	TEL,3848,S4,648828727,2001,44543,0,428,2928                    
2026-10-06T20:29:10.142	TEL,3849,S4,648838727,2001,44543,0,433,2935                    
2026-10-06T20:29:10.142	TEL,3850,S4,648848727,2001,44543,0,428,2935                    
2026-10-06T20:29:10.142	TEL,3851,S4,648858727,2001,44543,0,428,2935                    
2026-10-06T20:29:10.142	TEL,3852,S4,648868727,2001,44543,0,430,2935                    
2026-10-06T20:29:10.142	TEL,3853,S4,648878727,2001,44543,0,428,2932                    
2026-10-06T20:29:10.142	TEL,3854,S4,648888727,2001,44543,0,428,2932                    
2026-10-06T20:29:10.142	TEL,3855,S4,648898727,2001,44543,0,430,2935                    
2026-10-06T20:29:10.142	TEL,3856,S4,648908727,2001,44543,0,433,2935                    
2026-10-06T20:29:10.142	TEL,3857,S4,648918727,2001,44543,0,430,2932                    
2026-10-06T20:29:10.142	TEL,3858,S4,648928727,2001,44543,0,442,2932                    
2026-10-06T20:29:10.756	TEL,3859,S4,648938727,2001,44543,0,445,2935                    
2026-10-06T20:29:10.756	TEL,3860,S4,648948727,2001,44543,0,439,2935                    
2026-10-06T20:29:10.756	TEL,3861,S4,648958727,2001,44543,0,439,2935                    
2026-10-06T20:29:10.756	TEL,3862,S4,648968727,2001,44543,0,430,2935                    
2026-10-06T20:29:10.756	TEL,3863,S4,648978727,2001,44543,0,428,2932                    
2026-10-06T20:29:10.756	TEL,3864,S4,648988727,2001,44543,0,428,2932                    
2026-10-06T20:29:10.756	TEL,3865,S4,648998727,2001,44543,0,428,2932                    
2026-10-06T20:29:10.756	BTN,48,S4,PRESSED,649007148,649008753                          
2026-10-06T20:29:10.756	TEL,3866,S4,649008732,2007,44543,0,433,2932                    
2026-10-06T20:29:10.756	TEL,3867,S4,649018728,2003,44543,0,430,2928                    
2026-10-06T20:29:10.756	TEL,3868,S4,649028727,2001,44543,0,422,2928                    
2026-10-06T20:29:10.756	TEL,3869,S4,649038727,2001,44543,0,425,2932                    
2026-10-06T20:29:10.756	TEL,3870,S4,649048727,2001,44543,0,425,2932                    
2026-10-06T20:29:10.756	TEL,3871,S4,649058727,2001,44543,0,428,2935                    
2026-10-06T20:29:10.756	TEL,3872,S4,649068727,2001,44543,0,433,2935                    
2026-10-06T20:29:10.756	TEL,3873,S4,649078727,2001,44543,0,433,2935                    
2026-10-06T20:29:10.756	TEL,3874,S4,649088727,2001,44543,0,428,2935                    
2026-10-06T20:29:10.756	TEL,3875,S4,649098727,2001,44543,0,425,2932                    
2026-10-06T20:29:10.756	TEL,3876,S4,649108727,2001,44543,0,430,2932                    
2026-10-06T20:29:10.756	TEL,3877,S4,649118727,2001,44543,0,428,2928                    
2026-10-06T20:29:10.756	TEL,3878,S4,649128727,2001,44543,0,422,2928                    
2026-10-06T20:29:10.756	TEL,3879,S4,649138727,2001,44543,0,428,2935                    
2026-10-06T20:29:10.756	TEL,3880,S4,649148727,2001,44543,0,428,2935                    
2026-10-06T20:29:10.756	TEL,3881,S4,649158727,2001,44543,0,428,2935                    
2026-10-06T20:29:10.756	TEL,3882,S4,649168727,2001,44543,0,433,2935                    
2026-10-06T20:29:10.756	TEL,3883,S4,649178727,2001,44543,0,433,2935                    
2026-10-06T20:29:10.756	TEL,3884,S4,649188727,2001,44543,0,433,2935                    
2026-10-06T20:29:10.756	TEL,3885,S4,649198727,2001,44543,0,430,2932                    
2026-10-06T20:29:10.756	TEL,3886,S4,649208727,2001,44543,0,428,2932                    
2026-10-06T20:29:10.756	TEL,3887,S4,649218727,2001,44543,0,428,2932                    
2026-10-06T20:29:10.756	TEL,3888,S4,649228727,2001,44543,0,428,2932                    
2026-10-06T20:29:10.756	TEL,3889,S4,649238727,2001,44543,0,428,2932                    
2026-10-06T20:29:10.756	TEL,3890,S4,649248727,2001,44543,0,428,2932                    
2026-10-06T20:29:10.756	TEL,3891,S4,649258727,2001,44543,0,430,2935                    
2026-10-06T20:29:10.756	TEL,3892,S4,649268727,2001,44543,0,428,2935                    
2026-10-06T20:29:10.756	TEL,3893,S4,649278727,2001,44543,0,425,2932                    
2026-10-06T20:29:10.756	TEL,3894,S4,649288727,2001,44543,0,425,2932                    
2026-10-06T20:29:10.756	TEL,3895,S4,649298727,2001,44543,0,428,2935                    
2026-10-06T20:29:10.756	TEL,3896,S4,649308727,2001,44543,0,439,2935                    
2026-10-06T20:29:10.756	TEL,3897,S4,649318727,2001,44543,0,439,2935                    
2026-10-06T20:29:10.756	TEL,3898,S4,649328727,2001,44543,0,433,2935                    
2026-10-06T20:29:10.756	TEL,3899,S4,649338727,2001,44543,0,430,2932                    
2026-10-06T20:29:10.756	TEL,3900,S4,649348727,2001,44543,0,430,2932                    
2026-10-06T20:29:10.756	TEL,3901,S4,649358727,2001,44543,0,430,2932                    
2026-10-06T20:29:10.756	TEL,3902,S4,649368727,2001,44543,0,428,2932                    
2026-10-06T20:29:10.756	TEL,3903,S4,649378727,2001,44543,0,428,2932                    
2026-10-06T20:29:10.756	TEL,3904,S4,649388727,2001,44543,0,436,2932                    
2026-10-06T20:29:10.756	TEL,3905,S4,649398727,2001,44543,0,436,2932                    
2026-10-06T20:29:10.756	TEL,3906,S4,649408727,2001,44543,0,419,2932                    
2026-10-06T20:29:10.756	TEL,3907,S4,649418727,2001,44543,0,419,2932                    
2026-10-06T20:29:10.756	TEL,3908,S4,649428727,2001,44543,0,430,2932                    
2026-10-06T20:29:10.756	TEL,3909,S4,649438727,2001,44543,0,430,2932                    
2026-10-06T20:29:10.756	TEL,3910,S4,649448727,2001,44543,0,428,2932                    
2026-10-06T20:29:10.756	TEL,3911,S4,649458727,2001,44543,0,430,2935                    
2026-10-06T20:29:10.756	TEL,3912,S4,649468727,2001,44543,0,439,2935                    
2026-10-06T20:29:10.756	TEL,3913,S4,649478727,2001,44543,0,436,2932                    
2026-10-06T20:29:10.756	TEL,3914,S4,649488727,2001,44543,0,428,2932                    
2026-10-06T20:29:10.756	TEL,3915,S4,649498727,2001,44543,0,428,2932                    
2026-10-06T20:29:10.756	TEL,3916,S4,649508727,2001,44543,0,428,2932                    
2026-10-06T20:29:10.756	TEL,3917,S4,649518727,2001,44543,0,430,2935                    
2026-10-06T20:29:10.756	TEL,3918,S4,649528727,2001,44543,0,433,2935                    
2026-10-06T20:29:10.756	TEL,3919,S4,649538727,2001,44543,0,430,2932                    
2026-10-06T20:29:11.331	TEL,3920,S4,649548727,2001,44543,0,428,2932                    
2026-10-06T20:29:11.331	BTN,49,S4,PRESSED,649552153,649552161                          
2026-10-06T20:29:11.331	TEL,3921,S4,649558728,2003,44543,0,430,2935                    
2026-10-06T20:29:11.331	TEL,3922,S4,649568727,2001,44543,0,428,2935                    
2026-10-06T20:29:11.331	TEL,3923,S4,649578727,2001,44543,0,422,2928                    
2026-10-06T20:29:11.331	TEL,3924,S4,649588727,2001,44543,0,425,2928                    
2026-10-06T20:29:11.331	TEL,3925,S4,649598727,2001,44543,0,428,2932                    
2026-10-06T20:29:11.331	TEL,3926,S4,649608727,2001,44543,0,425,2932                    
2026-10-06T20:29:11.331	TEL,3927,S4,649618727,2001,44543,0,425,2932                    
2026-10-06T20:29:11.331	TEL,3928,S4,649628727,2001,44543,0,425,2932                    
2026-10-06T20:29:11.331	TEL,3929,S4,649638727,2001,44543,0,428,2935                    
2026-10-06T20:29:11.331	TEL,3930,S4,649648727,2001,44543,0,433,2935                    
2026-10-06T20:29:11.331	TEL,3931,S4,649658727,2001,44543,0,433,2935                    
2026-10-06T20:29:11.331	TEL,3932,S4,649668727,2001,44543,0,430,2935                    
2026-10-06T20:29:11.331	TEL,3933,S4,649678727,2001,44543,0,428,2932                    
2026-10-06T20:29:11.331	TEL,3934,S4,649688727,2001,44543,0,430,2932                    
2026-10-06T20:29:11.331	TEL,3935,S4,649698727,2001,44543,0,430,2932                    
2026-10-06T20:29:11.331	TEL,3936,S4,649708727,2001,44543,0,425,2932                    
2026-10-06T20:29:11.331	TEL,3937,S4,649718727,2001,44543,0,422,2928                    
2026-10-06T20:29:11.331	TEL,3938,S4,649728727,2001,44543,0,428,2928                    
2026-10-06T20:29:11.331	TEL,3939,S4,649738727,2001,44543,0,430,2932                    
2026-10-06T20:29:11.331	TEL,3940,S4,649748727,2001,44543,0,428,2932                    
2026-10-06T20:29:11.331	TEL,3941,S4,649758727,2001,44543,0,430,2935                    
2026-10-06T20:29:11.331	TEL,3942,S4,649768727,2001,44543,0,433,2935                    
2026-10-06T20:29:11.331	TEL,3943,S4,649778727,2001,44543,0,430,2932                    
2026-10-06T20:29:11.331	TEL,3944,S4,649788727,2001,44543,0,436,2932                    
2026-10-06T20:29:11.331	TEL,3945,S4,649798727,2001,44543,0,436,2932                    
2026-10-06T20:29:11.331	TEL,3946,S4,649808727,2001,44543,0,436,2932                    
2026-10-06T20:29:11.331	TEL,3947,S4,649818727,2001,44543,0,436,2932                    
2026-10-06T20:29:11.331	TEL,3948,S4,649828727,2001,44543,0,430,2932                    
2026-10-06T20:29:11.331	TEL,3949,S4,649838727,2001,44543,0,430,2932                    
2026-10-06T20:29:11.331	TEL,3950,S4,649848727,2001,44543,0,430,2932                    
2026-10-06T20:29:11.331	TEL,3951,S4,649858727,2001,44543,0,433,2933                    
2026-10-06T20:29:11.331	TEL,3952,S4,649868727,2001,44543,0,419,2933                    
2026-10-06T20:29:11.331	TEL,3953,S4,649878727,2001,44543,0,422,2935                    
2026-10-06T20:29:11.331	TEL,3954,S4,649888727,2001,44543,0,439,2935                    
2026-10-06T20:29:11.331	TEL,3955,S4,649898727,2001,44543,0,436,2932                    
2026-10-06T20:29:11.331	TEL,3956,S4,649908727,2001,44543,0,430,2932                    
2026-10-06T20:29:11.331	TEL,3957,S4,649918727,2001,44543,0,430,2932                    
2026-10-06T20:29:11.331	TEL,3958,S4,649928727,2001,44543,0,425,2932                    
2026-10-06T20:29:11.331	TEL,3959,S4,649938727,2001,44543,0,428,2933                    
2026-10-06T20:29:11.331	TEL,3960,S4,649948727,2001,44543,0,428,2933                    
2026-10-06T20:29:11.331	TEL,3961,S4,649958727,2001,44543,0,422,2928                    
2026-10-06T20:29:11.331	TEL,3962,S4,649968727,2001,44543,0,422,2928                    
2026-10-06T20:29:11.331	TEL,3963,S4,649978727,2001,44543,0,425,2932                    
2026-10-06T20:29:11.331	TEL,3964,S4,649988727,2001,44543,0,436,2932                    
2026-10-06T20:29:11.331	TEL,3965,S4,649998727,2001,44543,0,439,2935                    
2026-10-06T20:29:11.331	TEL,3966,S4,650008727,2001,44543,0,439,2935                    
2026-10-06T20:29:11.331	TEL,3967,S4,650018727,2001,44543,0,439,2935                    
2026-10-06T20:29:11.331	TEL,3968,S4,650028727,2001,44543,0,430,2935                    
2026-10-06T20:29:11.331	TEL,3969,S4,650038727,2001,44543,0,430,2935                    
2026-10-06T20:29:11.331	TEL,3970,S4,650048727,2001,44543,0,430,2935                    
2026-10-06T20:29:11.331	TEL,3971,S4,650058727,2001,44543,0,428,2932                    
2026-10-06T20:29:11.331	TEL,3972,S4,650068727,2001,44543,0,428,2932                    
2026-10-06T20:29:11.331	TEL,3973,S4,650078727,2001,44543,0,428,2932                    
2026-10-06T20:29:11.331	BTN,50,S4,PRESSED,650085159,650085166                          
2026-10-06T20:29:11.331	TEL,3974,S4,650088728,2003,44543,0,430,2932                    
2026-10-06T20:29:11.331	ACK,STOP,S4
2026-10-06T20:29:11.331	LOG,S4,1,615688892,615688899,615688908,615694319,615699872,ok
2026-10-06T20:29:11.331	LOG,S4,2,616207897,616208753,616208762,616208781,616214334,ok
2026-10-06T20:29:11.331	LOG,S4,3,616919903,616919910,616919919,616924319,616929872,ok
2026-10-06T20:29:11.331	LOG,S4,4,617810908,617810915,617810925,617814316,617819869,ok
2026-10-06T20:29:11.331	LOG,S4,5,618693914,618693921,618693930,618694321,618699874,ok
2026-10-06T20:29:11.621	LOG,S4,6,619242919,619242926,619242936,619244316,619249869,ok
2026-10-06T20:29:11.621	LOG,S4,7,620027925,620028753,620028762,620028781,620034332,ok
2026-10-06T20:29:11.621	LOG,S4,8,620880930,620880937,620880946,620884318,620889871,ok
2026-10-06T20:29:11.621	LOG,S4,9,621624935,621624943,621624952,621624972,621630524,ok
2026-10-06T20:29:11.621	LOG,S4,10,622313941,622313948,622313957,622314318,622319871,ok
2026-10-06T20:29:11.621	LOG,S4,11,623025946,623025954,623025963,623025983,623031534,ok
2026-10-06T20:29:11.621	LOG,S4,12,623559952,623559959,623559968,623564320,623569873,ok
2026-10-06T20:29:11.621	LOG,S4,13,624138957,624138964,624138974,624144319,624149872,ok
2026-10-06T20:29:11.621	LOG,S4,14,624848963,624848970,624848979,624854319,624859872,ok
2026-10-06T20:29:11.621	LOG,S4,15,625419968,625419975,625419985,625424317,625429870,ok
2026-10-06T20:29:11.621	LOG,S4,16,626314974,626314981,626314990,626315010,626320560,ok
2026-10-06T20:29:11.621	LOG,S4,17,626902979,626902986,626902996,626904315,626909868,ok
2026-10-06T20:29:11.622	LOG,S4,18,627661985,627661992,627662001,627664321,627669874,ok
2026-10-06T20:29:11.622	LOG,S4,19,628509990,628509997,628510007,628514321,628519874,ok
2026-10-06T20:29:11.622	LOG,S4,20,629396996,629398753,629398762,629398781,629404334,ok
2026-10-06T20:29:11.622	LOG,S4,21,630228001,630228753,630228762,630228781,630234332,ok
2026-10-06T20:29:11.622	LOG,S4,22,630800006,630800013,630800023,630804315,630809868,ok
2026-10-06T20:29:11.622	LOG,S4,23,631459012,631459019,631459028,631464316,631469869,ok
2026-10-06T20:29:11.622	LOG,S4,24,632132017,632132024,632132034,632134319,632139872,ok
2026-10-06T20:29:11.622	LOG,S4,25,632653023,632653030,632653039,632654319,632659872,ok
2026-10-06T20:29:11.622	LOG,S4,26,633197028,633198753,633198762,633198781,633204338,ok
2026-10-06T20:29:11.622	LOG,S4,27,633761033,633761041,633761050,633764319,633769872,ok
2026-10-06T20:29:11.622	LOG,S4,28,634301039,634301046,634301055,634304322,634309875,ok
2026-10-06T20:29:11.622	LOG,S4,29,634984044,634984052,634984061,634984317,634989870,ok
2026-10-06T20:29:11.622	LOG,S4,30,635871050,635871057,635871066,635874315,635879868,ok
2026-10-06T20:29:11.622	LOG,S4,31,636731055,636731063,636731072,636734317,636739870,ok
2026-10-06T20:29:11.622	LOG,S4,32,637374061,637374068,637374077,637374315,637379868,ok
2026-10-06T20:29:11.622	LOG,S4,33,637891066,637891073,637891083,637894315,637899868,ok
2026-10-06T20:29:11.622	LOG,S4,34,638701072,638701079,638701088,638704319,638709872,ok
2026-10-06T20:29:11.622	LOG,S4,35,639276077,639276084,639276094,639276114,639281664,ok
2026-10-06T20:29:11.622	LOG,S4,36,639982083,639982090,639982099,639984317,639989870,ok
2026-10-06T20:29:11.622	LOG,S4,37,640823088,640823095,640823105,640824316,640829869,ok
2026-10-06T20:29:11.622	LOG,S4,38,641634094,641634101,641634110,641634320,641639873,ok
2026-10-06T20:29:11.622	LOG,S4,39,642524099,642524106,642524116,642524317,642529870,ok
2026-10-06T20:29:11.622	LOG,S4,40,643114105,643114112,643114121,643114318,643119871,ok
2026-10-06T20:29:11.622	LOG,S4,41,643936110,643936117,643936127,643936146,643941696,ok
2026-10-06T20:29:11.622	LOG,S4,42,644794115,644794123,644794134,644794316,644799870,ok
2026-10-06T20:29:11.622	LOG,S4,43,645515121,645515128,645515138,645515157,645520711,ok
2026-10-06T20:29:11.622	LOG,S4,44,646083126,646083134,646083143,646084315,646089868,ok
2026-10-06T20:29:11.622	LOG,S4,45,646583132,646583139,646583149,646584321,646589874,ok
2026-10-06T20:29:11.622	LOG,S4,46,647413137,647413145,647413154,647414319,647419872,ok
2026-10-06T20:29:11.622	LOG,S4,47,648257143,648258753,648258762,648258781,648264335,ok
2026-10-06T20:29:11.622	LOG,S4,48,649007148,649008753,649008762,649008781,649014331,ok
2026-10-06T20:29:11.622	LOG,S4,49,649552153,649552161,649552170,649554319,649559872,ok
2026-10-06T20:29:11.622	LOG,S4,50,650085159,650085166,650085176,650085195,650090748,ok
2026-10-06T20:29:11.622	CNT,accepted,50
2026-10-06T20:29:11.622	CNT,logged,50
2026-10-06T20:29:11.622	CNT,bounce_rejected,0
2026-10-06T20:29:11.622	CNT,ignored,0
2026-10-06T20:29:11.622	CNT,btn_q_drop,0
2026-10-06T20:29:11.622	CNT,btn_tx_drop,0
2026-10-06T20:29:11.622	CNT,tel_sent,3974
2026-10-06T20:29:11.622	CNT,tel_tx_drop,0
2026-10-06T20:29:11.622	CNT,tx_error,0
2026-10-06T20:29:11.622	CNT,tx_timeout,0
2026-10-06T20:29:11.622	CNT,log_overflow,0
2026-10-06T20:29:11.622	CNT,fmt_error,0
2026-10-06T20:29:11.622	CNT,tel_period_min_us,9855
2026-10-06T20:29:11.622	CNT,tel_period_max_us,10000
2026-10-06T20:29:11.622	CNT,work_min_us,2001
2026-10-06T20:29:11.622	CNT,work_max_us,2007
2026-10-06T20:29:11.622	CNT,hwm_telemetry_w,187
2026-10-06T20:29:11.622	CNT,hwm_uarttx_w,265
2026-10-06T20:29:11.622	CNT,heap_free_min_b,17512
2026-10-06T20:29:11.622	INF,variant,B
2026-10-06T20:29:11.622	INF,source,INJ
2026-10-06T20:29:11.622	INF,events,50
2026-10-06T20:29:11.622	END,DUMP,S4
