# pc_rx_time yaln?zca bilgi ama?l?d?r; gecikme hesab?nda KULLANILMAZ.
2026-10-06T20:29:12.721	ACK,START,S5,B,INJ,50
2026-10-06T20:29:13.339	TEL,1,S5,651514873,5003,21844,0,433,2933                       
2026-10-06T20:29:13.339	TEL,2,S5,651524733,5008,21844,0,436,2933                       
2026-10-06T20:29:13.339	TEL,3,S5,651534732,5008,21844,0,442,2939                       
2026-10-06T20:29:13.339	TEL,4,S5,651544732,5008,21844,0,422,2939                       
2026-10-06T20:29:13.339	TEL,5,S5,651554732,5008,21844,0,419,2935                       
2026-10-06T20:29:13.339	TEL,6,S5,651564732,5008,21844,0,425,2935                       
2026-10-06T20:29:13.339	TEL,7,S5,651574732,5008,21844,0,422,2933                       
2026-10-06T20:29:13.339	TEL,8,S5,651584732,5008,21844,0,428,2933                       
2026-10-06T20:29:13.339	TEL,9,S5,651594732,5008,21844,0,428,2933                       
2026-10-06T20:29:13.339	TEL,10,S5,651604733,5008,21844,0,428,2933                      
2026-10-06T20:29:13.339	TEL,11,S5,651614733,5008,21844,0,425,2932                      
2026-10-06T20:29:13.339	TEL,12,S5,651624733,5008,21844,0,419,2932                      
2026-10-06T20:29:13.339	TEL,13,S5,651634733,5008,21844,0,425,2935                      
2026-10-06T20:29:13.339	TEL,14,S5,651644733,5008,21844,0,433,2935                      
2026-10-06T20:29:13.339	TEL,15,S5,651654733,5008,21844,0,433,2933                      
2026-10-06T20:29:13.339	TEL,16,S5,651664733,5008,21844,0,416,2933                      
2026-10-06T20:29:13.339	TEL,17,S5,651674733,5008,21844,0,413,2928                      
2026-10-06T20:29:13.339	TEL,18,S5,651684733,5008,21844,0,416,2928                      
2026-10-06T20:29:13.339	TEL,19,S5,651694733,5008,21844,0,416,2928                      
2026-10-06T20:29:13.339	TEL,20,S5,651704733,5008,21844,0,428,2928                      
2026-10-06T20:29:13.339	TEL,21,S5,651714733,5008,21844,0,433,2935                      
2026-10-06T20:29:13.339	TEL,22,S5,651724733,5008,21844,0,425,2935                      
2026-10-06T20:29:13.339	TEL,23,S5,651734733,5008,21844,0,419,2932                      
2026-10-06T20:29:13.339	TEL,24,S5,651744733,5008,21844,0,430,2932                      
2026-10-06T20:29:13.339	TEL,25,S5,651754733,5008,21844,0,430,2932                      
2026-10-06T20:29:13.339	TEL,26,S5,651764733,5008,21844,0,436,2932                      
2026-10-06T20:29:13.339	TEL,27,S5,651774733,5008,21844,0,439,2935                      
2026-10-06T20:29:13.339	TEL,28,S5,651784733,5008,21844,0,428,2935                      
2026-10-06T20:29:13.339	TEL,29,S5,651794733,5008,21844,0,422,2928                      
2026-10-06T20:29:13.339	TEL,30,S5,651804733,5008,21844,0,433,2928                      
2026-10-06T20:29:13.339	TEL,31,S5,651814733,5008,21844,0,436,2932                      
2026-10-06T20:29:13.339	TEL,32,S5,651824733,5008,21844,0,425,2932                      
2026-10-06T20:29:13.339	TEL,33,S5,651834733,5008,21844,0,428,2935                      
2026-10-06T20:29:13.339	TEL,34,S5,651844733,5008,21844,0,425,2935                      
2026-10-06T20:29:13.339	TEL,35,S5,651854733,5008,21844,0,416,2928                      
2026-10-06T20:29:13.339	TEL,36,S5,651864733,5008,21844,0,433,2928                      
2026-10-06T20:29:13.339	TEL,37,S5,651874733,5008,21844,0,436,2932                      
2026-10-06T20:29:13.339	TEL,38,S5,651884733,5008,21844,0,430,2932                      
2026-10-06T20:29:13.339	TEL,39,S5,651894733,5008,21844,0,436,2939                      
2026-10-06T20:29:13.339	TEL,40,S5,651904733,5008,21844,0,433,2939                      
2026-10-06T20:29:13.339	TEL,41,S5,651914733,5008,21844,0,428,2935                      
2026-10-06T20:29:13.339	TEL,42,S5,651924733,5008,21844,0,439,2935                      
2026-10-06T20:29:13.339	TEL,43,S5,651934733,5008,21844,0,433,2928                      
2026-10-06T20:29:13.339	TEL,44,S5,651944733,5008,21844,0,416,2928                      
2026-10-06T20:29:13.339	TEL,45,S5,651954733,5008,21844,0,419,2932                      
2026-10-06T20:29:13.339	TEL,46,S5,651964733,5008,21844,0,416,2932                      
2026-10-06T20:29:13.339	TEL,47,S5,651974733,5008,21844,0,416,2932                      
2026-10-06T20:29:13.339	TEL,48,S5,651984733,5008,21844,0,430,2932                      
2026-10-06T20:29:13.339	TEL,49,S5,651994733,5008,21844,0,433,2935                      
2026-10-06T20:29:13.339	TEL,50,S5,652004733,5008,21844,0,428,2935                      
2026-10-06T20:29:13.339	TEL,51,S5,652014733,5008,21844,0,422,2928                      
2026-10-06T20:29:13.339	TEL,52,S5,652024733,5008,21844,0,422,2928                      
2026-10-06T20:29:13.339	TEL,53,S5,652034733,5008,21844,0,428,2933                      
2026-10-06T20:29:13.339	TEL,54,S5,652044733,5008,21844,0,428,2933                      
2026-10-06T20:29:13.339	TEL,55,S5,652054733,5008,21844,0,425,2932                      
2026-10-06T20:29:13.339	TEL,56,S5,652064733,5008,21844,0,419,2932                      
2026-10-06T20:29:13.339	TEL,57,S5,652074733,5008,21844,0,419,2932                      
2026-10-06T20:29:13.339	TEL,58,S5,652084733,5008,21844,0,419,2932                      
2026-10-06T20:29:13.339	TEL,59,S5,652094733,5008,21844,0,425,2935                      
2026-10-06T20:29:13.339	TEL,60,S5,652104733,5008,21844,0,428,2935                      
2026-10-06T20:29:13.339	TEL,61,S5,652114733,5008,21844,0,422,2928                      
2026-10-06T20:29:13.339	TEL,62,S5,652124733,5008,21844,0,433,2928                      
2026-10-06T20:29:13.960	TEL,63,S5,652134733,5008,21844,0,436,2932                      
2026-10-06T20:29:13.960	TEL,64,S5,652144733,5008,21844,0,425,2932                      
2026-10-06T20:29:13.960	TEL,65,S5,652154733,5008,21844,0,425,2932                      
2026-10-06T20:29:13.960	TEL,66,S5,652164733,5008,21844,0,425,2932                      
2026-10-06T20:29:13.960	TEL,67,S5,652174733,5008,21844,0,428,2935                      
2026-10-06T20:29:13.960	TEL,68,S5,652184733,5008,21844,0,439,2935                      
2026-10-06T20:29:13.960	TEL,69,S5,652194733,5008,21844,0,439,2935                      
2026-10-06T20:29:13.960	TEL,70,S5,652204733,5008,21844,0,428,2935                      
2026-10-06T20:29:13.960	TEL,71,S5,652214733,5008,21844,0,425,2932                      
2026-10-06T20:29:13.960	TEL,72,S5,652224733,5008,21844,0,436,2932                      
2026-10-06T20:29:13.960	TEL,73,S5,652234733,5008,21844,0,436,2932                      
2026-10-06T20:29:13.960	TEL,74,S5,652244733,5008,21844,0,419,2932                      
2026-10-06T20:29:13.960	TEL,75,S5,652254733,5008,21844,0,425,2935                      
2026-10-06T20:29:13.960	TEL,76,S5,652264733,5008,21844,0,439,2935                      
2026-10-06T20:29:13.960	TEL,77,S5,652274733,5008,21844,0,436,2932                      
2026-10-06T20:29:13.960	TEL,78,S5,652284733,5008,21844,0,425,2932                      
2026-10-06T20:29:13.960	TEL,79,S5,652294733,5008,21844,0,422,2928                      
2026-10-06T20:29:13.960	TEL,80,S5,652304733,5008,21844,0,416,2928                      
2026-10-06T20:29:13.960	TEL,81,S5,652314733,5008,21844,0,425,2935                      
2026-10-06T20:29:13.960	TEL,82,S5,652324733,5008,21844,0,433,2935                      
2026-10-06T20:29:13.960	TEL,83,S5,652334733,5008,21844,0,430,2932                      
2026-10-06T20:29:13.960	TEL,84,S5,652344733,5008,21844,0,430,2932                      
2026-10-06T20:29:13.960	TEL,85,S5,652354733,5008,21844,0,430,2932                      
2026-10-06T20:29:13.960	TEL,86,S5,652364733,5008,21844,0,425,2932                      
2026-10-06T20:29:13.960	TEL,87,S5,652374733,5008,21844,0,430,2937                      
2026-10-06T20:29:13.960	TEL,88,S5,652384733,5008,21844,0,442,2937                      
2026-10-06T20:29:13.960	TEL,89,S5,652394733,5008,21844,0,436,2932                      
2026-10-06T20:29:13.960	TEL,90,S5,652404733,5008,21844,0,422,2932                      
2026-10-06T20:29:13.960	TEL,91,S5,652414733,5008,21844,0,419,2928                      
2026-10-06T20:29:13.960	TEL,92,S5,652424733,5008,21844,0,422,2928                      
2026-10-06T20:29:13.960	TEL,93,S5,652434733,5008,21844,0,422,2928                      
2026-10-06T20:29:13.960	TEL,94,S5,652444733,5008,21844,0,428,2928                      
2026-10-06T20:29:13.960	TEL,95,S5,652454733,5008,21844,0,430,2932                      
2026-10-06T20:29:13.960	TEL,96,S5,652464733,5008,21844,0,425,2932                      
2026-10-06T20:29:13.960	TEL,97,S5,652474733,5008,21844,0,425,2932                      
2026-10-06T20:29:13.960	TEL,98,S5,652484733,5008,21844,0,422,2932                      
2026-10-06T20:29:13.960	TEL,99,S5,652494733,5008,21844,0,422,2932                      
2026-10-06T20:29:13.960	TEL,100,S5,652504733,5008,21844,0,425,2932                     
2026-10-06T20:29:13.960	TEL,101,S5,652514733,5008,21844,0,428,2933                     
2026-10-06T20:29:13.960	TEL,102,S5,652524733,5008,21844,0,430,2933                     
2026-10-06T20:29:13.960	TEL,103,S5,652534733,5008,21844,0,430,2933                     
2026-10-06T20:29:13.960	TEL,104,S5,652544733,5008,21844,0,430,2933                     
2026-10-06T20:29:13.960	TEL,105,S5,652554733,5008,21844,0,433,2937                     
2026-10-06T20:29:13.960	TEL,106,S5,652564733,5008,21844,0,430,2937                     
2026-10-06T20:29:13.960	TEL,107,S5,652574733,5008,21844,0,428,2933                     
2026-10-06T20:29:13.960	TEL,108,S5,652584733,5008,21844,0,433,2933                     
2026-10-06T20:29:13.960	TEL,109,S5,652594733,5008,21844,0,433,2933                     
2026-10-06T20:29:13.960	TEL,110,S5,652604733,5008,21844,0,430,2933                     
2026-10-06T20:29:13.960	TEL,111,S5,652614733,5008,21844,0,430,2933                     
2026-10-06T20:29:13.960	TEL,112,S5,652624733,5008,21844,0,430,2933                     
2026-10-06T20:29:13.960	TEL,113,S5,652634733,5008,21844,0,433,2937                     
2026-10-06T20:29:13.960	TEL,114,S5,652644733,5008,21844,0,439,2937                     
2026-10-06T20:29:13.960	TEL,115,S5,652654733,5008,21844,0,439,2937                     
2026-10-06T20:29:13.960	TEL,116,S5,652664733,5008,21844,0,430,2937                     
2026-10-06T20:29:13.960	TEL,117,S5,652674733,5008,21844,0,428,2933                     
2026-10-06T20:29:13.960	TEL,118,S5,652684733,5008,21844,0,428,2933                     
2026-10-06T20:29:13.960	TEL,119,S5,652694733,5008,21844,0,428,2933                     
2026-10-06T20:29:13.960	TEL,120,S5,652704733,5008,21844,0,430,2933                     
2026-10-06T20:29:13.960	TEL,121,S5,652714733,5008,21844,0,430,2933                     
2026-10-06T20:29:13.960	TEL,122,S5,652724733,5008,21844,0,428,2933                     
2026-10-06T20:29:13.960	TEL,123,S5,652734733,5008,21844,0,428,2933                     
2026-10-06T20:29:13.960	TEL,124,S5,652744733,5008,21844,0,428,2933                     
2026-10-06T20:29:14.579	TEL,125,S5,652754733,5008,21844,0,428,2933                     
2026-10-06T20:29:14.579	TEL,126,S5,652764733,5008,21844,0,419,2933                     
2026-10-06T20:29:14.579	TEL,127,S5,652774733,5008,21844,0,419,2933                     
2026-10-06T20:29:14.579	TEL,128,S5,652784733,5008,21844,0,430,2933                     
2026-10-06T20:29:14.579	TEL,129,S5,652794733,5008,21844,0,422,2927                     
2026-10-06T20:29:14.579	TEL,130,S5,652804733,5008,21844,0,422,2927                     
2026-10-06T20:29:14.579	TEL,131,S5,652814733,5008,21844,0,428,2933                     
2026-10-06T20:29:14.579	TEL,132,S5,652824733,5008,21844,0,430,2933                     
2026-10-06T20:29:14.579	TEL,133,S5,652834733,5008,21844,0,433,2937                     
2026-10-06T20:29:14.579	TEL,134,S5,652844733,5008,21844,0,433,2937                     
2026-10-06T20:29:14.579	TEL,135,S5,652854733,5008,21844,0,430,2935                     
2026-10-06T20:29:14.579	TEL,136,S5,652864733,5008,21844,0,428,2935                     
2026-10-06T20:29:14.579	TEL,137,S5,652874733,5008,21844,0,428,2933                     
2026-10-06T20:29:14.579	TEL,138,S5,652884733,5008,21844,0,433,2933                     
2026-10-06T20:29:14.579	TEL,139,S5,652894733,5008,21844,0,433,2933                     
2026-10-06T20:29:14.579	TEL,140,S5,652904733,5008,21844,0,430,2933                     
2026-10-06T20:29:14.579	TEL,141,S5,652914733,5008,21844,0,433,2937                     
2026-10-06T20:29:14.579	TEL,142,S5,652924733,5008,21844,0,422,2937                     
2026-10-06T20:29:14.579	TEL,143,S5,652934733,5008,21844,0,419,2933                     
2026-10-06T20:29:14.579	TEL,144,S5,652944733,5008,21844,0,430,2933                     
2026-10-06T20:29:14.579	TEL,145,S5,652954733,5008,21844,0,433,2937                     
2026-10-06T20:29:14.579	TEL,146,S5,652964733,5008,21844,0,419,2937                     
2026-10-06T20:29:14.579	TEL,147,S5,652974733,5008,21844,0,410,2930                     
2026-10-06T20:29:14.579	TEL,148,S5,652984733,5008,21844,0,428,2930                     
2026-10-06T20:29:14.579	TEL,149,S5,652994733,5008,21844,0,430,2933                     
2026-10-06T20:29:14.579	TEL,150,S5,653004733,5008,21844,0,430,2933                     
2026-10-06T20:29:14.579	TEL,151,S5,653014733,5008,21844,0,428,2932                     
2026-10-06T20:29:14.579	TEL,152,S5,653024733,5008,21844,0,428,2932                     
2026-10-06T20:29:14.579	TEL,153,S5,653034733,5008,21844,0,430,2933                     
2026-10-06T20:29:14.579	TEL,154,S5,653044733,5008,21844,0,425,2933                     
2026-10-06T20:29:14.579	TEL,155,S5,653054733,5008,21844,0,425,2933                     
2026-10-06T20:29:14.579	TEL,156,S5,653064733,5008,21844,0,430,2933                     
2026-10-06T20:29:14.579	TEL,157,S5,653074733,5008,21844,0,433,2937                     
2026-10-06T20:29:14.579	TEL,158,S5,653084733,5008,21844,0,430,2937                     
2026-10-06T20:29:14.579	TEL,159,S5,653094733,5008,21844,0,428,2933                     
2026-10-06T20:29:14.579	TEL,160,S5,653104733,5008,21844,0,428,2933                     
2026-10-06T20:29:14.579	TEL,161,S5,653114733,5008,21844,0,430,2937                     
2026-10-06T20:29:14.579	TEL,162,S5,653124733,5008,21844,0,428,2937                     
2026-10-06T20:29:14.579	TEL,163,S5,653134733,5008,21844,0,428,2937                     
2026-10-06T20:29:14.579	TEL,164,S5,653144733,5008,21844,0,433,2937                     
2026-10-06T20:29:14.579	TEL,165,S5,653154733,5008,21844,0,430,2933                     
2026-10-06T20:29:14.579	TEL,166,S5,653164733,5008,21844,0,430,2933                     
2026-10-06T20:29:14.579	TEL,167,S5,653174733,5008,21844,0,433,2937                     
2026-10-06T20:29:14.579	TEL,168,S5,653184733,5008,21844,0,433,2937                     
2026-10-06T20:29:14.579	TEL,169,S5,653194733,5008,21844,0,428,2930                     
2026-10-06T20:29:14.579	TEL,170,S5,653204733,5008,21844,0,425,2930                     
2026-10-06T20:29:14.579	TEL,171,S5,653214733,5008,21844,0,430,2937                     
2026-10-06T20:29:14.579	TEL,172,S5,653224733,5008,21844,0,430,2937                     
2026-10-06T20:29:14.579	TEL,173,S5,653234733,5008,21844,0,430,2937                     
2026-10-06T20:29:14.579	TEL,174,S5,653244733,5008,21844,0,439,2937                     
2026-10-06T20:29:14.579	TEL,175,S5,653254733,5008,21844,0,442,2941                     
2026-10-06T20:29:14.579	TEL,176,S5,653264733,5008,21844,0,436,2941                     
2026-10-06T20:29:14.579	TEL,177,S5,653274733,5008,21844,0,433,2937                     
2026-10-06T20:29:14.579	TEL,178,S5,653284733,5008,21844,0,433,2937                     
2026-10-06T20:29:14.579	TEL,179,S5,653294733,5008,21844,0,430,2933                     
2026-10-06T20:29:14.579	TEL,180,S5,653304733,5008,21844,0,428,2933                     
2026-10-06T20:29:14.579	TEL,181,S5,653314733,5008,21844,0,428,2933                     
2026-10-06T20:29:14.579	TEL,182,S5,653324733,5008,21844,0,428,2933                     
2026-10-06T20:29:14.579	TEL,183,S5,653334733,5008,21844,0,430,2937                     
2026-10-06T20:29:14.579	TEL,184,S5,653344733,5008,21844,0,430,2937                     
2026-10-06T20:29:14.579	TEL,185,S5,653354733,5008,21844,0,430,2937                     
2026-10-06T20:29:14.579	TEL,186,S5,653364733,5008,21844,0,433,2937                     
2026-10-06T20:29:15.199	TEL,187,S5,653374733,5008,21844,0,430,2933                     
2026-10-06T20:29:15.199	TEL,188,S5,653384733,5008,21844,0,428,2933                     
2026-10-06T20:29:15.199	TEL,189,S5,653394733,5008,21844,0,428,2933                     
2026-10-06T20:29:15.199	TEL,190,S5,653404733,5008,21844,0,425,2933                     
2026-10-06T20:29:15.199	TEL,191,S5,653414733,5008,21844,0,428,2937                     
2026-10-06T20:29:15.199	TEL,192,S5,653424733,5008,21844,0,430,2937                     
2026-10-06T20:29:15.199	TEL,193,S5,653434733,5008,21844,0,428,2933                     
2026-10-06T20:29:15.199	TEL,194,S5,653444733,5008,21844,0,428,2933                     
2026-10-06T20:29:15.199	TEL,195,S5,653454733,5008,21844,0,428,2933                     
2026-10-06T20:29:15.199	TEL,196,S5,653464733,5008,21844,0,430,2933                     
2026-10-06T20:29:15.199	TEL,197,S5,653474733,5008,21844,0,433,2937                     
2026-10-06T20:29:15.199	TEL,198,S5,653484733,5008,21844,0,430,2937                     
2026-10-06T20:29:15.199	TEL,199,S5,653494733,5008,21844,0,428,2933                     
2026-10-06T20:29:15.199	TEL,200,S5,653504733,5008,21844,0,430,2933                     
2026-10-06T20:29:15.199	TEL,201,S5,653514733,5008,21844,0,428,2930                     
2026-10-06T20:29:15.199	TEL,202,S5,653524733,5008,21844,0,425,2930                     
2026-10-06T20:29:15.199	TEL,203,S5,653534733,5008,21844,0,428,2933                     
2026-10-06T20:29:15.199	TEL,204,S5,653544733,5008,21844,0,425,2933                     
2026-10-06T20:29:15.199	TEL,205,S5,653554733,5008,21844,0,428,2937                     
2026-10-06T20:29:15.199	TEL,206,S5,653564733,5008,21844,0,439,2937                     
2026-10-06T20:29:15.199	TEL,207,S5,653574733,5008,21844,0,430,2930                     
2026-10-06T20:29:15.199	TEL,208,S5,653584733,5008,21844,0,436,2930                     
2026-10-06T20:29:15.199	TEL,209,S5,653594733,5008,21844,0,442,2937                     
2026-10-06T20:29:15.199	TEL,210,S5,653604733,5008,21844,0,430,2937                     
2026-10-06T20:29:15.199	TEL,211,S5,653614733,5008,21844,0,425,2932                     
2026-10-06T20:29:15.199	TEL,212,S5,653624733,5008,21844,0,428,2932                     
2026-10-06T20:29:15.199	TEL,213,S5,653634733,5008,21844,0,430,2933                     
2026-10-06T20:29:15.199	TEL,214,S5,653644733,5008,21844,0,428,2933                     
2026-10-06T20:29:15.199	TEL,215,S5,653654733,5008,21844,0,430,2937                     
2026-10-06T20:29:15.199	TEL,216,S5,653664733,5008,21844,0,428,2937                     
2026-10-06T20:29:15.199	TEL,217,S5,653674733,5008,21844,0,425,2933                     
2026-10-06T20:29:15.199	TEL,218,S5,653684733,5008,21844,0,428,2933                     
2026-10-06T20:29:15.199	TEL,219,S5,653694733,5008,21844,0,428,2933                     
2026-10-06T20:29:15.199	TEL,220,S5,653704733,5008,21844,0,419,2933                     
2026-10-06T20:29:15.199	TEL,221,S5,653714733,5008,21844,0,422,2937                     
2026-10-06T20:29:15.199	TEL,222,S5,653724733,5008,21844,0,430,2937                     
2026-10-06T20:29:15.199	TEL,223,S5,653734733,5008,21844,0,430,2937                     
2026-10-06T20:29:15.199	TEL,224,S5,653744733,5008,21844,0,433,2937                     
2026-10-06T20:29:15.199	TEL,225,S5,653754733,5008,21844,0,433,2937                     
2026-10-06T20:29:15.199	TEL,226,S5,653764733,5008,21844,0,430,2937                     
2026-10-06T20:29:15.199	TEL,227,S5,653774733,5008,21844,0,430,2937                     
2026-10-06T20:29:15.199	TEL,228,S5,653784733,5008,21844,0,430,2937                     
2026-10-06T20:29:15.199	TEL,229,S5,653794733,5008,21844,0,428,2933                     
2026-10-06T20:29:15.199	TEL,230,S5,653804733,5008,21844,0,428,2933                     
2026-10-06T20:29:15.199	TEL,231,S5,653814733,5008,21844,0,428,2933                     
2026-10-06T20:29:15.199	TEL,232,S5,653824733,5008,21844,0,433,2933                     
2026-10-06T20:29:15.199	TEL,233,S5,653834733,5008,21844,0,439,2937                     
2026-10-06T20:29:15.199	TEL,234,S5,653844733,5008,21844,0,433,2937                     
2026-10-06T20:29:15.199	TEL,235,S5,653854733,5008,21844,0,430,2933                     
2026-10-06T20:29:15.199	TEL,236,S5,653864733,5008,21844,0,428,2933                     
2026-10-06T20:29:15.199	TEL,237,S5,653874733,5008,21844,0,428,2933                     
2026-10-06T20:29:15.199	TEL,238,S5,653884733,5008,21844,0,430,2933                     
2026-10-06T20:29:15.199	TEL,239,S5,653894733,5008,21844,0,430,2933                     
2026-10-06T20:29:15.199	TEL,240,S5,653904733,5008,21844,0,428,2933                     
2026-10-06T20:29:15.199	TEL,241,S5,653914733,5008,21844,0,422,2927                     
2026-10-06T20:29:15.199	TEL,242,S5,653924733,5008,21844,0,425,2927                     
2026-10-06T20:29:15.199	TEL,243,S5,653934733,5008,21844,0,428,2930                     
2026-10-06T20:29:15.199	TEL,244,S5,653944733,5008,21844,0,428,2930                     
2026-10-06T20:29:15.199	TEL,245,S5,653954733,5008,21844,0,430,2933                     
2026-10-06T20:29:15.199	TEL,246,S5,653964733,5008,21844,0,419,2933                     
2026-10-06T20:29:15.199	TEL,247,S5,653974733,5008,21844,0,422,2937                     
2026-10-06T20:29:15.199	TEL,248,S5,653984733,5008,21844,0,433,2937                     
2026-10-06T20:29:15.819	TEL,249,S5,653994733,5008,21844,0,430,2933                     
2026-10-06T20:29:15.819	TEL,250,S5,654004733,5008,21844,0,419,2933                     
2026-10-06T20:29:15.819	TEL,251,S5,654014733,5008,21844,0,419,2932                     
2026-10-06T20:29:15.819	TEL,252,S5,654024733,5008,21844,0,425,2932                     
2026-10-06T20:29:15.819	TEL,253,S5,654034733,5008,21844,0,428,2933                     
2026-10-06T20:29:15.819	TEL,254,S5,654044733,5008,21844,0,430,2933                     
2026-10-06T20:29:15.819	TEL,255,S5,654054733,5008,21844,0,433,2937                     
2026-10-06T20:29:15.819	TEL,256,S5,654064733,5008,21844,0,422,2937                     
2026-10-06T20:29:15.819	TEL,257,S5,654074733,5008,21844,0,419,2933                     
2026-10-06T20:29:15.819	TEL,258,S5,654084733,5008,21844,0,419,2933                     
2026-10-06T20:29:15.819	TEL,259,S5,654094733,5008,21844,0,422,2937                     
2026-10-06T20:29:15.819	TEL,260,S5,654104733,5008,21844,0,425,2937                     
2026-10-06T20:29:15.819	TEL,261,S5,654114733,5008,21844,0,422,2933                     
2026-10-06T20:29:15.819	TEL,262,S5,654124733,5008,21844,0,428,2933                     
2026-10-06T20:29:15.819	TEL,263,S5,654134733,5008,21844,0,430,2937                     
2026-10-06T20:29:15.819	TEL,264,S5,654144733,5008,21844,0,430,2937                     
2026-10-06T20:29:15.819	TEL,265,S5,654154733,5008,21844,0,428,2933                     
2026-10-06T20:29:15.819	TEL,266,S5,654164733,5008,21844,0,428,2933                     
2026-10-06T20:29:15.819	TEL,267,S5,654174733,5008,21844,0,428,2933                     
2026-10-06T20:29:15.819	TEL,268,S5,654184733,5008,21844,0,430,2933                     
2026-10-06T20:29:15.819	TEL,269,S5,654194733,5008,21844,0,433,2937                     
2026-10-06T20:29:15.819	TEL,270,S5,654204733,5008,21844,0,428,2937                     
2026-10-06T20:29:15.819	TEL,271,S5,654214733,5008,21844,0,425,2933                     
2026-10-06T20:29:15.819	TEL,272,S5,654224733,5008,21844,0,425,2933                     
2026-10-06T20:29:15.819	TEL,273,S5,654234733,5008,21844,0,425,2933                     
2026-10-06T20:29:15.819	TEL,274,S5,654244733,5008,21844,0,419,2933                     
2026-10-06T20:29:15.819	TEL,275,S5,654254733,5008,21844,0,425,2941                     
2026-10-06T20:29:15.819	TEL,276,S5,654264733,5008,21844,0,436,2941                     
2026-10-06T20:29:15.819	TEL,277,S5,654274733,5008,21844,0,433,2937                     
2026-10-06T20:29:15.819	TEL,278,S5,654284733,5008,21844,0,428,2937                     
2026-10-06T20:29:15.819	TEL,279,S5,654294733,5008,21844,0,425,2933                     
2026-10-06T20:29:15.819	TEL,280,S5,654304733,5008,21844,0,428,2933                     
2026-10-06T20:29:15.819	TEL,281,S5,654314733,5008,21844,0,428,2933                     
2026-10-06T20:29:15.819	TEL,282,S5,654324733,5008,21844,0,433,2933                     
2026-10-06T20:29:15.819	TEL,283,S5,654334733,5008,21844,0,442,2941                     
2026-10-06T20:29:15.819	TEL,284,S5,654344733,5008,21844,0,436,2941                     
2026-10-06T20:29:15.819	TEL,285,S5,654354733,5008,21844,0,433,2937                     
2026-10-06T20:29:15.819	TEL,286,S5,654364733,5008,21844,0,428,2937                     
2026-10-06T20:29:15.819	TEL,287,S5,654374733,5008,21844,0,428,2937                     
2026-10-06T20:29:15.819	TEL,288,S5,654384733,5008,21844,0,430,2937                     
2026-10-06T20:29:15.819	TEL,289,S5,654394733,5008,21844,0,430,2937                     
2026-10-06T20:29:15.819	TEL,290,S5,654404733,5008,21844,0,428,2937                     
2026-10-06T20:29:15.819	TEL,291,S5,654414733,5008,21844,0,428,2937                     
2026-10-06T20:29:15.819	TEL,292,S5,654424733,5008,21844,0,439,2937                     
2026-10-06T20:29:15.819	TEL,293,S5,654434733,5008,21844,0,433,2933                     
2026-10-06T20:29:15.819	TEL,294,S5,654444733,5008,21844,0,428,2933                     
2026-10-06T20:29:15.819	TEL,295,S5,654454733,5008,21844,0,425,2930                     
2026-10-06T20:29:15.819	TEL,296,S5,654464733,5008,21844,0,425,2930                     
2026-10-06T20:29:15.819	TEL,297,S5,654474733,5008,21844,0,430,2937                     
2026-10-06T20:29:15.819	TEL,298,S5,654484733,5008,21844,0,430,2937                     
2026-10-06T20:29:15.819	TEL,299,S5,654494733,5008,21844,0,425,2930                     
2026-10-06T20:29:15.819	TEL,300,S5,654504733,5008,21844,0,425,2930                     
2026-10-06T20:29:15.819	TEL,301,S5,654514733,5008,21844,0,425,2930                     
2026-10-06T20:29:15.819	TEL,302,S5,654524733,5008,21844,0,428,2930                     
2026-10-06T20:29:15.819	TEL,303,S5,654534733,5008,21844,0,433,2937                     
2026-10-06T20:29:15.819	TEL,304,S5,654544733,5008,21844,0,442,2937                     
2026-10-06T20:29:15.819	TEL,305,S5,654554733,5008,21844,0,439,2933                     
2026-10-06T20:29:15.819	TEL,306,S5,654564733,5008,21844,0,430,2933                     
2026-10-06T20:29:15.819	TEL,307,S5,654574733,5008,21844,0,428,2930                     
2026-10-06T20:29:15.819	TEL,308,S5,654584733,5008,21844,0,416,2930                     
2026-10-06T20:29:15.819	TEL,309,S5,654594733,5008,21844,0,416,2930                     
2026-10-06T20:29:15.819	TEL,310,S5,654604733,5008,21844,0,428,2930                     
2026-10-06T20:29:16.439	TEL,311,S5,654614733,5008,21844,0,433,2937                     
2026-10-06T20:29:16.439	TEL,312,S5,654624733,5008,21844,0,430,2937                     
2026-10-06T20:29:16.439	TEL,313,S5,654634733,5008,21844,0,428,2933                     
2026-10-06T20:29:16.439	TEL,314,S5,654644733,5008,21844,0,433,2933                     
2026-10-06T20:29:16.439	TEL,315,S5,654654733,5008,21844,0,436,2937                     
2026-10-06T20:29:16.439	TEL,316,S5,654664733,5008,21844,0,430,2937                     
2026-10-06T20:29:16.439	TEL,317,S5,654674733,5008,21844,0,428,2933                     
2026-10-06T20:29:16.439	TEL,318,S5,654684733,5008,21844,0,419,2933                     
2026-10-06T20:29:16.439	TEL,319,S5,654694733,5008,21844,0,422,2937                     
2026-10-06T20:29:16.439	TEL,320,S5,654704733,5008,21844,0,433,2937                     
2026-10-06T20:29:16.439	TEL,321,S5,654714733,5008,21844,0,428,2930                     
2026-10-06T20:29:16.439	TEL,322,S5,654724733,5008,21844,0,425,2930                     
2026-10-06T20:29:16.439	TEL,323,S5,654734733,5008,21844,0,430,2937                     
2026-10-06T20:29:16.439	TEL,324,S5,654744733,5008,21844,0,430,2937                     
2026-10-06T20:29:16.439	TEL,325,S5,654754733,5008,21844,0,428,2933                     
2026-10-06T20:29:16.439	TEL,326,S5,654764733,5008,21844,0,428,2933                     
2026-10-06T20:29:16.439	TEL,327,S5,654774733,5008,21844,0,428,2933                     
2026-10-06T20:29:16.439	TEL,328,S5,654784733,5008,21844,0,428,2933                     
2026-10-06T20:29:16.439	TEL,329,S5,654794733,5008,21844,0,428,2933                     
2026-10-06T20:29:16.439	TEL,330,S5,654804733,5008,21844,0,433,2933                     
2026-10-06T20:29:16.439	TEL,331,S5,654814733,5008,21844,0,430,2930                     
2026-10-06T20:29:16.439	TEL,332,S5,654824733,5008,21844,0,425,2930                     
2026-10-06T20:29:16.439	TEL,333,S5,654834733,5008,21844,0,430,2937                     
2026-10-06T20:29:16.439	TEL,334,S5,654844733,5008,21844,0,430,2937                     
2026-10-06T20:29:16.439	TEL,335,S5,654854733,5008,21844,0,428,2933                     
2026-10-06T20:29:16.439	TEL,336,S5,654864733,5008,21844,0,428,2933                     
2026-10-06T20:29:16.439	TEL,337,S5,654874733,5008,21844,0,430,2937                     
2026-10-06T20:29:16.439	TEL,338,S5,654884733,5008,21844,0,422,2937                     
2026-10-06T20:29:16.439	TEL,339,S5,654894733,5008,21844,0,422,2937                     
2026-10-06T20:29:16.439	TEL,340,S5,654904733,5008,21844,0,422,2937                     
2026-10-06T20:29:16.439	TEL,341,S5,654914733,5008,21844,0,419,2933                     
2026-10-06T20:29:16.439	TEL,342,S5,654924733,5008,21844,0,428,2933                     
2026-10-06T20:29:16.439	TEL,343,S5,654934733,5008,21844,0,428,2933                     
2026-10-06T20:29:16.439	TEL,344,S5,654944733,5008,21844,0,428,2933                     
2026-10-06T20:29:16.439	TEL,345,S5,654954733,5008,21844,0,425,2930                     
2026-10-06T20:29:16.439	TEL,346,S5,654964733,5008,21844,0,416,2930                     
2026-10-06T20:29:16.439	TEL,347,S5,654974733,5008,21844,0,422,2937                     
2026-10-06T20:29:16.439	TEL,348,S5,654984733,5008,21844,0,430,2937                     
2026-10-06T20:29:16.439	TEL,349,S5,654994733,5008,21844,0,430,2937                     
2026-10-06T20:29:16.439	TEL,350,S5,655004733,5008,21844,0,436,2937                     
2026-10-06T20:29:16.439	TEL,351,S5,655014733,5008,21844,0,428,2930                     
2026-10-06T20:29:16.439	TEL,352,S5,655024733,5008,21844,0,428,2930                     
2026-10-06T20:29:16.439	TEL,353,S5,655034733,5008,21844,0,430,2933                     
2026-10-06T20:29:16.439	TEL,354,S5,655044733,5008,21844,0,428,2933                     
2026-10-06T20:29:16.439	TEL,355,S5,655054733,5008,21844,0,430,2937                     
2026-10-06T20:29:16.439	TEL,356,S5,655064733,5008,21844,0,439,2937                     
2026-10-06T20:29:16.439	TEL,357,S5,655074733,5008,21844,0,439,2937                     
2026-10-06T20:29:16.439	TEL,358,S5,655084733,5008,21844,0,430,2937                     
2026-10-06T20:29:16.439	TEL,359,S5,655094733,5008,21844,0,428,2933                     
2026-10-06T20:29:16.439	TEL,360,S5,655104733,5008,21844,0,428,2933                     
2026-10-06T20:29:16.439	TEL,361,S5,655114733,5008,21844,0,428,2933                     
2026-10-06T20:29:16.439	TEL,362,S5,655124733,5008,21844,0,430,2933                     
2026-10-06T20:29:16.439	TEL,363,S5,655134733,5008,21844,0,428,2930                     
2026-10-06T20:29:16.439	TEL,364,S5,655144733,5008,21844,0,428,2930                     
2026-10-06T20:29:16.439	TEL,365,S5,655154733,5008,21844,0,430,2933                     
2026-10-06T20:29:16.439	TEL,366,S5,655164733,5008,21844,0,433,2933                     
2026-10-06T20:29:16.439	TEL,367,S5,655174733,5008,21844,0,433,2933                     
2026-10-06T20:29:16.439	TEL,368,S5,655184733,5008,21844,0,428,2933                     
2026-10-06T20:29:16.439	TEL,369,S5,655194733,5008,21844,0,428,2933                     
2026-10-06T20:29:16.439	TEL,370,S5,655204733,5008,21844,0,428,2933                     
2026-10-06T20:29:16.439	TEL,371,S5,655214733,5008,21844,0,428,2933                     
2026-10-06T20:29:16.439	TEL,372,S5,655224733,5008,21844,0,428,2933                     
2026-10-06T20:29:17.053	TEL,373,S5,655234733,5008,21844,0,430,2937                     
2026-10-06T20:29:17.053	TEL,374,S5,655244733,5008,21844,0,430,2937                     
2026-10-06T20:29:17.053	TEL,375,S5,655254733,5008,21844,0,428,2933                     
2026-10-06T20:29:17.053	TEL,376,S5,655264733,5008,21844,0,433,2933                     
2026-10-06T20:29:17.053	TEL,377,S5,655274733,5008,21844,0,439,2937                     
2026-10-06T20:29:17.053	TEL,378,S5,655284733,5008,21844,0,433,2937                     
2026-10-06T20:29:17.053	TEL,379,S5,655294733,5008,21844,0,430,2935                     
2026-10-06T20:29:17.053	TEL,380,S5,655304733,5008,21844,0,422,2935                     
2026-10-06T20:29:17.053	TEL,381,S5,655314733,5008,21844,0,419,2933                     
2026-10-06T20:29:17.053	TEL,382,S5,655324733,5008,21844,0,428,2933                     
2026-10-06T20:29:17.053	TEL,383,S5,655334733,5008,21844,0,430,2937                     
2026-10-06T20:29:17.053	TEL,384,S5,655344733,5008,21844,0,428,2937                     
2026-10-06T20:29:17.053	TEL,385,S5,655354733,5008,21844,0,428,2937                     
2026-10-06T20:29:17.053	TEL,386,S5,655364733,5008,21844,0,433,2937                     
2026-10-06T20:29:17.053	TEL,387,S5,655374733,5008,21844,0,428,2932                     
2026-10-06T20:29:17.053	TEL,388,S5,655384733,5008,21844,0,425,2932                     
2026-10-06T20:29:17.053	TEL,389,S5,655394733,5008,21844,0,428,2933                     
2026-10-06T20:29:17.053	TEL,390,S5,655404733,5008,21844,0,433,2933                     
2026-10-06T20:29:17.053	TEL,391,S5,655414733,5008,21844,0,433,2933                     
2026-10-06T20:29:17.053	TEL,392,S5,655424733,5008,21844,0,428,2933                     
2026-10-06T20:29:17.053	TEL,393,S5,655434733,5008,21844,0,430,2937                     
2026-10-06T20:29:17.053	TEL,394,S5,655444733,5008,21844,0,430,2937                     
2026-10-06T20:29:17.053	TEL,395,S5,655454733,5008,21844,0,430,2937                     
2026-10-06T20:29:17.053	TEL,396,S5,655464733,5008,21844,0,430,2937                     
2026-10-06T20:29:17.053	TEL,397,S5,655474733,5008,21844,0,430,2937                     
2026-10-06T20:29:17.053	TEL,398,S5,655484733,5008,21844,0,433,2937                     
2026-10-06T20:29:17.053	TEL,399,S5,655494733,5008,21844,0,430,2933                     
2026-10-06T20:29:17.053	TEL,400,S5,655504733,5008,21844,0,430,2933                     
2026-10-06T20:29:17.053	TEL,401,S5,655514733,5008,21844,0,430,2933                     
2026-10-06T20:29:17.053	TEL,402,S5,655524733,5008,21844,0,430,2933                     
2026-10-06T20:29:17.053	TEL,403,S5,655534733,5008,21844,0,428,2930                     
2026-10-06T20:29:17.053	TEL,404,S5,655544733,5008,21844,0,428,2930                     
2026-10-06T20:29:17.053	TEL,405,S5,655554733,5008,21844,0,430,2933                     
2026-10-06T20:29:17.053	TEL,406,S5,655564733,5008,21844,0,433,2933                     
2026-10-06T20:29:17.053	TEL,407,S5,655574733,5008,21844,0,433,2933                     
2026-10-06T20:29:17.053	TEL,408,S5,655584733,5008,21844,0,428,2933                     
2026-10-06T20:29:17.053	TEL,409,S5,655594733,5008,21844,0,422,2927                     
2026-10-06T20:29:17.053	TEL,410,S5,655604733,5008,21844,0,419,2927                     
2026-10-06T20:29:17.053	TEL,411,S5,655614733,5008,21844,0,425,2933                     
2026-10-06T20:29:17.053	TEL,412,S5,655624733,5008,21844,0,430,2933                     
2026-10-06T20:29:17.053	TEL,413,S5,655634733,5008,21844,0,433,2937                     
2026-10-06T20:29:17.053	TEL,414,S5,655644733,5008,21844,0,419,2937                     
2026-10-06T20:29:17.053	TEL,415,S5,655654733,5008,21844,0,419,2937                     
2026-10-06T20:29:17.053	TEL,416,S5,655664733,5008,21844,0,433,2937                     
2026-10-06T20:29:17.053	TEL,417,S5,655674733,5008,21844,0,430,2933                     
2026-10-06T20:29:17.053	TEL,418,S5,655684733,5008,21844,0,428,2933                     
2026-10-06T20:29:17.053	TEL,419,S5,655694733,5008,21844,0,430,2937                     
2026-10-06T20:29:17.053	TEL,420,S5,655704733,5008,21844,0,433,2937                     
2026-10-06T20:29:17.053	TEL,421,S5,655714733,5008,21844,0,430,2933                     
2026-10-06T20:29:17.053	TEL,422,S5,655724733,5008,21844,0,413,2933                     
2026-10-06T20:29:17.053	TEL,423,S5,655734733,5008,21844,0,413,2933                     
2026-10-06T20:29:17.053	TEL,424,S5,655744733,5008,21844,0,430,2933                     
2026-10-06T20:29:17.053	TEL,425,S5,655754733,5008,21844,0,430,2933                     
2026-10-06T20:29:17.053	TEL,426,S5,655764733,5008,21844,0,430,2933                     
2026-10-06T20:29:17.053	TEL,427,S5,655774733,5008,21844,0,430,2933                     
2026-10-06T20:29:17.053	TEL,428,S5,655784733,5008,21844,0,428,2933                     
2026-10-06T20:29:17.053	TEL,429,S5,655794733,5008,21844,0,422,2927                     
2026-10-06T20:29:17.053	TEL,430,S5,655804733,5008,21844,0,413,2927                     
2026-10-06T20:29:17.053	TEL,431,S5,655814733,5008,21844,0,419,2933                     
2026-10-06T20:29:17.053	TEL,432,S5,655824733,5008,21844,0,419,2933                     
2026-10-06T20:29:17.053	TEL,433,S5,655834733,5008,21844,0,419,2933                     
2026-10-06T20:29:17.053	TEL,434,S5,655844733,5008,21844,0,430,2933                     
2026-10-06T20:29:17.675	TEL,435,S5,655854733,5008,21844,0,436,2941                     
2026-10-06T20:29:17.675	TEL,436,S5,655864733,5008,21844,0,433,2941                     
2026-10-06T20:29:17.675	TEL,437,S5,655874733,5008,21844,0,425,2930                     
2026-10-06T20:29:17.675	TEL,438,S5,655884733,5008,21844,0,425,2930                     
2026-10-06T20:29:17.675	TEL,439,S5,655894733,5008,21844,0,433,2941                     
2026-10-06T20:29:17.675	TEL,440,S5,655904733,5008,21844,0,425,2941                     
2026-10-06T20:29:17.675	TEL,441,S5,655914733,5008,21844,0,419,2933                     
2026-10-06T20:29:17.675	TEL,442,S5,655924733,5008,21844,0,413,2933                     
2026-10-06T20:29:17.675	TEL,443,S5,655934733,5008,21844,0,410,2930                     
2026-10-06T20:29:17.675	TEL,444,S5,655944733,5008,21844,0,425,2930                     
2026-10-06T20:29:17.675	TEL,445,S5,655954733,5008,21844,0,428,2933                     
2026-10-06T20:29:17.675	TEL,446,S5,655964733,5008,21844,0,410,2933                     
2026-10-06T20:29:17.675	TEL,447,S5,655974733,5008,21844,0,410,2933                     
2026-10-06T20:29:17.675	TEL,448,S5,655984733,5008,21844,0,433,2933                     
2026-10-06T20:29:17.675	TEL,449,S5,655994733,5008,21844,0,433,2933                     
2026-10-06T20:29:17.675	TEL,450,S5,656004733,5008,21844,0,428,2933                     
2026-10-06T20:29:17.675	TEL,451,S5,656014733,5008,21844,0,430,2937                     
2026-10-06T20:29:17.675	TEL,452,S5,656024733,5008,21844,0,433,2937                     
2026-10-06T20:29:17.675	TEL,453,S5,656034733,5008,21844,0,436,2941                     
2026-10-06T20:29:17.675	TEL,454,S5,656044733,5008,21844,0,436,2941                     
2026-10-06T20:29:17.675	TEL,455,S5,656054733,5008,21844,0,430,2933                     
2026-10-06T20:29:17.675	TEL,456,S5,656064733,5008,21844,0,425,2933                     
2026-10-06T20:29:17.675	TEL,457,S5,656074733,5008,21844,0,422,2930                     
2026-10-06T20:29:17.675	TEL,458,S5,656084733,5008,21844,0,416,2930                     
2026-10-06T20:29:17.675	TEL,459,S5,656094733,5008,21844,0,419,2933                     
2026-10-06T20:29:17.675	TEL,460,S5,656104733,5008,21844,0,428,2933                     
2026-10-06T20:29:17.675	TEL,461,S5,656114733,5008,21844,0,428,2933                     
2026-10-06T20:29:17.675	TEL,462,S5,656124733,5008,21844,0,428,2933                     
2026-10-06T20:29:17.675	TEL,463,S5,656134733,5008,21844,0,430,2937                     
2026-10-06T20:29:17.675	TEL,464,S5,656144733,5008,21844,0,428,2937                     
2026-10-06T20:29:17.675	TEL,465,S5,656154733,5008,21844,0,428,2937                     
2026-10-06T20:29:17.675	TEL,466,S5,656164733,5008,21844,0,430,2937                     
2026-10-06T20:29:17.675	TEL,467,S5,656174733,5008,21844,0,428,2933                     
2026-10-06T20:29:17.675	TEL,468,S5,656184733,5008,21844,0,428,2933                     
2026-10-06T20:29:17.675	TEL,469,S5,656194733,5008,21844,0,430,2937                     
2026-10-06T20:29:17.675	TEL,470,S5,656204733,5008,21844,0,430,2937                     
2026-10-06T20:29:17.675	TEL,471,S5,656214733,5008,21844,0,430,2937                     
2026-10-06T20:29:17.675	TEL,472,S5,656224733,5008,21844,0,430,2937                     
2026-10-06T20:29:17.675	TEL,473,S5,656234733,5008,21844,0,428,2933                     
2026-10-06T20:29:17.675	TEL,474,S5,656244733,5008,21844,0,430,2933                     
2026-10-06T20:29:17.675	TEL,475,S5,656254733,5008,21844,0,428,2930                     
2026-10-06T20:29:17.675	TEL,476,S5,656264733,5008,21844,0,428,2930                     
2026-10-06T20:29:17.675	TEL,477,S5,656274733,5008,21844,0,433,2937                     
2026-10-06T20:29:17.675	TEL,478,S5,656284733,5008,21844,0,430,2937                     
2026-10-06T20:29:17.675	TEL,479,S5,656294733,5008,21844,0,425,2930                     
2026-10-06T20:29:17.675	TEL,480,S5,656304733,5008,21844,0,425,2930                     
2026-10-06T20:29:17.675	TEL,481,S5,656314733,5008,21844,0,428,2933                     
2026-10-06T20:29:17.675	TEL,482,S5,656324733,5008,21844,0,428,2933                     
2026-10-06T20:29:17.675	TEL,483,S5,656334733,5008,21844,0,428,2933                     
2026-10-06T20:29:17.675	TEL,484,S5,656344733,5008,21844,0,430,2933                     
2026-10-06T20:29:17.675	TEL,485,S5,656354733,5008,21844,0,433,2937                     
2026-10-06T20:29:17.675	TEL,486,S5,656364733,5008,21844,0,419,2937                     
2026-10-06T20:29:17.675	TEL,487,S5,656374733,5008,21844,0,410,2930                     
2026-10-06T20:29:17.675	TEL,488,S5,656384733,5008,21844,0,422,2930                     
2026-10-06T20:29:17.675	TEL,489,S5,656394733,5008,21844,0,425,2933                     
2026-10-06T20:29:17.675	TEL,490,S5,656404733,5008,21844,0,419,2933                     
2026-10-06T20:29:17.675	TEL,491,S5,656414733,5008,21844,0,416,2930                     
2026-10-06T20:29:17.675	TEL,492,S5,656424733,5008,21844,0,425,2930                     
2026-10-06T20:29:17.675	TEL,493,S5,656434733,5008,21844,0,428,2933                     
2026-10-06T20:29:17.675	TEL,494,S5,656444733,5008,21844,0,428,2933                     
2026-10-06T20:29:17.675	TEL,495,S5,656454733,5008,21844,0,428,2933                     
2026-10-06T20:29:17.675	TEL,496,S5,656464733,5008,21844,0,428,2933                     
2026-10-06T20:29:18.299	TEL,497,S5,656474733,5008,21844,0,428,2933                     
2026-10-06T20:29:18.299	TEL,498,S5,656484733,5008,21844,0,428,2933                     
2026-10-06T20:29:18.299	TEL,499,S5,656494733,5008,21844,0,430,2937                     
2026-10-06T20:29:18.299	TEL,500,S5,656504733,5008,21844,0,430,2937                     
2026-10-06T20:29:18.299	TEL,501,S5,656514733,5008,21844,0,425,2932                     
2026-10-06T20:29:18.299	TEL,502,S5,656524733,5008,21844,0,425,2932                     
2026-10-06T20:29:18.299	TEL,503,S5,656534733,5008,21844,0,430,2937                     
2026-10-06T20:29:18.299	TEL,504,S5,656544733,5008,21844,0,430,2937                     
2026-10-06T20:29:18.299	TEL,505,S5,656554733,5008,21844,0,428,2935                     
2026-10-06T20:29:18.299	TEL,506,S5,656564733,5008,21844,0,428,2935                     
2026-10-06T20:29:18.299	TEL,507,S5,656574733,5008,21844,0,430,2937                     
2026-10-06T20:29:18.299	TEL,508,S5,656584733,5008,21844,0,419,2937                     
2026-10-06T20:29:18.299	TEL,509,S5,656594733,5008,21844,0,410,2930                     
2026-10-06T20:29:18.299	TEL,510,S5,656604733,5008,21844,0,425,2930                     
2026-10-06T20:29:18.299	TEL,511,S5,656614733,5008,21844,0,430,2937                     
2026-10-06T20:29:18.299	TEL,512,S5,656624733,5008,21844,0,430,2937                     
2026-10-06T20:29:18.299	TEL,513,S5,656634733,5008,21844,0,428,2933                     
2026-10-06T20:29:18.299	TEL,514,S5,656644733,5008,21844,0,425,2933                     
2026-10-06T20:29:18.299	TEL,515,S5,656654733,5008,21844,0,425,2933                     
2026-10-06T20:29:18.299	TEL,516,S5,656664733,5008,21844,0,430,2933                     
2026-10-06T20:29:18.299	TEL,517,S5,656674733,5008,21844,0,430,2933                     
2026-10-06T20:29:18.299	TEL,518,S5,656684733,5008,21844,0,428,2933                     
2026-10-06T20:29:18.299	TEL,519,S5,656694733,5008,21844,0,428,2933                     
2026-10-06T20:29:18.299	TEL,520,S5,656704733,5008,21844,0,428,2933                     
2026-10-06T20:29:18.299	TEL,521,S5,656714733,5008,21844,0,428,2933                     
2026-10-06T20:29:18.299	TEL,522,S5,656724733,5008,21844,0,425,2933                     
2026-10-06T20:29:18.299	TEL,523,S5,656734733,5008,21844,0,428,2937                     
2026-10-06T20:29:18.299	TEL,524,S5,656744733,5008,21844,0,439,2937                     
2026-10-06T20:29:18.299	TEL,525,S5,656754733,5008,21844,0,439,2937                     
2026-10-06T20:29:18.299	TEL,526,S5,656764733,5008,21844,0,430,2937                     
2026-10-06T20:29:18.299	TEL,527,S5,656774733,5008,21844,0,428,2933                     
2026-10-06T20:29:18.299	TEL,528,S5,656784733,5008,21844,0,433,2933                     
2026-10-06T20:29:18.299	TEL,529,S5,656794733,5008,21844,0,433,2933                     
2026-10-06T20:29:18.299	TEL,530,S5,656804733,5008,21844,0,428,2933                     
2026-10-06T20:29:18.299	TEL,531,S5,656814733,5008,21844,0,430,2937                     
2026-10-06T20:29:18.299	TEL,532,S5,656824733,5008,21844,0,430,2937                     
2026-10-06T20:29:18.299	TEL,533,S5,656834733,5008,21844,0,428,2933                     
2026-10-06T20:29:18.299	TEL,534,S5,656844733,5008,21844,0,419,2933                     
2026-10-06T20:29:18.299	TEL,535,S5,656854733,5008,21844,0,419,2933                     
2026-10-06T20:29:18.299	TEL,536,S5,656864733,5008,21844,0,430,2933                     
2026-10-06T20:29:18.299	TEL,537,S5,656874733,5008,21844,0,430,2933                     
2026-10-06T20:29:18.299	TEL,538,S5,656884733,5008,21844,0,428,2933                     
2026-10-06T20:29:18.299	TEL,539,S5,656894733,5008,21844,0,430,2937                     
2026-10-06T20:29:18.299	TEL,540,S5,656904733,5008,21844,0,422,2937                     
2026-10-06T20:29:18.299	TEL,541,S5,656914733,5008,21844,0,416,2930                     
2026-10-06T20:29:18.299	TEL,542,S5,656924733,5008,21844,0,425,2930                     
2026-10-06T20:29:18.299	TEL,543,S5,656934733,5008,21844,0,430,2937                     
2026-10-06T20:29:18.299	TEL,544,S5,656944733,5008,21844,0,422,2937                     
2026-10-06T20:29:18.299	TEL,545,S5,656954733,5008,21844,0,419,2933                     
2026-10-06T20:29:18.299	TEL,546,S5,656964733,5008,21844,0,430,2933                     
2026-10-06T20:29:18.299	TEL,547,S5,656974733,5008,21844,0,433,2937                     
2026-10-06T20:29:18.299	TEL,548,S5,656984733,5008,21844,0,430,2937                     
2026-10-06T20:29:18.299	TEL,549,S5,656994733,5008,21844,0,430,2937                     
2026-10-06T20:29:18.299	TEL,550,S5,657004733,5008,21844,0,430,2937                     
2026-10-06T20:29:18.299	TEL,551,S5,657014733,5008,21844,0,428,2933                     
2026-10-06T20:29:18.299	TEL,552,S5,657024733,5008,21844,0,419,2933                     
2026-10-06T20:29:18.299	TEL,553,S5,657034733,5008,21844,0,419,2933                     
2026-10-06T20:29:18.299	TEL,554,S5,657044733,5008,21844,0,413,2933                     
2026-10-06T20:29:18.300	TEL,555,S5,657054733,5008,21844,0,413,2933                     
2026-10-06T20:29:18.300	TEL,556,S5,657064733,5008,21844,0,428,2933                     
2026-10-06T20:29:18.300	TEL,557,S5,657074733,5008,21844,0,430,2937                     
2026-10-06T20:29:18.300	TEL,558,S5,657084733,5008,21844,0,430,2937                     
2026-10-06T20:29:18.919	TEL,559,S5,657094733,5008,21844,0,430,2937                     
2026-10-06T20:29:18.919	TEL,560,S5,657104733,5008,21844,0,433,2937                     
2026-10-06T20:29:18.919	BTN,1,S5,PRESSED,657113893,657114758                           
2026-10-06T20:29:18.919	TEL,561,S5,657114739,5014,21844,0,433,2937                     
2026-10-06T20:29:18.919	TEL,562,S5,657124733,5008,21844,1,430,2937                     
2026-10-06T20:29:18.919	TEL,563,S5,657134733,5008,21844,1,428,2933                     
2026-10-06T20:29:18.919	TEL,564,S5,657144733,5008,21844,1,430,2933                     
2026-10-06T20:29:18.919	TEL,565,S5,657154733,5008,21844,1,430,2933                     
2026-10-06T20:29:18.919	TEL,566,S5,657164733,5008,21844,1,419,2933                     
2026-10-06T20:29:18.919	TEL,567,S5,657174733,5008,21844,1,419,2932                     
2026-10-06T20:29:18.919	TEL,568,S5,657184733,5008,21844,1,425,2932                     
2026-10-06T20:29:18.919	TEL,569,S5,657194733,5008,21844,1,430,2937                     
2026-10-06T20:29:18.919	TEL,570,S5,657204733,5008,21844,1,428,2937                     
2026-10-06T20:29:18.919	TEL,571,S5,657214733,5008,21844,1,428,2937                     
2026-10-06T20:29:18.919	TEL,572,S5,657224733,5008,21844,1,433,2937                     
2026-10-06T20:29:18.919	TEL,573,S5,657234733,5008,21844,1,428,2930                     
2026-10-06T20:29:18.919	TEL,574,S5,657244733,5008,21844,1,428,2930                     
2026-10-06T20:29:18.919	TEL,575,S5,657254733,5008,21844,1,422,2927                     
2026-10-06T20:29:18.919	TEL,576,S5,657264733,5008,21844,1,413,2927                     
2026-10-06T20:29:18.919	TEL,577,S5,657274733,5008,21844,1,422,2937                     
2026-10-06T20:29:18.919	TEL,578,S5,657284733,5008,21844,1,433,2937                     
2026-10-06T20:29:18.919	TEL,579,S5,657294733,5008,21844,1,430,2933                     
2026-10-06T20:29:18.919	TEL,580,S5,657304733,5008,21844,1,419,2933                     
2026-10-06T20:29:18.919	TEL,581,S5,657314733,5008,21844,1,416,2930                     
2026-10-06T20:29:18.919	TEL,582,S5,657324733,5008,21844,1,428,2930                     
2026-10-06T20:29:18.919	TEL,583,S5,657334733,5008,21844,1,433,2937                     
2026-10-06T20:29:18.919	TEL,584,S5,657344733,5008,21844,1,439,2937                     
2026-10-06T20:29:18.919	TEL,585,S5,657354733,5008,21844,1,433,2933                     
2026-10-06T20:29:18.919	TEL,586,S5,657364733,5008,21844,1,433,2933                     
2026-10-06T20:29:18.919	TEL,587,S5,657374733,5008,21844,1,436,2937                     
2026-10-06T20:29:18.919	TEL,588,S5,657384733,5008,21844,1,433,2937                     
2026-10-06T20:29:18.919	TEL,589,S5,657394733,5008,21844,1,430,2933                     
2026-10-06T20:29:18.919	TEL,590,S5,657404733,5008,21844,1,430,2933                     
2026-10-06T20:29:18.919	TEL,591,S5,657414733,5008,21844,1,428,2930                     
2026-10-06T20:29:18.919	TEL,592,S5,657424733,5008,21844,1,416,2930                     
2026-10-06T20:29:18.919	TEL,593,S5,657434733,5008,21844,1,422,2935                     
2026-10-06T20:29:18.919	TEL,594,S5,657444733,5008,21844,1,442,2935                     
2026-10-06T20:29:18.919	TEL,595,S5,657454733,5008,21844,1,436,2930                     
2026-10-06T20:29:18.919	TEL,596,S5,657464733,5008,21844,1,428,2930                     
2026-10-06T20:29:18.919	TEL,597,S5,657474733,5008,21844,1,430,2933                     
2026-10-06T20:29:18.919	TEL,598,S5,657484733,5008,21844,1,428,2933                     
2026-10-06T20:29:18.919	TEL,599,S5,657494733,5008,21844,1,428,2933                     
2026-10-06T20:29:18.919	TEL,600,S5,657504733,5008,21844,1,428,2933                     
2026-10-06T20:29:18.919	TEL,601,S5,657514733,5008,21844,1,425,2930                     
2026-10-06T20:29:18.919	TEL,602,S5,657524733,5008,21844,1,425,2930                     
2026-10-06T20:29:18.919	TEL,603,S5,657534733,5008,21844,1,430,2937                     
2026-10-06T20:29:18.919	TEL,604,S5,657544733,5008,21844,1,430,2937                     
2026-10-06T20:29:18.919	TEL,605,S5,657554733,5008,21844,1,428,2933                     
2026-10-06T20:29:18.919	TEL,606,S5,657564733,5008,21844,1,430,2933                     
2026-10-06T20:29:18.919	TEL,607,S5,657574733,5008,21844,1,430,2933                     
2026-10-06T20:29:18.919	TEL,608,S5,657584733,5008,21844,1,428,2933                     
2026-10-06T20:29:18.920	TEL,609,S5,657594733,5008,21844,1,425,2930                     
2026-10-06T20:29:18.920	TEL,610,S5,657604733,5008,21844,1,419,2930                     
2026-10-06T20:29:18.920	TEL,611,S5,657614733,5008,21844,1,419,2930                     
2026-10-06T20:29:18.920	TEL,612,S5,657624733,5008,21844,1,425,2930                     
2026-10-06T20:29:18.920	TEL,613,S5,657634733,5008,21844,1,428,2933                     
2026-10-06T20:29:18.920	TEL,614,S5,657644733,5008,21844,1,425,2933                     
2026-10-06T20:29:18.920	TEL,615,S5,657654733,5008,21844,1,422,2930                     
2026-10-06T20:29:18.920	TEL,616,S5,657664733,5008,21844,1,425,2930                     
2026-10-06T20:29:18.920	TEL,617,S5,657674733,5008,21844,1,428,2933                     
2026-10-06T20:29:18.920	TEL,618,S5,657684733,5008,21844,1,428,2933                     
2026-10-06T20:29:18.920	TEL,619,S5,657694733,5008,21844,1,430,2937                     
2026-10-06T20:29:19.539	TEL,620,S5,657704733,5008,21844,1,430,2937                     
2026-10-06T20:29:19.539	TEL,621,S5,657714733,5008,21844,1,425,2932                     
2026-10-06T20:29:19.539	TEL,622,S5,657724733,5008,21844,1,422,2932                     
2026-10-06T20:29:19.539	TEL,623,S5,657734733,5008,21844,1,428,2937                     
2026-10-06T20:29:19.539	TEL,624,S5,657744733,5008,21844,1,433,2937                     
2026-10-06T20:29:19.539	TEL,625,S5,657754733,5008,21844,1,433,2937                     
2026-10-06T20:29:19.539	TEL,626,S5,657764733,5008,21844,1,439,2937                     
2026-10-06T20:29:19.539	TEL,627,S5,657774733,5008,21844,1,433,2933                     
2026-10-06T20:29:19.539	TEL,628,S5,657784733,5008,21844,1,419,2933                     
2026-10-06T20:29:19.539	BTN,2,S5,PRESSED,657798899,657798906                           
2026-10-06T20:29:19.539	TEL,629,S5,657794733,5008,21844,1,419,2933                     
2026-10-06T20:29:19.539	TEL,630,S5,657804733,5008,21844,1,428,2933                     
2026-10-06T20:29:19.539	TEL,631,S5,657814733,5008,21844,2,430,2937                     
2026-10-06T20:29:19.539	TEL,632,S5,657824733,5008,21844,2,428,2937                     
2026-10-06T20:29:19.539	TEL,633,S5,657834733,5008,21844,2,425,2933                     
2026-10-06T20:29:19.539	TEL,634,S5,657844733,5008,21844,2,428,2933                     
2026-10-06T20:29:19.539	TEL,635,S5,657854733,5008,21844,2,430,2937                     
2026-10-06T20:29:19.539	TEL,636,S5,657864733,5008,21844,2,430,2937                     
2026-10-06T20:29:19.539	TEL,637,S5,657874733,5008,21844,2,428,2933                     
2026-10-06T20:29:19.539	TEL,638,S5,657884733,5008,21844,2,419,2933                     
2026-10-06T20:29:19.539	TEL,639,S5,657894733,5008,21844,2,419,2933                     
2026-10-06T20:29:19.539	TEL,640,S5,657904733,5008,21844,2,419,2933                     
2026-10-06T20:29:19.539	TEL,641,S5,657914733,5008,21844,2,422,2937                     
2026-10-06T20:29:19.539	TEL,642,S5,657924733,5008,21844,2,422,2937                     
2026-10-06T20:29:19.539	TEL,643,S5,657934733,5008,21844,2,422,2937                     
2026-10-06T20:29:19.539	TEL,644,S5,657944733,5008,21844,2,428,2937                     
2026-10-06T20:29:19.539	TEL,645,S5,657954733,5008,21844,2,425,2933                     
2026-10-06T20:29:19.539	TEL,646,S5,657964733,5008,21844,2,428,2933                     
2026-10-06T20:29:19.539	TEL,647,S5,657974733,5008,21844,2,425,2930                     
2026-10-06T20:29:19.539	TEL,648,S5,657984733,5008,21844,2,428,2930                     
2026-10-06T20:29:19.539	TEL,649,S5,657994733,5008,21844,2,433,2937                     
2026-10-06T20:29:19.539	TEL,650,S5,658004733,5008,21844,2,422,2937                     
2026-10-06T20:29:19.539	TEL,651,S5,658014733,5008,21844,2,419,2933                     
2026-10-06T20:29:19.539	TEL,652,S5,658024733,5008,21844,2,428,2933                     
2026-10-06T20:29:19.539	TEL,653,S5,658034733,5008,21844,2,425,2930                     
2026-10-06T20:29:19.539	TEL,654,S5,658044733,5008,21844,2,416,2930                     
2026-10-06T20:29:19.539	TEL,655,S5,658054733,5008,21844,2,413,2927                     
2026-10-06T20:29:19.539	TEL,656,S5,658064733,5008,21844,2,422,2927                     
2026-10-06T20:29:19.539	TEL,657,S5,658074733,5008,21844,2,428,2933                     
2026-10-06T20:29:19.539	TEL,658,S5,658084733,5008,21844,2,430,2933                     
2026-10-06T20:29:19.539	TEL,659,S5,658094733,5008,21844,2,433,2937                     
2026-10-06T20:29:19.539	TEL,660,S5,658104733,5008,21844,2,430,2937                     
2026-10-06T20:29:19.539	TEL,661,S5,658114733,5008,21844,2,428,2933                     
2026-10-06T20:29:19.539	TEL,662,S5,658124733,5008,21844,2,430,2933                     
2026-10-06T20:29:19.539	TEL,663,S5,658134733,5008,21844,2,425,2928                     
2026-10-06T20:29:19.539	TEL,664,S5,658144733,5008,21844,2,422,2928                     
2026-10-06T20:29:19.539	TEL,665,S5,658154733,5008,21844,2,428,2933                     
2026-10-06T20:29:19.539	TEL,666,S5,658164733,5008,21844,2,430,2933                     
2026-10-06T20:29:19.539	TEL,667,S5,658174733,5008,21844,2,433,2937                     
2026-10-06T20:29:19.539	TEL,668,S5,658184733,5008,21844,2,430,2937                     
2026-10-06T20:29:19.539	TEL,669,S5,658194733,5008,21844,2,430,2937                     
2026-10-06T20:29:19.539	TEL,670,S5,658204733,5008,21844,2,433,2937                     
2026-10-06T20:29:19.539	TEL,671,S5,658214733,5008,21844,2,433,2937                     
2026-10-06T20:29:19.539	TEL,672,S5,658224733,5008,21844,2,430,2937                     
2026-10-06T20:29:19.539	TEL,673,S5,658234733,5008,21844,2,425,2930                     
2026-10-06T20:29:19.539	TEL,674,S5,658244733,5008,21844,2,425,2930                     
2026-10-06T20:29:19.539	TEL,675,S5,658254733,5008,21844,2,428,2933                     
2026-10-06T20:29:19.539	TEL,676,S5,658264733,5008,21844,2,430,2933                     
2026-10-06T20:29:19.539	TEL,677,S5,658274733,5008,21844,2,436,2941                     
2026-10-06T20:29:19.539	TEL,678,S5,658284733,5008,21844,2,433,2941                     
2026-10-06T20:29:19.539	TEL,679,S5,658294733,5008,21844,2,430,2937                     
2026-10-06T20:29:19.539	TEL,680,S5,658304733,5008,21844,2,425,2937                     
2026-10-06T20:29:20.158	TEL,681,S5,658314733,5008,21844,2,425,2937                     
2026-10-06T20:29:20.158	TEL,682,S5,658324733,5008,21844,2,430,2937                     
2026-10-06T20:29:20.158	TEL,683,S5,658334733,5008,21844,2,430,2937                     
2026-10-06T20:29:20.158	TEL,684,S5,658344733,5008,21844,2,428,2937                     
2026-10-06T20:29:20.158	TEL,685,S5,658354733,5008,21844,2,425,2933                     
2026-10-06T20:29:20.158	TEL,686,S5,658364733,5008,21844,2,425,2933                     
2026-10-06T20:29:20.158	TEL,687,S5,658374733,5008,21844,2,428,2937                     
2026-10-06T20:29:20.158	TEL,688,S5,658384733,5008,21844,2,439,2937                     
2026-10-06T20:29:20.158	TEL,689,S5,658394733,5008,21844,2,439,2937                     
2026-10-06T20:29:20.158	TEL,690,S5,658404733,5008,21844,2,430,2937                     
2026-10-06T20:29:20.158	TEL,691,S5,658414733,5008,21844,2,430,2937                     
2026-10-06T20:29:20.158	TEL,692,S5,658424733,5008,21844,2,433,2937                     
2026-10-06T20:29:20.158	TEL,693,S5,658434733,5008,21844,2,430,2933                     
2026-10-06T20:29:20.158	BTN,3,S5,PRESSED,658457904,658457911                           
2026-10-06T20:29:20.158	TEL,694,S5,658444733,5008,21844,2,419,2933                     
2026-10-06T20:29:20.158	TEL,695,S5,658454733,5008,21844,2,416,2930                     
2026-10-06T20:29:20.158	TEL,696,S5,658464733,5008,21844,2,425,2930                     
2026-10-06T20:29:20.158	TEL,697,S5,658474733,5008,21844,3,425,2930                     
2026-10-06T20:29:20.158	TEL,698,S5,658484733,5008,21844,3,422,2930                     
2026-10-06T20:29:20.158	TEL,699,S5,658494733,5008,21844,3,428,2937                     
2026-10-06T20:29:20.158	TEL,700,S5,658504733,5008,21844,3,422,2937                     
2026-10-06T20:29:20.158	TEL,701,S5,658514733,5008,21844,3,419,2933                     
2026-10-06T20:29:20.158	TEL,702,S5,658524733,5008,21844,3,428,2933                     
2026-10-06T20:29:20.158	TEL,703,S5,658534733,5008,21844,3,428,2933                     
2026-10-06T20:29:20.158	TEL,704,S5,658544733,5008,21844,3,425,2933                     
2026-10-06T20:29:20.158	TEL,705,S5,658554733,5008,21844,3,425,2933                     
2026-10-06T20:29:20.158	TEL,706,S5,658564733,5008,21844,3,430,2933                     
2026-10-06T20:29:20.158	TEL,707,S5,658574733,5008,21844,3,422,2927                     
2026-10-06T20:29:20.158	TEL,708,S5,658584733,5008,21844,3,422,2927                     
2026-10-06T20:29:20.158	TEL,709,S5,658594733,5008,21844,3,428,2930                     
2026-10-06T20:29:20.158	TEL,710,S5,658604733,5008,21844,3,425,2930                     
2026-10-06T20:29:20.158	TEL,711,S5,658614733,5008,21844,3,430,2937                     
2026-10-06T20:29:20.158	TEL,712,S5,658624733,5008,21844,3,433,2937                     
2026-10-06T20:29:20.158	TEL,713,S5,658634733,5008,21844,3,422,2927                     
2026-10-06T20:29:20.158	TEL,714,S5,658644733,5008,21844,3,422,2927                     
2026-10-06T20:29:20.159	TEL,715,S5,658654733,5008,21844,3,428,2933                     
2026-10-06T20:29:20.159	TEL,716,S5,658664733,5008,21844,3,428,2933                     
2026-10-06T20:29:20.159	TEL,717,S5,658674733,5008,21844,3,428,2933                     
2026-10-06T20:29:20.159	TEL,718,S5,658684733,5008,21844,3,419,2933                     
2026-10-06T20:29:20.159	TEL,719,S5,658694733,5008,21844,3,416,2930                     
2026-10-06T20:29:20.159	TEL,720,S5,658704733,5008,21844,3,425,2930                     
2026-10-06T20:29:20.159	TEL,721,S5,658714733,5008,21844,3,428,2933                     
2026-10-06T20:29:20.159	TEL,722,S5,658724733,5008,21844,3,422,2933                     
2026-10-06T20:29:20.159	TEL,723,S5,658734733,5008,21844,3,422,2933                     
2026-10-06T20:29:20.159	TEL,724,S5,658744733,5008,21844,3,419,2933                     
2026-10-06T20:29:20.159	TEL,725,S5,658754733,5008,21844,3,419,2933                     
2026-10-06T20:29:20.159	TEL,726,S5,658764733,5008,21844,3,430,2933                     
2026-10-06T20:29:20.159	TEL,727,S5,658774733,5008,21844,3,433,2937                     
2026-10-06T20:29:20.159	TEL,728,S5,658784733,5008,21844,3,439,2937                     
2026-10-06T20:29:20.159	TEL,729,S5,658794733,5008,21844,3,430,2930                     
2026-10-06T20:29:20.159	TEL,730,S5,658804733,5008,21844,3,428,2930                     
2026-10-06T20:29:20.159	TEL,731,S5,658814733,5008,21844,3,430,2933                     
2026-10-06T20:29:20.159	TEL,732,S5,658824733,5008,21844,3,430,2933                     
2026-10-06T20:29:20.159	TEL,733,S5,658834733,5008,21844,3,428,2932                     
2026-10-06T20:29:20.159	TEL,734,S5,658844733,5008,21844,3,428,2932                     
2026-10-06T20:29:20.159	TEL,735,S5,658854733,5008,21844,3,430,2933                     
2026-10-06T20:29:20.159	TEL,736,S5,658864733,5008,21844,3,430,2933                     
2026-10-06T20:29:20.159	TEL,737,S5,658874733,5008,21844,3,433,2937                     
2026-10-06T20:29:20.159	TEL,738,S5,658884733,5008,21844,3,439,2937                     
2026-10-06T20:29:20.159	TEL,739,S5,658894733,5008,21844,3,428,2927                     
2026-10-06T20:29:20.159	TEL,740,S5,658904733,5008,21844,3,422,2927                     
2026-10-06T20:29:20.159	TEL,741,S5,658914733,5008,21844,3,428,2933                     
2026-10-06T20:29:20.779	TEL,742,S5,658924733,5008,21844,3,428,2933                     
2026-10-06T20:29:20.779	TEL,743,S5,658934733,5008,21844,3,422,2927                     
2026-10-06T20:29:20.779	TEL,744,S5,658944733,5008,21844,3,422,2927                     
2026-10-06T20:29:20.779	TEL,745,S5,658954733,5008,21844,3,428,2933                     
2026-10-06T20:29:20.779	TEL,746,S5,658964733,5008,21844,3,428,2933                     
2026-10-06T20:29:20.779	TEL,747,S5,658974733,5008,21844,3,430,2937                     
2026-10-06T20:29:20.779	TEL,748,S5,658984733,5008,21844,3,439,2937                     
2026-10-06T20:29:20.779	TEL,749,S5,658994733,5008,21844,3,430,2930                     
2026-10-06T20:29:20.779	TEL,750,S5,659004733,5008,21844,3,425,2930                     
2026-10-06T20:29:20.779	TEL,751,S5,659014733,5008,21844,3,428,2933                     
2026-10-06T20:29:20.779	TEL,752,S5,659024733,5008,21844,3,428,2933                     
2026-10-06T20:29:20.779	TEL,753,S5,659034733,5008,21844,3,425,2932                     
2026-10-06T20:29:20.779	TEL,754,S5,659044733,5008,21844,3,419,2932                     
2026-10-06T20:29:20.779	TEL,755,S5,659054733,5008,21844,3,416,2930                     
2026-10-06T20:29:20.779	TEL,756,S5,659064733,5008,21844,3,425,2930                     
2026-10-06T20:29:20.779	TEL,757,S5,659074733,5008,21844,3,428,2933                     
2026-10-06T20:29:20.779	TEL,758,S5,659084733,5008,21844,3,419,2933                     
2026-10-06T20:29:20.779	TEL,759,S5,659094733,5008,21844,3,419,2933                     
2026-10-06T20:29:20.779	TEL,760,S5,659104733,5008,21844,3,419,2933                     
2026-10-06T20:29:20.779	TEL,761,S5,659114733,5008,21844,3,416,2930                     
2026-10-06T20:29:20.780	TEL,762,S5,659124733,5008,21844,3,416,2930                     
2026-10-06T20:29:20.780	TEL,763,S5,659134733,5008,21844,3,419,2933                     
2026-10-06T20:29:20.780	TEL,764,S5,659144733,5008,21844,3,430,2933                     
2026-10-06T20:29:20.780	TEL,765,S5,659154733,5008,21844,3,433,2937                     
2026-10-06T20:29:20.780	TEL,766,S5,659164733,5008,21844,3,430,2937                     
2026-10-06T20:29:20.780	TEL,767,S5,659174733,5008,21844,3,425,2930                     
2026-10-06T20:29:20.780	BTN,4,S5,PRESSED,659208910,659208917                           
2026-10-06T20:29:20.780	TEL,768,S5,659184733,5008,21844,3,416,2930                     
2026-10-06T20:29:20.780	TEL,769,S5,659194733,5008,21844,3,419,2933                     
2026-10-06T20:29:20.780	TEL,770,S5,659204733,5008,21844,3,428,2933                     
2026-10-06T20:29:20.780	TEL,771,S5,659214733,5008,21844,3,430,2937                     
2026-10-06T20:29:20.780	TEL,772,S5,659224733,5008,21844,4,430,2937                     
2026-10-06T20:29:20.780	TEL,773,S5,659234733,5008,21844,4,428,2933                     
2026-10-06T20:29:20.780	TEL,774,S5,659244733,5008,21844,4,422,2933                     
2026-10-06T20:29:20.780	TEL,775,S5,659254733,5008,21844,4,422,2933                     
2026-10-06T20:29:20.780	TEL,776,S5,659264733,5008,21844,4,428,2933                     
2026-10-06T20:29:20.780	TEL,777,S5,659274733,5008,21844,4,428,2933                     
2026-10-06T20:29:20.780	TEL,778,S5,659284733,5008,21844,4,430,2933                     
2026-10-06T20:29:20.780	TEL,779,S5,659294733,5008,21844,4,422,2927                     
2026-10-06T20:29:20.780	TEL,780,S5,659304733,5008,21844,4,422,2927                     
2026-10-06T20:29:20.780	TEL,781,S5,659314733,5008,21844,4,428,2933                     
2026-10-06T20:29:20.780	TEL,782,S5,659324733,5008,21844,4,419,2933                     
2026-10-06T20:29:20.780	TEL,783,S5,659334733,5008,21844,4,422,2937                     
2026-10-06T20:29:20.780	TEL,784,S5,659344733,5008,21844,4,430,2937                     
2026-10-06T20:29:20.780	TEL,785,S5,659354733,5008,21844,4,428,2933                     
2026-10-06T20:29:20.780	TEL,786,S5,659364733,5008,21844,4,430,2933                     
2026-10-06T20:29:20.780	TEL,787,S5,659374733,5008,21844,4,433,2937                     
2026-10-06T20:29:20.780	TEL,788,S5,659384733,5008,21844,4,439,2937                     
2026-10-06T20:29:20.780	TEL,789,S5,659394733,5008,21844,4,433,2933                     
2026-10-06T20:29:20.780	TEL,790,S5,659404733,5008,21844,4,433,2933                     
2026-10-06T20:29:20.780	TEL,791,S5,659414733,5008,21844,4,433,2933                     
2026-10-06T20:29:20.780	TEL,792,S5,659424733,5008,21844,4,428,2933                     
2026-10-06T20:29:20.780	TEL,793,S5,659434733,5008,21844,4,428,2933                     
2026-10-06T20:29:20.780	TEL,794,S5,659444733,5008,21844,4,433,2933                     
2026-10-06T20:29:20.780	TEL,795,S5,659454733,5008,21844,4,433,2932                     
2026-10-06T20:29:20.780	TEL,796,S5,659464733,5008,21844,4,422,2932                     
2026-10-06T20:29:20.780	TEL,797,S5,659474733,5008,21844,4,428,2937                     
2026-10-06T20:29:20.780	TEL,798,S5,659484733,5008,21844,4,428,2937                     
2026-10-06T20:29:20.780	TEL,799,S5,659494733,5008,21844,4,425,2933                     
2026-10-06T20:29:20.780	TEL,800,S5,659504733,5008,21844,4,425,2933                     
2026-10-06T20:29:20.780	TEL,801,S5,659514733,5008,21844,4,428,2937                     
2026-10-06T20:29:20.780	TEL,802,S5,659524733,5008,21844,4,430,2937                     
2026-10-06T20:29:21.399	TEL,803,S5,659534733,5008,21844,4,428,2933                     
2026-10-06T20:29:21.399	TEL,804,S5,659544733,5008,21844,4,425,2933                     
2026-10-06T20:29:21.399	TEL,805,S5,659554733,5008,21844,4,425,2933                     
2026-10-06T20:29:21.399	TEL,806,S5,659564733,5008,21844,4,428,2933                     
2026-10-06T20:29:21.399	TEL,807,S5,659574733,5008,21844,4,428,2933                     
2026-10-06T20:29:21.399	TEL,808,S5,659584733,5008,21844,4,430,2933                     
2026-10-06T20:29:21.399	TEL,809,S5,659594733,5008,21844,4,433,2937                     
2026-10-06T20:29:21.399	TEL,810,S5,659604733,5008,21844,4,428,2937                     
2026-10-06T20:29:21.399	TEL,811,S5,659614733,5008,21844,4,422,2930                     
2026-10-06T20:29:21.399	TEL,812,S5,659624733,5008,21844,4,425,2930                     
2026-10-06T20:29:21.399	TEL,813,S5,659634733,5008,21844,4,428,2933                     
2026-10-06T20:29:21.399	TEL,814,S5,659644733,5008,21844,4,430,2933                     
2026-10-06T20:29:21.399	TEL,815,S5,659654733,5008,21844,4,430,2933                     
2026-10-06T20:29:21.399	TEL,816,S5,659664733,5008,21844,4,419,2933                     
2026-10-06T20:29:21.399	TEL,817,S5,659674733,5008,21844,4,422,2937                     
2026-10-06T20:29:21.399	TEL,818,S5,659684733,5008,21844,4,433,2937                     
2026-10-06T20:29:21.399	TEL,819,S5,659694733,5008,21844,4,433,2937                     
2026-10-06T20:29:21.399	TEL,820,S5,659704733,5008,21844,4,425,2937                     
2026-10-06T20:29:21.399	TEL,821,S5,659714733,5008,21844,4,425,2937                     
2026-10-06T20:29:21.399	TEL,822,S5,659724733,5008,21844,4,433,2937                     
2026-10-06T20:29:21.399	TEL,823,S5,659734733,5008,21844,4,430,2933                     
2026-10-06T20:29:21.399	TEL,824,S5,659744733,5008,21844,4,419,2933                     
2026-10-06T20:29:21.399	TEL,825,S5,659754733,5008,21844,4,419,2933                     
2026-10-06T20:29:21.399	TEL,826,S5,659764733,5008,21844,4,428,2933                     
2026-10-06T20:29:21.399	TEL,827,S5,659774733,5008,21844,4,430,2937                     
2026-10-06T20:29:21.399	TEL,828,S5,659784733,5008,21844,4,433,2937                     
2026-10-06T20:29:21.399	TEL,829,S5,659794733,5008,21844,4,433,2937                     
2026-10-06T20:29:21.399	TEL,830,S5,659804733,5008,21844,4,428,2937                     
2026-10-06T20:29:21.399	TEL,831,S5,659814733,5008,21844,4,428,2937                     
2026-10-06T20:29:21.399	TEL,832,S5,659824733,5008,21844,4,433,2937                     
2026-10-06T20:29:21.399	TEL,833,S5,659834733,5008,21844,4,430,2933                     
2026-10-06T20:29:21.399	TEL,834,S5,659844733,5008,21844,4,433,2933                     
2026-10-06T20:29:21.399	TEL,835,S5,659854733,5008,21844,4,430,2930                     
2026-10-06T20:29:21.399	TEL,836,S5,659864733,5008,21844,4,425,2930                     
2026-10-06T20:29:21.399	TEL,837,S5,659874733,5008,21844,4,428,2933                     
2026-10-06T20:29:21.399	TEL,838,S5,659884733,5008,21844,4,428,2933                     
2026-10-06T20:29:21.399	TEL,839,S5,659894733,5008,21844,4,430,2937                     
2026-10-06T20:29:21.399	TEL,840,S5,659904733,5008,21844,4,439,2937                     
2026-10-06T20:29:21.399	TEL,841,S5,659914733,5008,21844,4,439,2937                     
2026-10-06T20:29:21.399	TEL,842,S5,659924733,5008,21844,4,436,2937                     
2026-10-06T20:29:21.399	TEL,843,S5,659934733,5008,21844,4,433,2933                     
2026-10-06T20:29:21.399	TEL,844,S5,659944733,5008,21844,4,430,2933                     
2026-10-06T20:29:21.399	TEL,845,S5,659954733,5008,21844,4,433,2937                     
2026-10-06T20:29:21.399	TEL,846,S5,659964733,5008,21844,4,433,2937                     
2026-10-06T20:29:21.399	TEL,847,S5,659974733,5008,21844,4,436,2941                     
2026-10-06T20:29:21.399	TEL,848,S5,659984733,5008,21844,4,436,2941                     
2026-10-06T20:29:21.399	TEL,849,S5,659994733,5008,21844,4,422,2927                     
2026-10-06T20:29:21.399	TEL,850,S5,660004733,5008,21844,4,419,2927                     
2026-10-06T20:29:21.399	TEL,851,S5,660014733,5008,21844,4,428,2937                     
2026-10-06T20:29:21.399	TEL,852,S5,660024733,5008,21844,4,433,2937                     
2026-10-06T20:29:21.399	TEL,853,S5,660034733,5008,21844,4,422,2927                     
2026-10-06T20:29:21.399	BTN,5,S5,PRESSED,660075915,660075922                           
2026-10-06T20:29:21.399	TEL,854,S5,660044733,5008,21844,4,422,2927                     
2026-10-06T20:29:21.399	TEL,855,S5,660054733,5008,21844,4,425,2930                     
2026-10-06T20:29:21.399	TEL,856,S5,660064733,5008,21844,4,428,2930                     
2026-10-06T20:29:21.399	TEL,857,S5,660074733,5008,21844,4,433,2937                     
2026-10-06T20:29:21.399	TEL,858,S5,660084733,5008,21844,4,430,2937                     
2026-10-06T20:29:21.399	TEL,859,S5,660094733,5008,21844,5,430,2937                     
2026-10-06T20:29:21.399	TEL,860,S5,660104733,5008,21844,5,430,2937                     
2026-10-06T20:29:21.399	TEL,861,S5,660114733,5008,21844,5,428,2933                     
2026-10-06T20:29:21.399	TEL,862,S5,660124733,5008,21844,5,430,2933                     
2026-10-06T20:29:21.399	TEL,863,S5,660134733,5008,21844,5,430,2933                     
2026-10-06T20:29:22.017	TEL,864,S5,660144733,5008,21844,5,428,2933                     
2026-10-06T20:29:22.017	TEL,865,S5,660154733,5008,21844,5,422,2927                     
2026-10-06T20:29:22.017	TEL,866,S5,660164733,5008,21844,5,422,2927                     
2026-10-06T20:29:22.017	TEL,867,S5,660174733,5008,21844,5,430,2937                     
2026-10-06T20:29:22.017	TEL,868,S5,660184733,5008,21844,5,433,2937                     
2026-10-06T20:29:22.017	TEL,869,S5,660194733,5008,21844,5,430,2933                     
2026-10-06T20:29:22.017	TEL,870,S5,660204733,5008,21844,5,430,2933                     
2026-10-06T20:29:22.017	TEL,871,S5,660214733,5008,21844,5,430,2933                     
2026-10-06T20:29:22.017	TEL,872,S5,660224733,5008,21844,5,430,2933                     
2026-10-06T20:29:22.017	TEL,873,S5,660234733,5008,21844,5,430,2933                     
2026-10-06T20:29:22.017	TEL,874,S5,660244733,5008,21844,5,428,2933                     
2026-10-06T20:29:22.017	TEL,875,S5,660254733,5008,21844,5,430,2937                     
2026-10-06T20:29:22.017	TEL,876,S5,660264733,5008,21844,5,430,2937                     
2026-10-06T20:29:22.017	TEL,877,S5,660274733,5008,21844,5,430,2937                     
2026-10-06T20:29:22.017	TEL,878,S5,660284733,5008,21844,5,430,2937                     
2026-10-06T20:29:22.017	TEL,879,S5,660294733,5008,21844,5,425,2930                     
2026-10-06T20:29:22.017	TEL,880,S5,660304733,5008,21844,5,428,2930                     
2026-10-06T20:29:22.017	TEL,881,S5,660314733,5008,21844,5,428,2930                     
2026-10-06T20:29:22.017	TEL,882,S5,660324733,5008,21844,5,410,2930                     
2026-10-06T20:29:22.017	TEL,883,S5,660334733,5008,21844,5,413,2933                     
2026-10-06T20:29:22.017	TEL,884,S5,660344733,5008,21844,5,430,2933                     
2026-10-06T20:29:22.017	TEL,885,S5,660354733,5008,21844,5,433,2937                     
2026-10-06T20:29:22.017	TEL,886,S5,660364733,5008,21844,5,430,2937                     
2026-10-06T20:29:22.017	TEL,887,S5,660374733,5008,21844,5,425,2932                     
2026-10-06T20:29:22.017	TEL,888,S5,660384733,5008,21844,5,425,2932                     
2026-10-06T20:29:22.017	TEL,889,S5,660394733,5008,21844,5,422,2927                     
2026-10-06T20:29:22.017	TEL,890,S5,660404733,5008,21844,5,422,2927                     
2026-10-06T20:29:22.017	TEL,891,S5,660414733,5008,21844,5,430,2937                     
2026-10-06T20:29:22.017	TEL,892,S5,660424733,5008,21844,5,433,2937                     
2026-10-06T20:29:22.017	TEL,893,S5,660434733,5008,21844,5,430,2933                     
2026-10-06T20:29:22.017	TEL,894,S5,660444733,5008,21844,5,425,2933                     
2026-10-06T20:29:22.017	TEL,895,S5,660454733,5008,21844,5,425,2933                     
2026-10-06T20:29:22.017	TEL,896,S5,660464733,5008,21844,5,428,2933                     
2026-10-06T20:29:22.017	TEL,897,S5,660474733,5008,21844,5,428,2933                     
2026-10-06T20:29:22.017	TEL,898,S5,660484733,5008,21844,5,433,2933                     
2026-10-06T20:29:22.017	TEL,899,S5,660494733,5008,21844,5,433,2933                     
2026-10-06T20:29:22.017	TEL,900,S5,660504733,5008,21844,5,430,2933                     
2026-10-06T20:29:22.017	TEL,901,S5,660514733,5008,21844,5,433,2937                     
2026-10-06T20:29:22.017	TEL,902,S5,660524733,5008,21844,5,430,2937                     
2026-10-06T20:29:22.017	TEL,903,S5,660534733,5008,21844,5,430,2937                     
2026-10-06T20:29:22.017	TEL,904,S5,660544733,5008,21844,5,439,2937                     
2026-10-06T20:29:22.017	TEL,905,S5,660554733,5008,21844,5,439,2937                     
2026-10-06T20:29:22.017	TEL,906,S5,660564733,5008,21844,5,428,2937                     
2026-10-06T20:29:22.017	TEL,907,S5,660574733,5008,21844,5,425,2933                     
2026-10-06T20:29:22.017	TEL,908,S5,660584733,5008,21844,5,413,2933                     
2026-10-06T20:29:22.017	TEL,909,S5,660594733,5008,21844,5,413,2933                     
2026-10-06T20:29:22.017	TEL,910,S5,660604733,5008,21844,5,422,2933                     
2026-10-06T20:29:22.017	TEL,911,S5,660614733,5008,21844,5,425,2937                     
2026-10-06T20:29:22.017	TEL,912,S5,660624733,5008,21844,5,430,2937                     
2026-10-06T20:29:22.017	TEL,913,S5,660634733,5008,21844,5,428,2933                     
2026-10-06T20:29:22.017	TEL,914,S5,660644733,5008,21844,5,428,2933                     
2026-10-06T20:29:22.017	TEL,915,S5,660654733,5008,21844,5,428,2933                     
2026-10-06T20:29:22.017	TEL,916,S5,660664733,5008,21844,5,413,2933                     
2026-10-06T20:29:22.017	TEL,917,S5,660674733,5008,21844,5,413,2933                     
2026-10-06T20:29:22.017	BTN,6,S5,PRESSED,660727921,660727928                           
2026-10-06T20:29:22.017	TEL,918,S5,660684733,5008,21844,5,419,2933                     
2026-10-06T20:29:22.017	TEL,919,S5,660694733,5008,21844,5,419,2933                     
2026-10-06T20:29:22.017	TEL,920,S5,660704733,5008,21844,5,433,2933                     
2026-10-06T20:29:22.017	TEL,921,S5,660714733,5008,21844,5,439,2937                     
2026-10-06T20:29:22.017	TEL,922,S5,660724733,5008,21844,5,430,2937                     
2026-10-06T20:29:22.017	TEL,923,S5,660734733,5008,21844,5,428,2933                     
2026-10-06T20:29:22.017	TEL,924,S5,660744733,5008,21844,6,428,2933                     
2026-10-06T20:29:22.634	TEL,925,S5,660754733,5008,21844,6,430,2937                     
2026-10-06T20:29:22.634	TEL,926,S5,660764733,5008,21844,6,430,2937                     
2026-10-06T20:29:22.634	TEL,927,S5,660774733,5008,21844,6,425,2930                     
2026-10-06T20:29:22.634	TEL,928,S5,660784733,5008,21844,6,419,2930                     
2026-10-06T20:29:22.634	TEL,929,S5,660794733,5008,21844,6,425,2937                     
2026-10-06T20:29:22.634	TEL,930,S5,660804733,5008,21844,6,433,2937                     
2026-10-06T20:29:22.634	TEL,931,S5,660814733,5008,21844,6,433,2937                     
2026-10-06T20:29:22.634	TEL,932,S5,660824733,5008,21844,6,430,2937                     
2026-10-06T20:29:22.634	TEL,933,S5,660834733,5008,21844,6,425,2930                     
2026-10-06T20:29:22.634	TEL,934,S5,660844733,5008,21844,6,428,2930                     
2026-10-06T20:29:22.634	TEL,935,S5,660854733,5008,21844,6,428,2930                     
2026-10-06T20:29:22.634	TEL,936,S5,660864733,5008,21844,6,416,2930                     
2026-10-06T20:29:22.634	TEL,937,S5,660874733,5008,21844,6,422,2937                     
2026-10-06T20:29:22.634	TEL,938,S5,660884733,5008,21844,6,422,2937                     
2026-10-06T20:29:22.634	TEL,939,S5,660894733,5008,21844,6,419,2933                     
2026-10-06T20:29:22.634	TEL,940,S5,660904733,5008,21844,6,430,2933                     
2026-10-06T20:29:22.634	TEL,941,S5,660914733,5008,21844,6,430,2933                     
2026-10-06T20:29:22.634	TEL,942,S5,660924733,5008,21844,6,428,2933                     
2026-10-06T20:29:22.634	TEL,943,S5,660934733,5008,21844,6,425,2932                     
2026-10-06T20:29:22.634	TEL,944,S5,660944733,5008,21844,6,425,2932                     
2026-10-06T20:29:22.634	TEL,945,S5,660954733,5008,21844,6,430,2937                     
2026-10-06T20:29:22.634	TEL,946,S5,660964733,5008,21844,6,433,2937                     
2026-10-06T20:29:22.634	TEL,947,S5,660974733,5008,21844,6,428,2930                     
2026-10-06T20:29:22.634	TEL,948,S5,660984733,5008,21844,6,428,2930                     
2026-10-06T20:29:22.634	TEL,949,S5,660994733,5008,21844,6,430,2933                     
2026-10-06T20:29:22.634	TEL,950,S5,661004733,5008,21844,6,425,2933                     
2026-10-06T20:29:22.634	TEL,951,S5,661014733,5008,21844,6,425,2933                     
2026-10-06T20:29:22.634	TEL,952,S5,661024733,5008,21844,6,428,2933                     
2026-10-06T20:29:22.634	TEL,953,S5,661034733,5008,21844,6,430,2937                     
2026-10-06T20:29:22.634	TEL,954,S5,661044733,5008,21844,6,422,2937                     
2026-10-06T20:29:22.634	TEL,955,S5,661054733,5008,21844,6,422,2937                     
2026-10-06T20:29:22.634	TEL,956,S5,661064733,5008,21844,6,422,2937                     
2026-10-06T20:29:22.634	TEL,957,S5,661074733,5008,21844,6,419,2933                     
2026-10-06T20:29:22.634	TEL,958,S5,661084733,5008,21844,6,439,2933                     
2026-10-06T20:29:22.634	TEL,959,S5,661094733,5008,21844,6,439,2933                     
2026-10-06T20:29:22.634	TEL,960,S5,661104733,5008,21844,6,430,2933                     
2026-10-06T20:29:22.634	TEL,961,S5,661114733,5008,21844,6,428,2930                     
2026-10-06T20:29:22.634	TEL,962,S5,661124733,5008,21844,6,428,2930                     
2026-10-06T20:29:22.634	TEL,963,S5,661134733,5008,21844,6,428,2932                     
2026-10-06T20:29:22.634	TEL,964,S5,661144733,5008,21844,6,425,2932                     
2026-10-06T20:29:22.634	TEL,965,S5,661154733,5008,21844,6,433,2941                     
2026-10-06T20:29:22.634	TEL,966,S5,661164733,5008,21844,6,425,2941                     
2026-10-06T20:29:22.634	TEL,967,S5,661174733,5008,21844,6,419,2932                     
2026-10-06T20:29:22.634	TEL,968,S5,661184733,5008,21844,6,428,2932                     
2026-10-06T20:29:22.634	TEL,969,S5,661194733,5008,21844,6,433,2937                     
2026-10-06T20:29:22.634	TEL,970,S5,661204733,5008,21844,6,430,2937                     
2026-10-06T20:29:22.634	TEL,971,S5,661214733,5008,21844,6,428,2933                     
2026-10-06T20:29:22.634	TEL,972,S5,661224733,5008,21844,6,425,2933                     
2026-10-06T20:29:22.634	TEL,973,S5,661234733,5008,21844,6,425,2933                     
2026-10-06T20:29:22.634	TEL,974,S5,661244733,5008,21844,6,428,2933                     
2026-10-06T20:29:22.634	TEL,975,S5,661254733,5008,21844,6,425,2930                     
2026-10-06T20:29:22.634	TEL,976,S5,661264733,5008,21844,6,416,2930                     
2026-10-06T20:29:22.634	TEL,977,S5,661274733,5008,21844,6,413,2928                     
2026-10-06T20:29:22.634	TEL,978,S5,661284733,5008,21844,6,422,2928                     
2026-10-06T20:29:22.634	TEL,979,S5,661294733,5008,21844,6,430,2937                     
2026-10-06T20:29:22.634	TEL,980,S5,661304733,5008,21844,6,433,2937                     
2026-10-06T20:29:22.634	TEL,981,S5,661314733,5008,21844,6,430,2933                     
2026-10-06T20:29:22.634	TEL,982,S5,661324733,5008,21844,6,430,2933                     
2026-10-06T20:29:22.634	TEL,983,S5,661334733,5008,21844,6,433,2937                     
2026-10-06T20:29:22.634	TEL,984,S5,661344733,5008,21844,6,422,2937                     
2026-10-06T20:29:22.634	TEL,985,S5,661354733,5008,21844,6,422,2937                     
2026-10-06T20:29:22.634	TEL,986,S5,661364733,5008,21844,6,422,2937                     
2026-10-06T20:29:23.258	TEL,987,S5,661374733,5008,21844,6,422,2937                     
2026-10-06T20:29:23.258	TEL,988,S5,661384733,5008,21844,6,422,2937                     
2026-10-06T20:29:23.258	TEL,989,S5,661394733,5008,21844,6,422,2937                     
2026-10-06T20:29:23.258	TEL,990,S5,661404733,5008,21844,6,428,2937                     
2026-10-06T20:29:23.258	TEL,991,S5,661414733,5008,21844,6,425,2933                     
2026-10-06T20:29:23.258	BTN,7,S5,PRESSED,661475926,661475933                           
2026-10-06T20:29:23.258	TEL,992,S5,661424733,5008,21844,6,422,2933                     
2026-10-06T20:29:23.258	TEL,993,S5,661434733,5008,21844,6,416,2927                     
2026-10-06T20:29:23.258	TEL,994,S5,661444733,5008,21844,6,413,2927                     
2026-10-06T20:29:23.258	TEL,995,S5,661454733,5008,21844,6,419,2932                     
2026-10-06T20:29:23.258	TEL,996,S5,661464733,5008,21844,6,428,2932                     
2026-10-06T20:29:23.258	TEL,997,S5,661474733,5008,21844,6,430,2933                     
2026-10-06T20:29:23.258	TEL,998,S5,661484733,5008,21844,6,430,2933                     
2026-10-06T20:29:23.258	TEL,999,S5,661494733,5008,21844,7,430,2933                     
2026-10-06T20:29:23.258	TEL,1000,S5,661504733,5008,21844,7,430,2933                    
2026-10-06T20:29:23.258	TEL,1001,S5,661514733,5008,21844,7,430,2933                    
2026-10-06T20:29:23.258	TEL,1002,S5,661524733,5008,21844,7,422,2933                    
2026-10-06T20:29:23.258	TEL,1003,S5,661534733,5008,21844,7,416,2927                    
2026-10-06T20:29:23.258	TEL,1004,S5,661544733,5008,21844,7,422,2927                    
2026-10-06T20:29:23.258	TEL,1005,S5,661554733,5008,21844,7,428,2933                    
2026-10-06T20:29:23.258	TEL,1006,S5,661564733,5008,21844,7,428,2933                    
2026-10-06T20:29:23.258	TEL,1007,S5,661574733,5008,21844,7,428,2933                    
2026-10-06T20:29:23.258	TEL,1008,S5,661584733,5008,21844,7,436,2933                    
2026-10-06T20:29:23.258	TEL,1009,S5,661594733,5008,21844,7,436,2933                    
2026-10-06T20:29:23.258	TEL,1010,S5,661604733,5008,21844,7,433,2933                    
2026-10-06T20:29:23.258	TEL,1011,S5,661614733,5008,21844,7,433,2933                    
2026-10-06T20:29:23.258	TEL,1012,S5,661624733,5008,21844,7,422,2933                    
2026-10-06T20:29:23.258	TEL,1013,S5,661634733,5008,21844,7,416,2927                    
2026-10-06T20:29:23.258	TEL,1014,S5,661644733,5008,21844,7,425,2927                    
2026-10-06T20:29:23.258	TEL,1015,S5,661654733,5008,21844,7,433,2933                    
2026-10-06T20:29:23.258	TEL,1016,S5,661664733,5008,21844,7,428,2933                    
2026-10-06T20:29:23.258	TEL,1017,S5,661674733,5008,21844,7,428,2933                    
2026-10-06T20:29:23.258	TEL,1018,S5,661684733,5008,21844,7,428,2933                    
2026-10-06T20:29:23.258	TEL,1019,S5,661694733,5008,21844,7,428,2933                    
2026-10-06T20:29:23.258	TEL,1020,S5,661704733,5008,21844,7,428,2933                    
2026-10-06T20:29:23.258	TEL,1021,S5,661714733,5008,21844,7,422,2927                    
2026-10-06T20:29:23.258	TEL,1022,S5,661724733,5008,21844,7,428,2927                    
2026-10-06T20:29:23.258	TEL,1023,S5,661734733,5008,21844,7,430,2930                    
2026-10-06T20:29:23.258	TEL,1024,S5,661744733,5008,21844,7,425,2930                    
2026-10-06T20:29:23.258	TEL,1025,S5,661754733,5008,21844,7,422,2927                    
2026-10-06T20:29:23.258	TEL,1026,S5,661764733,5008,21844,7,416,2927                    
2026-10-06T20:29:23.258	TEL,1027,S5,661774733,5008,21844,7,416,2927                    
2026-10-06T20:29:23.258	TEL,1028,S5,661784733,5008,21844,7,422,2927                    
2026-10-06T20:29:23.258	TEL,1029,S5,661794733,5008,21844,7,425,2930                    
2026-10-06T20:29:23.258	TEL,1030,S5,661804733,5008,21844,7,428,2930                    
2026-10-06T20:29:23.258	TEL,1031,S5,661814733,5008,21844,7,430,2933                    
2026-10-06T20:29:23.258	TEL,1032,S5,661824733,5008,21844,7,428,2933                    
2026-10-06T20:29:23.258	TEL,1033,S5,661834733,5008,21844,7,428,2935                    
2026-10-06T20:29:23.258	TEL,1034,S5,661844733,5008,21844,7,428,2935                    
2026-10-06T20:29:23.258	TEL,1035,S5,661854733,5008,21844,7,430,2937                    
2026-10-06T20:29:23.258	TEL,1036,S5,661864733,5008,21844,7,430,2937                    
2026-10-06T20:29:23.258	TEL,1037,S5,661874733,5008,21844,7,428,2933                    
2026-10-06T20:29:23.258	TEL,1038,S5,661884733,5008,21844,7,428,2933                    
2026-10-06T20:29:23.258	TEL,1039,S5,661894733,5008,21844,7,428,2933                    
2026-10-06T20:29:23.258	TEL,1040,S5,661904733,5008,21844,7,425,2933                    
2026-10-06T20:29:23.258	TEL,1041,S5,661914733,5008,21844,7,422,2930                    
2026-10-06T20:29:23.258	TEL,1042,S5,661924733,5008,21844,7,425,2930                    
2026-10-06T20:29:23.258	TEL,1043,S5,661934733,5008,21844,7,428,2933                    
2026-10-06T20:29:23.258	TEL,1044,S5,661944733,5008,21844,7,433,2933                    
2026-10-06T20:29:23.258	TEL,1045,S5,661954733,5008,21844,7,433,2933                    
2026-10-06T20:29:23.258	TEL,1046,S5,661964733,5008,21844,7,425,2933                    
2026-10-06T20:29:23.258	TEL,1047,S5,661974733,5008,21844,7,425,2933                    
2026-10-06T20:29:23.878	TEL,1048,S5,661984733,5008,21844,7,416,2933                    
2026-10-06T20:29:23.878	TEL,1049,S5,661994733,5008,21844,7,410,2927                    
2026-10-06T20:29:23.878	TEL,1050,S5,662004733,5008,21844,7,422,2927                    
2026-10-06T20:29:23.878	TEL,1051,S5,662014733,5008,21844,7,422,2927                    
2026-10-06T20:29:23.878	TEL,1052,S5,662024733,5008,21844,7,419,2927                    
2026-10-06T20:29:23.878	TEL,1053,S5,662034733,5008,21844,7,419,2927                    
2026-10-06T20:29:23.878	TEL,1054,S5,662044733,5008,21844,7,416,2927                    
2026-10-06T20:29:23.878	TEL,1055,S5,662054733,5008,21844,7,422,2933                    
2026-10-06T20:29:23.878	TEL,1056,S5,662064733,5008,21844,7,422,2933                    
2026-10-06T20:29:23.878	TEL,1057,S5,662074733,5008,21844,7,416,2927                    
2026-10-06T20:29:23.878	TEL,1058,S5,662084733,5008,21844,7,422,2927                    
2026-10-06T20:29:23.878	TEL,1059,S5,662094733,5008,21844,7,428,2933                    
2026-10-06T20:29:23.878	TEL,1060,S5,662104733,5008,21844,7,422,2933                    
2026-10-06T20:29:23.878	TEL,1061,S5,662114733,5008,21844,7,419,2930                    
2026-10-06T20:29:23.878	TEL,1062,S5,662124733,5008,21844,7,425,2930                    
2026-10-06T20:29:23.878	TEL,1063,S5,662134733,5008,21844,7,428,2933                    
2026-10-06T20:29:23.878	TEL,1064,S5,662144733,5008,21844,7,428,2933                    
2026-10-06T20:29:23.878	TEL,1065,S5,662154733,5008,21844,7,428,2933                    
2026-10-06T20:29:23.878	TEL,1066,S5,662164733,5008,21844,7,430,2933                    
2026-10-06T20:29:23.878	TEL,1067,S5,662174733,5008,21844,7,428,2930                    
2026-10-06T20:29:23.878	BTN,8,S5,PRESSED,662247932,662247939                           
2026-10-06T20:29:23.878	TEL,1068,S5,662184733,5008,21844,7,428,2930                    
2026-10-06T20:29:23.878	TEL,1069,S5,662194733,5008,21844,7,433,2933                    
2026-10-06T20:29:23.878	TEL,1070,S5,662204733,5008,21844,7,428,2933                    
2026-10-06T20:29:23.878	TEL,1071,S5,662214733,5008,21844,7,428,2933                    
2026-10-06T20:29:23.878	TEL,1072,S5,662224733,5008,21844,7,428,2933                    
2026-10-06T20:29:23.878	TEL,1073,S5,662234733,5008,21844,7,422,2928                    
2026-10-06T20:29:23.878	TEL,1074,S5,662244733,5008,21844,7,422,2928                    
2026-10-06T20:29:23.878	TEL,1075,S5,662254733,5008,21844,7,422,2927                    
2026-10-06T20:29:23.878	TEL,1076,S5,662264733,5008,21844,8,425,2927                    
2026-10-06T20:29:23.878	TEL,1077,S5,662274733,5008,21844,8,436,2937                    
2026-10-06T20:29:23.878	TEL,1078,S5,662284733,5008,21844,8,430,2937                    
2026-10-06T20:29:23.878	TEL,1079,S5,662294733,5008,21844,8,428,2933                    
2026-10-06T20:29:23.878	TEL,1080,S5,662304733,5008,21844,8,425,2933                    
2026-10-06T20:29:23.878	TEL,1081,S5,662314733,5008,21844,8,419,2927                    
2026-10-06T20:29:23.878	TEL,1082,S5,662324733,5008,21844,8,425,2927                    
2026-10-06T20:29:23.878	TEL,1083,S5,662334733,5008,21844,8,433,2933                    
2026-10-06T20:29:23.878	TEL,1084,S5,662344733,5008,21844,8,425,2933                    
2026-10-06T20:29:23.878	TEL,1085,S5,662354733,5008,21844,8,422,2930                    
2026-10-06T20:29:23.878	TEL,1086,S5,662364733,5008,21844,8,425,2930                    
2026-10-06T20:29:23.878	TEL,1087,S5,662374733,5008,21844,8,428,2933                    
2026-10-06T20:29:23.878	TEL,1088,S5,662384733,5008,21844,8,422,2933                    
2026-10-06T20:29:23.878	TEL,1089,S5,662394733,5008,21844,8,419,2930                    
2026-10-06T20:29:23.878	TEL,1090,S5,662404733,5008,21844,8,425,2930                    
2026-10-06T20:29:23.878	TEL,1091,S5,662414733,5008,21844,8,422,2927                    
2026-10-06T20:29:23.878	TEL,1092,S5,662424733,5008,21844,8,419,2927                    
2026-10-06T20:29:23.878	TEL,1093,S5,662434733,5008,21844,8,422,2930                    
2026-10-06T20:29:23.878	TEL,1094,S5,662444733,5008,21844,8,425,2930                    
2026-10-06T20:29:23.878	TEL,1095,S5,662454733,5008,21844,8,422,2927                    
2026-10-06T20:29:23.878	TEL,1096,S5,662464733,5008,21844,8,422,2927                    
2026-10-06T20:29:23.878	TEL,1097,S5,662474733,5008,21844,8,422,2927                    
2026-10-06T20:29:23.878	TEL,1098,S5,662484733,5008,21844,8,425,2927                    
2026-10-06T20:29:23.878	TEL,1099,S5,662494733,5008,21844,8,433,2933                    
2026-10-06T20:29:23.878	TEL,1100,S5,662504733,5008,21844,8,428,2933                    
2026-10-06T20:29:23.878	TEL,1101,S5,662514733,5008,21844,8,428,2935                    
2026-10-06T20:29:23.878	TEL,1102,S5,662524733,5008,21844,8,433,2935                    
2026-10-06T20:29:23.878	TEL,1103,S5,662534733,5008,21844,8,433,2933                    
2026-10-06T20:29:23.878	TEL,1104,S5,662544733,5008,21844,8,428,2933                    
2026-10-06T20:29:23.878	TEL,1105,S5,662554733,5008,21844,8,422,2927                    
2026-10-06T20:29:23.878	TEL,1106,S5,662564733,5008,21844,8,422,2927                    
2026-10-06T20:29:23.878	TEL,1107,S5,662574733,5008,21844,8,428,2933                    
2026-10-06T20:29:23.878	TEL,1108,S5,662584733,5008,21844,8,428,2933                    
2026-10-06T20:29:24.498	TEL,1109,S5,662594733,5008,21844,8,425,2930                    
2026-10-06T20:29:24.498	TEL,1110,S5,662604733,5008,21844,8,428,2930                    
2026-10-06T20:29:24.498	TEL,1111,S5,662614733,5008,21844,8,428,2928                    
2026-10-06T20:29:24.498	TEL,1112,S5,662624733,5008,21844,8,416,2928                    
2026-10-06T20:29:24.498	TEL,1113,S5,662634733,5008,21844,8,422,2933                    
2026-10-06T20:29:24.498	TEL,1114,S5,662644733,5008,21844,8,422,2933                    
2026-10-06T20:29:24.498	TEL,1115,S5,662654733,5008,21844,8,422,2933                    
2026-10-06T20:29:24.498	TEL,1116,S5,662664733,5008,21844,8,428,2933                    
2026-10-06T20:29:24.498	TEL,1117,S5,662674733,5008,21844,8,428,2933                    
2026-10-06T20:29:24.498	TEL,1118,S5,662684733,5008,21844,8,422,2933                    
2026-10-06T20:29:24.498	TEL,1119,S5,662694733,5008,21844,8,422,2933                    
2026-10-06T20:29:24.498	TEL,1120,S5,662704733,5008,21844,8,428,2933                    
2026-10-06T20:29:24.498	TEL,1121,S5,662714733,5008,21844,8,428,2933                    
2026-10-06T20:29:24.498	TEL,1122,S5,662724733,5008,21844,8,428,2933                    
2026-10-06T20:29:24.498	TEL,1123,S5,662734733,5008,21844,8,428,2933                    
2026-10-06T20:29:24.498	TEL,1124,S5,662744733,5008,21844,8,425,2933                    
2026-10-06T20:29:24.498	TEL,1125,S5,662754733,5008,21844,8,425,2933                    
2026-10-06T20:29:24.498	TEL,1126,S5,662764733,5008,21844,8,428,2933                    
2026-10-06T20:29:24.498	TEL,1127,S5,662774733,5008,21844,8,428,2933                    
2026-10-06T20:29:24.498	TEL,1128,S5,662784733,5008,21844,8,428,2933                    
2026-10-06T20:29:24.498	TEL,1129,S5,662794733,5008,21844,8,428,2933                    
2026-10-06T20:29:24.498	TEL,1130,S5,662804733,5008,21844,8,428,2933                    
2026-10-06T20:29:24.498	TEL,1131,S5,662814733,5008,21844,8,425,2930                    
2026-10-06T20:29:24.498	TEL,1132,S5,662824733,5008,21844,8,419,2930                    
2026-10-06T20:29:24.498	TEL,1133,S5,662834733,5008,21844,8,422,2933                    
2026-10-06T20:29:24.498	BTN,9,S5,PRESSED,662916937,662916944                           
2026-10-06T20:29:24.498	TEL,1134,S5,662844733,5008,21844,8,425,2933                    
2026-10-06T20:29:24.498	TEL,1135,S5,662854733,5008,21844,8,428,2937                    
2026-10-06T20:29:24.498	TEL,1136,S5,662864733,5008,21844,8,419,2937                    
2026-10-06T20:29:24.498	TEL,1137,S5,662874733,5008,21844,8,416,2933                    
2026-10-06T20:29:24.498	TEL,1138,S5,662884733,5008,21844,8,433,2933                    
2026-10-06T20:29:24.498	TEL,1139,S5,662894733,5008,21844,8,433,2933                    
2026-10-06T20:29:24.498	TEL,1140,S5,662904733,5008,21844,8,428,2933                    
2026-10-06T20:29:24.498	TEL,1141,S5,662914733,5008,21844,8,428,2933                    
2026-10-06T20:29:24.498	TEL,1142,S5,662924733,5008,21844,8,428,2933                    
2026-10-06T20:29:24.498	TEL,1143,S5,662934733,5008,21844,9,428,2933                    
2026-10-06T20:29:24.498	TEL,1144,S5,662944733,5008,21844,9,428,2933                    
2026-10-06T20:29:24.498	TEL,1145,S5,662954733,5008,21844,9,425,2930                    
2026-10-06T20:29:24.498	TEL,1146,S5,662964733,5008,21844,9,419,2930                    
2026-10-06T20:29:24.498	TEL,1147,S5,662974733,5008,21844,9,422,2933                    
2026-10-06T20:29:24.498	TEL,1148,S5,662984733,5008,21844,9,428,2933                    
2026-10-06T20:29:24.498	TEL,1149,S5,662994733,5008,21844,9,428,2933                    
2026-10-06T20:29:24.498	TEL,1150,S5,663004733,5008,21844,9,425,2933                    
2026-10-06T20:29:24.498	TEL,1151,S5,663014733,5008,21844,9,425,2933                    
2026-10-06T20:29:24.498	TEL,1152,S5,663024733,5008,21844,9,428,2933                    
2026-10-06T20:29:24.498	TEL,1153,S5,663034733,5008,21844,9,428,2933                    
2026-10-06T20:29:24.498	TEL,1154,S5,663044733,5008,21844,9,428,2933                    
2026-10-06T20:29:24.498	TEL,1155,S5,663054733,5008,21844,9,428,2933                    
2026-10-06T20:29:24.498	TEL,1156,S5,663064733,5008,21844,9,428,2933                    
2026-10-06T20:29:24.498	TEL,1157,S5,663074733,5008,21844,9,428,2933                    
2026-10-06T20:29:24.498	TEL,1158,S5,663084733,5008,21844,9,428,2933                    
2026-10-06T20:29:24.498	TEL,1159,S5,663094733,5008,21844,9,428,2933                    
2026-10-06T20:29:24.498	TEL,1160,S5,663104733,5008,21844,9,428,2933                    
2026-10-06T20:29:24.498	TEL,1161,S5,663114733,5008,21844,9,428,2933                    
2026-10-06T20:29:24.498	TEL,1162,S5,663124733,5008,21844,9,422,2933                    
2026-10-06T20:29:24.498	TEL,1163,S5,663134733,5008,21844,9,422,2933                    
2026-10-06T20:29:24.498	TEL,1164,S5,663144733,5008,21844,9,416,2933                    
2026-10-06T20:29:24.498	TEL,1165,S5,663154733,5008,21844,9,416,2933                    
2026-10-06T20:29:24.498	TEL,1166,S5,663164733,5008,21844,9,428,2933                    
2026-10-06T20:29:24.498	TEL,1167,S5,663174733,5008,21844,9,428,2933                    
2026-10-06T20:29:24.498	TEL,1168,S5,663184733,5008,21844,9,428,2933                    
2026-10-06T20:29:24.498	TEL,1169,S5,663194733,5008,21844,9,428,2933                    
2026-10-06T20:29:25.113	TEL,1170,S5,663204733,5008,21844,9,428,2933                    
2026-10-06T20:29:25.113	TEL,1171,S5,663214733,5008,21844,9,425,2930                    
2026-10-06T20:29:25.113	TEL,1172,S5,663224733,5008,21844,9,425,2930                    
2026-10-06T20:29:25.113	TEL,1173,S5,663234733,5008,21844,9,428,2933                    
2026-10-06T20:29:25.113	TEL,1174,S5,663244733,5008,21844,9,428,2933                    
2026-10-06T20:29:25.113	TEL,1175,S5,663254733,5008,21844,9,428,2933                    
2026-10-06T20:29:25.113	TEL,1176,S5,663264733,5008,21844,9,433,2933                    
2026-10-06T20:29:25.113	TEL,1177,S5,663274733,5008,21844,9,433,2933                    
2026-10-06T20:29:25.113	TEL,1178,S5,663284733,5008,21844,9,422,2933                    
2026-10-06T20:29:25.113	TEL,1179,S5,663294733,5008,21844,9,422,2933                    
2026-10-06T20:29:25.113	TEL,1180,S5,663304733,5008,21844,9,428,2933                    
2026-10-06T20:29:25.113	TEL,1181,S5,663314733,5008,21844,9,428,2933                    
2026-10-06T20:29:25.113	TEL,1182,S5,663324733,5008,21844,9,428,2933                    
2026-10-06T20:29:25.113	TEL,1183,S5,663334733,5008,21844,9,428,2933                    
2026-10-06T20:29:25.113	TEL,1184,S5,663344733,5008,21844,9,428,2933                    
2026-10-06T20:29:25.113	TEL,1185,S5,663354733,5008,21844,9,428,2933                    
2026-10-06T20:29:25.113	TEL,1186,S5,663364733,5008,21844,9,428,2933                    
2026-10-06T20:29:25.113	TEL,1187,S5,663374733,5008,21844,9,425,2930                    
2026-10-06T20:29:25.113	TEL,1188,S5,663384733,5008,21844,9,419,2930                    
2026-10-06T20:29:25.113	TEL,1189,S5,663394733,5008,21844,9,422,2933                    
2026-10-06T20:29:25.113	TEL,1190,S5,663404733,5008,21844,9,422,2933                    
2026-10-06T20:29:25.113	TEL,1191,S5,663414733,5008,21844,9,422,2933                    
2026-10-06T20:29:25.113	TEL,1192,S5,663424733,5008,21844,9,425,2933                    
2026-10-06T20:29:25.113	TEL,1193,S5,663434733,5008,21844,9,425,2933                    
2026-10-06T20:29:25.113	TEL,1194,S5,663444733,5008,21844,9,422,2933                    
2026-10-06T20:29:25.113	TEL,1195,S5,663454733,5008,21844,9,422,2933                    
2026-10-06T20:29:25.113	TEL,1196,S5,663464733,5008,21844,9,428,2933                    
2026-10-06T20:29:25.113	TEL,1197,S5,663474733,5008,21844,9,428,2933                    
2026-10-06T20:29:25.113	TEL,1198,S5,663484733,5008,21844,9,428,2933                    
2026-10-06T20:29:25.113	TEL,1199,S5,663494733,5008,21844,9,428,2933                    
2026-10-06T20:29:25.113	TEL,1200,S5,663504733,5008,21844,9,433,2933                    
2026-10-06T20:29:25.113	TEL,1201,S5,663514733,5008,21844,9,433,2933                    
2026-10-06T20:29:25.113	TEL,1202,S5,663524733,5008,21844,9,428,2933                    
2026-10-06T20:29:25.113	TEL,1203,S5,663534733,5008,21844,9,428,2933                    
2026-10-06T20:29:25.113	TEL,1204,S5,663544733,5008,21844,9,422,2933                    
2026-10-06T20:29:25.113	TEL,1205,S5,663554733,5008,21844,9,419,2932                    
2026-10-06T20:29:25.113	BTN,10,S5,PRESSED,663645943,663645950                          
2026-10-06T20:29:25.113	TEL,1206,S5,663564733,5008,21844,9,419,2932                    
2026-10-06T20:29:25.113	TEL,1207,S5,663574733,5008,21844,9,419,2933                    
2026-10-06T20:29:25.113	TEL,1208,S5,663584733,5008,21844,9,425,2933                    
2026-10-06T20:29:25.113	TEL,1209,S5,663594733,5008,21844,9,419,2927                    
2026-10-06T20:29:25.113	TEL,1210,S5,663604733,5008,21844,9,425,2927                    
2026-10-06T20:29:25.113	TEL,1211,S5,663614733,5008,21844,9,433,2933                    
2026-10-06T20:29:25.113	TEL,1212,S5,663624733,5008,21844,9,428,2933                    
2026-10-06T20:29:25.113	TEL,1213,S5,663634733,5008,21844,9,428,2933                    
2026-10-06T20:29:25.113	TEL,1214,S5,663644733,5008,21844,9,428,2933                    
2026-10-06T20:29:25.113	TEL,1215,S5,663654733,5008,21844,9,428,2933                    
2026-10-06T20:29:25.113	TEL,1216,S5,663664733,5008,21844,10,433,2933                   
2026-10-06T20:29:25.113	TEL,1217,S5,663674733,5008,21844,10,433,2933                   
2026-10-06T20:29:25.113	TEL,1218,S5,663684733,5008,21844,10,425,2933                   
2026-10-06T20:29:25.113	TEL,1219,S5,663694733,5008,21844,10,428,2935                   
2026-10-06T20:29:25.113	TEL,1220,S5,663704733,5008,21844,10,428,2935                   
2026-10-06T20:29:25.113	TEL,1221,S5,663714733,5008,21844,10,428,2935                   
2026-10-06T20:29:25.113	TEL,1222,S5,663724733,5008,21844,10,428,2935                   
2026-10-06T20:29:25.113	TEL,1223,S5,663734733,5008,21844,10,425,2933                   
2026-10-06T20:29:25.113	TEL,1224,S5,663744733,5008,21844,10,430,2933                   
2026-10-06T20:29:25.113	TEL,1225,S5,663754733,5008,21844,10,430,2933                   
2026-10-06T20:29:25.113	TEL,1226,S5,663764733,5008,21844,10,425,2933                   
2026-10-06T20:29:25.113	TEL,1227,S5,663774733,5008,21844,10,428,2935                   
2026-10-06T20:29:25.113	TEL,1228,S5,663784733,5008,21844,10,433,2935                   
2026-10-06T20:29:25.113	TEL,1229,S5,663794733,5008,21844,10,433,2935                   
2026-10-06T20:29:25.113	TEL,1230,S5,663804733,5008,21844,10,425,2935                   
2026-10-06T20:29:25.738	TEL,1231,S5,663814733,5008,21844,10,419,2932                   
2026-10-06T20:29:25.738	TEL,1232,S5,663824733,5008,21844,10,422,2932                   
2026-10-06T20:29:25.738	TEL,1233,S5,663834733,5008,21844,10,430,2939                   
2026-10-06T20:29:25.738	TEL,1234,S5,663844733,5008,21844,10,430,2939                   
2026-10-06T20:29:25.738	TEL,1235,S5,663854733,5008,21844,10,422,2932                   
2026-10-06T20:29:25.738	TEL,1236,S5,663864733,5008,21844,10,422,2932                   
2026-10-06T20:29:25.738	TEL,1237,S5,663874733,5008,21844,10,428,2935                   
2026-10-06T20:29:25.738	TEL,1238,S5,663884733,5008,21844,10,428,2935                   
2026-10-06T20:29:25.738	TEL,1239,S5,663894733,5008,21844,10,422,2932                   
2026-10-06T20:29:25.738	TEL,1240,S5,663904733,5008,21844,10,422,2932                   
2026-10-06T20:29:25.738	TEL,1241,S5,663914733,5008,21844,10,428,2935                   
2026-10-06T20:29:25.738	TEL,1242,S5,663924733,5008,21844,10,428,2935                   
2026-10-06T20:29:25.738	TEL,1243,S5,663934733,5008,21844,10,428,2935                   
2026-10-06T20:29:25.738	TEL,1244,S5,663944733,5008,21844,10,428,2935                   
2026-10-06T20:29:25.738	TEL,1245,S5,663954733,5008,21844,10,425,2932                   
2026-10-06T20:29:25.738	TEL,1246,S5,663964733,5008,21844,10,428,2932                   
2026-10-06T20:29:25.738	TEL,1247,S5,663974733,5008,21844,10,430,2935                   
2026-10-06T20:29:25.738	TEL,1248,S5,663984733,5008,21844,10,425,2935                   
2026-10-06T20:29:25.738	TEL,1249,S5,663994733,5008,21844,10,419,2932                   
2026-10-06T20:29:25.738	TEL,1250,S5,664004733,5008,21844,10,419,2932                   
2026-10-06T20:29:25.738	TEL,1251,S5,664014733,5008,21844,10,425,2935                   
2026-10-06T20:29:25.738	TEL,1252,S5,664024733,5008,21844,10,430,2935                   
2026-10-06T20:29:25.738	TEL,1253,S5,664034733,5008,21844,10,428,2932                   
2026-10-06T20:29:25.738	TEL,1254,S5,664044733,5008,21844,10,422,2932                   
2026-10-06T20:29:25.738	TEL,1255,S5,664054733,5008,21844,10,428,2935                   
2026-10-06T20:29:25.738	TEL,1256,S5,664064733,5008,21844,10,428,2935                   
2026-10-06T20:29:25.738	TEL,1257,S5,664074733,5008,21844,10,422,2932                   
2026-10-06T20:29:25.738	TEL,1258,S5,664084733,5008,21844,10,419,2932                   
2026-10-06T20:29:25.738	TEL,1259,S5,664094733,5008,21844,10,425,2935                   
2026-10-06T20:29:25.738	TEL,1260,S5,664104733,5008,21844,10,428,2935                   
2026-10-06T20:29:25.738	TEL,1261,S5,664114733,5008,21844,10,428,2935                   
2026-10-06T20:29:25.738	TEL,1262,S5,664124733,5008,21844,10,428,2935                   
2026-10-06T20:29:25.738	TEL,1263,S5,664134733,5008,21844,10,419,2928                   
2026-10-06T20:29:25.738	TEL,1264,S5,664144733,5008,21844,10,416,2928                   
2026-10-06T20:29:25.738	TEL,1265,S5,664154733,5008,21844,10,425,2935                   
2026-10-06T20:29:25.738	TEL,1266,S5,664164733,5008,21844,10,425,2935                   
2026-10-06T20:29:25.738	TEL,1267,S5,664174733,5008,21844,10,425,2935                   
2026-10-06T20:29:25.738	TEL,1268,S5,664184733,5008,21844,10,428,2935                   
2026-10-06T20:29:25.738	TEL,1269,S5,664194733,5008,21844,10,422,2930                   
2026-10-06T20:29:25.738	TEL,1270,S5,664204733,5008,21844,10,422,2930                   
2026-10-06T20:29:25.738	TEL,1271,S5,664214733,5008,21844,10,425,2933                   
2026-10-06T20:29:25.738	TEL,1272,S5,664224733,5008,21844,10,428,2933                   
2026-10-06T20:29:25.738	TEL,1273,S5,664234733,5008,21844,10,428,2933                   
2026-10-06T20:29:25.738	TEL,1274,S5,664244733,5008,21844,10,425,2933                   
2026-10-06T20:29:25.738	TEL,1275,S5,664254733,5008,21844,10,428,2935                   
2026-10-06T20:29:25.738	TEL,1276,S5,664264733,5008,21844,10,428,2935                   
2026-10-06T20:29:25.738	TEL,1277,S5,664274733,5008,21844,10,428,2935                   
2026-10-06T20:29:25.738	TEL,1278,S5,664284733,5008,21844,10,428,2935                   
2026-10-06T20:29:25.738	TEL,1279,S5,664294733,5008,21844,10,428,2935                   
2026-10-06T20:29:25.738	TEL,1280,S5,664304733,5008,21844,10,422,2935                   
2026-10-06T20:29:25.738	TEL,1281,S5,664314733,5008,21844,10,419,2932                   
2026-10-06T20:29:25.738	TEL,1282,S5,664324733,5008,21844,10,422,2932                   
2026-10-06T20:29:25.738	BTN,11,S5,PRESSED,664427948,664427955                          
2026-10-06T20:29:25.738	TEL,1283,S5,664334733,5008,21844,10,428,2935                   
2026-10-06T20:29:25.738	TEL,1284,S5,664344733,5008,21844,10,425,2935                   
2026-10-06T20:29:25.738	TEL,1285,S5,664354733,5008,21844,10,428,2939                   
2026-10-06T20:29:25.738	TEL,1286,S5,664364733,5008,21844,10,433,2939                   
2026-10-06T20:29:25.738	TEL,1287,S5,664374733,5008,21844,10,425,2932                   
2026-10-06T20:29:25.738	TEL,1288,S5,664384733,5008,21844,10,422,2932                   
2026-10-06T20:29:25.738	TEL,1289,S5,664394733,5008,21844,10,422,2932                   
2026-10-06T20:29:25.738	TEL,1290,S5,664404733,5008,21844,10,425,2932                   
2026-10-06T20:29:25.738	TEL,1291,S5,664414733,5008,21844,10,428,2933                   
2026-10-06T20:29:26.356	TEL,1292,S5,664424733,5008,21844,10,433,2933                   
2026-10-06T20:29:26.356	TEL,1293,S5,664434733,5008,21844,10,436,2935                   
2026-10-06T20:29:26.356	TEL,1294,S5,664444733,5008,21844,11,436,2935                   
2026-10-06T20:29:26.356	TEL,1295,S5,664454733,5008,21844,11,433,2933                   
2026-10-06T20:29:26.356	TEL,1296,S5,664464733,5008,21844,11,425,2933                   
2026-10-06T20:29:26.356	TEL,1297,S5,664474733,5008,21844,11,428,2935                   
2026-10-06T20:29:26.356	TEL,1298,S5,664484733,5008,21844,11,428,2935                   
2026-10-06T20:29:26.356	TEL,1299,S5,664494733,5008,21844,11,428,2935                   
2026-10-06T20:29:26.356	TEL,1300,S5,664504733,5008,21844,11,428,2935                   
2026-10-06T20:29:26.356	TEL,1301,S5,664514733,5008,21844,11,419,2928                   
2026-10-06T20:29:26.356	TEL,1302,S5,664524733,5008,21844,11,419,2928                   
2026-10-06T20:29:26.356	TEL,1303,S5,664534733,5008,21844,11,428,2935                   
2026-10-06T20:29:26.356	TEL,1304,S5,664544733,5008,21844,11,425,2935                   
2026-10-06T20:29:26.356	TEL,1305,S5,664554733,5008,21844,11,425,2935                   
2026-10-06T20:29:26.356	TEL,1306,S5,664564733,5008,21844,11,428,2935                   
2026-10-06T20:29:26.356	TEL,1307,S5,664574733,5008,21844,11,428,2935                   
2026-10-06T20:29:26.356	TEL,1308,S5,664584733,5008,21844,11,428,2935                   
2026-10-06T20:29:26.356	TEL,1309,S5,664594733,5008,21844,11,428,2935                   
2026-10-06T20:29:26.356	TEL,1310,S5,664604733,5008,21844,11,428,2935                   
2026-10-06T20:29:26.356	TEL,1311,S5,664614733,5008,21844,11,422,2932                   
2026-10-06T20:29:26.356	TEL,1312,S5,664624733,5008,21844,11,425,2932                   
2026-10-06T20:29:26.356	TEL,1313,S5,664634733,5008,21844,11,428,2935                   
2026-10-06T20:29:26.356	TEL,1314,S5,664644733,5008,21844,11,428,2935                   
2026-10-06T20:29:26.356	TEL,1315,S5,664654733,5008,21844,11,428,2935                   
2026-10-06T20:29:26.356	TEL,1316,S5,664664733,5008,21844,11,428,2935                   
2026-10-06T20:29:26.356	TEL,1317,S5,664674733,5008,21844,11,428,2935                   
2026-10-06T20:29:26.356	TEL,1318,S5,664684733,5008,21844,11,430,2935                   
2026-10-06T20:29:26.356	TEL,1319,S5,664694733,5008,21844,11,430,2935                   
2026-10-06T20:29:26.356	TEL,1320,S5,664704733,5008,21844,11,422,2935                   
2026-10-06T20:29:26.356	TEL,1321,S5,664714733,5008,21844,11,422,2935                   
2026-10-06T20:29:26.356	TEL,1322,S5,664724733,5008,21844,11,428,2935                   
2026-10-06T20:29:26.356	TEL,1323,S5,664734733,5008,21844,11,428,2935                   
2026-10-06T20:29:26.356	TEL,1324,S5,664744733,5008,21844,11,428,2935                   
2026-10-06T20:29:26.356	TEL,1325,S5,664754733,5008,21844,11,422,2932                   
2026-10-06T20:29:26.356	TEL,1326,S5,664764733,5008,21844,11,425,2932                   
2026-10-06T20:29:26.356	TEL,1327,S5,664774733,5008,21844,11,428,2935                   
2026-10-06T20:29:26.356	TEL,1328,S5,664784733,5008,21844,11,433,2935                   
2026-10-06T20:29:26.356	TEL,1329,S5,664794733,5008,21844,11,430,2932                   
2026-10-06T20:29:26.356	TEL,1330,S5,664804733,5008,21844,11,430,2932                   
2026-10-06T20:29:26.356	TEL,1331,S5,664814733,5008,21844,11,430,2932                   
2026-10-06T20:29:26.356	TEL,1332,S5,664824733,5008,21844,11,419,2932                   
2026-10-06T20:29:26.356	TEL,1333,S5,664834733,5008,21844,11,425,2935                   
2026-10-06T20:29:26.356	TEL,1334,S5,664844733,5008,21844,11,425,2935                   
2026-10-06T20:29:26.356	TEL,1335,S5,664854733,5008,21844,11,416,2928                   
2026-10-06T20:29:26.356	TEL,1336,S5,664864733,5008,21844,11,422,2928                   
2026-10-06T20:29:26.356	TEL,1337,S5,664874733,5008,21844,11,428,2935                   
2026-10-06T20:29:26.356	TEL,1338,S5,664884733,5008,21844,11,425,2935                   
2026-10-06T20:29:26.356	TEL,1339,S5,664894733,5008,21844,11,425,2935                   
2026-10-06T20:29:26.356	TEL,1340,S5,664904733,5008,21844,11,425,2935                   
2026-10-06T20:29:26.356	TEL,1341,S5,664914733,5008,21844,11,419,2932                   
2026-10-06T20:29:26.356	TEL,1342,S5,664924733,5008,21844,11,419,2932                   
2026-10-06T20:29:26.356	TEL,1343,S5,664934733,5008,21844,11,419,2932                   
2026-10-06T20:29:26.356	TEL,1344,S5,664944733,5008,21844,11,425,2932                   
2026-10-06T20:29:26.356	TEL,1345,S5,664954733,5008,21844,11,425,2932                   
2026-10-06T20:29:26.356	TEL,1346,S5,664964733,5008,21844,11,419,2932                   
2026-10-06T20:29:26.356	TEL,1347,S5,664974733,5008,21844,11,425,2935                   
2026-10-06T20:29:26.356	TEL,1348,S5,664984733,5008,21844,11,428,2935                   
2026-10-06T20:29:26.356	TEL,1349,S5,664994733,5008,21844,11,422,2932                   
2026-10-06T20:29:26.356	TEL,1350,S5,665004733,5008,21844,11,422,2932                   
2026-10-06T20:29:26.356	TEL,1351,S5,665014733,5008,21844,11,428,2935                   
2026-10-06T20:29:26.356	TEL,1352,S5,665024733,5008,21844,11,428,2935                   
2026-10-06T20:29:26.356	TEL,1353,S5,665034733,5008,21844,11,428,2935                   
2026-10-06T20:29:26.973	TEL,1354,S5,665044733,5008,21844,11,433,2935                   
2026-10-06T20:29:26.973	TEL,1355,S5,665054733,5008,21844,11,433,2935                   
2026-10-06T20:29:26.973	TEL,1356,S5,665064733,5008,21844,11,428,2935                   
2026-10-06T20:29:26.973	TEL,1357,S5,665074733,5008,21844,11,428,2935                   
2026-10-06T20:29:26.973	TEL,1358,S5,665084733,5008,21844,11,436,2935                   
2026-10-06T20:29:26.973	BTN,12,S5,PRESSED,665194953,665194961                          
2026-10-06T20:29:26.973	TEL,1359,S5,665094733,5008,21844,11,436,2935                   
2026-10-06T20:29:26.973	TEL,1360,S5,665104733,5008,21844,11,433,2935                   
2026-10-06T20:29:26.973	TEL,1361,S5,665114733,5008,21844,11,430,2932                   
2026-10-06T20:29:26.973	TEL,1362,S5,665124733,5008,21844,11,428,2932                   
2026-10-06T20:29:26.973	TEL,1363,S5,665134733,5008,21844,11,428,2932                   
2026-10-06T20:29:26.973	TEL,1364,S5,665144733,5008,21844,11,422,2932                   
2026-10-06T20:29:26.973	TEL,1365,S5,665154733,5008,21844,11,428,2935                   
2026-10-06T20:29:26.973	TEL,1366,S5,665164733,5008,21844,11,425,2935                   
2026-10-06T20:29:26.973	TEL,1367,S5,665174733,5008,21844,11,425,2935                   
2026-10-06T20:29:26.973	TEL,1368,S5,665184733,5008,21844,11,430,2935                   
2026-10-06T20:29:26.973	TEL,1369,S5,665194733,5008,21844,11,430,2933                   
2026-10-06T20:29:26.973	TEL,1370,S5,665204733,5008,21844,11,422,2933                   
2026-10-06T20:29:26.973	TEL,1371,S5,665214733,5008,21844,12,425,2935                   
2026-10-06T20:29:26.973	TEL,1372,S5,665224733,5008,21844,12,439,2935                   
2026-10-06T20:29:26.973	TEL,1373,S5,665234733,5008,21844,12,436,2932                   
2026-10-06T20:29:26.973	TEL,1374,S5,665244733,5008,21844,12,422,2932                   
2026-10-06T20:29:26.973	TEL,1375,S5,665254733,5008,21844,12,428,2935                   
2026-10-06T20:29:26.973	TEL,1376,S5,665264733,5008,21844,12,433,2935                   
2026-10-06T20:29:26.973	TEL,1377,S5,665274733,5008,21844,12,430,2932                   
2026-10-06T20:29:26.973	TEL,1378,S5,665284733,5008,21844,12,422,2932                   
2026-10-06T20:29:26.973	TEL,1379,S5,665294733,5008,21844,12,422,2932                   
2026-10-06T20:29:26.973	TEL,1380,S5,665304733,5008,21844,12,422,2932                   
2026-10-06T20:29:26.973	TEL,1381,S5,665314733,5008,21844,12,428,2935                   
2026-10-06T20:29:26.973	TEL,1382,S5,665324733,5008,21844,12,430,2935                   
2026-10-06T20:29:26.973	TEL,1383,S5,665334733,5008,21844,12,428,2932                   
2026-10-06T20:29:26.973	TEL,1384,S5,665344733,5008,21844,12,419,2932                   
2026-10-06T20:29:26.973	TEL,1385,S5,665354733,5008,21844,12,419,2932                   
2026-10-06T20:29:26.973	TEL,1386,S5,665364733,5008,21844,12,422,2932                   
2026-10-06T20:29:26.973	TEL,1387,S5,665374733,5008,21844,12,428,2935                   
2026-10-06T20:29:26.973	TEL,1388,S5,665384733,5008,21844,12,428,2935                   
2026-10-06T20:29:26.973	TEL,1389,S5,665394733,5008,21844,12,428,2935                   
2026-10-06T20:29:26.973	TEL,1390,S5,665404733,5008,21844,12,425,2935                   
2026-10-06T20:29:26.973	TEL,1391,S5,665414733,5008,21844,12,425,2935                   
2026-10-06T20:29:26.973	TEL,1392,S5,665424733,5008,21844,12,428,2935                   
2026-10-06T20:29:26.973	TEL,1393,S5,665434733,5008,21844,12,425,2932                   
2026-10-06T20:29:26.973	TEL,1394,S5,665444733,5008,21844,12,416,2932                   
2026-10-06T20:29:26.973	TEL,1395,S5,665454733,5008,21844,12,419,2935                   
2026-10-06T20:29:26.973	TEL,1396,S5,665464733,5008,21844,12,428,2935                   
2026-10-06T20:29:26.973	TEL,1397,S5,665474733,5008,21844,12,422,2932                   
2026-10-06T20:29:26.973	TEL,1398,S5,665484733,5008,21844,12,422,2932                   
2026-10-06T20:29:26.973	TEL,1399,S5,665494733,5008,21844,12,422,2932                   
2026-10-06T20:29:26.973	TEL,1400,S5,665504733,5008,21844,12,422,2932                   
2026-10-06T20:29:26.973	TEL,1401,S5,665514733,5008,21844,12,422,2932                   
2026-10-06T20:29:26.973	TEL,1402,S5,665524733,5008,21844,12,422,2932                   
2026-10-06T20:29:26.973	TEL,1403,S5,665534733,5008,21844,12,430,2939                   
2026-10-06T20:29:26.973	TEL,1404,S5,665544733,5008,21844,12,433,2939                   
2026-10-06T20:29:26.973	TEL,1405,S5,665554733,5008,21844,12,425,2932                   
2026-10-06T20:29:26.973	TEL,1406,S5,665564733,5008,21844,12,419,2932                   
2026-10-06T20:29:26.973	TEL,1407,S5,665574733,5008,21844,12,425,2935                   
2026-10-06T20:29:26.973	TEL,1408,S5,665584733,5008,21844,12,430,2935                   
2026-10-06T20:29:26.973	TEL,1409,S5,665594733,5008,21844,12,430,2935                   
2026-10-06T20:29:26.973	TEL,1410,S5,665604733,5008,21844,12,428,2935                   
2026-10-06T20:29:26.973	TEL,1411,S5,665614733,5008,21844,12,428,2935                   
2026-10-06T20:29:26.973	TEL,1412,S5,665624733,5008,21844,12,425,2935                   
2026-10-06T20:29:26.973	TEL,1413,S5,665634733,5008,21844,12,425,2935                   
2026-10-06T20:29:26.973	TEL,1414,S5,665644733,5008,21844,12,428,2935                   
2026-10-06T20:29:27.598	TEL,1415,S5,665654733,5008,21844,12,428,2935                   
2026-10-06T20:29:27.598	TEL,1416,S5,665664733,5008,21844,12,428,2935                   
2026-10-06T20:29:27.598	TEL,1417,S5,665674733,5008,21844,12,425,2933                   
2026-10-06T20:29:27.598	TEL,1418,S5,665684733,5008,21844,12,425,2933                   
2026-10-06T20:29:27.598	TEL,1419,S5,665694733,5008,21844,12,425,2933                   
2026-10-06T20:29:27.598	TEL,1420,S5,665704733,5008,21844,12,430,2933                   
2026-10-06T20:29:27.598	TEL,1421,S5,665714733,5008,21844,12,430,2935                   
2026-10-06T20:29:27.598	TEL,1422,S5,665724733,5008,21844,12,425,2935                   
2026-10-06T20:29:27.598	TEL,1423,S5,665734733,5008,21844,12,425,2935                   
2026-10-06T20:29:27.598	TEL,1424,S5,665744733,5008,21844,12,428,2935                   
2026-10-06T20:29:27.598	BTN,13,S5,PRESSED,665869959,665874758                          
2026-10-06T20:29:27.598	TEL,1425,S5,665754733,5008,21844,12,428,2935                   
2026-10-06T20:29:27.598	TEL,1426,S5,665764733,5008,21844,12,425,2935                   
2026-10-06T20:29:27.598	TEL,1427,S5,665774733,5008,21844,12,425,2935                   
2026-10-06T20:29:27.598	TEL,1428,S5,665784733,5008,21844,12,428,2935                   
2026-10-06T20:29:27.598	TEL,1429,S5,665794733,5008,21844,12,422,2932                   
2026-10-06T20:29:27.598	TEL,1430,S5,665804733,5008,21844,12,422,2932                   
2026-10-06T20:29:27.598	TEL,1431,S5,665814733,5008,21844,12,428,2935                   
2026-10-06T20:29:27.598	TEL,1432,S5,665824733,5008,21844,12,428,2935                   
2026-10-06T20:29:27.598	TEL,1433,S5,665834733,5008,21844,12,428,2935                   
2026-10-06T20:29:27.598	TEL,1434,S5,665844733,5008,21844,12,428,2935                   
2026-10-06T20:29:27.598	TEL,1435,S5,665854733,5008,21844,12,425,2932                   
2026-10-06T20:29:27.598	TEL,1436,S5,665864733,5008,21844,12,425,2932                   
2026-10-06T20:29:27.598	TEL,1437,S5,665874738,5013,21844,12,428,2935                   
2026-10-06T20:29:27.598	TEL,1438,S5,665884733,5008,21844,13,430,2935                   
2026-10-06T20:29:27.598	TEL,1439,S5,665894733,5008,21844,13,425,2928                   
2026-10-06T20:29:27.599	TEL,1440,S5,665904733,5008,21844,13,422,2928                   
2026-10-06T20:29:27.599	TEL,1441,S5,665914733,5008,21844,13,428,2935                   
2026-10-06T20:29:27.599	TEL,1442,S5,665924733,5008,21844,13,428,2935                   
2026-10-06T20:29:27.599	TEL,1443,S5,665934733,5008,21844,13,425,2933                   
2026-10-06T20:29:27.599	TEL,1444,S5,665944733,5008,21844,13,425,2933                   
2026-10-06T20:29:27.599	TEL,1445,S5,665954733,5008,21844,13,428,2935                   
2026-10-06T20:29:27.599	TEL,1446,S5,665964733,5008,21844,13,428,2935                   
2026-10-06T20:29:27.599	TEL,1447,S5,665974733,5008,21844,13,428,2935                   
2026-10-06T20:29:27.599	TEL,1448,S5,665984733,5008,21844,13,428,2935                   
2026-10-06T20:29:27.599	TEL,1449,S5,665994733,5008,21844,13,428,2935                   
2026-10-06T20:29:27.599	TEL,1450,S5,666004733,5008,21844,13,428,2935                   
2026-10-06T20:29:27.599	TEL,1451,S5,666014733,5008,21844,13,422,2932                   
2026-10-06T20:29:27.599	TEL,1452,S5,666024733,5008,21844,13,422,2932                   
2026-10-06T20:29:27.599	TEL,1453,S5,666034733,5008,21844,13,425,2933                   
2026-10-06T20:29:27.599	TEL,1454,S5,666044733,5008,21844,13,425,2933                   
2026-10-06T20:29:27.599	TEL,1455,S5,666054733,5008,21844,13,422,2932                   
2026-10-06T20:29:27.599	TEL,1456,S5,666064733,5008,21844,13,422,2932                   
2026-10-06T20:29:27.599	TEL,1457,S5,666074733,5008,21844,13,422,2932                   
2026-10-06T20:29:27.599	TEL,1458,S5,666084733,5008,21844,13,422,2932                   
2026-10-06T20:29:27.599	TEL,1459,S5,666094733,5008,21844,13,422,2932                   
2026-10-06T20:29:27.599	TEL,1460,S5,666104733,5008,21844,13,422,2932                   
2026-10-06T20:29:27.599	TEL,1461,S5,666114733,5008,21844,13,422,2932                   
2026-10-06T20:29:27.599	TEL,1462,S5,666124733,5008,21844,13,422,2932                   
2026-10-06T20:29:27.599	TEL,1463,S5,666134733,5008,21844,13,428,2935                   
2026-10-06T20:29:27.599	TEL,1464,S5,666144733,5008,21844,13,428,2935                   
2026-10-06T20:29:27.599	TEL,1465,S5,666154733,5008,21844,13,428,2935                   
2026-10-06T20:29:27.599	TEL,1466,S5,666164733,5008,21844,13,428,2935                   
2026-10-06T20:29:27.599	TEL,1467,S5,666174733,5008,21844,13,422,2932                   
2026-10-06T20:29:27.599	TEL,1468,S5,666184733,5008,21844,13,422,2932                   
2026-10-06T20:29:27.599	TEL,1469,S5,666194733,5008,21844,13,422,2932                   
2026-10-06T20:29:27.599	TEL,1470,S5,666204733,5008,21844,13,430,2932                   
2026-10-06T20:29:27.599	TEL,1471,S5,666214733,5008,21844,13,430,2932                   
2026-10-06T20:29:27.599	TEL,1472,S5,666224733,5008,21844,13,422,2932                   
2026-10-06T20:29:27.599	TEL,1473,S5,666234733,5008,21844,13,428,2935                   
2026-10-06T20:29:27.599	TEL,1474,S5,666244733,5008,21844,13,428,2935                   
2026-10-06T20:29:27.599	TEL,1475,S5,666254733,5008,21844,13,422,2932                   
2026-10-06T20:29:28.217	TEL,1476,S5,666264733,5008,21844,13,422,2932                   
2026-10-06T20:29:28.217	TEL,1477,S5,666274733,5008,21844,13,428,2935                   
2026-10-06T20:29:28.217	TEL,1478,S5,666284733,5008,21844,13,428,2935                   
2026-10-06T20:29:28.217	TEL,1479,S5,666294733,5008,21844,13,428,2935                   
2026-10-06T20:29:28.217	TEL,1480,S5,666304733,5008,21844,13,428,2935                   
2026-10-06T20:29:28.217	TEL,1481,S5,666314733,5008,21844,13,425,2932                   
2026-10-06T20:29:28.217	TEL,1482,S5,666324733,5008,21844,13,422,2932                   
2026-10-06T20:29:28.217	TEL,1483,S5,666334733,5008,21844,13,428,2935                   
2026-10-06T20:29:28.217	TEL,1484,S5,666344733,5008,21844,13,442,2935                   
2026-10-06T20:29:28.217	TEL,1485,S5,666354733,5008,21844,13,439,2932                   
2026-10-06T20:29:28.217	TEL,1486,S5,666364733,5008,21844,13,419,2932                   
2026-10-06T20:29:28.217	TEL,1487,S5,666374733,5008,21844,13,416,2930                   
2026-10-06T20:29:28.217	TEL,1488,S5,666384733,5008,21844,13,425,2930                   
2026-10-06T20:29:28.217	TEL,1489,S5,666394733,5008,21844,13,428,2935                   
2026-10-06T20:29:28.217	BTN,14,S5,PRESSED,666531964,666534758                          
2026-10-06T20:29:28.217	TEL,1490,S5,666404733,5008,21844,13,430,2935                   
2026-10-06T20:29:28.217	TEL,1491,S5,666414733,5008,21844,13,430,2935                   
2026-10-06T20:29:28.217	TEL,1492,S5,666424733,5008,21844,13,433,2935                   
2026-10-06T20:29:28.217	TEL,1493,S5,666434733,5008,21844,13,433,2935                   
2026-10-06T20:29:28.217	TEL,1494,S5,666444733,5008,21844,13,428,2935                   
2026-10-06T20:29:28.217	TEL,1495,S5,666454733,5008,21844,13,433,2942                   
2026-10-06T20:29:28.217	TEL,1496,S5,666464733,5008,21844,13,433,2942                   
2026-10-06T20:29:28.217	TEL,1497,S5,666474733,5008,21844,13,428,2935                   
2026-10-06T20:29:28.217	TEL,1498,S5,666484733,5008,21844,13,428,2935                   
2026-10-06T20:29:28.217	TEL,1499,S5,666494733,5008,21844,13,430,2939                   
2026-10-06T20:29:28.217	TEL,1500,S5,666504733,5008,21844,13,430,2939                   
2026-10-06T20:29:28.217	TEL,1501,S5,666514733,5008,21844,13,422,2932                   
2026-10-06T20:29:28.217	TEL,1502,S5,666524733,5008,21844,13,428,2932                   
2026-10-06T20:29:28.217	TEL,1503,S5,666534739,5014,21844,13,430,2935                   
2026-10-06T20:29:28.217	TEL,1504,S5,666544733,5008,21844,14,428,2935                   
2026-10-06T20:29:28.217	TEL,1505,S5,666554733,5008,21844,14,428,2933                   
2026-10-06T20:29:28.217	TEL,1506,S5,666564733,5008,21844,14,422,2933                   
2026-10-06T20:29:28.217	TEL,1507,S5,666574733,5008,21844,14,419,2932                   
2026-10-06T20:29:28.217	TEL,1508,S5,666584733,5008,21844,14,425,2932                   
2026-10-06T20:29:28.217	TEL,1509,S5,666594733,5008,21844,14,425,2932                   
2026-10-06T20:29:28.217	TEL,1510,S5,666604733,5008,21844,14,419,2932                   
2026-10-06T20:29:28.217	TEL,1511,S5,666614733,5008,21844,14,425,2935                   
2026-10-06T20:29:28.217	TEL,1512,S5,666624733,5008,21844,14,436,2935                   
2026-10-06T20:29:28.217	TEL,1513,S5,666634733,5008,21844,14,436,2935                   
2026-10-06T20:29:28.217	TEL,1514,S5,666644733,5008,21844,14,428,2935                   
2026-10-06T20:29:28.217	TEL,1515,S5,666654733,5008,21844,14,430,2939                   
2026-10-06T20:29:28.217	TEL,1516,S5,666664733,5008,21844,14,430,2939                   
2026-10-06T20:29:28.217	TEL,1517,S5,666674733,5008,21844,14,428,2935                   
2026-10-06T20:29:28.217	TEL,1518,S5,666684733,5008,21844,14,428,2935                   
2026-10-06T20:29:28.217	TEL,1519,S5,666694733,5008,21844,14,428,2935                   
2026-10-06T20:29:28.217	TEL,1520,S5,666704733,5008,21844,14,430,2935                   
2026-10-06T20:29:28.217	TEL,1521,S5,666714733,5008,21844,14,430,2935                   
2026-10-06T20:29:28.217	TEL,1522,S5,666724733,5008,21844,14,428,2935                   
2026-10-06T20:29:28.217	TEL,1523,S5,666734733,5008,21844,14,425,2933                   
2026-10-06T20:29:28.217	TEL,1524,S5,666744733,5008,21844,14,430,2933                   
2026-10-06T20:29:28.217	TEL,1525,S5,666754733,5008,21844,14,430,2935                   
2026-10-06T20:29:28.217	TEL,1526,S5,666764733,5008,21844,14,433,2935                   
2026-10-06T20:29:28.217	TEL,1527,S5,666774733,5008,21844,14,433,2935                   
2026-10-06T20:29:28.217	TEL,1528,S5,666784733,5008,21844,14,425,2935                   
2026-10-06T20:29:28.217	TEL,1529,S5,666794733,5008,21844,14,419,2932                   
2026-10-06T20:29:28.217	TEL,1530,S5,666804733,5008,21844,14,422,2932                   
2026-10-06T20:29:28.217	TEL,1531,S5,666814733,5008,21844,14,422,2932                   
2026-10-06T20:29:28.217	TEL,1532,S5,666824733,5008,21844,14,422,2932                   
2026-10-06T20:29:28.217	TEL,1533,S5,666834733,5008,21844,14,422,2932                   
2026-10-06T20:29:28.217	TEL,1534,S5,666844733,5008,21844,14,419,2932                   
2026-10-06T20:29:28.217	TEL,1535,S5,666854733,5008,21844,14,419,2932                   
2026-10-06T20:29:28.217	TEL,1536,S5,666864733,5008,21844,14,419,2932                   
2026-10-06T20:29:28.838	TEL,1537,S5,666874733,5008,21844,14,425,2935                   
2026-10-06T20:29:28.838	TEL,1538,S5,666884733,5008,21844,14,425,2935                   
2026-10-06T20:29:28.838	TEL,1539,S5,666894733,5008,21844,14,425,2935                   
2026-10-06T20:29:28.838	TEL,1540,S5,666904733,5008,21844,14,428,2935                   
2026-10-06T20:29:28.838	TEL,1541,S5,666914733,5008,21844,14,422,2932                   
2026-10-06T20:29:28.838	TEL,1542,S5,666924733,5008,21844,14,422,2932                   
2026-10-06T20:29:28.838	TEL,1543,S5,666934733,5008,21844,14,422,2932                   
2026-10-06T20:29:28.838	TEL,1544,S5,666944733,5008,21844,14,422,2932                   
2026-10-06T20:29:28.838	TEL,1545,S5,666954733,5008,21844,14,428,2935                   
2026-10-06T20:29:28.838	TEL,1546,S5,666964733,5008,21844,14,425,2935                   
2026-10-06T20:29:28.838	TEL,1547,S5,666974733,5008,21844,14,419,2932                   
2026-10-06T20:29:28.838	TEL,1548,S5,666984733,5008,21844,14,428,2932                   
2026-10-06T20:29:28.838	TEL,1549,S5,666994733,5008,21844,14,430,2935                   
2026-10-06T20:29:28.838	TEL,1550,S5,667004733,5008,21844,14,428,2935                   
2026-10-06T20:29:28.838	TEL,1551,S5,667014733,5008,21844,14,422,2932                   
2026-10-06T20:29:28.838	TEL,1552,S5,667024733,5008,21844,14,422,2932                   
2026-10-06T20:29:28.838	TEL,1553,S5,667034733,5008,21844,14,422,2932                   
2026-10-06T20:29:28.838	TEL,1554,S5,667044733,5008,21844,14,422,2932                   
2026-10-06T20:29:28.838	TEL,1555,S5,667054733,5008,21844,14,422,2932                   
2026-10-06T20:29:28.838	BTN,15,S5,PRESSED,667196970,667196977                          
2026-10-06T20:29:28.838	TEL,1556,S5,667064733,5008,21844,14,422,2932                   
2026-10-06T20:29:28.838	TEL,1557,S5,667074733,5008,21844,14,422,2932                   
2026-10-06T20:29:28.838	TEL,1558,S5,667084733,5008,21844,14,419,2932                   
2026-10-06T20:29:28.838	TEL,1559,S5,667094733,5008,21844,14,425,2935                   
2026-10-06T20:29:28.838	TEL,1560,S5,667104733,5008,21844,14,428,2935                   
2026-10-06T20:29:28.838	TEL,1561,S5,667114733,5008,21844,14,428,2935                   
2026-10-06T20:29:28.838	TEL,1562,S5,667124733,5008,21844,14,425,2935                   
2026-10-06T20:29:28.838	TEL,1563,S5,667134733,5008,21844,14,419,2932                   
2026-10-06T20:29:28.838	TEL,1564,S5,667144733,5008,21844,14,419,2932                   
2026-10-06T20:29:28.838	TEL,1565,S5,667154733,5008,21844,14,422,2933                   
2026-10-06T20:29:28.838	TEL,1566,S5,667164733,5008,21844,14,425,2933                   
2026-10-06T20:29:28.838	TEL,1567,S5,667174733,5008,21844,14,428,2935                   
2026-10-06T20:29:28.838	TEL,1568,S5,667184733,5008,21844,14,425,2935                   
2026-10-06T20:29:28.838	TEL,1569,S5,667194733,5008,21844,14,425,2935                   
2026-10-06T20:29:28.838	TEL,1570,S5,667204733,5008,21844,14,430,2935                   
2026-10-06T20:29:28.838	TEL,1571,S5,667214733,5008,21844,15,428,2930                   
2026-10-06T20:29:28.838	TEL,1572,S5,667224733,5008,21844,15,428,2930                   
2026-10-06T20:29:28.838	TEL,1573,S5,667234733,5008,21844,15,430,2932                   
2026-10-06T20:29:28.838	TEL,1574,S5,667244733,5008,21844,15,419,2932                   
2026-10-06T20:29:28.838	TEL,1575,S5,667254733,5008,21844,15,425,2935                   
2026-10-06T20:29:28.838	TEL,1576,S5,667264733,5008,21844,15,430,2935                   
2026-10-06T20:29:28.838	TEL,1577,S5,667274733,5008,21844,15,428,2932                   
2026-10-06T20:29:28.838	TEL,1578,S5,667284733,5008,21844,15,422,2932                   
2026-10-06T20:29:28.838	TEL,1579,S5,667294733,5008,21844,15,422,2932                   
2026-10-06T20:29:28.838	TEL,1580,S5,667304733,5008,21844,15,428,2932                   
2026-10-06T20:29:28.838	TEL,1581,S5,667314733,5008,21844,15,428,2932                   
2026-10-06T20:29:28.838	TEL,1582,S5,667324733,5008,21844,15,422,2932                   
2026-10-06T20:29:28.838	TEL,1583,S5,667334733,5008,21844,15,428,2935                   
2026-10-06T20:29:28.838	TEL,1584,S5,667344733,5008,21844,15,428,2935                   
2026-10-06T20:29:28.838	TEL,1585,S5,667354733,5008,21844,15,428,2935                   
2026-10-06T20:29:28.838	TEL,1586,S5,667364733,5008,21844,15,428,2935                   
2026-10-06T20:29:28.838	TEL,1587,S5,667374733,5008,21844,15,428,2935                   
2026-10-06T20:29:28.838	TEL,1588,S5,667384733,5008,21844,15,425,2935                   
2026-10-06T20:29:28.838	TEL,1589,S5,667394733,5008,21844,15,425,2935                   
2026-10-06T20:29:28.838	TEL,1590,S5,667404733,5008,21844,15,428,2935                   
2026-10-06T20:29:28.838	TEL,1591,S5,667414733,5008,21844,15,428,2935                   
2026-10-06T20:29:28.838	TEL,1592,S5,667424733,5008,21844,15,433,2935                   
2026-10-06T20:29:28.838	TEL,1593,S5,667434733,5008,21844,15,430,2932                   
2026-10-06T20:29:28.838	TEL,1594,S5,667444733,5008,21844,15,425,2932                   
2026-10-06T20:29:28.838	TEL,1595,S5,667454733,5008,21844,15,422,2928                   
2026-10-06T20:29:28.838	TEL,1596,S5,667464733,5008,21844,15,419,2928                   
2026-10-06T20:29:28.838	TEL,1597,S5,667474733,5008,21844,15,422,2932                   
2026-10-06T20:29:29.458	TEL,1598,S5,667484733,5008,21844,15,425,2932                   
2026-10-06T20:29:29.458	TEL,1599,S5,667494733,5008,21844,15,425,2932                   
2026-10-06T20:29:29.458	TEL,1600,S5,667504733,5008,21844,15,422,2932                   
2026-10-06T20:29:29.458	TEL,1601,S5,667514733,5008,21844,15,419,2928                   
2026-10-06T20:29:29.458	TEL,1602,S5,667524733,5008,21844,15,419,2928                   
2026-10-06T20:29:29.458	TEL,1603,S5,667534733,5008,21844,15,428,2935                   
2026-10-06T20:29:29.458	TEL,1604,S5,667544733,5008,21844,15,425,2935                   
2026-10-06T20:29:29.458	TEL,1605,S5,667554733,5008,21844,15,425,2935                   
2026-10-06T20:29:29.458	TEL,1606,S5,667564733,5008,21844,15,428,2935                   
2026-10-06T20:29:29.458	TEL,1607,S5,667574733,5008,21844,15,422,2932                   
2026-10-06T20:29:29.458	TEL,1608,S5,667584733,5008,21844,15,422,2932                   
2026-10-06T20:29:29.458	TEL,1609,S5,667594733,5008,21844,15,422,2932                   
2026-10-06T20:29:29.458	TEL,1610,S5,667604733,5008,21844,15,428,2932                   
2026-10-06T20:29:29.458	TEL,1611,S5,667614733,5008,21844,15,430,2935                   
2026-10-06T20:29:29.458	TEL,1612,S5,667624733,5008,21844,15,430,2935                   
2026-10-06T20:29:29.458	TEL,1613,S5,667634733,5008,21844,15,428,2932                   
2026-10-06T20:29:29.458	TEL,1614,S5,667644733,5008,21844,15,425,2932                   
2026-10-06T20:29:29.458	TEL,1615,S5,667654733,5008,21844,15,428,2935                   
2026-10-06T20:29:29.458	TEL,1616,S5,667664733,5008,21844,15,428,2935                   
2026-10-06T20:29:29.458	TEL,1617,S5,667674733,5008,21844,15,425,2933                   
2026-10-06T20:29:29.458	BTN,16,S5,PRESSED,667827975,667827982                          
2026-10-06T20:29:29.458	TEL,1618,S5,667684733,5008,21844,15,433,2933                   
2026-10-06T20:29:29.458	TEL,1619,S5,667694733,5008,21844,15,433,2932                   
2026-10-06T20:29:29.458	TEL,1620,S5,667704733,5008,21844,15,422,2932                   
2026-10-06T20:29:29.458	TEL,1621,S5,667714733,5008,21844,15,425,2933                   
2026-10-06T20:29:29.458	TEL,1622,S5,667724733,5008,21844,15,430,2933                   
2026-10-06T20:29:29.458	TEL,1623,S5,667734733,5008,21844,15,430,2935                   
2026-10-06T20:29:29.458	TEL,1624,S5,667744733,5008,21844,15,433,2935                   
2026-10-06T20:29:29.458	TEL,1625,S5,667754733,5008,21844,15,430,2932                   
2026-10-06T20:29:29.458	TEL,1626,S5,667764733,5008,21844,15,422,2932                   
2026-10-06T20:29:29.458	TEL,1627,S5,667774733,5008,21844,15,428,2935                   
2026-10-06T20:29:29.458	TEL,1628,S5,667784733,5008,21844,15,428,2935                   
2026-10-06T20:29:29.458	TEL,1629,S5,667794733,5008,21844,15,428,2935                   
2026-10-06T20:29:29.458	TEL,1630,S5,667804733,5008,21844,15,428,2935                   
2026-10-06T20:29:29.458	TEL,1631,S5,667814733,5008,21844,15,425,2933                   
2026-10-06T20:29:29.458	TEL,1632,S5,667824733,5008,21844,15,425,2933                   
2026-10-06T20:29:29.458	TEL,1633,S5,667834733,5008,21844,15,428,2935                   
2026-10-06T20:29:29.458	TEL,1635,S5,667854733,5008,21844,15,422,2932                   
2026-10-06T20:29:29.458	TEL,1636,S5,667864733,5008,21844,15,422,2932                   
2026-10-06T20:29:29.458	TEL,1637,S5,667874733,5008,21844,15,430,2939                   
2026-10-06T20:29:29.458	TEL,1638,S5,667884733,5008,21844,15,430,2939                   
2026-10-06T20:29:29.458	TEL,1639,S5,667894733,5008,21844,15,428,2935                   
2026-10-06T20:29:29.458	TEL,1640,S5,667904733,5008,21844,15,428,2935                   
2026-10-06T20:29:29.458	TEL,1641,S5,667914733,5008,21844,15,425,2932                   
2026-10-06T20:29:29.458	TEL,1642,S5,667924733,5008,21844,15,419,2932                   
2026-10-06T20:29:29.458	TEL,1643,S5,667934733,5008,21844,15,419,2932                   
2026-10-06T20:29:29.458	TEL,1644,S5,667944733,5008,21844,15,422,2932                   
2026-10-06T20:29:29.458	TEL,1645,S5,667954733,5008,21844,15,428,2935                   
2026-10-06T20:29:29.458	TEL,1646,S5,667964733,5008,21844,15,425,2935                   
2026-10-06T20:29:29.458	TEL,1647,S5,667974733,5008,21844,15,422,2933                   
2026-10-06T20:29:29.458	TEL,1648,S5,667984733,5008,21844,15,425,2933                   
2026-10-06T20:29:29.458	TEL,1649,S5,667994733,5008,21844,15,430,2939                   
2026-10-06T20:29:29.458	TEL,1650,S5,668004733,5008,21844,15,425,2939                   
2026-10-06T20:29:29.458	TEL,1651,S5,668014733,5008,21844,15,422,2935                   
2026-10-06T20:29:29.458	TEL,1652,S5,668024733,5008,21844,15,416,2935                   
2026-10-06T20:29:29.458	TEL,1653,S5,668034733,5008,21844,15,416,2935                   
2026-10-06T20:29:29.458	TEL,1654,S5,668044733,5008,21844,15,428,2935                   
2026-10-06T20:29:29.458	TEL,1655,S5,668054733,5008,21844,15,428,2935                   
2026-10-06T20:29:29.458	TEL,1656,S5,668064733,5008,21844,15,428,2935                   
2026-10-06T20:29:29.458	TEL,1657,S5,668074733,5008,21844,15,425,2933                   
2026-10-06T20:29:29.458	TEL,1658,S5,668084733,5008,21844,15,425,2933                   
2026-10-06T20:29:29.458	TEL,1659,S5,668094733,5008,21844,15,428,2935                   
2026-10-06T20:29:30.078	TEL,1660,S5,668104733,5008,21844,15,433,2935                   
2026-10-06T20:29:30.078	TEL,1661,S5,668114733,5008,21844,15,430,2932                   
2026-10-06T20:29:30.078	TEL,1662,S5,668124733,5008,21844,15,422,2932                   
2026-10-06T20:29:30.078	TEL,1663,S5,668134733,5008,21844,15,422,2932                   
2026-10-06T20:29:30.078	TEL,1664,S5,668144733,5008,21844,15,419,2932                   
2026-10-06T20:29:30.078	TEL,1665,S5,668154733,5008,21844,15,419,2932                   
2026-10-06T20:29:30.078	TEL,1666,S5,668164733,5008,21844,15,422,2932                   
2026-10-06T20:29:30.078	TEL,1667,S5,668174733,5008,21844,15,422,2932                   
2026-10-06T20:29:30.078	TEL,1668,S5,668184733,5008,21844,15,422,2932                   
2026-10-06T20:29:30.078	TEL,1669,S5,668194733,5008,21844,15,422,2932                   
2026-10-06T20:29:30.078	TEL,1670,S5,668204733,5008,21844,15,428,2932                   
2026-10-06T20:29:30.078	TEL,1671,S5,668214733,5008,21844,15,428,2932                   
2026-10-06T20:29:30.078	TEL,1672,S5,668224733,5008,21844,15,422,2932                   
2026-10-06T20:29:30.078	TEL,1673,S5,668234733,5008,21844,15,422,2932                   
2026-10-06T20:29:30.078	TEL,1674,S5,668244733,5008,21844,15,422,2932                   
2026-10-06T20:29:30.078	TEL,1675,S5,668254733,5008,21844,15,422,2932                   
2026-10-06T20:29:30.078	TEL,1676,S5,668264733,5008,21844,15,422,2932                   
2026-10-06T20:29:30.078	TEL,1677,S5,668274733,5008,21844,15,428,2935                   
2026-10-06T20:29:30.078	TEL,1678,S5,668284733,5008,21844,15,428,2935                   
2026-10-06T20:29:30.078	TEL,1679,S5,668294733,5008,21844,15,428,2935                   
2026-10-06T20:29:30.078	TEL,1680,S5,668304733,5008,21844,15,428,2935                   
2026-10-06T20:29:30.078	TEL,1681,S5,668314733,5008,21844,15,428,2935                   
2026-10-06T20:29:30.078	TEL,1682,S5,668324733,5008,21844,15,436,2935                   
2026-10-06T20:29:30.078	TEL,1683,S5,668334733,5008,21844,15,436,2935                   
2026-10-06T20:29:30.078	BTN,17,S5,PRESSED,668486980,668486988                          
2026-10-06T20:29:30.078	TEL,1684,S5,668344733,5008,21844,15,428,2935                   
2026-10-06T20:29:30.078	TEL,1685,S5,668354733,5008,21844,15,422,2932                   
2026-10-06T20:29:30.078	TEL,1686,S5,668364733,5008,21844,15,422,2932                   
2026-10-06T20:29:30.078	TEL,1687,S5,668374733,5008,21844,15,428,2935                   
2026-10-06T20:29:30.078	TEL,1688,S5,668384733,5008,21844,15,428,2935                   
2026-10-06T20:29:30.078	TEL,1689,S5,668394733,5008,21844,15,428,2935                   
2026-10-06T20:29:30.078	TEL,1690,S5,668404733,5008,21844,15,430,2935                   
2026-10-06T20:29:30.078	TEL,1691,S5,668414733,5008,21844,15,430,2935                   
2026-10-06T20:29:30.078	TEL,1692,S5,668424733,5008,21844,15,428,2935                   
2026-10-06T20:29:30.078	TEL,1693,S5,668434733,5008,21844,15,422,2932                   
2026-10-06T20:29:30.078	TEL,1694,S5,668444733,5008,21844,15,422,2932                   
2026-10-06T20:29:30.078	TEL,1695,S5,668454733,5008,21844,15,422,2932                   
2026-10-06T20:29:30.078	TEL,1696,S5,668464733,5008,21844,15,428,2932                   
2026-10-06T20:29:30.078	TEL,1697,S5,668474733,5008,21844,15,430,2935                   
2026-10-06T20:29:30.078	TEL,1698,S5,668484733,5008,21844,15,430,2935                   
2026-10-06T20:29:30.078	TEL,1699,S5,668494733,5008,21844,15,430,2935                   
2026-10-06T20:29:30.078	TEL,1701,S5,668514733,5008,21844,15,422,2932                   
2026-10-06T20:29:30.078	TEL,1702,S5,668524733,5008,21844,15,425,2932                   
2026-10-06T20:29:30.078	TEL,1703,S5,668534733,5008,21844,15,425,2932                   
2026-10-06T20:29:30.078	TEL,1704,S5,668544733,5008,21844,15,422,2932                   
2026-10-06T20:29:30.078	TEL,1705,S5,668554733,5008,21844,15,428,2935                   
2026-10-06T20:29:30.078	TEL,1706,S5,668564733,5008,21844,15,430,2935                   
2026-10-06T20:29:30.078	TEL,1707,S5,668574733,5008,21844,15,430,2935                   
2026-10-06T20:29:30.078	TEL,1708,S5,668584733,5008,21844,15,428,2935                   
2026-10-06T20:29:30.078	TEL,1709,S5,668594733,5008,21844,15,428,2935                   
2026-10-06T20:29:30.078	TEL,1710,S5,668604733,5008,21844,15,428,2935                   
2026-10-06T20:29:30.078	TEL,1711,S5,668614733,5008,21844,15,425,2933                   
2026-10-06T20:29:30.078	TEL,1712,S5,668624733,5008,21844,15,425,2933                   
2026-10-06T20:29:30.078	TEL,1713,S5,668634733,5008,21844,15,428,2935                   
2026-10-06T20:29:30.078	TEL,1714,S5,668644733,5008,21844,15,428,2935                   
2026-10-06T20:29:30.078	TEL,1715,S5,668654733,5008,21844,15,422,2932                   
2026-10-06T20:29:30.078	TEL,1716,S5,668664733,5008,21844,15,422,2932                   
2026-10-06T20:29:30.078	TEL,1717,S5,668674733,5008,21844,15,428,2935                   
2026-10-06T20:29:30.078	TEL,1718,S5,668684733,5008,21844,15,425,2935                   
2026-10-06T20:29:30.078	TEL,1719,S5,668694733,5008,21844,15,419,2932                   
2026-10-06T20:29:30.078	TEL,1720,S5,668704733,5008,21844,15,422,2932                   
2026-10-06T20:29:30.078	TEL,1721,S5,668714733,5008,21844,15,428,2935                   
2026-10-06T20:29:30.698	TEL,1722,S5,668724733,5008,21844,15,428,2935                   
2026-10-06T20:29:30.698	TEL,1723,S5,668734733,5008,21844,15,428,2935                   
2026-10-06T20:29:30.698	TEL,1724,S5,668744733,5008,21844,15,433,2935                   
2026-10-06T20:29:30.698	TEL,1725,S5,668754733,5008,21844,15,430,2932                   
2026-10-06T20:29:30.698	TEL,1726,S5,668764733,5008,21844,15,419,2932                   
2026-10-06T20:29:30.698	TEL,1727,S5,668774733,5008,21844,15,419,2932                   
2026-10-06T20:29:30.698	TEL,1728,S5,668784733,5008,21844,15,419,2932                   
2026-10-06T20:29:30.698	TEL,1729,S5,668794733,5008,21844,15,419,2930                   
2026-10-06T20:29:30.698	TEL,1730,S5,668804733,5008,21844,15,419,2930                   
2026-10-06T20:29:30.698	TEL,1731,S5,668814733,5008,21844,15,425,2935                   
2026-10-06T20:29:30.698	TEL,1732,S5,668824733,5008,21844,15,428,2935                   
2026-10-06T20:29:30.698	TEL,1733,S5,668834733,5008,21844,15,428,2935                   
2026-10-06T20:29:30.698	TEL,1734,S5,668844733,5008,21844,15,428,2935                   
2026-10-06T20:29:30.698	TEL,1735,S5,668854733,5008,21844,15,422,2932                   
2026-10-06T20:29:30.698	TEL,1736,S5,668864733,5008,21844,15,425,2932                   
2026-10-06T20:29:30.698	TEL,1737,S5,668874733,5008,21844,15,425,2932                   
2026-10-06T20:29:30.698	TEL,1738,S5,668884733,5008,21844,15,422,2932                   
2026-10-06T20:29:30.698	TEL,1739,S5,668894733,5008,21844,15,422,2932                   
2026-10-06T20:29:30.698	TEL,1740,S5,668904733,5008,21844,15,422,2932                   
2026-10-06T20:29:30.698	TEL,1741,S5,668914733,5008,21844,15,428,2935                   
2026-10-06T20:29:30.698	TEL,1742,S5,668924733,5008,21844,15,430,2935                   
2026-10-06T20:29:30.698	TEL,1743,S5,668934733,5008,21844,15,428,2932                   
2026-10-06T20:29:30.698	TEL,1744,S5,668944733,5008,21844,15,422,2932                   
2026-10-06T20:29:30.698	TEL,1745,S5,668954733,5008,21844,15,425,2933                   
2026-10-06T20:29:30.698	TEL,1746,S5,668964733,5008,21844,15,425,2933                   
2026-10-06T20:29:30.698	TEL,1747,S5,668974733,5008,21844,15,425,2933                   
2026-10-06T20:29:30.698	TEL,1748,S5,668984733,5008,21844,15,425,2933                   
2026-10-06T20:29:30.698	TEL,1749,S5,668994733,5008,21844,15,422,2932                   
2026-10-06T20:29:30.698	TEL,1750,S5,669004733,5008,21844,15,422,2932                   
2026-10-06T20:29:30.698	TEL,1751,S5,669014733,5008,21844,15,425,2933                   
2026-10-06T20:29:30.698	TEL,1752,S5,669024733,5008,21844,15,422,2933                   
2026-10-06T20:29:30.698	TEL,1753,S5,669034733,5008,21844,15,419,2932                   
2026-10-06T20:29:30.698	TEL,1754,S5,669044733,5008,21844,15,428,2932                   
2026-10-06T20:29:30.698	TEL,1755,S5,669054733,5008,21844,15,430,2935                   
2026-10-06T20:29:30.698	TEL,1756,S5,669064733,5008,21844,15,428,2935                   
2026-10-06T20:29:30.698	TEL,1757,S5,669074733,5008,21844,15,428,2935                   
2026-10-06T20:29:30.698	TEL,1758,S5,669084733,5008,21844,15,428,2935                   
2026-10-06T20:29:30.698	BTN,18,S5,PRESSED,669238986,669238993                          
2026-10-06T20:29:30.698	TEL,1759,S5,669094733,5008,21844,15,422,2932                   
2026-10-06T20:29:30.698	TEL,1760,S5,669104733,5008,21844,15,428,2932                   
2026-10-06T20:29:30.698	TEL,1761,S5,669114733,5008,21844,15,430,2935                   
2026-10-06T20:29:30.698	TEL,1762,S5,669124733,5008,21844,15,428,2935                   
2026-10-06T20:29:30.698	TEL,1763,S5,669134733,5008,21844,15,425,2933                   
2026-10-06T20:29:30.698	TEL,1764,S5,669144733,5008,21844,15,430,2933                   
2026-10-06T20:29:30.698	TEL,1765,S5,669154733,5008,21844,15,428,2932                   
2026-10-06T20:29:30.698	TEL,1766,S5,669164733,5008,21844,15,428,2932                   
2026-10-06T20:29:30.698	TEL,1767,S5,669174733,5008,21844,15,430,2935                   
2026-10-06T20:29:30.698	TEL,1768,S5,669184733,5008,21844,15,428,2935                   
2026-10-06T20:29:30.698	TEL,1769,S5,669194733,5008,21844,15,428,2935                   
2026-10-06T20:29:30.698	TEL,1770,S5,669204733,5008,21844,15,428,2935                   
2026-10-06T20:29:30.698	TEL,1771,S5,669214733,5008,21844,15,425,2932                   
2026-10-06T20:29:30.698	TEL,1772,S5,669224733,5008,21844,15,428,2932                   
2026-10-06T20:29:30.698	TEL,1773,S5,669234733,5008,21844,15,430,2935                   
2026-10-06T20:29:30.698	TEL,1774,S5,669244733,5008,21844,15,425,2935                   
2026-10-06T20:29:30.698	TEL,1776,S5,669264733,5008,21844,15,436,2932                   
2026-10-06T20:29:30.698	TEL,1777,S5,669274733,5008,21844,15,439,2935                   
2026-10-06T20:29:30.698	TEL,1778,S5,669284733,5008,21844,15,428,2935                   
2026-10-06T20:29:30.698	TEL,1779,S5,669294733,5008,21844,15,422,2932                   
2026-10-06T20:29:30.698	TEL,1780,S5,669304733,5008,21844,15,422,2932                   
2026-10-06T20:29:30.698	TEL,1781,S5,669314733,5008,21844,15,428,2935                   
2026-10-06T20:29:30.698	TEL,1782,S5,669324733,5008,21844,15,428,2935                   
2026-10-06T20:29:30.698	TEL,1783,S5,669334733,5008,21844,15,422,2932                   
2026-10-06T20:29:31.318	TEL,1784,S5,669344733,5008,21844,15,419,2932                   
2026-10-06T20:29:31.318	TEL,1785,S5,669354733,5008,21844,15,425,2935                   
2026-10-06T20:29:31.318	TEL,1786,S5,669364733,5008,21844,15,428,2935                   
2026-10-06T20:29:31.318	TEL,1787,S5,669374733,5008,21844,15,425,2933                   
2026-10-06T20:29:31.318	TEL,1788,S5,669384733,5008,21844,15,425,2933                   
2026-10-06T20:29:31.318	TEL,1789,S5,669394733,5008,21844,15,425,2933                   
2026-10-06T20:29:31.318	TEL,1790,S5,669404733,5008,21844,15,422,2933                   
2026-10-06T20:29:31.318	TEL,1791,S5,669414733,5008,21844,15,425,2935                   
2026-10-06T20:29:31.318	TEL,1792,S5,669424733,5008,21844,15,428,2935                   
2026-10-06T20:29:31.318	TEL,1793,S5,669434733,5008,21844,15,428,2935                   
2026-10-06T20:29:31.318	TEL,1794,S5,669444733,5008,21844,15,428,2935                   
2026-10-06T20:29:31.318	TEL,1795,S5,669454733,5008,21844,15,428,2935                   
2026-10-06T20:29:31.318	TEL,1796,S5,669464733,5008,21844,15,428,2935                   
2026-10-06T20:29:31.318	TEL,1797,S5,669474733,5008,21844,15,425,2932                   
2026-10-06T20:29:31.318	TEL,1798,S5,669484733,5008,21844,15,422,2932                   
2026-10-06T20:29:31.318	TEL,1799,S5,669494733,5008,21844,15,419,2928                   
2026-10-06T20:29:31.318	TEL,1800,S5,669504733,5008,21844,15,419,2928                   
2026-10-06T20:29:31.318	TEL,1801,S5,669514733,5008,21844,15,422,2932                   
2026-10-06T20:29:31.318	TEL,1802,S5,669524733,5008,21844,15,428,2932                   
2026-10-06T20:29:31.318	TEL,1803,S5,669534733,5008,21844,15,428,2932                   
2026-10-06T20:29:31.318	TEL,1804,S5,669544733,5008,21844,15,422,2932                   
2026-10-06T20:29:31.318	TEL,1805,S5,669554733,5008,21844,15,428,2935                   
2026-10-06T20:29:31.318	TEL,1806,S5,669564733,5008,21844,15,436,2935                   
2026-10-06T20:29:31.318	TEL,1807,S5,669574733,5008,21844,15,436,2935                   
2026-10-06T20:29:31.318	TEL,1808,S5,669584733,5008,21844,15,428,2935                   
2026-10-06T20:29:31.318	TEL,1809,S5,669594733,5008,21844,15,422,2932                   
2026-10-06T20:29:31.318	TEL,1810,S5,669604733,5008,21844,15,422,2932                   
2026-10-06T20:29:31.318	TEL,1811,S5,669614733,5008,21844,15,428,2935                   
2026-10-06T20:29:31.318	TEL,1812,S5,669624733,5008,21844,15,428,2935                   
2026-10-06T20:29:31.318	TEL,1813,S5,669634733,5008,21844,15,422,2932                   
2026-10-06T20:29:31.318	TEL,1814,S5,669644733,5008,21844,15,422,2932                   
2026-10-06T20:29:31.318	TEL,1815,S5,669654733,5008,21844,15,422,2932                   
2026-10-06T20:29:31.318	TEL,1816,S5,669664733,5008,21844,15,422,2932                   
2026-10-06T20:29:31.318	TEL,1817,S5,669674733,5008,21844,15,428,2935                   
2026-10-06T20:29:31.318	TEL,1818,S5,669684733,5008,21844,15,428,2935                   
2026-10-06T20:29:31.318	TEL,1819,S5,669694733,5008,21844,15,428,2935                   
2026-10-06T20:29:31.318	TEL,1820,S5,669704733,5008,21844,15,428,2935                   
2026-10-06T20:29:31.318	TEL,1821,S5,669714733,5008,21844,15,428,2935                   
2026-10-06T20:29:31.318	TEL,1822,S5,669724733,5008,21844,15,428,2935                   
2026-10-06T20:29:31.318	TEL,1823,S5,669734733,5008,21844,15,428,2935                   
2026-10-06T20:29:31.318	TEL,1824,S5,669744733,5008,21844,15,428,2935                   
2026-10-06T20:29:31.318	TEL,1825,S5,669754733,5008,21844,15,428,2935                   
2026-10-06T20:29:31.318	TEL,1826,S5,669764733,5008,21844,15,428,2935                   
2026-10-06T20:29:31.318	TEL,1827,S5,669774733,5008,21844,15,422,2932                   
2026-10-06T20:29:31.318	TEL,1828,S5,669784733,5008,21844,15,419,2932                   
2026-10-06T20:29:31.318	TEL,1829,S5,669794733,5008,21844,15,419,2930                   
2026-10-06T20:29:31.318	TEL,1830,S5,669804733,5008,21844,15,428,2930                   
2026-10-06T20:29:31.318	TEL,1831,S5,669814733,5008,21844,15,428,2932                   
2026-10-06T20:29:31.318	TEL,1832,S5,669824733,5008,21844,15,422,2932                   
2026-10-06T20:29:31.318	TEL,1833,S5,669834733,5008,21844,15,428,2935                   
2026-10-06T20:29:31.318	TEL,1834,S5,669844733,5008,21844,15,428,2935                   
2026-10-06T20:29:31.318	BTN,19,S5,PRESSED,670000991,670004758                          
2026-10-06T20:29:31.318	TEL,1835,S5,669854733,5008,21844,15,428,2935                   
2026-10-06T20:29:31.318	TEL,1836,S5,669864733,5008,21844,15,430,2935                   
2026-10-06T20:29:31.318	TEL,1837,S5,669874733,5008,21844,15,428,2932                   
2026-10-06T20:29:31.318	TEL,1838,S5,669884733,5008,21844,15,419,2932                   
2026-10-06T20:29:31.318	TEL,1839,S5,669894733,5008,21844,15,419,2932                   
2026-10-06T20:29:31.318	TEL,1840,S5,669904733,5008,21844,15,422,2932                   
2026-10-06T20:29:31.318	TEL,1841,S5,669914733,5008,21844,15,428,2935                   
2026-10-06T20:29:31.318	TEL,1842,S5,669924733,5008,21844,15,428,2935                   
2026-10-06T20:29:31.318	TEL,1843,S5,669934733,5008,21844,15,428,2935                   
2026-10-06T20:29:31.318	TEL,1844,S5,669944733,5008,21844,15,428,2935                   
2026-10-06T20:29:31.937	TEL,1845,S5,669954733,5008,21844,15,422,2932                   
2026-10-06T20:29:31.937	TEL,1846,S5,669964733,5008,21844,15,422,2932                   
2026-10-06T20:29:31.937	TEL,1847,S5,669974733,5008,21844,15,422,2932                   
2026-10-06T20:29:31.937	TEL,1848,S5,669984733,5008,21844,15,422,2932                   
2026-10-06T20:29:31.937	TEL,1849,S5,669994733,5008,21844,15,425,2933                   
2026-10-06T20:29:31.937	TEL,1850,S5,670004739,5014,21844,15,422,2933                   
2026-10-06T20:29:31.937	TEL,1852,S5,670024733,5008,21844,15,422,2933                   
2026-10-06T20:29:31.937	TEL,1853,S5,670034733,5008,21844,15,419,2932                   
2026-10-06T20:29:31.937	TEL,1854,S5,670044733,5008,21844,15,422,2932                   
2026-10-06T20:29:31.937	TEL,1855,S5,670054733,5008,21844,15,422,2932                   
2026-10-06T20:29:31.937	TEL,1856,S5,670064733,5008,21844,15,422,2932                   
2026-10-06T20:29:31.937	TEL,1857,S5,670074733,5008,21844,15,428,2935                   
2026-10-06T20:29:31.937	TEL,1858,S5,670084733,5008,21844,15,428,2935                   
2026-10-06T20:29:31.937	TEL,1859,S5,670094733,5008,21844,15,428,2937                   
2026-10-06T20:29:31.937	TEL,1860,S5,670104733,5008,21844,15,428,2937                   
2026-10-06T20:29:31.937	TEL,1861,S5,670114733,5008,21844,15,422,2932                   
2026-10-06T20:29:31.937	TEL,1862,S5,670124733,5008,21844,15,430,2932                   
2026-10-06T20:29:31.937	TEL,1863,S5,670134733,5008,21844,15,433,2935                   
2026-10-06T20:29:31.937	TEL,1864,S5,670144733,5008,21844,15,428,2935                   
2026-10-06T20:29:31.937	TEL,1865,S5,670154733,5008,21844,15,422,2932                   
2026-10-06T20:29:31.937	TEL,1866,S5,670164733,5008,21844,15,419,2932                   
2026-10-06T20:29:31.937	TEL,1867,S5,670174733,5008,21844,15,422,2933                   
2026-10-06T20:29:31.937	TEL,1868,S5,670184733,5008,21844,15,425,2933                   
2026-10-06T20:29:31.937	TEL,1869,S5,670194733,5008,21844,15,419,2928                   
2026-10-06T20:29:31.937	TEL,1870,S5,670204733,5008,21844,15,416,2928                   
2026-10-06T20:29:31.937	TEL,1871,S5,670214733,5008,21844,15,422,2933                   
2026-10-06T20:29:31.937	TEL,1872,S5,670224733,5008,21844,15,425,2933                   
2026-10-06T20:29:31.937	TEL,1873,S5,670234733,5008,21844,15,422,2932                   
2026-10-06T20:29:31.937	TEL,1874,S5,670244733,5008,21844,15,428,2932                   
2026-10-06T20:29:31.937	TEL,1875,S5,670254733,5008,21844,15,430,2935                   
2026-10-06T20:29:31.937	TEL,1876,S5,670264733,5008,21844,15,428,2935                   
2026-10-06T20:29:31.937	TEL,1877,S5,670274733,5008,21844,15,422,2932                   
2026-10-06T20:29:31.937	TEL,1878,S5,670284733,5008,21844,15,422,2932                   
2026-10-06T20:29:31.937	TEL,1879,S5,670294733,5008,21844,15,428,2937                   
2026-10-06T20:29:31.937	TEL,1880,S5,670304733,5008,21844,15,428,2937                   
2026-10-06T20:29:31.937	TEL,1881,S5,670314733,5008,21844,15,425,2933                   
2026-10-06T20:29:31.937	TEL,1882,S5,670324733,5008,21844,15,425,2933                   
2026-10-06T20:29:31.937	TEL,1883,S5,670334733,5008,21844,15,422,2932                   
2026-10-06T20:29:31.937	TEL,1884,S5,670344733,5008,21844,15,422,2932                   
2026-10-06T20:29:31.937	TEL,1885,S5,670354733,5008,21844,15,422,2932                   
2026-10-06T20:29:31.937	TEL,1886,S5,670364733,5008,21844,15,428,2932                   
2026-10-06T20:29:31.937	TEL,1887,S5,670374733,5008,21844,15,428,2932                   
2026-10-06T20:29:31.937	TEL,1888,S5,670384733,5008,21844,15,416,2932                   
2026-10-06T20:29:31.937	TEL,1889,S5,670394733,5008,21844,15,419,2935                   
2026-10-06T20:29:31.937	TEL,1890,S5,670404733,5008,21844,15,428,2935                   
2026-10-06T20:29:31.937	TEL,1891,S5,670414733,5008,21844,15,430,2939                   
2026-10-06T20:29:31.939	TEL,1892,S5,670424733,5008,21844,15,430,2939                   
2026-10-06T20:29:31.939	TEL,1893,S5,670434733,5008,21844,15,425,2933                   
2026-10-06T20:29:31.939	TEL,1894,S5,670444733,5008,21844,15,425,2933                   
2026-10-06T20:29:31.939	TEL,1895,S5,670454733,5008,21844,15,422,2932                   
2026-10-06T20:29:31.939	TEL,1896,S5,670464733,5008,21844,15,422,2932                   
2026-10-06T20:29:31.939	TEL,1897,S5,670474733,5008,21844,15,428,2935                   
2026-10-06T20:29:31.939	TEL,1898,S5,670484733,5008,21844,15,430,2935                   
2026-10-06T20:29:31.939	TEL,1899,S5,670494733,5008,21844,15,428,2932                   
2026-10-06T20:29:31.939	TEL,1900,S5,670504733,5008,21844,15,428,2932                   
2026-10-06T20:29:31.939	TEL,1901,S5,670514733,5008,21844,15,430,2935                   
2026-10-06T20:29:31.939	TEL,1902,S5,670524733,5008,21844,15,428,2935                   
2026-10-06T20:29:31.939	TEL,1903,S5,670534733,5008,21844,15,425,2933                   
2026-10-06T20:29:31.939	TEL,1904,S5,670544733,5008,21844,15,425,2933                   
2026-10-06T20:29:31.939	TEL,1905,S5,670554733,5008,21844,15,428,2935                   
2026-10-06T20:29:31.939	TEL,1906,S5,670564733,5008,21844,15,425,2935                   
2026-10-06T20:29:31.939	TEL,1907,S5,670574733,5008,21844,15,428,2939                   
2026-10-06T20:29:32.557	TEL,1908,S5,670584733,5008,21844,15,430,2939                   
2026-10-06T20:29:32.557	TEL,1909,S5,670594733,5008,21844,15,425,2933                   
2026-10-06T20:29:32.557	TEL,1910,S5,670604733,5008,21844,15,422,2933                   
2026-10-06T20:29:32.557	TEL,1911,S5,670614733,5008,21844,15,419,2932                   
2026-10-06T20:29:32.557	TEL,1912,S5,670624733,5008,21844,15,422,2932                   
2026-10-06T20:29:32.557	TEL,1913,S5,670634733,5008,21844,15,422,2932                   
2026-10-06T20:29:32.557	TEL,1914,S5,670644733,5008,21844,15,419,2932                   
2026-10-06T20:29:32.557	TEL,1915,S5,670654733,5008,21844,15,419,2932                   
2026-10-06T20:29:32.557	TEL,1916,S5,670664733,5008,21844,15,428,2932                   
2026-10-06T20:29:32.557	TEL,1917,S5,670674733,5008,21844,15,430,2935                   
2026-10-06T20:29:32.557	TEL,1918,S5,670684733,5008,21844,15,428,2935                   
2026-10-06T20:29:32.557	TEL,1919,S5,670694733,5008,21844,15,422,2932                   
2026-10-06T20:29:32.557	TEL,1920,S5,670704733,5008,21844,15,422,2932                   
2026-10-06T20:29:32.557	TEL,1921,S5,670714733,5008,21844,15,422,2932                   
2026-10-06T20:29:32.557	TEL,1922,S5,670724733,5008,21844,15,422,2932                   
2026-10-06T20:29:32.557	TEL,1923,S5,670734733,5008,21844,15,422,2932                   
2026-10-06T20:29:32.557	BTN,20,S5,PRESSED,670891997,670894758                          
2026-10-06T20:29:32.557	TEL,1924,S5,670744733,5008,21844,15,428,2932                   
2026-10-06T20:29:32.557	TEL,1925,S5,670754733,5008,21844,15,430,2933                   
2026-10-06T20:29:32.557	TEL,1926,S5,670764733,5008,21844,15,422,2933                   
2026-10-06T20:29:32.557	TEL,1927,S5,670774733,5008,21844,15,425,2935                   
2026-10-06T20:29:32.557	TEL,1928,S5,670784733,5008,21844,15,428,2935                   
2026-10-06T20:29:32.557	TEL,1929,S5,670794733,5008,21844,15,422,2932                   
2026-10-06T20:29:32.557	TEL,1930,S5,670804733,5008,21844,15,422,2932                   
2026-10-06T20:29:32.557	TEL,1931,S5,670814733,5008,21844,15,428,2935                   
2026-10-06T20:29:32.557	TEL,1932,S5,670824733,5008,21844,15,428,2935                   
2026-10-06T20:29:32.557	TEL,1933,S5,670834733,5008,21844,15,428,2935                   
2026-10-06T20:29:32.557	TEL,1934,S5,670844733,5008,21844,15,425,2935                   
2026-10-06T20:29:32.557	TEL,1935,S5,670854733,5008,21844,15,419,2932                   
2026-10-06T20:29:32.557	TEL,1936,S5,670864733,5008,21844,15,422,2932                   
2026-10-06T20:29:32.557	TEL,1937,S5,670874733,5008,21844,15,422,2932                   
2026-10-06T20:29:32.557	TEL,1938,S5,670884733,5008,21844,15,422,2932                   
2026-10-06T20:29:32.557	TEL,1939,S5,670894739,5014,21844,15,422,2932                   
2026-10-06T20:29:32.557	TEL,1941,S5,670914733,5008,21844,15,410,2928                   
2026-10-06T20:29:32.557	TEL,1942,S5,670924733,5008,21844,15,419,2928                   
2026-10-06T20:29:32.557	TEL,1943,S5,670934733,5008,21844,15,428,2935                   
2026-10-06T20:29:32.557	TEL,1944,S5,670944733,5008,21844,15,428,2935                   
2026-10-06T20:29:32.557	TEL,1945,S5,670954733,5008,21844,15,422,2932                   
2026-10-06T20:29:32.557	TEL,1946,S5,670964733,5008,21844,15,428,2932                   
2026-10-06T20:29:32.557	TEL,1947,S5,670974733,5008,21844,15,430,2933                   
2026-10-06T20:29:32.557	TEL,1948,S5,670984733,5008,21844,15,425,2933                   
2026-10-06T20:29:32.557	TEL,1949,S5,670994733,5008,21844,15,428,2935                   
2026-10-06T20:29:32.557	TEL,1950,S5,671004733,5008,21844,15,428,2935                   
2026-10-06T20:29:32.557	TEL,1951,S5,671014733,5008,21844,15,422,2930                   
2026-10-06T20:29:32.557	TEL,1952,S5,671024733,5008,21844,15,419,2930                   
2026-10-06T20:29:32.557	TEL,1953,S5,671034733,5008,21844,15,419,2932                   
2026-10-06T20:29:32.557	TEL,1954,S5,671044733,5008,21844,15,428,2932                   
2026-10-06T20:29:32.557	TEL,1955,S5,671054733,5008,21844,15,430,2935                   
2026-10-06T20:29:32.557	TEL,1956,S5,671064733,5008,21844,15,428,2935                   
2026-10-06T20:29:32.557	TEL,1957,S5,671074733,5008,21844,15,428,2935                   
2026-10-06T20:29:32.557	TEL,1958,S5,671084733,5008,21844,15,428,2935                   
2026-10-06T20:29:32.557	TEL,1959,S5,671094733,5008,21844,15,428,2935                   
2026-10-06T20:29:32.557	TEL,1960,S5,671104733,5008,21844,15,430,2935                   
2026-10-06T20:29:32.557	TEL,1961,S5,671114733,5008,21844,15,428,2932                   
2026-10-06T20:29:32.557	TEL,1962,S5,671124733,5008,21844,15,422,2932                   
2026-10-06T20:29:32.557	TEL,1963,S5,671134733,5008,21844,15,422,2932                   
2026-10-06T20:29:32.557	TEL,1964,S5,671144733,5008,21844,15,422,2932                   
2026-10-06T20:29:32.557	TEL,1965,S5,671154733,5008,21844,15,428,2935                   
2026-10-06T20:29:32.557	TEL,1966,S5,671164733,5008,21844,15,430,2935                   
2026-10-06T20:29:32.557	TEL,1967,S5,671174733,5008,21844,15,428,2932                   
2026-10-06T20:29:32.557	TEL,1968,S5,671184733,5008,21844,15,422,2932                   
2026-10-06T20:29:32.557	TEL,1969,S5,671194733,5008,21844,15,425,2933                   
2026-10-06T20:29:33.178	TEL,1970,S5,671204733,5008,21844,15,425,2933                   
2026-10-06T20:29:33.178	TEL,1971,S5,671214733,5008,21844,15,428,2935                   
2026-10-06T20:29:33.178	TEL,1972,S5,671224733,5008,21844,15,428,2935                   
2026-10-06T20:29:33.178	TEL,1973,S5,671234733,5008,21844,15,422,2932                   
2026-10-06T20:29:33.178	TEL,1974,S5,671244733,5008,21844,15,419,2932                   
2026-10-06T20:29:33.178	TEL,1975,S5,671254733,5008,21844,15,422,2933                   
2026-10-06T20:29:33.178	TEL,1976,S5,671264733,5008,21844,15,422,2933                   
2026-10-06T20:29:33.178	TEL,1977,S5,671274733,5008,21844,15,419,2932                   
2026-10-06T20:29:33.178	BTN,21,S5,PRESSED,671432002,671434758                          
2026-10-06T20:29:33.178	TEL,1978,S5,671284733,5008,21844,15,422,2932                   
2026-10-06T20:29:33.178	TEL,1979,S5,671294733,5008,21844,15,422,2932                   
2026-10-06T20:29:33.178	TEL,1980,S5,671304733,5008,21844,15,419,2932                   
2026-10-06T20:29:33.178	TEL,1981,S5,671314733,5008,21844,15,419,2933                   
2026-10-06T20:29:33.178	TEL,1982,S5,671324733,5008,21844,15,425,2933                   
2026-10-06T20:29:33.178	TEL,1983,S5,671334733,5008,21844,15,425,2933                   
2026-10-06T20:29:33.178	TEL,1984,S5,671344733,5008,21844,15,425,2933                   
2026-10-06T20:29:33.178	TEL,1985,S5,671354733,5008,21844,15,422,2932                   
2026-10-06T20:29:33.178	TEL,1986,S5,671364733,5008,21844,15,422,2932                   
2026-10-06T20:29:33.178	TEL,1987,S5,671374733,5008,21844,15,428,2935                   
2026-10-06T20:29:33.178	TEL,1988,S5,671384733,5008,21844,15,428,2935                   
2026-10-06T20:29:33.178	TEL,1989,S5,671394733,5008,21844,15,428,2935                   
2026-10-06T20:29:33.178	TEL,1990,S5,671404733,5008,21844,15,428,2935                   
2026-10-06T20:29:33.178	TEL,1991,S5,671414733,5008,21844,15,428,2935                   
2026-10-06T20:29:33.178	TEL,1992,S5,671424733,5008,21844,15,428,2935                   
2026-10-06T20:29:33.178	TEL,1993,S5,671434739,5014,21844,15,428,2935                   
2026-10-06T20:29:33.178	TEL,1995,S5,671454733,5008,21844,15,425,2932                   
2026-10-06T20:29:33.178	TEL,1996,S5,671464733,5008,21844,15,419,2932                   
2026-10-06T20:29:33.178	TEL,1997,S5,671474733,5008,21844,15,425,2939                   
2026-10-06T20:29:33.178	TEL,1998,S5,671484733,5008,21844,15,439,2939                   
2026-10-06T20:29:33.178	TEL,1999,S5,671494733,5008,21844,15,433,2933                   
2026-10-06T20:29:33.178	TEL,2000,S5,671504733,5008,21844,15,419,2933                   
2026-10-06T20:29:33.178	TEL,2001,S5,671514733,5008,21844,15,422,2937                   
2026-10-06T20:29:33.178	TEL,2002,S5,671524733,5008,21844,15,425,2937                   
2026-10-06T20:29:33.178	TEL,2003,S5,671534733,5008,21844,15,419,2932                   
2026-10-06T20:29:33.178	TEL,2004,S5,671544733,5008,21844,15,422,2932                   
2026-10-06T20:29:33.178	TEL,2005,S5,671554733,5008,21844,15,428,2935                   
2026-10-06T20:29:33.178	TEL,2006,S5,671564733,5008,21844,15,428,2935                   
2026-10-06T20:29:33.178	TEL,2007,S5,671574733,5008,21844,15,425,2933                   
2026-10-06T20:29:33.178	TEL,2008,S5,671584733,5008,21844,15,428,2933                   
2026-10-06T20:29:33.178	TEL,2009,S5,671594733,5008,21844,15,428,2935                   
2026-10-06T20:29:33.178	TEL,2010,S5,671604733,5008,21844,15,428,2935                   
2026-10-06T20:29:33.178	TEL,2011,S5,671614733,5008,21844,15,422,2932                   
2026-10-06T20:29:33.178	TEL,2012,S5,671624733,5008,21844,15,422,2932                   
2026-10-06T20:29:33.178	TEL,2013,S5,671634733,5008,21844,15,422,2932                   
2026-10-06T20:29:33.178	TEL,2014,S5,671644733,5008,21844,15,413,2932                   
2026-10-06T20:29:33.178	TEL,2015,S5,671654733,5008,21844,15,413,2932                   
2026-10-06T20:29:33.178	TEL,2016,S5,671664733,5008,21844,15,422,2932                   
2026-10-06T20:29:33.178	TEL,2017,S5,671674733,5008,21844,15,422,2932                   
2026-10-06T20:29:33.178	TEL,2018,S5,671684733,5008,21844,15,416,2932                   
2026-10-06T20:29:33.178	TEL,2019,S5,671694733,5008,21844,15,419,2935                   
2026-10-06T20:29:33.178	TEL,2020,S5,671704733,5008,21844,15,428,2935                   
2026-10-06T20:29:33.178	TEL,2021,S5,671714733,5008,21844,15,428,2935                   
2026-10-06T20:29:33.178	TEL,2022,S5,671724733,5008,21844,15,430,2935                   
2026-10-06T20:29:33.178	TEL,2023,S5,671734733,5008,21844,15,430,2935                   
2026-10-06T20:29:33.178	TEL,2024,S5,671744733,5008,21844,15,425,2935                   
2026-10-06T20:29:33.178	TEL,2025,S5,671754733,5008,21844,15,416,2928                   
2026-10-06T20:29:33.178	TEL,2026,S5,671764733,5008,21844,15,425,2928                   
2026-10-06T20:29:33.178	TEL,2027,S5,671774733,5008,21844,15,430,2935                   
2026-10-06T20:29:33.178	TEL,2028,S5,671784733,5008,21844,15,422,2935                   
2026-10-06T20:29:33.178	TEL,2029,S5,671794733,5008,21844,15,419,2932                   
2026-10-06T20:29:33.178	TEL,2030,S5,671804733,5008,21844,15,422,2932                   
2026-10-06T20:29:33.178	TEL,2031,S5,671814733,5008,21844,15,428,2935                   
2026-10-06T20:29:33.802	TEL,2032,S5,671824733,5008,21844,15,433,2935                   
2026-10-06T20:29:33.802	TEL,2033,S5,671834733,5008,21844,15,430,2932                   
2026-10-06T20:29:33.802	TEL,2034,S5,671844733,5008,21844,15,413,2932                   
2026-10-06T20:29:33.802	TEL,2035,S5,671854733,5008,21844,15,413,2932                   
2026-10-06T20:29:33.802	TEL,2036,S5,671864733,5008,21844,15,422,2932                   
2026-10-06T20:29:33.802	TEL,2037,S5,671874733,5008,21844,15,422,2932                   
2026-10-06T20:29:33.802	TEL,2038,S5,671884733,5008,21844,15,422,2932                   
2026-10-06T20:29:33.802	BTN,22,S5,PRESSED,672037007,672037014                          
2026-10-06T20:29:33.802	TEL,2039,S5,671894733,5008,21844,15,422,2932                   
2026-10-06T20:29:33.802	TEL,2040,S5,671904733,5008,21844,15,419,2932                   
2026-10-06T20:29:33.802	TEL,2041,S5,671914733,5008,21844,15,425,2935                   
2026-10-06T20:29:33.802	TEL,2042,S5,671924733,5008,21844,15,436,2935                   
2026-10-06T20:29:33.802	TEL,2043,S5,671934733,5008,21844,15,433,2932                   
2026-10-06T20:29:33.802	TEL,2044,S5,671944733,5008,21844,15,422,2932                   
2026-10-06T20:29:33.802	TEL,2045,S5,671954733,5008,21844,15,422,2932                   
2026-10-06T20:29:33.802	TEL,2046,S5,671964733,5008,21844,15,419,2932                   
2026-10-06T20:29:33.802	TEL,2047,S5,671974733,5008,21844,15,425,2935                   
2026-10-06T20:29:33.802	TEL,2048,S5,671984733,5008,21844,15,430,2935                   
2026-10-06T20:29:33.802	TEL,2049,S5,671994733,5008,21844,15,428,2932                   
2026-10-06T20:29:33.802	TEL,2050,S5,672004733,5008,21844,15,422,2932                   
2026-10-06T20:29:33.802	TEL,2051,S5,672014733,5008,21844,15,428,2935                   
2026-10-06T20:29:33.802	TEL,2052,S5,672024733,5008,21844,15,425,2935                   
2026-10-06T20:29:33.802	TEL,2053,S5,672034733,5008,21844,15,425,2935                   
2026-10-06T20:29:33.802	TEL,2054,S5,672044733,5008,21844,15,428,2935                   
2026-10-06T20:29:33.802	TEL,2056,S5,672064733,5008,21844,15,430,2932                   
2026-10-06T20:29:33.802	TEL,2057,S5,672074733,5008,21844,15,433,2935                   
2026-10-06T20:29:33.802	TEL,2058,S5,672084733,5008,21844,15,425,2935                   
2026-10-06T20:29:33.802	TEL,2059,S5,672094733,5008,21844,15,425,2935                   
2026-10-06T20:29:33.802	TEL,2060,S5,672104733,5008,21844,15,428,2935                   
2026-10-06T20:29:33.802	TEL,2061,S5,672114733,5008,21844,15,419,2928                   
2026-10-06T20:29:33.803	TEL,2062,S5,672124733,5008,21844,15,425,2928                   
2026-10-06T20:29:33.803	TEL,2063,S5,672134733,5008,21844,15,430,2935                   
2026-10-06T20:29:33.803	TEL,2064,S5,672144733,5008,21844,15,422,2935                   
2026-10-06T20:29:33.803	TEL,2065,S5,672154733,5008,21844,15,419,2933                   
2026-10-06T20:29:33.803	TEL,2066,S5,672164733,5008,21844,15,430,2933                   
2026-10-06T20:29:33.803	TEL,2067,S5,672174733,5008,21844,15,428,2932                   
2026-10-06T20:29:33.803	TEL,2068,S5,672184733,5008,21844,15,419,2932                   
2026-10-06T20:29:33.803	TEL,2069,S5,672194733,5008,21844,15,425,2935                   
2026-10-06T20:29:33.803	TEL,2070,S5,672204733,5008,21844,15,428,2935                   
2026-10-06T20:29:33.803	TEL,2071,S5,672214733,5008,21844,15,422,2932                   
2026-10-06T20:29:33.803	TEL,2072,S5,672224733,5008,21844,15,422,2932                   
2026-10-06T20:29:33.803	TEL,2073,S5,672234733,5008,21844,15,428,2935                   
2026-10-06T20:29:33.803	TEL,2074,S5,672244733,5008,21844,15,430,2935                   
2026-10-06T20:29:33.803	TEL,2075,S5,672254733,5008,21844,15,428,2932                   
2026-10-06T20:29:33.803	TEL,2076,S5,672264733,5008,21844,15,422,2932                   
2026-10-06T20:29:33.803	TEL,2077,S5,672274733,5008,21844,15,428,2935                   
2026-10-06T20:29:33.803	TEL,2078,S5,672284733,5008,21844,15,419,2935                   
2026-10-06T20:29:33.803	TEL,2079,S5,672294733,5008,21844,15,419,2935                   
2026-10-06T20:29:33.803	TEL,2080,S5,672304733,5008,21844,15,428,2935                   
2026-10-06T20:29:33.803	TEL,2081,S5,672314733,5008,21844,15,422,2932                   
2026-10-06T20:29:33.803	TEL,2082,S5,672324733,5008,21844,15,422,2932                   
2026-10-06T20:29:33.803	TEL,2083,S5,672334733,5008,21844,15,428,2935                   
2026-10-06T20:29:33.803	TEL,2084,S5,672344733,5008,21844,15,428,2935                   
2026-10-06T20:29:33.803	TEL,2085,S5,672354733,5008,21844,15,428,2935                   
2026-10-06T20:29:33.803	TEL,2086,S5,672364733,5008,21844,15,428,2935                   
2026-10-06T20:29:33.803	TEL,2087,S5,672374733,5008,21844,15,428,2935                   
2026-10-06T20:29:33.803	TEL,2088,S5,672384733,5008,21844,15,428,2935                   
2026-10-06T20:29:33.803	TEL,2089,S5,672394733,5008,21844,15,428,2935                   
2026-10-06T20:29:33.803	TEL,2090,S5,672404733,5008,21844,15,428,2935                   
2026-10-06T20:29:33.803	TEL,2091,S5,672414733,5008,21844,15,428,2935                   
2026-10-06T20:29:33.803	TEL,2092,S5,672424733,5008,21844,15,428,2935                   
2026-10-06T20:29:33.803	TEL,2093,S5,672434733,5008,21844,15,425,2933                   
2026-10-06T20:29:34.412	TEL,2094,S5,672444733,5008,21844,15,425,2933                   
2026-10-06T20:29:34.412	TEL,2095,S5,672454733,5008,21844,15,422,2932                   
2026-10-06T20:29:34.412	TEL,2096,S5,672464733,5008,21844,15,419,2932                   
2026-10-06T20:29:34.412	TEL,2097,S5,672474733,5008,21844,15,425,2935                   
2026-10-06T20:29:34.412	TEL,2098,S5,672484733,5008,21844,15,428,2935                   
2026-10-06T20:29:34.412	TEL,2099,S5,672494733,5008,21844,15,422,2932                   
2026-10-06T20:29:34.412	TEL,2100,S5,672504733,5008,21844,15,422,2932                   
2026-10-06T20:29:34.412	TEL,2101,S5,672514733,5008,21844,15,428,2935                   
2026-10-06T20:29:34.412	TEL,2102,S5,672524733,5008,21844,15,428,2935                   
2026-10-06T20:29:34.412	TEL,2103,S5,672534733,5008,21844,15,422,2932                   
2026-10-06T20:29:34.412	TEL,2104,S5,672544733,5008,21844,15,425,2932                   
2026-10-06T20:29:34.412	TEL,2105,S5,672554733,5008,21844,15,425,2932                   
2026-10-06T20:29:34.412	TEL,2106,S5,672564733,5008,21844,15,425,2932                   
2026-10-06T20:29:34.412	TEL,2107,S5,672574733,5008,21844,15,428,2935                   
2026-10-06T20:29:34.412	TEL,2108,S5,672584733,5008,21844,15,428,2935                   
2026-10-06T20:29:34.412	TEL,2109,S5,672594733,5008,21844,15,422,2932                   
2026-10-06T20:29:34.412	BTN,23,S5,PRESSED,672747013,672747020                          
2026-10-06T20:29:34.412	TEL,2110,S5,672604733,5008,21844,15,422,2932                   
2026-10-06T20:29:34.412	TEL,2111,S5,672614733,5008,21844,15,422,2932                   
2026-10-06T20:29:34.412	TEL,2112,S5,672624733,5008,21844,15,425,2932                   
2026-10-06T20:29:34.412	TEL,2113,S5,672634733,5008,21844,15,425,2932                   
2026-10-06T20:29:34.412	TEL,2114,S5,672644733,5008,21844,15,422,2932                   
2026-10-06T20:29:34.412	TEL,2115,S5,672654733,5008,21844,15,428,2935                   
2026-10-06T20:29:34.412	TEL,2116,S5,672664733,5008,21844,15,428,2935                   
2026-10-06T20:29:34.412	TEL,2117,S5,672674733,5008,21844,15,422,2932                   
2026-10-06T20:29:34.412	TEL,2118,S5,672684733,5008,21844,15,422,2932                   
2026-10-06T20:29:34.412	TEL,2119,S5,672694733,5008,21844,15,419,2928                   
2026-10-06T20:29:34.412	TEL,2120,S5,672704733,5008,21844,15,419,2928                   
2026-10-06T20:29:34.412	TEL,2121,S5,672714733,5008,21844,15,428,2935                   
2026-10-06T20:29:34.412	TEL,2122,S5,672724733,5008,21844,15,428,2935                   
2026-10-06T20:29:34.412	TEL,2123,S5,672734733,5008,21844,15,422,2930                   
2026-10-06T20:29:34.412	TEL,2124,S5,672744733,5008,21844,15,422,2930                   
2026-10-06T20:29:34.412	TEL,2125,S5,672754733,5008,21844,15,425,2933                   
2026-10-06T20:29:34.412	TEL,2127,S5,672774733,5008,21844,15,419,2932                   
2026-10-06T20:29:34.412	TEL,2128,S5,672784733,5008,21844,15,422,2932                   
2026-10-06T20:29:34.412	TEL,2129,S5,672794733,5008,21844,15,422,2932                   
2026-10-06T20:29:34.412	TEL,2130,S5,672804733,5008,21844,15,422,2932                   
2026-10-06T20:29:34.412	TEL,2131,S5,672814733,5008,21844,15,428,2935                   
2026-10-06T20:29:34.412	TEL,2132,S5,672824733,5008,21844,15,425,2935                   
2026-10-06T20:29:34.412	TEL,2133,S5,672834733,5008,21844,15,425,2935                   
2026-10-06T20:29:34.412	TEL,2134,S5,672844733,5008,21844,15,428,2935                   
2026-10-06T20:29:34.412	TEL,2135,S5,672854733,5008,21844,15,428,2935                   
2026-10-06T20:29:34.412	TEL,2136,S5,672864733,5008,21844,15,428,2935                   
2026-10-06T20:29:34.412	TEL,2137,S5,672874733,5008,21844,15,428,2935                   
2026-10-06T20:29:34.412	TEL,2138,S5,672884733,5008,21844,15,428,2935                   
2026-10-06T20:29:34.412	TEL,2139,S5,672894733,5008,21844,15,428,2935                   
2026-10-06T20:29:34.412	TEL,2140,S5,672904733,5008,21844,15,436,2935                   
2026-10-06T20:29:34.412	TEL,2141,S5,672914733,5008,21844,15,433,2932                   
2026-10-06T20:29:34.412	TEL,2142,S5,672924733,5008,21844,15,422,2932                   
2026-10-06T20:29:34.412	TEL,2143,S5,672934733,5008,21844,15,428,2935                   
2026-10-06T20:29:34.412	TEL,2144,S5,672944733,5008,21844,15,430,2935                   
2026-10-06T20:29:34.412	TEL,2145,S5,672954733,5008,21844,15,430,2935                   
2026-10-06T20:29:34.412	TEL,2146,S5,672964733,5008,21844,15,428,2935                   
2026-10-06T20:29:34.412	TEL,2147,S5,672974733,5008,21844,15,422,2932                   
2026-10-06T20:29:34.412	TEL,2148,S5,672984733,5008,21844,15,419,2932                   
2026-10-06T20:29:34.412	TEL,2149,S5,672994733,5008,21844,15,425,2935                   
2026-10-06T20:29:34.412	TEL,2150,S5,673004733,5008,21844,15,422,2935                   
2026-10-06T20:29:34.412	TEL,2151,S5,673014733,5008,21844,15,419,2932                   
2026-10-06T20:29:34.412	TEL,2152,S5,673024733,5008,21844,15,419,2932                   
2026-10-06T20:29:34.412	TEL,2153,S5,673034733,5008,21844,15,422,2935                   
2026-10-06T20:29:34.412	TEL,2154,S5,673044733,5008,21844,15,428,2935                   
2026-10-06T20:29:34.412	TEL,2155,S5,673054733,5008,21844,15,428,2935                   
2026-10-06T20:29:35.036	TEL,2156,S5,673064733,5008,21844,15,430,2935                   
2026-10-06T20:29:35.036	TEL,2157,S5,673074733,5008,21844,15,428,2932                   
2026-10-06T20:29:35.036	TEL,2158,S5,673084733,5008,21844,15,422,2932                   
2026-10-06T20:29:35.036	TEL,2159,S5,673094733,5008,21844,15,428,2935                   
2026-10-06T20:29:35.036	TEL,2160,S5,673104733,5008,21844,15,428,2935                   
2026-10-06T20:29:35.036	TEL,2161,S5,673114733,5008,21844,15,425,2933                   
2026-10-06T20:29:35.036	TEL,2162,S5,673124733,5008,21844,15,425,2933                   
2026-10-06T20:29:35.036	TEL,2163,S5,673134733,5008,21844,15,422,2932                   
2026-10-06T20:29:35.036	TEL,2164,S5,673144733,5008,21844,15,422,2932                   
2026-10-06T20:29:35.036	TEL,2165,S5,673154733,5008,21844,15,422,2932                   
2026-10-06T20:29:35.036	TEL,2166,S5,673164733,5008,21844,15,422,2932                   
2026-10-06T20:29:35.036	TEL,2167,S5,673174733,5008,21844,15,430,2939                   
2026-10-06T20:29:35.036	TEL,2168,S5,673184733,5008,21844,15,430,2939                   
2026-10-06T20:29:35.036	TEL,2169,S5,673194733,5008,21844,15,422,2932                   
2026-10-06T20:29:35.036	TEL,2170,S5,673204733,5008,21844,15,428,2932                   
2026-10-06T20:29:35.036	TEL,2171,S5,673214733,5008,21844,15,428,2932                   
2026-10-06T20:29:35.036	TEL,2172,S5,673224733,5008,21844,15,425,2932                   
2026-10-06T20:29:35.036	TEL,2173,S5,673234733,5008,21844,15,428,2935                   
2026-10-06T20:29:35.036	TEL,2174,S5,673244733,5008,21844,15,425,2935                   
2026-10-06T20:29:35.036	TEL,2175,S5,673254733,5008,21844,15,419,2932                   
2026-10-06T20:29:35.036	TEL,2176,S5,673264733,5008,21844,15,422,2932                   
2026-10-06T20:29:35.036	TEL,2177,S5,673274733,5008,21844,15,428,2935                   
2026-10-06T20:29:35.036	TEL,2178,S5,673284733,5008,21844,15,428,2935                   
2026-10-06T20:29:35.036	TEL,2179,S5,673294733,5008,21844,15,428,2935                   
2026-10-06T20:29:35.036	TEL,2180,S5,673304733,5008,21844,15,428,2935                   
2026-10-06T20:29:35.036	TEL,2181,S5,673314733,5008,21844,15,422,2932                   
2026-10-06T20:29:35.036	TEL,2182,S5,673324733,5008,21844,15,433,2932                   
2026-10-06T20:29:35.036	TEL,2183,S5,673334733,5008,21844,15,436,2935                   
2026-10-06T20:29:35.036	TEL,2184,S5,673344733,5008,21844,15,425,2935                   
2026-10-06T20:29:35.036	TEL,2185,S5,673354733,5008,21844,15,425,2935                   
2026-10-06T20:29:35.036	TEL,2186,S5,673364733,5008,21844,15,428,2935                   
2026-10-06T20:29:35.036	TEL,2187,S5,673374733,5008,21844,15,428,2935                   
2026-10-06T20:29:35.036	TEL,2188,S5,673384733,5008,21844,15,428,2935                   
2026-10-06T20:29:35.036	TEL,2189,S5,673394733,5008,21844,15,422,2932                   
2026-10-06T20:29:35.036	TEL,2190,S5,673404733,5008,21844,15,422,2932                   
2026-10-06T20:29:35.036	TEL,2191,S5,673414733,5008,21844,15,422,2932                   
2026-10-06T20:29:35.036	TEL,2192,S5,673424733,5008,21844,15,419,2932                   
2026-10-06T20:29:35.036	TEL,2193,S5,673434733,5008,21844,15,419,2932                   
2026-10-06T20:29:35.036	TEL,2194,S5,673444733,5008,21844,15,433,2932                   
2026-10-06T20:29:35.036	TEL,2195,S5,673454733,5008,21844,15,436,2935                   
2026-10-06T20:29:35.036	TEL,2196,S5,673464733,5008,21844,15,428,2935                   
2026-10-06T20:29:35.036	TEL,2197,S5,673474733,5008,21844,15,425,2933                   
2026-10-06T20:29:35.036	TEL,2198,S5,673484733,5008,21844,15,422,2933                   
2026-10-06T20:29:35.036	BTN,24,S5,PRESSED,673643018,673644758                          
2026-10-06T20:29:35.036	TEL,2199,S5,673494733,5008,21844,15,425,2935                   
2026-10-06T20:29:35.036	TEL,2200,S5,673504733,5008,21844,15,428,2935                   
2026-10-06T20:29:35.036	TEL,2201,S5,673514733,5008,21844,15,430,2939                   
2026-10-06T20:29:35.036	TEL,2202,S5,673524733,5008,21844,15,433,2939                   
2026-10-06T20:29:35.036	TEL,2203,S5,673534733,5008,21844,15,425,2932                   
2026-10-06T20:29:35.036	TEL,2204,S5,673544733,5008,21844,15,419,2932                   
2026-10-06T20:29:35.036	TEL,2205,S5,673554733,5008,21844,15,419,2932                   
2026-10-06T20:29:35.036	TEL,2206,S5,673564733,5008,21844,15,428,2932                   
2026-10-06T20:29:35.036	TEL,2207,S5,673574733,5008,21844,15,428,2932                   
2026-10-06T20:29:35.036	TEL,2208,S5,673584733,5008,21844,15,422,2932                   
2026-10-06T20:29:35.036	TEL,2209,S5,673594733,5008,21844,15,428,2935                   
2026-10-06T20:29:35.036	TEL,2210,S5,673604733,5008,21844,15,425,2935                   
2026-10-06T20:29:35.036	TEL,2211,S5,673614733,5008,21844,15,419,2932                   
2026-10-06T20:29:35.036	TEL,2212,S5,673624733,5008,21844,15,422,2932                   
2026-10-06T20:29:35.036	TEL,2213,S5,673634733,5008,21844,15,422,2932                   
2026-10-06T20:29:35.036	TEL,2214,S5,673644739,5014,21844,15,422,2932                   
2026-10-06T20:29:35.036	TEL,2216,S5,673664733,5008,21844,15,433,2933                   
2026-10-06T20:29:35.036	TEL,2217,S5,673674733,5008,21844,15,433,2935                   
2026-10-06T20:29:35.654	TEL,2218,S5,673684733,5008,21844,15,428,2935                   
2026-10-06T20:29:35.654	TEL,2219,S5,673694733,5008,21844,15,425,2933                   
2026-10-06T20:29:35.654	TEL,2220,S5,673704733,5008,21844,15,425,2933                   
2026-10-06T20:29:35.654	TEL,2221,S5,673714733,5008,21844,15,430,2939                   
2026-10-06T20:29:35.654	TEL,2222,S5,673724733,5008,21844,15,428,2939                   
2026-10-06T20:29:35.654	TEL,2223,S5,673734733,5008,21844,15,425,2935                   
2026-10-06T20:29:35.654	TEL,2224,S5,673744733,5008,21844,15,436,2935                   
2026-10-06T20:29:35.654	TEL,2225,S5,673754733,5008,21844,15,436,2935                   
2026-10-06T20:29:35.654	TEL,2226,S5,673764733,5008,21844,15,428,2935                   
2026-10-06T20:29:35.654	TEL,2227,S5,673774733,5008,21844,15,419,2928                   
2026-10-06T20:29:35.654	TEL,2228,S5,673784733,5008,21844,15,416,2928                   
2026-10-06T20:29:35.654	TEL,2229,S5,673794733,5008,21844,15,425,2935                   
2026-10-06T20:29:35.654	TEL,2230,S5,673804733,5008,21844,15,428,2935                   
2026-10-06T20:29:35.654	TEL,2231,S5,673814733,5008,21844,15,430,2939                   
2026-10-06T20:29:35.654	TEL,2232,S5,673824733,5008,21844,15,428,2939                   
2026-10-06T20:29:35.654	TEL,2233,S5,673834733,5008,21844,15,419,2932                   
2026-10-06T20:29:35.654	TEL,2234,S5,673844733,5008,21844,15,428,2932                   
2026-10-06T20:29:35.654	TEL,2235,S5,673854733,5008,21844,15,430,2935                   
2026-10-06T20:29:35.654	TEL,2236,S5,673864733,5008,21844,15,428,2935                   
2026-10-06T20:29:35.654	TEL,2237,S5,673874733,5008,21844,15,428,2935                   
2026-10-06T20:29:35.654	TEL,2238,S5,673884733,5008,21844,15,428,2935                   
2026-10-06T20:29:35.654	TEL,2239,S5,673894733,5008,21844,15,428,2935                   
2026-10-06T20:29:35.654	TEL,2240,S5,673904733,5008,21844,15,430,2935                   
2026-10-06T20:29:35.654	TEL,2241,S5,673914733,5008,21844,15,428,2932                   
2026-10-06T20:29:35.654	TEL,2242,S5,673924733,5008,21844,15,422,2932                   
2026-10-06T20:29:35.654	TEL,2243,S5,673934733,5008,21844,15,428,2935                   
2026-10-06T20:29:35.654	TEL,2244,S5,673944733,5008,21844,15,428,2935                   
2026-10-06T20:29:35.654	TEL,2245,S5,673954733,5008,21844,15,428,2935                   
2026-10-06T20:29:35.654	TEL,2246,S5,673964733,5008,21844,15,425,2935                   
2026-10-06T20:29:35.654	TEL,2247,S5,673974733,5008,21844,15,419,2932                   
2026-10-06T20:29:35.654	TEL,2248,S5,673984733,5008,21844,15,422,2932                   
2026-10-06T20:29:35.654	TEL,2249,S5,673994733,5008,21844,15,428,2935                   
2026-10-06T20:29:35.654	TEL,2250,S5,674004733,5008,21844,15,425,2935                   
2026-10-06T20:29:35.654	TEL,2251,S5,674014733,5008,21844,15,425,2935                   
2026-10-06T20:29:35.654	TEL,2252,S5,674024733,5008,21844,15,433,2935                   
2026-10-06T20:29:35.654	TEL,2253,S5,674034733,5008,21844,15,430,2932                   
2026-10-06T20:29:35.654	TEL,2254,S5,674044733,5008,21844,15,428,2932                   
2026-10-06T20:29:35.654	TEL,2255,S5,674054733,5008,21844,15,428,2932                   
2026-10-06T20:29:35.654	TEL,2256,S5,674064733,5008,21844,15,430,2932                   
2026-10-06T20:29:35.654	TEL,2257,S5,674074733,5008,21844,15,428,2930                   
2026-10-06T20:29:35.654	TEL,2258,S5,674084733,5008,21844,15,422,2930                   
2026-10-06T20:29:35.654	TEL,2259,S5,674094733,5008,21844,15,428,2935                   
2026-10-06T20:29:35.654	TEL,2260,S5,674104733,5008,21844,15,428,2935                   
2026-10-06T20:29:35.654	TEL,2261,S5,674114733,5008,21844,15,422,2932                   
2026-10-06T20:29:35.654	BTN,25,S5,PRESSED,674270023,674274758                          
2026-10-06T20:29:35.654	TEL,2262,S5,674124733,5008,21844,15,428,2932                   
2026-10-06T20:29:35.654	TEL,2263,S5,674134733,5008,21844,15,428,2932                   
2026-10-06T20:29:35.654	TEL,2264,S5,674144733,5008,21844,15,419,2932                   
2026-10-06T20:29:35.654	TEL,2265,S5,674154733,5008,21844,15,425,2935                   
2026-10-06T20:29:35.654	TEL,2266,S5,674164733,5008,21844,15,428,2935                   
2026-10-06T20:29:35.654	TEL,2267,S5,674174733,5008,21844,15,428,2935                   
2026-10-06T20:29:35.654	TEL,2268,S5,674184733,5008,21844,15,428,2935                   
2026-10-06T20:29:35.654	TEL,2269,S5,674194733,5008,21844,15,422,2932                   
2026-10-06T20:29:35.654	TEL,2270,S5,674204733,5008,21844,15,425,2932                   
2026-10-06T20:29:35.654	TEL,2271,S5,674214733,5008,21844,15,425,2932                   
2026-10-06T20:29:35.654	TEL,2272,S5,674224733,5008,21844,15,428,2932                   
2026-10-06T20:29:35.654	TEL,2273,S5,674234733,5008,21844,15,430,2935                   
2026-10-06T20:29:35.654	TEL,2274,S5,674244733,5008,21844,15,428,2935                   
2026-10-06T20:29:35.654	TEL,2275,S5,674254733,5008,21844,15,422,2928                   
2026-10-06T20:29:35.654	TEL,2276,S5,674264733,5008,21844,15,419,2928                   
2026-10-06T20:29:35.654	TEL,2277,S5,674274738,5013,21844,15,422,2932                   
2026-10-06T20:29:35.654	TEL,2279,S5,674294733,5008,21844,15,425,2932                   
2026-10-06T20:29:36.276	TEL,2280,S5,674304733,5008,21844,15,430,2932                   
2026-10-06T20:29:36.276	TEL,2281,S5,674314733,5008,21844,15,433,2935                   
2026-10-06T20:29:36.276	TEL,2282,S5,674324733,5008,21844,15,428,2935                   
2026-10-06T20:29:36.276	TEL,2283,S5,674334733,5008,21844,15,428,2935                   
2026-10-06T20:29:36.276	TEL,2284,S5,674344733,5008,21844,15,428,2935                   
2026-10-06T20:29:36.276	TEL,2285,S5,674354733,5008,21844,15,419,2928                   
2026-10-06T20:29:36.276	TEL,2286,S5,674364733,5008,21844,15,416,2928                   
2026-10-06T20:29:36.276	TEL,2287,S5,674374733,5008,21844,15,419,2932                   
2026-10-06T20:29:36.276	TEL,2288,S5,674384733,5008,21844,15,422,2932                   
2026-10-06T20:29:36.276	TEL,2289,S5,674394733,5008,21844,15,428,2935                   
2026-10-06T20:29:36.276	TEL,2290,S5,674404733,5008,21844,15,428,2935                   
2026-10-06T20:29:36.276	TEL,2291,S5,674414733,5008,21844,15,422,2932                   
2026-10-06T20:29:36.276	TEL,2292,S5,674424733,5008,21844,15,425,2932                   
2026-10-06T20:29:36.276	TEL,2293,S5,674434733,5008,21844,15,433,2939                   
2026-10-06T20:29:36.276	TEL,2294,S5,674444733,5008,21844,15,430,2939                   
2026-10-06T20:29:36.276	TEL,2295,S5,674454733,5008,21844,15,422,2932                   
2026-10-06T20:29:36.276	TEL,2296,S5,674464733,5008,21844,15,422,2932                   
2026-10-06T20:29:36.276	TEL,2297,S5,674474733,5008,21844,15,428,2935                   
2026-10-06T20:29:36.276	TEL,2298,S5,674484733,5008,21844,15,433,2935                   
2026-10-06T20:29:36.276	TEL,2299,S5,674494733,5008,21844,15,433,2935                   
2026-10-06T20:29:36.276	TEL,2300,S5,674504733,5008,21844,15,428,2935                   
2026-10-06T20:29:36.276	TEL,2301,S5,674514733,5008,21844,15,422,2932                   
2026-10-06T20:29:36.276	TEL,2302,S5,674524733,5008,21844,15,422,2932                   
2026-10-06T20:29:36.276	TEL,2303,S5,674534733,5008,21844,15,422,2930                   
2026-10-06T20:29:36.276	TEL,2304,S5,674544733,5008,21844,15,422,2930                   
2026-10-06T20:29:36.276	TEL,2305,S5,674554733,5008,21844,15,422,2932                   
2026-10-06T20:29:36.276	TEL,2306,S5,674564733,5008,21844,15,422,2932                   
2026-10-06T20:29:36.276	TEL,2307,S5,674574733,5008,21844,15,428,2935                   
2026-10-06T20:29:36.276	TEL,2308,S5,674584733,5008,21844,15,428,2935                   
2026-10-06T20:29:36.276	TEL,2309,S5,674594733,5008,21844,15,428,2935                   
2026-10-06T20:29:36.276	TEL,2310,S5,674604733,5008,21844,15,428,2935                   
2026-10-06T20:29:36.276	TEL,2311,S5,674614733,5008,21844,15,425,2932                   
2026-10-06T20:29:36.276	TEL,2312,S5,674624733,5008,21844,15,422,2932                   
2026-10-06T20:29:36.276	TEL,2313,S5,674634733,5008,21844,15,422,2932                   
2026-10-06T20:29:36.276	TEL,2314,S5,674644733,5008,21844,15,422,2932                   
2026-10-06T20:29:36.276	TEL,2315,S5,674654733,5008,21844,15,422,2932                   
2026-10-06T20:29:36.276	TEL,2316,S5,674664733,5008,21844,15,419,2932                   
2026-10-06T20:29:36.276	TEL,2317,S5,674674733,5008,21844,15,419,2932                   
2026-10-06T20:29:36.276	TEL,2318,S5,674684733,5008,21844,15,419,2932                   
2026-10-06T20:29:36.276	TEL,2319,S5,674694733,5008,21844,15,425,2935                   
2026-10-06T20:29:36.276	TEL,2320,S5,674704733,5008,21844,15,428,2935                   
2026-10-06T20:29:36.276	TEL,2321,S5,674714733,5008,21844,15,425,2932                   
2026-10-06T20:29:36.276	TEL,2322,S5,674724733,5008,21844,15,422,2932                   
2026-10-06T20:29:36.276	TEL,2323,S5,674734733,5008,21844,15,422,2932                   
2026-10-06T20:29:36.276	TEL,2324,S5,674744733,5008,21844,15,422,2932                   
2026-10-06T20:29:36.276	BTN,26,S5,PRESSED,674898029,674898036                          
2026-10-06T20:29:36.276	TEL,2325,S5,674754733,5008,21844,15,422,2932                   
2026-10-06T20:29:36.276	TEL,2326,S5,674764733,5008,21844,15,428,2932                   
2026-10-06T20:29:36.276	TEL,2327,S5,674774733,5008,21844,15,430,2935                   
2026-10-06T20:29:36.276	TEL,2328,S5,674784733,5008,21844,15,428,2935                   
2026-10-06T20:29:36.276	TEL,2329,S5,674794733,5008,21844,15,428,2935                   
2026-10-06T20:29:36.276	TEL,2330,S5,674804733,5008,21844,15,428,2935                   
2026-10-06T20:29:36.276	TEL,2331,S5,674814733,5008,21844,15,422,2932                   
2026-10-06T20:29:36.276	TEL,2332,S5,674824733,5008,21844,15,419,2932                   
2026-10-06T20:29:36.276	TEL,2333,S5,674834733,5008,21844,15,425,2935                   
2026-10-06T20:29:36.276	TEL,2334,S5,674844733,5008,21844,15,425,2935                   
2026-10-06T20:29:36.276	TEL,2335,S5,674854733,5008,21844,15,419,2932                   
2026-10-06T20:29:36.276	TEL,2336,S5,674864733,5008,21844,15,422,2932                   
2026-10-06T20:29:36.276	TEL,2337,S5,674874733,5008,21844,15,428,2935                   
2026-10-06T20:29:36.276	TEL,2338,S5,674884733,5008,21844,15,428,2935                   
2026-10-06T20:29:36.276	TEL,2339,S5,674894733,5008,21844,15,428,2935                   
2026-10-06T20:29:36.276	TEL,2340,S5,674904733,5008,21844,15,428,2935                   
2026-10-06T20:29:36.897	TEL,2342,S5,674924733,5008,21844,15,416,2932                   
2026-10-06T20:29:36.897	TEL,2343,S5,674934733,5008,21844,15,416,2933                   
2026-10-06T20:29:36.897	TEL,2344,S5,674944733,5008,21844,15,425,2933                   
2026-10-06T20:29:36.897	TEL,2345,S5,674954733,5008,21844,15,428,2937                   
2026-10-06T20:29:36.897	TEL,2346,S5,674964733,5008,21844,15,428,2937                   
2026-10-06T20:29:36.897	TEL,2347,S5,674974733,5008,21844,15,428,2935                   
2026-10-06T20:29:36.897	TEL,2348,S5,674984733,5008,21844,15,428,2935                   
2026-10-06T20:29:36.897	TEL,2349,S5,674994733,5008,21844,15,425,2933                   
2026-10-06T20:29:36.897	TEL,2350,S5,675004733,5008,21844,15,425,2933                   
2026-10-06T20:29:36.897	TEL,2351,S5,675014733,5008,21844,15,422,2932                   
2026-10-06T20:29:36.897	TEL,2352,S5,675024733,5008,21844,15,422,2932                   
2026-10-06T20:29:36.897	TEL,2353,S5,675034733,5008,21844,15,428,2935                   
2026-10-06T20:29:36.897	TEL,2354,S5,675044733,5008,21844,15,425,2935                   
2026-10-06T20:29:36.897	TEL,2355,S5,675054733,5008,21844,15,425,2935                   
2026-10-06T20:29:36.897	TEL,2356,S5,675064733,5008,21844,15,428,2935                   
2026-10-06T20:29:36.897	TEL,2357,S5,675074733,5008,21844,15,425,2933                   
2026-10-06T20:29:36.897	TEL,2358,S5,675084733,5008,21844,15,425,2933                   
2026-10-06T20:29:36.897	TEL,2359,S5,675094733,5008,21844,15,428,2935                   
2026-10-06T20:29:36.897	TEL,2360,S5,675104733,5008,21844,15,428,2935                   
2026-10-06T20:29:36.897	TEL,2361,S5,675114733,5008,21844,15,428,2935                   
2026-10-06T20:29:36.897	TEL,2362,S5,675124733,5008,21844,15,428,2935                   
2026-10-06T20:29:36.897	TEL,2363,S5,675134733,5008,21844,15,425,2933                   
2026-10-06T20:29:36.897	TEL,2364,S5,675144733,5008,21844,15,422,2933                   
2026-10-06T20:29:36.897	TEL,2365,S5,675154733,5008,21844,15,419,2932                   
2026-10-06T20:29:36.897	TEL,2366,S5,675164733,5008,21844,15,422,2932                   
2026-10-06T20:29:36.897	TEL,2367,S5,675174733,5008,21844,15,428,2935                   
2026-10-06T20:29:36.897	TEL,2368,S5,675184733,5008,21844,15,428,2935                   
2026-10-06T20:29:36.897	TEL,2369,S5,675194733,5008,21844,15,428,2935                   
2026-10-06T20:29:36.897	TEL,2370,S5,675204733,5008,21844,15,428,2935                   
2026-10-06T20:29:36.897	TEL,2371,S5,675214733,5008,21844,15,422,2932                   
2026-10-06T20:29:36.897	TEL,2372,S5,675224733,5008,21844,15,428,2932                   
2026-10-06T20:29:36.897	TEL,2373,S5,675234733,5008,21844,15,428,2932                   
2026-10-06T20:29:36.897	TEL,2374,S5,675244733,5008,21844,15,419,2932                   
2026-10-06T20:29:36.897	TEL,2375,S5,675254733,5008,21844,15,419,2933                   
2026-10-06T20:29:36.897	TEL,2376,S5,675264733,5008,21844,15,428,2933                   
2026-10-06T20:29:36.897	TEL,2377,S5,675274733,5008,21844,15,428,2935                   
2026-10-06T20:29:36.897	TEL,2378,S5,675284733,5008,21844,15,430,2935                   
2026-10-06T20:29:36.897	TEL,2379,S5,675294733,5008,21844,15,430,2935                   
2026-10-06T20:29:36.897	TEL,2380,S5,675304733,5008,21844,15,428,2935                   
2026-10-06T20:29:36.897	TEL,2381,S5,675314733,5008,21844,15,428,2935                   
2026-10-06T20:29:36.897	TEL,2382,S5,675324733,5008,21844,15,425,2935                   
2026-10-06T20:29:36.897	TEL,2383,S5,675334733,5008,21844,15,425,2935                   
2026-10-06T20:29:36.897	TEL,2384,S5,675344733,5008,21844,15,428,2935                   
2026-10-06T20:29:36.897	TEL,2385,S5,675354733,5008,21844,15,428,2935                   
2026-10-06T20:29:36.897	TEL,2386,S5,675364733,5008,21844,15,428,2935                   
2026-10-06T20:29:36.897	TEL,2387,S5,675374733,5008,21844,15,428,2935                   
2026-10-06T20:29:36.897	TEL,2388,S5,675384733,5008,21844,15,428,2935                   
2026-10-06T20:29:36.897	TEL,2389,S5,675394733,5008,21844,15,428,2935                   
2026-10-06T20:29:36.897	TEL,2390,S5,675404733,5008,21844,15,428,2935                   
2026-10-06T20:29:36.897	BTN,27,S5,PRESSED,675564034,675564758                          
2026-10-06T20:29:36.897	TEL,2391,S5,675414733,5008,21844,15,428,2935                   
2026-10-06T20:29:36.897	TEL,2392,S5,675424733,5008,21844,15,425,2935                   
2026-10-06T20:29:36.897	TEL,2393,S5,675434733,5008,21844,15,425,2935                   
2026-10-06T20:29:36.897	TEL,2394,S5,675444733,5008,21844,15,425,2935                   
2026-10-06T20:29:36.898	TEL,2395,S5,675454733,5008,21844,15,425,2935                   
2026-10-06T20:29:36.898	TEL,2396,S5,675464733,5008,21844,15,428,2935                   
2026-10-06T20:29:36.898	TEL,2397,S5,675474733,5008,21844,15,428,2935                   
2026-10-06T20:29:36.898	TEL,2398,S5,675484733,5008,21844,15,425,2935                   
2026-10-06T20:29:36.898	TEL,2399,S5,675494733,5008,21844,15,419,2932                   
2026-10-06T20:29:36.898	TEL,2400,S5,675504733,5008,21844,15,422,2932                   
2026-10-06T20:29:36.898	TEL,2401,S5,675514733,5008,21844,15,428,2935                   
2026-10-06T20:29:36.898	TEL,2402,S5,675524733,5008,21844,15,428,2935                   
2026-10-06T20:29:37.515	TEL,2403,S5,675534733,5008,21844,15,422,2932                   
2026-10-06T20:29:37.515	TEL,2404,S5,675544733,5008,21844,15,419,2932                   
2026-10-06T20:29:37.515	TEL,2405,S5,675554733,5008,21844,15,422,2935                   
2026-10-06T20:29:37.515	TEL,2406,S5,675564739,5014,21844,15,428,2935                   
2026-10-06T20:29:37.515	TEL,2408,S5,675584733,5008,21844,15,439,2933                   
2026-10-06T20:29:37.515	TEL,2409,S5,675594733,5008,21844,15,439,2932                   
2026-10-06T20:29:37.515	TEL,2410,S5,675604733,5008,21844,15,419,2932                   
2026-10-06T20:29:37.515	TEL,2411,S5,675614733,5008,21844,15,419,2932                   
2026-10-06T20:29:37.515	TEL,2412,S5,675624733,5008,21844,15,419,2932                   
2026-10-06T20:29:37.515	TEL,2413,S5,675634733,5008,21844,15,419,2933                   
2026-10-06T20:29:37.515	TEL,2414,S5,675644733,5008,21844,15,425,2933                   
2026-10-06T20:29:37.515	TEL,2415,S5,675654733,5008,21844,15,428,2935                   
2026-10-06T20:29:37.515	TEL,2416,S5,675664733,5008,21844,15,428,2935                   
2026-10-06T20:29:37.515	TEL,2417,S5,675674733,5008,21844,15,428,2935                   
2026-10-06T20:29:37.515	TEL,2418,S5,675684733,5008,21844,15,428,2935                   
2026-10-06T20:29:37.515	TEL,2419,S5,675694733,5008,21844,15,428,2935                   
2026-10-06T20:29:37.515	TEL,2420,S5,675704733,5008,21844,15,428,2935                   
2026-10-06T20:29:37.515	TEL,2421,S5,675714733,5008,21844,15,428,2935                   
2026-10-06T20:29:37.515	TEL,2422,S5,675724733,5008,21844,15,428,2935                   
2026-10-06T20:29:37.515	TEL,2423,S5,675734733,5008,21844,15,425,2933                   
2026-10-06T20:29:37.515	TEL,2424,S5,675744733,5008,21844,15,430,2933                   
2026-10-06T20:29:37.515	TEL,2425,S5,675754733,5008,21844,15,428,2932                   
2026-10-06T20:29:37.515	TEL,2426,S5,675764733,5008,21844,15,422,2932                   
2026-10-06T20:29:37.515	TEL,2427,S5,675774733,5008,21844,15,428,2935                   
2026-10-06T20:29:37.515	TEL,2428,S5,675784733,5008,21844,15,425,2935                   
2026-10-06T20:29:37.515	TEL,2429,S5,675794733,5008,21844,15,419,2932                   
2026-10-06T20:29:37.515	TEL,2430,S5,675804733,5008,21844,15,428,2932                   
2026-10-06T20:29:37.515	TEL,2431,S5,675814733,5008,21844,15,428,2932                   
2026-10-06T20:29:37.515	TEL,2432,S5,675824733,5008,21844,15,422,2932                   
2026-10-06T20:29:37.515	TEL,2433,S5,675834733,5008,21844,15,428,2935                   
2026-10-06T20:29:37.515	TEL,2434,S5,675844733,5008,21844,15,425,2935                   
2026-10-06T20:29:37.515	TEL,2435,S5,675854733,5008,21844,15,425,2935                   
2026-10-06T20:29:37.515	TEL,2436,S5,675864733,5008,21844,15,428,2935                   
2026-10-06T20:29:37.515	TEL,2437,S5,675874733,5008,21844,15,428,2935                   
2026-10-06T20:29:37.515	TEL,2438,S5,675884733,5008,21844,15,430,2935                   
2026-10-06T20:29:37.515	TEL,2439,S5,675894733,5008,21844,15,428,2932                   
2026-10-06T20:29:37.515	TEL,2440,S5,675904733,5008,21844,15,422,2932                   
2026-10-06T20:29:37.515	TEL,2441,S5,675914733,5008,21844,15,422,2930                   
2026-10-06T20:29:37.515	TEL,2442,S5,675924733,5008,21844,15,428,2930                   
2026-10-06T20:29:37.515	TEL,2443,S5,675934733,5008,21844,15,428,2932                   
2026-10-06T20:29:37.515	TEL,2444,S5,675944733,5008,21844,15,428,2932                   
2026-10-06T20:29:37.515	TEL,2445,S5,675954733,5008,21844,15,430,2935                   
2026-10-06T20:29:37.515	TEL,2446,S5,675964733,5008,21844,15,428,2935                   
2026-10-06T20:29:37.515	TEL,2447,S5,675974733,5008,21844,15,422,2932                   
2026-10-06T20:29:37.515	TEL,2448,S5,675984733,5008,21844,15,422,2932                   
2026-10-06T20:29:37.515	TEL,2449,S5,675994733,5008,21844,15,422,2932                   
2026-10-06T20:29:37.515	TEL,2450,S5,676004733,5008,21844,15,422,2932                   
2026-10-06T20:29:37.515	TEL,2451,S5,676014733,5008,21844,15,428,2935                   
2026-10-06T20:29:37.515	TEL,2452,S5,676024733,5008,21844,15,428,2935                   
2026-10-06T20:29:37.515	TEL,2453,S5,676034733,5008,21844,15,422,2932                   
2026-10-06T20:29:37.515	TEL,2454,S5,676044733,5008,21844,15,422,2932                   
2026-10-06T20:29:37.515	TEL,2455,S5,676054733,5008,21844,15,428,2935                   
2026-10-06T20:29:37.515	TEL,2456,S5,676064733,5008,21844,15,433,2935                   
2026-10-06T20:29:37.515	TEL,2457,S5,676074733,5008,21844,15,430,2932                   
2026-10-06T20:29:37.515	BTN,28,S5,PRESSED,676228039,676228047                          
2026-10-06T20:29:37.515	TEL,2458,S5,676084733,5008,21844,15,422,2932                   
2026-10-06T20:29:37.515	TEL,2459,S5,676094733,5008,21844,15,428,2935                   
2026-10-06T20:29:37.515	TEL,2460,S5,676104733,5008,21844,15,428,2935                   
2026-10-06T20:29:37.515	TEL,2461,S5,676114733,5008,21844,15,428,2935                   
2026-10-06T20:29:37.515	TEL,2462,S5,676124733,5008,21844,15,428,2935                   
2026-10-06T20:29:37.515	TEL,2463,S5,676134733,5008,21844,15,428,2935                   
2026-10-06T20:29:37.515	TEL,2464,S5,676144733,5008,21844,15,428,2935                   
2026-10-06T20:29:38.133	TEL,2465,S5,676154733,5008,21844,15,422,2932                   
2026-10-06T20:29:38.133	TEL,2466,S5,676164733,5008,21844,15,428,2932                   
2026-10-06T20:29:38.133	TEL,2467,S5,676174733,5008,21844,15,430,2935                   
2026-10-06T20:29:38.133	TEL,2468,S5,676184733,5008,21844,15,425,2935                   
2026-10-06T20:29:38.133	TEL,2469,S5,676194733,5008,21844,15,419,2932                   
2026-10-06T20:29:38.133	TEL,2470,S5,676204733,5008,21844,15,422,2932                   
2026-10-06T20:29:38.133	TEL,2471,S5,676214733,5008,21844,15,422,2932                   
2026-10-06T20:29:38.133	TEL,2472,S5,676224733,5008,21844,15,422,2932                   
2026-10-06T20:29:38.133	TEL,2473,S5,676234733,5008,21844,15,428,2935                   
2026-10-06T20:29:38.133	TEL,2475,S5,676254733,5008,21844,15,422,2932                   
2026-10-06T20:29:38.133	TEL,2476,S5,676264733,5008,21844,15,428,2932                   
2026-10-06T20:29:38.133	TEL,2477,S5,676274733,5008,21844,15,428,2932                   
2026-10-06T20:29:38.133	TEL,2478,S5,676284733,5008,21844,15,422,2932                   
2026-10-06T20:29:38.133	TEL,2479,S5,676294733,5008,21844,15,425,2933                   
2026-10-06T20:29:38.133	TEL,2480,S5,676304733,5008,21844,15,425,2933                   
2026-10-06T20:29:38.133	TEL,2481,S5,676314733,5008,21844,15,428,2935                   
2026-10-06T20:29:38.133	TEL,2482,S5,676324733,5008,21844,15,433,2935                   
2026-10-06T20:29:38.133	TEL,2483,S5,676334733,5008,21844,15,433,2935                   
2026-10-06T20:29:38.133	TEL,2484,S5,676344733,5008,21844,15,425,2935                   
2026-10-06T20:29:38.133	TEL,2485,S5,676354733,5008,21844,15,419,2932                   
2026-10-06T20:29:38.133	TEL,2486,S5,676364733,5008,21844,15,419,2932                   
2026-10-06T20:29:38.133	TEL,2487,S5,676374733,5008,21844,15,425,2935                   
2026-10-06T20:29:38.133	TEL,2488,S5,676384733,5008,21844,15,428,2935                   
2026-10-06T20:29:38.133	TEL,2489,S5,676394733,5008,21844,15,428,2935                   
2026-10-06T20:29:38.133	TEL,2490,S5,676404733,5008,21844,15,425,2935                   
2026-10-06T20:29:38.133	TEL,2491,S5,676414733,5008,21844,15,419,2932                   
2026-10-06T20:29:38.133	TEL,2492,S5,676424733,5008,21844,15,428,2932                   
2026-10-06T20:29:38.133	TEL,2493,S5,676434733,5008,21844,15,428,2932                   
2026-10-06T20:29:38.133	TEL,2494,S5,676444733,5008,21844,15,428,2932                   
2026-10-06T20:29:38.133	TEL,2495,S5,676454733,5008,21844,15,430,2933                   
2026-10-06T20:29:38.133	TEL,2496,S5,676464733,5008,21844,15,425,2933                   
2026-10-06T20:29:38.133	TEL,2497,S5,676474733,5008,21844,15,428,2935                   
2026-10-06T20:29:38.133	TEL,2498,S5,676484733,5008,21844,15,428,2935                   
2026-10-06T20:29:38.133	TEL,2499,S5,676494733,5008,21844,15,422,2932                   
2026-10-06T20:29:38.133	TEL,2500,S5,676504733,5008,21844,15,428,2932                   
2026-10-06T20:29:38.133	TEL,2501,S5,676514733,5008,21844,15,430,2935                   
2026-10-06T20:29:38.133	TEL,2502,S5,676524733,5008,21844,15,428,2935                   
2026-10-06T20:29:38.133	TEL,2503,S5,676534733,5008,21844,15,428,2935                   
2026-10-06T20:29:38.133	TEL,2504,S5,676544733,5008,21844,15,419,2935                   
2026-10-06T20:29:38.133	TEL,2505,S5,676554733,5008,21844,15,419,2935                   
2026-10-06T20:29:38.133	TEL,2506,S5,676564733,5008,21844,15,428,2935                   
2026-10-06T20:29:38.133	TEL,2507,S5,676574733,5008,21844,15,428,2935                   
2026-10-06T20:29:38.133	TEL,2508,S5,676584733,5008,21844,15,425,2935                   
2026-10-06T20:29:38.133	TEL,2509,S5,676594733,5008,21844,15,425,2935                   
2026-10-06T20:29:38.133	TEL,2510,S5,676604733,5008,21844,15,425,2935                   
2026-10-06T20:29:38.133	TEL,2511,S5,676614733,5008,21844,15,419,2930                   
2026-10-06T20:29:38.133	TEL,2512,S5,676624733,5008,21844,15,422,2930                   
2026-10-06T20:29:38.133	TEL,2513,S5,676634733,5008,21844,15,422,2932                   
2026-10-06T20:29:38.133	TEL,2514,S5,676644733,5008,21844,15,422,2932                   
2026-10-06T20:29:38.133	TEL,2515,S5,676654733,5008,21844,15,428,2935                   
2026-10-06T20:29:38.133	TEL,2516,S5,676664733,5008,21844,15,430,2935                   
2026-10-06T20:29:38.133	TEL,2517,S5,676674733,5008,21844,15,428,2932                   
2026-10-06T20:29:38.133	TEL,2518,S5,676684733,5008,21844,15,422,2932                   
2026-10-06T20:29:38.133	TEL,2519,S5,676694733,5008,21844,15,422,2932                   
2026-10-06T20:29:38.133	TEL,2520,S5,676704733,5008,21844,15,422,2932                   
2026-10-06T20:29:38.133	TEL,2521,S5,676714733,5008,21844,15,428,2935                   
2026-10-06T20:29:38.133	TEL,2522,S5,676724733,5008,21844,15,428,2935                   
2026-10-06T20:29:38.133	TEL,2523,S5,676734733,5008,21844,15,425,2933                   
2026-10-06T20:29:38.133	TEL,2524,S5,676744733,5008,21844,15,425,2933                   
2026-10-06T20:29:38.133	TEL,2525,S5,676754733,5008,21844,15,422,2932                   
2026-10-06T20:29:38.133	TEL,2526,S5,676764733,5008,21844,15,419,2932                   
2026-10-06T20:29:38.133	TEL,2527,S5,676774733,5008,21844,15,419,2932                   
2026-10-06T20:29:38.757	TEL,2528,S5,676784733,5008,21844,15,428,2932                   
2026-10-06T20:29:38.757	TEL,2529,S5,676794733,5008,21844,15,430,2935                   
2026-10-06T20:29:38.757	TEL,2530,S5,676804733,5008,21844,15,425,2935                   
2026-10-06T20:29:38.757	TEL,2531,S5,676814733,5008,21844,15,425,2935                   
2026-10-06T20:29:38.757	TEL,2532,S5,676824733,5008,21844,15,428,2935                   
2026-10-06T20:29:38.757	TEL,2533,S5,676834733,5008,21844,15,428,2935                   
2026-10-06T20:29:38.757	TEL,2534,S5,676844733,5008,21844,15,428,2935                   
2026-10-06T20:29:38.757	TEL,2535,S5,676854733,5008,21844,15,428,2935                   
2026-10-06T20:29:38.757	TEL,2536,S5,676864733,5008,21844,15,428,2935                   
2026-10-06T20:29:38.757	TEL,2537,S5,676874733,5008,21844,15,425,2933                   
2026-10-06T20:29:38.757	TEL,2538,S5,676884733,5008,21844,15,425,2933                   
2026-10-06T20:29:38.757	TEL,2539,S5,676894733,5008,21844,15,428,2935                   
2026-10-06T20:29:38.757	TEL,2540,S5,676904733,5008,21844,15,425,2935                   
2026-10-06T20:29:38.757	TEL,2541,S5,676914733,5008,21844,15,428,2939                   
2026-10-06T20:29:38.757	TEL,2542,S5,676924733,5008,21844,15,430,2939                   
2026-10-06T20:29:38.757	TEL,2543,S5,676934733,5008,21844,15,428,2935                   
2026-10-06T20:29:38.757	BTN,29,S5,PRESSED,677089045,677089052                          
2026-10-06T20:29:38.757	TEL,2544,S5,676944733,5008,21844,15,428,2935                   
2026-10-06T20:29:38.757	TEL,2545,S5,676954733,5008,21844,15,422,2932                   
2026-10-06T20:29:38.757	TEL,2546,S5,676964733,5008,21844,15,422,2932                   
2026-10-06T20:29:38.757	TEL,2547,S5,676974733,5008,21844,15,428,2935                   
2026-10-06T20:29:38.757	TEL,2548,S5,676984733,5008,21844,15,428,2935                   
2026-10-06T20:29:38.757	TEL,2549,S5,676994733,5008,21844,15,428,2935                   
2026-10-06T20:29:38.757	TEL,2550,S5,677004733,5008,21844,15,428,2935                   
2026-10-06T20:29:38.757	TEL,2551,S5,677014733,5008,21844,15,422,2932                   
2026-10-06T20:29:38.757	TEL,2552,S5,677024733,5008,21844,15,428,2932                   
2026-10-06T20:29:38.757	TEL,2553,S5,677034733,5008,21844,15,430,2933                   
2026-10-06T20:29:38.757	TEL,2554,S5,677044733,5008,21844,15,419,2933                   
2026-10-06T20:29:38.757	TEL,2555,S5,677054733,5008,21844,15,422,2935                   
2026-10-06T20:29:38.757	TEL,2556,S5,677064733,5008,21844,15,425,2935                   
2026-10-06T20:29:38.758	TEL,2557,S5,677074733,5008,21844,15,425,2935                   
2026-10-06T20:29:38.758	TEL,2558,S5,677084733,5008,21844,15,428,2935                   
2026-10-06T20:29:38.758	TEL,2559,S5,677094733,5008,21844,15,425,2933                   
2026-10-06T20:29:38.758	TEL,2561,S5,677114733,5008,21844,15,425,2937                   
2026-10-06T20:29:38.758	TEL,2562,S5,677124733,5008,21844,15,425,2937                   
2026-10-06T20:29:38.758	TEL,2563,S5,677134733,5008,21844,15,419,2932                   
2026-10-06T20:29:38.758	TEL,2564,S5,677144733,5008,21844,15,419,2932                   
2026-10-06T20:29:38.758	TEL,2565,S5,677154733,5008,21844,15,425,2935                   
2026-10-06T20:29:38.758	TEL,2566,S5,677164733,5008,21844,15,428,2935                   
2026-10-06T20:29:38.758	TEL,2567,S5,677174733,5008,21844,15,428,2935                   
2026-10-06T20:29:38.758	TEL,2568,S5,677184733,5008,21844,15,422,2935                   
2026-10-06T20:29:38.758	TEL,2569,S5,677194733,5008,21844,15,422,2935                   
2026-10-06T20:29:38.758	TEL,2570,S5,677204733,5008,21844,15,428,2935                   
2026-10-06T20:29:38.758	TEL,2571,S5,677214733,5008,21844,15,428,2935                   
2026-10-06T20:29:38.758	TEL,2572,S5,677224733,5008,21844,15,428,2935                   
2026-10-06T20:29:38.758	TEL,2573,S5,677234733,5008,21844,15,422,2930                   
2026-10-06T20:29:38.758	TEL,2574,S5,677244733,5008,21844,15,422,2930                   
2026-10-06T20:29:38.758	TEL,2575,S5,677254733,5008,21844,15,422,2932                   
2026-10-06T20:29:38.758	TEL,2576,S5,677264733,5008,21844,15,422,2932                   
2026-10-06T20:29:38.758	TEL,2577,S5,677274733,5008,21844,15,428,2935                   
2026-10-06T20:29:38.758	TEL,2578,S5,677284733,5008,21844,15,425,2935                   
2026-10-06T20:29:38.758	TEL,2579,S5,677294733,5008,21844,15,425,2935                   
2026-10-06T20:29:38.758	TEL,2580,S5,677304733,5008,21844,15,428,2935                   
2026-10-06T20:29:38.758	TEL,2581,S5,677314733,5008,21844,15,422,2932                   
2026-10-06T20:29:38.758	TEL,2582,S5,677324733,5008,21844,15,413,2932                   
2026-10-06T20:29:38.758	TEL,2583,S5,677334733,5008,21844,15,416,2935                   
2026-10-06T20:29:38.758	TEL,2584,S5,677344733,5008,21844,15,428,2935                   
2026-10-06T20:29:38.758	TEL,2585,S5,677354733,5008,21844,15,428,2935                   
2026-10-06T20:29:38.758	TEL,2586,S5,677364733,5008,21844,15,428,2935                   
2026-10-06T20:29:38.758	TEL,2587,S5,677374733,5008,21844,15,428,2935                   
2026-10-06T20:29:38.758	TEL,2588,S5,677384733,5008,21844,15,428,2935                   
2026-10-06T20:29:38.758	TEL,2589,S5,677394733,5008,21844,15,428,2935                   
2026-10-06T20:29:39.377	TEL,2590,S5,677404733,5008,21844,15,425,2935                   
2026-10-06T20:29:39.377	TEL,2591,S5,677414733,5008,21844,15,425,2935                   
2026-10-06T20:29:39.377	TEL,2592,S5,677424733,5008,21844,15,428,2935                   
2026-10-06T20:29:39.377	TEL,2593,S5,677434733,5008,21844,15,428,2935                   
2026-10-06T20:29:39.377	TEL,2594,S5,677444733,5008,21844,15,425,2935                   
2026-10-06T20:29:39.377	TEL,2595,S5,677454733,5008,21844,15,425,2935                   
2026-10-06T20:29:39.377	TEL,2596,S5,677464733,5008,21844,15,425,2935                   
2026-10-06T20:29:39.377	TEL,2597,S5,677474733,5008,21844,15,419,2932                   
2026-10-06T20:29:39.377	TEL,2598,S5,677484733,5008,21844,15,422,2932                   
2026-10-06T20:29:39.377	TEL,2599,S5,677494733,5008,21844,15,428,2935                   
2026-10-06T20:29:39.377	TEL,2600,S5,677504733,5008,21844,15,425,2935                   
2026-10-06T20:29:39.377	TEL,2601,S5,677514733,5008,21844,15,425,2935                   
2026-10-06T20:29:39.377	TEL,2602,S5,677524733,5008,21844,15,428,2935                   
2026-10-06T20:29:39.377	TEL,2603,S5,677534733,5008,21844,15,428,2935                   
2026-10-06T20:29:39.377	TEL,2604,S5,677544733,5008,21844,15,425,2935                   
2026-10-06T20:29:39.377	TEL,2605,S5,677554733,5008,21844,15,419,2932                   
2026-10-06T20:29:39.377	TEL,2606,S5,677564733,5008,21844,15,422,2932                   
2026-10-06T20:29:39.377	TEL,2607,S5,677574733,5008,21844,15,428,2935                   
2026-10-06T20:29:39.377	BTN,30,S5,PRESSED,677733050,677734758                          
2026-10-06T20:29:39.377	TEL,2608,S5,677584733,5008,21844,15,425,2935                   
2026-10-06T20:29:39.377	TEL,2609,S5,677594733,5008,21844,15,425,2935                   
2026-10-06T20:29:39.377	TEL,2610,S5,677604733,5008,21844,15,428,2935                   
2026-10-06T20:29:39.377	TEL,2611,S5,677614733,5008,21844,15,428,2935                   
2026-10-06T20:29:39.378	TEL,2612,S5,677624733,5008,21844,15,428,2935                   
2026-10-06T20:29:39.378	TEL,2613,S5,677634733,5008,21844,15,428,2935                   
2026-10-06T20:29:39.378	TEL,2614,S5,677644733,5008,21844,15,428,2935                   
2026-10-06T20:29:39.378	TEL,2615,S5,677654733,5008,21844,15,422,2932                   
2026-10-06T20:29:39.378	TEL,2616,S5,677664733,5008,21844,15,422,2932                   
2026-10-06T20:29:39.378	TEL,2617,S5,677674733,5008,21844,15,428,2935                   
2026-10-06T20:29:39.378	TEL,2618,S5,677684733,5008,21844,15,428,2935                   
2026-10-06T20:29:39.378	TEL,2619,S5,677694733,5008,21844,15,428,2935                   
2026-10-06T20:29:39.378	TEL,2620,S5,677704733,5008,21844,15,428,2935                   
2026-10-06T20:29:39.378	TEL,2621,S5,677714733,5008,21844,15,428,2935                   
2026-10-06T20:29:39.378	TEL,2622,S5,677724733,5008,21844,15,433,2935                   
2026-10-06T20:29:39.378	TEL,2623,S5,677734739,5014,21844,15,433,2933                   
2026-10-06T20:29:39.378	TEL,2625,S5,677754733,5008,21844,15,422,2928                   
2026-10-06T20:29:39.378	TEL,2626,S5,677764733,5008,21844,15,416,2928                   
2026-10-06T20:29:39.378	TEL,2627,S5,677774733,5008,21844,15,425,2935                   
2026-10-06T20:29:39.378	TEL,2628,S5,677784733,5008,21844,15,428,2935                   
2026-10-06T20:29:39.378	TEL,2629,S5,677794733,5008,21844,15,428,2935                   
2026-10-06T20:29:39.378	TEL,2630,S5,677804733,5008,21844,15,428,2935                   
2026-10-06T20:29:39.378	TEL,2631,S5,677814733,5008,21844,15,425,2933                   
2026-10-06T20:29:39.378	TEL,2632,S5,677824733,5008,21844,15,419,2933                   
2026-10-06T20:29:39.378	TEL,2633,S5,677834733,5008,21844,15,422,2935                   
2026-10-06T20:29:39.378	TEL,2634,S5,677844733,5008,21844,15,425,2935                   
2026-10-06T20:29:39.378	TEL,2635,S5,677854733,5008,21844,15,425,2935                   
2026-10-06T20:29:39.378	TEL,2636,S5,677864733,5008,21844,15,428,2935                   
2026-10-06T20:29:39.378	TEL,2637,S5,677874733,5008,21844,15,425,2933                   
2026-10-06T20:29:39.378	TEL,2638,S5,677884733,5008,21844,15,425,2933                   
2026-10-06T20:29:39.378	TEL,2639,S5,677894733,5008,21844,15,422,2932                   
2026-10-06T20:29:39.378	TEL,2640,S5,677904733,5008,21844,15,428,2932                   
2026-10-06T20:29:39.378	TEL,2641,S5,677914733,5008,21844,15,430,2935                   
2026-10-06T20:29:39.378	TEL,2642,S5,677924733,5008,21844,15,428,2935                   
2026-10-06T20:29:39.378	TEL,2643,S5,677934733,5008,21844,15,428,2935                   
2026-10-06T20:29:39.378	TEL,2644,S5,677944733,5008,21844,15,422,2935                   
2026-10-06T20:29:39.378	TEL,2645,S5,677954733,5008,21844,15,419,2932                   
2026-10-06T20:29:39.378	TEL,2646,S5,677964733,5008,21844,15,425,2932                   
2026-10-06T20:29:39.378	TEL,2647,S5,677974733,5008,21844,15,428,2935                   
2026-10-06T20:29:39.378	TEL,2648,S5,677984733,5008,21844,15,425,2935                   
2026-10-06T20:29:39.378	TEL,2649,S5,677994733,5008,21844,15,419,2932                   
2026-10-06T20:29:39.378	TEL,2650,S5,678004733,5008,21844,15,422,2932                   
2026-10-06T20:29:39.378	TEL,2651,S5,678014733,5008,21844,15,422,2932                   
2026-10-06T20:29:39.997	TEL,2652,S5,678024733,5008,21844,15,422,2932                   
2026-10-06T20:29:39.997	TEL,2653,S5,678034733,5008,21844,15,428,2935                   
2026-10-06T20:29:39.997	TEL,2654,S5,678044733,5008,21844,15,428,2935                   
2026-10-06T20:29:39.997	TEL,2655,S5,678054733,5008,21844,15,422,2932                   
2026-10-06T20:29:39.997	TEL,2656,S5,678064733,5008,21844,15,422,2932                   
2026-10-06T20:29:39.997	TEL,2657,S5,678074733,5008,21844,15,428,2935                   
2026-10-06T20:29:39.997	TEL,2658,S5,678084733,5008,21844,15,430,2935                   
2026-10-06T20:29:39.997	TEL,2659,S5,678094733,5008,21844,15,430,2935                   
2026-10-06T20:29:39.997	TEL,2660,S5,678104733,5008,21844,15,425,2935                   
2026-10-06T20:29:39.997	TEL,2661,S5,678114733,5008,21844,15,419,2932                   
2026-10-06T20:29:39.997	TEL,2662,S5,678124733,5008,21844,15,422,2932                   
2026-10-06T20:29:39.997	TEL,2663,S5,678134733,5008,21844,15,422,2932                   
2026-10-06T20:29:39.997	TEL,2664,S5,678144733,5008,21844,15,422,2932                   
2026-10-06T20:29:39.997	TEL,2665,S5,678154733,5008,21844,15,428,2935                   
2026-10-06T20:29:39.997	TEL,2666,S5,678164733,5008,21844,15,422,2935                   
2026-10-06T20:29:39.997	TEL,2667,S5,678174733,5008,21844,15,419,2932                   
2026-10-06T20:29:39.997	TEL,2668,S5,678184733,5008,21844,15,419,2932                   
2026-10-06T20:29:39.997	TEL,2669,S5,678194733,5008,21844,15,419,2930                   
2026-10-06T20:29:39.997	TEL,2670,S5,678204733,5008,21844,15,422,2930                   
2026-10-06T20:29:39.997	TEL,2671,S5,678214733,5008,21844,15,428,2935                   
2026-10-06T20:29:39.997	TEL,2672,S5,678224733,5008,21844,15,428,2935                   
2026-10-06T20:29:39.997	TEL,2673,S5,678234733,5008,21844,15,428,2935                   
2026-10-06T20:29:39.997	TEL,2674,S5,678244733,5008,21844,15,428,2935                   
2026-10-06T20:29:39.997	TEL,2675,S5,678254733,5008,21844,15,428,2933                   
2026-10-06T20:29:39.997	TEL,2676,S5,678264733,5008,21844,15,419,2933                   
2026-10-06T20:29:39.997	TEL,2677,S5,678274733,5008,21844,15,419,2933                   
2026-10-06T20:29:39.997	TEL,2678,S5,678284733,5008,21844,15,425,2933                   
2026-10-06T20:29:39.997	TEL,2679,S5,678294733,5008,21844,15,430,2939                   
2026-10-06T20:29:39.997	TEL,2680,S5,678304733,5008,21844,15,430,2939                   
2026-10-06T20:29:39.997	TEL,2681,S5,678314733,5008,21844,15,428,2935                   
2026-10-06T20:29:39.997	TEL,2682,S5,678324733,5008,21844,15,428,2935                   
2026-10-06T20:29:39.997	TEL,2683,S5,678334733,5008,21844,15,428,2935                   
2026-10-06T20:29:39.997	TEL,2684,S5,678344733,5008,21844,15,428,2935                   
2026-10-06T20:29:39.997	TEL,2685,S5,678354733,5008,21844,15,428,2935                   
2026-10-06T20:29:39.997	TEL,2686,S5,678364733,5008,21844,15,428,2935                   
2026-10-06T20:29:39.997	TEL,2687,S5,678374733,5008,21844,15,428,2935                   
2026-10-06T20:29:39.997	TEL,2688,S5,678384733,5008,21844,15,428,2935                   
2026-10-06T20:29:39.997	TEL,2689,S5,678394733,5008,21844,15,422,2932                   
2026-10-06T20:29:39.997	TEL,2690,S5,678404733,5008,21844,15,425,2932                   
2026-10-06T20:29:39.997	TEL,2691,S5,678414733,5008,21844,15,433,2939                   
2026-10-06T20:29:39.997	TEL,2692,S5,678424733,5008,21844,15,422,2939                   
2026-10-06T20:29:39.997	TEL,2693,S5,678434733,5008,21844,15,419,2935                   
2026-10-06T20:29:39.997	TEL,2694,S5,678444733,5008,21844,15,433,2935                   
2026-10-06T20:29:39.997	BTN,31,S5,PRESSED,678595056,678595063                          
2026-10-06T20:29:39.997	TEL,2695,S5,678454733,5008,21844,15,433,2935                   
2026-10-06T20:29:39.997	TEL,2696,S5,678464733,5008,21844,15,428,2935                   
2026-10-06T20:29:39.997	TEL,2697,S5,678474733,5008,21844,15,425,2933                   
2026-10-06T20:29:39.997	TEL,2698,S5,678484733,5008,21844,15,425,2933                   
2026-10-06T20:29:39.997	TEL,2699,S5,678494733,5008,21844,15,422,2932                   
2026-10-06T20:29:39.997	TEL,2700,S5,678504733,5008,21844,15,422,2932                   
2026-10-06T20:29:39.997	TEL,2701,S5,678514733,5008,21844,15,428,2935                   
2026-10-06T20:29:39.997	TEL,2702,S5,678524733,5008,21844,15,430,2935                   
2026-10-06T20:29:39.997	TEL,2703,S5,678534733,5008,21844,15,430,2935                   
2026-10-06T20:29:39.997	TEL,2704,S5,678544733,5008,21844,15,428,2935                   
2026-10-06T20:29:39.997	TEL,2705,S5,678554733,5008,21844,15,422,2932                   
2026-10-06T20:29:39.997	TEL,2706,S5,678564733,5008,21844,15,428,2932                   
2026-10-06T20:29:39.997	TEL,2707,S5,678574733,5008,21844,15,430,2935                   
2026-10-06T20:29:39.997	TEL,2708,S5,678584733,5008,21844,15,422,2935                   
2026-10-06T20:29:39.997	TEL,2709,S5,678594733,5008,21844,15,422,2935                   
2026-10-06T20:29:39.997	TEL,2710,S5,678604733,5008,21844,15,428,2935                   
2026-10-06T20:29:39.997	TEL,2712,S5,678624733,5008,21844,15,428,2935                   
2026-10-06T20:29:39.997	TEL,2713,S5,678634733,5008,21844,15,428,2935                   
2026-10-06T20:29:40.615	TEL,2714,S5,678644733,5008,21844,15,428,2935                   
2026-10-06T20:29:40.615	TEL,2715,S5,678654733,5008,21844,15,422,2932                   
2026-10-06T20:29:40.615	TEL,2716,S5,678664733,5008,21844,15,422,2932                   
2026-10-06T20:29:40.615	TEL,2717,S5,678674733,5008,21844,15,428,2935                   
2026-10-06T20:29:40.615	TEL,2718,S5,678684733,5008,21844,15,433,2935                   
2026-10-06T20:29:40.615	TEL,2719,S5,678694733,5008,21844,15,433,2935                   
2026-10-06T20:29:40.615	TEL,2720,S5,678704733,5008,21844,15,428,2935                   
2026-10-06T20:29:40.615	TEL,2721,S5,678714733,5008,21844,15,428,2935                   
2026-10-06T20:29:40.615	TEL,2722,S5,678724733,5008,21844,15,428,2935                   
2026-10-06T20:29:40.615	TEL,2723,S5,678734733,5008,21844,15,422,2932                   
2026-10-06T20:29:40.615	TEL,2724,S5,678744733,5008,21844,15,428,2932                   
2026-10-06T20:29:40.615	TEL,2725,S5,678754733,5008,21844,15,430,2933                   
2026-10-06T20:29:40.615	TEL,2726,S5,678764733,5008,21844,15,422,2933                   
2026-10-06T20:29:40.615	TEL,2727,S5,678774733,5008,21844,15,419,2930                   
2026-10-06T20:29:40.615	TEL,2728,S5,678784733,5008,21844,15,413,2930                   
2026-10-06T20:29:40.615	TEL,2729,S5,678794733,5008,21844,15,413,2930                   
2026-10-06T20:29:40.615	TEL,2730,S5,678804733,5008,21844,15,422,2930                   
2026-10-06T20:29:40.615	TEL,2731,S5,678814733,5008,21844,15,422,2932                   
2026-10-06T20:29:40.615	TEL,2732,S5,678824733,5008,21844,15,422,2932                   
2026-10-06T20:29:40.615	TEL,2733,S5,678834733,5008,21844,15,428,2935                   
2026-10-06T20:29:40.615	TEL,2734,S5,678844733,5008,21844,15,428,2935                   
2026-10-06T20:29:40.615	TEL,2735,S5,678854733,5008,21844,15,422,2932                   
2026-10-06T20:29:40.615	TEL,2736,S5,678864733,5008,21844,15,422,2932                   
2026-10-06T20:29:40.615	TEL,2737,S5,678874733,5008,21844,15,422,2932                   
2026-10-06T20:29:40.615	TEL,2738,S5,678884733,5008,21844,15,419,2932                   
2026-10-06T20:29:40.615	TEL,2739,S5,678894733,5008,21844,15,425,2935                   
2026-10-06T20:29:40.615	TEL,2740,S5,678904733,5008,21844,15,428,2935                   
2026-10-06T20:29:40.615	TEL,2741,S5,678914733,5008,21844,15,428,2935                   
2026-10-06T20:29:40.615	TEL,2742,S5,678924733,5008,21844,15,428,2935                   
2026-10-06T20:29:40.615	TEL,2743,S5,678934733,5008,21844,15,428,2935                   
2026-10-06T20:29:40.615	TEL,2744,S5,678944733,5008,21844,15,428,2935                   
2026-10-06T20:29:40.615	TEL,2745,S5,678954733,5008,21844,15,428,2935                   
2026-10-06T20:29:40.615	TEL,2746,S5,678964733,5008,21844,15,428,2935                   
2026-10-06T20:29:40.615	TEL,2747,S5,678974733,5008,21844,15,422,2932                   
2026-10-06T20:29:40.615	TEL,2748,S5,678984733,5008,21844,15,422,2932                   
2026-10-06T20:29:40.615	TEL,2749,S5,678994733,5008,21844,15,428,2935                   
2026-10-06T20:29:40.615	TEL,2750,S5,679004733,5008,21844,15,425,2935                   
2026-10-06T20:29:40.615	TEL,2751,S5,679014733,5008,21844,15,425,2935                   
2026-10-06T20:29:40.615	TEL,2752,S5,679024733,5008,21844,15,428,2935                   
2026-10-06T20:29:40.615	TEL,2753,S5,679034733,5008,21844,15,428,2935                   
2026-10-06T20:29:40.615	TEL,2754,S5,679044733,5008,21844,15,433,2935                   
2026-10-06T20:29:40.615	TEL,2755,S5,679054733,5008,21844,15,433,2935                   
2026-10-06T20:29:40.615	TEL,2756,S5,679064733,5008,21844,15,428,2935                   
2026-10-06T20:29:40.615	TEL,2757,S5,679074733,5008,21844,15,428,2935                   
2026-10-06T20:29:40.615	TEL,2758,S5,679084733,5008,21844,15,428,2935                   
2026-10-06T20:29:40.615	TEL,2759,S5,679094733,5008,21844,15,428,2935                   
2026-10-06T20:29:40.615	TEL,2760,S5,679104733,5008,21844,15,428,2935                   
2026-10-06T20:29:40.615	TEL,2761,S5,679114733,5008,21844,15,428,2935                   
2026-10-06T20:29:40.615	TEL,2762,S5,679124733,5008,21844,15,425,2935                   
2026-10-06T20:29:40.615	TEL,2763,S5,679134733,5008,21844,15,425,2935                   
2026-10-06T20:29:40.615	TEL,2764,S5,679144733,5008,21844,15,425,2935                   
2026-10-06T20:29:40.615	TEL,2765,S5,679154733,5008,21844,15,425,2935                   
2026-10-06T20:29:40.615	TEL,2766,S5,679164733,5008,21844,15,428,2935                   
2026-10-06T20:29:40.615	TEL,2767,S5,679174733,5008,21844,15,422,2932                   
2026-10-06T20:29:40.615	TEL,2768,S5,679184733,5008,21844,15,428,2932                   
2026-10-06T20:29:40.615	TEL,2769,S5,679194733,5008,21844,15,430,2935                   
2026-10-06T20:29:40.615	TEL,2770,S5,679204733,5008,21844,15,428,2935                   
2026-10-06T20:29:40.615	TEL,2771,S5,679214733,5008,21844,15,425,2933                   
2026-10-06T20:29:40.615	BTN,32,S5,PRESSED,679373061,679374758                          
2026-10-06T20:29:40.615	TEL,2772,S5,679224733,5008,21844,15,425,2933                   
2026-10-06T20:29:40.615	TEL,2773,S5,679234733,5008,21844,15,422,2932                   
2026-10-06T20:29:40.615	TEL,2774,S5,679244733,5008,21844,15,416,2932                   
2026-10-06T20:29:41.237	TEL,2775,S5,679254733,5008,21844,15,416,2933                   
2026-10-06T20:29:41.237	TEL,2776,S5,679264733,5008,21844,15,422,2933                   
2026-10-06T20:29:41.237	TEL,2777,S5,679274733,5008,21844,15,425,2935                   
2026-10-06T20:29:41.237	TEL,2778,S5,679284733,5008,21844,15,425,2935                   
2026-10-06T20:29:41.237	TEL,2779,S5,679294733,5008,21844,15,422,2933                   
2026-10-06T20:29:41.237	TEL,2780,S5,679304733,5008,21844,15,425,2933                   
2026-10-06T20:29:41.237	TEL,2781,S5,679314733,5008,21844,15,428,2935                   
2026-10-06T20:29:41.237	TEL,2782,S5,679324733,5008,21844,15,425,2935                   
2026-10-06T20:29:41.237	TEL,2783,S5,679334733,5008,21844,15,425,2935                   
2026-10-06T20:29:41.237	TEL,2784,S5,679344733,5008,21844,15,428,2935                   
2026-10-06T20:29:41.237	TEL,2785,S5,679354733,5008,21844,15,428,2935                   
2026-10-06T20:29:41.237	TEL,2786,S5,679364733,5008,21844,15,425,2935                   
2026-10-06T20:29:41.237	TEL,2787,S5,679374739,5014,21844,15,425,2935                   
2026-10-06T20:29:41.237	TEL,2789,S5,679394733,5008,21844,15,428,2933                   
2026-10-06T20:29:41.237	TEL,2790,S5,679404733,5008,21844,15,425,2933                   
2026-10-06T20:29:41.237	TEL,2791,S5,679414733,5008,21844,15,422,2932                   
2026-10-06T20:29:41.237	TEL,2792,S5,679424733,5008,21844,15,422,2932                   
2026-10-06T20:29:41.237	TEL,2793,S5,679434733,5008,21844,15,430,2939                   
2026-10-06T20:29:41.237	TEL,2794,S5,679444733,5008,21844,15,430,2939                   
2026-10-06T20:29:41.237	TEL,2795,S5,679454733,5008,21844,15,428,2935                   
2026-10-06T20:29:41.237	TEL,2796,S5,679464733,5008,21844,15,428,2935                   
2026-10-06T20:29:41.237	TEL,2797,S5,679474733,5008,21844,15,428,2935                   
2026-10-06T20:29:41.237	TEL,2798,S5,679484733,5008,21844,15,428,2935                   
2026-10-06T20:29:41.237	TEL,2799,S5,679494733,5008,21844,15,428,2935                   
2026-10-06T20:29:41.237	TEL,2800,S5,679504733,5008,21844,15,428,2935                   
2026-10-06T20:29:41.237	TEL,2801,S5,679514733,5008,21844,15,428,2935                   
2026-10-06T20:29:41.237	TEL,2802,S5,679524733,5008,21844,15,433,2935                   
2026-10-06T20:29:41.237	TEL,2803,S5,679534733,5008,21844,15,430,2932                   
2026-10-06T20:29:41.237	TEL,2804,S5,679544733,5008,21844,15,419,2932                   
2026-10-06T20:29:41.237	TEL,2805,S5,679554733,5008,21844,15,419,2932                   
2026-10-06T20:29:41.237	TEL,2806,S5,679564733,5008,21844,15,422,2932                   
2026-10-06T20:29:41.237	TEL,2807,S5,679574733,5008,21844,15,425,2933                   
2026-10-06T20:29:41.237	TEL,2808,S5,679584733,5008,21844,15,425,2933                   
2026-10-06T20:29:41.237	TEL,2809,S5,679594733,5008,21844,15,428,2935                   
2026-10-06T20:29:41.237	TEL,2810,S5,679604733,5008,21844,15,428,2935                   
2026-10-06T20:29:41.237	TEL,2811,S5,679614733,5008,21844,15,428,2935                   
2026-10-06T20:29:41.237	TEL,2812,S5,679624733,5008,21844,15,428,2935                   
2026-10-06T20:29:41.237	TEL,2813,S5,679634733,5008,21844,15,422,2932                   
2026-10-06T20:29:41.237	TEL,2814,S5,679644733,5008,21844,15,433,2932                   
2026-10-06T20:29:41.237	TEL,2815,S5,679654733,5008,21844,15,433,2932                   
2026-10-06T20:29:41.237	TEL,2816,S5,679664733,5008,21844,15,419,2932                   
2026-10-06T20:29:41.237	TEL,2817,S5,679674733,5008,21844,15,419,2932                   
2026-10-06T20:29:41.237	TEL,2818,S5,679684733,5008,21844,15,422,2932                   
2026-10-06T20:29:41.237	TEL,2819,S5,679694733,5008,21844,15,428,2935                   
2026-10-06T20:29:41.237	TEL,2820,S5,679704733,5008,21844,15,430,2935                   
2026-10-06T20:29:41.237	TEL,2821,S5,679714733,5008,21844,15,430,2935                   
2026-10-06T20:29:41.237	TEL,2822,S5,679724733,5008,21844,15,428,2935                   
2026-10-06T20:29:41.237	TEL,2823,S5,679734733,5008,21844,15,422,2930                   
2026-10-06T20:29:41.237	TEL,2824,S5,679744733,5008,21844,15,416,2930                   
2026-10-06T20:29:41.237	TEL,2825,S5,679754733,5008,21844,15,419,2933                   
2026-10-06T20:29:41.237	TEL,2826,S5,679764733,5008,21844,15,422,2933                   
2026-10-06T20:29:41.237	TEL,2827,S5,679774733,5008,21844,15,419,2932                   
2026-10-06T20:29:41.237	TEL,2828,S5,679784733,5008,21844,15,428,2932                   
2026-10-06T20:29:41.237	TEL,2829,S5,679794733,5008,21844,15,428,2930                   
2026-10-06T20:29:41.237	TEL,2830,S5,679804733,5008,21844,15,422,2930                   
2026-10-06T20:29:41.237	TEL,2831,S5,679814733,5008,21844,15,428,2935                   
2026-10-06T20:29:41.237	TEL,2832,S5,679824733,5008,21844,15,430,2935                   
2026-10-06T20:29:41.237	TEL,2833,S5,679834733,5008,21844,15,430,2935                   
2026-10-06T20:29:41.237	TEL,2834,S5,679844733,5008,21844,15,433,2935                   
2026-10-06T20:29:41.237	TEL,2835,S5,679854733,5008,21844,15,433,2935                   
2026-10-06T20:29:41.237	TEL,2836,S5,679864733,5008,21844,15,430,2935                   
2026-10-06T20:29:41.237	TEL,2837,S5,679874733,5008,21844,15,430,2935                   
2026-10-06T20:29:41.856	TEL,2838,S5,679884733,5008,21844,15,425,2935                   
2026-10-06T20:29:41.856	TEL,2839,S5,679894733,5008,21844,15,419,2932                   
2026-10-06T20:29:41.856	TEL,2840,S5,679904733,5008,21844,15,422,2932                   
2026-10-06T20:29:41.856	TEL,2841,S5,679914733,5008,21844,15,425,2933                   
2026-10-06T20:29:41.856	TEL,2842,S5,679924733,5008,21844,15,419,2933                   
2026-10-06T20:29:41.856	TEL,2843,S5,679934733,5008,21844,15,419,2932                   
2026-10-06T20:29:41.856	TEL,2844,S5,679944733,5008,21844,15,422,2932                   
2026-10-06T20:29:41.856	TEL,2845,S5,679954733,5008,21844,15,428,2935                   
2026-10-06T20:29:41.856	TEL,2846,S5,679964733,5008,21844,15,425,2935                   
2026-10-06T20:29:41.856	TEL,2847,S5,679974733,5008,21844,15,425,2935                   
2026-10-06T20:29:41.856	TEL,2848,S5,679984733,5008,21844,15,428,2935                   
2026-10-06T20:29:41.856	TEL,2849,S5,679994733,5008,21844,15,422,2932                   
2026-10-06T20:29:41.856	TEL,2850,S5,680004733,5008,21844,15,422,2932                   
2026-10-06T20:29:41.856	TEL,2851,S5,680014733,5008,21844,15,428,2935                   
2026-10-06T20:29:41.856	TEL,2852,S5,680024733,5008,21844,15,428,2935                   
2026-10-06T20:29:41.856	TEL,2853,S5,680034733,5008,21844,15,422,2932                   
2026-10-06T20:29:41.856	TEL,2854,S5,680044733,5008,21844,15,422,2932                   
2026-10-06T20:29:41.856	TEL,2855,S5,680054733,5008,21844,15,430,2939                   
2026-10-06T20:29:41.856	TEL,2856,S5,680064733,5008,21844,15,428,2939                   
2026-10-06T20:29:41.856	BTN,33,S5,PRESSED,680217066,680217074                          
2026-10-06T20:29:41.856	TEL,2857,S5,680074733,5008,21844,15,425,2935                   
2026-10-06T20:29:41.856	TEL,2858,S5,680084733,5008,21844,15,428,2935                   
2026-10-06T20:29:41.856	TEL,2859,S5,680094733,5008,21844,15,428,2935                   
2026-10-06T20:29:41.856	TEL,2860,S5,680104733,5008,21844,15,419,2935                   
2026-10-06T20:29:41.856	TEL,2861,S5,680114733,5008,21844,15,416,2932                   
2026-10-06T20:29:41.856	TEL,2862,S5,680124733,5008,21844,15,422,2932                   
2026-10-06T20:29:41.856	TEL,2863,S5,680134733,5008,21844,15,422,2932                   
2026-10-06T20:29:41.856	TEL,2864,S5,680144733,5008,21844,15,419,2932                   
2026-10-06T20:29:41.856	TEL,2865,S5,680154733,5008,21844,15,422,2933                   
2026-10-06T20:29:41.856	TEL,2866,S5,680164733,5008,21844,15,422,2933                   
2026-10-06T20:29:41.856	TEL,2867,S5,680174733,5008,21844,15,425,2935                   
2026-10-06T20:29:41.856	TEL,2868,S5,680184733,5008,21844,15,425,2935                   
2026-10-06T20:29:41.856	TEL,2869,S5,680194733,5008,21844,15,425,2935                   
2026-10-06T20:29:41.856	TEL,2870,S5,680204733,5008,21844,15,430,2935                   
2026-10-06T20:29:41.856	TEL,2871,S5,680214733,5008,21844,15,428,2932                   
2026-10-06T20:29:41.856	TEL,2872,S5,680224733,5008,21844,15,422,2932                   
2026-10-06T20:29:41.856	TEL,2874,S5,680244733,5008,21844,15,433,2935                   
2026-10-06T20:29:41.856	TEL,2875,S5,680254733,5008,21844,15,433,2935                   
2026-10-06T20:29:41.856	TEL,2876,S5,680264733,5008,21844,15,428,2935                   
2026-10-06T20:29:41.856	TEL,2877,S5,680274733,5008,21844,15,422,2932                   
2026-10-06T20:29:41.856	TEL,2878,S5,680284733,5008,21844,15,433,2932                   
2026-10-06T20:29:41.856	TEL,2879,S5,680294733,5008,21844,15,436,2935                   
2026-10-06T20:29:41.856	TEL,2880,S5,680304733,5008,21844,15,428,2935                   
2026-10-06T20:29:41.856	TEL,2881,S5,680314733,5008,21844,15,422,2932                   
2026-10-06T20:29:41.856	TEL,2882,S5,680324733,5008,21844,15,422,2932                   
2026-10-06T20:29:41.856	TEL,2883,S5,680334733,5008,21844,15,428,2935                   
2026-10-06T20:29:41.856	TEL,2884,S5,680344733,5008,21844,15,428,2935                   
2026-10-06T20:29:41.856	TEL,2885,S5,680354733,5008,21844,15,422,2932                   
2026-10-06T20:29:41.856	TEL,2886,S5,680364733,5008,21844,15,419,2932                   
2026-10-06T20:29:41.856	TEL,2887,S5,680374733,5008,21844,15,419,2932                   
2026-10-06T20:29:41.856	TEL,2888,S5,680384733,5008,21844,15,422,2932                   
2026-10-06T20:29:41.856	TEL,2889,S5,680394733,5008,21844,15,428,2935                   
2026-10-06T20:29:41.856	TEL,2890,S5,680404733,5008,21844,15,430,2935                   
2026-10-06T20:29:41.856	TEL,2891,S5,680414733,5008,21844,15,428,2932                   
2026-10-06T20:29:41.856	TEL,2892,S5,680424733,5008,21844,15,422,2932                   
2026-10-06T20:29:41.856	TEL,2893,S5,680434733,5008,21844,15,425,2933                   
2026-10-06T20:29:41.856	TEL,2894,S5,680444733,5008,21844,15,425,2933                   
2026-10-06T20:29:41.856	TEL,2895,S5,680454733,5008,21844,15,430,2939                   
2026-10-06T20:29:41.856	TEL,2896,S5,680464733,5008,21844,15,430,2939                   
2026-10-06T20:29:41.856	TEL,2897,S5,680474733,5008,21844,15,430,2939                   
2026-10-06T20:29:41.856	TEL,2898,S5,680484733,5008,21844,15,433,2939                   
2026-10-06T20:29:41.856	TEL,2899,S5,680494733,5008,21844,15,430,2935                   
2026-10-06T20:29:42.474	TEL,2900,S5,680504733,5008,21844,15,430,2935                   
2026-10-06T20:29:42.474	TEL,2901,S5,680514733,5008,21844,15,428,2932                   
2026-10-06T20:29:42.474	TEL,2902,S5,680524733,5008,21844,15,422,2932                   
2026-10-06T20:29:42.474	TEL,2903,S5,680534733,5008,21844,15,428,2935                   
2026-10-06T20:29:42.474	TEL,2904,S5,680544733,5008,21844,15,425,2935                   
2026-10-06T20:29:42.474	TEL,2905,S5,680554733,5008,21844,15,419,2932                   
2026-10-06T20:29:42.474	TEL,2906,S5,680564733,5008,21844,15,422,2932                   
2026-10-06T20:29:42.474	TEL,2907,S5,680574733,5008,21844,15,428,2935                   
2026-10-06T20:29:42.474	TEL,2908,S5,680584733,5008,21844,15,425,2935                   
2026-10-06T20:29:42.474	TEL,2909,S5,680594733,5008,21844,15,419,2932                   
2026-10-06T20:29:42.474	TEL,2910,S5,680604733,5008,21844,15,433,2932                   
2026-10-06T20:29:42.474	TEL,2911,S5,680614733,5008,21844,15,436,2935                   
2026-10-06T20:29:42.474	TEL,2912,S5,680624733,5008,21844,15,425,2935                   
2026-10-06T20:29:42.474	TEL,2913,S5,680634733,5008,21844,15,419,2930                   
2026-10-06T20:29:42.474	TEL,2914,S5,680644733,5008,21844,15,422,2930                   
2026-10-06T20:29:42.474	TEL,2915,S5,680654733,5008,21844,15,428,2935                   
2026-10-06T20:29:42.474	TEL,2916,S5,680664733,5008,21844,15,428,2935                   
2026-10-06T20:29:42.474	TEL,2917,S5,680674733,5008,21844,15,422,2932                   
2026-10-06T20:29:42.474	TEL,2918,S5,680684733,5008,21844,15,419,2932                   
2026-10-06T20:29:42.474	TEL,2919,S5,680694733,5008,21844,15,425,2935                   
2026-10-06T20:29:42.474	TEL,2920,S5,680704733,5008,21844,15,428,2935                   
2026-10-06T20:29:42.474	TEL,2921,S5,680714733,5008,21844,15,425,2932                   
2026-10-06T20:29:42.474	BTN,34,S5,PRESSED,680874072,680874758                          
2026-10-06T20:29:42.474	TEL,2922,S5,680724733,5008,21844,15,422,2932                   
2026-10-06T20:29:42.474	TEL,2923,S5,680734733,5008,21844,15,428,2935                   
2026-10-06T20:29:42.474	TEL,2924,S5,680744733,5008,21844,15,425,2935                   
2026-10-06T20:29:42.474	TEL,2925,S5,680754733,5008,21844,15,416,2928                   
2026-10-06T20:29:42.474	TEL,2926,S5,680764733,5008,21844,15,416,2928                   
2026-10-06T20:29:42.474	TEL,2927,S5,680774733,5008,21844,15,419,2932                   
2026-10-06T20:29:42.474	TEL,2928,S5,680784733,5008,21844,15,422,2932                   
2026-10-06T20:29:42.474	TEL,2929,S5,680794733,5008,21844,15,419,2927                   
2026-10-06T20:29:42.474	TEL,2930,S5,680804733,5008,21844,15,413,2927                   
2026-10-06T20:29:42.474	TEL,2931,S5,680814733,5008,21844,15,422,2935                   
2026-10-06T20:29:42.474	TEL,2932,S5,680824733,5008,21844,15,428,2935                   
2026-10-06T20:29:42.474	TEL,2933,S5,680834733,5008,21844,15,428,2935                   
2026-10-06T20:29:42.474	TEL,2934,S5,680844733,5008,21844,15,428,2935                   
2026-10-06T20:29:42.474	TEL,2935,S5,680854733,5008,21844,15,419,2928                   
2026-10-06T20:29:42.474	TEL,2936,S5,680864733,5008,21844,15,416,2928                   
2026-10-06T20:29:42.474	TEL,2937,S5,680874739,5014,21844,15,425,2935                   
2026-10-06T20:29:42.474	TEL,2939,S5,680894733,5008,21844,15,425,2932                   
2026-10-06T20:29:42.474	TEL,2940,S5,680904733,5008,21844,15,419,2932                   
2026-10-06T20:29:42.474	TEL,2941,S5,680914733,5008,21844,15,425,2935                   
2026-10-06T20:29:42.474	TEL,2942,S5,680924733,5008,21844,15,422,2935                   
2026-10-06T20:29:42.474	TEL,2943,S5,680934733,5008,21844,15,419,2933                   
2026-10-06T20:29:42.474	TEL,2944,S5,680944733,5008,21844,15,413,2933                   
2026-10-06T20:29:42.474	TEL,2945,S5,680954733,5008,21844,15,416,2935                   
2026-10-06T20:29:42.474	TEL,2946,S5,680964733,5008,21844,15,425,2935                   
2026-10-06T20:29:42.474	TEL,2947,S5,680974733,5008,21844,15,425,2937                   
2026-10-06T20:29:42.474	TEL,2948,S5,680984733,5008,21844,15,433,2937                   
2026-10-06T20:29:42.474	TEL,2949,S5,680994733,5008,21844,15,428,2932                   
2026-10-06T20:29:42.474	TEL,2950,S5,681004733,5008,21844,15,422,2932                   
2026-10-06T20:29:42.474	TEL,2951,S5,681014733,5008,21844,15,428,2935                   
2026-10-06T20:29:42.474	TEL,2952,S5,681024733,5008,21844,15,428,2935                   
2026-10-06T20:29:42.474	TEL,2953,S5,681034733,5008,21844,15,428,2935                   
2026-10-06T20:29:42.474	TEL,2954,S5,681044733,5008,21844,15,428,2935                   
2026-10-06T20:29:42.474	TEL,2955,S5,681054733,5008,21844,15,422,2930                   
2026-10-06T20:29:42.474	TEL,2956,S5,681064733,5008,21844,15,428,2930                   
2026-10-06T20:29:42.474	TEL,2957,S5,681074733,5008,21844,15,430,2932                   
2026-10-06T20:29:42.474	TEL,2958,S5,681084733,5008,21844,15,422,2932                   
2026-10-06T20:29:42.474	TEL,2959,S5,681094733,5008,21844,15,422,2932                   
2026-10-06T20:29:42.474	TEL,2960,S5,681104733,5008,21844,15,422,2932                   
2026-10-06T20:29:42.474	TEL,2961,S5,681114733,5008,21844,15,425,2933                   
2026-10-06T20:29:43.097	TEL,2962,S5,681124733,5008,21844,15,430,2933                   
2026-10-06T20:29:43.097	TEL,2963,S5,681134733,5008,21844,15,430,2935                   
2026-10-06T20:29:43.097	TEL,2964,S5,681144733,5008,21844,15,422,2935                   
2026-10-06T20:29:43.097	TEL,2965,S5,681154733,5008,21844,15,419,2932                   
2026-10-06T20:29:43.097	TEL,2966,S5,681164733,5008,21844,15,419,2932                   
2026-10-06T20:29:43.097	TEL,2967,S5,681174733,5008,21844,15,425,2935                   
2026-10-06T20:29:43.097	TEL,2968,S5,681184733,5008,21844,15,428,2935                   
2026-10-06T20:29:43.097	TEL,2969,S5,681194733,5008,21844,15,433,2939                   
2026-10-06T20:29:43.097	TEL,2970,S5,681204733,5008,21844,15,425,2939                   
2026-10-06T20:29:43.097	TEL,2971,S5,681214733,5008,21844,15,419,2932                   
2026-10-06T20:29:43.097	TEL,2972,S5,681224733,5008,21844,15,422,2932                   
2026-10-06T20:29:43.097	BTN,35,S5,PRESSED,681380077,681384758                          
2026-10-06T20:29:43.097	TEL,2973,S5,681234733,5008,21844,15,422,2930                   
2026-10-06T20:29:43.097	TEL,2974,S5,681244733,5008,21844,15,428,2930                   
2026-10-06T20:29:43.097	TEL,2975,S5,681254733,5008,21844,15,430,2935                   
2026-10-06T20:29:43.097	TEL,2976,S5,681264733,5008,21844,15,425,2935                   
2026-10-06T20:29:43.097	TEL,2977,S5,681274733,5008,21844,15,419,2932                   
2026-10-06T20:29:43.097	TEL,2978,S5,681284733,5008,21844,15,422,2932                   
2026-10-06T20:29:43.097	TEL,2979,S5,681294733,5008,21844,15,428,2935                   
2026-10-06T20:29:43.097	TEL,2980,S5,681304733,5008,21844,15,428,2935                   
2026-10-06T20:29:43.097	TEL,2981,S5,681314733,5008,21844,15,425,2932                   
2026-10-06T20:29:43.097	TEL,2982,S5,681324733,5008,21844,15,422,2932                   
2026-10-06T20:29:43.097	TEL,2983,S5,681334733,5008,21844,15,422,2932                   
2026-10-06T20:29:43.097	TEL,2984,S5,681344733,5008,21844,15,422,2932                   
2026-10-06T20:29:43.097	TEL,2985,S5,681354733,5008,21844,15,428,2935                   
2026-10-06T20:29:43.097	TEL,2986,S5,681364733,5008,21844,15,422,2935                   
2026-10-06T20:29:43.097	TEL,2987,S5,681374733,5008,21844,15,419,2932                   
2026-10-06T20:29:43.097	TEL,2988,S5,681384738,5013,21844,15,422,2932                   
2026-10-06T20:29:43.097	TEL,2990,S5,681404733,5008,21844,15,416,2927                   
2026-10-06T20:29:43.097	TEL,2991,S5,681414733,5008,21844,15,419,2932                   
2026-10-06T20:29:43.097	TEL,2992,S5,681424733,5008,21844,15,419,2932                   
2026-10-06T20:29:43.097	TEL,2993,S5,681434733,5008,21844,15,422,2935                   
2026-10-06T20:29:43.097	TEL,2994,S5,681444733,5008,21844,15,419,2935                   
2026-10-06T20:29:43.097	TEL,2995,S5,681454733,5008,21844,15,416,2932                   
2026-10-06T20:29:43.097	TEL,2996,S5,681464733,5008,21844,15,422,2932                   
2026-10-06T20:29:43.097	TEL,2997,S5,681474733,5008,21844,15,428,2935                   
2026-10-06T20:29:43.097	TEL,2998,S5,681484733,5008,21844,15,428,2935                   
2026-10-06T20:29:43.097	TEL,2999,S5,681494733,5008,21844,15,425,2933                   
2026-10-06T20:29:43.097	TEL,3000,S5,681504733,5008,21844,15,425,2933                   
2026-10-06T20:29:43.097	TEL,3001,S5,681514733,5008,21844,15,422,2932                   
2026-10-06T20:29:43.097	TEL,3002,S5,681524733,5008,21844,15,422,2932                   
2026-10-06T20:29:43.097	TEL,3003,S5,681534733,5008,21844,15,422,2932                   
2026-10-06T20:29:43.097	TEL,3004,S5,681544733,5008,21844,15,422,2932                   
2026-10-06T20:29:43.097	TEL,3005,S5,681554733,5008,21844,15,422,2932                   
2026-10-06T20:29:43.097	TEL,3006,S5,681564733,5008,21844,15,422,2932                   
2026-10-06T20:29:43.097	TEL,3007,S5,681574733,5008,21844,15,428,2935                   
2026-10-06T20:29:43.097	TEL,3008,S5,681584733,5008,21844,15,428,2935                   
2026-10-06T20:29:43.097	TEL,3009,S5,681594733,5008,21844,15,425,2933                   
2026-10-06T20:29:43.097	TEL,3010,S5,681604733,5008,21844,15,425,2933                   
2026-10-06T20:29:43.097	TEL,3011,S5,681614733,5008,21844,15,428,2935                   
2026-10-06T20:29:43.097	TEL,3012,S5,681624733,5008,21844,15,430,2935                   
2026-10-06T20:29:43.097	TEL,3013,S5,681634733,5008,21844,15,428,2932                   
2026-10-06T20:29:43.097	TEL,3014,S5,681644733,5008,21844,15,430,2932                   
2026-10-06T20:29:43.098	TEL,3015,S5,681654733,5008,21844,15,430,2932                   
2026-10-06T20:29:43.098	TEL,3016,S5,681664733,5008,21844,15,425,2932                   
2026-10-06T20:29:43.098	TEL,3017,S5,681674733,5008,21844,15,425,2932                   
2026-10-06T20:29:43.098	TEL,3018,S5,681684733,5008,21844,15,422,2932                   
2026-10-06T20:29:43.098	TEL,3019,S5,681694733,5008,21844,15,428,2935                   
2026-10-06T20:29:43.098	TEL,3020,S5,681704733,5008,21844,15,428,2935                   
2026-10-06T20:29:43.098	TEL,3021,S5,681714733,5008,21844,15,422,2932                   
2026-10-06T20:29:43.098	TEL,3022,S5,681724733,5008,21844,15,422,2932                   
2026-10-06T20:29:43.098	TEL,3023,S5,681734733,5008,21844,15,428,2935                   
2026-10-06T20:29:43.716	TEL,3024,S5,681744733,5008,21844,15,425,2935                   
2026-10-06T20:29:43.716	TEL,3025,S5,681754733,5008,21844,15,425,2935                   
2026-10-06T20:29:43.716	TEL,3026,S5,681764733,5008,21844,15,428,2935                   
2026-10-06T20:29:43.716	TEL,3027,S5,681774733,5008,21844,15,428,2935                   
2026-10-06T20:29:43.716	TEL,3028,S5,681784733,5008,21844,15,428,2935                   
2026-10-06T20:29:43.716	TEL,3029,S5,681794733,5008,21844,15,430,2939                   
2026-10-06T20:29:43.716	TEL,3030,S5,681804733,5008,21844,15,430,2939                   
2026-10-06T20:29:43.716	TEL,3031,S5,681814733,5008,21844,15,428,2935                   
2026-10-06T20:29:43.716	TEL,3032,S5,681824733,5008,21844,15,428,2935                   
2026-10-06T20:29:43.716	TEL,3033,S5,681834733,5008,21844,15,428,2935                   
2026-10-06T20:29:43.716	TEL,3034,S5,681844733,5008,21844,15,433,2935                   
2026-10-06T20:29:43.716	TEL,3035,S5,681854733,5008,21844,15,433,2935                   
2026-10-06T20:29:43.716	TEL,3036,S5,681864733,5008,21844,15,428,2935                   
2026-10-06T20:29:43.716	TEL,3037,S5,681874733,5008,21844,15,425,2932                   
2026-10-06T20:29:43.716	TEL,3038,S5,681884733,5008,21844,15,422,2932                   
2026-10-06T20:29:43.716	TEL,3039,S5,681894733,5008,21844,15,428,2935                   
2026-10-06T20:29:43.717	TEL,3040,S5,681904733,5008,21844,15,428,2935                   
2026-10-06T20:29:43.717	TEL,3041,S5,681914733,5008,21844,15,422,2932                   
2026-10-06T20:29:43.717	TEL,3042,S5,681924733,5008,21844,15,419,2932                   
2026-10-06T20:29:43.717	BTN,36,S5,PRESSED,682083082,682084758                          
2026-10-06T20:29:43.717	TEL,3043,S5,681934733,5008,21844,15,425,2935                   
2026-10-06T20:29:43.717	TEL,3044,S5,681944733,5008,21844,15,425,2935                   
2026-10-06T20:29:43.717	TEL,3045,S5,681954733,5008,21844,15,419,2932                   
2026-10-06T20:29:43.717	TEL,3046,S5,681964733,5008,21844,15,419,2932                   
2026-10-06T20:29:43.717	TEL,3047,S5,681974733,5008,21844,15,422,2935                   
2026-10-06T20:29:43.717	TEL,3048,S5,681984733,5008,21844,15,428,2935                   
2026-10-06T20:29:43.717	TEL,3049,S5,681994733,5008,21844,15,428,2935                   
2026-10-06T20:29:43.717	TEL,3050,S5,682004733,5008,21844,15,430,2935                   
2026-10-06T20:29:43.717	TEL,3051,S5,682014733,5008,21844,15,428,2932                   
2026-10-06T20:29:43.717	TEL,3052,S5,682024733,5008,21844,15,422,2932                   
2026-10-06T20:29:43.717	TEL,3053,S5,682034733,5008,21844,15,422,2932                   
2026-10-06T20:29:43.717	TEL,3054,S5,682044733,5008,21844,15,430,2932                   
2026-10-06T20:29:43.717	TEL,3055,S5,682054733,5008,21844,15,433,2935                   
2026-10-06T20:29:43.717	TEL,3056,S5,682064733,5008,21844,15,433,2935                   
2026-10-06T20:29:43.717	TEL,3057,S5,682074733,5008,21844,15,433,2935                   
2026-10-06T20:29:43.717	TEL,3058,S5,682084739,5014,21844,15,433,2935                   
2026-10-06T20:29:43.717	TEL,3060,S5,682104733,5008,21844,15,428,2933                   
2026-10-06T20:29:43.717	TEL,3061,S5,682114733,5008,21844,15,428,2933                   
2026-10-06T20:29:43.717	TEL,3062,S5,682124733,5008,21844,15,422,2933                   
2026-10-06T20:29:43.717	TEL,3063,S5,682134733,5008,21844,15,419,2932                   
2026-10-06T20:29:43.717	TEL,3064,S5,682144733,5008,21844,15,422,2932                   
2026-10-06T20:29:43.717	TEL,3065,S5,682154733,5008,21844,15,428,2935                   
2026-10-06T20:29:43.717	TEL,3066,S5,682164733,5008,21844,15,425,2935                   
2026-10-06T20:29:43.717	TEL,3067,S5,682174733,5008,21844,15,419,2932                   
2026-10-06T20:29:43.717	TEL,3068,S5,682184733,5008,21844,15,419,2932                   
2026-10-06T20:29:43.717	TEL,3069,S5,682194733,5008,21844,15,425,2935                   
2026-10-06T20:29:43.717	TEL,3070,S5,682204733,5008,21844,15,425,2935                   
2026-10-06T20:29:43.717	TEL,3071,S5,682214733,5008,21844,15,425,2935                   
2026-10-06T20:29:43.717	TEL,3072,S5,682224733,5008,21844,15,430,2935                   
2026-10-06T20:29:43.717	TEL,3073,S5,682234733,5008,21844,15,430,2935                   
2026-10-06T20:29:43.717	TEL,3074,S5,682244733,5008,21844,15,428,2935                   
2026-10-06T20:29:43.717	TEL,3075,S5,682254733,5008,21844,15,428,2935                   
2026-10-06T20:29:43.717	TEL,3076,S5,682264733,5008,21844,15,430,2935                   
2026-10-06T20:29:43.717	TEL,3077,S5,682274733,5008,21844,15,430,2935                   
2026-10-06T20:29:43.717	TEL,3078,S5,682284733,5008,21844,15,428,2935                   
2026-10-06T20:29:43.717	TEL,3079,S5,682294733,5008,21844,15,428,2935                   
2026-10-06T20:29:43.717	TEL,3080,S5,682304733,5008,21844,15,428,2935                   
2026-10-06T20:29:43.717	TEL,3081,S5,682314733,5008,21844,15,428,2935                   
2026-10-06T20:29:43.717	TEL,3082,S5,682324733,5008,21844,15,428,2935                   
2026-10-06T20:29:43.717	TEL,3083,S5,682334733,5008,21844,15,428,2935                   
2026-10-06T20:29:43.717	TEL,3084,S5,682344733,5008,21844,15,428,2935                   
2026-10-06T20:29:43.717	TEL,3085,S5,682354733,5008,21844,15,425,2932                   
2026-10-06T20:29:44.337	TEL,3086,S5,682364733,5008,21844,15,422,2932                   
2026-10-06T20:29:44.337	TEL,3087,S5,682374733,5008,21844,15,428,2935                   
2026-10-06T20:29:44.337	TEL,3088,S5,682384733,5008,21844,15,428,2935                   
2026-10-06T20:29:44.337	TEL,3089,S5,682394733,5008,21844,15,425,2933                   
2026-10-06T20:29:44.337	TEL,3090,S5,682404733,5008,21844,15,422,2933                   
2026-10-06T20:29:44.337	TEL,3091,S5,682414733,5008,21844,15,425,2935                   
2026-10-06T20:29:44.337	TEL,3092,S5,682424733,5008,21844,15,428,2935                   
2026-10-06T20:29:44.337	TEL,3093,S5,682434733,5008,21844,15,428,2935                   
2026-10-06T20:29:44.337	TEL,3094,S5,682444733,5008,21844,15,428,2935                   
2026-10-06T20:29:44.337	TEL,3095,S5,682454733,5008,21844,15,428,2935                   
2026-10-06T20:29:44.337	TEL,3096,S5,682464733,5008,21844,15,428,2935                   
2026-10-06T20:29:44.337	TEL,3097,S5,682474733,5008,21844,15,428,2933                   
2026-10-06T20:29:44.337	TEL,3098,S5,682484733,5008,21844,15,425,2933                   
2026-10-06T20:29:44.337	TEL,3099,S5,682494733,5008,21844,15,430,2939                   
2026-10-06T20:29:44.337	TEL,3100,S5,682504733,5008,21844,15,430,2939                   
2026-10-06T20:29:44.337	TEL,3101,S5,682514733,5008,21844,15,422,2932                   
2026-10-06T20:29:44.337	TEL,3102,S5,682524733,5008,21844,15,419,2932                   
2026-10-06T20:29:44.337	TEL,3103,S5,682534733,5008,21844,15,419,2932                   
2026-10-06T20:29:44.337	TEL,3104,S5,682544733,5008,21844,15,428,2932                   
2026-10-06T20:29:44.337	TEL,3105,S5,682554733,5008,21844,15,428,2932                   
2026-10-06T20:29:44.337	TEL,3106,S5,682564733,5008,21844,15,413,2932                   
2026-10-06T20:29:44.337	TEL,3107,S5,682574733,5008,21844,15,416,2935                   
2026-10-06T20:29:44.337	TEL,3108,S5,682584733,5008,21844,15,430,2935                   
2026-10-06T20:29:44.337	TEL,3109,S5,682594733,5008,21844,15,430,2935                   
2026-10-06T20:29:44.337	TEL,3110,S5,682604733,5008,21844,15,428,2935                   
2026-10-06T20:29:44.337	TEL,3111,S5,682614733,5008,21844,15,425,2930                   
2026-10-06T20:29:44.337	TEL,3112,S5,682624733,5008,21844,15,419,2930                   
2026-10-06T20:29:44.337	TEL,3113,S5,682634733,5008,21844,15,425,2935                   
2026-10-06T20:29:44.337	TEL,3114,S5,682644733,5008,21844,15,425,2935                   
2026-10-06T20:29:44.337	TEL,3115,S5,682654733,5008,21844,15,425,2935                   
2026-10-06T20:29:44.337	BTN,37,S5,PRESSED,682805088,682805095                          
2026-10-06T20:29:44.337	TEL,3116,S5,682664733,5008,21844,15,428,2935                   
2026-10-06T20:29:44.337	TEL,3117,S5,682674733,5008,21844,15,422,2930                   
2026-10-06T20:29:44.337	TEL,3118,S5,682684733,5008,21844,15,419,2930                   
2026-10-06T20:29:44.337	TEL,3119,S5,682694733,5008,21844,15,419,2932                   
2026-10-06T20:29:44.337	TEL,3120,S5,682704733,5008,21844,15,428,2932                   
2026-10-06T20:29:44.337	TEL,3121,S5,682714733,5008,21844,15,430,2935                   
2026-10-06T20:29:44.337	TEL,3122,S5,682724733,5008,21844,15,428,2935                   
2026-10-06T20:29:44.337	TEL,3123,S5,682734733,5008,21844,15,428,2935                   
2026-10-06T20:29:44.337	TEL,3124,S5,682744733,5008,21844,15,428,2935                   
2026-10-06T20:29:44.337	TEL,3125,S5,682754733,5008,21844,15,428,2935                   
2026-10-06T20:29:44.337	TEL,3126,S5,682764733,5008,21844,15,436,2935                   
2026-10-06T20:29:44.337	TEL,3127,S5,682774733,5008,21844,15,433,2932                   
2026-10-06T20:29:44.337	TEL,3128,S5,682784733,5008,21844,15,422,2932                   
2026-10-06T20:29:44.337	TEL,3129,S5,682794733,5008,21844,15,428,2935                   
2026-10-06T20:29:44.337	TEL,3130,S5,682804733,5008,21844,15,428,2935                   
2026-10-06T20:29:44.337	TEL,3131,S5,682814733,5008,21844,15,428,2935                   
2026-10-06T20:29:44.337	TEL,3133,S5,682834733,5008,21844,15,428,2935                   
2026-10-06T20:29:44.337	TEL,3134,S5,682844733,5008,21844,15,422,2935                   
2026-10-06T20:29:44.337	TEL,3135,S5,682854733,5008,21844,15,422,2935                   
2026-10-06T20:29:44.337	TEL,3136,S5,682864733,5008,21844,15,425,2935                   
2026-10-06T20:29:44.337	TEL,3137,S5,682874733,5008,21844,15,425,2935                   
2026-10-06T20:29:44.337	TEL,3138,S5,682884733,5008,21844,15,425,2935                   
2026-10-06T20:29:44.337	TEL,3139,S5,682894733,5008,21844,15,425,2935                   
2026-10-06T20:29:44.337	TEL,3140,S5,682904733,5008,21844,15,425,2935                   
2026-10-06T20:29:44.337	TEL,3141,S5,682914733,5008,21844,15,419,2932                   
2026-10-06T20:29:44.337	TEL,3142,S5,682924733,5008,21844,15,419,2932                   
2026-10-06T20:29:44.337	TEL,3143,S5,682934733,5008,21844,15,425,2935                   
2026-10-06T20:29:44.337	TEL,3144,S5,682944733,5008,21844,15,428,2935                   
2026-10-06T20:29:44.337	TEL,3145,S5,682954733,5008,21844,15,425,2932                   
2026-10-06T20:29:44.337	TEL,3146,S5,682964733,5008,21844,15,419,2932                   
2026-10-06T20:29:44.337	TEL,3147,S5,682974733,5008,21844,15,419,2932                   
2026-10-06T20:29:44.956	TEL,3148,S5,682984733,5008,21844,15,428,2932                   
2026-10-06T20:29:44.956	TEL,3149,S5,682994733,5008,21844,15,430,2935                   
2026-10-06T20:29:44.956	TEL,3150,S5,683004733,5008,21844,15,428,2935                   
2026-10-06T20:29:44.956	TEL,3151,S5,683014733,5008,21844,15,422,2932                   
2026-10-06T20:29:44.956	TEL,3152,S5,683024733,5008,21844,15,419,2932                   
2026-10-06T20:29:44.956	TEL,3153,S5,683034733,5008,21844,15,425,2935                   
2026-10-06T20:29:44.956	TEL,3154,S5,683044733,5008,21844,15,428,2935                   
2026-10-06T20:29:44.956	TEL,3155,S5,683054733,5008,21844,15,428,2935                   
2026-10-06T20:29:44.956	TEL,3156,S5,683064733,5008,21844,15,428,2935                   
2026-10-06T20:29:44.956	TEL,3157,S5,683074733,5008,21844,15,422,2932                   
2026-10-06T20:29:44.956	TEL,3158,S5,683084733,5008,21844,15,419,2932                   
2026-10-06T20:29:44.956	TEL,3159,S5,683094733,5008,21844,15,419,2930                   
2026-10-06T20:29:44.956	TEL,3160,S5,683104733,5008,21844,15,422,2930                   
2026-10-06T20:29:44.956	TEL,3161,S5,683114733,5008,21844,15,422,2932                   
2026-10-06T20:29:44.956	TEL,3162,S5,683124733,5008,21844,15,422,2932                   
2026-10-06T20:29:44.956	TEL,3163,S5,683134733,5008,21844,15,428,2935                   
2026-10-06T20:29:44.956	TEL,3164,S5,683144733,5008,21844,15,428,2935                   
2026-10-06T20:29:44.956	TEL,3165,S5,683154733,5008,21844,15,428,2935                   
2026-10-06T20:29:44.956	TEL,3166,S5,683164733,5008,21844,15,428,2935                   
2026-10-06T20:29:44.956	TEL,3167,S5,683174733,5008,21844,15,428,2935                   
2026-10-06T20:29:44.956	TEL,3168,S5,683184733,5008,21844,15,428,2935                   
2026-10-06T20:29:44.956	TEL,3169,S5,683194733,5008,21844,15,428,2935                   
2026-10-06T20:29:44.956	TEL,3170,S5,683204733,5008,21844,15,428,2935                   
2026-10-06T20:29:44.956	TEL,3171,S5,683214733,5008,21844,15,428,2935                   
2026-10-06T20:29:44.956	TEL,3172,S5,683224733,5008,21844,15,428,2935                   
2026-10-06T20:29:44.956	TEL,3173,S5,683234733,5008,21844,15,428,2935                   
2026-10-06T20:29:44.956	TEL,3174,S5,683244733,5008,21844,15,428,2935                   
2026-10-06T20:29:44.956	TEL,3175,S5,683254733,5008,21844,15,428,2935                   
2026-10-06T20:29:44.956	TEL,3176,S5,683264733,5008,21844,15,428,2935                   
2026-10-06T20:29:44.956	TEL,3177,S5,683274733,5008,21844,15,428,2935                   
2026-10-06T20:29:44.956	TEL,3178,S5,683284733,5008,21844,15,430,2935                   
2026-10-06T20:29:44.956	TEL,3179,S5,683294733,5008,21844,15,430,2935                   
2026-10-06T20:29:44.956	TEL,3180,S5,683304733,5008,21844,15,428,2935                   
2026-10-06T20:29:44.956	TEL,3181,S5,683314733,5008,21844,15,428,2935                   
2026-10-06T20:29:44.956	TEL,3182,S5,683324733,5008,21844,15,425,2935                   
2026-10-06T20:29:44.956	TEL,3183,S5,683334733,5008,21844,15,422,2933                   
2026-10-06T20:29:44.956	TEL,3184,S5,683344733,5008,21844,15,422,2933                   
2026-10-06T20:29:44.956	TEL,3185,S5,683354733,5008,21844,15,419,2932                   
2026-10-06T20:29:44.956	BTN,38,S5,PRESSED,683511093,683514758                          
2026-10-06T20:29:44.956	TEL,3186,S5,683364733,5008,21844,15,422,2932                   
2026-10-06T20:29:44.956	TEL,3187,S5,683374733,5008,21844,15,425,2933                   
2026-10-06T20:29:44.956	TEL,3188,S5,683384733,5008,21844,15,425,2933                   
2026-10-06T20:29:44.956	TEL,3189,S5,683394733,5008,21844,15,422,2932                   
2026-10-06T20:29:44.956	TEL,3190,S5,683404733,5008,21844,15,419,2932                   
2026-10-06T20:29:44.956	TEL,3191,S5,683414733,5008,21844,15,425,2935                   
2026-10-06T20:29:44.956	TEL,3192,S5,683424733,5008,21844,15,428,2935                   
2026-10-06T20:29:44.956	TEL,3193,S5,683434733,5008,21844,15,428,2935                   
2026-10-06T20:29:44.956	TEL,3194,S5,683444733,5008,21844,15,428,2935                   
2026-10-06T20:29:44.956	TEL,3195,S5,683454733,5008,21844,15,428,2935                   
2026-10-06T20:29:44.956	TEL,3196,S5,683464733,5008,21844,15,428,2935                   
2026-10-06T20:29:44.956	TEL,3197,S5,683474733,5008,21844,15,428,2935                   
2026-10-06T20:29:44.956	TEL,3198,S5,683484733,5008,21844,15,433,2935                   
2026-10-06T20:29:44.956	TEL,3199,S5,683494733,5008,21844,15,430,2932                   
2026-10-06T20:29:44.956	TEL,3200,S5,683504733,5008,21844,15,422,2932                   
2026-10-06T20:29:44.956	TEL,3201,S5,683514739,5014,21844,15,422,2932                   
2026-10-06T20:29:44.956	TEL,3203,S5,683534733,5008,21844,15,419,2932                   
2026-10-06T20:29:44.956	TEL,3204,S5,683544733,5008,21844,15,422,2932                   
2026-10-06T20:29:44.956	TEL,3205,S5,683554733,5008,21844,15,428,2935                   
2026-10-06T20:29:44.956	TEL,3206,S5,683564733,5008,21844,15,425,2935                   
2026-10-06T20:29:44.956	TEL,3207,S5,683574733,5008,21844,15,419,2932                   
2026-10-06T20:29:44.956	TEL,3208,S5,683584733,5008,21844,15,425,2932                   
2026-10-06T20:29:44.956	TEL,3209,S5,683594733,5008,21844,15,425,2932                   
2026-10-06T20:29:45.571	TEL,3210,S5,683604733,5008,21844,15,419,2932                   
2026-10-06T20:29:45.571	TEL,3211,S5,683614733,5008,21844,15,425,2935                   
2026-10-06T20:29:45.571	TEL,3212,S5,683624733,5008,21844,15,428,2935                   
2026-10-06T20:29:45.571	TEL,3213,S5,683634733,5008,21844,15,430,2939                   
2026-10-06T20:29:45.571	TEL,3214,S5,683644733,5008,21844,15,430,2939                   
2026-10-06T20:29:45.571	TEL,3215,S5,683654733,5008,21844,15,425,2933                   
2026-10-06T20:29:45.571	TEL,3216,S5,683664733,5008,21844,15,425,2933                   
2026-10-06T20:29:45.571	TEL,3217,S5,683674733,5008,21844,15,422,2932                   
2026-10-06T20:29:45.571	TEL,3218,S5,683684733,5008,21844,15,419,2932                   
2026-10-06T20:29:45.571	TEL,3219,S5,683694733,5008,21844,15,419,2932                   
2026-10-06T20:29:45.571	TEL,3220,S5,683704733,5008,21844,15,422,2932                   
2026-10-06T20:29:45.571	TEL,3221,S5,683714733,5008,21844,15,428,2935                   
2026-10-06T20:29:45.571	TEL,3222,S5,683724733,5008,21844,15,428,2935                   
2026-10-06T20:29:45.571	TEL,3223,S5,683734733,5008,21844,15,428,2935                   
2026-10-06T20:29:45.571	TEL,3224,S5,683744733,5008,21844,15,428,2935                   
2026-10-06T20:29:45.571	TEL,3225,S5,683754733,5008,21844,15,428,2935                   
2026-10-06T20:29:45.571	TEL,3226,S5,683764733,5008,21844,15,428,2935                   
2026-10-06T20:29:45.571	TEL,3227,S5,683774733,5008,21844,15,428,2935                   
2026-10-06T20:29:45.571	TEL,3228,S5,683784733,5008,21844,15,422,2935                   
2026-10-06T20:29:45.571	TEL,3229,S5,683794733,5008,21844,15,422,2935                   
2026-10-06T20:29:45.571	TEL,3230,S5,683804733,5008,21844,15,428,2935                   
2026-10-06T20:29:45.571	TEL,3231,S5,683814733,5008,21844,15,422,2932                   
2026-10-06T20:29:45.571	TEL,3232,S5,683824733,5008,21844,15,422,2932                   
2026-10-06T20:29:45.571	TEL,3233,S5,683834733,5008,21844,15,422,2932                   
2026-10-06T20:29:45.571	TEL,3234,S5,683844733,5008,21844,15,422,2932                   
2026-10-06T20:29:45.571	TEL,3235,S5,683854733,5008,21844,15,422,2932                   
2026-10-06T20:29:45.571	TEL,3236,S5,683864733,5008,21844,15,422,2932                   
2026-10-06T20:29:45.571	TEL,3237,S5,683874733,5008,21844,15,428,2935                   
2026-10-06T20:29:45.571	TEL,3238,S5,683884733,5008,21844,15,428,2935                   
2026-10-06T20:29:45.571	TEL,3239,S5,683894733,5008,21844,15,422,2930                   
2026-10-06T20:29:45.571	TEL,3240,S5,683904733,5008,21844,15,422,2930                   
2026-10-06T20:29:45.571	TEL,3241,S5,683914733,5008,21844,15,428,2935                   
2026-10-06T20:29:45.571	TEL,3242,S5,683924733,5008,21844,15,425,2935                   
2026-10-06T20:29:45.571	TEL,3243,S5,683934733,5008,21844,15,425,2935                   
2026-10-06T20:29:45.571	TEL,3244,S5,683944733,5008,21844,15,428,2935                   
2026-10-06T20:29:45.571	TEL,3245,S5,683954733,5008,21844,15,428,2935                   
2026-10-06T20:29:45.571	TEL,3246,S5,683964733,5008,21844,15,428,2935                   
2026-10-06T20:29:45.571	TEL,3247,S5,683974733,5008,21844,15,428,2935                   
2026-10-06T20:29:45.571	TEL,3248,S5,683984733,5008,21844,15,425,2935                   
2026-10-06T20:29:45.571	TEL,3249,S5,683994733,5008,21844,15,425,2935                   
2026-10-06T20:29:45.571	TEL,3250,S5,684004733,5008,21844,15,428,2935                   
2026-10-06T20:29:45.571	TEL,3251,S5,684014733,5008,21844,15,422,2932                   
2026-10-06T20:29:45.571	TEL,3252,S5,684024733,5008,21844,15,422,2932                   
2026-10-06T20:29:45.571	TEL,3253,S5,684034733,5008,21844,15,428,2935                   
2026-10-06T20:29:45.571	TEL,3254,S5,684044733,5008,21844,15,428,2935                   
2026-10-06T20:29:45.571	TEL,3255,S5,684054733,5008,21844,15,428,2935                   
2026-10-06T20:29:45.571	TEL,3256,S5,684064733,5008,21844,15,428,2935                   
2026-10-06T20:29:45.571	BTN,39,S5,PRESSED,684223098,684224758                          
2026-10-06T20:29:45.571	TEL,3257,S5,684074733,5008,21844,15,428,2935                   
2026-10-06T20:29:45.571	TEL,3258,S5,684084733,5008,21844,15,428,2935                   
2026-10-06T20:29:45.571	TEL,3259,S5,684094733,5008,21844,15,428,2935                   
2026-10-06T20:29:45.571	TEL,3260,S5,684104733,5008,21844,15,428,2935                   
2026-10-06T20:29:45.571	TEL,3261,S5,684114733,5008,21844,15,425,2933                   
2026-10-06T20:29:45.571	TEL,3262,S5,684124733,5008,21844,15,430,2933                   
2026-10-06T20:29:45.571	TEL,3263,S5,684134733,5008,21844,15,430,2935                   
2026-10-06T20:29:45.571	TEL,3264,S5,684144733,5008,21844,15,428,2935                   
2026-10-06T20:29:45.571	TEL,3265,S5,684154733,5008,21844,15,428,2935                   
2026-10-06T20:29:45.571	TEL,3266,S5,684164733,5008,21844,15,425,2935                   
2026-10-06T20:29:45.571	TEL,3267,S5,684174733,5008,21844,15,419,2932                   
2026-10-06T20:29:45.571	TEL,3268,S5,684184733,5008,21844,15,428,2932                   
2026-10-06T20:29:45.571	TEL,3269,S5,684194733,5008,21844,15,428,2930                   
2026-10-06T20:29:45.571	TEL,3270,S5,684204733,5008,21844,15,419,2930                   
2026-10-06T20:29:46.196	TEL,3271,S5,684214733,5008,21844,15,425,2935                   
2026-10-06T20:29:46.196	TEL,3272,S5,684224739,5014,21844,15,422,2935                   
2026-10-06T20:29:46.196	TEL,3274,S5,684244733,5008,21844,15,445,2937                   
2026-10-06T20:29:46.196	TEL,3275,S5,684254733,5008,21844,15,445,2935                   
2026-10-06T20:29:46.196	TEL,3276,S5,684264733,5008,21844,15,428,2935                   
2026-10-06T20:29:46.196	TEL,3277,S5,684274733,5008,21844,15,428,2935                   
2026-10-06T20:29:46.196	TEL,3278,S5,684284733,5008,21844,15,428,2935                   
2026-10-06T20:29:46.196	TEL,3279,S5,684294733,5008,21844,15,425,2933                   
2026-10-06T20:29:46.196	TEL,3280,S5,684304733,5008,21844,15,425,2933                   
2026-10-06T20:29:46.196	TEL,3281,S5,684314733,5008,21844,15,428,2935                   
2026-10-06T20:29:46.196	TEL,3282,S5,684324733,5008,21844,15,428,2935                   
2026-10-06T20:29:46.196	TEL,3283,S5,684334733,5008,21844,15,422,2932                   
2026-10-06T20:29:46.196	TEL,3284,S5,684344733,5008,21844,15,419,2932                   
2026-10-06T20:29:46.196	TEL,3285,S5,684354733,5008,21844,15,419,2932                   
2026-10-06T20:29:46.196	TEL,3286,S5,684364733,5008,21844,15,425,2932                   
2026-10-06T20:29:46.196	TEL,3287,S5,684374733,5008,21844,15,425,2932                   
2026-10-06T20:29:46.196	TEL,3288,S5,684384733,5008,21844,15,422,2932                   
2026-10-06T20:29:46.196	TEL,3289,S5,684394733,5008,21844,15,428,2935                   
2026-10-06T20:29:46.196	TEL,3290,S5,684404733,5008,21844,15,430,2935                   
2026-10-06T20:29:46.196	TEL,3291,S5,684414733,5008,21844,15,430,2933                   
2026-10-06T20:29:46.196	TEL,3292,S5,684424733,5008,21844,15,425,2933                   
2026-10-06T20:29:46.196	TEL,3293,S5,684434733,5008,21844,15,428,2935                   
2026-10-06T20:29:46.196	TEL,3294,S5,684444733,5008,21844,15,430,2935                   
2026-10-06T20:29:46.196	TEL,3295,S5,684454733,5008,21844,15,428,2932                   
2026-10-06T20:29:46.196	TEL,3296,S5,684464733,5008,21844,15,422,2932                   
2026-10-06T20:29:46.196	TEL,3297,S5,684474733,5008,21844,15,428,2935                   
2026-10-06T20:29:46.196	TEL,3298,S5,684484733,5008,21844,15,428,2935                   
2026-10-06T20:29:46.196	TEL,3299,S5,684494733,5008,21844,15,422,2932                   
2026-10-06T20:29:46.196	TEL,3300,S5,684504733,5008,21844,15,422,2932                   
2026-10-06T20:29:46.196	TEL,3301,S5,684514733,5008,21844,15,428,2935                   
2026-10-06T20:29:46.196	TEL,3302,S5,684524733,5008,21844,15,428,2935                   
2026-10-06T20:29:46.196	TEL,3303,S5,684534733,5008,21844,15,422,2932                   
2026-10-06T20:29:46.196	TEL,3304,S5,684544733,5008,21844,15,419,2932                   
2026-10-06T20:29:46.196	TEL,3305,S5,684554733,5008,21844,15,422,2935                   
2026-10-06T20:29:46.196	TEL,3306,S5,684564733,5008,21844,15,428,2935                   
2026-10-06T20:29:46.196	TEL,3307,S5,684574733,5008,21844,15,422,2932                   
2026-10-06T20:29:46.196	TEL,3308,S5,684584733,5008,21844,15,419,2932                   
2026-10-06T20:29:46.196	TEL,3309,S5,684594733,5008,21844,15,425,2935                   
2026-10-06T20:29:46.196	TEL,3310,S5,684604733,5008,21844,15,428,2935                   
2026-10-06T20:29:46.196	TEL,3311,S5,684614733,5008,21844,15,428,2935                   
2026-10-06T20:29:46.196	TEL,3312,S5,684624733,5008,21844,15,422,2935                   
2026-10-06T20:29:46.196	TEL,3313,S5,684634733,5008,21844,15,419,2933                   
2026-10-06T20:29:46.196	TEL,3314,S5,684644733,5008,21844,15,433,2933                   
2026-10-06T20:29:46.196	TEL,3315,S5,684654733,5008,21844,15,433,2935                   
2026-10-06T20:29:46.196	TEL,3316,S5,684664733,5008,21844,15,428,2935                   
2026-10-06T20:29:46.196	TEL,3317,S5,684674733,5008,21844,15,422,2932                   
2026-10-06T20:29:46.196	TEL,3318,S5,684684733,5008,21844,15,419,2932                   
2026-10-06T20:29:46.196	TEL,3319,S5,684694733,5008,21844,15,422,2933                   
2026-10-06T20:29:46.196	TEL,3320,S5,684704733,5008,21844,15,422,2933                   
2026-10-06T20:29:46.196	TEL,3321,S5,684714733,5008,21844,15,425,2935                   
2026-10-06T20:29:46.196	TEL,3322,S5,684724733,5008,21844,15,428,2935                   
2026-10-06T20:29:46.196	TEL,3323,S5,684734733,5008,21844,15,428,2935                   
2026-10-06T20:29:46.196	TEL,3324,S5,684744733,5008,21844,15,422,2935                   
2026-10-06T20:29:46.196	TEL,3325,S5,684754733,5008,21844,15,422,2935                   
2026-10-06T20:29:46.196	TEL,3326,S5,684764733,5008,21844,15,430,2935                   
2026-10-06T20:29:46.196	TEL,3327,S5,684774733,5008,21844,15,430,2935                   
2026-10-06T20:29:46.196	TEL,3328,S5,684784733,5008,21844,15,425,2935                   
2026-10-06T20:29:46.196	TEL,3329,S5,684794733,5008,21844,15,425,2935                   
2026-10-06T20:29:46.196	TEL,3330,S5,684804733,5008,21844,15,422,2935                   
2026-10-06T20:29:46.196	TEL,3331,S5,684814733,5008,21844,15,419,2932                   
2026-10-06T20:29:46.196	TEL,3332,S5,684824733,5008,21844,15,422,2932                   
2026-10-06T20:29:46.196	TEL,3333,S5,684834733,5008,21844,15,422,2930                   
2026-10-06T20:29:46.815	TEL,3334,S5,684844733,5008,21844,15,422,2930                   
2026-10-06T20:29:46.815	TEL,3335,S5,684854733,5008,21844,15,428,2935                   
2026-10-06T20:29:46.815	TEL,3336,S5,684864733,5008,21844,15,422,2935                   
2026-10-06T20:29:46.815	TEL,3337,S5,684874733,5008,21844,15,422,2935                   
2026-10-06T20:29:46.815	TEL,3338,S5,684884733,5008,21844,15,428,2935                   
2026-10-06T20:29:46.815	TEL,3339,S5,684894733,5008,21844,15,430,2939                   
2026-10-06T20:29:46.815	TEL,3340,S5,684904733,5008,21844,15,430,2939                   
2026-10-06T20:29:46.815	BTN,40,S5,PRESSED,685061104,685064758                          
2026-10-06T20:29:46.815	TEL,3341,S5,684914733,5008,21844,15,422,2932                   
2026-10-06T20:29:46.815	TEL,3342,S5,684924733,5008,21844,15,428,2932                   
2026-10-06T20:29:46.815	TEL,3343,S5,684934733,5008,21844,15,433,2939                   
2026-10-06T20:29:46.815	TEL,3344,S5,684944733,5008,21844,15,428,2939                   
2026-10-06T20:29:46.815	TEL,3345,S5,684954733,5008,21844,15,425,2935                   
2026-10-06T20:29:46.815	TEL,3346,S5,684964733,5008,21844,15,428,2935                   
2026-10-06T20:29:46.815	TEL,3347,S5,684974733,5008,21844,15,422,2932                   
2026-10-06T20:29:46.815	TEL,3348,S5,684984733,5008,21844,15,422,2932                   
2026-10-06T20:29:46.815	TEL,3349,S5,684994733,5008,21844,15,428,2935                   
2026-10-06T20:29:46.815	TEL,3350,S5,685004733,5008,21844,15,428,2935                   
2026-10-06T20:29:46.815	TEL,3351,S5,685014733,5008,21844,15,428,2935                   
2026-10-06T20:29:46.815	TEL,3352,S5,685024733,5008,21844,15,428,2935                   
2026-10-06T20:29:46.815	TEL,3353,S5,685034733,5008,21844,15,428,2935                   
2026-10-06T20:29:46.815	TEL,3354,S5,685044733,5008,21844,15,425,2935                   
2026-10-06T20:29:46.815	TEL,3355,S5,685054733,5008,21844,15,425,2935                   
2026-10-06T20:29:46.815	TEL,3356,S5,685064739,5014,21844,15,425,2935                   
2026-10-06T20:29:46.815	TEL,3358,S5,685084733,5008,21844,15,428,2933                   
2026-10-06T20:29:46.815	TEL,3359,S5,685094733,5008,21844,15,428,2935                   
2026-10-06T20:29:46.815	TEL,3360,S5,685104733,5008,21844,15,428,2935                   
2026-10-06T20:29:46.815	TEL,3361,S5,685114733,5008,21844,15,428,2935                   
2026-10-06T20:29:46.815	TEL,3362,S5,685124733,5008,21844,15,428,2935                   
2026-10-06T20:29:46.815	TEL,3363,S5,685134733,5008,21844,15,422,2932                   
2026-10-06T20:29:46.815	TEL,3364,S5,685144733,5008,21844,15,430,2932                   
2026-10-06T20:29:46.815	TEL,3365,S5,685154733,5008,21844,15,430,2932                   
2026-10-06T20:29:46.815	TEL,3366,S5,685164733,5008,21844,15,422,2932                   
2026-10-06T20:29:46.815	TEL,3367,S5,685174733,5008,21844,15,428,2935                   
2026-10-06T20:29:46.815	TEL,3368,S5,685184733,5008,21844,15,425,2935                   
2026-10-06T20:29:46.815	TEL,3369,S5,685194733,5008,21844,15,419,2932                   
2026-10-06T20:29:46.815	TEL,3370,S5,685204733,5008,21844,15,425,2932                   
2026-10-06T20:29:46.815	TEL,3371,S5,685214733,5008,21844,15,428,2935                   
2026-10-06T20:29:46.815	TEL,3372,S5,685224733,5008,21844,15,425,2935                   
2026-10-06T20:29:46.815	TEL,3373,S5,685234733,5008,21844,15,419,2930                   
2026-10-06T20:29:46.815	TEL,3374,S5,685244733,5008,21844,15,419,2930                   
2026-10-06T20:29:46.815	TEL,3375,S5,685254733,5008,21844,15,425,2935                   
2026-10-06T20:29:46.815	TEL,3376,S5,685264733,5008,21844,15,425,2935                   
2026-10-06T20:29:46.815	TEL,3377,S5,685274733,5008,21844,15,425,2935                   
2026-10-06T20:29:46.815	TEL,3378,S5,685284733,5008,21844,15,428,2935                   
2026-10-06T20:29:46.815	TEL,3379,S5,685294733,5008,21844,15,428,2935                   
2026-10-06T20:29:46.815	TEL,3380,S5,685304733,5008,21844,15,419,2935                   
2026-10-06T20:29:46.815	TEL,3381,S5,685314733,5008,21844,15,416,2932                   
2026-10-06T20:29:46.815	TEL,3382,S5,685324733,5008,21844,15,422,2932                   
2026-10-06T20:29:46.815	TEL,3383,S5,685334733,5008,21844,15,428,2935                   
2026-10-06T20:29:46.815	TEL,3384,S5,685344733,5008,21844,15,419,2935                   
2026-10-06T20:29:46.815	TEL,3385,S5,685354733,5008,21844,15,419,2935                   
2026-10-06T20:29:46.815	TEL,3386,S5,685364733,5008,21844,15,425,2935                   
2026-10-06T20:29:46.815	TEL,3387,S5,685374733,5008,21844,15,425,2935                   
2026-10-06T20:29:46.815	TEL,3388,S5,685384733,5008,21844,15,425,2935                   
2026-10-06T20:29:46.815	TEL,3389,S5,685394733,5008,21844,15,425,2935                   
2026-10-06T20:29:46.815	TEL,3390,S5,685404733,5008,21844,15,428,2935                   
2026-10-06T20:29:46.815	TEL,3391,S5,685414733,5008,21844,15,428,2935                   
2026-10-06T20:29:46.815	TEL,3392,S5,685424733,5008,21844,15,428,2935                   
2026-10-06T20:29:46.815	TEL,3393,S5,685434733,5008,21844,15,428,2935                   
2026-10-06T20:29:46.815	TEL,3394,S5,685444733,5008,21844,15,425,2935                   
2026-10-06T20:29:46.815	TEL,3395,S5,685454733,5008,21844,15,425,2935                   
2026-10-06T20:29:47.432	TEL,3396,S5,685464733,5008,21844,15,428,2935                   
2026-10-06T20:29:47.432	TEL,3397,S5,685474733,5008,21844,15,422,2932                   
2026-10-06T20:29:47.432	BTN,41,S5,PRESSED,685630109,685634758                          
2026-10-06T20:29:47.432	TEL,3398,S5,685484733,5008,21844,15,419,2932                   
2026-10-06T20:29:47.432	TEL,3399,S5,685494733,5008,21844,15,419,2932                   
2026-10-06T20:29:47.432	TEL,3400,S5,685504733,5008,21844,15,422,2932                   
2026-10-06T20:29:47.432	TEL,3401,S5,685514733,5008,21844,15,428,2935                   
2026-10-06T20:29:47.432	TEL,3402,S5,685524733,5008,21844,15,428,2935                   
2026-10-06T20:29:47.432	TEL,3403,S5,685534733,5008,21844,15,428,2935                   
2026-10-06T20:29:47.432	TEL,3404,S5,685544733,5008,21844,15,425,2935                   
2026-10-06T20:29:47.432	TEL,3405,S5,685554733,5008,21844,15,416,2928                   
2026-10-06T20:29:47.432	TEL,3406,S5,685564733,5008,21844,15,422,2928                   
2026-10-06T20:29:47.432	TEL,3407,S5,685574733,5008,21844,15,428,2935                   
2026-10-06T20:29:47.432	TEL,3408,S5,685584733,5008,21844,15,428,2935                   
2026-10-06T20:29:47.432	TEL,3409,S5,685594733,5008,21844,15,428,2935                   
2026-10-06T20:29:47.432	TEL,3410,S5,685604733,5008,21844,15,428,2935                   
2026-10-06T20:29:47.432	TEL,3411,S5,685614733,5008,21844,15,428,2935                   
2026-10-06T20:29:47.432	TEL,3412,S5,685624733,5008,21844,15,428,2935                   
2026-10-06T20:29:47.432	TEL,3413,S5,685634738,5013,21844,15,428,2935                   
2026-10-06T20:29:47.432	TEL,3415,S5,685654733,5008,21844,15,422,2937                   
2026-10-06T20:29:47.432	TEL,3416,S5,685664733,5008,21844,15,422,2937                   
2026-10-06T20:29:47.432	TEL,3417,S5,685674733,5008,21844,15,419,2933                   
2026-10-06T20:29:47.432	TEL,3418,S5,685684733,5008,21844,15,422,2933                   
2026-10-06T20:29:47.432	TEL,3419,S5,685694733,5008,21844,15,425,2935                   
2026-10-06T20:29:47.432	TEL,3420,S5,685704733,5008,21844,15,419,2935                   
2026-10-06T20:29:47.432	TEL,3421,S5,685714733,5008,21844,15,416,2933                   
2026-10-06T20:29:47.432	TEL,3422,S5,685724733,5008,21844,15,419,2933                   
2026-10-06T20:29:47.432	TEL,3423,S5,685734733,5008,21844,15,422,2935                   
2026-10-06T20:29:47.432	TEL,3424,S5,685744733,5008,21844,15,425,2935                   
2026-10-06T20:29:47.432	TEL,3425,S5,685754733,5008,21844,15,422,2933                   
2026-10-06T20:29:47.432	TEL,3426,S5,685764733,5008,21844,15,425,2933                   
2026-10-06T20:29:47.432	TEL,3427,S5,685774733,5008,21844,15,422,2932                   
2026-10-06T20:29:47.432	TEL,3428,S5,685784733,5008,21844,15,422,2932                   
2026-10-06T20:29:47.432	TEL,3429,S5,685794733,5008,21844,15,428,2935                   
2026-10-06T20:29:47.432	TEL,3430,S5,685804733,5008,21844,15,428,2935                   
2026-10-06T20:29:47.432	TEL,3431,S5,685814733,5008,21844,15,428,2935                   
2026-10-06T20:29:47.432	TEL,3432,S5,685824733,5008,21844,15,428,2935                   
2026-10-06T20:29:47.432	TEL,3433,S5,685834733,5008,21844,15,428,2935                   
2026-10-06T20:29:47.432	TEL,3434,S5,685844733,5008,21844,15,428,2935                   
2026-10-06T20:29:47.432	TEL,3435,S5,685854733,5008,21844,15,422,2932                   
2026-10-06T20:29:47.432	TEL,3436,S5,685864733,5008,21844,15,430,2932                   
2026-10-06T20:29:47.432	TEL,3437,S5,685874733,5008,21844,15,430,2932                   
2026-10-06T20:29:47.432	TEL,3438,S5,685884733,5008,21844,15,422,2932                   
2026-10-06T20:29:47.432	TEL,3439,S5,685894733,5008,21844,15,428,2935                   
2026-10-06T20:29:47.432	TEL,3440,S5,685904733,5008,21844,15,419,2935                   
2026-10-06T20:29:47.432	TEL,3441,S5,685914733,5008,21844,15,419,2935                   
2026-10-06T20:29:47.432	TEL,3442,S5,685924733,5008,21844,15,425,2935                   
2026-10-06T20:29:47.432	TEL,3443,S5,685934733,5008,21844,15,425,2935                   
2026-10-06T20:29:47.432	TEL,3444,S5,685944733,5008,21844,15,428,2935                   
2026-10-06T20:29:47.432	TEL,3445,S5,685954733,5008,21844,15,428,2935                   
2026-10-06T20:29:47.432	TEL,3446,S5,685964733,5008,21844,15,428,2935                   
2026-10-06T20:29:47.432	TEL,3447,S5,685974733,5008,21844,15,428,2935                   
2026-10-06T20:29:47.432	TEL,3448,S5,685984733,5008,21844,15,419,2935                   
2026-10-06T20:29:47.432	TEL,3449,S5,685994733,5008,21844,15,416,2933                   
2026-10-06T20:29:47.432	TEL,3450,S5,686004733,5008,21844,15,425,2933                   
2026-10-06T20:29:47.432	TEL,3451,S5,686014733,5008,21844,15,428,2935                   
2026-10-06T20:29:47.432	TEL,3452,S5,686024733,5008,21844,15,425,2935                   
2026-10-06T20:29:47.432	TEL,3453,S5,686034733,5008,21844,15,425,2935                   
2026-10-06T20:29:47.432	TEL,3454,S5,686044733,5008,21844,15,425,2935                   
2026-10-06T20:29:47.432	TEL,3455,S5,686054733,5008,21844,15,425,2935                   
2026-10-06T20:29:47.432	TEL,3456,S5,686064733,5008,21844,15,428,2935                   
2026-10-06T20:29:47.432	TEL,3457,S5,686074733,5008,21844,15,428,2935                   
2026-10-06T20:29:48.057	TEL,3458,S5,686084733,5008,21844,15,428,2935                   
2026-10-06T20:29:48.057	TEL,3459,S5,686094733,5008,21844,15,428,2935                   
2026-10-06T20:29:48.057	TEL,3460,S5,686104733,5008,21844,15,425,2935                   
2026-10-06T20:29:48.057	TEL,3461,S5,686114733,5008,21844,15,425,2935                   
2026-10-06T20:29:48.057	TEL,3462,S5,686124733,5008,21844,15,428,2935                   
2026-10-06T20:29:48.057	TEL,3463,S5,686134733,5008,21844,15,419,2928                   
2026-10-06T20:29:48.057	TEL,3464,S5,686144733,5008,21844,15,419,2928                   
2026-10-06T20:29:48.057	TEL,3465,S5,686154733,5008,21844,15,422,2932                   
2026-10-06T20:29:48.057	TEL,3466,S5,686164733,5008,21844,15,419,2932                   
2026-10-06T20:29:48.057	TEL,3467,S5,686174733,5008,21844,15,422,2935                   
2026-10-06T20:29:48.057	TEL,3468,S5,686184733,5008,21844,15,428,2935                   
2026-10-06T20:29:48.057	TEL,3469,S5,686194733,5008,21844,15,428,2935                   
2026-10-06T20:29:48.057	TEL,3470,S5,686204733,5008,21844,15,428,2935                   
2026-10-06T20:29:48.057	TEL,3471,S5,686214733,5008,21844,15,428,2935                   
2026-10-06T20:29:48.057	BTN,42,S5,PRESSED,686372114,686374758                          
2026-10-06T20:29:48.057	TEL,3472,S5,686224733,5008,21844,15,422,2935                   
2026-10-06T20:29:48.057	TEL,3473,S5,686234733,5008,21844,15,422,2935                   
2026-10-06T20:29:48.057	TEL,3474,S5,686244733,5008,21844,15,428,2935                   
2026-10-06T20:29:48.057	TEL,3475,S5,686254733,5008,21844,15,428,2935                   
2026-10-06T20:29:48.057	TEL,3476,S5,686264733,5008,21844,15,425,2935                   
2026-10-06T20:29:48.057	TEL,3477,S5,686274733,5008,21844,15,419,2932                   
2026-10-06T20:29:48.057	TEL,3478,S5,686284733,5008,21844,15,422,2932                   
2026-10-06T20:29:48.057	TEL,3479,S5,686294733,5008,21844,15,428,2935                   
2026-10-06T20:29:48.057	TEL,3480,S5,686304733,5008,21844,15,428,2935                   
2026-10-06T20:29:48.057	TEL,3481,S5,686314733,5008,21844,15,428,2935                   
2026-10-06T20:29:48.057	TEL,3482,S5,686324733,5008,21844,15,428,2935                   
2026-10-06T20:29:48.057	TEL,3483,S5,686334733,5008,21844,15,428,2935                   
2026-10-06T20:29:48.057	TEL,3484,S5,686344733,5008,21844,15,425,2935                   
2026-10-06T20:29:48.057	TEL,3485,S5,686354733,5008,21844,15,425,2935                   
2026-10-06T20:29:48.057	TEL,3486,S5,686364733,5008,21844,15,428,2935                   
2026-10-06T20:29:48.057	TEL,3487,S5,686374739,5014,21844,15,428,2935                   
2026-10-06T20:29:48.057	TEL,3489,S5,686394733,5008,21844,15,425,2932                   
2026-10-06T20:29:48.057	TEL,3490,S5,686404733,5008,21844,15,422,2932                   
2026-10-06T20:29:48.057	TEL,3491,S5,686414733,5008,21844,15,422,2932                   
2026-10-06T20:29:48.057	TEL,3492,S5,686424733,5008,21844,15,422,2932                   
2026-10-06T20:29:48.057	TEL,3493,S5,686434733,5008,21844,15,428,2935                   
2026-10-06T20:29:48.057	TEL,3494,S5,686444733,5008,21844,15,425,2935                   
2026-10-06T20:29:48.057	TEL,3495,S5,686454733,5008,21844,15,425,2935                   
2026-10-06T20:29:48.057	TEL,3496,S5,686464733,5008,21844,15,425,2935                   
2026-10-06T20:29:48.057	TEL,3497,S5,686474733,5008,21844,15,419,2932                   
2026-10-06T20:29:48.057	TEL,3498,S5,686484733,5008,21844,15,422,2932                   
2026-10-06T20:29:48.057	TEL,3499,S5,686494733,5008,21844,15,428,2935                   
2026-10-06T20:29:48.057	TEL,3500,S5,686504733,5008,21844,15,428,2935                   
2026-10-06T20:29:48.057	TEL,3501,S5,686514733,5008,21844,15,425,2933                   
2026-10-06T20:29:48.057	TEL,3502,S5,686524733,5008,21844,15,419,2933                   
2026-10-06T20:29:48.057	TEL,3503,S5,686534733,5008,21844,15,422,2935                   
2026-10-06T20:29:48.057	TEL,3504,S5,686544733,5008,21844,15,428,2935                   
2026-10-06T20:29:48.057	TEL,3505,S5,686554733,5008,21844,15,428,2935                   
2026-10-06T20:29:48.057	TEL,3506,S5,686564733,5008,21844,15,428,2935                   
2026-10-06T20:29:48.057	TEL,3507,S5,686574733,5008,21844,15,428,2935                   
2026-10-06T20:29:48.057	TEL,3508,S5,686584733,5008,21844,15,425,2935                   
2026-10-06T20:29:48.057	TEL,3509,S5,686594733,5008,21844,15,425,2935                   
2026-10-06T20:29:48.057	TEL,3510,S5,686604733,5008,21844,15,422,2935                   
2026-10-06T20:29:48.057	TEL,3511,S5,686614733,5008,21844,15,422,2935                   
2026-10-06T20:29:48.057	TEL,3512,S5,686624733,5008,21844,15,428,2935                   
2026-10-06T20:29:48.057	TEL,3513,S5,686634733,5008,21844,15,428,2935                   
2026-10-06T20:29:48.057	TEL,3514,S5,686644733,5008,21844,15,428,2935                   
2026-10-06T20:29:48.057	TEL,3515,S5,686654733,5008,21844,15,428,2935                   
2026-10-06T20:29:48.057	TEL,3516,S5,686664733,5008,21844,15,428,2935                   
2026-10-06T20:29:48.057	TEL,3517,S5,686674733,5008,21844,15,428,2935                   
2026-10-06T20:29:48.057	TEL,3518,S5,686684733,5008,21844,15,425,2935                   
2026-10-06T20:29:48.057	TEL,3519,S5,686694733,5008,21844,15,422,2933                   
2026-10-06T20:29:48.676	TEL,3520,S5,686704733,5008,21844,15,433,2933                   
2026-10-06T20:29:48.676	TEL,3521,S5,686714733,5008,21844,15,439,2939                   
2026-10-06T20:29:48.676	TEL,3522,S5,686724733,5008,21844,15,430,2939                   
2026-10-06T20:29:48.676	TEL,3523,S5,686734733,5008,21844,15,428,2935                   
2026-10-06T20:29:48.676	TEL,3524,S5,686744733,5008,21844,15,428,2935                   
2026-10-06T20:29:48.676	TEL,3525,S5,686754733,5008,21844,15,428,2935                   
2026-10-06T20:29:48.676	TEL,3526,S5,686764733,5008,21844,15,433,2935                   
2026-10-06T20:29:48.676	TEL,3527,S5,686774733,5008,21844,15,430,2932                   
2026-10-06T20:29:48.676	BTN,43,S5,PRESSED,686932120,686934758                          
2026-10-06T20:29:48.676	TEL,3528,S5,686784733,5008,21844,15,425,2932                   
2026-10-06T20:29:48.676	TEL,3529,S5,686794733,5008,21844,15,428,2935                   
2026-10-06T20:29:48.676	TEL,3530,S5,686804733,5008,21844,15,428,2935                   
2026-10-06T20:29:48.676	TEL,3531,S5,686814733,5008,21844,15,428,2935                   
2026-10-06T20:29:48.676	TEL,3532,S5,686824733,5008,21844,15,425,2935                   
2026-10-06T20:29:48.676	TEL,3533,S5,686834733,5008,21844,15,425,2935                   
2026-10-06T20:29:48.676	TEL,3534,S5,686844733,5008,21844,15,428,2935                   
2026-10-06T20:29:48.676	TEL,3535,S5,686854733,5008,21844,15,428,2935                   
2026-10-06T20:29:48.676	TEL,3536,S5,686864733,5008,21844,15,428,2935                   
2026-10-06T20:29:48.677	TEL,3537,S5,686874733,5008,21844,15,428,2935                   
2026-10-06T20:29:48.677	TEL,3538,S5,686884733,5008,21844,15,428,2935                   
2026-10-06T20:29:48.677	TEL,3539,S5,686894733,5008,21844,15,428,2935                   
2026-10-06T20:29:48.677	TEL,3540,S5,686904733,5008,21844,15,428,2935                   
2026-10-06T20:29:48.677	TEL,3541,S5,686914733,5008,21844,15,419,2928                   
2026-10-06T20:29:48.677	TEL,3542,S5,686924733,5008,21844,15,419,2928                   
2026-10-06T20:29:48.677	TEL,3543,S5,686934739,5014,21844,15,428,2935                   
2026-10-06T20:29:48.677	TEL,3545,S5,686954733,5008,21844,15,422,2928                   
2026-10-06T20:29:48.677	TEL,3546,S5,686964733,5008,21844,15,419,2928                   
2026-10-06T20:29:48.677	TEL,3547,S5,686974733,5008,21844,15,422,2932                   
2026-10-06T20:29:48.677	TEL,3548,S5,686984733,5008,21844,15,422,2932                   
2026-10-06T20:29:48.677	TEL,3549,S5,686994733,5008,21844,15,428,2935                   
2026-10-06T20:29:48.677	TEL,3550,S5,687004733,5008,21844,15,422,2935                   
2026-10-06T20:29:48.677	TEL,3551,S5,687014733,5008,21844,15,419,2932                   
2026-10-06T20:29:48.677	TEL,3552,S5,687024733,5008,21844,15,422,2932                   
2026-10-06T20:29:48.677	TEL,3553,S5,687034733,5008,21844,15,422,2932                   
2026-10-06T20:29:48.677	TEL,3554,S5,687044733,5008,21844,15,422,2932                   
2026-10-06T20:29:48.677	TEL,3555,S5,687054733,5008,21844,15,428,2935                   
2026-10-06T20:29:48.677	TEL,3556,S5,687064733,5008,21844,15,425,2935                   
2026-10-06T20:29:48.677	TEL,3557,S5,687074733,5008,21844,15,419,2932                   
2026-10-06T20:29:48.677	TEL,3558,S5,687084733,5008,21844,15,422,2932                   
2026-10-06T20:29:48.677	TEL,3559,S5,687094733,5008,21844,15,428,2935                   
2026-10-06T20:29:48.677	TEL,3560,S5,687104733,5008,21844,15,428,2935                   
2026-10-06T20:29:48.677	TEL,3561,S5,687114733,5008,21844,15,428,2935                   
2026-10-06T20:29:48.677	TEL,3562,S5,687124733,5008,21844,15,428,2935                   
2026-10-06T20:29:48.677	TEL,3563,S5,687134733,5008,21844,15,428,2935                   
2026-10-06T20:29:48.677	TEL,3564,S5,687144733,5008,21844,15,428,2935                   
2026-10-06T20:29:48.677	TEL,3565,S5,687154733,5008,21844,15,428,2935                   
2026-10-06T20:29:48.677	TEL,3566,S5,687164733,5008,21844,15,428,2935                   
2026-10-06T20:29:48.677	TEL,3567,S5,687174733,5008,21844,15,419,2928                   
2026-10-06T20:29:48.677	TEL,3568,S5,687184733,5008,21844,15,419,2928                   
2026-10-06T20:29:48.677	TEL,3569,S5,687194733,5008,21844,15,422,2932                   
2026-10-06T20:29:48.677	TEL,3570,S5,687204733,5008,21844,15,422,2932                   
2026-10-06T20:29:48.677	TEL,3571,S5,687214733,5008,21844,15,422,2932                   
2026-10-06T20:29:48.677	TEL,3572,S5,687224733,5008,21844,15,422,2932                   
2026-10-06T20:29:48.677	TEL,3573,S5,687234733,5008,21844,15,428,2935                   
2026-10-06T20:29:48.677	TEL,3574,S5,687244733,5008,21844,15,428,2935                   
2026-10-06T20:29:48.677	TEL,3575,S5,687254733,5008,21844,15,422,2932                   
2026-10-06T20:29:48.677	TEL,3576,S5,687264733,5008,21844,15,422,2932                   
2026-10-06T20:29:48.677	TEL,3577,S5,687274733,5008,21844,15,428,2935                   
2026-10-06T20:29:48.677	TEL,3578,S5,687284733,5008,21844,15,425,2935                   
2026-10-06T20:29:48.677	TEL,3579,S5,687294733,5008,21844,15,425,2935                   
2026-10-06T20:29:48.677	TEL,3580,S5,687304733,5008,21844,15,428,2935                   
2026-10-06T20:29:48.677	TEL,3581,S5,687314733,5008,21844,15,428,2935                   
2026-10-06T20:29:49.296	TEL,3582,S5,687324733,5008,21844,15,433,2935                   
2026-10-06T20:29:49.296	TEL,3583,S5,687334733,5008,21844,15,433,2935                   
2026-10-06T20:29:49.296	TEL,3584,S5,687344733,5008,21844,15,428,2935                   
2026-10-06T20:29:49.297	TEL,3585,S5,687354733,5008,21844,15,422,2932                   
2026-10-06T20:29:49.297	TEL,3586,S5,687364733,5008,21844,15,433,2932                   
2026-10-06T20:29:49.297	TEL,3587,S5,687374733,5008,21844,15,433,2932                   
2026-10-06T20:29:49.297	TEL,3588,S5,687384733,5008,21844,15,422,2932                   
2026-10-06T20:29:49.297	TEL,3589,S5,687394733,5008,21844,15,428,2935                   
2026-10-06T20:29:49.297	TEL,3590,S5,687404733,5008,21844,15,425,2935                   
2026-10-06T20:29:49.297	BTN,44,S5,PRESSED,687564125,687564758                          
2026-10-06T20:29:49.297	TEL,3591,S5,687414733,5008,21844,15,425,2935                   
2026-10-06T20:29:49.297	TEL,3592,S5,687424733,5008,21844,15,430,2935                   
2026-10-06T20:29:49.297	TEL,3593,S5,687434733,5008,21844,15,430,2933                   
2026-10-06T20:29:49.297	TEL,3594,S5,687444733,5008,21844,15,425,2933                   
2026-10-06T20:29:49.297	TEL,3595,S5,687454733,5008,21844,15,422,2932                   
2026-10-06T20:29:49.297	TEL,3596,S5,687464733,5008,21844,15,430,2932                   
2026-10-06T20:29:49.297	TEL,3597,S5,687474733,5008,21844,15,430,2932                   
2026-10-06T20:29:49.297	TEL,3598,S5,687484733,5008,21844,15,430,2932                   
2026-10-06T20:29:49.297	TEL,3599,S5,687494733,5008,21844,15,430,2932                   
2026-10-06T20:29:49.297	TEL,3600,S5,687504733,5008,21844,15,430,2932                   
2026-10-06T20:29:49.297	TEL,3601,S5,687514733,5008,21844,15,433,2935                   
2026-10-06T20:29:49.297	TEL,3602,S5,687524733,5008,21844,15,428,2935                   
2026-10-06T20:29:49.297	TEL,3603,S5,687534733,5008,21844,15,428,2935                   
2026-10-06T20:29:49.297	TEL,3604,S5,687544733,5008,21844,15,425,2935                   
2026-10-06T20:29:49.297	TEL,3605,S5,687554733,5008,21844,15,419,2932                   
2026-10-06T20:29:49.297	TEL,3606,S5,687564739,5014,21844,15,422,2932                   
2026-10-06T20:29:49.297	TEL,3608,S5,687584733,5008,21844,15,433,2930                   
2026-10-06T20:29:49.297	TEL,3609,S5,687594733,5008,21844,15,436,2933                   
2026-10-06T20:29:49.297	TEL,3610,S5,687604733,5008,21844,15,425,2933                   
2026-10-06T20:29:49.297	TEL,3611,S5,687614733,5008,21844,15,428,2935                   
2026-10-06T20:29:49.297	TEL,3612,S5,687624733,5008,21844,15,428,2935                   
2026-10-06T20:29:49.297	TEL,3613,S5,687634733,5008,21844,15,422,2932                   
2026-10-06T20:29:49.297	TEL,3614,S5,687644733,5008,21844,15,422,2932                   
2026-10-06T20:29:49.297	TEL,3615,S5,687654733,5008,21844,15,428,2935                   
2026-10-06T20:29:49.297	TEL,3616,S5,687664733,5008,21844,15,428,2935                   
2026-10-06T20:29:49.297	TEL,3617,S5,687674733,5008,21844,15,428,2935                   
2026-10-06T20:29:49.297	TEL,3618,S5,687684733,5008,21844,15,428,2935                   
2026-10-06T20:29:49.297	TEL,3619,S5,687694733,5008,21844,15,422,2932                   
2026-10-06T20:29:49.297	TEL,3620,S5,687704733,5008,21844,15,419,2932                   
2026-10-06T20:29:49.297	TEL,3621,S5,687714733,5008,21844,15,425,2935                   
2026-10-06T20:29:49.297	TEL,3622,S5,687724733,5008,21844,15,428,2935                   
2026-10-06T20:29:49.297	TEL,3623,S5,687734733,5008,21844,15,428,2933                   
2026-10-06T20:29:49.297	TEL,3624,S5,687744733,5008,21844,15,425,2933                   
2026-10-06T20:29:49.297	TEL,3625,S5,687754733,5008,21844,15,428,2935                   
2026-10-06T20:29:49.297	TEL,3626,S5,687764733,5008,21844,15,425,2935                   
2026-10-06T20:29:49.297	TEL,3627,S5,687774733,5008,21844,15,419,2930                   
2026-10-06T20:29:49.297	TEL,3628,S5,687784733,5008,21844,15,422,2930                   
2026-10-06T20:29:49.297	TEL,3629,S5,687794733,5008,21844,15,428,2935                   
2026-10-06T20:29:49.297	TEL,3630,S5,687804733,5008,21844,15,428,2935                   
2026-10-06T20:29:49.297	TEL,3631,S5,687814733,5008,21844,15,428,2935                   
2026-10-06T20:29:49.297	TEL,3632,S5,687824733,5008,21844,15,433,2935                   
2026-10-06T20:29:49.297	TEL,3633,S5,687834733,5008,21844,15,433,2935                   
2026-10-06T20:29:49.297	TEL,3634,S5,687844733,5008,21844,15,425,2935                   
2026-10-06T20:29:49.297	TEL,3635,S5,687854733,5008,21844,15,419,2932                   
2026-10-06T20:29:49.297	TEL,3636,S5,687864733,5008,21844,15,416,2932                   
2026-10-06T20:29:49.297	TEL,3637,S5,687874733,5008,21844,15,419,2935                   
2026-10-06T20:29:49.297	TEL,3638,S5,687884733,5008,21844,15,425,2935                   
2026-10-06T20:29:49.297	TEL,3639,S5,687894733,5008,21844,15,422,2933                   
2026-10-06T20:29:49.297	TEL,3640,S5,687904733,5008,21844,15,422,2933                   
2026-10-06T20:29:49.297	TEL,3641,S5,687914733,5008,21844,15,419,2932                   
2026-10-06T20:29:49.297	TEL,3642,S5,687924733,5008,21844,15,419,2932                   
2026-10-06T20:29:49.297	TEL,3643,S5,687934733,5008,21844,15,419,2932                   
2026-10-06T20:29:49.917	TEL,3644,S5,687944733,5008,21844,15,419,2932                   
2026-10-06T20:29:49.917	TEL,3645,S5,687954733,5008,21844,15,425,2935                   
2026-10-06T20:29:49.917	TEL,3646,S5,687964733,5008,21844,15,425,2935                   
2026-10-06T20:29:49.917	TEL,3647,S5,687974733,5008,21844,15,419,2932                   
2026-10-06T20:29:49.917	TEL,3648,S5,687984733,5008,21844,15,422,2932                   
2026-10-06T20:29:49.917	TEL,3649,S5,687994733,5008,21844,15,428,2935                   
2026-10-06T20:29:49.917	TEL,3650,S5,688004733,5008,21844,15,422,2935                   
2026-10-06T20:29:49.917	TEL,3651,S5,688014733,5008,21844,15,419,2932                   
2026-10-06T20:29:49.917	TEL,3652,S5,688024733,5008,21844,15,422,2932                   
2026-10-06T20:29:49.917	TEL,3653,S5,688034733,5008,21844,15,422,2932                   
2026-10-06T20:29:49.917	TEL,3654,S5,688044733,5008,21844,15,430,2932                   
2026-10-06T20:29:49.917	TEL,3655,S5,688054733,5008,21844,15,433,2935                   
2026-10-06T20:29:49.917	TEL,3656,S5,688064733,5008,21844,15,428,2935                   
2026-10-06T20:29:49.917	TEL,3657,S5,688074733,5008,21844,15,422,2932                   
2026-10-06T20:29:49.917	TEL,3658,S5,688084733,5008,21844,15,422,2932                   
2026-10-06T20:29:49.917	TEL,3659,S5,688094733,5008,21844,15,428,2935                   
2026-10-06T20:29:49.917	TEL,3660,S5,688104733,5008,21844,15,428,2935                   
2026-10-06T20:29:49.917	TEL,3661,S5,688114733,5008,21844,15,428,2935                   
2026-10-06T20:29:49.917	TEL,3662,S5,688124733,5008,21844,15,430,2935                   
2026-10-06T20:29:49.917	BTN,45,S5,PRESSED,688283130,688284758                          
2026-10-06T20:29:49.917	TEL,3663,S5,688134733,5008,21844,15,428,2932                   
2026-10-06T20:29:49.917	TEL,3664,S5,688144733,5008,21844,15,422,2932                   
2026-10-06T20:29:49.917	TEL,3665,S5,688154733,5008,21844,15,428,2935                   
2026-10-06T20:29:49.917	TEL,3666,S5,688164733,5008,21844,15,425,2935                   
2026-10-06T20:29:49.917	TEL,3667,S5,688174733,5008,21844,15,422,2933                   
2026-10-06T20:29:49.917	TEL,3668,S5,688184733,5008,21844,15,419,2933                   
2026-10-06T20:29:49.917	TEL,3669,S5,688194733,5008,21844,15,422,2935                   
2026-10-06T20:29:49.917	TEL,3670,S5,688204733,5008,21844,15,422,2935                   
2026-10-06T20:29:49.917	TEL,3671,S5,688214733,5008,21844,15,422,2935                   
2026-10-06T20:29:49.917	TEL,3672,S5,688224733,5008,21844,15,425,2935                   
2026-10-06T20:29:49.917	TEL,3673,S5,688234733,5008,21844,15,425,2935                   
2026-10-06T20:29:49.917	TEL,3674,S5,688244733,5008,21844,15,425,2935                   
2026-10-06T20:29:49.917	TEL,3675,S5,688254733,5008,21844,15,425,2935                   
2026-10-06T20:29:49.917	TEL,3676,S5,688264733,5008,21844,15,428,2935                   
2026-10-06T20:29:49.917	TEL,3677,S5,688274733,5008,21844,15,422,2932                   
2026-10-06T20:29:49.917	TEL,3678,S5,688284739,5014,21844,15,428,2932                   
2026-10-06T20:29:49.917	TEL,3680,S5,688304733,5008,21844,15,428,2937                   
2026-10-06T20:29:49.917	TEL,3681,S5,688314733,5008,21844,15,428,2935                   
2026-10-06T20:29:49.917	TEL,3682,S5,688324733,5008,21844,15,428,2935                   
2026-10-06T20:29:49.917	TEL,3683,S5,688334733,5008,21844,15,422,2932                   
2026-10-06T20:29:49.917	TEL,3684,S5,688344733,5008,21844,15,419,2932                   
2026-10-06T20:29:49.917	TEL,3685,S5,688354733,5008,21844,15,425,2935                   
2026-10-06T20:29:49.917	TEL,3686,S5,688364733,5008,21844,15,425,2935                   
2026-10-06T20:29:49.917	TEL,3687,S5,688374733,5008,21844,15,419,2932                   
2026-10-06T20:29:49.917	TEL,3688,S5,688384733,5008,21844,15,422,2932                   
2026-10-06T20:29:49.917	TEL,3689,S5,688394733,5008,21844,15,419,2928                   
2026-10-06T20:29:49.917	TEL,3690,S5,688404733,5008,21844,15,416,2928                   
2026-10-06T20:29:49.917	TEL,3691,S5,688414733,5008,21844,15,419,2932                   
2026-10-06T20:29:49.917	TEL,3692,S5,688424733,5008,21844,15,419,2932                   
2026-10-06T20:29:49.917	TEL,3693,S5,688434733,5008,21844,15,419,2932                   
2026-10-06T20:29:49.917	TEL,3694,S5,688444733,5008,21844,15,422,2932                   
2026-10-06T20:29:49.917	TEL,3695,S5,688454733,5008,21844,15,425,2933                   
2026-10-06T20:29:49.917	TEL,3696,S5,688464733,5008,21844,15,422,2933                   
2026-10-06T20:29:49.917	TEL,3697,S5,688474733,5008,21844,15,419,2932                   
2026-10-06T20:29:49.917	TEL,3698,S5,688484733,5008,21844,15,422,2932                   
2026-10-06T20:29:49.917	TEL,3699,S5,688494733,5008,21844,15,428,2935                   
2026-10-06T20:29:49.917	TEL,3700,S5,688504733,5008,21844,15,428,2935                   
2026-10-06T20:29:49.917	TEL,3701,S5,688514733,5008,21844,15,422,2932                   
2026-10-06T20:29:49.917	TEL,3702,S5,688524733,5008,21844,15,428,2932                   
2026-10-06T20:29:49.917	TEL,3703,S5,688534733,5008,21844,15,428,2932                   
2026-10-06T20:29:49.917	TEL,3704,S5,688544733,5008,21844,15,433,2932                   
2026-10-06T20:29:49.917	TEL,3705,S5,688554733,5008,21844,15,436,2935                   
2026-10-06T20:29:50.535	TEL,3706,S5,688564733,5008,21844,15,425,2935                   
2026-10-06T20:29:50.535	TEL,3707,S5,688574733,5008,21844,15,425,2935                   
2026-10-06T20:29:50.535	TEL,3708,S5,688584733,5008,21844,15,428,2935                   
2026-10-06T20:29:50.535	TEL,3709,S5,688594733,5008,21844,15,428,2935                   
2026-10-06T20:29:50.535	TEL,3710,S5,688604733,5008,21844,15,428,2935                   
2026-10-06T20:29:50.535	TEL,3711,S5,688614733,5008,21844,15,428,2935                   
2026-10-06T20:29:50.535	TEL,3712,S5,688624733,5008,21844,15,425,2935                   
2026-10-06T20:29:50.535	TEL,3713,S5,688634733,5008,21844,15,425,2935                   
2026-10-06T20:29:50.535	TEL,3714,S5,688644733,5008,21844,15,425,2935                   
2026-10-06T20:29:50.535	TEL,3715,S5,688654733,5008,21844,15,425,2935                   
2026-10-06T20:29:50.535	TEL,3716,S5,688664733,5008,21844,15,433,2935                   
2026-10-06T20:29:50.535	TEL,3717,S5,688674733,5008,21844,15,433,2935                   
2026-10-06T20:29:50.537	TEL,3718,S5,688684733,5008,21844,15,428,2935                   
2026-10-06T20:29:50.537	TEL,3719,S5,688694733,5008,21844,15,422,2932                   
2026-10-06T20:29:50.537	TEL,3720,S5,688704733,5008,21844,15,422,2932                   
2026-10-06T20:29:50.537	TEL,3721,S5,688714733,5008,21844,15,428,2935                   
2026-10-06T20:29:50.537	TEL,3722,S5,688724733,5008,21844,15,425,2935                   
2026-10-06T20:29:50.537	TEL,3723,S5,688734733,5008,21844,15,425,2935                   
2026-10-06T20:29:50.537	TEL,3724,S5,688744733,5008,21844,15,433,2935                   
2026-10-06T20:29:50.537	TEL,3725,S5,688754733,5008,21844,15,430,2932                   
2026-10-06T20:29:50.537	TEL,3726,S5,688764733,5008,21844,15,422,2932                   
2026-10-06T20:29:50.537	TEL,3727,S5,688774733,5008,21844,15,428,2935                   
2026-10-06T20:29:50.537	TEL,3728,S5,688784733,5008,21844,15,428,2935                   
2026-10-06T20:29:50.537	TEL,3729,S5,688794733,5008,21844,15,422,2932                   
2026-10-06T20:29:50.537	TEL,3730,S5,688804733,5008,21844,15,428,2932                   
2026-10-06T20:29:50.537	TEL,3731,S5,688814733,5008,21844,15,428,2932                   
2026-10-06T20:29:50.537	TEL,3732,S5,688824733,5008,21844,15,425,2932                   
2026-10-06T20:29:50.537	TEL,3733,S5,688834733,5008,21844,15,428,2935                   
2026-10-06T20:29:50.537	TEL,3734,S5,688844733,5008,21844,15,416,2935                   
2026-10-06T20:29:50.537	TEL,3735,S5,688854733,5008,21844,15,416,2935                   
2026-10-06T20:29:50.537	TEL,3736,S5,688864733,5008,21844,15,428,2935                   
2026-10-06T20:29:50.537	TEL,3737,S5,688874733,5008,21844,15,428,2935                   
2026-10-06T20:29:50.537	TEL,3738,S5,688884733,5008,21844,15,428,2935                   
2026-10-06T20:29:50.537	TEL,3739,S5,688894733,5008,21844,15,422,2932                   
2026-10-06T20:29:50.537	TEL,3740,S5,688904733,5008,21844,15,422,2932                   
2026-10-06T20:29:50.537	TEL,3741,S5,688914733,5008,21844,15,430,2939                   
2026-10-06T20:29:50.537	TEL,3742,S5,688924733,5008,21844,15,428,2939                   
2026-10-06T20:29:50.537	TEL,3743,S5,688934733,5008,21844,15,419,2932                   
2026-10-06T20:29:50.537	TEL,3744,S5,688944733,5008,21844,15,428,2932                   
2026-10-06T20:29:50.537	TEL,3745,S5,688954733,5008,21844,15,430,2933                   
2026-10-06T20:29:50.537	TEL,3746,S5,688964733,5008,21844,15,425,2933                   
2026-10-06T20:29:50.537	BTN,46,S5,PRESSED,689124135,689124758                          
2026-10-06T20:29:50.537	TEL,3747,S5,688974733,5008,21844,15,428,2935                   
2026-10-06T20:29:50.537	TEL,3748,S5,688984733,5008,21844,15,433,2935                   
2026-10-06T20:29:50.537	TEL,3749,S5,688994733,5008,21844,15,433,2933                   
2026-10-06T20:29:50.537	TEL,3750,S5,689004733,5008,21844,15,422,2933                   
2026-10-06T20:29:50.537	TEL,3751,S5,689014733,5008,21844,15,419,2932                   
2026-10-06T20:29:50.537	TEL,3752,S5,689024733,5008,21844,15,425,2932                   
2026-10-06T20:29:50.537	TEL,3753,S5,689034733,5008,21844,15,428,2935                   
2026-10-06T20:29:50.537	TEL,3754,S5,689044733,5008,21844,15,428,2935                   
2026-10-06T20:29:50.537	TEL,3755,S5,689054733,5008,21844,15,428,2935                   
2026-10-06T20:29:50.537	TEL,3756,S5,689064733,5008,21844,15,425,2935                   
2026-10-06T20:29:50.537	TEL,3757,S5,689074733,5008,21844,15,425,2935                   
2026-10-06T20:29:50.537	TEL,3758,S5,689084733,5008,21844,15,428,2935                   
2026-10-06T20:29:50.537	TEL,3759,S5,689094733,5008,21844,15,428,2935                   
2026-10-06T20:29:50.537	TEL,3760,S5,689104733,5008,21844,15,433,2935                   
2026-10-06T20:29:50.537	TEL,3761,S5,689114733,5008,21844,15,433,2935                   
2026-10-06T20:29:50.537	TEL,3762,S5,689124739,5014,21844,15,428,2935                   
2026-10-06T20:29:50.537	TEL,3764,S5,689144733,5008,21844,15,442,2933                   
2026-10-06T20:29:50.537	TEL,3765,S5,689154733,5008,21844,15,445,2935                   
2026-10-06T20:29:50.537	TEL,3766,S5,689164733,5008,21844,15,428,2935                   
2026-10-06T20:29:50.537	TEL,3767,S5,689174733,5008,21844,15,425,2932                   
2026-10-06T20:29:51.155	TEL,3768,S5,689184733,5008,21844,15,422,2932                   
2026-10-06T20:29:51.155	TEL,3769,S5,689194733,5008,21844,15,428,2935                   
2026-10-06T20:29:51.155	TEL,3770,S5,689204733,5008,21844,15,428,2935                   
2026-10-06T20:29:51.155	TEL,3771,S5,689214733,5008,21844,15,428,2935                   
2026-10-06T20:29:51.155	TEL,3772,S5,689224733,5008,21844,15,428,2935                   
2026-10-06T20:29:51.155	TEL,3773,S5,689234733,5008,21844,15,422,2932                   
2026-10-06T20:29:51.155	TEL,3774,S5,689244733,5008,21844,15,422,2932                   
2026-10-06T20:29:51.155	TEL,3775,S5,689254733,5008,21844,15,428,2935                   
2026-10-06T20:29:51.155	TEL,3776,S5,689264733,5008,21844,15,425,2935                   
2026-10-06T20:29:51.155	TEL,3777,S5,689274733,5008,21844,15,425,2935                   
2026-10-06T20:29:51.155	TEL,3778,S5,689284733,5008,21844,15,425,2935                   
2026-10-06T20:29:51.155	TEL,3779,S5,689294733,5008,21844,15,425,2935                   
2026-10-06T20:29:51.155	TEL,3780,S5,689304733,5008,21844,15,422,2935                   
2026-10-06T20:29:51.155	TEL,3781,S5,689314733,5008,21844,15,422,2935                   
2026-10-06T20:29:51.155	TEL,3782,S5,689324733,5008,21844,15,428,2935                   
2026-10-06T20:29:51.155	TEL,3783,S5,689334733,5008,21844,15,422,2932                   
2026-10-06T20:29:51.155	TEL,3784,S5,689344733,5008,21844,15,422,2932                   
2026-10-06T20:29:51.155	TEL,3785,S5,689354733,5008,21844,15,425,2933                   
2026-10-06T20:29:51.155	TEL,3786,S5,689364733,5008,21844,15,425,2933                   
2026-10-06T20:29:51.155	TEL,3787,S5,689374733,5008,21844,15,428,2935                   
2026-10-06T20:29:51.155	TEL,3788,S5,689384733,5008,21844,15,436,2935                   
2026-10-06T20:29:51.155	TEL,3789,S5,689394733,5008,21844,15,436,2935                   
2026-10-06T20:29:51.155	TEL,3790,S5,689404733,5008,21844,15,428,2935                   
2026-10-06T20:29:51.155	TEL,3791,S5,689414733,5008,21844,15,422,2932                   
2026-10-06T20:29:51.155	TEL,3792,S5,689424733,5008,21844,15,419,2932                   
2026-10-06T20:29:51.155	TEL,3793,S5,689434733,5008,21844,15,419,2932                   
2026-10-06T20:29:51.155	TEL,3794,S5,689444733,5008,21844,15,428,2932                   
2026-10-06T20:29:51.155	TEL,3795,S5,689454733,5008,21844,15,430,2935                   
2026-10-06T20:29:51.155	TEL,3796,S5,689464733,5008,21844,15,428,2935                   
2026-10-06T20:29:51.155	TEL,3797,S5,689474733,5008,21844,15,416,2925                   
2026-10-06T20:29:51.155	TEL,3798,S5,689484733,5008,21844,15,413,2925                   
2026-10-06T20:29:51.155	TEL,3799,S5,689494733,5008,21844,15,416,2928                   
2026-10-06T20:29:51.155	TEL,3800,S5,689504733,5008,21844,15,410,2928                   
2026-10-06T20:29:51.155	TEL,3801,S5,689514733,5008,21844,15,413,2932                   
2026-10-06T20:29:51.155	TEL,3802,S5,689524733,5008,21844,15,422,2932                   
2026-10-06T20:29:51.155	TEL,3803,S5,689534733,5008,21844,15,428,2935                   
2026-10-06T20:29:51.155	TEL,3804,S5,689544733,5008,21844,15,425,2935                   
2026-10-06T20:29:51.155	TEL,3805,S5,689554733,5008,21844,15,425,2935                   
2026-10-06T20:29:51.155	TEL,3806,S5,689564733,5008,21844,15,428,2935                   
2026-10-06T20:29:51.155	TEL,3807,S5,689574733,5008,21844,15,428,2935                   
2026-10-06T20:29:51.155	TEL,3808,S5,689584733,5008,21844,15,425,2935                   
2026-10-06T20:29:51.155	TEL,3809,S5,689594733,5008,21844,15,425,2935                   
2026-10-06T20:29:51.155	TEL,3810,S5,689604733,5008,21844,15,428,2935                   
2026-10-06T20:29:51.155	TEL,3811,S5,689614733,5008,21844,15,422,2930                   
2026-10-06T20:29:51.155	TEL,3812,S5,689624733,5008,21844,15,419,2930                   
2026-10-06T20:29:51.155	TEL,3813,S5,689634733,5008,21844,15,425,2935                   
2026-10-06T20:29:51.155	TEL,3814,S5,689644733,5008,21844,15,428,2935                   
2026-10-06T20:29:51.155	TEL,3815,S5,689654733,5008,21844,15,422,2932                   
2026-10-06T20:29:51.155	TEL,3816,S5,689664733,5008,21844,15,422,2932                   
2026-10-06T20:29:51.155	TEL,3817,S5,689674733,5008,21844,15,425,2933                   
2026-10-06T20:29:51.155	TEL,3818,S5,689684733,5008,21844,15,422,2933                   
2026-10-06T20:29:51.155	TEL,3819,S5,689694733,5008,21844,15,425,2935                   
2026-10-06T20:29:51.155	TEL,3820,S5,689704733,5008,21844,15,425,2935                   
2026-10-06T20:29:51.155	TEL,3821,S5,689714733,5008,21844,15,425,2935                   
2026-10-06T20:29:51.155	TEL,3822,S5,689724733,5008,21844,15,422,2935                   
2026-10-06T20:29:51.155	TEL,3823,S5,689734733,5008,21844,15,422,2935                   
2026-10-06T20:29:51.155	TEL,3824,S5,689744733,5008,21844,15,425,2935                   
2026-10-06T20:29:51.155	TEL,3825,S5,689754733,5008,21844,15,419,2932                   
2026-10-06T20:29:51.155	TEL,3826,S5,689764733,5008,21844,15,428,2932                   
2026-10-06T20:29:51.155	TEL,3827,S5,689774733,5008,21844,15,430,2935                   
2026-10-06T20:29:51.155	TEL,3828,S5,689784733,5008,21844,15,425,2935                   
2026-10-06T20:29:51.155	TEL,3829,S5,689794733,5008,21844,15,425,2935                   
2026-10-06T20:29:51.773	BTN,47,S5,PRESSED,689950141,689954758                          
2026-10-06T20:29:51.773	TEL,3830,S5,689804733,5008,21844,15,430,2935                   
2026-10-06T20:29:51.773	TEL,3831,S5,689814733,5008,21844,15,430,2935                   
2026-10-06T20:29:51.773	TEL,3832,S5,689824733,5008,21844,15,428,2935                   
2026-10-06T20:29:51.773	TEL,3833,S5,689834733,5008,21844,15,422,2932                   
2026-10-06T20:29:51.773	TEL,3834,S5,689844733,5008,21844,15,430,2932                   
2026-10-06T20:29:51.773	TEL,3835,S5,689854733,5008,21844,15,433,2935                   
2026-10-06T20:29:51.773	TEL,3836,S5,689864733,5008,21844,15,428,2935                   
2026-10-06T20:29:51.773	TEL,3837,S5,689874733,5008,21844,15,428,2935                   
2026-10-06T20:29:51.773	TEL,3838,S5,689884733,5008,21844,15,430,2935                   
2026-10-06T20:29:51.773	TEL,3839,S5,689894733,5008,21844,15,430,2935                   
2026-10-06T20:29:51.773	TEL,3840,S5,689904733,5008,21844,15,428,2935                   
2026-10-06T20:29:51.773	TEL,3841,S5,689914733,5008,21844,15,422,2932                   
2026-10-06T20:29:51.773	TEL,3842,S5,689924733,5008,21844,15,425,2932                   
2026-10-06T20:29:51.773	TEL,3843,S5,689934733,5008,21844,15,428,2933                   
2026-10-06T20:29:51.773	TEL,3844,S5,689944733,5008,21844,15,422,2933                   
2026-10-06T20:29:51.773	TEL,3845,S5,689954738,5013,21844,15,425,2935                   
2026-10-06T20:29:51.773	TEL,3847,S5,689974733,5008,21844,15,419,2932                   
2026-10-06T20:29:51.773	TEL,3848,S5,689984733,5008,21844,15,422,2932                   
2026-10-06T20:29:51.773	TEL,3849,S5,689994733,5008,21844,15,428,2935                   
2026-10-06T20:29:51.773	TEL,3850,S5,690004733,5008,21844,15,425,2935                   
2026-10-06T20:29:51.773	TEL,3851,S5,690014733,5008,21844,15,425,2935                   
2026-10-06T20:29:51.773	TEL,3852,S5,690024733,5008,21844,15,433,2935                   
2026-10-06T20:29:51.773	TEL,3853,S5,690034733,5008,21844,15,430,2932                   
2026-10-06T20:29:51.773	TEL,3854,S5,690044733,5008,21844,15,428,2932                   
2026-10-06T20:29:51.773	TEL,3855,S5,690054733,5008,21844,15,428,2932                   
2026-10-06T20:29:51.773	TEL,3856,S5,690064733,5008,21844,15,422,2932                   
2026-10-06T20:29:51.773	TEL,3857,S5,690074733,5008,21844,15,422,2932                   
2026-10-06T20:29:51.773	TEL,3858,S5,690084733,5008,21844,15,428,2932                   
2026-10-06T20:29:51.773	TEL,3859,S5,690094733,5008,21844,15,430,2935                   
2026-10-06T20:29:51.773	TEL,3860,S5,690104733,5008,21844,15,428,2935                   
2026-10-06T20:29:51.773	TEL,3861,S5,690114733,5008,21844,15,428,2935                   
2026-10-06T20:29:51.773	TEL,3862,S5,690124733,5008,21844,15,428,2935                   
2026-10-06T20:29:51.773	TEL,3863,S5,690134733,5008,21844,15,428,2935                   
2026-10-06T20:29:51.773	TEL,3864,S5,690144733,5008,21844,15,428,2935                   
2026-10-06T20:29:51.773	TEL,3865,S5,690154733,5008,21844,15,428,2935                   
2026-10-06T20:29:51.773	TEL,3866,S5,690164733,5008,21844,15,428,2935                   
2026-10-06T20:29:51.773	TEL,3867,S5,690174733,5008,21844,15,428,2935                   
2026-10-06T20:29:51.773	TEL,3868,S5,690184733,5008,21844,15,428,2935                   
2026-10-06T20:29:51.773	TEL,3869,S5,690194733,5008,21844,15,428,2935                   
2026-10-06T20:29:51.773	TEL,3870,S5,690204733,5008,21844,15,428,2935                   
2026-10-06T20:29:51.773	TEL,3871,S5,690214733,5008,21844,15,425,2933                   
2026-10-06T20:29:51.773	TEL,3872,S5,690224733,5008,21844,15,419,2933                   
2026-10-06T20:29:51.773	TEL,3873,S5,690234733,5008,21844,15,422,2935                   
2026-10-06T20:29:51.773	TEL,3874,S5,690244733,5008,21844,15,428,2935                   
2026-10-06T20:29:51.773	TEL,3875,S5,690254733,5008,21844,15,428,2935                   
2026-10-06T20:29:51.773	TEL,3876,S5,690264733,5008,21844,15,428,2935                   
2026-10-06T20:29:51.773	TEL,3877,S5,690274733,5008,21844,15,428,2935                   
2026-10-06T20:29:51.773	TEL,3878,S5,690284733,5008,21844,15,425,2935                   
2026-10-06T20:29:51.773	TEL,3879,S5,690294733,5008,21844,15,425,2935                   
2026-10-06T20:29:51.773	TEL,3880,S5,690304733,5008,21844,15,428,2935                   
2026-10-06T20:29:51.773	TEL,3881,S5,690314733,5008,21844,15,428,2935                   
2026-10-06T20:29:51.773	TEL,3882,S5,690324733,5008,21844,15,422,2935                   
2026-10-06T20:29:51.773	TEL,3883,S5,690334733,5008,21844,15,422,2935                   
2026-10-06T20:29:51.773	TEL,3884,S5,690344733,5008,21844,15,428,2935                   
2026-10-06T20:29:51.773	TEL,3885,S5,690354733,5008,21844,15,422,2932                   
2026-10-06T20:29:51.773	TEL,3886,S5,690364733,5008,21844,15,419,2932                   
2026-10-06T20:29:51.773	TEL,3887,S5,690374733,5008,21844,15,425,2935                   
2026-10-06T20:29:51.773	TEL,3888,S5,690384733,5008,21844,15,416,2935                   
2026-10-06T20:29:51.773	TEL,3889,S5,690394733,5008,21844,15,413,2932                   
2026-10-06T20:29:51.773	TEL,3890,S5,690404733,5008,21844,15,419,2932                   
2026-10-06T20:29:51.773	TEL,3891,S5,690414733,5008,21844,15,425,2935                   
2026-10-06T20:29:52.392	TEL,3892,S5,690424733,5008,21844,15,416,2935                   
2026-10-06T20:29:52.392	TEL,3893,S5,690434733,5008,21844,15,410,2930                   
2026-10-06T20:29:52.392	TEL,3894,S5,690444733,5008,21844,15,416,2930                   
2026-10-06T20:29:52.392	TEL,3895,S5,690454733,5008,21844,15,416,2930                   
2026-10-06T20:29:52.392	TEL,3896,S5,690464733,5008,21844,15,419,2930                   
2026-10-06T20:29:52.392	TEL,3897,S5,690474733,5008,21844,15,425,2935                   
2026-10-06T20:29:52.392	TEL,3898,S5,690484733,5008,21844,15,428,2935                   
2026-10-06T20:29:52.392	TEL,3899,S5,690494733,5008,21844,15,428,2935                   
2026-10-06T20:29:52.392	TEL,3900,S5,690504733,5008,21844,15,428,2935                   
2026-10-06T20:29:52.392	TEL,3901,S5,690514733,5008,21844,15,425,2932                   
2026-10-06T20:29:52.392	BTN,48,S5,PRESSED,690667146,690667153                          
2026-10-06T20:29:52.392	TEL,3902,S5,690524733,5008,21844,15,422,2932                   
2026-10-06T20:29:52.392	TEL,3903,S5,690534733,5008,21844,15,428,2935                   
2026-10-06T20:29:52.392	TEL,3904,S5,690544733,5008,21844,15,428,2935                   
2026-10-06T20:29:52.392	TEL,3905,S5,690554733,5008,21844,15,422,2932                   
2026-10-06T20:29:52.392	TEL,3906,S5,690564733,5008,21844,15,416,2932                   
2026-10-06T20:29:52.392	TEL,3907,S5,690574733,5008,21844,15,416,2932                   
2026-10-06T20:29:52.392	TEL,3908,S5,690584733,5008,21844,15,422,2932                   
2026-10-06T20:29:52.392	TEL,3909,S5,690594733,5008,21844,15,422,2932                   
2026-10-06T20:29:52.392	TEL,3910,S5,690604733,5008,21844,15,419,2932                   
2026-10-06T20:29:52.392	TEL,3911,S5,690614733,5008,21844,15,422,2935                   
2026-10-06T20:29:52.392	TEL,3912,S5,690624733,5008,21844,15,428,2935                   
2026-10-06T20:29:52.392	TEL,3913,S5,690634733,5008,21844,15,430,2939                   
2026-10-06T20:29:52.392	TEL,3914,S5,690644733,5008,21844,15,428,2939                   
2026-10-06T20:29:52.392	TEL,3915,S5,690654733,5008,21844,15,419,2932                   
2026-10-06T20:29:52.392	TEL,3916,S5,690664733,5008,21844,15,422,2932                   
2026-10-06T20:29:52.392	TEL,3917,S5,690674733,5008,21844,15,422,2932                   
2026-10-06T20:29:52.392	TEL,3919,S5,690694733,5008,21844,15,425,2937                   
2026-10-06T20:29:52.392	TEL,3920,S5,690704733,5008,21844,15,428,2937                   
2026-10-06T20:29:52.392	TEL,3921,S5,690714733,5008,21844,15,428,2935                   
2026-10-06T20:29:52.392	TEL,3922,S5,690724733,5008,21844,15,425,2935                   
2026-10-06T20:29:52.392	TEL,3923,S5,690734733,5008,21844,15,425,2935                   
2026-10-06T20:29:52.392	TEL,3924,S5,690744733,5008,21844,15,428,2935                   
2026-10-06T20:29:52.392	TEL,3925,S5,690754733,5008,21844,15,428,2935                   
2026-10-06T20:29:52.392	TEL,3926,S5,690764733,5008,21844,15,425,2935                   
2026-10-06T20:29:52.392	TEL,3927,S5,690774733,5008,21844,15,425,2935                   
2026-10-06T20:29:52.392	TEL,3928,S5,690784733,5008,21844,15,425,2935                   
2026-10-06T20:29:52.392	TEL,3929,S5,690794733,5008,21844,15,425,2935                   
2026-10-06T20:29:52.392	TEL,3930,S5,690804733,5008,21844,15,428,2935                   
2026-10-06T20:29:52.392	TEL,3931,S5,690814733,5008,21844,15,422,2932                   
2026-10-06T20:29:52.392	TEL,3932,S5,690824733,5008,21844,15,422,2932                   
2026-10-06T20:29:52.392	TEL,3933,S5,690834733,5008,21844,15,428,2935                   
2026-10-06T20:29:52.392	TEL,3934,S5,690844733,5008,21844,15,428,2935                   
2026-10-06T20:29:52.392	TEL,3935,S5,690854733,5008,21844,15,428,2935                   
2026-10-06T20:29:52.392	TEL,3936,S5,690864733,5008,21844,15,430,2935                   
2026-10-06T20:29:52.392	TEL,3937,S5,690874733,5008,21844,15,430,2935                   
2026-10-06T20:29:52.392	TEL,3938,S5,690884733,5008,21844,15,425,2935                   
2026-10-06T20:29:52.392	TEL,3939,S5,690894733,5008,21844,15,425,2935                   
2026-10-06T20:29:52.392	TEL,3940,S5,690904733,5008,21844,15,433,2935                   
2026-10-06T20:29:52.392	TEL,3941,S5,690914733,5008,21844,15,433,2935                   
2026-10-06T20:29:52.392	TEL,3942,S5,690924733,5008,21844,15,428,2935                   
2026-10-06T20:29:52.392	TEL,3943,S5,690934733,5008,21844,15,422,2932                   
2026-10-06T20:29:52.392	TEL,3944,S5,690944733,5008,21844,15,422,2932                   
2026-10-06T20:29:52.392	TEL,3945,S5,690954733,5008,21844,15,428,2935                   
2026-10-06T20:29:52.392	TEL,3946,S5,690964733,5008,21844,15,428,2935                   
2026-10-06T20:29:52.392	TEL,3947,S5,690974733,5008,21844,15,428,2935                   
2026-10-06T20:29:52.392	TEL,3948,S5,690984733,5008,21844,15,428,2935                   
2026-10-06T20:29:52.392	TEL,3949,S5,690994733,5008,21844,15,425,2933                   
2026-10-06T20:29:52.392	TEL,3950,S5,691004733,5008,21844,15,419,2933                   
2026-10-06T20:29:52.392	TEL,3951,S5,691014733,5008,21844,15,422,2935                   
2026-10-06T20:29:52.392	TEL,3952,S5,691024733,5008,21844,15,428,2935                   
2026-10-06T20:29:52.392	TEL,3953,S5,691034733,5008,21844,15,428,2935                   
2026-10-06T20:29:53.016	TEL,3954,S5,691044733,5008,21844,15,433,2935                   
2026-10-06T20:29:53.016	TEL,3955,S5,691054733,5008,21844,15,430,2932                   
2026-10-06T20:29:53.016	TEL,3956,S5,691064733,5008,21844,15,419,2932                   
2026-10-06T20:29:53.016	TEL,3957,S5,691074733,5008,21844,15,422,2935                   
2026-10-06T20:29:53.016	TEL,3958,S5,691084733,5008,21844,15,428,2935                   
2026-10-06T20:29:53.016	TEL,3959,S5,691094733,5008,21844,15,422,2932                   
2026-10-06T20:29:53.016	TEL,3960,S5,691104733,5008,21844,15,422,2932                   
2026-10-06T20:29:53.016	BTN,49,S5,PRESSED,691264151,691264758                          
2026-10-06T20:29:53.016	TEL,3961,S5,691114733,5008,21844,15,428,2935                   
2026-10-06T20:29:53.016	TEL,3962,S5,691124733,5008,21844,15,428,2935                   
2026-10-06T20:29:53.016	TEL,3963,S5,691134733,5008,21844,15,428,2935                   
2026-10-06T20:29:53.016	TEL,3964,S5,691144733,5008,21844,15,425,2935                   
2026-10-06T20:29:53.016	TEL,3965,S5,691154733,5008,21844,15,425,2935                   
2026-10-06T20:29:53.016	TEL,3966,S5,691164733,5008,21844,15,428,2935                   
2026-10-06T20:29:53.016	TEL,3967,S5,691174733,5008,21844,15,425,2933                   
2026-10-06T20:29:53.016	TEL,3968,S5,691184733,5008,21844,15,425,2933                   
2026-10-06T20:29:53.016	TEL,3969,S5,691194733,5008,21844,15,422,2932                   
2026-10-06T20:29:53.016	TEL,3970,S5,691204733,5008,21844,15,428,2932                   
2026-10-06T20:29:53.016	TEL,3971,S5,691214733,5008,21844,15,430,2935                   
2026-10-06T20:29:53.016	TEL,3972,S5,691224733,5008,21844,15,428,2935                   
2026-10-06T20:29:53.016	TEL,3973,S5,691234733,5008,21844,15,428,2935                   
2026-10-06T20:29:53.016	TEL,3974,S5,691244733,5008,21844,15,425,2935                   
2026-10-06T20:29:53.016	TEL,3975,S5,691254733,5008,21844,15,425,2935                   
2026-10-06T20:29:53.016	TEL,3976,S5,691264739,5014,21844,15,428,2935                   
2026-10-06T20:29:53.016	TEL,3978,S5,691284733,5008,21844,15,413,2927                   
2026-10-06T20:29:53.016	TEL,3979,S5,691294733,5008,21844,15,416,2930                   
2026-10-06T20:29:53.016	TEL,3980,S5,691304733,5008,21844,15,425,2930                   
2026-10-06T20:29:53.016	TEL,3981,S5,691314733,5008,21844,15,425,2932                   
2026-10-06T20:29:53.016	TEL,3982,S5,691324733,5008,21844,15,422,2932                   
2026-10-06T20:29:53.016	TEL,3983,S5,691334733,5008,21844,15,422,2932                   
2026-10-06T20:29:53.016	TEL,3984,S5,691344733,5008,21844,15,422,2932                   
2026-10-06T20:29:53.016	TEL,3985,S5,691354733,5008,21844,15,428,2935                   
2026-10-06T20:29:53.016	TEL,3986,S5,691364733,5008,21844,15,422,2935                   
2026-10-06T20:29:53.016	TEL,3987,S5,691374733,5008,21844,15,422,2935                   
2026-10-06T20:29:53.016	TEL,3988,S5,691384733,5008,21844,15,425,2935                   
2026-10-06T20:29:53.016	TEL,3989,S5,691394733,5008,21844,15,425,2935                   
2026-10-06T20:29:53.016	TEL,3990,S5,691404733,5008,21844,15,425,2935                   
2026-10-06T20:29:53.016	TEL,3991,S5,691414733,5008,21844,15,425,2935                   
2026-10-06T20:29:53.016	TEL,3992,S5,691424733,5008,21844,15,428,2935                   
2026-10-06T20:29:53.016	TEL,3993,S5,691434733,5008,21844,15,428,2935                   
2026-10-06T20:29:53.016	TEL,3994,S5,691444733,5008,21844,15,422,2935                   
2026-10-06T20:29:53.016	TEL,3995,S5,691454733,5008,21844,15,419,2932                   
2026-10-06T20:29:53.016	TEL,3996,S5,691464733,5008,21844,15,428,2932                   
2026-10-06T20:29:53.016	TEL,3997,S5,691474733,5008,21844,15,430,2935                   
2026-10-06T20:29:53.016	TEL,3998,S5,691484733,5008,21844,15,425,2935                   
2026-10-06T20:29:53.016	TEL,3999,S5,691494733,5008,21844,15,416,2928                   
2026-10-06T20:29:53.016	TEL,4000,S5,691504733,5008,21844,15,428,2928                   
2026-10-06T20:29:53.016	TEL,4001,S5,691514733,5008,21844,15,433,2935                   
2026-10-06T20:29:53.016	TEL,4002,S5,691524733,5008,21844,15,428,2935                   
2026-10-06T20:29:53.016	TEL,4003,S5,691534733,5008,21844,15,428,2935                   
2026-10-06T20:29:53.016	TEL,4004,S5,691544733,5008,21844,15,425,2935                   
2026-10-06T20:29:53.016	TEL,4005,S5,691554733,5008,21844,15,419,2932                   
2026-10-06T20:29:53.016	TEL,4006,S5,691564733,5008,21844,15,422,2932                   
2026-10-06T20:29:53.016	TEL,4007,S5,691574733,5008,21844,15,428,2935                   
2026-10-06T20:29:53.016	TEL,4008,S5,691584733,5008,21844,15,425,2935                   
2026-10-06T20:29:53.016	TEL,4009,S5,691594733,5008,21844,15,425,2935                   
2026-10-06T20:29:53.016	TEL,4010,S5,691604733,5008,21844,15,428,2935                   
2026-10-06T20:29:53.016	TEL,4011,S5,691614733,5008,21844,15,422,2932                   
2026-10-06T20:29:53.016	TEL,4012,S5,691624733,5008,21844,15,419,2932                   
2026-10-06T20:29:53.016	TEL,4013,S5,691634733,5008,21844,15,419,2932                   
2026-10-06T20:29:53.016	TEL,4014,S5,691644733,5008,21844,15,422,2932                   
2026-10-06T20:29:53.016	TEL,4015,S5,691654733,5008,21844,15,422,2932                   
2026-10-06T20:29:53.432	TEL,4016,S5,691664733,5008,21844,15,422,2932                   
2026-10-06T20:29:53.433	TEL,4017,S5,691674733,5008,21844,15,428,2935                   
2026-10-06T20:29:53.433	TEL,4018,S5,691684733,5008,21844,15,428,2935                   
2026-10-06T20:29:53.433	TEL,4019,S5,691694733,5008,21844,15,428,2935                   
2026-10-06T20:29:53.433	TEL,4020,S5,691704733,5008,21844,15,428,2935                   
2026-10-06T20:29:53.433	TEL,4021,S5,691714733,5008,21844,15,422,2932                   
2026-10-06T20:29:53.433	TEL,4022,S5,691724733,5008,21844,15,422,2932                   
2026-10-06T20:29:53.433	TEL,4023,S5,691734733,5008,21844,15,428,2935                   
2026-10-06T20:29:53.433	TEL,4024,S5,691744733,5008,21844,15,433,2935                   
2026-10-06T20:29:53.433	TEL,4025,S5,691754733,5008,21844,15,433,2935                   
2026-10-06T20:29:53.433	TEL,4026,S5,691764733,5008,21844,15,419,2935                   
2026-10-06T20:29:53.433	TEL,4027,S5,691774733,5008,21844,15,419,2935                   
2026-10-06T20:29:53.433	TEL,4028,S5,691784733,5008,21844,15,428,2935                   
2026-10-06T20:29:53.433	TEL,4029,S5,691794733,5008,21844,15,425,2932                   
2026-10-06T20:29:53.433	TEL,4030,S5,691804733,5008,21844,15,422,2932                   
2026-10-06T20:29:53.433	BTN,50,S5,PRESSED,691957157,691957164                          
2026-10-06T20:29:53.433	TEL,4031,S5,691814733,5008,21844,15,428,2935                   
2026-10-06T20:29:53.433	TEL,4032,S5,691824733,5008,21844,15,428,2935                   
2026-10-06T20:29:53.433	TEL,4033,S5,691834733,5008,21844,15,428,2935                   
2026-10-06T20:29:53.433	TEL,4034,S5,691844733,5008,21844,15,425,2935                   
2026-10-06T20:29:53.433	TEL,4035,S5,691854733,5008,21844,15,425,2935                   
2026-10-06T20:29:53.433	TEL,4036,S5,691864733,5008,21844,15,436,2935                   
2026-10-06T20:29:53.433	TEL,4037,S5,691874733,5008,21844,15,433,2933                   
2026-10-06T20:29:53.433	TEL,4038,S5,691884733,5008,21844,15,422,2933                   
2026-10-06T20:29:53.433	TEL,4039,S5,691894733,5008,21844,15,419,2932                   
2026-10-06T20:29:53.433	TEL,4040,S5,691904733,5008,21844,15,419,2932                   
2026-10-06T20:29:53.433	TEL,4041,S5,691914733,5008,21844,15,419,2932                   
2026-10-06T20:29:53.433	TEL,4042,S5,691924733,5008,21844,15,422,2932                   
2026-10-06T20:29:53.433	TEL,4043,S5,691934733,5008,21844,15,428,2935                   
2026-10-06T20:29:53.433	TEL,4044,S5,691944733,5008,21844,15,422,2935                   
2026-10-06T20:29:53.433	TEL,4045,S5,691954733,5008,21844,15,422,2935                   
2026-10-06T20:29:53.433	TEL,4046,S5,691964733,5008,21844,15,425,2935                   
2026-10-06T20:29:53.433	ACK,STOP,S5
2026-10-06T20:29:53.433	LOG,S5,1,657113893,657114758,657114767,657114787,657120342,ok
2026-10-06T20:29:53.433	LOG,S5,2,657798899,657798906,657798915,657804759,657810313,ok
2026-10-06T20:29:53.433	LOG,S5,3,658457904,658457911,658457921,658464759,658470314,ok
2026-10-06T20:29:53.433	LOG,S5,4,659208910,659208917,659208926,659214759,659220310,ok
2026-10-06T20:29:53.433	LOG,S5,5,660075915,660075922,660075932,660084759,660090314,ok
2026-10-06T20:29:53.433	LOG,S5,6,660727921,660727928,660727937,660734759,660740314,ok
2026-10-06T20:29:53.433	LOG,S5,7,661475926,661475933,661475943,661484759,661490310,ok
2026-10-06T20:29:53.433	LOG,S5,8,662247932,662247939,662247948,662254759,662260308,ok
2026-10-06T20:29:53.433	LOG,S5,9,662916937,662916944,662916954,662924759,662930311,ok
2026-10-06T20:29:53.433	LOG,S5,10,663645943,663645950,663645959,663654759,663660313,ok
2026-10-06T20:29:53.433	LOG,S5,11,664427948,664427955,664427965,664434759,664440313,ok
2026-10-06T20:29:53.433	LOG,S5,12,665194953,665194961,665194970,665204759,665210312,ok
2026-10-06T20:29:53.433	LOG,S5,13,665869959,665874758,665874767,665874787,665880340,ok
2026-10-06T20:29:53.433	LOG,S5,14,666531964,666534758,666534768,666534787,666540342,ok
2026-10-06T20:29:53.433	LOG,S5,15,667196970,667196977,667196986,667204759,667210310,ok
2026-10-06T20:29:53.433	LOG,S5,16,667827975,667827982,667827992,667834759,667840316,ok
2026-10-06T20:29:53.433	LOG,S5,17,668486980,668486988,668486997,668494759,668500308,ok
2026-10-06T20:29:53.433	LOG,S5,18,669238986,669238993,669239003,669244759,669250313,ok
2026-10-06T20:29:53.433	LOG,S5,19,670000991,670004758,670004768,670004787,670010345,ok
2026-10-06T20:29:53.433	LOG,S5,20,670891997,670894758,670894768,670894787,670900342,ok
2026-10-06T20:29:53.433	LOG,S5,21,671432002,671434758,671434768,671434787,671440345,ok
2026-10-06T20:29:53.433	LOG,S5,22,672037007,672037014,672037024,672044759,672050314,ok
2026-10-06T20:29:53.433	LOG,S5,23,672747013,672747020,672747029,672754759,672760313,ok
2026-10-06T20:29:53.433	LOG,S5,24,673643018,673644758,673644767,673644787,673650345,ok
2026-10-06T20:29:53.433	LOG,S5,25,674270023,674274758,674274767,674274787,674280342,ok
2026-10-06T20:29:53.433	LOG,S5,26,674898029,674898036,674898045,674904759,674910314,ok
2026-10-06T20:29:53.433	LOG,S5,27,675564034,675564758,675564767,675564787,675570341,ok
2026-10-06T20:29:53.433	LOG,S5,28,676228039,676228047,676228056,676234759,676240309,ok
2026-10-06T20:29:53.433	LOG,S5,29,677089045,677089052,677089062,677094759,677100311,ok
2026-10-06T20:29:53.433	LOG,S5,30,677733050,677734758,677734768,677734787,677740344,ok
2026-10-06T20:29:53.588	LOG,S5,31,678595056,678595063,678595072,678604759,678610313,ok
2026-10-06T20:29:53.588	LOG,S5,32,679373061,679374758,679374768,679374787,679380338,ok
2026-10-06T20:29:53.588	LOG,S5,33,680217066,680217074,680217083,680224759,680230312,ok
2026-10-06T20:29:53.588	LOG,S5,34,680874072,680874758,680874768,680874787,680880338,ok
2026-10-06T20:29:53.588	LOG,S5,35,681380077,681384758,681384767,681384787,681390337,ok
2026-10-06T20:29:53.588	LOG,S5,36,682083082,682084758,682084767,682084787,682090344,ok
2026-10-06T20:29:53.588	LOG,S5,37,682805088,682805095,682805104,682814759,682820311,ok
2026-10-06T20:29:53.588	LOG,S5,38,683511093,683514758,683514768,683514787,683520344,ok
2026-10-06T20:29:53.588	LOG,S5,39,684223098,684224758,684224767,684224787,684230343,ok
2026-10-06T20:29:53.588	LOG,S5,40,685061104,685064758,685064768,685064787,685070342,ok
2026-10-06T20:29:53.588	LOG,S5,41,685630109,685634758,685634767,685634787,685640340,ok
2026-10-06T20:29:53.588	LOG,S5,42,686372114,686374758,686374768,686374787,686380344,ok
2026-10-06T20:29:53.588	LOG,S5,43,686932120,686934758,686934768,686934787,686940340,ok
2026-10-06T20:29:53.588	LOG,S5,44,687564125,687564758,687564768,687564787,687570338,ok
2026-10-06T20:29:53.588	LOG,S5,45,688283130,688284758,688284767,688284787,688290338,ok
2026-10-06T20:29:53.588	LOG,S5,46,689124135,689124758,689124768,689124787,689130338,ok
2026-10-06T20:29:53.588	LOG,S5,47,689950141,689954758,689954767,689954787,689960344,ok
2026-10-06T20:29:53.588	LOG,S5,48,690667146,690667153,690667162,690674759,690680310,ok
2026-10-06T20:29:53.588	LOG,S5,49,691264151,691264758,691264768,691264787,691270337,ok
2026-10-06T20:29:53.588	LOG,S5,50,691957157,691957164,691957173,691964762,691970318,ok
2026-10-06T20:29:53.588	CNT,accepted,50
2026-10-06T20:29:53.588	CNT,logged,50
2026-10-06T20:29:53.588	CNT,bounce_rejected,0
2026-10-06T20:29:53.588	CNT,ignored,0
2026-10-06T20:29:53.588	CNT,btn_q_drop,0
2026-10-06T20:29:53.588	CNT,btn_tx_drop,0
2026-10-06T20:29:53.588	CNT,tel_sent,4012
2026-10-06T20:29:53.588	CNT,tel_tx_drop,35
2026-10-06T20:29:53.588	CNT,tx_error,0
2026-10-06T20:29:53.588	CNT,tx_timeout,0
2026-10-06T20:29:53.588	CNT,log_overflow,0
2026-10-06T20:29:53.588	CNT,fmt_error,0
2026-10-06T20:29:53.588	CNT,tel_period_min_us,9855
2026-10-06T20:29:53.588	CNT,tel_period_max_us,10000
2026-10-06T20:29:53.588	CNT,work_min_us,5003
2026-10-06T20:29:53.588	CNT,work_max_us,5014
2026-10-06T20:29:53.588	CNT,hwm_telemetry_w,187
2026-10-06T20:29:53.588	CNT,hwm_uarttx_w,265
2026-10-06T20:29:53.588	CNT,heap_free_min_b,17512
2026-10-06T20:29:53.588	INF,variant,B
2026-10-06T20:29:53.588	INF,source,INJ
2026-10-06T20:29:53.588	INF,events,50
2026-10-06T20:29:53.588	END,DUMP,S5
