# pc_rx_time yaln?zca bilgi ama?l?d?r; gecikme hesab?nda KULLANILMAZ.
2026-10-06T20:31:15.714	ACK,START,S2,C,INJ,50
2026-10-06T20:31:15.730	TEL,1,S2,774514878,0,0,0,430,2935                              
2026-10-06T20:31:15.746	TEL,2,S2,774534724,0,0,0,436,2935                              
2026-10-06T20:31:15.768	TEL,3,S2,774554724,0,0,0,433,2932                              
2026-10-06T20:31:15.784	TEL,4,S2,774574724,0,0,0,439,2932                              
2026-10-06T20:31:15.809	TEL,5,S2,774594724,0,0,0,439,2933                              
2026-10-06T20:31:15.824	TEL,6,S2,774614724,0,0,0,439,2933                              
2026-10-06T20:31:15.848	TEL,7,S2,774634724,0,0,0,439,2933                              
2026-10-06T20:31:15.864	TEL,8,S2,774654724,0,0,0,439,2933                              
2026-10-06T20:31:15.883	TEL,9,S2,774674724,0,0,0,439,2933                              
2026-10-06T20:31:15.903	TEL,10,S2,774694725,0,0,0,436,2933                             
2026-10-06T20:31:15.925	TEL,11,S2,774714725,0,0,0,433,2928                             
2026-10-06T20:31:15.945	TEL,12,S2,774734725,0,0,0,436,2928                             
2026-10-06T20:31:15.969	TEL,13,S2,774754725,0,0,0,436,2928                             
2026-10-06T20:31:15.984	TEL,14,S2,774774725,0,0,0,448,2928                             
2026-10-06T20:31:16.008	TEL,15,S2,774794725,0,0,0,451,2930                             
2026-10-06T20:31:16.021	TEL,16,S2,774814725,0,0,0,454,2930                             
2026-10-06T20:31:16.049	TEL,17,S2,774834725,0,0,0,451,2925                             
2026-10-06T20:31:16.062	TEL,18,S2,774854725,0,0,0,436,2925                             
2026-10-06T20:31:16.089	TEL,19,S2,774874725,0,0,0,442,2932                             
2026-10-06T20:31:16.102	TEL,20,S2,774894725,0,0,0,445,2932                             
2026-10-06T20:31:16.130	TEL,21,S2,774914725,0,0,0,442,2928                             
2026-10-06T20:31:16.143	TEL,22,S2,774934725,0,0,0,433,2928                             
2026-10-06T20:31:16.169	TEL,23,S2,774954725,0,0,0,436,2932                             
2026-10-06T20:31:16.185	TEL,24,S2,774974725,0,0,0,436,2932                             
2026-10-06T20:31:16.209	TEL,25,S2,774994725,0,0,0,433,2930                             
2026-10-06T20:31:16.224	TEL,26,S2,775014725,0,0,0,451,2930                             
2026-10-06T20:31:16.249	TEL,27,S2,775034725,0,0,0,448,2928                             
2026-10-06T20:31:16.265	TEL,28,S2,775054725,0,0,0,439,2928                             
2026-10-06T20:31:16.290	TEL,29,S2,775074725,0,0,0,439,2928                             
2026-10-06T20:31:16.303	TEL,30,S2,775094725,0,0,0,442,2928                             
2026-10-06T20:31:16.329	TEL,31,S2,775114725,0,0,0,439,2925                             
2026-10-06T20:31:16.342	TEL,32,S2,775134725,0,0,0,428,2925                             
2026-10-06T20:31:16.370	TEL,33,S2,775154725,0,0,0,433,2932                             
2026-10-06T20:31:16.385	TEL,34,S2,775174725,0,0,0,451,2932                             
2026-10-06T20:31:16.406	TEL,35,S2,775194725,0,0,0,454,2935                             
2026-10-06T20:31:16.425	TEL,36,S2,775214725,0,0,0,445,2935                             
2026-10-06T20:31:16.446	TEL,37,S2,775234725,0,0,0,436,2928                             
2026-10-06T20:31:16.465	TEL,38,S2,775254725,0,0,0,436,2928                             
2026-10-06T20:31:16.482	TEL,39,S2,775274725,0,0,0,439,2930                             
2026-10-06T20:31:16.505	TEL,40,S2,775294725,0,0,0,439,2930                             
2026-10-06T20:31:16.529	TEL,41,S2,775314725,0,0,0,442,2932                             
2026-10-06T20:31:16.546	TEL,42,S2,775334725,0,0,0,436,2932                             
2026-10-06T20:31:16.563	TEL,43,S2,775354725,0,0,0,433,2928                             
2026-10-06T20:31:16.585	TEL,44,S2,775374725,0,0,0,445,2928                             
2026-10-06T20:31:16.601	TEL,45,S2,775394725,0,0,0,448,2932                             
2026-10-06T20:31:16.625	TEL,46,S2,775414725,0,0,0,436,2932                             
2026-10-06T20:31:16.648	TEL,47,S2,775434725,0,0,0,439,2935                             
2026-10-06T20:31:16.665	TEL,48,S2,775454725,0,0,0,445,2935                             
2026-10-06T20:31:16.686	TEL,49,S2,775474725,0,0,0,442,2932                             
2026-10-06T20:31:16.704	TEL,50,S2,775494725,0,0,0,442,2932                             
2026-10-06T20:31:16.728	TEL,51,S2,775514725,0,0,0,433,2921                             
2026-10-06T20:31:16.745	TEL,52,S2,775534725,0,0,0,433,2921                             
2026-10-06T20:31:16.769	TEL,53,S2,775554725,0,0,0,439,2928                             
2026-10-06T20:31:16.781	TEL,54,S2,775574725,0,0,0,436,2928                             
2026-10-06T20:31:16.809	TEL,55,S2,775594725,0,0,0,439,2930                             
2026-10-06T20:31:16.825	TEL,56,S2,775614725,0,0,0,439,2930                             
2026-10-06T20:31:16.849	TEL,57,S2,775634725,0,0,0,436,2928                             
2026-10-06T20:31:16.865	TEL,58,S2,775654725,0,0,0,439,2928                             
2026-10-06T20:31:16.889	TEL,59,S2,775674725,0,0,0,433,2921                             
2026-10-06T20:31:16.902	TEL,60,S2,775694725,0,0,0,430,2921                             
2026-10-06T20:31:16.928	TEL,61,S2,775714725,0,0,0,436,2928                             
2026-10-06T20:31:16.945	TEL,62,S2,775734725,0,0,0,454,2928                             
2026-10-06T20:31:16.967	TEL,63,S2,775754725,0,0,0,457,2932                             
2026-10-06T20:31:16.981	TEL,64,S2,775774725,0,0,0,436,2932                             
2026-10-06T20:31:17.008	TEL,65,S2,775794725,0,0,0,436,2933                             
2026-10-06T20:31:17.023	TEL,66,S2,775814725,0,0,0,448,2933                             
2026-10-06T20:31:17.050	TEL,67,S2,775834725,0,0,0,442,2928                             
2026-10-06T20:31:17.062	TEL,68,S2,775854725,0,0,0,436,2928                             
2026-10-06T20:31:17.088	TEL,69,S2,775874725,0,0,0,445,2935                             
2026-10-06T20:31:17.104	TEL,70,S2,775894725,0,0,0,448,2935                             
2026-10-06T20:31:17.128	TEL,71,S2,775914725,0,0,0,439,2928                             
2026-10-06T20:31:17.145	TEL,72,S2,775934725,0,0,0,436,2928                             
2026-10-06T20:31:17.169	TEL,73,S2,775954725,0,0,0,439,2932                             
2026-10-06T20:31:17.184	TEL,74,S2,775974725,0,0,0,442,2932                             
2026-10-06T20:31:17.209	TEL,75,S2,775994725,0,0,0,442,2930                             
2026-10-06T20:31:17.224	TEL,76,S2,776014725,0,0,0,445,2930                             
2026-10-06T20:31:17.248	TEL,77,S2,776034725,0,0,0,442,2928                             
2026-10-06T20:31:17.265	TEL,78,S2,776054725,0,0,0,436,2928                             
2026-10-06T20:31:17.289	TEL,79,S2,776074725,0,0,0,436,2928                             
2026-10-06T20:31:17.305	TEL,80,S2,776094725,0,0,0,442,2928                             
2026-10-06T20:31:17.329	TEL,81,S2,776114725,0,0,0,445,2932                             
2026-10-06T20:31:17.345	TEL,82,S2,776134725,0,0,0,442,2932                             
2026-10-06T20:31:17.367	TEL,83,S2,776154725,0,0,0,442,2932                             
2026-10-06T20:31:17.384	TEL,84,S2,776174725,0,0,0,442,2932                             
2026-10-06T20:31:17.404	TEL,85,S2,776194725,0,0,0,442,2932                             
2026-10-06T20:31:17.425	TEL,86,S2,776214725,0,0,0,442,2932                             
2026-10-06T20:31:17.445	TEL,87,S2,776234725,0,0,0,439,2928                             
2026-10-06T20:31:17.465	TEL,88,S2,776254725,0,0,0,436,2928                             
2026-10-06T20:31:17.487	TEL,89,S2,776274725,0,0,0,439,2930                             
2026-10-06T20:31:17.505	TEL,90,S2,776294725,0,0,0,439,2930                             
2026-10-06T20:31:17.529	TEL,91,S2,776314725,0,0,0,436,2928                             
2026-10-06T20:31:17.544	TEL,92,S2,776334725,0,0,0,433,2928                             
2026-10-06T20:31:17.567	TEL,93,S2,776354725,0,0,0,433,2928                             
2026-10-06T20:31:17.585	TEL,94,S2,776374725,0,0,0,439,2928                             
2026-10-06T20:31:17.601	TEL,95,S2,776394725,0,0,0,442,2932                             
2026-10-06T20:31:17.625	TEL,96,S2,776414725,0,0,0,442,2932                             
2026-10-06T20:31:17.647	TEL,97,S2,776434725,0,0,0,436,2928                             
2026-10-06T20:31:17.665	TEL,98,S2,776454725,0,0,0,442,2928                             
2026-10-06T20:31:17.689	TEL,99,S2,776474725,0,0,0,442,2928                             
2026-10-06T20:31:17.705	TEL,100,S2,776494725,0,0,0,445,2928                            
2026-10-06T20:31:17.729	TEL,101,S2,776514725,0,0,0,445,2928                            
2026-10-06T20:31:17.745	TEL,102,S2,776534725,0,0,0,430,2928                            
2026-10-06T20:31:17.766	TEL,103,S2,776554725,0,0,0,433,2933                            
2026-10-06T20:31:17.781	TEL,104,S2,776574725,0,0,0,448,2933                            
2026-10-06T20:31:17.810	TEL,105,S2,776594725,0,0,0,448,2933                            
2026-10-06T20:31:17.825	TEL,106,S2,776614725,0,0,0,433,2933                            
2026-10-06T20:31:17.842	TEL,107,S2,776634725,0,0,0,433,2932                            
2026-10-06T20:31:17.863	TEL,108,S2,776654725,0,0,0,439,2932                            
2026-10-06T20:31:17.889	TEL,109,S2,776674725,0,0,0,428,2921                            
2026-10-06T20:31:17.905	TEL,110,S2,776694725,0,0,0,428,2921                            
2026-10-06T20:31:17.926	TEL,111,S2,776714725,0,0,0,439,2933                            
2026-10-06T20:31:17.942	TEL,112,S2,776734725,0,0,0,433,2933                            
2026-10-06T20:31:17.969	TEL,113,S2,776754725,0,0,0,433,2932                            
2026-10-06T20:31:17.985	TEL,114,S2,776774725,0,0,0,445,2932                            
2026-10-06T20:31:18.008	TEL,115,S2,776794725,0,0,0,448,2933                            
2026-10-06T20:31:18.023	TEL,116,S2,776814725,0,0,0,439,2933                            
2026-10-06T20:31:18.050	TEL,117,S2,776834725,0,0,0,436,2928                            
2026-10-06T20:31:18.063	TEL,118,S2,776854725,0,0,0,430,2928                            
2026-10-06T20:31:18.089	TEL,119,S2,776874725,0,0,0,422,2921                            
2026-10-06T20:31:18.104	TEL,120,S2,776894725,0,0,0,422,2921                            
2026-10-06T20:31:18.129	TEL,121,S2,776914725,0,0,0,433,2932                            
2026-10-06T20:31:18.145	TEL,122,S2,776934725,0,0,0,439,2932                            
2026-10-06T20:31:18.168	TEL,123,S2,776954725,0,0,0,439,2932                            
2026-10-06T20:31:18.183	TEL,124,S2,776974725,0,0,0,433,2932                            
2026-10-06T20:31:18.211	TEL,125,S2,776994725,0,0,0,433,2932                            
2026-10-06T20:31:18.229	TEL,126,S2,777014725,0,0,0,439,2932                            
2026-10-06T20:31:18.249	TEL,127,S2,777034725,0,0,0,442,2935                            
2026-10-06T20:31:18.265	TEL,128,S2,777054725,0,0,0,442,2935                            
2026-10-06T20:31:18.290	TEL,129,S2,777074725,0,0,0,442,2935                            
2026-10-06T20:31:18.304	TEL,130,S2,777094725,0,0,0,442,2935                            
2026-10-06T20:31:18.340	TEL,131,S2,777114725,0,0,0,439,2933                            
2026-10-06T20:31:18.345	TEL,132,S2,777134725,0,0,0,439,2933                            
2026-10-06T20:31:18.362	TEL,133,S2,777154725,0,0,0,439,2933                            
2026-10-06T20:31:18.384	TEL,134,S2,777174725,0,0,0,442,2933                            
2026-10-06T20:31:18.406	TEL,135,S2,777194725,0,0,0,442,2933                            
2026-10-06T20:31:18.425	TEL,136,S2,777214725,0,0,0,433,2933                            
2026-10-06T20:31:18.447	TEL,137,S2,777234725,0,0,0,436,2935                            
2026-10-06T20:31:18.465	TEL,138,S2,777254725,0,0,0,436,2935                            
2026-10-06T20:31:18.487	TEL,139,S2,777274725,0,0,0,436,2935                            
2026-10-06T20:31:18.505	TEL,140,S2,777294725,0,0,0,442,2935                            
2026-10-06T20:31:18.528	TEL,141,S2,777314725,0,0,0,436,2928                            
2026-10-06T20:31:18.545	TEL,142,S2,777334725,0,0,0,425,2928                            
2026-10-06T20:31:18.562	TEL,143,S2,777354725,0,0,0,430,2933                            
2026-10-06T20:31:18.585	TEL,144,S2,777374725,0,0,0,439,2933                            
2026-10-06T20:31:18.606	TEL,145,S2,777394725,0,0,0,436,2930                            
2026-10-06T20:31:18.625	TEL,146,S2,777414725,0,0,0,436,2930                            
2026-10-06T20:31:18.649	TEL,147,S2,777434725,0,0,0,439,2933                            
2026-10-06T20:31:18.665	TEL,148,S2,777454725,0,0,0,433,2933                            
2026-10-06T20:31:18.688	TEL,149,S2,777474725,0,0,0,436,2935                            
2026-10-06T20:31:18.705	TEL,150,S2,777494725,0,0,0,442,2935                            
2026-10-06T20:31:18.729	TEL,151,S2,777514725,0,0,0,439,2932                            
2026-10-06T20:31:18.743	TEL,152,S2,777534725,0,0,0,436,2932                            
2026-10-06T20:31:18.766	TEL,153,S2,777554725,0,0,0,439,2935                            
2026-10-06T20:31:18.785	TEL,154,S2,777574725,0,0,0,448,2935                            
2026-10-06T20:31:18.809	TEL,155,S2,777594725,0,0,0,439,2928                            
2026-10-06T20:31:18.821	TEL,156,S2,777614725,0,0,0,425,2928                            
2026-10-06T20:31:18.850	TEL,157,S2,777634725,0,0,0,430,2935                            
2026-10-06T20:31:18.866	TEL,158,S2,777654725,0,0,0,442,2935                            
2026-10-06T20:31:18.890	TEL,159,S2,777674725,0,0,0,442,2935                            
2026-10-06T20:31:18.907	TEL,160,S2,777694725,0,0,0,451,2935                            
2026-10-06T20:31:18.929	TEL,161,S2,777714725,0,0,0,436,2921                            
2026-10-06T20:31:18.945	TEL,162,S2,777734725,0,0,0,430,2921                            
2026-10-06T20:31:18.970	TEL,163,S2,777754725,0,0,0,442,2932                            
2026-10-06T20:31:18.984	TEL,164,S2,777774725,0,0,0,448,2932                            
2026-10-06T20:31:19.009	TEL,165,S2,777794725,0,0,0,451,2933                            
2026-10-06T20:31:19.025	TEL,166,S2,777814725,0,0,0,433,2933                            
2026-10-06T20:31:19.049	TEL,167,S2,777834725,0,0,0,436,2935                            
2026-10-06T20:31:19.066	TEL,168,S2,777854725,0,0,0,436,2935                            
2026-10-06T20:31:19.089	TEL,169,S2,777874725,0,0,0,433,2933                            
2026-10-06T20:31:19.101	TEL,170,S2,777894725,0,0,0,448,2933                            
2026-10-06T20:31:19.129	TEL,171,S2,777914725,0,0,0,436,2921                            
2026-10-06T20:31:19.144	TEL,172,S2,777934725,0,0,0,419,2921                            
2026-10-06T20:31:19.168	TEL,173,S2,777954725,0,0,0,428,2932                            
2026-10-06T20:31:19.185	TEL,174,S2,777974725,0,0,0,445,2932                            
2026-10-06T20:31:19.209	TEL,175,S2,777994725,0,0,0,445,2932                            
2026-10-06T20:31:19.225	TEL,176,S2,778014725,0,0,0,439,2932                            
2026-10-06T20:31:19.248	TEL,177,S2,778034725,0,0,0,439,2932                            
2026-10-06T20:31:19.263	TEL,178,S2,778054725,0,0,0,433,2932                            
2026-10-06T20:31:19.289	TEL,179,S2,778074725,0,0,0,433,2933                            
2026-10-06T20:31:19.304	TEL,180,S2,778094725,0,0,0,439,2933                            
2026-10-06T20:31:19.328	TEL,181,S2,778114725,0,0,0,439,2932                            
2026-10-06T20:31:19.345	TEL,182,S2,778134725,0,0,0,445,2932                            
2026-10-06T20:31:19.369	TEL,183,S2,778154725,0,0,0,445,2930                            
2026-10-06T20:31:19.384	TEL,184,S2,778174725,0,0,0,430,2930                            
2026-10-06T20:31:19.404	TEL,185,S2,778194725,0,0,0,433,2932                            
2026-10-06T20:31:19.425	TEL,186,S2,778214725,0,0,0,436,2932                            
2026-10-06T20:31:19.446	TEL,187,S2,778234725,0,0,0,433,2928                            
2026-10-06T20:31:19.465	TEL,188,S2,778254725,0,0,0,425,2928                            
2026-10-06T20:31:19.485	TEL,189,S2,778274725,0,0,0,430,2935                            
2026-10-06T20:31:19.504	TEL,190,S2,778294725,0,0,0,436,2935                            
2026-10-06T20:31:19.529	TEL,191,S2,778314725,0,0,0,433,2932                            
2026-10-06T20:31:19.544	TEL,192,S2,778334725,0,0,0,433,2932                            
2026-10-06T20:31:19.567	TEL,193,S2,778354725,0,0,0,436,2935                            
2026-10-06T20:31:19.585	TEL,194,S2,778374725,0,0,0,430,2935                            
2026-10-06T20:31:19.608	TEL,195,S2,778394725,0,0,0,428,2932                            
2026-10-06T20:31:19.625	TEL,196,S2,778414725,0,0,0,433,2932                            
2026-10-06T20:31:19.649	TEL,197,S2,778434725,0,0,0,436,2935                            
2026-10-06T20:31:19.664	TEL,198,S2,778454725,0,0,0,442,2935                            
2026-10-06T20:31:19.689	TEL,199,S2,778474725,0,0,0,439,2932                            
2026-10-06T20:31:19.704	TEL,200,S2,778494725,0,0,0,439,2932                            
2026-10-06T20:31:19.729	TEL,201,S2,778514725,0,0,0,436,2928                            
2026-10-06T20:31:19.744	TEL,202,S2,778534725,0,0,0,436,2928                            
2026-10-06T20:31:19.768	TEL,203,S2,778554725,0,0,0,439,2932                            
2026-10-06T20:31:19.783	TEL,204,S2,778574725,0,0,0,439,2932                            
2026-10-06T20:31:19.809	TEL,205,S2,778594725,0,0,0,439,2932                            
2026-10-06T20:31:19.824	TEL,206,S2,778614725,0,0,0,439,2932                            
2026-10-06T20:31:19.849	TEL,207,S2,778634725,0,0,0,439,2932                            
2026-10-06T20:31:19.864	TEL,208,S2,778654725,0,0,0,428,2932                            
2026-10-06T20:31:19.889	TEL,209,S2,778674725,0,0,0,428,2932                            
2026-10-06T20:31:19.904	TEL,210,S2,778694725,0,0,0,433,2932                            
2026-10-06T20:31:19.929	TEL,211,S2,778714725,0,0,0,436,2935                            
2026-10-06T20:31:19.943	TEL,212,S2,778734725,0,0,0,436,2935                            
2026-10-06T20:31:19.966	TEL,213,S2,778754725,0,0,0,436,2935                            
2026-10-06T20:31:19.981	TEL,214,S2,778774725,0,0,0,436,2935                            
2026-10-06T20:31:20.008	TEL,215,S2,778794725,0,0,0,436,2935                            
2026-10-06T20:31:20.031	TEL,216,S2,778814725,0,0,0,448,2935                            
2026-10-06T20:31:20.049	TEL,217,S2,778834725,0,0,0,448,2935                            
2026-10-06T20:31:20.061	TEL,218,S2,778854725,0,0,0,451,2935                            
2026-10-06T20:31:20.089	TEL,219,S2,778874725,0,0,0,439,2925                            
2026-10-06T20:31:20.101	TEL,220,S2,778894725,0,0,0,436,2925                            
2026-10-06T20:31:20.129	TEL,221,S2,778914725,0,0,0,442,2932                            
2026-10-06T20:31:20.145	TEL,222,S2,778934725,0,0,0,433,2932                            
2026-10-06T20:31:20.169	TEL,223,S2,778954725,0,0,0,430,2930                            
2026-10-06T20:31:20.185	TEL,224,S2,778974725,0,0,0,430,2930                            
2026-10-06T20:31:20.209	TEL,225,S2,778994725,0,0,0,433,2933                            
2026-10-06T20:31:20.221	TEL,226,S2,779014725,0,0,0,439,2933                            
2026-10-06T20:31:20.249	TEL,227,S2,779034725,0,0,0,439,2932                            
2026-10-06T20:31:20.263	TEL,228,S2,779054725,0,0,0,433,2932                            
2026-10-06T20:31:20.289	TEL,229,S2,779074725,0,0,0,433,2933                            
2026-10-06T20:31:20.302	TEL,230,S2,779094725,0,0,0,433,2933                            
2026-10-06T20:31:20.330	TEL,231,S2,779114725,0,0,0,433,2932                            
2026-10-06T20:31:20.343	TEL,232,S2,779134725,0,0,0,445,2932                            
2026-10-06T20:31:20.370	TEL,233,S2,779154725,0,0,0,445,2930                            
2026-10-06T20:31:20.383	TEL,234,S2,779174725,0,0,0,436,2930                            
2026-10-06T20:31:20.404	TEL,235,S2,779194725,0,0,0,439,2933                            
2026-10-06T20:31:20.425	TEL,236,S2,779214725,0,0,0,439,2933                            
2026-10-06T20:31:20.449	TEL,237,S2,779234725,0,0,0,439,2932                            
2026-10-06T20:31:20.464	TEL,238,S2,779254725,0,0,0,445,2932                            
2026-10-06T20:31:20.487	TEL,239,S2,779274725,0,0,0,448,2933                            
2026-10-06T20:31:20.504	TEL,240,S2,779294725,0,0,0,439,2933                            
2026-10-06T20:31:20.522	TEL,241,S2,779314725,0,0,0,439,2932                            
2026-10-06T20:31:20.544	TEL,242,S2,779334725,0,0,0,433,2932                            
2026-10-06T20:31:20.570	TEL,243,S2,779354725,0,0,0,433,2933                            
2026-10-06T20:31:20.585	TEL,244,S2,779374725,0,0,0,433,2933                            
2026-10-06T20:31:20.603	TEL,245,S2,779394725,0,0,0,422,2921                            
2026-10-06T20:31:20.625	TEL,246,S2,779414725,0,0,0,436,2921                            
2026-10-06T20:31:20.645	TEL,247,S2,779434725,0,0,0,445,2930                            
2026-10-06T20:31:20.664	TEL,248,S2,779454725,0,0,0,442,2930                            
2026-10-06T20:31:20.684	TEL,249,S2,779474725,0,0,0,442,2932                            
2026-10-06T20:31:20.705	TEL,250,S2,779494725,0,0,0,433,2932                            
2026-10-06T20:31:20.728	TEL,251,S2,779514725,0,0,0,428,2925                            
2026-10-06T20:31:20.744	TEL,252,S2,779534725,0,0,0,439,2925                            
2026-10-06T20:31:20.769	TEL,253,S2,779554725,0,0,0,448,2933                            
2026-10-06T20:31:20.782	TEL,254,S2,779574725,0,0,0,433,2933                            
2026-10-06T20:31:20.810	TEL,255,S2,779594725,0,0,0,433,2932                            
2026-10-06T20:31:20.822	TEL,256,S2,779614725,0,0,0,445,2932                            
2026-10-06T20:31:20.842	TEL,257,S2,779634725,0,0,0,442,2928                            
2026-10-06T20:31:20.861	TEL,258,S2,779654725,0,0,0,436,2928                            
2026-10-06T20:31:20.883	TEL,259,S2,779674725,0,0,0,436,2930                            
2026-10-06T20:31:20.904	TEL,260,S2,779694725,0,0,0,430,2930                            
2026-10-06T20:31:20.928	TEL,261,S2,779714725,0,0,0,433,2933                            
2026-10-06T20:31:20.942	TEL,262,S2,779734725,0,0,0,436,2933                            
2026-10-06T20:31:20.967	TEL,263,S2,779754725,0,0,0,436,2933                            
2026-10-06T20:31:20.982	TEL,264,S2,779774725,0,0,0,445,2933                            
2026-10-06T20:31:21.008	TEL,265,S2,779794725,0,0,0,448,2935                            
2026-10-06T20:31:21.024	TEL,266,S2,779814725,0,0,0,430,2935                            
2026-10-06T20:31:21.049	TEL,267,S2,779834725,0,0,0,422,2925                            
2026-10-06T20:31:21.063	TEL,268,S2,779854725,0,0,0,428,2925                            
2026-10-06T20:31:21.089	TEL,269,S2,779874725,0,0,0,430,2930                            
2026-10-06T20:31:21.102	TEL,270,S2,779894725,0,0,0,430,2930                            
2026-10-06T20:31:21.129	TEL,271,S2,779914725,0,0,0,433,2933                            
2026-10-06T20:31:21.144	TEL,272,S2,779934725,0,0,0,433,2933                            
2026-10-06T20:31:21.168	TEL,273,S2,779954725,0,0,0,433,2932                            
2026-10-06T20:31:21.185	TEL,274,S2,779974725,0,0,0,433,2932                            
2026-10-06T20:31:21.227	TEL,275,S2,779994725,0,0,0,430,2928                            
2026-10-06T20:31:21.227	BTN,1,S2,PRESSED,780004865,780004872                           
2026-10-06T20:31:21.227	TEL,276,S2,780014725,0,0,0,436,2928                            
2026-10-06T20:31:21.245	TEL,277,S2,780034725,0,0,0,436,2928                            
2026-10-06T20:31:21.268	TEL,278,S2,780054725,0,0,0,445,2928                            
2026-10-06T20:31:21.284	TEL,279,S2,780074725,0,0,0,448,2932                            
2026-10-06T20:31:21.310	TEL,280,S2,780094725,0,0,0,439,2932                            
2026-10-06T20:31:21.321	TEL,281,S2,780114725,0,0,0,436,2930                            
2026-10-06T20:31:21.343	TEL,282,S2,780134725,0,0,0,428,2930                            
2026-10-06T20:31:21.362	TEL,283,S2,780154725,0,0,0,430,2935                            
2026-10-06T20:31:21.383	TEL,284,S2,780174725,0,0,0,442,2935                            
2026-10-06T20:31:21.404	TEL,285,S2,780194725,0,0,0,439,2933                            
2026-10-06T20:31:21.425	TEL,286,S2,780214725,0,0,0,439,2933                            
2026-10-06T20:31:21.442	TEL,287,S2,780234725,0,0,0,439,2933                            
2026-10-06T20:31:21.468	TEL,288,S2,780254725,0,0,0,451,2933                            
2026-10-06T20:31:21.483	TEL,289,S2,780274725,0,0,0,448,2930                            
2026-10-06T20:31:21.508	TEL,290,S2,780294725,0,0,0,436,2930                            
2026-10-06T20:31:21.523	TEL,291,S2,780314725,0,0,0,436,2930                            
2026-10-06T20:31:21.548	TEL,292,S2,780334725,0,0,0,448,2930                            
2026-10-06T20:31:21.565	TEL,293,S2,780354725,0,0,0,451,2935                            
2026-10-06T20:31:21.589	TEL,294,S2,780374725,0,0,0,430,2935                            
2026-10-06T20:31:21.602	TEL,295,S2,780394725,0,0,0,428,2930                            
2026-10-06T20:31:21.629	TEL,296,S2,780414725,0,0,0,430,2930                            
2026-10-06T20:31:21.645	TEL,297,S2,780434725,0,0,0,433,2932                            
2026-10-06T20:31:21.668	TEL,298,S2,780454725,0,0,0,428,2932                            
2026-10-06T20:31:21.685	TEL,299,S2,780474725,0,0,0,428,2932                            
2026-10-06T20:31:21.708	TEL,300,S2,780494725,0,0,0,439,2932                            
2026-10-06T20:31:21.721	TEL,301,S2,780514725,0,0,0,433,2927                            
2026-10-06T20:31:21.748	TEL,302,S2,780534725,0,0,0,433,2927                            
2026-10-06T20:31:21.764	TEL,303,S2,780554725,0,0,0,442,2935                            
2026-10-06T20:31:21.789	TEL,304,S2,780574725,0,0,0,436,2935                            
2026-10-06T20:31:21.802	TEL,305,S2,780594725,0,0,0,433,2933                            
2026-10-06T20:31:21.845	TEL,306,S2,780614725,0,0,0,439,2933                            
2026-10-06T20:31:21.845	BTN,2,S2,PRESSED,780628870,780628878                           
2026-10-06T20:31:21.845	TEL,307,S2,780634725,0,0,0,439,2932                            
2026-10-06T20:31:21.869	TEL,308,S2,780654725,0,0,0,433,2932                            
2026-10-06T20:31:21.883	TEL,309,S2,780674725,0,0,0,433,2933                            
2026-10-06T20:31:21.904	TEL,310,S2,780694725,0,0,0,439,2933                            
2026-10-06T20:31:21.925	TEL,311,S2,780714725,0,0,0,439,2933                            
2026-10-06T20:31:21.946	TEL,312,S2,780734725,0,0,0,430,2933                            
2026-10-06T20:31:21.965	TEL,313,S2,780754725,0,0,0,430,2935                            
2026-10-06T20:31:21.987	TEL,314,S2,780774725,0,0,0,436,2935                            
2026-10-06T20:31:22.004	TEL,315,S2,780794725,0,0,0,439,2937                            
2026-10-06T20:31:22.028	TEL,316,S2,780814725,0,0,0,442,2937                            
2026-10-06T20:31:22.044	TEL,317,S2,780834725,0,0,0,439,2933                            
2026-10-06T20:31:22.068	TEL,318,S2,780854725,0,0,0,439,2933                            
2026-10-06T20:31:22.085	TEL,319,S2,780874725,0,0,0,428,2921                            
2026-10-06T20:31:22.102	TEL,320,S2,780894725,0,0,0,422,2921                            
2026-10-06T20:31:22.125	TEL,321,S2,780914725,0,0,0,433,2933                            
2026-10-06T20:31:22.148	TEL,322,S2,780934725,0,0,0,433,2933                            
2026-10-06T20:31:22.165	TEL,323,S2,780954725,0,0,0,433,2932                            
2026-10-06T20:31:22.187	TEL,324,S2,780974725,0,0,0,428,2932                            
2026-10-06T20:31:22.205	TEL,325,S2,780994725,0,0,0,430,2935                            
2026-10-06T20:31:22.228	TEL,326,S2,781014725,0,0,0,436,2935                            
2026-10-06T20:31:22.245	TEL,327,S2,781034725,0,0,0,428,2927                            
2026-10-06T20:31:22.263	TEL,328,S2,781054725,0,0,0,428,2927                            
2026-10-06T20:31:22.281	TEL,329,S2,781074725,0,0,0,436,2935                            
2026-10-06T20:31:22.303	TEL,330,S2,781094725,0,0,0,442,2935                            
2026-10-06T20:31:22.323	TEL,331,S2,781114725,0,0,0,439,2932                            
2026-10-06T20:31:22.347	TEL,332,S2,781134725,0,0,0,445,2932                            
2026-10-06T20:31:22.362	TEL,333,S2,781154725,0,0,0,445,2932                            
2026-10-06T20:31:22.383	TEL,334,S2,781174725,0,0,0,439,2932                            
2026-10-06T20:31:22.404	TEL,335,S2,781194725,0,0,0,439,2933                            
2026-10-06T20:31:22.428	TEL,336,S2,781214725,0,0,0,439,2933                            
2026-10-06T20:31:22.441	TEL,337,S2,781234725,0,0,0,436,2930                            
2026-10-06T20:31:22.469	TEL,338,S2,781254725,0,0,0,430,2930                            
2026-10-06T20:31:22.505	BTN,3,S2,PRESSED,781273876,781273883                           
2026-10-06T20:31:22.505	TEL,339,S2,781274725,0,0,0,430,2928                            
2026-10-06T20:31:22.505	TEL,340,S2,781294725,0,0,0,425,2928                            
2026-10-06T20:31:22.522	TEL,341,S2,781314725,0,0,0,428,2930                            
2026-10-06T20:31:22.545	TEL,342,S2,781334725,0,0,0,436,2930                            
2026-10-06T20:31:22.562	TEL,343,S2,781354725,0,0,0,439,2933                            
2026-10-06T20:31:22.585	TEL,344,S2,781374725,0,0,0,433,2933                            
2026-10-06T20:31:22.607	TEL,345,S2,781394725,0,0,0,433,2932                            
2026-10-06T20:31:22.625	TEL,346,S2,781414725,0,0,0,433,2932                            
2026-10-06T20:31:22.649	TEL,347,S2,781434725,0,0,0,433,2933                            
2026-10-06T20:31:22.665	TEL,348,S2,781454725,0,0,0,430,2933                            
2026-10-06T20:31:22.688	TEL,349,S2,781474725,0,0,0,422,2927                            
2026-10-06T20:31:22.704	TEL,350,S2,781494725,0,0,0,428,2927                            
2026-10-06T20:31:22.728	TEL,351,S2,781514725,0,0,0,430,2930                            
2026-10-06T20:31:22.742	TEL,352,S2,781534725,0,0,0,436,2930                            
2026-10-06T20:31:22.768	TEL,353,S2,781554725,0,0,0,428,2921                            
2026-10-06T20:31:22.781	TEL,354,S2,781574725,0,0,0,422,2921                            
2026-10-06T20:31:22.802	TEL,355,S2,781594725,0,0,0,433,2933                            
2026-10-06T20:31:22.821	TEL,356,S2,781614725,0,0,0,433,2933                            
2026-10-06T20:31:22.842	TEL,357,S2,781634725,0,0,0,430,2930                            
2026-10-06T20:31:22.865	TEL,358,S2,781654725,0,0,0,430,2930                            
2026-10-06T20:31:22.889	TEL,359,S2,781674725,0,0,0,433,2933                            
2026-10-06T20:31:22.902	TEL,360,S2,781694725,0,0,0,433,2933                            
2026-10-06T20:31:22.927	TEL,361,S2,781714725,0,0,0,422,2921                            
2026-10-06T20:31:22.942	TEL,362,S2,781734725,0,0,0,416,2921                            
2026-10-06T20:31:22.967	TEL,363,S2,781754725,0,0,0,416,2921                            
2026-10-06T20:31:22.984	TEL,364,S2,781774725,0,0,0,422,2921                            
2026-10-06T20:31:23.008	TEL,365,S2,781794725,0,0,0,433,2933                            
2026-10-06T20:31:23.023	TEL,366,S2,781814725,0,0,0,439,2933                            
2026-10-06T20:31:23.048	TEL,367,S2,781834725,0,0,0,439,2933                            
2026-10-06T20:31:23.064	TEL,368,S2,781854725,0,0,0,433,2933                            
2026-10-06T20:31:23.089	TEL,369,S2,781874725,0,0,0,433,2932                            
2026-10-06T20:31:23.102	TEL,370,S2,781894725,0,0,0,439,2932                            
2026-10-06T20:31:23.128	TEL,371,S2,781914725,0,0,0,439,2932                            
2026-10-06T20:31:23.143	TEL,372,S2,781934725,0,0,0,433,2932                            
2026-10-06T20:31:23.168	TEL,373,S2,781954725,0,0,0,433,2932                            
2026-10-06T20:31:23.184	TEL,374,S2,781974725,0,0,0,433,2932                            
2026-10-06T20:31:23.208	TEL,375,S2,781994725,0,0,0,436,2935                            
2026-10-06T20:31:23.221	TEL,376,S2,782014725,0,0,0,436,2935                            
2026-10-06T20:31:23.249	TEL,377,S2,782034725,0,0,0,433,2933                            
2026-10-06T20:31:23.262	TEL,378,S2,782054725,0,0,0,439,2933                            
2026-10-06T20:31:23.289	TEL,379,S2,782074725,0,0,0,442,2935                            
2026-10-06T20:31:23.302	TEL,380,S2,782094725,0,0,0,442,2935                            
2026-10-06T20:31:23.329	TEL,381,S2,782114725,0,0,0,442,2935                            
2026-10-06T20:31:23.364	TEL,382,S2,782134725,0,0,0,436,2935                            
2026-10-06T20:31:23.364	BTN,4,S2,PRESSED,782147881,782147889                           
2026-10-06T20:31:23.364	TEL,383,S2,782154725,0,0,0,433,2933                            
2026-10-06T20:31:23.389	TEL,384,S2,782174725,0,0,0,433,2933                            
2026-10-06T20:31:23.404	TEL,385,S2,782194725,0,0,0,430,2930                            
2026-10-06T20:31:23.425	TEL,386,S2,782214725,0,0,0,436,2930                            
2026-10-06T20:31:23.442	TEL,387,S2,782234725,0,0,0,436,2928                            
2026-10-06T20:31:23.467	TEL,388,S2,782254725,0,0,0,425,2928                            
2026-10-06T20:31:23.481	TEL,389,S2,782274725,0,0,0,428,2932                            
2026-10-06T20:31:23.508	TEL,390,S2,782294725,0,0,0,439,2932                            
2026-10-06T20:31:23.525	TEL,391,S2,782314725,0,0,0,442,2935                            
2026-10-06T20:31:23.548	TEL,392,S2,782334725,0,0,0,430,2935                            
2026-10-06T20:31:23.563	TEL,393,S2,782354725,0,0,0,428,2930                            
2026-10-06T20:31:23.588	TEL,394,S2,782374725,0,0,0,433,2930                            
2026-10-06T20:31:23.602	TEL,395,S2,782394725,0,0,0,430,2927                            
2026-10-06T20:31:23.629	TEL,396,S2,782414725,0,0,0,442,2927                            
2026-10-06T20:31:23.645	TEL,397,S2,782434725,0,0,0,451,2935                            
2026-10-06T20:31:23.669	TEL,398,S2,782454725,0,0,0,436,2935                            
2026-10-06T20:31:23.685	TEL,399,S2,782474725,0,0,0,436,2935                            
2026-10-06T20:31:23.708	TEL,400,S2,782494725,0,0,0,451,2935                            
2026-10-06T20:31:23.721	TEL,401,S2,782514725,0,0,0,448,2932                            
2026-10-06T20:31:23.749	TEL,402,S2,782534725,0,0,0,439,2932                            
2026-10-06T20:31:23.762	TEL,403,S2,782554725,0,0,0,445,2939                            
2026-10-06T20:31:23.788	TEL,404,S2,782574725,0,0,0,451,2939                            
2026-10-06T20:31:23.802	TEL,405,S2,782594725,0,0,0,442,2932                            
2026-10-06T20:31:23.828	TEL,406,S2,782614725,0,0,0,430,2932                            
2026-10-06T20:31:23.844	TEL,407,S2,782634725,0,0,0,433,2933                            
2026-10-06T20:31:23.870	TEL,408,S2,782654725,0,0,0,430,2933                            
2026-10-06T20:31:23.883	TEL,409,S2,782674725,0,0,0,428,2930                            
2026-10-06T20:31:23.904	TEL,410,S2,782694725,0,0,0,436,2930                            
2026-10-06T20:31:23.925	TEL,411,S2,782714725,0,0,0,433,2927                            
2026-10-06T20:31:23.948	TEL,412,S2,782734725,0,0,0,428,2927                            
2026-10-06T20:31:23.965	TEL,413,S2,782754725,0,0,0,430,2930                            
2026-10-06T20:31:23.987	TEL,414,S2,782774725,0,0,0,436,2930                            
2026-10-06T20:31:24.005	TEL,415,S2,782794725,0,0,0,436,2928                            
2026-10-06T20:31:24.025	TEL,416,S2,782814725,0,0,0,433,2928                            
2026-10-06T20:31:24.044	TEL,417,S2,782834725,0,0,0,433,2930                            
2026-10-06T20:31:24.062	TEL,418,S2,782854725,0,0,0,430,2930                            
2026-10-06T20:31:24.108	TEL,419,S2,782874725,0,0,0,430,2928                            
2026-10-06T20:31:24.108	BTN,5,S2,PRESSED,782887887,782887894                           
2026-10-06T20:31:24.108	TEL,420,S2,782894725,0,0,0,436,2928                            
2026-10-06T20:31:24.125	TEL,421,S2,782914725,0,0,0,436,2928                            
2026-10-06T20:31:24.149	TEL,422,S2,782934725,0,0,0,430,2928                            
2026-10-06T20:31:24.164	TEL,423,S2,782954725,0,0,0,430,2928                            
2026-10-06T20:31:24.183	TEL,424,S2,782974725,0,0,0,436,2928                            
2026-10-06T20:31:24.204	TEL,425,S2,782994725,0,0,0,439,2933                            
2026-10-06T20:31:24.228	TEL,426,S2,783014725,0,0,0,439,2933                            
2026-10-06T20:31:24.245	TEL,427,S2,783034725,0,0,0,442,2935                            
2026-10-06T20:31:24.263	TEL,428,S2,783054725,0,0,0,442,2935                            
2026-10-06T20:31:24.281	TEL,429,S2,783074725,0,0,0,436,2930                            
2026-10-06T20:31:24.302	TEL,430,S2,783094725,0,0,0,430,2930                            
2026-10-06T20:31:24.322	TEL,431,S2,783114725,0,0,0,433,2933                            
2026-10-06T20:31:24.347	TEL,432,S2,783134725,0,0,0,433,2933                            
2026-10-06T20:31:24.362	TEL,433,S2,783154725,0,0,0,428,2925                            
2026-10-06T20:31:24.388	TEL,434,S2,783174725,0,0,0,428,2925                            
2026-10-06T20:31:24.401	TEL,435,S2,783194725,0,0,0,430,2930                            
2026-10-06T20:31:24.425	TEL,436,S2,783214725,0,0,0,436,2930                            
2026-10-06T20:31:24.441	TEL,437,S2,783234725,0,0,0,442,2935                            
2026-10-06T20:31:24.467	TEL,438,S2,783254725,0,0,0,442,2935                            
2026-10-06T20:31:24.481	TEL,439,S2,783274725,0,0,0,436,2930                            
2026-10-06T20:31:24.508	TEL,440,S2,783294725,0,0,0,436,2930                            
2026-10-06T20:31:24.522	TEL,441,S2,783314725,0,0,0,439,2933                            
2026-10-06T20:31:24.548	TEL,442,S2,783334725,0,0,0,436,2933                            
2026-10-06T20:31:24.564	TEL,443,S2,783354725,0,0,0,436,2932                            
2026-10-06T20:31:24.588	TEL,444,S2,783374725,0,0,0,439,2932                            
2026-10-06T20:31:24.601	TEL,445,S2,783394725,0,0,0,428,2921                            
2026-10-06T20:31:24.629	TEL,446,S2,783414725,0,0,0,436,2921                            
2026-10-06T20:31:24.645	TEL,447,S2,783434725,0,0,0,442,2928                            
2026-10-06T20:31:24.668	TEL,448,S2,783454725,0,0,0,436,2928                            
2026-10-06T20:31:24.686	BTN,6,S2,PRESSED,783472892,783472900                           
2026-10-06T20:31:24.686	TEL,449,S2,783474725,0,0,0,442,2935                            
2026-10-06T20:31:24.706	TEL,450,S2,783494725,0,0,0,428,2935                            
2026-10-06T20:31:24.728	TEL,451,S2,783514725,0,0,0,428,2935                            
2026-10-06T20:31:24.745	TEL,452,S2,783534725,0,0,0,442,2935                            
2026-10-06T20:31:24.769	TEL,453,S2,783554725,0,0,0,436,2928                            
2026-10-06T20:31:24.783	TEL,454,S2,783574725,0,0,0,430,2928                            
2026-10-06T20:31:24.802	TEL,455,S2,783594725,0,0,0,433,2933                            
2026-10-06T20:31:24.822	TEL,456,S2,783614725,0,0,0,439,2933                            
2026-10-06T20:31:24.849	TEL,457,S2,783634725,0,0,0,439,2933                            
2026-10-06T20:31:24.862	TEL,458,S2,783654725,0,0,0,433,2933                            
2026-10-06T20:31:24.883	TEL,459,S2,783674725,0,0,0,433,2933                            
2026-10-06T20:31:24.904	TEL,460,S2,783694725,0,0,0,430,2933                            
2026-10-06T20:31:24.925	TEL,461,S2,783714725,0,0,0,428,2932                            
2026-10-06T20:31:24.942	TEL,462,S2,783734725,0,0,0,428,2932                            
2026-10-06T20:31:24.967	TEL,463,S2,783754725,0,0,0,428,2932                            
2026-10-06T20:31:24.983	TEL,464,S2,783774725,0,0,0,439,2932                            
2026-10-06T20:31:25.008	TEL,465,S2,783794725,0,0,0,442,2935                            
2026-10-06T20:31:25.021	TEL,466,S2,783814725,0,0,0,433,2935                            
2026-10-06T20:31:25.048	TEL,467,S2,783834725,0,0,0,433,2933                            
2026-10-06T20:31:25.063	TEL,468,S2,783854725,0,0,0,439,2933                            
2026-10-06T20:31:25.088	TEL,469,S2,783874725,0,0,0,439,2932                            
2026-10-06T20:31:25.102	TEL,470,S2,783894725,0,0,0,428,2932                            
2026-10-06T20:31:25.129	TEL,471,S2,783914725,0,0,0,428,2932                            
2026-10-06T20:31:25.144	TEL,472,S2,783934725,0,0,0,439,2932                            
2026-10-06T20:31:25.168	TEL,473,S2,783954725,0,0,0,439,2932                            
2026-10-06T20:31:25.181	TEL,474,S2,783974725,0,0,0,439,2932                            
2026-10-06T20:31:25.208	TEL,475,S2,783994725,0,0,0,442,2935                            
2026-10-06T20:31:25.221	TEL,476,S2,784014725,0,0,0,436,2935                            
2026-10-06T20:31:25.248	TEL,477,S2,784034725,0,0,0,430,2930                            
2026-10-06T20:31:25.262	TEL,478,S2,784054725,0,0,0,430,2930                            
2026-10-06T20:31:25.288	TEL,479,S2,784074725,0,0,0,433,2932                            
2026-10-06T20:31:25.302	TEL,480,S2,784094725,0,0,0,433,2932                            
2026-10-06T20:31:25.328	TEL,481,S2,784114725,0,0,0,433,2933                            
2026-10-06T20:31:25.343	TEL,482,S2,784134725,0,0,0,439,2933                            
2026-10-06T20:31:25.383	TEL,483,S2,784154725,0,0,0,439,2933                            
2026-10-06T20:31:25.383	BTN,7,S2,PRESSED,784164898,784164905                           
2026-10-06T20:31:25.383	TEL,484,S2,784174725,0,0,0,433,2933                            
2026-10-06T20:31:25.404	TEL,485,S2,784194725,0,0,0,422,2921                            
2026-10-06T20:31:25.425	TEL,486,S2,784214725,0,0,0,422,2921                            
2026-10-06T20:31:25.446	TEL,487,S2,784234725,0,0,0,436,2935                            
2026-10-06T20:31:25.465	TEL,488,S2,784254725,0,0,0,436,2935                            
2026-10-06T20:31:25.488	TEL,489,S2,784274725,0,0,0,433,2932                            
2026-10-06T20:31:25.504	TEL,490,S2,784294725,0,0,0,439,2932                            
2026-10-06T20:31:25.522	TEL,491,S2,784314725,0,0,0,439,2932                            
2026-10-06T20:31:25.544	TEL,492,S2,784334725,0,0,0,439,2932                            
2026-10-06T20:31:25.562	TEL,493,S2,784354725,0,0,0,439,2933                            
2026-10-06T20:31:25.584	TEL,494,S2,784374725,0,0,0,439,2933                            
2026-10-06T20:31:25.606	TEL,495,S2,784394725,0,0,0,442,2935                            
2026-10-06T20:31:25.625	TEL,496,S2,784414725,0,0,0,442,2935                            
2026-10-06T20:31:25.647	TEL,497,S2,784434725,0,0,0,442,2935                            
2026-10-06T20:31:25.665	TEL,498,S2,784454725,0,0,0,436,2935                            
2026-10-06T20:31:25.688	TEL,499,S2,784474725,0,0,0,430,2930                            
2026-10-06T20:31:25.705	TEL,500,S2,784494725,0,0,0,436,2930                            
2026-10-06T20:31:25.727	TEL,501,S2,784514725,0,0,0,439,2933                            
2026-10-06T20:31:25.745	TEL,502,S2,784534725,0,0,0,433,2933                            
2026-10-06T20:31:25.768	TEL,503,S2,784554725,0,0,0,433,2932                            
2026-10-06T20:31:25.782	TEL,504,S2,784574725,0,0,0,439,2932                            
2026-10-06T20:31:25.807	TEL,505,S2,784594725,0,0,0,436,2930                            
2026-10-06T20:31:25.823	TEL,506,S2,784614725,0,0,0,430,2930                            
2026-10-06T20:31:25.842	TEL,507,S2,784634725,0,0,0,433,2933                            
2026-10-06T20:31:25.861	TEL,508,S2,784654725,0,0,0,430,2933                            
2026-10-06T20:31:25.883	TEL,509,S2,784674725,0,0,0,428,2932                            
2026-10-06T20:31:25.904	TEL,510,S2,784694725,0,0,0,439,2932                            
2026-10-06T20:31:25.925	TEL,511,S2,784714725,0,0,0,439,2933                            
2026-10-06T20:31:25.941	TEL,512,S2,784734725,0,0,0,433,2933                            
2026-10-06T20:31:25.967	TEL,513,S2,784754725,0,0,0,430,2930                            
2026-10-06T20:31:25.983	TEL,514,S2,784774725,0,0,0,430,2930                            
2026-10-06T20:31:26.008	TEL,515,S2,784794725,0,0,0,436,2935                            
2026-10-06T20:31:26.021	TEL,516,S2,784814725,0,0,0,436,2935                            
2026-10-06T20:31:26.048	TEL,517,S2,784834725,0,0,0,433,2932                            
2026-10-06T20:31:26.064	TEL,518,S2,784854725,0,0,0,433,2932                            
2026-10-06T20:31:26.088	TEL,519,S2,784874725,0,0,0,433,2933                            
2026-10-06T20:31:26.129	TEL,520,S2,784894725,0,0,0,439,2933                            
2026-10-06T20:31:26.129	BTN,8,S2,PRESSED,784906903,784906911                           
2026-10-06T20:31:26.129	TEL,521,S2,784914725,0,0,0,433,2927                            
2026-10-06T20:31:26.143	TEL,522,S2,784934725,0,0,0,422,2927                            
2026-10-06T20:31:26.168	TEL,523,S2,784954725,0,0,0,430,2933                            
2026-10-06T20:31:26.185	TEL,524,S2,784974725,0,0,0,433,2933                            
2026-10-06T20:31:26.208	TEL,525,S2,784994725,0,0,0,433,2932                            
2026-10-06T20:31:26.221	TEL,526,S2,785014725,0,0,0,439,2932                            
2026-10-06T20:31:26.248	TEL,527,S2,785034725,0,0,0,436,2930                            
2026-10-06T20:31:26.262	TEL,528,S2,785054725,0,0,0,430,2930                            
2026-10-06T20:31:26.288	TEL,529,S2,785074725,0,0,0,433,2933                            
2026-10-06T20:31:26.302	TEL,530,S2,785094725,0,0,0,439,2933                            
2026-10-06T20:31:26.328	TEL,531,S2,785114725,0,0,0,439,2933                            
2026-10-06T20:31:26.342	TEL,532,S2,785134725,0,0,0,439,2933                            
2026-10-06T20:31:26.362	TEL,533,S2,785154725,0,0,0,439,2932                            
2026-10-06T20:31:26.383	TEL,534,S2,785174725,0,0,0,428,2932                            
2026-10-06T20:31:26.404	TEL,535,S2,785194725,0,0,0,430,2933                            
2026-10-06T20:31:26.425	TEL,536,S2,785214725,0,0,0,436,2933                            
2026-10-06T20:31:26.446	TEL,537,S2,785234725,0,0,0,436,2933                            
2026-10-06T20:31:26.465	TEL,538,S2,785254725,0,0,0,439,2933                            
2026-10-06T20:31:26.485	TEL,539,S2,785274725,0,0,0,436,2930                            
2026-10-06T20:31:26.504	TEL,540,S2,785294725,0,0,0,436,2930                            
2026-10-06T20:31:26.523	TEL,541,S2,785314725,0,0,0,439,2932                            
2026-10-06T20:31:26.544	TEL,542,S2,785334725,0,0,0,439,2932                            
2026-10-06T20:31:26.563	TEL,543,S2,785354725,0,0,0,439,2932                            
2026-10-06T20:31:26.584	TEL,544,S2,785374725,0,0,0,439,2932                            
2026-10-06T20:31:26.607	TEL,545,S2,785394725,0,0,0,430,2925                            
2026-10-06T20:31:26.624	TEL,546,S2,785414725,0,0,0,430,2925                            
2026-10-06T20:31:26.649	TEL,547,S2,785434725,0,0,0,442,2935                            
2026-10-06T20:31:26.682	TEL,548,S2,785454725,0,0,0,436,2935                            
2026-10-06T20:31:26.682	BTN,9,S2,PRESSED,785468909,785468916                           
2026-10-06T20:31:26.682	TEL,549,S2,785474725,0,0,0,433,2932                            
2026-10-06T20:31:26.708	TEL,550,S2,785494725,0,0,0,436,2932                            
2026-10-06T20:31:26.722	TEL,551,S2,785514725,0,0,0,436,2932                            
2026-10-06T20:31:26.748	TEL,552,S2,785534725,0,0,0,439,2932                            
2026-10-06T20:31:26.762	TEL,553,S2,785554725,0,0,0,439,2932                            
2026-10-06T20:31:26.788	TEL,554,S2,785574725,0,0,0,439,2932                            
2026-10-06T20:31:26.802	TEL,555,S2,785594725,0,0,0,436,2930                            
2026-10-06T20:31:26.828	TEL,556,S2,785614725,0,0,0,430,2930                            
2026-10-06T20:31:26.842	TEL,557,S2,785634725,0,0,0,433,2933                            
2026-10-06T20:31:26.867	TEL,558,S2,785654725,0,0,0,430,2933                            
2026-10-06T20:31:26.884	TEL,559,S2,785674725,0,0,0,428,2932                            
2026-10-06T20:31:26.903	TEL,560,S2,785694725,0,0,0,436,2932                            
2026-10-06T20:31:26.925	TEL,561,S2,785714725,0,0,0,425,2921                            
2026-10-06T20:31:26.948	TEL,562,S2,785734725,0,0,0,422,2921                            
2026-10-06T20:31:26.965	TEL,563,S2,785754725,0,0,0,436,2935                            
2026-10-06T20:31:26.988	TEL,564,S2,785774725,0,0,0,442,2935                            
2026-10-06T20:31:27.004	TEL,565,S2,785794725,0,0,0,439,2933                            
2026-10-06T20:31:27.023	TEL,566,S2,785814725,0,0,0,439,2933                            
2026-10-06T20:31:27.044	TEL,567,S2,785834725,0,0,0,439,2933                            
2026-10-06T20:31:27.062	TEL,568,S2,785854725,0,0,0,439,2933                            
2026-10-06T20:31:27.084	TEL,569,S2,785874725,0,0,0,439,2932                            
2026-10-06T20:31:27.102	TEL,570,S2,785894725,0,0,0,433,2932                            
2026-10-06T20:31:27.124	TEL,571,S2,785914725,0,0,0,433,2932                            
2026-10-06T20:31:27.147	TEL,572,S2,785934725,0,0,0,439,2932                            
2026-10-06T20:31:27.165	TEL,573,S2,785954725,0,0,0,430,2925                            
2026-10-06T20:31:27.188	TEL,574,S2,785974725,0,0,0,428,2925                            
2026-10-06T20:31:27.205	TEL,575,S2,785994725,0,0,0,428,2925                            
2026-10-06T20:31:27.248	TEL,576,S2,786014725,0,0,0,430,2925                            
2026-10-06T20:31:27.249	BTN,10,S2,PRESSED,786014914,786014922                          
2026-10-06T20:31:27.249	TEL,577,S2,786034725,0,0,0,433,2927                            
2026-10-06T20:31:27.262	TEL,578,S2,786054725,0,0,0,428,2927                            
2026-10-06T20:31:27.288	TEL,579,S2,786074725,0,0,0,433,2932                            
2026-10-06T20:31:27.304	TEL,580,S2,786094725,0,0,0,433,2932                            
2026-10-06T20:31:27.328	TEL,581,S2,786114725,0,0,0,436,2935                            
2026-10-06T20:31:27.343	TEL,582,S2,786134725,0,0,0,436,2935                            
2026-10-06T20:31:27.362	TEL,583,S2,786154725,0,0,0,430,2930                            
2026-10-06T20:31:27.383	TEL,584,S2,786174725,0,0,0,430,2930                            
2026-10-06T20:31:27.409	TEL,585,S2,786194725,0,0,0,439,2939                            
2026-10-06T20:31:27.425	TEL,586,S2,786214725,0,0,0,439,2939                            
2026-10-06T20:31:27.446	TEL,587,S2,786234725,0,0,0,433,2932                            
2026-10-06T20:31:27.465	TEL,588,S2,786254725,0,0,0,442,2932                            
2026-10-06T20:31:27.487	TEL,589,S2,786274725,0,0,0,445,2933                            
2026-10-06T20:31:27.505	TEL,590,S2,786294725,0,0,0,433,2933                            
2026-10-06T20:31:27.528	TEL,591,S2,786314725,0,0,0,433,2933                            
2026-10-06T20:31:27.544	TEL,592,S2,786334725,0,0,0,433,2933                            
2026-10-06T20:31:27.562	TEL,593,S2,786354725,0,0,0,433,2932                            
2026-10-06T20:31:27.584	TEL,594,S2,786374725,0,0,0,433,2932                            
2026-10-06T20:31:27.602	TEL,595,S2,786394725,0,0,0,430,2930                            
2026-10-06T20:31:27.624	TEL,596,S2,786414725,0,0,0,428,2930                            
2026-10-06T20:31:27.643	TEL,597,S2,786434725,0,0,0,430,2935                            
2026-10-06T20:31:27.665	TEL,598,S2,786454725,0,0,0,430,2935                            
2026-10-06T20:31:27.687	TEL,599,S2,786474725,0,0,0,430,2933                            
2026-10-06T20:31:27.705	TEL,600,S2,786494725,0,0,0,430,2933                            
2026-10-06T20:31:27.748	TEL,601,S2,786514725,0,0,0,428,2932                            
2026-10-06T20:31:27.748	BTN,11,S2,PRESSED,786524920,786524927                          
2026-10-06T20:31:27.749	TEL,602,S2,786534725,0,0,0,442,2932                            
2026-10-06T20:31:27.761	TEL,603,S2,786554725,0,0,0,439,2930                            
2026-10-06T20:31:27.788	TEL,604,S2,786574725,0,0,0,436,2930                            
2026-10-06T20:31:27.802	TEL,605,S2,786594725,0,0,0,439,2932                            
2026-10-06T20:31:27.828	TEL,606,S2,786614725,0,0,0,433,2932                            
2026-10-06T20:31:27.842	TEL,607,S2,786634725,0,0,0,433,2933                            
2026-10-06T20:31:27.862	TEL,608,S2,786654725,0,0,0,430,2933                            
2026-10-06T20:31:27.883	TEL,609,S2,786674725,0,0,0,430,2933                            
2026-10-06T20:31:27.906	TEL,610,S2,786694725,0,0,0,436,2933                            
2026-10-06T20:31:27.925	TEL,611,S2,786714725,0,0,0,436,2932                            
2026-10-06T20:31:27.948	TEL,612,S2,786734725,0,0,0,439,2932                            
2026-10-06T20:31:27.964	TEL,613,S2,786754725,0,0,0,439,2933                            
2026-10-06T20:31:27.987	TEL,614,S2,786774725,0,0,0,433,2933                            
2026-10-06T20:31:28.003	TEL,615,S2,786794725,0,0,0,433,2932                            
2026-10-06T20:31:28.028	TEL,616,S2,786814725,0,0,0,445,2932                            
2026-10-06T20:31:28.044	TEL,617,S2,786834725,0,0,0,445,2930                            
2026-10-06T20:31:28.063	TEL,618,S2,786854725,0,0,0,428,2930                            
2026-10-06T20:31:28.084	TEL,619,S2,786874725,0,0,0,428,2930                            
2026-10-06T20:31:28.102	TEL,620,S2,786894725,0,0,0,428,2930                            
2026-10-06T20:31:28.124	TEL,621,S2,786914725,0,0,0,430,2935                            
2026-10-06T20:31:28.144	TEL,622,S2,786934725,0,0,0,451,2935                            
2026-10-06T20:31:28.164	TEL,623,S2,786954725,0,0,0,445,2928                            
2026-10-06T20:31:28.189	TEL,624,S2,786974725,0,0,0,439,2928                            
2026-10-06T20:31:28.204	TEL,625,S2,786994725,0,0,0,445,2933                            
2026-10-06T20:31:28.228	TEL,626,S2,787014725,0,0,0,433,2933                            
2026-10-06T20:31:28.244	TEL,627,S2,787034725,0,0,0,430,2930                            
2026-10-06T20:31:28.265	TEL,628,S2,787054725,0,0,0,436,2930                            
2026-10-06T20:31:28.281	TEL,629,S2,787074725,0,0,0,439,2932                            
2026-10-06T20:31:28.305	TEL,630,S2,787094725,0,0,0,439,2932                            
2026-10-06T20:31:28.324	TEL,631,S2,787114725,0,0,0,442,2935                            
2026-10-06T20:31:28.365	TEL,632,S2,787134725,0,0,0,451,2935                            
2026-10-06T20:31:28.365	BTN,12,S2,PRESSED,787139925,787139933                          
2026-10-06T20:31:28.365	TEL,633,S2,787154725,0,0,0,451,2933                            
2026-10-06T20:31:28.383	TEL,634,S2,787174725,0,0,0,439,2933                            
2026-10-06T20:31:28.404	TEL,635,S2,787194725,0,0,0,439,2932                            
2026-10-06T20:31:28.425	TEL,636,S2,787214725,0,0,0,433,2932                            
2026-10-06T20:31:28.448	TEL,637,S2,787234725,0,0,0,433,2933                            
2026-10-06T20:31:28.464	TEL,638,S2,787254725,0,0,0,433,2933                            
2026-10-06T20:31:28.487	TEL,639,S2,787274725,0,0,0,430,2928                            
2026-10-06T20:31:28.505	TEL,640,S2,787294725,0,0,0,430,2928                            
2026-10-06T20:31:28.521	TEL,641,S2,787314725,0,0,0,430,2930                            
2026-10-06T20:31:28.544	TEL,642,S2,787334725,0,0,0,436,2930                            
2026-10-06T20:31:28.566	TEL,643,S2,787354725,0,0,0,439,2933                            
2026-10-06T20:31:28.584	TEL,644,S2,787374725,0,0,0,439,2933                            
2026-10-06T20:31:28.602	TEL,645,S2,787394725,0,0,0,439,2933                            
2026-10-06T20:31:28.624	TEL,646,S2,787414725,0,0,0,433,2933                            
2026-10-06T20:31:28.643	TEL,647,S2,787434725,0,0,0,436,2935                            
2026-10-06T20:31:28.663	TEL,648,S2,787454725,0,0,0,442,2935                            
2026-10-06T20:31:28.686	TEL,649,S2,787474725,0,0,0,439,2932                            
2026-10-06T20:31:28.705	TEL,650,S2,787494725,0,0,0,439,2932                            
2026-10-06T20:31:28.728	TEL,651,S2,787514725,0,0,0,439,2932                            
2026-10-06T20:31:28.745	TEL,652,S2,787534725,0,0,0,442,2932                            
2026-10-06T20:31:28.768	TEL,653,S2,787554725,0,0,0,436,2925                            
2026-10-06T20:31:28.785	TEL,654,S2,787574725,0,0,0,422,2925                            
2026-10-06T20:31:28.803	TEL,655,S2,787594725,0,0,0,430,2935                            
2026-10-06T20:31:28.822	TEL,656,S2,787614725,0,0,0,436,2935                            
2026-10-06T20:31:28.845	TEL,657,S2,787634725,0,0,0,430,2928                            
2026-10-06T20:31:28.861	TEL,658,S2,787654725,0,0,0,430,2928                            
2026-10-06T20:31:28.884	TEL,659,S2,787674725,0,0,0,433,2932                            
2026-10-06T20:31:28.902	TEL,660,S2,787694725,0,0,0,439,2932                            
2026-10-06T20:31:28.925	TEL,661,S2,787714725,0,0,0,428,2921                            
2026-10-06T20:31:28.941	TEL,662,S2,787734725,0,0,0,419,2921                            
2026-10-06T20:31:28.969	TEL,663,S2,787754725,0,0,0,428,2932                            
2026-10-06T20:31:28.981	TEL,664,S2,787774725,0,0,0,433,2932                            
2026-10-06T20:31:29.008	TEL,665,S2,787794725,0,0,0,433,2933                            
2026-10-06T20:31:29.021	TEL,666,S2,787814725,0,0,0,448,2933                            
2026-10-06T20:31:29.048	TEL,667,S2,787834725,0,0,0,442,2928                            
2026-10-06T20:31:29.063	TEL,668,S2,787854725,0,0,0,436,2928                            
2026-10-06T20:31:29.105	TEL,669,S2,787874725,0,0,0,436,2930                            
2026-10-06T20:31:29.105	BTN,13,S2,PRESSED,787879931,787879938                          
2026-10-06T20:31:29.105	TEL,670,S2,787894725,0,0,0,436,2930                            
2026-10-06T20:31:29.124	TEL,671,S2,787914725,0,0,0,442,2935                            
2026-10-06T20:31:29.143	TEL,672,S2,787934725,0,0,0,436,2935                            
2026-10-06T20:31:29.164	TEL,673,S2,787954725,0,0,0,430,2930                            
2026-10-06T20:31:29.184	TEL,674,S2,787974725,0,0,0,430,2930                            
2026-10-06T20:31:29.204	TEL,675,S2,787994725,0,0,0,430,2928                            
2026-10-06T20:31:29.227	TEL,676,S2,788014725,0,0,0,436,2928                            
2026-10-06T20:31:29.241	TEL,677,S2,788034725,0,0,0,436,2930                            
2026-10-06T20:31:29.265	TEL,678,S2,788054725,0,0,0,430,2930                            
2026-10-06T20:31:29.281	TEL,679,S2,788074725,0,0,0,433,2932                            
2026-10-06T20:31:29.302	TEL,680,S2,788094725,0,0,0,433,2932                            
2026-10-06T20:31:29.322	TEL,681,S2,788114725,0,0,0,433,2933                            
2026-10-06T20:31:29.342	TEL,682,S2,788134725,0,0,0,428,2933                            
2026-10-06T20:31:29.363	TEL,683,S2,788154725,0,0,0,428,2933                            
2026-10-06T20:31:29.383	TEL,684,S2,788174725,0,0,0,433,2933                            
2026-10-06T20:31:29.404	TEL,685,S2,788194725,0,0,0,436,2935                            
2026-10-06T20:31:29.425	TEL,686,S2,788214725,0,0,0,436,2935                            
2026-10-06T20:31:29.441	TEL,687,S2,788234725,0,0,0,433,2933                            
2026-10-06T20:31:29.467	TEL,688,S2,788254725,0,0,0,433,2933                            
2026-10-06T20:31:29.481	TEL,689,S2,788274725,0,0,0,433,2932                            
2026-10-06T20:31:29.508	TEL,690,S2,788294725,0,0,0,433,2932                            
2026-10-06T20:31:29.523	TEL,691,S2,788314725,0,0,0,433,2932                            
2026-10-06T20:31:29.548	TEL,692,S2,788334725,0,0,0,439,2932                            
2026-10-06T20:31:29.563	TEL,693,S2,788354725,0,0,0,428,2921                            
2026-10-06T20:31:29.588	TEL,694,S2,788374725,0,0,0,428,2921                            
2026-10-06T20:31:29.623	TEL,695,S2,788394725,0,0,0,436,2930                            
2026-10-06T20:31:29.623	BTN,14,S2,PRESSED,788394936,788394943                          
2026-10-06T20:31:29.623	TEL,696,S2,788414725,0,0,0,436,2930                            
2026-10-06T20:31:29.647	TEL,697,S2,788434725,0,0,0,433,2927                            
2026-10-06T20:31:29.664	TEL,698,S2,788454725,0,0,0,433,2927                            
2026-10-06T20:31:29.686	TEL,699,S2,788474725,0,0,0,442,2935                            
2026-10-06T20:31:29.705	TEL,700,S2,788494725,0,0,0,436,2935                            
2026-10-06T20:31:29.727	TEL,701,S2,788514725,0,0,0,430,2930                            
2026-10-06T20:31:29.745	TEL,702,S2,788534725,0,0,0,430,2930                            
2026-10-06T20:31:29.769	TEL,703,S2,788554725,0,0,0,433,2933                            
2026-10-06T20:31:29.784	TEL,704,S2,788574725,0,0,0,433,2933                            
2026-10-06T20:31:29.805	TEL,705,S2,788594725,0,0,0,436,2935                            
2026-10-06T20:31:29.824	TEL,706,S2,788614725,0,0,0,442,2935                            
2026-10-06T20:31:29.842	TEL,707,S2,788634725,0,0,0,439,2933                            
2026-10-06T20:31:29.862	TEL,708,S2,788654725,0,0,0,430,2933                            
2026-10-06T20:31:29.885	TEL,709,S2,788674725,0,0,0,419,2923                            
2026-10-06T20:31:29.901	TEL,710,S2,788694725,0,0,0,419,2923                            
2026-10-06T20:31:29.925	TEL,711,S2,788714725,0,0,0,428,2932                            
2026-10-06T20:31:29.941	TEL,712,S2,788734725,0,0,0,436,2932                            
2026-10-06T20:31:29.967	TEL,713,S2,788754725,0,0,0,433,2930                            
2026-10-06T20:31:29.982	TEL,714,S2,788774725,0,0,0,428,2930                            
2026-10-06T20:31:30.008	TEL,715,S2,788794725,0,0,0,428,2930                            
2026-10-06T20:31:30.023	TEL,716,S2,788814725,0,0,0,442,2930                            
2026-10-06T20:31:30.048	TEL,717,S2,788834725,0,0,0,442,2930                            
2026-10-06T20:31:30.064	TEL,718,S2,788854725,0,0,0,436,2930                            
2026-10-06T20:31:30.088	TEL,719,S2,788874725,0,0,0,436,2930                            
2026-10-06T20:31:30.102	TEL,720,S2,788894725,0,0,0,436,2930                            
2026-10-06T20:31:30.128	TEL,721,S2,788914725,0,0,0,442,2935                            
2026-10-06T20:31:30.142	TEL,722,S2,788934725,0,0,0,436,2935                            
2026-10-06T20:31:30.168	TEL,723,S2,788954725,0,0,0,433,2933                            
2026-10-06T20:31:30.182	TEL,724,S2,788974725,0,0,0,451,2933                            
2026-10-06T20:31:30.208	TEL,725,S2,788994725,0,0,0,445,2928                            
2026-10-06T20:31:30.222	TEL,726,S2,789014725,0,0,0,425,2928                            
2026-10-06T20:31:30.248	TEL,727,S2,789034725,0,0,0,425,2928                            
2026-10-06T20:31:30.262	TEL,728,S2,789054725,0,0,0,430,2928                            
2026-10-06T20:31:30.288	TEL,729,S2,789074725,0,0,0,422,2921                            
2026-10-06T20:31:30.302	TEL,730,S2,789094725,0,0,0,428,2921                            
2026-10-06T20:31:30.328	TEL,731,S2,789114725,0,0,0,442,2935                            
2026-10-06T20:31:30.342	TEL,732,S2,789134725,0,0,0,442,2935                            
2026-10-06T20:31:30.366	TEL,733,S2,789154725,0,0,0,439,2932                            
2026-10-06T20:31:30.383	TEL,734,S2,789174725,0,0,0,428,2932                            
2026-10-06T20:31:30.406	TEL,735,S2,789194725,0,0,0,430,2935                            
2026-10-06T20:31:30.424	TEL,736,S2,789214725,0,0,0,442,2935                            
2026-10-06T20:31:30.446	TEL,737,S2,789234725,0,0,0,442,2935                            
2026-10-06T20:31:30.465	TEL,738,S2,789254725,0,0,0,448,2935                            
2026-10-06T20:31:30.508	TEL,739,S2,789274725,0,0,0,445,2933                            
2026-10-06T20:31:30.508	BTN,15,S2,PRESSED,789275942,789275949                          
2026-10-06T20:31:30.508	TEL,740,S2,789294725,0,0,0,433,2933                            
2026-10-06T20:31:30.528	TEL,741,S2,789314725,0,0,0,433,2932                            
2026-10-06T20:31:30.544	TEL,742,S2,789334725,0,0,0,433,2932                            
2026-10-06T20:31:30.568	TEL,743,S2,789354725,0,0,0,433,2932                            
2026-10-06T20:31:30.584	TEL,744,S2,789374725,0,0,0,428,2932                            
2026-10-06T20:31:30.606	TEL,745,S2,789394725,0,0,0,430,2933                            
2026-10-06T20:31:30.624	TEL,746,S2,789414725,0,0,0,433,2933                            
2026-10-06T20:31:30.648	TEL,747,S2,789434725,0,0,0,436,2935                            
2026-10-06T20:31:30.664	TEL,748,S2,789454725,0,0,0,436,2935                            
2026-10-06T20:31:30.685	TEL,749,S2,789474725,0,0,0,430,2930                            
2026-10-06T20:31:30.704	TEL,750,S2,789494725,0,0,0,445,2930                            
2026-10-06T20:31:30.728	TEL,751,S2,789514725,0,0,0,436,2921                            
2026-10-06T20:31:30.745	TEL,752,S2,789534725,0,0,0,428,2921                            
2026-10-06T20:31:30.768	TEL,753,S2,789554725,0,0,0,439,2933                            
2026-10-06T20:31:30.781	TEL,754,S2,789574725,0,0,0,439,2933                            
2026-10-06T20:31:30.808	TEL,755,S2,789594725,0,0,0,439,2932                            
2026-10-06T20:31:30.824	TEL,756,S2,789614725,0,0,0,433,2932                            
2026-10-06T20:31:30.842	TEL,757,S2,789634725,0,0,0,433,2932                            
2026-10-06T20:31:30.861	TEL,758,S2,789654725,0,0,0,433,2932                            
2026-10-06T20:31:30.883	TEL,759,S2,789674725,0,0,0,433,2933                            
2026-10-06T20:31:30.904	TEL,760,S2,789694725,0,0,0,439,2933                            
2026-10-06T20:31:30.926	TEL,761,S2,789714725,0,0,0,439,2933                            
2026-10-06T20:31:30.941	TEL,762,S2,789734725,0,0,0,439,2933                            
2026-10-06T20:31:30.968	TEL,763,S2,789754725,0,0,0,439,2933                            
2026-10-06T20:31:30.981	TEL,764,S2,789774725,0,0,0,433,2933                            
2026-10-06T20:31:31.008	TEL,765,S2,789794725,0,0,0,430,2930                            
2026-10-06T20:31:31.021	TEL,766,S2,789814725,0,0,0,448,2930                            
2026-10-06T20:31:31.047	TEL,767,S2,789834725,0,0,0,448,2930                            
2026-10-06T20:31:31.061	TEL,768,S2,789854725,0,0,0,436,2930                            
2026-10-06T20:31:31.088	TEL,769,S2,789874725,0,0,0,436,2930                            
2026-10-06T20:31:31.103	TEL,770,S2,789894725,0,0,0,430,2930                            
2026-10-06T20:31:31.128	TEL,771,S2,789914725,0,0,0,433,2932                            
2026-10-06T20:31:31.144	TEL,772,S2,789934725,0,0,0,436,2932                            
2026-10-06T20:31:31.168	TEL,773,S2,789954725,0,0,0,436,2933                            
2026-10-06T20:31:31.182	TEL,774,S2,789974725,0,0,0,439,2933                            
2026-10-06T20:31:31.208	TEL,775,S2,789994725,0,0,0,436,2928                            
2026-10-06T20:31:31.225	TEL,776,S2,790014725,0,0,0,436,2928                            
2026-10-06T20:31:31.248	TEL,777,S2,790034725,0,0,0,433,2927                            
2026-10-06T20:31:31.263	TEL,778,S2,790054725,0,0,0,433,2927                            
2026-10-06T20:31:31.288	TEL,779,S2,790074725,0,0,0,439,2932                            
2026-10-06T20:31:31.301	TEL,780,S2,790094725,0,0,0,439,2932                            
2026-10-06T20:31:31.328	TEL,781,S2,790114725,0,0,0,433,2927                            
2026-10-06T20:31:31.342	TEL,782,S2,790134725,0,0,0,430,2927                            
2026-10-06T20:31:31.362	TEL,783,S2,790154725,0,0,0,436,2933                            
2026-10-06T20:31:31.407	TEL,784,S2,790174725,0,0,0,439,2933                            
2026-10-06T20:31:31.407	BTN,16,S2,PRESSED,790174947,790174954                          
2026-10-06T20:31:31.407	TEL,785,S2,790194725,0,0,0,439,2933                            
2026-10-06T20:31:31.425	TEL,786,S2,790214725,0,0,0,428,2933                            
2026-10-06T20:31:31.448	TEL,787,S2,790234725,0,0,0,428,2933                            
2026-10-06T20:31:31.464	TEL,788,S2,790254725,0,0,0,433,2933                            
2026-10-06T20:31:31.486	TEL,789,S2,790274725,0,0,0,436,2935                            
2026-10-06T20:31:31.504	TEL,790,S2,790294725,0,0,0,442,2935                            
2026-10-06T20:31:31.522	TEL,791,S2,790314725,0,0,0,436,2928                            
2026-10-06T20:31:31.544	TEL,792,S2,790334725,0,0,0,436,2928                            
2026-10-06T20:31:31.561	TEL,793,S2,790354725,0,0,0,439,2933                            
2026-10-06T20:31:31.584	TEL,794,S2,790374725,0,0,0,430,2933                            
2026-10-06T20:31:31.603	TEL,795,S2,790394725,0,0,0,430,2933                            
2026-10-06T20:31:31.624	TEL,796,S2,790414725,0,0,0,439,2933                            
2026-10-06T20:31:31.647	TEL,797,S2,790434725,0,0,0,436,2930                            
2026-10-06T20:31:31.664	TEL,798,S2,790454725,0,0,0,436,2930                            
2026-10-06T20:31:31.686	TEL,799,S2,790474725,0,0,0,442,2935                            
2026-10-06T20:31:31.705	TEL,800,S2,790494725,0,0,0,442,2935                            
2026-10-06T20:31:31.727	TEL,801,S2,790514725,0,0,0,436,2930                            
2026-10-06T20:31:31.745	TEL,802,S2,790534725,0,0,0,448,2930                            
2026-10-06T20:31:31.768	TEL,803,S2,790554725,0,0,0,448,2932                            
2026-10-06T20:31:31.783	TEL,804,S2,790574725,0,0,0,428,2932                            
2026-10-06T20:31:31.806	TEL,805,S2,790594725,0,0,0,428,2932                            
2026-10-06T20:31:31.821	TEL,806,S2,790614725,0,0,0,433,2932                            
2026-10-06T20:31:31.843	TEL,807,S2,790634725,0,0,0,428,2925                            
2026-10-06T20:31:31.863	TEL,808,S2,790654725,0,0,0,428,2925                            
2026-10-06T20:31:31.883	TEL,809,S2,790674725,0,0,0,436,2933                            
2026-10-06T20:31:31.902	TEL,810,S2,790694725,0,0,0,445,2933                            
2026-10-06T20:31:31.925	TEL,811,S2,790714725,0,0,0,442,2930                            
2026-10-06T20:31:31.941	TEL,812,S2,790734725,0,0,0,430,2930                            
2026-10-06T20:31:31.967	TEL,813,S2,790754725,0,0,0,433,2932                            
2026-10-06T20:31:31.983	TEL,814,S2,790774725,0,0,0,439,2932                            
2026-10-06T20:31:32.008	TEL,815,S2,790794725,0,0,0,436,2930                            
2026-10-06T20:31:32.022	TEL,816,S2,790814725,0,0,0,433,2930                            
2026-10-06T20:31:32.061	TEL,817,S2,790834725,0,0,0,436,2932                            
2026-10-06T20:31:32.061	BTN,17,S2,PRESSED,790842953,790842960                          
2026-10-06T20:31:32.061	TEL,818,S2,790854725,0,0,0,433,2932                            
2026-10-06T20:31:32.083	TEL,819,S2,790874725,0,0,0,433,2933                            
2026-10-06T20:31:32.102	TEL,820,S2,790894725,0,0,0,439,2933                            
2026-10-06T20:31:32.124	TEL,821,S2,790914725,0,0,0,436,2930                            
2026-10-06T20:31:32.148	TEL,822,S2,790934725,0,0,0,436,2930                            
2026-10-06T20:31:32.164	TEL,823,S2,790954725,0,0,0,439,2932                            
2026-10-06T20:31:32.187	TEL,824,S2,790974725,0,0,0,436,2932                            
2026-10-06T20:31:32.203	TEL,825,S2,790994725,0,0,0,433,2930                            
2026-10-06T20:31:32.229	TEL,826,S2,791014725,0,0,0,428,2930                            
2026-10-06T20:31:32.245	TEL,827,S2,791034725,0,0,0,430,2932                            
2026-10-06T20:31:32.262	TEL,828,S2,791054725,0,0,0,439,2932                            
2026-10-06T20:31:32.283	TEL,829,S2,791074725,0,0,0,439,2932                            
2026-10-06T20:31:32.302	TEL,830,S2,791094725,0,0,0,439,2932                            
2026-10-06T20:31:32.322	TEL,831,S2,791114725,0,0,0,436,2930                            
2026-10-06T20:31:32.342	TEL,832,S2,791134725,0,0,0,430,2930                            
2026-10-06T20:31:32.362	TEL,833,S2,791154725,0,0,0,430,2928                            
2026-10-06T20:31:32.388	TEL,834,S2,791174725,0,0,0,430,2928                            
2026-10-06T20:31:32.402	TEL,835,S2,791194725,0,0,0,430,2928                            
2026-10-06T20:31:32.425	TEL,836,S2,791214725,0,0,0,436,2928                            
2026-10-06T20:31:32.443	TEL,837,S2,791234725,0,0,0,436,2930                            
2026-10-06T20:31:32.467	TEL,838,S2,791254725,0,0,0,436,2930                            
2026-10-06T20:31:32.484	TEL,839,S2,791274725,0,0,0,439,2933                            
2026-10-06T20:31:32.508	TEL,840,S2,791294725,0,0,0,433,2933                            
2026-10-06T20:31:32.524	TEL,841,S2,791314725,0,0,0,433,2933                            
2026-10-06T20:31:32.548	TEL,842,S2,791334725,0,0,0,439,2933                            
2026-10-06T20:31:32.562	TEL,843,S2,791354725,0,0,0,436,2928                            
2026-10-06T20:31:32.588	TEL,844,S2,791374725,0,0,0,436,2928                            
2026-10-06T20:31:32.604	TEL,845,S2,791394725,0,0,0,442,2935                            
2026-10-06T20:31:32.628	TEL,846,S2,791414725,0,0,0,439,2935                            
2026-10-06T20:31:32.643	TEL,847,S2,791434725,0,0,0,436,2932                            
2026-10-06T20:31:32.668	TEL,848,S2,791454725,0,0,0,436,2932                            
2026-10-06T20:31:32.682	TEL,849,S2,791474725,0,0,0,436,2933                            
2026-10-06T20:31:32.708	TEL,850,S2,791494725,0,0,0,433,2933                            
2026-10-06T20:31:32.722	TEL,851,S2,791514725,0,0,0,433,2932                            
2026-10-06T20:31:32.748	TEL,852,S2,791534725,0,0,0,445,2932                            
2026-10-06T20:31:32.783	TEL,853,S2,791554725,0,0,0,451,2935                            
2026-10-06T20:31:32.783	BTN,18,S2,PRESSED,791559958,791559965                          
2026-10-06T20:31:32.783	TEL,854,S2,791574725,0,0,0,436,2935                            
2026-10-06T20:31:32.802	TEL,855,S2,791594725,0,0,0,436,2935                            
2026-10-06T20:31:32.824	TEL,856,S2,791614725,0,0,0,430,2935                            
2026-10-06T20:31:32.843	TEL,857,S2,791634725,0,0,0,419,2921                            
2026-10-06T20:31:32.863	TEL,858,S2,791654725,0,0,0,422,2921                            
2026-10-06T20:31:32.886	TEL,859,S2,791674725,0,0,0,433,2932                            
2026-10-06T20:31:32.901	TEL,860,S2,791694725,0,0,0,439,2932                            
2026-10-06T20:31:32.925	TEL,861,S2,791714725,0,0,0,439,2932                            
2026-10-06T20:31:32.941	TEL,862,S2,791734725,0,0,0,439,2932                            
2026-10-06T20:31:32.967	TEL,863,S2,791754725,0,0,0,439,2933                            
2026-10-06T20:31:32.983	TEL,864,S2,791774725,0,0,0,433,2933                            
2026-10-06T20:31:33.009	TEL,865,S2,791794725,0,0,0,433,2932                            
2026-10-06T20:31:33.023	TEL,866,S2,791814725,0,0,0,433,2932                            
2026-10-06T20:31:33.048	TEL,867,S2,791834725,0,0,0,430,2930                            
2026-10-06T20:31:33.062	TEL,868,S2,791854725,0,0,0,430,2930                            
2026-10-06T20:31:33.088	TEL,869,S2,791874725,0,0,0,430,2930                            
2026-10-06T20:31:33.103	TEL,870,S2,791894725,0,0,0,430,2930                            
2026-10-06T20:31:33.128	TEL,871,S2,791914725,0,0,0,433,2932                            
2026-10-06T20:31:33.143	TEL,872,S2,791934725,0,0,0,428,2932                            
2026-10-06T20:31:33.168	TEL,873,S2,791954725,0,0,0,428,2930                            
2026-10-06T20:31:33.182	TEL,874,S2,791974725,0,0,0,430,2930                            
2026-10-06T20:31:33.208	TEL,875,S2,791994725,0,0,0,433,2933                            
2026-10-06T20:31:33.221	TEL,876,S2,792014725,0,0,0,439,2933                            
2026-10-06T20:31:33.248	TEL,877,S2,792034725,0,0,0,439,2933                            
2026-10-06T20:31:33.262	TEL,878,S2,792054725,0,0,0,439,2933                            
2026-10-06T20:31:33.288	TEL,879,S2,792074725,0,0,0,439,2932                            
2026-10-06T20:31:33.302	TEL,880,S2,792094725,0,0,0,439,2932                            
2026-10-06T20:31:33.328	TEL,881,S2,792114725,0,0,0,442,2935                            
2026-10-06T20:31:33.344	TEL,882,S2,792134725,0,0,0,436,2935                            
2026-10-06T20:31:33.362	TEL,883,S2,792154725,0,0,0,433,2932                            
2026-10-06T20:31:33.383	TEL,884,S2,792174725,0,0,0,433,2932                            
2026-10-06T20:31:33.403	TEL,885,S2,792194725,0,0,0,430,2930                            
2026-10-06T20:31:33.423	TEL,886,S2,792214725,0,0,0,439,2930                            
2026-10-06T20:31:33.446	TEL,887,S2,792234725,0,0,0,439,2930                            
2026-10-06T20:31:33.464	TEL,888,S2,792254725,0,0,0,436,2930                            
2026-10-06T20:31:33.487	TEL,889,S2,792274725,0,0,0,439,2933                            
2026-10-06T20:31:33.503	TEL,890,S2,792294725,0,0,0,430,2933                            
2026-10-06T20:31:33.524	TEL,891,S2,792314725,0,0,0,430,2933                            
2026-10-06T20:31:33.544	TEL,892,S2,792334725,0,0,0,433,2933                            
2026-10-06T20:31:33.564	TEL,893,S2,792354725,0,0,0,430,2928                            
2026-10-06T20:31:33.584	TEL,894,S2,792374725,0,0,0,425,2928                            
2026-10-06T20:31:33.605	TEL,895,S2,792394725,0,0,0,430,2933                            
2026-10-06T20:31:33.629	BTN,19,S2,PRESSED,792410964,792410971                          
2026-10-06T20:31:33.629	TEL,896,S2,792414725,0,0,0,433,2933                            
2026-10-06T20:31:33.645	TEL,897,S2,792434725,0,0,0,433,2932                            
2026-10-06T20:31:33.668	TEL,898,S2,792454725,0,0,0,439,2932                            
2026-10-06T20:31:33.682	TEL,899,S2,792474725,0,0,0,439,2932                            
2026-10-06T20:31:33.708	TEL,900,S2,792494725,0,0,0,439,2932                            
2026-10-06T20:31:33.722	TEL,901,S2,792514725,0,0,0,439,2932                            
2026-10-06T20:31:33.748	TEL,902,S2,792534725,0,0,0,433,2932                            
2026-10-06T20:31:33.762	TEL,903,S2,792554725,0,0,0,433,2933                            
2026-10-06T20:31:33.788	TEL,904,S2,792574725,0,0,0,439,2933                            
2026-10-06T20:31:33.804	TEL,905,S2,792594725,0,0,0,439,2932                            
2026-10-06T20:31:33.828	TEL,906,S2,792614725,0,0,0,439,2932                            
2026-10-06T20:31:33.843	TEL,907,S2,792634725,0,0,0,436,2930                            
2026-10-06T20:31:33.863	TEL,908,S2,792654725,0,0,0,430,2930                            
2026-10-06T20:31:33.883	TEL,909,S2,792674725,0,0,0,433,2932                            
2026-10-06T20:31:33.904	TEL,910,S2,792694725,0,0,0,439,2932                            
2026-10-06T20:31:33.924	TEL,911,S2,792714725,0,0,0,436,2930                            
2026-10-06T20:31:33.946	TEL,912,S2,792734725,0,0,0,436,2930                            
2026-10-06T20:31:33.964	TEL,913,S2,792754725,0,0,0,436,2928                            
2026-10-06T20:31:33.987	TEL,914,S2,792774725,0,0,0,436,2928                            
2026-10-06T20:31:34.004	TEL,915,S2,792794725,0,0,0,439,2933                            
2026-10-06T20:31:34.024	TEL,916,S2,792814725,0,0,0,433,2933                            
2026-10-06T20:31:34.044	TEL,917,S2,792834725,0,0,0,422,2921                            
2026-10-06T20:31:34.062	TEL,918,S2,792854725,0,0,0,428,2921                            
2026-10-06T20:31:34.084	TEL,919,S2,792874725,0,0,0,442,2935                            
2026-10-06T20:31:34.108	TEL,920,S2,792894725,0,0,0,442,2935                            
2026-10-06T20:31:34.123	TEL,921,S2,792914725,0,0,0,428,2921                            
2026-10-06T20:31:34.144	TEL,922,S2,792934725,0,0,0,422,2921                            
2026-10-06T20:31:34.164	TEL,923,S2,792954725,0,0,0,433,2933                            
2026-10-06T20:31:34.187	TEL,924,S2,792974725,0,0,0,433,2933                            
2026-10-06T20:31:34.203	TEL,925,S2,792994725,0,0,0,428,2925                            
2026-10-06T20:31:34.247	TEL,926,S2,793014725,0,0,0,439,2925                            
2026-10-06T20:31:34.247	BTN,20,S2,PRESSED,793022969,793022976                          
2026-10-06T20:31:34.247	TEL,927,S2,793034725,0,0,0,439,2925                            
2026-10-06T20:31:34.268	TEL,928,S2,793054725,0,0,0,430,2925                            
2026-10-06T20:31:34.281	TEL,929,S2,793074725,0,0,0,439,2933                            
2026-10-06T20:31:34.307	TEL,930,S2,793094725,0,0,0,439,2933                            
2026-10-06T20:31:34.323	TEL,931,S2,793114725,0,0,0,436,2928                            
2026-10-06T20:31:34.343	TEL,932,S2,793134725,0,0,0,436,2928                            
2026-10-06T20:31:34.363	TEL,933,S2,793154725,0,0,0,439,2933                            
2026-10-06T20:31:34.385	TEL,934,S2,793174725,0,0,0,430,2933                            
2026-10-06T20:31:34.401	TEL,935,S2,793194725,0,0,0,422,2927                            
2026-10-06T20:31:34.427	TEL,936,S2,793214725,0,0,0,433,2927                            
2026-10-06T20:31:34.441	TEL,937,S2,793234725,0,0,0,433,2927                            
2026-10-06T20:31:34.467	TEL,938,S2,793254725,0,0,0,428,2927                            
2026-10-06T20:31:34.481	TEL,939,S2,793274725,0,0,0,433,2932                            
2026-10-06T20:31:34.508	TEL,940,S2,793294725,0,0,0,433,2932                            
2026-10-06T20:31:34.522	TEL,941,S2,793314725,0,0,0,436,2935                            
2026-10-06T20:31:34.548	TEL,942,S2,793334725,0,0,0,442,2935                            
2026-10-06T20:31:34.562	TEL,943,S2,793354725,0,0,0,428,2921                            
2026-10-06T20:31:34.588	TEL,944,S2,793374725,0,0,0,428,2921                            
2026-10-06T20:31:34.604	TEL,945,S2,793394725,0,0,0,439,2932                            
2026-10-06T20:31:34.627	TEL,946,S2,793414725,0,0,0,433,2932                            
2026-10-06T20:31:34.642	TEL,947,S2,793434725,0,0,0,433,2933                            
2026-10-06T20:31:34.668	TEL,948,S2,793454725,0,0,0,439,2933                            
2026-10-06T20:31:34.681	TEL,949,S2,793474725,0,0,0,436,2928                            
2026-10-06T20:31:34.708	TEL,950,S2,793494725,0,0,0,430,2928                            
2026-10-06T20:31:34.721	TEL,951,S2,793514725,0,0,0,436,2935                            
2026-10-06T20:31:34.748	TEL,952,S2,793534725,0,0,0,436,2935                            
2026-10-06T20:31:34.762	TEL,953,S2,793554725,0,0,0,436,2935                            
2026-10-06T20:31:34.788	TEL,954,S2,793574725,0,0,0,442,2935                            
2026-10-06T20:31:34.802	TEL,955,S2,793594725,0,0,0,439,2933                            
2026-10-06T20:31:34.828	TEL,956,S2,793614725,0,0,0,439,2933                            
2026-10-06T20:31:34.842	TEL,957,S2,793634725,0,0,0,436,2928                            
2026-10-06T20:31:34.862	TEL,958,S2,793654725,0,0,0,436,2928                            
2026-10-06T20:31:34.883	TEL,959,S2,793674725,0,0,0,436,2928                            
2026-10-06T20:31:34.904	TEL,960,S2,793694725,0,0,0,425,2928                            
2026-10-06T20:31:34.924	TEL,961,S2,793714725,0,0,0,428,2932                            
2026-10-06T20:31:34.945	TEL,962,S2,793734725,0,0,0,439,2932                            
2026-10-06T20:31:34.964	TEL,963,S2,793754725,0,0,0,439,2933                            
2026-10-06T20:31:34.988	TEL,964,S2,793774725,0,0,0,433,2933                            
2026-10-06T20:31:35.003	TEL,965,S2,793794725,0,0,0,433,2932                            
2026-10-06T20:31:35.023	TEL,966,S2,793814725,0,0,0,442,2932                            
2026-10-06T20:31:35.044	TEL,967,S2,793834725,0,0,0,439,2927                            
2026-10-06T20:31:35.062	TEL,968,S2,793854725,0,0,0,439,2927                            
2026-10-06T20:31:35.103	TEL,969,S2,793874725,0,0,0,448,2937                            
2026-10-06T20:31:35.103	BTN,21,S2,PRESSED,793876975,793876982                          
2026-10-06T20:31:35.103	TEL,970,S2,793894725,0,0,0,439,2937                            
2026-10-06T20:31:35.128	TEL,971,S2,793914725,0,0,0,433,2932                            
2026-10-06T20:31:35.141	TEL,972,S2,793934725,0,0,0,439,2932                            
2026-10-06T20:31:35.167	TEL,973,S2,793954725,0,0,0,436,2930                            
2026-10-06T20:31:35.181	TEL,974,S2,793974725,0,0,0,430,2930                            
2026-10-06T20:31:35.208	TEL,975,S2,793994725,0,0,0,430,2928                            
2026-10-06T20:31:35.224	TEL,976,S2,794014725,0,0,0,425,2928                            
2026-10-06T20:31:35.248	TEL,977,S2,794034725,0,0,0,433,2937                            
2026-10-06T20:31:35.261	TEL,978,S2,794054725,0,0,0,442,2937                            
2026-10-06T20:31:35.288	TEL,979,S2,794074725,0,0,0,439,2932                            
2026-10-06T20:31:35.303	TEL,980,S2,794094725,0,0,0,442,2932                            
2026-10-06T20:31:35.328	TEL,981,S2,794114725,0,0,0,442,2933                            
2026-10-06T20:31:35.342	TEL,982,S2,794134725,0,0,0,439,2933                            
2026-10-06T20:31:35.367	TEL,983,S2,794154725,0,0,0,433,2927                            
2026-10-06T20:31:35.383	TEL,984,S2,794174725,0,0,0,422,2927                            
2026-10-06T20:31:35.407	TEL,985,S2,794194725,0,0,0,430,2935                            
2026-10-06T20:31:35.423	TEL,986,S2,794214725,0,0,0,436,2935                            
2026-10-06T20:31:35.448	TEL,987,S2,794234725,0,0,0,436,2935                            
2026-10-06T20:31:35.464	TEL,988,S2,794254725,0,0,0,442,2935                            
2026-10-06T20:31:35.487	TEL,989,S2,794274725,0,0,0,439,2932                            
2026-10-06T20:31:35.504	TEL,990,S2,794294725,0,0,0,439,2932                            
2026-10-06T20:31:35.528	TEL,991,S2,794314725,0,0,0,436,2930                            
2026-10-06T20:31:35.544	TEL,992,S2,794334725,0,0,0,428,2930                            
2026-10-06T20:31:35.562	TEL,993,S2,794354725,0,0,0,430,2932                            
2026-10-06T20:31:35.584	TEL,994,S2,794374725,0,0,0,433,2932                            
2026-10-06T20:31:35.602	TEL,995,S2,794394725,0,0,0,433,2933                            
2026-10-06T20:31:35.623	TEL,996,S2,794414725,0,0,0,439,2933                            
2026-10-06T20:31:35.643	TEL,997,S2,794434725,0,0,0,433,2927                            
2026-10-06T20:31:35.664	TEL,998,S2,794454725,0,0,0,433,2927                            
2026-10-06T20:31:35.687	TEL,999,S2,794474725,0,0,0,436,2928                            
2026-10-06T20:31:35.703	TEL,1000,S2,794494725,0,0,0,430,2928                           
2026-10-06T20:31:35.728	TEL,1001,S2,794514725,0,0,0,439,2939                           
2026-10-06T20:31:35.743	TEL,1002,S2,794534725,0,0,0,442,2939                           
2026-10-06T20:31:35.762	BTN,22,S2,PRESSED,794550980,794550987                          
2026-10-06T20:31:35.762	TEL,1003,S2,794554725,0,0,0,436,2932                           
2026-10-06T20:31:35.788	TEL,1004,S2,794574725,0,0,0,439,2932                           
2026-10-06T20:31:35.802	TEL,1005,S2,794594725,0,0,0,442,2937                           
2026-10-06T20:31:35.828	TEL,1006,S2,794614725,0,0,0,436,2937                           
2026-10-06T20:31:35.843	TEL,1007,S2,794634725,0,0,0,430,2932                           
2026-10-06T20:31:35.862	TEL,1008,S2,794654725,0,0,0,445,2932                           
2026-10-06T20:31:35.883	TEL,1009,S2,794674725,0,0,0,442,2928                           
2026-10-06T20:31:35.907	TEL,1010,S2,794694725,0,0,0,436,2928                           
2026-10-06T20:31:35.924	TEL,1011,S2,794714725,0,0,0,436,2928                           
2026-10-06T20:31:35.948	TEL,1012,S2,794734725,0,0,0,448,2928                           
2026-10-06T20:31:35.963	TEL,1013,S2,794754725,0,0,0,457,2939                           
2026-10-06T20:31:35.988	TEL,1014,S2,794774725,0,0,0,457,2939                           
2026-10-06T20:31:36.003	TEL,1015,S2,794794725,0,0,0,454,2933                           
2026-10-06T20:31:36.028	TEL,1016,S2,794814725,0,0,0,433,2933                           
2026-10-06T20:31:36.043	TEL,1017,S2,794834725,0,0,0,436,2937                           
2026-10-06T20:31:36.062	TEL,1018,S2,794854725,0,0,0,448,2937                           
2026-10-06T20:31:36.083	TEL,1019,S2,794874725,0,0,0,448,2937                           
2026-10-06T20:31:36.106	TEL,1020,S2,794894725,0,0,0,445,2937                           
2026-10-06T20:31:36.123	TEL,1021,S2,794914725,0,0,0,442,2932                           
2026-10-06T20:31:36.147	TEL,1022,S2,794934725,0,0,0,436,2932                           
2026-10-06T20:31:36.163	TEL,1023,S2,794954725,0,0,0,433,2928                           
2026-10-06T20:31:36.185	TEL,1024,S2,794974725,0,0,0,436,2928                           
2026-10-06T20:31:36.203	TEL,1025,S2,794994725,0,0,0,442,2932                           
2026-10-06T20:31:36.228	TEL,1026,S2,795014725,0,0,0,442,2932                           
2026-10-06T20:31:36.245	TEL,1027,S2,795034725,0,0,0,436,2928                           
2026-10-06T20:31:36.262	TEL,1028,S2,795054725,0,0,0,430,2928                           
2026-10-06T20:31:36.284	TEL,1029,S2,795074725,0,0,0,439,2937                           
2026-10-06T20:31:36.328	TEL,1030,S2,795094725,0,0,0,439,2937                           
2026-10-06T20:31:36.328	BTN,23,S2,PRESSED,795108985,795108993                          
2026-10-06T20:31:36.328	TEL,1031,S2,795114725,0,0,0,439,2939                           
2026-10-06T20:31:36.342	TEL,1032,S2,795134725,0,0,0,433,2939                           
2026-10-06T20:31:36.362	TEL,1033,S2,795154725,0,0,0,433,2937                           
2026-10-06T20:31:36.383	TEL,1034,S2,795174725,0,0,0,445,2937                           
2026-10-06T20:31:36.404	TEL,1035,S2,795194725,0,0,0,442,2932                           
2026-10-06T20:31:36.424	TEL,1036,S2,795214725,0,0,0,430,2932                           
2026-10-06T20:31:36.443	TEL,1037,S2,795234725,0,0,0,428,2928                           
2026-10-06T20:31:36.463	TEL,1038,S2,795254725,0,0,0,442,2928                           
2026-10-06T20:31:36.487	TEL,1039,S2,795274725,0,0,0,442,2928                           
2026-10-06T20:31:36.504	TEL,1040,S2,795294725,0,0,0,430,2928                           
2026-10-06T20:31:36.522	TEL,1041,S2,795314725,0,0,0,430,2930                           
2026-10-06T20:31:36.543	TEL,1042,S2,795334725,0,0,0,445,2930                           
2026-10-06T20:31:36.565	TEL,1043,S2,795354725,0,0,0,451,2937                           
2026-10-06T20:31:36.584	TEL,1044,S2,795374725,0,0,0,439,2937                           
2026-10-06T20:31:36.602	TEL,1045,S2,795394725,0,0,0,430,2928                           
2026-10-06T20:31:36.624	TEL,1046,S2,795414725,0,0,0,430,2928                           
2026-10-06T20:31:36.647	TEL,1047,S2,795434725,0,0,0,430,2928                           
2026-10-06T20:31:36.664	TEL,1048,S2,795454725,0,0,0,436,2928                           
2026-10-06T20:31:36.687	TEL,1049,S2,795474725,0,0,0,430,2925                           
2026-10-06T20:31:36.703	TEL,1050,S2,795494725,0,0,0,428,2925                           
2026-10-06T20:31:36.728	TEL,1051,S2,795514725,0,0,0,433,2928                           
2026-10-06T20:31:36.745	TEL,1052,S2,795534725,0,0,0,430,2928                           
2026-10-06T20:31:36.768	TEL,1053,S2,795554725,0,0,0,433,2932                           
2026-10-06T20:31:36.783	TEL,1054,S2,795574725,0,0,0,430,2932                           
2026-10-06T20:31:36.803	TEL,1055,S2,795594725,0,0,0,428,2928                           
2026-10-06T20:31:36.821	TEL,1056,S2,795614725,0,0,0,436,2928                           
2026-10-06T20:31:36.845	TEL,1057,S2,795634725,0,0,0,445,2937                           
2026-10-06T20:31:36.861	TEL,1058,S2,795654725,0,0,0,439,2937                           
2026-10-06T20:31:36.883	TEL,1059,S2,795674725,0,0,0,439,2937                           
2026-10-06T20:31:36.904	TEL,1060,S2,795694725,0,0,0,439,2937                           
2026-10-06T20:31:36.925	TEL,1061,S2,795714725,0,0,0,433,2932                           
2026-10-06T20:31:36.967	TEL,1062,S2,795734725,0,0,0,442,2932                           
2026-10-06T20:31:36.967	BTN,24,S2,PRESSED,795746991,795746998                          
2026-10-06T20:31:36.967	TEL,1063,S2,795754725,0,0,0,451,2939                           
2026-10-06T20:31:36.984	TEL,1064,S2,795774725,0,0,0,448,2939                           
2026-10-06T20:31:37.007	TEL,1065,S2,795794725,0,0,0,442,2932                           
2026-10-06T20:31:37.022	TEL,1066,S2,795814725,0,0,0,439,2932                           
2026-10-06T20:31:37.048	TEL,1067,S2,795834725,0,0,0,439,2932                           
2026-10-06T20:31:37.062	TEL,1068,S2,795854725,0,0,0,445,2932                           
2026-10-06T20:31:37.088	TEL,1069,S2,795874725,0,0,0,442,2928                           
2026-10-06T20:31:37.104	TEL,1070,S2,795894725,0,0,0,433,2928                           
2026-10-06T20:31:37.128	TEL,1071,S2,795914725,0,0,0,436,2932                           
2026-10-06T20:31:37.142	TEL,1072,S2,795934725,0,0,0,442,2932                           
2026-10-06T20:31:37.168	TEL,1073,S2,795954725,0,0,0,442,2932                           
2026-10-06T20:31:37.182	TEL,1074,S2,795974725,0,0,0,433,2932                           
2026-10-06T20:31:37.207	TEL,1075,S2,795994725,0,0,0,433,2932                           
2026-10-06T20:31:37.221	TEL,1076,S2,796014725,0,0,0,433,2932                           
2026-10-06T20:31:37.248	TEL,1077,S2,796034725,0,0,0,433,2933                           
2026-10-06T20:31:37.262	TEL,1078,S2,796054725,0,0,0,442,2933                           
2026-10-06T20:31:37.288	TEL,1079,S2,796074725,0,0,0,442,2932                           
2026-10-06T20:31:37.304	TEL,1080,S2,796094725,0,0,0,439,2932                           
2026-10-06T20:31:37.328	TEL,1081,S2,796114725,0,0,0,436,2928                           
2026-10-06T20:31:37.342	TEL,1082,S2,796134725,0,0,0,428,2928                           
2026-10-06T20:31:37.362	TEL,1083,S2,796154725,0,0,0,430,2932                           
2026-10-06T20:31:37.383	TEL,1084,S2,796174725,0,0,0,442,2932                           
2026-10-06T20:31:37.405	TEL,1085,S2,796194725,0,0,0,442,2932                           
2026-10-06T20:31:37.422	TEL,1086,S2,796214725,0,0,0,430,2932                           
2026-10-06T20:31:37.447	TEL,1087,S2,796234725,0,0,0,428,2928                           
2026-10-06T20:31:37.463	TEL,1088,S2,796254725,0,0,0,436,2928                           
2026-10-06T20:31:37.488	TEL,1089,S2,796274725,0,0,0,439,2932                           
2026-10-06T20:31:37.504	TEL,1090,S2,796294725,0,0,0,442,2932                           
2026-10-06T20:31:37.522	TEL,1091,S2,796314725,0,0,0,445,2937                           
2026-10-06T20:31:37.543	TEL,1092,S2,796334725,0,0,0,448,2937                           
2026-10-06T20:31:37.563	TEL,1093,S2,796354725,0,0,0,448,2937                           
2026-10-06T20:31:37.584	TEL,1094,S2,796374725,0,0,0,448,2937                           
2026-10-06T20:31:37.603	TEL,1095,S2,796394725,0,0,0,439,2927                           
2026-10-06T20:31:37.624	TEL,1096,S2,796414725,0,0,0,428,2927                           
2026-10-06T20:31:37.644	TEL,1097,S2,796434725,0,0,0,439,2937                           
2026-10-06T20:31:37.663	TEL,1098,S2,796454725,0,0,0,436,2937                           
2026-10-06T20:31:37.686	TEL,1099,S2,796474725,0,0,0,428,2928                           
2026-10-06T20:31:37.703	TEL,1100,S2,796494725,0,0,0,439,2928                           
2026-10-06T20:31:37.728	TEL,1101,S2,796514725,0,0,0,448,2937                           
2026-10-06T20:31:37.749	BTN,25,S2,PRESSED,796532996,796533004                          
2026-10-06T20:31:37.749	TEL,1102,S2,796534725,0,0,0,445,2937                           
2026-10-06T20:31:37.765	TEL,1103,S2,796554725,0,0,0,454,2944                           
2026-10-06T20:31:37.788	TEL,1104,S2,796574725,0,0,0,451,2944                           
2026-10-06T20:31:37.803	TEL,1105,S2,796594725,0,0,0,442,2937                           
2026-10-06T20:31:37.828	TEL,1106,S2,796614725,0,0,0,445,2937                           
2026-10-06T20:31:37.842	TEL,1107,S2,796634725,0,0,0,445,2937                           
2026-10-06T20:31:37.866	TEL,1108,S2,796654725,0,0,0,445,2937                           
2026-10-06T20:31:37.883	TEL,1109,S2,796674725,0,0,0,442,2932                           
2026-10-06T20:31:37.904	TEL,1110,S2,796694725,0,0,0,442,2932                           
2026-10-06T20:31:37.924	TEL,1111,S2,796714725,0,0,0,442,2932                           
2026-10-06T20:31:37.946	TEL,1112,S2,796734725,0,0,0,430,2932                           
2026-10-06T20:31:37.963	TEL,1113,S2,796754725,0,0,0,436,2937                           
2026-10-06T20:31:37.987	TEL,1114,S2,796774725,0,0,0,445,2937                           
2026-10-06T20:31:38.004	TEL,1115,S2,796794725,0,0,0,436,2928                           
2026-10-06T20:31:38.022	TEL,1116,S2,796814725,0,0,0,439,2928                           
2026-10-06T20:31:38.044	TEL,1117,S2,796834725,0,0,0,442,2932                           
2026-10-06T20:31:38.067	TEL,1118,S2,796854725,0,0,0,433,2932                           
2026-10-06T20:31:38.084	TEL,1119,S2,796874725,0,0,0,430,2930                           
2026-10-06T20:31:38.106	TEL,1120,S2,796894725,0,0,0,433,2930                           
2026-10-06T20:31:38.123	TEL,1121,S2,796914725,0,0,0,442,2939                           
2026-10-06T20:31:38.143	TEL,1122,S2,796934725,0,0,0,439,2939                           
2026-10-06T20:31:38.163	TEL,1123,S2,796954725,0,0,0,439,2937                           
2026-10-06T20:31:38.187	TEL,1124,S2,796974725,0,0,0,442,2937                           
2026-10-06T20:31:38.203	TEL,1125,S2,796994725,0,0,0,442,2937                           
2026-10-06T20:31:38.227	TEL,1126,S2,797014725,0,0,0,439,2937                           
2026-10-06T20:31:38.242	TEL,1127,S2,797034725,0,0,0,430,2928                           
2026-10-06T20:31:38.267	TEL,1128,S2,797054725,0,0,0,433,2928                           
2026-10-06T20:31:38.284	TEL,1129,S2,797074725,0,0,0,436,2932                           
2026-10-06T20:31:38.307	TEL,1130,S2,797094725,0,0,0,433,2932                           
2026-10-06T20:31:38.324	TEL,1131,S2,797114725,0,0,0,439,2937                           
2026-10-06T20:31:38.342	TEL,1132,S2,797134725,0,0,0,448,2937                           
2026-10-06T20:31:38.362	TEL,1133,S2,797154725,0,0,0,448,2937                           
2026-10-06T20:31:38.383	TEL,1134,S2,797174725,0,0,0,439,2937                           
2026-10-06T20:31:38.404	TEL,1135,S2,797194725,0,0,0,439,2937                           
2026-10-06T20:31:38.427	TEL,1136,S2,797214725,0,0,0,439,2937                           
2026-10-06T20:31:38.442	TEL,1137,S2,797234725,0,0,0,439,2937                           
2026-10-06T20:31:38.467	TEL,1138,S2,797254725,0,0,0,448,2937                           
2026-10-06T20:31:38.483	TEL,1139,S2,797274725,0,0,0,442,2930                           
2026-10-06T20:31:38.522	TEL,1140,S2,797294725,0,0,0,439,2930                           
2026-10-06T20:31:38.522	BTN,26,S2,PRESSED,797296002,797296009                          
2026-10-06T20:31:38.522	TEL,1141,S2,797314725,0,0,0,442,2933                           
2026-10-06T20:31:38.548	TEL,1142,S2,797334725,0,0,0,442,2933                           
2026-10-06T20:31:38.564	TEL,1143,S2,797354725,0,0,0,436,2928                           
2026-10-06T20:31:38.588	TEL,1144,S2,797374725,0,0,0,439,2928                           
2026-10-06T20:31:38.604	TEL,1145,S2,797394725,0,0,0,439,2928                           
2026-10-06T20:31:38.627	TEL,1146,S2,797414725,0,0,0,448,2928                           
2026-10-06T20:31:38.642	TEL,1147,S2,797434725,0,0,0,451,2932                           
2026-10-06T20:31:38.668	TEL,1148,S2,797454725,0,0,0,442,2932                           
2026-10-06T20:31:38.681	TEL,1149,S2,797474725,0,0,0,448,2937                           
2026-10-06T20:31:38.707	TEL,1150,S2,797494725,0,0,0,445,2937                           
2026-10-06T20:31:38.722	TEL,1151,S2,797514725,0,0,0,442,2932                           
2026-10-06T20:31:38.748	TEL,1152,S2,797534725,0,0,0,442,2932                           
2026-10-06T20:31:38.762	TEL,1153,S2,797554725,0,0,0,445,2937                           
2026-10-06T20:31:38.788	TEL,1154,S2,797574725,0,0,0,445,2937                           
2026-10-06T20:31:38.802	TEL,1155,S2,797594725,0,0,0,445,2935                           
2026-10-06T20:31:38.828	TEL,1156,S2,797614725,0,0,0,445,2935                           
2026-10-06T20:31:38.842	TEL,1157,S2,797634725,0,0,0,436,2928                           
2026-10-06T20:31:38.862	TEL,1158,S2,797654725,0,0,0,439,2928                           
2026-10-06T20:31:38.883	TEL,1159,S2,797674725,0,0,0,448,2935                           
2026-10-06T20:31:38.904	TEL,1160,S2,797694725,0,0,0,445,2935                           
2026-10-06T20:31:38.923	TEL,1161,S2,797714725,0,0,0,436,2928                           
2026-10-06T20:31:38.947	TEL,1162,S2,797734725,0,0,0,428,2928                           
2026-10-06T20:31:38.962	TEL,1163,S2,797754725,0,0,0,428,2928                           
2026-10-06T20:31:38.987	TEL,1164,S2,797774725,0,0,0,430,2928                           
2026-10-06T20:31:39.003	TEL,1165,S2,797794725,0,0,0,433,2932                           
2026-10-06T20:31:39.026	TEL,1166,S2,797814725,0,0,0,436,2932                           
2026-10-06T20:31:39.044	TEL,1167,S2,797834725,0,0,0,442,2937                           
2026-10-06T20:31:39.063	TEL,1168,S2,797854725,0,0,0,442,2937                           
2026-10-06T20:31:39.084	TEL,1169,S2,797874725,0,0,0,439,2932                           
2026-10-06T20:31:39.106	TEL,1170,S2,797894725,0,0,0,433,2932                           
2026-10-06T20:31:39.124	TEL,1171,S2,797914725,0,0,0,428,2925                           
2026-10-06T20:31:39.145	TEL,1172,S2,797934725,0,0,0,433,2925                           
2026-10-06T20:31:39.164	TEL,1173,S2,797954725,0,0,0,436,2928                           
2026-10-06T20:31:39.186	TEL,1174,S2,797974725,0,0,0,433,2928                           
2026-10-06T20:31:39.202	TEL,1175,S2,797994725,0,0,0,428,2925                           
2026-10-06T20:31:39.227	TEL,1176,S2,798014725,0,0,0,436,2925                           
2026-10-06T20:31:39.241	TEL,1177,S2,798034725,0,0,0,442,2932                           
2026-10-06T20:31:39.268	TEL,1178,S2,798054725,0,0,0,442,2932                           
2026-10-06T20:31:39.301	TEL,1179,S2,798074725,0,0,0,442,2932                           
2026-10-06T20:31:39.301	BTN,27,S2,PRESSED,798076007,798076015                          
2026-10-06T20:31:39.301	TEL,1180,S2,798094725,0,0,0,442,2932                           
2026-10-06T20:31:39.328	TEL,1181,S2,798114725,0,0,0,439,2927                           
2026-10-06T20:31:39.342	TEL,1182,S2,798134725,0,0,0,436,2927                           
2026-10-06T20:31:39.367	TEL,1183,S2,798154725,0,0,0,442,2932                           
2026-10-06T20:31:39.383	TEL,1184,S2,798174725,0,0,0,439,2932                           
2026-10-06T20:31:39.403	TEL,1185,S2,798194725,0,0,0,439,2932                           
2026-10-06T20:31:39.423	TEL,1186,S2,798214725,0,0,0,442,2932                           
2026-10-06T20:31:39.447	TEL,1187,S2,798234725,0,0,0,436,2928                           
2026-10-06T20:31:39.463	TEL,1188,S2,798254725,0,0,0,448,2928                           
2026-10-06T20:31:39.487	TEL,1189,S2,798274725,0,0,0,457,2939                           
2026-10-06T20:31:39.504	TEL,1190,S2,798294725,0,0,0,439,2939                           
2026-10-06T20:31:39.522	TEL,1191,S2,798314725,0,0,0,439,2937                           
2026-10-06T20:31:39.543	TEL,1192,S2,798334725,0,0,0,445,2937                           
2026-10-06T20:31:39.562	TEL,1193,S2,798354725,0,0,0,436,2928                           
2026-10-06T20:31:39.583	TEL,1194,S2,798374725,0,0,0,436,2928                           
2026-10-06T20:31:39.602	TEL,1195,S2,798394725,0,0,0,442,2932                           
2026-10-06T20:31:39.624	TEL,1196,S2,798414725,0,0,0,430,2932                           
2026-10-06T20:31:39.647	TEL,1197,S2,798434725,0,0,0,436,2937                           
2026-10-06T20:31:39.663	TEL,1198,S2,798454725,0,0,0,451,2937                           
2026-10-06T20:31:39.687	TEL,1199,S2,798474725,0,0,0,451,2937                           
2026-10-06T20:31:39.703	TEL,1200,S2,798494725,0,0,0,442,2937                           
2026-10-06T20:31:39.727	TEL,1201,S2,798514725,0,0,0,442,2937                           
2026-10-06T20:31:39.741	TEL,1202,S2,798534725,0,0,0,448,2937                           
2026-10-06T20:31:39.762	TEL,1203,S2,798554725,0,0,0,439,2927                           
2026-10-06T20:31:39.782	TEL,1204,S2,798574725,0,0,0,439,2927                           
2026-10-06T20:31:39.803	TEL,1205,S2,798594725,0,0,0,442,2932                           
2026-10-06T20:31:39.842	TEL,1206,S2,798614725,0,0,0,442,2932                           
2026-10-06T20:31:39.842	BTN,28,S2,PRESSED,798618013,798618020                          
2026-10-06T20:31:39.842	TEL,1207,S2,798634725,0,0,0,442,2932                           
2026-10-06T20:31:39.862	TEL,1208,S2,798654725,0,0,0,433,2932                           
2026-10-06T20:31:39.883	TEL,1209,S2,798674725,0,0,0,433,2932                           
2026-10-06T20:31:39.904	TEL,1210,S2,798694725,0,0,0,433,2932                           
2026-10-06T20:31:39.924	TEL,1211,S2,798714725,0,0,0,430,2928                           
2026-10-06T20:31:39.941	TEL,1212,S2,798734725,0,0,0,442,2928                           
2026-10-06T20:31:39.963	TEL,1213,S2,798754725,0,0,0,451,2937                           
2026-10-06T20:31:39.987	TEL,1214,S2,798774725,0,0,0,439,2937                           
2026-10-06T20:31:40.003	TEL,1215,S2,798794725,0,0,0,439,2937                           
2026-10-06T20:31:40.023	TEL,1216,S2,798814725,0,0,0,451,2937                           
2026-10-06T20:31:40.043	TEL,1217,S2,798834725,0,0,0,442,2928                           
2026-10-06T20:31:40.062	TEL,1218,S2,798854725,0,0,0,433,2928                           
2026-10-06T20:31:40.084	TEL,1219,S2,798874725,0,0,0,433,2928                           
2026-10-06T20:31:40.108	TEL,1220,S2,798894725,0,0,0,436,2928                           
2026-10-06T20:31:40.124	TEL,1221,S2,798914725,0,0,0,436,2927                           
2026-10-06T20:31:40.147	TEL,1222,S2,798934725,0,0,0,425,2927                           
2026-10-06T20:31:40.164	TEL,1223,S2,798954725,0,0,0,436,2937                           
2026-10-06T20:31:40.185	TEL,1224,S2,798974725,0,0,0,445,2937                           
2026-10-06T20:31:40.203	TEL,1225,S2,798994725,0,0,0,433,2925                           
2026-10-06T20:31:40.227	TEL,1226,S2,799014725,0,0,0,433,2925                           
2026-10-06T20:31:40.241	TEL,1227,S2,799034725,0,0,0,436,2928                           
2026-10-06T20:31:40.266	TEL,1228,S2,799054725,0,0,0,428,2928                           
2026-10-06T20:31:40.281	TEL,1229,S2,799074725,0,0,0,436,2937                           
2026-10-06T20:31:40.302	TEL,1230,S2,799094725,0,0,0,439,2937                           
2026-10-06T20:31:40.322	TEL,1231,S2,799114725,0,0,0,439,2937                           
2026-10-06T20:31:40.342	TEL,1232,S2,799134725,0,0,0,445,2937                           
2026-10-06T20:31:40.383	BTN,29,S2,PRESSED,799154018,799154026                          
2026-10-06T20:31:40.383	TEL,1233,S2,799154725,0,0,0,436,2928                           
2026-10-06T20:31:40.383	TEL,1234,S2,799174725,0,0,0,425,2928                           
2026-10-06T20:31:40.407	TEL,1235,S2,799194725,0,0,0,433,2937                           
2026-10-06T20:31:40.423	TEL,1236,S2,799214725,0,0,0,445,2937                           
2026-10-06T20:31:40.441	TEL,1237,S2,799234725,0,0,0,442,2932                           
2026-10-06T20:31:40.462	TEL,1238,S2,799254725,0,0,0,433,2932                           
2026-10-06T20:31:40.487	TEL,1239,S2,799274725,0,0,0,439,2937                           
2026-10-06T20:31:40.503	TEL,1240,S2,799294725,0,0,0,457,2937                           
2026-10-06T20:31:40.525	TEL,1241,S2,799314725,0,0,0,445,2927                           
2026-10-06T20:31:40.543	TEL,1242,S2,799334725,0,0,0,439,2927                           
2026-10-06T20:31:40.561	TEL,1243,S2,799354725,0,0,0,436,2925                           
2026-10-06T20:31:40.584	TEL,1244,S2,799374725,0,0,0,436,2925                           
2026-10-06T20:31:40.603	TEL,1245,S2,799394725,0,0,0,442,2932                           
2026-10-06T20:31:40.624	TEL,1246,S2,799414725,0,0,0,433,2932                           
2026-10-06T20:31:40.645	TEL,1247,S2,799434725,0,0,0,433,2932                           
2026-10-06T20:31:40.664	TEL,1248,S2,799454725,0,0,0,439,2932                           
2026-10-06T20:31:40.687	TEL,1249,S2,799474725,0,0,0,439,2932                           
2026-10-06T20:31:40.703	TEL,1250,S2,799494725,0,0,0,442,2932                           
2026-10-06T20:31:40.727	TEL,1251,S2,799514725,0,0,0,445,2937                           
2026-10-06T20:31:40.743	TEL,1252,S2,799534725,0,0,0,445,2937                           
2026-10-06T20:31:40.761	TEL,1253,S2,799554725,0,0,0,445,2937                           
2026-10-06T20:31:40.781	TEL,1254,S2,799574725,0,0,0,439,2937                           
2026-10-06T20:31:40.802	TEL,1255,S2,799594725,0,0,0,430,2928                           
2026-10-06T20:31:40.821	TEL,1256,S2,799614725,0,0,0,439,2928                           
2026-10-06T20:31:40.843	TEL,1257,S2,799634725,0,0,0,439,2928                           
2026-10-06T20:31:40.863	TEL,1258,S2,799654725,0,0,0,436,2928                           
2026-10-06T20:31:40.884	TEL,1259,S2,799674725,0,0,0,442,2932                           
2026-10-06T20:31:40.901	TEL,1260,S2,799694725,0,0,0,433,2932                           
2026-10-06T20:31:40.926	TEL,1261,S2,799714725,0,0,0,430,2928                           
2026-10-06T20:31:40.962	TEL,1262,S2,799734725,0,0,0,436,2928                           
2026-10-06T20:31:40.962	BTN,30,S2,PRESSED,799736024,799736031                          
2026-10-06T20:31:40.962	TEL,1263,S2,799754725,0,0,0,436,2928                           
2026-10-06T20:31:40.986	TEL,1264,S2,799774725,0,0,0,445,2928                           
2026-10-06T20:31:41.003	TEL,1265,S2,799794725,0,0,0,454,2937                           
2026-10-06T20:31:41.026	TEL,1266,S2,799814725,0,0,0,442,2937                           
2026-10-06T20:31:41.043	TEL,1267,S2,799834725,0,0,0,442,2935                           
2026-10-06T20:31:41.062	TEL,1268,S2,799854725,0,0,0,430,2935                           
2026-10-06T20:31:41.084	TEL,1269,S2,799874725,0,0,0,433,2937                           
2026-10-06T20:31:41.103	TEL,1270,S2,799894725,0,0,0,445,2937                           
2026-10-06T20:31:41.124	TEL,1271,S2,799914725,0,0,0,433,2925                           
2026-10-06T20:31:41.147	TEL,1272,S2,799934725,0,0,0,428,2925                           
2026-10-06T20:31:41.163	TEL,1273,S2,799954725,0,0,0,439,2937                           
2026-10-06T20:31:41.187	TEL,1274,S2,799974725,0,0,0,445,2937                           
2026-10-06T20:31:41.203	TEL,1275,S2,799994725,0,0,0,436,2928                           
2026-10-06T20:31:41.227	TEL,1276,S2,800014725,0,0,0,439,2928                           
2026-10-06T20:31:41.241	TEL,1277,S2,800034725,0,0,0,439,2928                           
2026-10-06T20:31:41.261	TEL,1278,S2,800054725,0,0,0,442,2928                           
2026-10-06T20:31:41.281	TEL,1279,S2,800074725,0,0,0,445,2932                           
2026-10-06T20:31:41.303	TEL,1280,S2,800094725,0,0,0,442,2932                           
2026-10-06T20:31:41.322	TEL,1281,S2,800114725,0,0,0,433,2925                           
2026-10-06T20:31:41.347	TEL,1282,S2,800134725,0,0,0,428,2925                           
2026-10-06T20:31:41.363	TEL,1283,S2,800154725,0,0,0,433,2932                           
2026-10-06T20:31:41.383	TEL,1284,S2,800174725,0,0,0,433,2932                           
2026-10-06T20:31:41.403	TEL,1285,S2,800194725,0,0,0,433,2932                           
2026-10-06T20:31:41.427	TEL,1286,S2,800214725,0,0,0,442,2932                           
2026-10-06T20:31:41.442	TEL,1287,S2,800234725,0,0,0,445,2937                           
2026-10-06T20:31:41.467	TEL,1288,S2,800254725,0,0,0,448,2937                           
2026-10-06T20:31:41.483	TEL,1289,S2,800274725,0,0,0,451,2939                           
2026-10-06T20:31:41.507	TEL,1290,S2,800294725,0,0,0,436,2939                           
2026-10-06T20:31:41.521	TEL,1291,S2,800314725,0,0,0,428,2928                           
2026-10-06T20:31:41.547	TEL,1292,S2,800334725,0,0,0,433,2928                           
2026-10-06T20:31:41.587	TEL,1293,S2,800354725,0,0,0,442,2937                           
2026-10-06T20:31:41.587	BTN,31,S2,PRESSED,800359029,800359037                          
2026-10-06T20:31:41.587	TEL,1294,S2,800374725,0,0,0,445,2937                           
2026-10-06T20:31:41.602	TEL,1295,S2,800394725,0,0,0,436,2928                           
2026-10-06T20:31:41.627	TEL,1296,S2,800414725,0,0,0,428,2928                           
2026-10-06T20:31:41.641	TEL,1297,S2,800434725,0,0,0,436,2937                           
2026-10-06T20:31:41.668	TEL,1298,S2,800454725,0,0,0,445,2937                           
2026-10-06T20:31:41.682	TEL,1299,S2,800474725,0,0,0,445,2937                           
2026-10-06T20:31:41.706	TEL,1300,S2,800494725,0,0,0,436,2937                           
2026-10-06T20:31:41.721	TEL,1301,S2,800514725,0,0,0,430,2932                           
2026-10-06T20:31:41.746	TEL,1302,S2,800534725,0,0,0,439,2932                           
2026-10-06T20:31:41.762	TEL,1303,S2,800554725,0,0,0,439,2932                           
2026-10-06T20:31:41.786	TEL,1304,S2,800574725,0,0,0,442,2932                           
2026-10-06T20:31:41.801	TEL,1305,S2,800594725,0,0,0,445,2933                           
2026-10-06T20:31:41.828	TEL,1306,S2,800614725,0,0,0,433,2933                           
2026-10-06T20:31:41.843	TEL,1307,S2,800634725,0,0,0,433,2932                           
2026-10-06T20:31:41.863	TEL,1308,S2,800654725,0,0,0,433,2932                           
2026-10-06T20:31:41.883	TEL,1309,S2,800674725,0,0,0,439,2939                           
2026-10-06T20:31:41.905	TEL,1310,S2,800694725,0,0,0,448,2939                           
2026-10-06T20:31:41.924	TEL,1311,S2,800714725,0,0,0,442,2932                           
2026-10-06T20:31:41.946	TEL,1312,S2,800734725,0,0,0,430,2932                           
2026-10-06T20:31:41.963	TEL,1313,S2,800754725,0,0,0,425,2927                           
2026-10-06T20:31:41.984	TEL,1314,S2,800774725,0,0,0,442,2927                           
2026-10-06T20:31:42.003	TEL,1315,S2,800794725,0,0,0,442,2928                           
2026-10-06T20:31:42.023	TEL,1316,S2,800814725,0,0,0,430,2928                           
2026-10-06T20:31:42.043	TEL,1317,S2,800834725,0,0,0,439,2937                           
2026-10-06T20:31:42.062	TEL,1318,S2,800854725,0,0,0,445,2937                           
2026-10-06T20:31:42.082	TEL,1319,S2,800874725,0,0,0,436,2928                           
2026-10-06T20:31:42.126	TEL,1320,S2,800894725,0,0,0,439,2928                           
2026-10-06T20:31:42.126	BTN,32,S2,PRESSED,800896035,800896042                          
2026-10-06T20:31:42.126	TEL,1321,S2,800914725,0,0,0,448,2937                           
2026-10-06T20:31:42.141	TEL,1322,S2,800934725,0,0,0,445,2937                           
2026-10-06T20:31:42.164	TEL,1323,S2,800954725,0,0,0,442,2932                           
2026-10-06T20:31:42.188	TEL,1324,S2,800974725,0,0,0,433,2932                           
2026-10-06T20:31:42.203	TEL,1325,S2,800994725,0,0,0,430,2928                           
2026-10-06T20:31:42.227	TEL,1326,S2,801014725,0,0,0,428,2928                           
2026-10-06T20:31:42.241	TEL,1327,S2,801034725,0,0,0,430,2932                           
2026-10-06T20:31:42.261	TEL,1328,S2,801054725,0,0,0,433,2932                           
2026-10-06T20:31:42.283	TEL,1329,S2,801074725,0,0,0,430,2928                           
2026-10-06T20:31:42.302	TEL,1330,S2,801094725,0,0,0,433,2928                           
2026-10-06T20:31:42.321	TEL,1331,S2,801114725,0,0,0,445,2941                           
2026-10-06T20:31:42.342	TEL,1332,S2,801134725,0,0,0,442,2941                           
2026-10-06T20:31:42.361	TEL,1333,S2,801154725,0,0,0,439,2937                           
2026-10-06T20:31:42.385	TEL,1334,S2,801174725,0,0,0,439,2937                           
2026-10-06T20:31:42.402	TEL,1335,S2,801194725,0,0,0,433,2932                           
2026-10-06T20:31:42.427	TEL,1336,S2,801214725,0,0,0,433,2932                           
2026-10-06T20:31:42.441	TEL,1337,S2,801234725,0,0,0,430,2928                           
2026-10-06T20:31:42.467	TEL,1338,S2,801254725,0,0,0,436,2928                           
2026-10-06T20:31:42.482	TEL,1339,S2,801274725,0,0,0,436,2927                           
2026-10-06T20:31:42.507	TEL,1340,S2,801294725,0,0,0,445,2927                           
2026-10-06T20:31:42.522	TEL,1341,S2,801314725,0,0,0,445,2928                           
2026-10-06T20:31:42.547	TEL,1342,S2,801334725,0,0,0,439,2928                           
2026-10-06T20:31:42.562	TEL,1343,S2,801354725,0,0,0,451,2939                           
2026-10-06T20:31:42.588	TEL,1344,S2,801374725,0,0,0,439,2939                           
2026-10-06T20:31:42.604	TEL,1345,S2,801394725,0,0,0,433,2933                           
2026-10-06T20:31:42.628	TEL,1346,S2,801414725,0,0,0,454,2933                           
2026-10-06T20:31:42.644	TEL,1347,S2,801434725,0,0,0,457,2937                           
2026-10-06T20:31:42.668	TEL,1348,S2,801454725,0,0,0,445,2937                           
2026-10-06T20:31:42.681	TEL,1349,S2,801474725,0,0,0,436,2928                           
2026-10-06T20:31:42.707	TEL,1350,S2,801494725,0,0,0,436,2928                           
2026-10-06T20:31:42.722	TEL,1351,S2,801514725,0,0,0,442,2932                           
2026-10-06T20:31:42.747	TEL,1352,S2,801534725,0,0,0,439,2932                           
2026-10-06T20:31:42.763	TEL,1353,S2,801554725,0,0,0,442,2937                           
2026-10-06T20:31:42.786	TEL,1354,S2,801574725,0,0,0,448,2937                           
2026-10-06T20:31:42.802	TEL,1355,S2,801594725,0,0,0,439,2928                           
2026-10-06T20:31:42.828	TEL,1356,S2,801614725,0,0,0,436,2928                           
2026-10-06T20:31:42.842	TEL,1357,S2,801634725,0,0,0,442,2932                           
2026-10-06T20:31:42.887	TEL,1358,S2,801654725,0,0,0,442,2932                           
2026-10-06T20:31:42.887	BTN,33,S2,PRESSED,801656040,801656048                          
2026-10-06T20:31:42.887	TEL,1359,S2,801674725,0,0,0,436,2928                           
2026-10-06T20:31:42.907	TEL,1360,S2,801694725,0,0,0,436,2928                           
2026-10-06T20:31:42.923	TEL,1361,S2,801714725,0,0,0,436,2928                           
2026-10-06T20:31:42.946	TEL,1362,S2,801734725,0,0,0,436,2928                           
2026-10-06T20:31:42.963	TEL,1363,S2,801754725,0,0,0,442,2932                           
2026-10-06T20:31:42.987	TEL,1364,S2,801774725,0,0,0,442,2932                           
2026-10-06T20:31:43.003	TEL,1365,S2,801794725,0,0,0,442,2932                           
2026-10-06T20:31:43.024	TEL,1366,S2,801814725,0,0,0,448,2932                           
2026-10-06T20:31:43.043	TEL,1367,S2,801834725,0,0,0,454,2937                           
2026-10-06T20:31:43.064	TEL,1368,S2,801854725,0,0,0,457,2937                           
2026-10-06T20:31:43.083	TEL,1369,S2,801874725,0,0,0,448,2928                           
2026-10-06T20:31:43.106	TEL,1370,S2,801894725,0,0,0,439,2928                           
2026-10-06T20:31:43.123	TEL,1371,S2,801914725,0,0,0,445,2933                           
2026-10-06T20:31:43.143	TEL,1372,S2,801934725,0,0,0,442,2933                           
2026-10-06T20:31:43.164	TEL,1373,S2,801954725,0,0,0,445,2937                           
2026-10-06T20:31:43.187	TEL,1374,S2,801974725,0,0,0,439,2937                           
2026-10-06T20:31:43.203	TEL,1375,S2,801994725,0,0,0,433,2932                           
2026-10-06T20:31:43.227	TEL,1376,S2,802014725,0,0,0,442,2932                           
2026-10-06T20:31:43.241	TEL,1377,S2,802034725,0,0,0,439,2928                           
2026-10-06T20:31:43.261	TEL,1378,S2,802054725,0,0,0,436,2928                           
2026-10-06T20:31:43.281	TEL,1379,S2,802074725,0,0,0,442,2932                           
2026-10-06T20:31:43.306	TEL,1380,S2,802094725,0,0,0,442,2932                           
2026-10-06T20:31:43.322	TEL,1381,S2,802114725,0,0,0,442,2932                           
2026-10-06T20:31:43.342	TEL,1382,S2,802134725,0,0,0,442,2932                           
2026-10-06T20:31:43.363	TEL,1383,S2,802154725,0,0,0,439,2928                           
2026-10-06T20:31:43.384	TEL,1384,S2,802174725,0,0,0,436,2928                           
2026-10-06T20:31:43.402	TEL,1385,S2,802194725,0,0,0,436,2928                           
2026-10-06T20:31:43.442	TEL,1386,S2,802214725,0,0,0,430,2928                           
2026-10-06T20:31:43.442	BTN,34,S2,PRESSED,802230046,802230053                          
2026-10-06T20:31:43.442	TEL,1387,S2,802234725,0,0,0,433,2932                           
2026-10-06T20:31:43.463	TEL,1388,S2,802254725,0,0,0,439,2932                           
2026-10-06T20:31:43.482	TEL,1389,S2,802274725,0,0,0,436,2928                           
2026-10-06T20:31:43.502	TEL,1390,S2,802294725,0,0,0,445,2928                           
2026-10-06T20:31:43.526	TEL,1391,S2,802314725,0,0,0,448,2932                           
2026-10-06T20:31:43.542	TEL,1392,S2,802334725,0,0,0,433,2932                           
2026-10-06T20:31:43.565	TEL,1393,S2,802354725,0,0,0,433,2932                           
2026-10-06T20:31:43.582	TEL,1394,S2,802374725,0,0,0,442,2932                           
2026-10-06T20:31:43.602	TEL,1395,S2,802394725,0,0,0,445,2937                           
2026-10-06T20:31:43.624	TEL,1396,S2,802414725,0,0,0,436,2937                           
2026-10-06T20:31:43.648	TEL,1397,S2,802434725,0,0,0,436,2937                           
2026-10-06T20:31:43.663	TEL,1398,S2,802454725,0,0,0,451,2937                           
2026-10-06T20:31:43.684	TEL,1399,S2,802474725,0,0,0,445,2932                           
2026-10-06T20:31:43.703	TEL,1400,S2,802494725,0,0,0,442,2932                           
2026-10-06T20:31:43.723	TEL,1401,S2,802514725,0,0,0,442,2932                           
2026-10-06T20:31:43.743	TEL,1402,S2,802534725,0,0,0,436,2932                           
2026-10-06T20:31:43.763	TEL,1403,S2,802554725,0,0,0,436,2932                           
2026-10-06T20:31:43.782	TEL,1404,S2,802574725,0,0,0,439,2932                           
2026-10-06T20:31:43.807	TEL,1405,S2,802594725,0,0,0,439,2932                           
2026-10-06T20:31:43.823	TEL,1406,S2,802614725,0,0,0,442,2932                           
2026-10-06T20:31:43.842	TEL,1407,S2,802634725,0,0,0,448,2937                           
2026-10-06T20:31:43.863	TEL,1408,S2,802654725,0,0,0,439,2937                           
2026-10-06T20:31:43.887	TEL,1409,S2,802674725,0,0,0,430,2928                           
2026-10-06T20:31:43.903	TEL,1410,S2,802694725,0,0,0,442,2928                           
2026-10-06T20:31:43.921	TEL,1411,S2,802714725,0,0,0,442,2928                           
2026-10-06T20:31:43.943	TEL,1412,S2,802734725,0,0,0,430,2928                           
2026-10-06T20:31:43.967	TEL,1413,S2,802754725,0,0,0,439,2937                           
2026-10-06T20:31:43.982	TEL,1414,S2,802774725,0,0,0,439,2937                           
2026-10-06T20:31:44.002	TEL,1415,S2,802794725,0,0,0,433,2932                           
2026-10-06T20:31:44.022	TEL,1416,S2,802814725,0,0,0,445,2932                           
2026-10-06T20:31:44.044	TEL,1417,S2,802834725,0,0,0,445,2932                           
2026-10-06T20:31:44.063	TEL,1418,S2,802854725,0,0,0,448,2932                           
2026-10-06T20:31:44.085	TEL,1419,S2,802874725,0,0,0,454,2937                           
2026-10-06T20:31:44.101	TEL,1420,S2,802894725,0,0,0,439,2937                           
2026-10-06T20:31:44.126	TEL,1421,S2,802914725,0,0,0,433,2932                           
2026-10-06T20:31:44.141	TEL,1422,S2,802934725,0,0,0,442,2932                           
2026-10-06T20:31:44.167	TEL,1423,S2,802954725,0,0,0,445,2937                           
2026-10-06T20:31:44.183	TEL,1424,S2,802974725,0,0,0,442,2937                           
2026-10-06T20:31:44.207	TEL,1425,S2,802994725,0,0,0,442,2937                           
2026-10-06T20:31:44.223	TEL,1426,S2,803014725,0,0,0,445,2937                           
2026-10-06T20:31:44.247	TEL,1427,S2,803034725,0,0,0,445,2937                           
2026-10-06T20:31:44.261	TEL,1428,S2,803054725,0,0,0,439,2937                           
2026-10-06T20:31:44.286	TEL,1429,S2,803074725,0,0,0,428,2925                           
2026-10-06T20:31:44.301	TEL,1430,S2,803094725,0,0,0,439,2925                           
2026-10-06T20:31:44.345	TEL,1431,S2,803114725,0,0,0,442,2928                           
2026-10-06T20:31:44.345	BTN,35,S2,PRESSED,803115051,803115058                          
2026-10-06T20:31:44.345	TEL,1432,S2,803134725,0,0,0,436,2928                           
2026-10-06T20:31:44.363	TEL,1433,S2,803154725,0,0,0,448,2939                           
2026-10-06T20:31:44.387	TEL,1434,S2,803174725,0,0,0,439,2939                           
2026-10-06T20:31:44.403	TEL,1435,S2,803194725,0,0,0,433,2932                           
2026-10-06T20:31:44.427	TEL,1436,S2,803214725,0,0,0,442,2932                           
2026-10-06T20:31:44.443	TEL,1437,S2,803234725,0,0,0,442,2932                           
2026-10-06T20:31:44.465	TEL,1438,S2,803254725,0,0,0,433,2932                           
2026-10-06T20:31:44.482	TEL,1439,S2,803274725,0,0,0,430,2928                           
2026-10-06T20:31:44.501	TEL,1440,S2,803294725,0,0,0,430,2928                           
2026-10-06T20:31:44.522	TEL,1441,S2,803314725,0,0,0,439,2937                           
2026-10-06T20:31:44.543	TEL,1442,S2,803334725,0,0,0,457,2937                           
2026-10-06T20:31:44.561	TEL,1443,S2,803354725,0,0,0,451,2932                           
2026-10-06T20:31:44.585	TEL,1444,S2,803374725,0,0,0,436,2932                           
2026-10-06T20:31:44.604	TEL,1445,S2,803394725,0,0,0,436,2932                           
2026-10-06T20:31:44.626	TEL,1446,S2,803414725,0,0,0,433,2932                           
2026-10-06T20:31:44.641	TEL,1447,S2,803434725,0,0,0,430,2928                           
2026-10-06T20:31:44.667	TEL,1448,S2,803454725,0,0,0,428,2928                           
2026-10-06T20:31:44.682	TEL,1449,S2,803474725,0,0,0,428,2928                           
2026-10-06T20:31:44.707	TEL,1450,S2,803494725,0,0,0,433,2928                           
2026-10-06T20:31:44.723	TEL,1451,S2,803514725,0,0,0,436,2932                           
2026-10-06T20:31:44.747	TEL,1452,S2,803534725,0,0,0,442,2932                           
2026-10-06T20:31:44.763	TEL,1453,S2,803554725,0,0,0,445,2937                           
2026-10-06T20:31:44.786	TEL,1454,S2,803574725,0,0,0,436,2937                           
2026-10-06T20:31:44.802	TEL,1455,S2,803594725,0,0,0,428,2928                           
2026-10-06T20:31:44.827	TEL,1456,S2,803614725,0,0,0,430,2928                           
2026-10-06T20:31:44.842	TEL,1457,S2,803634725,0,0,0,428,2925                           
2026-10-06T20:31:44.868	TEL,1458,S2,803654725,0,0,0,433,2925                           
2026-10-06T20:31:44.882	TEL,1459,S2,803674725,0,0,0,442,2932                           
2026-10-06T20:31:44.921	TEL,1460,S2,803694725,0,0,0,442,2932                           
2026-10-06T20:31:44.921	BTN,36,S2,PRESSED,803707057,803707064                          
2026-10-06T20:31:44.921	TEL,1461,S2,803714725,0,0,0,433,2925                           
2026-10-06T20:31:44.947	TEL,1462,S2,803734725,0,0,0,425,2925                           
2026-10-06T20:31:44.962	TEL,1463,S2,803754725,0,0,0,436,2937                           
2026-10-06T20:31:44.984	TEL,1464,S2,803774725,0,0,0,445,2937                           
2026-10-06T20:31:45.002	TEL,1465,S2,803794725,0,0,0,442,2932                           
2026-10-06T20:31:45.022	TEL,1466,S2,803814725,0,0,0,430,2932                           
2026-10-06T20:31:45.043	TEL,1467,S2,803834725,0,0,0,430,2932                           
2026-10-06T20:31:45.067	TEL,1468,S2,803854725,0,0,0,439,2932                           
2026-10-06T20:31:45.082	TEL,1469,S2,803874725,0,0,0,442,2935                           
2026-10-06T20:31:45.106	TEL,1470,S2,803894725,0,0,0,433,2935                           
2026-10-06T20:31:45.123	TEL,1471,S2,803914725,0,0,0,430,2932                           
2026-10-06T20:31:45.147	TEL,1472,S2,803934725,0,0,0,433,2932                           
2026-10-06T20:31:45.162	TEL,1473,S2,803954725,0,0,0,433,2932                           
2026-10-06T20:31:45.185	TEL,1474,S2,803974725,0,0,0,433,2932                           
2026-10-06T20:31:45.203	TEL,1475,S2,803994725,0,0,0,433,2932                           
2026-10-06T20:31:45.224	TEL,1476,S2,804014725,0,0,0,442,2932                           
2026-10-06T20:31:45.243	TEL,1477,S2,804034725,0,0,0,442,2933                           
2026-10-06T20:31:45.267	TEL,1478,S2,804054725,0,0,0,433,2933                           
2026-10-06T20:31:45.283	TEL,1479,S2,804074725,0,0,0,428,2925                           
2026-10-06T20:31:45.304	TEL,1480,S2,804094725,0,0,0,439,2925                           
2026-10-06T20:31:45.322	TEL,1481,S2,804114725,0,0,0,445,2932                           
2026-10-06T20:31:45.347	TEL,1482,S2,804134725,0,0,0,445,2932                           
2026-10-06T20:31:45.363	TEL,1483,S2,804154725,0,0,0,451,2935                           
2026-10-06T20:31:45.387	TEL,1484,S2,804174725,0,0,0,451,2935                           
2026-10-06T20:31:45.401	TEL,1485,S2,804194725,0,0,0,445,2932                           
2026-10-06T20:31:45.421	TEL,1486,S2,804214725,0,0,0,439,2932                           
2026-10-06T20:31:45.443	TEL,1487,S2,804234725,0,0,0,442,2937                           
2026-10-06T20:31:45.467	TEL,1488,S2,804254725,0,0,0,436,2937                           
2026-10-06T20:31:45.483	TEL,1489,S2,804274725,0,0,0,425,2927                           
2026-10-06T20:31:45.501	TEL,1490,S2,804294725,0,0,0,428,2927                           
2026-10-06T20:31:45.522	TEL,1491,S2,804314725,0,0,0,439,2937                           
2026-10-06T20:31:45.543	TEL,1492,S2,804334725,0,0,0,445,2937                           
2026-10-06T20:31:45.561	TEL,1493,S2,804354725,0,0,0,445,2937                           
2026-10-06T20:31:45.585	TEL,1494,S2,804374725,0,0,0,439,2937                           
2026-10-06T20:31:45.602	TEL,1495,S2,804394725,0,0,0,430,2928                           
2026-10-06T20:31:45.626	TEL,1496,S2,804414725,0,0,0,448,2928                           
2026-10-06T20:31:45.661	TEL,1497,S2,804434725,0,0,0,457,2937                           
2026-10-06T20:31:45.661	BTN,37,S2,PRESSED,804444062,804444069                          
2026-10-06T20:31:45.661	TEL,1498,S2,804454725,0,0,0,439,2937                           
2026-10-06T20:31:45.681	TEL,1499,S2,804474725,0,0,0,430,2928                           
2026-10-06T20:31:45.703	TEL,1500,S2,804494725,0,0,0,439,2928                           
2026-10-06T20:31:45.722	TEL,1501,S2,804514725,0,0,0,439,2928                           
2026-10-06T20:31:45.743	TEL,1502,S2,804534725,0,0,0,436,2928                           
2026-10-06T20:31:45.767	TEL,1503,S2,804554725,0,0,0,433,2925                           
2026-10-06T20:31:45.783	TEL,1504,S2,804574725,0,0,0,428,2925                           
2026-10-06T20:31:45.807	TEL,1505,S2,804594725,0,0,0,428,2925                           
2026-10-06T20:31:45.823	TEL,1506,S2,804614725,0,0,0,439,2925                           
2026-10-06T20:31:45.848	TEL,1507,S2,804634725,0,0,0,445,2932                           
2026-10-06T20:31:45.863	TEL,1508,S2,804654725,0,0,0,433,2932                           
2026-10-06T20:31:45.887	TEL,1509,S2,804674725,0,0,0,430,2928                           
2026-10-06T20:31:45.901	TEL,1510,S2,804694725,0,0,0,436,2928                           
2026-10-06T20:31:45.921	TEL,1511,S2,804714725,0,0,0,442,2932                           
2026-10-06T20:31:45.943	TEL,1512,S2,804734725,0,0,0,433,2932                           
2026-10-06T20:31:45.967	TEL,1513,S2,804754725,0,0,0,439,2937                           
2026-10-06T20:31:45.981	TEL,1514,S2,804774725,0,0,0,436,2937                           
2026-10-06T20:31:46.005	TEL,1515,S2,804794725,0,0,0,436,2937                           
2026-10-06T20:31:46.023	TEL,1516,S2,804814725,0,0,0,445,2937                           
2026-10-06T20:31:46.047	TEL,1517,S2,804834725,0,0,0,442,2933                           
2026-10-06T20:31:46.061	TEL,1518,S2,804854725,0,0,0,442,2933                           
2026-10-06T20:31:46.085	TEL,1519,S2,804874725,0,0,0,445,2937                           
2026-10-06T20:31:46.101	TEL,1520,S2,804894725,0,0,0,454,2937                           
2026-10-06T20:31:46.126	TEL,1521,S2,804914725,0,0,0,454,2937                           
2026-10-06T20:31:46.142	TEL,1522,S2,804934725,0,0,0,439,2937                           
2026-10-06T20:31:46.167	TEL,1523,S2,804954725,0,0,0,430,2928                           
2026-10-06T20:31:46.182	TEL,1524,S2,804974725,0,0,0,439,2928                           
2026-10-06T20:31:46.207	TEL,1525,S2,804994725,0,0,0,439,2928                           
2026-10-06T20:31:46.223	TEL,1526,S2,805014725,0,0,0,436,2928                           
2026-10-06T20:31:46.247	TEL,1527,S2,805034725,0,0,0,442,2933                           
2026-10-06T20:31:46.263	TEL,1528,S2,805054725,0,0,0,442,2933                           
2026-10-06T20:31:46.286	TEL,1529,S2,805074725,0,0,0,445,2937                           
2026-10-06T20:31:46.302	TEL,1530,S2,805094725,0,0,0,445,2937                           
2026-10-06T20:31:46.327	TEL,1531,S2,805114725,0,0,0,442,2932                           
2026-10-06T20:31:46.341	TEL,1532,S2,805134725,0,0,0,442,2932                           
2026-10-06T20:31:46.367	TEL,1533,S2,805154725,0,0,0,442,2933                           
2026-10-06T20:31:46.382	TEL,1534,S2,805174725,0,0,0,448,2933                           
2026-10-06T20:31:46.406	TEL,1535,S2,805194725,0,0,0,451,2935                           
2026-10-06T20:31:46.422	TEL,1536,S2,805214725,0,0,0,448,2935                           
2026-10-06T20:31:46.447	TEL,1537,S2,805234725,0,0,0,448,2937                           
2026-10-06T20:31:46.481	TEL,1538,S2,805254725,0,0,0,454,2937                           
2026-10-06T20:31:46.481	BTN,38,S2,PRESSED,805256068,805256075                          
2026-10-06T20:31:46.481	TEL,1539,S2,805274725,0,0,0,448,2932                           
2026-10-06T20:31:46.507	TEL,1540,S2,805294725,0,0,0,433,2932                           
2026-10-06T20:31:46.522	TEL,1541,S2,805314725,0,0,0,430,2928                           
2026-10-06T20:31:46.545	TEL,1542,S2,805334725,0,0,0,436,2928                           
2026-10-06T20:31:46.563	TEL,1543,S2,805354725,0,0,0,442,2932                           
2026-10-06T20:31:46.586	TEL,1544,S2,805374725,0,0,0,442,2932                           
2026-10-06T20:31:46.602	TEL,1545,S2,805394725,0,0,0,436,2928                           
2026-10-06T20:31:46.627	TEL,1546,S2,805414725,0,0,0,430,2928                           
2026-10-06T20:31:46.642	TEL,1547,S2,805434725,0,0,0,430,2928                           
2026-10-06T20:31:46.667	TEL,1548,S2,805454725,0,0,0,430,2928                           
2026-10-06T20:31:46.682	TEL,1549,S2,805474725,0,0,0,439,2937                           
2026-10-06T20:31:46.706	TEL,1550,S2,805494725,0,0,0,451,2937                           
2026-10-06T20:31:46.722	TEL,1551,S2,805514725,0,0,0,442,2928                           
2026-10-06T20:31:46.747	TEL,1552,S2,805534725,0,0,0,428,2928                           
2026-10-06T20:31:46.762	TEL,1553,S2,805554725,0,0,0,430,2932                           
2026-10-06T20:31:46.786	TEL,1554,S2,805574725,0,0,0,433,2932                           
2026-10-06T20:31:46.802	TEL,1555,S2,805594725,0,0,0,439,2937                           
2026-10-06T20:31:46.827	TEL,1556,S2,805614725,0,0,0,448,2937                           
2026-10-06T20:31:46.841	TEL,1557,S2,805634725,0,0,0,442,2932                           
2026-10-06T20:31:46.868	TEL,1558,S2,805654725,0,0,0,433,2932                           
2026-10-06T20:31:46.881	TEL,1559,S2,805674725,0,0,0,430,2928                           
2026-10-06T20:31:46.907	TEL,1560,S2,805694725,0,0,0,430,2928                           
2026-10-06T20:31:46.921	TEL,1561,S2,805714725,0,0,0,433,2932                           
2026-10-06T20:31:46.946	TEL,1562,S2,805734725,0,0,0,439,2932                           
2026-10-06T20:31:46.962	TEL,1563,S2,805754725,0,0,0,439,2932                           
2026-10-06T20:31:46.981	TEL,1564,S2,805774725,0,0,0,442,2932                           
2026-10-06T20:31:47.002	TEL,1565,S2,805794725,0,0,0,436,2928                           
2026-10-06T20:31:47.027	TEL,1566,S2,805814725,0,0,0,428,2928                           
2026-10-06T20:31:47.062	TEL,1567,S2,805834725,0,0,0,436,2937                           
2026-10-06T20:31:47.062	BTN,39,S2,PRESSED,805838073,805838080                          
2026-10-06T20:31:47.062	TEL,1568,S2,805854725,0,0,0,442,2937                           
2026-10-06T20:31:47.087	TEL,1569,S2,805874725,0,0,0,433,2928                           
2026-10-06T20:31:47.101	TEL,1570,S2,805894725,0,0,0,430,2928                           
2026-10-06T20:31:47.127	TEL,1571,S2,805914725,0,0,0,433,2932                           
2026-10-06T20:31:47.141	TEL,1572,S2,805934725,0,0,0,442,2932                           
2026-10-06T20:31:47.167	TEL,1573,S2,805954725,0,0,0,448,2937                           
2026-10-06T20:31:47.181	TEL,1574,S2,805974725,0,0,0,454,2937                           
2026-10-06T20:31:47.207	TEL,1575,S2,805994725,0,0,0,445,2928                           
2026-10-06T20:31:47.223	TEL,1576,S2,806014725,0,0,0,436,2928                           
2026-10-06T20:31:47.246	TEL,1577,S2,806034725,0,0,0,436,2928                           
2026-10-06T20:31:47.263	TEL,1578,S2,806054725,0,0,0,436,2928                           
2026-10-06T20:31:47.286	TEL,1579,S2,806074725,0,0,0,442,2932                           
2026-10-06T20:31:47.302	TEL,1580,S2,806094725,0,0,0,442,2932                           
2026-10-06T20:31:47.327	TEL,1581,S2,806114725,0,0,0,448,2937                           
2026-10-06T20:31:47.342	TEL,1582,S2,806134725,0,0,0,436,2937                           
2026-10-06T20:31:47.367	TEL,1583,S2,806154725,0,0,0,430,2932                           
2026-10-06T20:31:47.382	TEL,1584,S2,806174725,0,0,0,445,2932                           
2026-10-06T20:31:47.407	TEL,1585,S2,806194725,0,0,0,451,2937                           
2026-10-06T20:31:47.421	TEL,1586,S2,806214725,0,0,0,445,2937                           
2026-10-06T20:31:47.447	TEL,1587,S2,806234725,0,0,0,433,2925                           
2026-10-06T20:31:47.461	TEL,1588,S2,806254725,0,0,0,439,2925                           
2026-10-06T20:31:47.482	TEL,1589,S2,806274725,0,0,0,445,2932                           
2026-10-06T20:31:47.502	TEL,1590,S2,806294725,0,0,0,442,2932                           
2026-10-06T20:31:47.527	TEL,1591,S2,806314725,0,0,0,442,2932                           
2026-10-06T20:31:47.542	TEL,1592,S2,806334725,0,0,0,439,2932                           
2026-10-06T20:31:47.563	TEL,1593,S2,806354725,0,0,0,439,2932                           
2026-10-06T20:31:47.582	TEL,1594,S2,806374725,0,0,0,433,2932                           
2026-10-06T20:31:47.607	TEL,1595,S2,806394725,0,0,0,433,2932                           
2026-10-06T20:31:47.624	TEL,1596,S2,806414725,0,0,0,442,2932                           
2026-10-06T20:31:47.647	TEL,1597,S2,806434725,0,0,0,442,2932                           
2026-10-06T20:31:47.663	TEL,1598,S2,806454725,0,0,0,442,2932                           
2026-10-06T20:31:47.687	TEL,1599,S2,806474725,0,0,0,439,2930                           
2026-10-06T20:31:47.703	TEL,1600,S2,806494725,0,0,0,439,2930                           
2026-10-06T20:31:47.722	TEL,1601,S2,806514725,0,0,0,436,2928                           
2026-10-06T20:31:47.743	TEL,1602,S2,806534725,0,0,0,428,2928                           
2026-10-06T20:31:47.763	TEL,1603,S2,806554725,0,0,0,425,2927                           
2026-10-06T20:31:47.802	TEL,1604,S2,806574725,0,0,0,436,2927                           
2026-10-06T20:31:47.802	BTN,40,S2,PRESSED,806576079,806576086                          
2026-10-06T20:31:47.802	TEL,1605,S2,806594725,0,0,0,436,2928                           
2026-10-06T20:31:47.827	TEL,1606,S2,806614725,0,0,0,430,2928                           
2026-10-06T20:31:47.842	TEL,1607,S2,806634725,0,0,0,439,2937                           
2026-10-06T20:31:47.867	TEL,1608,S2,806654725,0,0,0,439,2937                           
2026-10-06T20:31:47.881	TEL,1609,S2,806674725,0,0,0,439,2937                           
2026-10-06T20:31:47.907	TEL,1610,S2,806694725,0,0,0,445,2937                           
2026-10-06T20:31:47.923	TEL,1611,S2,806714725,0,0,0,439,2930                           
2026-10-06T20:31:47.947	TEL,1612,S2,806734725,0,0,0,430,2930                           
2026-10-06T20:31:47.962	TEL,1613,S2,806754725,0,0,0,439,2937                           
2026-10-06T20:31:47.984	TEL,1614,S2,806774725,0,0,0,445,2937                           
2026-10-06T20:31:48.001	TEL,1615,S2,806794725,0,0,0,442,2932                           
2026-10-06T20:31:48.022	TEL,1616,S2,806814725,0,0,0,445,2932                           
2026-10-06T20:31:48.042	TEL,1617,S2,806834725,0,0,0,442,2928                           
2026-10-06T20:31:48.065	TEL,1618,S2,806854725,0,0,0,436,2928                           
2026-10-06T20:31:48.082	TEL,1619,S2,806874725,0,0,0,436,2928                           
2026-10-06T20:31:48.103	TEL,1620,S2,806894725,0,0,0,430,2928                           
2026-10-06T20:31:48.123	TEL,1621,S2,806914725,0,0,0,428,2925                           
2026-10-06T20:31:48.148	TEL,1622,S2,806934725,0,0,0,445,2925                           
2026-10-06T20:31:48.162	TEL,1623,S2,806954725,0,0,0,448,2928                           
2026-10-06T20:31:48.182	TEL,1624,S2,806974725,0,0,0,436,2928                           
2026-10-06T20:31:48.203	TEL,1625,S2,806994725,0,0,0,436,2928                           
2026-10-06T20:31:48.225	TEL,1626,S2,807014725,0,0,0,430,2928                           
2026-10-06T20:31:48.243	TEL,1627,S2,807034725,0,0,0,439,2937                           
2026-10-06T20:31:48.263	TEL,1628,S2,807054725,0,0,0,439,2937                           
2026-10-06T20:31:48.282	TEL,1629,S2,807074725,0,0,0,439,2937                           
2026-10-06T20:31:48.302	TEL,1630,S2,807094725,0,0,0,439,2937                           
2026-10-06T20:31:48.322	TEL,1631,S2,807114725,0,0,0,439,2937                           
2026-10-06T20:31:48.344	TEL,1632,S2,807134725,0,0,0,445,2937                           
2026-10-06T20:31:48.361	TEL,1633,S2,807154725,0,0,0,442,2932                           
2026-10-06T20:31:48.387	TEL,1634,S2,807174725,0,0,0,448,2932                           
2026-10-06T20:31:48.403	TEL,1635,S2,807194725,0,0,0,448,2932                           
2026-10-06T20:31:48.421	TEL,1636,S2,807214725,0,0,0,430,2932                           
2026-10-06T20:31:48.443	TEL,1637,S2,807234725,0,0,0,436,2937                           
2026-10-06T20:31:48.462	TEL,1638,S2,807254725,0,0,0,445,2937                           
2026-10-06T20:31:48.482	TEL,1639,S2,807274725,0,0,0,436,2928                           
2026-10-06T20:31:48.505	TEL,1640,S2,807294725,0,0,0,428,2928                           
2026-10-06T20:31:48.522	TEL,1641,S2,807314725,0,0,0,430,2932                           
2026-10-06T20:31:48.543	TEL,1642,S2,807334725,0,0,0,433,2932                           
2026-10-06T20:31:48.562	TEL,1643,S2,807354725,0,0,0,439,2937                           
2026-10-06T20:31:48.605	TEL,1644,S2,807374725,0,0,0,445,2937                           
2026-10-06T20:31:48.605	BTN,41,S2,PRESSED,807389084,807389091                          
2026-10-06T20:31:48.605	TEL,1645,S2,807394725,0,0,0,442,2932                           
2026-10-06T20:31:48.622	TEL,1646,S2,807414725,0,0,0,433,2932                           
2026-10-06T20:31:48.647	TEL,1647,S2,807434725,0,0,0,433,2932                           
2026-10-06T20:31:48.663	TEL,1648,S2,807454725,0,0,0,442,2932                           
2026-10-06T20:31:48.687	TEL,1649,S2,807474725,0,0,0,433,2925                           
2026-10-06T20:31:48.703	TEL,1650,S2,807494725,0,0,0,425,2925                           
2026-10-06T20:31:48.724	TEL,1651,S2,807514725,0,0,0,428,2928                           
2026-10-06T20:31:48.743	TEL,1652,S2,807534725,0,0,0,442,2928                           
2026-10-06T20:31:48.767	TEL,1653,S2,807554725,0,0,0,445,2932                           
2026-10-06T20:31:48.782	TEL,1654,S2,807574725,0,0,0,433,2932                           
2026-10-06T20:31:48.805	TEL,1655,S2,807594725,0,0,0,430,2928                           
2026-10-06T20:31:48.822	TEL,1656,S2,807614725,0,0,0,436,2928                           
2026-10-06T20:31:48.846	TEL,1657,S2,807634725,0,0,0,442,2932                           
2026-10-06T20:31:48.861	TEL,1658,S2,807654725,0,0,0,442,2932                           
2026-10-06T20:31:48.887	TEL,1659,S2,807674725,0,0,0,445,2935                           
2026-10-06T20:31:48.901	TEL,1660,S2,807694725,0,0,0,445,2935                           
2026-10-06T20:31:48.921	TEL,1661,S2,807714725,0,0,0,439,2930                           
2026-10-06T20:31:48.943	TEL,1662,S2,807734725,0,0,0,445,2930                           
2026-10-06T20:31:48.962	TEL,1663,S2,807754725,0,0,0,445,2932                           
2026-10-06T20:31:48.981	TEL,1664,S2,807774725,0,0,0,448,2932                           
2026-10-06T20:31:49.001	TEL,1665,S2,807794725,0,0,0,448,2930                           
2026-10-06T20:31:49.022	TEL,1666,S2,807814725,0,0,0,439,2930                           
2026-10-06T20:31:49.044	TEL,1667,S2,807834725,0,0,0,436,2928                           
2026-10-06T20:31:49.061	TEL,1668,S2,807854725,0,0,0,430,2928                           
2026-10-06T20:31:49.086	TEL,1669,S2,807874725,0,0,0,433,2932                           
2026-10-06T20:31:49.101	TEL,1670,S2,807894725,0,0,0,433,2932                           
2026-10-06T20:31:49.126	TEL,1671,S2,807914725,0,0,0,430,2928                           
2026-10-06T20:31:49.141	TEL,1672,S2,807934725,0,0,0,442,2928                           
2026-10-06T20:31:49.167	TEL,1673,S2,807954725,0,0,0,445,2932                           
2026-10-06T20:31:49.181	TEL,1674,S2,807974725,0,0,0,433,2932                           
2026-10-06T20:31:49.207	TEL,1675,S2,807994725,0,0,0,439,2937                           
2026-10-06T20:31:49.223	TEL,1676,S2,808014725,0,0,0,439,2937                           
2026-10-06T20:31:49.262	TEL,1677,S2,808034725,0,0,0,439,2937                           
2026-10-06T20:31:49.262	BTN,42,S2,PRESSED,808038090,808038097                          
2026-10-06T20:31:49.262	TEL,1678,S2,808054725,0,0,0,436,2937                           
2026-10-06T20:31:49.283	TEL,1679,S2,808074725,0,0,0,430,2932                           
2026-10-06T20:31:49.303	TEL,1680,S2,808094725,0,0,0,442,2932                           
2026-10-06T20:31:49.322	TEL,1681,S2,808114725,0,0,0,448,2937                           
2026-10-06T20:31:49.345	TEL,1682,S2,808134725,0,0,0,445,2937                           
2026-10-06T20:31:49.361	TEL,1683,S2,808154725,0,0,0,436,2928                           
2026-10-06T20:31:49.387	TEL,1684,S2,808174725,0,0,0,436,2928                           
2026-10-06T20:31:49.401	TEL,1685,S2,808194725,0,0,0,442,2932                           
2026-10-06T20:31:49.421	TEL,1686,S2,808214725,0,0,0,439,2932                           
2026-10-06T20:31:49.441	TEL,1687,S2,808234725,0,0,0,439,2932                           
2026-10-06T20:31:49.464	TEL,1688,S2,808254725,0,0,0,433,2932                           
2026-10-06T20:31:49.482	TEL,1689,S2,808274725,0,0,0,430,2928                           
2026-10-06T20:31:49.506	TEL,1690,S2,808294725,0,0,0,436,2928                           
2026-10-06T20:31:49.522	TEL,1691,S2,808314725,0,0,0,445,2937                           
2026-10-06T20:31:49.543	TEL,1692,S2,808334725,0,0,0,439,2937                           
2026-10-06T20:31:49.561	TEL,1693,S2,808354725,0,0,0,439,2937                           
2026-10-06T20:31:49.584	TEL,1694,S2,808374725,0,0,0,439,2937                           
2026-10-06T20:31:49.602	TEL,1695,S2,808394725,0,0,0,430,2930                           
2026-10-06T20:31:49.627	TEL,1696,S2,808414725,0,0,0,439,2930                           
2026-10-06T20:31:49.642	TEL,1697,S2,808434725,0,0,0,442,2932                           
2026-10-06T20:31:49.667	TEL,1698,S2,808454725,0,0,0,433,2932                           
2026-10-06T20:31:49.683	TEL,1699,S2,808474725,0,0,0,439,2937                           
2026-10-06T20:31:49.707	TEL,1700,S2,808494725,0,0,0,445,2937                           
2026-10-06T20:31:49.722	TEL,1701,S2,808514725,0,0,0,433,2925                           
2026-10-06T20:31:49.764	TEL,1702,S2,808534725,0,0,0,428,2925                           
2026-10-06T20:31:49.764	BTN,43,S2,PRESSED,808547095,808547102                          
2026-10-06T20:31:49.764	TEL,1703,S2,808554725,0,0,0,439,2937                           
2026-10-06T20:31:49.782	TEL,1704,S2,808574725,0,0,0,439,2937                           
2026-10-06T20:31:49.804	TEL,1705,S2,808594725,0,0,0,433,2932                           
2026-10-06T20:31:49.823	TEL,1706,S2,808614725,0,0,0,430,2932                           
2026-10-06T20:31:49.845	TEL,1707,S2,808634725,0,0,0,428,2930                           
2026-10-06T20:31:49.861	TEL,1708,S2,808654725,0,0,0,428,2930                           
2026-10-06T20:31:49.887	TEL,1709,S2,808674725,0,0,0,430,2932                           
2026-10-06T20:31:49.901	TEL,1710,S2,808694725,0,0,0,442,2932                           
2026-10-06T20:31:49.925	TEL,1711,S2,808714725,0,0,0,433,2925                           
2026-10-06T20:31:49.941	TEL,1712,S2,808734725,0,0,0,428,2925                           
2026-10-06T20:31:49.962	TEL,1713,S2,808754725,0,0,0,439,2937                           
2026-10-06T20:31:49.981	TEL,1714,S2,808774725,0,0,0,448,2937                           
2026-10-06T20:31:50.006	TEL,1715,S2,808794725,0,0,0,448,2937                           
2026-10-06T20:31:50.022	TEL,1716,S2,808814725,0,0,0,445,2937                           
2026-10-06T20:31:50.044	TEL,1717,S2,808834725,0,0,0,442,2932                           
2026-10-06T20:31:50.062	TEL,1718,S2,808854725,0,0,0,433,2932                           
2026-10-06T20:31:50.085	TEL,1719,S2,808874725,0,0,0,439,2939                           
2026-10-06T20:31:50.102	TEL,1720,S2,808894725,0,0,0,430,2939                           
2026-10-06T20:31:50.126	TEL,1721,S2,808914725,0,0,0,428,2935                           
2026-10-06T20:31:50.141	TEL,1722,S2,808934725,0,0,0,433,2935                           
2026-10-06T20:31:50.167	TEL,1723,S2,808954725,0,0,0,433,2935                           
2026-10-06T20:31:50.183	TEL,1724,S2,808974725,0,0,0,433,2935                           
2026-10-06T20:31:50.207	TEL,1725,S2,808994725,0,0,0,430,2932                           
2026-10-06T20:31:50.221	TEL,1726,S2,809014725,0,0,0,442,2932                           
2026-10-06T20:31:50.246	TEL,1727,S2,809034725,0,0,0,445,2937                           
2026-10-06T20:31:50.262	TEL,1728,S2,809054725,0,0,0,445,2937                           
2026-10-06T20:31:50.286	TEL,1729,S2,809074725,0,0,0,433,2925                           
2026-10-06T20:31:50.301	TEL,1730,S2,809094725,0,0,0,442,2925                           
2026-10-06T20:31:50.327	TEL,1731,S2,809114725,0,0,0,448,2932                           
2026-10-06T20:31:50.341	TEL,1732,S2,809134725,0,0,0,442,2932                           
2026-10-06T20:31:50.367	TEL,1733,S2,809154725,0,0,0,442,2932                           
2026-10-06T20:31:50.382	TEL,1734,S2,809174725,0,0,0,430,2932                           
2026-10-06T20:31:50.407	TEL,1735,S2,809194725,0,0,0,430,2932                           
2026-10-06T20:31:50.422	TEL,1736,S2,809214725,0,0,0,442,2932                           
2026-10-06T20:31:50.446	TEL,1737,S2,809234725,0,0,0,448,2937                           
2026-10-06T20:31:50.462	TEL,1738,S2,809254725,0,0,0,445,2937                           
2026-10-06T20:31:50.481	TEL,1739,S2,809274725,0,0,0,445,2937                           
2026-10-06T20:31:50.502	TEL,1740,S2,809294725,0,0,0,445,2937                           
2026-10-06T20:31:50.524	TEL,1741,S2,809314725,0,0,0,445,2937                           
2026-10-06T20:31:50.542	TEL,1742,S2,809334725,0,0,0,442,2937                           
2026-10-06T20:31:50.566	TEL,1743,S2,809354725,0,0,0,442,2937                           
2026-10-06T20:31:50.582	TEL,1744,S2,809374725,0,0,0,451,2937                           
2026-10-06T20:31:50.625	BTN,44,S2,PRESSED,809394100,809394108                          
2026-10-06T20:31:50.625	TEL,1745,S2,809394725,0,0,0,445,2932                           
2026-10-06T20:31:50.625	TEL,1746,S2,809414725,0,0,0,430,2932                           
2026-10-06T20:31:50.646	TEL,1747,S2,809434725,0,0,0,436,2937                           
2026-10-06T20:31:50.663	TEL,1748,S2,809454725,0,0,0,445,2937                           
2026-10-06T20:31:50.686	TEL,1749,S2,809474725,0,0,0,445,2937                           
2026-10-06T20:31:50.703	TEL,1750,S2,809494725,0,0,0,445,2937                           
2026-10-06T20:31:50.721	TEL,1751,S2,809514725,0,0,0,436,2928                           
2026-10-06T20:31:50.742	TEL,1752,S2,809534725,0,0,0,436,2928                           
2026-10-06T20:31:50.766	TEL,1753,S2,809554725,0,0,0,436,2928                           
2026-10-06T20:31:50.782	TEL,1754,S2,809574725,0,0,0,428,2928                           
2026-10-06T20:31:50.806	TEL,1755,S2,809594725,0,0,0,428,2928                           
2026-10-06T20:31:50.821	TEL,1756,S2,809614725,0,0,0,448,2928                           
2026-10-06T20:31:50.845	TEL,1757,S2,809634725,0,0,0,451,2932                           
2026-10-06T20:31:50.861	TEL,1758,S2,809654725,0,0,0,442,2932                           
2026-10-06T20:31:50.886	TEL,1759,S2,809674725,0,0,0,442,2932                           
2026-10-06T20:31:50.901	TEL,1760,S2,809694725,0,0,0,439,2932                           
2026-10-06T20:31:50.921	TEL,1761,S2,809714725,0,0,0,442,2937                           
2026-10-06T20:31:50.941	TEL,1762,S2,809734725,0,0,0,445,2937                           
2026-10-06T20:31:50.963	TEL,1763,S2,809754725,0,0,0,442,2932                           
2026-10-06T20:31:50.981	TEL,1764,S2,809774725,0,0,0,436,2932                           
2026-10-06T20:31:51.002	TEL,1765,S2,809794725,0,0,0,436,2932                           
2026-10-06T20:31:51.022	TEL,1766,S2,809814725,0,0,0,442,2932                           
2026-10-06T20:31:51.045	TEL,1767,S2,809834725,0,0,0,445,2937                           
2026-10-06T20:31:51.062	TEL,1768,S2,809854725,0,0,0,436,2937                           
2026-10-06T20:31:51.085	TEL,1769,S2,809874725,0,0,0,430,2932                           
2026-10-06T20:31:51.126	TEL,1770,S2,809894725,0,0,0,442,2932                           
2026-10-06T20:31:51.126	BTN,45,S2,PRESSED,809895106,809895113                          
2026-10-06T20:31:51.126	TEL,1771,S2,809914725,0,0,0,445,2933                           
2026-10-06T20:31:51.142	TEL,1772,S2,809934725,0,0,0,442,2933                           
2026-10-06T20:31:51.167	TEL,1773,S2,809954725,0,0,0,442,2932                           
2026-10-06T20:31:51.181	TEL,1774,S2,809974725,0,0,0,442,2932                           
2026-10-06T20:31:51.207	TEL,1775,S2,809994725,0,0,0,436,2927                           
2026-10-06T20:31:51.222	TEL,1776,S2,810014725,0,0,0,445,2927                           
2026-10-06T20:31:51.247	TEL,1777,S2,810034725,0,0,0,457,2939                           
2026-10-06T20:31:51.261	TEL,1778,S2,810054725,0,0,0,439,2939                           
2026-10-06T20:31:51.286	TEL,1779,S2,810074725,0,0,0,430,2930                           
2026-10-06T20:31:51.302	TEL,1780,S2,810094725,0,0,0,430,2930                           
2026-10-06T20:31:51.327	TEL,1781,S2,810114725,0,0,0,433,2932                           
2026-10-06T20:31:51.342	TEL,1782,S2,810134725,0,0,0,442,2932                           
2026-10-06T20:31:51.366	TEL,1783,S2,810154725,0,0,0,445,2937                           
2026-10-06T20:31:51.382	TEL,1784,S2,810174725,0,0,0,439,2937                           
2026-10-06T20:31:51.407	TEL,1785,S2,810194725,0,0,0,439,2937                           
2026-10-06T20:31:51.421	TEL,1786,S2,810214725,0,0,0,436,2937                           
2026-10-06T20:31:51.446	TEL,1787,S2,810234725,0,0,0,433,2933                           
2026-10-06T20:31:51.462	TEL,1788,S2,810254725,0,0,0,433,2933                           
2026-10-06T20:31:51.481	TEL,1789,S2,810274725,0,0,0,436,2937                           
2026-10-06T20:31:51.501	TEL,1790,S2,810294725,0,0,0,457,2937                           
2026-10-06T20:31:51.522	TEL,1791,S2,810314725,0,0,0,445,2925                           
2026-10-06T20:31:51.542	TEL,1792,S2,810334725,0,0,0,428,2925                           
2026-10-06T20:31:51.565	TEL,1793,S2,810354725,0,0,0,430,2928                           
2026-10-06T20:31:51.582	TEL,1794,S2,810374725,0,0,0,436,2928                           
2026-10-06T20:31:51.606	TEL,1795,S2,810394725,0,0,0,436,2928                           
2026-10-06T20:31:51.621	TEL,1796,S2,810414725,0,0,0,430,2928                           
2026-10-06T20:31:51.646	TEL,1797,S2,810434725,0,0,0,439,2937                           
2026-10-06T20:31:51.668	BTN,46,S2,PRESSED,810453111,810453119                          
2026-10-06T20:31:51.668	TEL,1798,S2,810454725,0,0,0,439,2937                           
2026-10-06T20:31:51.681	TEL,1799,S2,810474725,0,0,0,448,2946                           
2026-10-06T20:31:51.707	TEL,1800,S2,810494725,0,0,0,454,2946                           
2026-10-06T20:31:51.723	TEL,1801,S2,810514725,0,0,0,445,2937                           
2026-10-06T20:31:51.747	TEL,1802,S2,810534725,0,0,0,445,2937                           
2026-10-06T20:31:51.761	TEL,1803,S2,810554725,0,0,0,442,2932                           
2026-10-06T20:31:51.786	TEL,1804,S2,810574725,0,0,0,422,2932                           
2026-10-06T20:31:51.802	TEL,1805,S2,810594725,0,0,0,419,2927                           
2026-10-06T20:31:51.827	TEL,1806,S2,810614725,0,0,0,436,2927                           
2026-10-06T20:31:51.842	TEL,1807,S2,810634725,0,0,0,442,2932                           
2026-10-06T20:31:51.866	TEL,1808,S2,810654725,0,0,0,433,2932                           
2026-10-06T20:31:51.882	TEL,1809,S2,810674725,0,0,0,439,2937                           
2026-10-06T20:31:51.907	TEL,1810,S2,810694725,0,0,0,445,2937                           
2026-10-06T20:31:51.922	TEL,1811,S2,810714725,0,0,0,442,2932                           
2026-10-06T20:31:51.946	TEL,1812,S2,810734725,0,0,0,433,2932                           
2026-10-06T20:31:51.962	TEL,1813,S2,810754725,0,0,0,430,2928                           
2026-10-06T20:31:51.982	TEL,1814,S2,810774725,0,0,0,436,2928                           
2026-10-06T20:31:52.001	TEL,1815,S2,810794725,0,0,0,445,2935                           
2026-10-06T20:31:52.026	TEL,1816,S2,810814725,0,0,0,433,2935                           
2026-10-06T20:31:52.042	TEL,1817,S2,810834725,0,0,0,436,2937                           
2026-10-06T20:31:52.064	TEL,1818,S2,810854725,0,0,0,436,2937                           
2026-10-06T20:31:52.082	TEL,1819,S2,810874725,0,0,0,433,2933                           
2026-10-06T20:31:52.101	TEL,1820,S2,810894725,0,0,0,430,2933                           
2026-10-06T20:31:52.122	TEL,1821,S2,810914725,0,0,0,433,2937                           
2026-10-06T20:31:52.143	TEL,1822,S2,810934725,0,0,0,436,2937                           
2026-10-06T20:31:52.162	TEL,1823,S2,810954725,0,0,0,428,2928                           
2026-10-06T20:31:52.183	TEL,1824,S2,810974725,0,0,0,436,2928                           
2026-10-06T20:31:52.203	TEL,1825,S2,810994725,0,0,0,436,2928                           
2026-10-06T20:31:52.227	TEL,1826,S2,811014725,0,0,0,436,2928                           
2026-10-06T20:31:52.243	TEL,1827,S2,811034725,0,0,0,442,2932                           
2026-10-06T20:31:52.262	TEL,1828,S2,811054725,0,0,0,439,2932                           
2026-10-06T20:31:52.282	TEL,1829,S2,811074725,0,0,0,436,2928                           
2026-10-06T20:31:52.307	TEL,1830,S2,811094725,0,0,0,436,2928                           
2026-10-06T20:31:52.322	TEL,1831,S2,811114725,0,0,0,442,2932                           
2026-10-06T20:31:52.346	TEL,1832,S2,811134725,0,0,0,430,2932                           
2026-10-06T20:31:52.362	TEL,1833,S2,811154725,0,0,0,436,2937                           
2026-10-06T20:31:52.382	TEL,1834,S2,811174725,0,0,0,442,2937                           
2026-10-06T20:31:52.401	TEL,1835,S2,811194725,0,0,0,436,2928                           
2026-10-06T20:31:52.421	TEL,1836,S2,811214725,0,0,0,436,2928                           
2026-10-06T20:31:52.443	TEL,1837,S2,811234725,0,0,0,442,2932                           
2026-10-06T20:31:52.463	TEL,1838,S2,811254725,0,0,0,442,2932                           
2026-10-06T20:31:52.481	TEL,1839,S2,811274725,0,0,0,436,2928                           
2026-10-06T20:31:52.522	BTN,47,S2,PRESSED,811294117,811294124                          
2026-10-06T20:31:52.522	TEL,1840,S2,811294725,0,0,0,430,2928                           
2026-10-06T20:31:52.522	TEL,1841,S2,811314725,0,0,0,445,2944                           
2026-10-06T20:31:52.542	TEL,1842,S2,811334725,0,0,0,442,2944                           
2026-10-06T20:31:52.565	TEL,1843,S2,811354725,0,0,0,430,2932                           
2026-10-06T20:31:52.582	TEL,1844,S2,811374725,0,0,0,436,2932                           
2026-10-06T20:31:52.606	TEL,1845,S2,811394725,0,0,0,433,2928                           
2026-10-06T20:31:52.622	TEL,1846,S2,811414725,0,0,0,428,2928                           
2026-10-06T20:31:52.642	TEL,1847,S2,811434725,0,0,0,436,2937                           
2026-10-06T20:31:52.662	TEL,1848,S2,811454725,0,0,0,445,2937                           
2026-10-06T20:31:52.682	TEL,1849,S2,811474725,0,0,0,433,2925                           
2026-10-06T20:31:52.703	TEL,1850,S2,811494725,0,0,0,428,2925                           
2026-10-06T20:31:52.722	TEL,1851,S2,811514725,0,0,0,433,2928                           
2026-10-06T20:31:52.742	TEL,1852,S2,811534725,0,0,0,439,2928                           
2026-10-06T20:31:52.767	TEL,1853,S2,811554725,0,0,0,436,2925                           
2026-10-06T20:31:52.782	TEL,1854,S2,811574725,0,0,0,428,2925                           
2026-10-06T20:31:52.807	TEL,1855,S2,811594725,0,0,0,439,2937                           
2026-10-06T20:31:52.822	TEL,1856,S2,811614725,0,0,0,445,2937                           
2026-10-06T20:31:52.846	TEL,1857,S2,811634725,0,0,0,445,2937                           
2026-10-06T20:31:52.862	TEL,1858,S2,811654725,0,0,0,445,2937                           
2026-10-06T20:31:52.881	TEL,1859,S2,811674725,0,0,0,445,2937                           
2026-10-06T20:31:52.902	TEL,1860,S2,811694725,0,0,0,433,2937                           
2026-10-06T20:31:52.927	TEL,1861,S2,811714725,0,0,0,433,2937                           
2026-10-06T20:31:52.942	TEL,1862,S2,811734725,0,0,0,445,2937                           
2026-10-06T20:31:52.965	TEL,1863,S2,811754725,0,0,0,436,2928                           
2026-10-06T20:31:52.981	TEL,1864,S2,811774725,0,0,0,430,2928                           
2026-10-06T20:31:53.001	TEL,1865,S2,811794725,0,0,0,439,2937                           
2026-10-06T20:31:53.022	TEL,1866,S2,811814725,0,0,0,448,2937                           
2026-10-06T20:31:53.047	TEL,1867,S2,811834725,0,0,0,448,2937                           
2026-10-06T20:31:53.062	TEL,1868,S2,811854725,0,0,0,442,2937                           
2026-10-06T20:31:53.085	TEL,1869,S2,811874725,0,0,0,442,2937                           
2026-10-06T20:31:53.102	TEL,1870,S2,811894725,0,0,0,445,2937                           
2026-10-06T20:31:53.126	TEL,1871,S2,811914725,0,0,0,436,2928                           
2026-10-06T20:31:53.147	BTN,48,S2,PRESSED,811930122,811930130                          
2026-10-06T20:31:53.147	TEL,1872,S2,811934725,0,0,0,430,2928                           
2026-10-06T20:31:53.162	TEL,1873,S2,811954725,0,0,0,430,2930                           
2026-10-06T20:31:53.182	TEL,1874,S2,811974725,0,0,0,439,2930                           
2026-10-06T20:31:53.203	TEL,1875,S2,811994725,0,0,0,442,2932                           
2026-10-06T20:31:53.224	TEL,1876,S2,812014725,0,0,0,448,2932                           
2026-10-06T20:31:53.242	TEL,1877,S2,812034725,0,0,0,457,2939                           
2026-10-06T20:31:53.263	TEL,1878,S2,812054725,0,0,0,448,2939                           
2026-10-06T20:31:53.282	TEL,1879,S2,812074725,0,0,0,433,2925                           
2026-10-06T20:31:53.305	TEL,1880,S2,812094725,0,0,0,439,2925                           
2026-10-06T20:31:53.321	TEL,1881,S2,812114725,0,0,0,451,2935                           
2026-10-06T20:31:53.345	TEL,1882,S2,812134725,0,0,0,436,2935                           
2026-10-06T20:31:53.361	TEL,1883,S2,812154725,0,0,0,439,2939                           
2026-10-06T20:31:53.381	TEL,1884,S2,812174725,0,0,0,439,2939                           
2026-10-06T20:31:53.401	TEL,1885,S2,812194725,0,0,0,439,2937                           
2026-10-06T20:31:53.424	TEL,1886,S2,812214725,0,0,0,442,2937                           
2026-10-06T20:31:53.441	TEL,1887,S2,812234725,0,0,0,433,2928                           
2026-10-06T20:31:53.465	TEL,1888,S2,812254725,0,0,0,433,2928                           
2026-10-06T20:31:53.482	TEL,1889,S2,812274725,0,0,0,442,2937                           
2026-10-06T20:31:53.503	TEL,1890,S2,812294725,0,0,0,445,2937                           
2026-10-06T20:31:53.522	TEL,1891,S2,812314725,0,0,0,436,2928                           
2026-10-06T20:31:53.544	TEL,1892,S2,812334725,0,0,0,430,2928                           
2026-10-06T20:31:53.561	TEL,1893,S2,812354725,0,0,0,428,2927                           
2026-10-06T20:31:53.585	TEL,1894,S2,812374725,0,0,0,445,2927                           
2026-10-06T20:31:53.602	TEL,1895,S2,812394725,0,0,0,445,2925                           
2026-10-06T20:31:53.626	TEL,1896,S2,812414725,0,0,0,433,2925                           
2026-10-06T20:31:53.642	TEL,1897,S2,812434725,0,0,0,442,2932                           
2026-10-06T20:31:53.667	TEL,1898,S2,812454725,0,0,0,442,2932                           
2026-10-06T20:31:53.682	TEL,1899,S2,812474725,0,0,0,436,2928                           
2026-10-06T20:31:53.707	TEL,1900,S2,812494725,0,0,0,439,2928                           
2026-10-06T20:31:53.722	TEL,1901,S2,812514725,0,0,0,439,2928                           
2026-10-06T20:31:53.747	TEL,1902,S2,812534725,0,0,0,439,2928                           
2026-10-06T20:31:53.762	TEL,1903,S2,812554725,0,0,0,439,2927                           
2026-10-06T20:31:53.787	TEL,1904,S2,812574725,0,0,0,430,2927                           
2026-10-06T20:31:53.801	TEL,1905,S2,812594725,0,0,0,436,2932                           
2026-10-06T20:31:53.826	TEL,1906,S2,812614725,0,0,0,448,2932                           
2026-10-06T20:31:53.846	BTN,49,S2,PRESSED,812631128,812631135                          
2026-10-06T20:31:53.846	TEL,1907,S2,812634725,0,0,0,454,2937                           
2026-10-06T20:31:53.863	TEL,1908,S2,812654725,0,0,0,445,2937                           
2026-10-06T20:31:53.882	TEL,1909,S2,812674725,0,0,0,436,2928                           
2026-10-06T20:31:53.901	TEL,1910,S2,812694725,0,0,0,436,2928                           
2026-10-06T20:31:53.923	TEL,1911,S2,812714725,0,0,0,445,2937                           
2026-10-06T20:31:53.941	TEL,1912,S2,812734725,0,0,0,445,2937                           
2026-10-06T20:31:53.965	TEL,1913,S2,812754725,0,0,0,445,2937                           
2026-10-06T20:31:53.982	TEL,1914,S2,812774725,0,0,0,445,2937                           
2026-10-06T20:31:54.003	TEL,1915,S2,812794725,0,0,0,448,2939                           
2026-10-06T20:31:54.022	TEL,1916,S2,812814725,0,0,0,451,2939                           
2026-10-06T20:31:54.047	TEL,1917,S2,812834725,0,0,0,442,2932                           
2026-10-06T20:31:54.061	TEL,1918,S2,812854725,0,0,0,448,2932                           
2026-10-06T20:31:54.086	TEL,1919,S2,812874725,0,0,0,454,2937                           
2026-10-06T20:31:54.101	TEL,1920,S2,812894725,0,0,0,445,2937                           
2026-10-06T20:31:54.126	TEL,1921,S2,812914725,0,0,0,445,2937                           
2026-10-06T20:31:54.141	TEL,1922,S2,812934725,0,0,0,448,2937                           
2026-10-06T20:31:54.167	TEL,1923,S2,812954725,0,0,0,448,2937                           
2026-10-06T20:31:54.183	TEL,1924,S2,812974725,0,0,0,436,2937                           
2026-10-06T20:31:54.207	TEL,1925,S2,812994725,0,0,0,433,2935                           
2026-10-06T20:31:54.222	TEL,1926,S2,813014725,0,0,0,436,2935                           
2026-10-06T20:31:54.246	TEL,1927,S2,813034725,0,0,0,430,2928                           
2026-10-06T20:31:54.261	TEL,1928,S2,813054725,0,0,0,430,2928                           
2026-10-06T20:31:54.286	TEL,1929,S2,813074725,0,0,0,439,2937                           
2026-10-06T20:31:54.301	TEL,1930,S2,813094725,0,0,0,448,2937                           
2026-10-06T20:31:54.326	TEL,1931,S2,813114725,0,0,0,439,2928                           
2026-10-06T20:31:54.341	TEL,1932,S2,813134725,0,0,0,436,2928                           
2026-10-06T20:31:54.366	TEL,1933,S2,813154725,0,0,0,445,2937                           
2026-10-06T20:31:54.381	TEL,1934,S2,813174725,0,0,0,439,2937                           
2026-10-06T20:31:54.406	TEL,1935,S2,813194725,0,0,0,428,2925                           
2026-10-06T20:31:54.421	TEL,1936,S2,813214725,0,0,0,442,2925                           
2026-10-06T20:31:54.446	TEL,1937,S2,813234725,0,0,0,445,2928                           
2026-10-06T20:31:54.462	TEL,1938,S2,813254725,0,0,0,428,2928                           
2026-10-06T20:31:54.485	TEL,1939,S2,813274725,0,0,0,428,2928                           
2026-10-06T20:31:54.501	TEL,1940,S2,813294725,0,0,0,436,2928                           
2026-10-06T20:31:54.526	TEL,1941,S2,813314725,0,0,0,436,2928                           
2026-10-06T20:31:54.542	TEL,1942,S2,813334725,0,0,0,439,2928                           
2026-10-06T20:31:54.564	TEL,1943,S2,813354725,0,0,0,436,2925                           
2026-10-06T20:31:54.582	TEL,1944,S2,813374725,0,0,0,428,2925                           
2026-10-06T20:31:54.606	TEL,1945,S2,813394725,0,0,0,439,2937                           
2026-10-06T20:31:54.939	TEL,1946,S2,813414725,0,0,0,445,2937                           
2026-10-06T20:31:54.939	BTN,50,S2,PRESSED,813419133,813419141                          
2026-10-06T20:31:54.939	ACK,STOP,S2
2026-10-06T20:31:54.939	LOG,S2,1,780004865,780004872,780004882,780004901,780010452,ok
2026-10-06T20:31:54.939	LOG,S2,2,780628870,780628878,780628887,780628907,780634460,ok
2026-10-06T20:31:54.939	LOG,S2,3,781273876,781273883,781273892,781273912,781279468,ok
2026-10-06T20:31:54.939	LOG,S2,4,782147881,782147889,782147898,782147918,782153467,ok
2026-10-06T20:31:54.939	LOG,S2,5,782887887,782887894,782887903,782887923,782893479,ok
2026-10-06T20:31:54.939	LOG,S2,6,783472892,783472900,783472909,783472929,783478479,ok
2026-10-06T20:31:54.939	LOG,S2,7,784164898,784164905,784164914,784164934,784170486,ok
2026-10-06T20:31:54.939	LOG,S2,8,784906903,784906911,784906920,784906940,784912492,ok
2026-10-06T20:31:54.939	LOG,S2,9,785468909,785468916,785468925,785468945,785474499,ok
2026-10-06T20:31:54.939	LOG,S2,10,786014914,786014922,786014931,786020311,786025864,ok
2026-10-06T20:31:54.939	LOG,S2,11,786524920,786524927,786524936,786524956,786530506,ok
2026-10-06T20:31:54.939	LOG,S2,12,787139925,787139933,787139942,787140313,787145866,ok
2026-10-06T20:31:54.939	LOG,S2,13,787879931,787879938,787879947,787880316,787885869,ok
2026-10-06T20:31:54.939	LOG,S2,14,788394936,788394943,788394953,788400316,788405869,ok
2026-10-06T20:31:54.939	LOG,S2,15,789275942,789275949,789275958,789280312,789285865,ok
2026-10-06T20:31:54.939	LOG,S2,16,790174947,790174954,790174964,790180311,790185864,ok
2026-10-06T20:31:54.939	LOG,S2,17,790842953,790842960,790842969,790842989,790848543,ok
2026-10-06T20:31:54.939	LOG,S2,18,791559958,791559965,791559975,791560313,791565866,ok
2026-10-06T20:31:54.939	LOG,S2,19,792410964,792410971,792410980,792411000,792416551,ok
2026-10-06T20:31:54.939	LOG,S2,20,793022969,793022976,793022986,793023005,793028556,ok
2026-10-06T20:31:54.939	LOG,S2,21,793876975,793876982,793876991,793880310,793885863,ok
2026-10-06T20:31:54.939	LOG,S2,22,794550980,794550987,794550997,794551016,794556568,ok
2026-10-06T20:31:54.939	LOG,S2,23,795108985,795108993,795109002,795109022,795114571,ok
2026-10-06T20:31:54.939	LOG,S2,24,795746991,795746998,795747008,795747027,795752576,ok
2026-10-06T20:31:54.939	LOG,S2,25,796532996,796533004,796533013,796533033,796538582,ok
2026-10-06T20:31:54.939	LOG,S2,26,797296002,797296009,797296019,797300315,797305868,ok
2026-10-06T20:31:54.939	LOG,S2,27,798076007,798076015,798076024,798080315,798085868,ok
2026-10-06T20:31:54.939	LOG,S2,28,798618013,798618020,798618029,798620309,798625862,ok
2026-10-06T20:31:54.939	LOG,S2,29,799154018,799154026,799154035,799154055,799159608,ok
2026-10-06T20:31:54.939	LOG,S2,30,799736024,799736031,799736040,799740311,799745864,ok
2026-10-06T20:31:54.939	LOG,S2,31,800359029,800359037,800359046,800360316,800365869,ok
2026-10-06T20:31:54.939	LOG,S2,32,800896035,800896042,800896051,800900310,800905863,ok
2026-10-06T20:31:54.939	LOG,S2,33,801656040,801656048,801656057,801660316,801665869,ok
2026-10-06T20:31:54.939	LOG,S2,34,802230046,802230053,802230062,802230082,802235633,ok
2026-10-06T20:31:54.939	LOG,S2,35,803115051,803115058,803115068,803120311,803125864,ok
2026-10-06T20:31:54.939	LOG,S2,36,803707057,803707064,803707073,803707093,803712650,ok
2026-10-06T20:31:54.939	LOG,S2,37,804444062,804444069,804444079,804444099,804449654,ok
2026-10-06T20:31:54.939	LOG,S2,38,805256068,805256075,805256084,805260311,805265864,ok
2026-10-06T20:31:54.939	LOG,S2,39,805838073,805838080,805838090,805840310,805845863,ok
2026-10-06T20:31:54.939	LOG,S2,40,806576079,806576086,806576095,806580313,806585866,ok
2026-10-06T20:31:54.939	LOG,S2,41,807389084,807389091,807389101,807389120,807394674,ok
2026-10-06T20:31:54.939	LOG,S2,42,808038090,808038097,808038106,808040309,808045862,ok
2026-10-06T20:31:54.939	LOG,S2,43,808547095,808547102,808547112,808547131,808552688,ok
2026-10-06T20:31:54.939	LOG,S2,44,809394100,809394108,809394117,809394137,809399690,ok
2026-10-06T20:31:54.939	LOG,S2,45,809895106,809895113,809895123,809900314,809905867,ok
2026-10-06T20:31:54.939	LOG,S2,46,810453111,810453119,810453128,810453148,810458705,ok
2026-10-06T20:31:54.939	LOG,S2,47,811294117,811294124,811294134,811294153,811299710,ok
2026-10-06T20:31:54.939	LOG,S2,48,811930122,811930130,811930139,811930159,811935713,ok
2026-10-06T20:31:54.939	LOG,S2,49,812631128,812631135,812631144,812631164,812636716,ok
2026-10-06T20:31:54.939	LOG,S2,50,813419133,813419141,813419150,813420318,813425868,ok
2026-10-06T20:31:54.939	CNT,accepted,50
2026-10-06T20:31:54.939	CNT,logged,50
2026-10-06T20:31:54.939	CNT,bounce_rejected,0
2026-10-06T20:31:54.939	CNT,ignored,0
2026-10-06T20:31:54.939	CNT,btn_q_drop,0
2026-10-06T20:31:54.939	CNT,btn_tx_drop,0
2026-10-06T20:31:54.939	CNT,tel_sent,1946
2026-10-06T20:31:54.939	CNT,tel_tx_drop,0
2026-10-06T20:31:54.939	CNT,tx_error,0
2026-10-06T20:31:54.939	CNT,tx_timeout,0
2026-10-06T20:31:54.939	CNT,log_overflow,0
2026-10-06T20:31:54.939	CNT,fmt_error,0
2026-10-06T20:31:54.939	CNT,tel_period_min_us,19846
2026-10-06T20:31:54.939	CNT,tel_period_max_us,20000
2026-10-06T20:31:54.939	CNT,work_min_us,0
2026-10-06T20:31:54.939	CNT,work_max_us,0
2026-10-06T20:31:54.939	CNT,hwm_telemetry_w,187
2026-10-06T20:31:54.939	CNT,hwm_uarttx_w,265
2026-10-06T20:31:54.939	CNT,heap_free_min_b,17512
2026-10-06T20:31:54.939	INF,variant,C
2026-10-06T20:31:54.939	INF,source,INJ
2026-10-06T20:31:54.939	INF,events,50
2026-10-06T20:31:54.939	END,DUMP,S2
