# pc_rx_time yaln?zca bilgi ama?l?d?r; gecikme hesab?nda KULLANILMAZ.
2026-10-06T20:31:56.642	ACK,START,S3,C,INJ,50
2026-10-06T20:31:56.642	TEL,1,S3,814838878,0,0,0,439,2930                              
2026-10-06T20:31:56.642	TEL,2,S3,814848724,0,0,0,428,2930                              
2026-10-06T20:31:56.642	TEL,3,S3,814858724,0,0,0,436,2937                              
2026-10-06T20:31:56.642	TEL,4,S3,814868724,0,0,0,439,2937                              
2026-10-06T20:31:56.642	TEL,5,S3,814878724,0,0,0,433,2933                              
2026-10-06T20:31:56.642	TEL,6,S3,814888724,0,0,0,448,2933                              
2026-10-06T20:31:56.642	TEL,7,S3,814898724,0,0,0,448,2933                              
2026-10-06T20:31:56.642	TEL,8,S3,814908724,0,0,0,433,2933                              
2026-10-06T20:31:56.642	TEL,9,S3,814918724,0,0,0,428,2927                              
2026-10-06T20:31:56.642	TEL,10,S3,814928725,0,0,0,428,2927                             
2026-10-06T20:31:56.642	TEL,11,S3,814938725,0,0,0,433,2932                             
2026-10-06T20:31:56.642	TEL,12,S3,814948725,0,0,0,442,2932                             
2026-10-06T20:31:56.642	TEL,13,S3,814958725,0,0,0,442,2933                             
2026-10-06T20:31:56.642	TEL,14,S3,814968725,0,0,0,442,2933                             
2026-10-06T20:31:56.642	TEL,15,S3,814978725,0,0,0,442,2932                             
2026-10-06T20:31:56.642	TEL,16,S3,814988725,0,0,0,445,2932                             
2026-10-06T20:31:56.642	TEL,17,S3,814998725,0,0,0,445,2932                             
2026-10-06T20:31:56.642	TEL,18,S3,815008725,0,0,0,442,2932                             
2026-10-06T20:31:56.642	TEL,19,S3,815018725,0,0,0,445,2935                             
2026-10-06T20:31:56.642	TEL,20,S3,815028725,0,0,0,451,2935                             
2026-10-06T20:31:56.642	TEL,21,S3,815038725,0,0,0,445,2928                             
2026-10-06T20:31:56.642	TEL,22,S3,815048725,0,0,0,436,2928                             
2026-10-06T20:31:56.642	TEL,23,S3,815058725,0,0,0,442,2933                             
2026-10-06T20:31:56.642	TEL,24,S3,815068725,0,0,0,445,2933                             
2026-10-06T20:31:56.642	TEL,25,S3,815078725,0,0,0,442,2932                             
2026-10-06T20:31:56.642	TEL,26,S3,815088725,0,0,0,442,2932                             
2026-10-06T20:31:56.642	TEL,27,S3,815098725,0,0,0,442,2932                             
2026-10-06T20:31:56.642	TEL,28,S3,815108725,0,0,0,442,2932                             
2026-10-06T20:31:56.642	TEL,29,S3,815118725,0,0,0,442,2932                             
2026-10-06T20:31:56.642	TEL,30,S3,815128725,0,0,0,442,2932                             
2026-10-06T20:31:56.642	TEL,31,S3,815138725,0,0,0,436,2928                             
2026-10-06T20:31:56.642	TEL,32,S3,815148725,0,0,0,436,2928                             
2026-10-06T20:31:56.642	TEL,33,S3,815158725,0,0,0,439,2930                             
2026-10-06T20:31:56.642	TEL,34,S3,815168725,0,0,0,433,2930                             
2026-10-06T20:31:56.642	TEL,35,S3,815178725,0,0,0,433,2930                             
2026-10-06T20:31:56.642	TEL,36,S3,815188725,0,0,0,439,2930                             
2026-10-06T20:31:56.642	TEL,37,S3,815198725,0,0,0,436,2928                             
2026-10-06T20:31:56.642	TEL,38,S3,815208725,0,0,0,433,2928                             
2026-10-06T20:31:56.642	TEL,39,S3,815218725,0,0,0,428,2925                             
2026-10-06T20:31:56.642	TEL,40,S3,815228725,0,0,0,433,2925                             
2026-10-06T20:31:56.642	TEL,41,S3,815238725,0,0,0,433,2925                             
2026-10-06T20:31:56.642	TEL,42,S3,815248725,0,0,0,433,2925                             
2026-10-06T20:31:56.642	TEL,43,S3,815258725,0,0,0,436,2928                             
2026-10-06T20:31:56.642	TEL,44,S3,815268725,0,0,0,433,2928                             
2026-10-06T20:31:56.642	TEL,45,S3,815278725,0,0,0,436,2932                             
2026-10-06T20:31:56.642	TEL,46,S3,815288725,0,0,0,451,2932                             
2026-10-06T20:31:56.642	TEL,47,S3,815298725,0,0,0,448,2928                             
2026-10-06T20:31:56.642	TEL,48,S3,815308725,0,0,0,448,2928                             
2026-10-06T20:31:56.642	TEL,49,S3,815318725,0,0,0,445,2925                             
2026-10-06T20:31:56.642	TEL,50,S3,815328725,0,0,0,436,2925                             
2026-10-06T20:31:56.642	TEL,51,S3,815338725,0,0,0,439,2928                             
2026-10-06T20:31:56.642	TEL,52,S3,815348725,0,0,0,439,2928                             
2026-10-06T20:31:56.642	TEL,53,S3,815358725,0,0,0,448,2935                             
2026-10-06T20:31:56.642	TEL,54,S3,815368725,0,0,0,451,2935                             
2026-10-06T20:31:56.642	TEL,55,S3,815378725,0,0,0,448,2933                             
2026-10-06T20:31:56.642	TEL,56,S3,815388725,0,0,0,436,2933                             
2026-10-06T20:31:56.642	TEL,57,S3,815398725,0,0,0,436,2932                             
2026-10-06T20:31:56.642	TEL,58,S3,815408725,0,0,0,436,2932                             
2026-10-06T20:31:56.642	TEL,59,S3,815418725,0,0,0,436,2932                             
2026-10-06T20:31:56.642	TEL,60,S3,815428725,0,0,0,451,2932                             
2026-10-06T20:31:56.642	TEL,61,S3,815438725,0,0,0,448,2928                             
2026-10-06T20:31:57.261	TEL,62,S3,815448725,0,0,0,436,2928                             
2026-10-06T20:31:57.261	TEL,63,S3,815458725,0,0,0,433,2925                             
2026-10-06T20:31:57.261	TEL,64,S3,815468725,0,0,0,436,2925                             
2026-10-06T20:31:57.261	TEL,65,S3,815478725,0,0,0,439,2928                             
2026-10-06T20:31:57.261	TEL,66,S3,815488725,0,0,0,436,2928                             
2026-10-06T20:31:57.261	TEL,67,S3,815498725,0,0,0,439,2932                             
2026-10-06T20:31:57.261	TEL,68,S3,815508725,0,0,0,442,2932                             
2026-10-06T20:31:57.261	TEL,69,S3,815518725,0,0,0,439,2928                             
2026-10-06T20:31:57.261	TEL,70,S3,815528725,0,0,0,439,2928                             
2026-10-06T20:31:57.261	TEL,71,S3,815538725,0,0,0,439,2928                             
2026-10-06T20:31:57.261	TEL,72,S3,815548725,0,0,0,436,2928                             
2026-10-06T20:31:57.261	TEL,73,S3,815558725,0,0,0,433,2925                             
2026-10-06T20:31:57.261	TEL,74,S3,815568725,0,0,0,439,2925                             
2026-10-06T20:31:57.261	TEL,75,S3,815578725,0,0,0,436,2923                             
2026-10-06T20:31:57.261	TEL,76,S3,815588725,0,0,0,428,2923                             
2026-10-06T20:31:57.261	TEL,77,S3,815598725,0,0,0,433,2928                             
2026-10-06T20:31:57.261	TEL,78,S3,815608725,0,0,0,436,2928                             
2026-10-06T20:31:57.261	TEL,79,S3,815618725,0,0,0,442,2932                             
2026-10-06T20:31:57.261	TEL,80,S3,815628725,0,0,0,442,2932                             
2026-10-06T20:31:57.261	TEL,81,S3,815638725,0,0,0,442,2932                             
2026-10-06T20:31:57.261	TEL,82,S3,815648725,0,0,0,442,2932                             
2026-10-06T20:31:57.261	TEL,83,S3,815658725,0,0,0,442,2932                             
2026-10-06T20:31:57.261	TEL,84,S3,815668725,0,0,0,442,2932                             
2026-10-06T20:31:57.261	TEL,85,S3,815678725,0,0,0,436,2928                             
2026-10-06T20:31:57.263	TEL,86,S3,815688725,0,0,0,436,2928                             
2026-10-06T20:31:57.263	TEL,87,S3,815698725,0,0,0,436,2928                             
2026-10-06T20:31:57.263	TEL,88,S3,815708725,0,0,0,439,2928                             
2026-10-06T20:31:57.263	TEL,89,S3,815718725,0,0,0,433,2921                             
2026-10-06T20:31:57.263	TEL,90,S3,815728725,0,0,0,425,2921                             
2026-10-06T20:31:57.263	TEL,91,S3,815738725,0,0,0,436,2932                             
2026-10-06T20:31:57.263	TEL,92,S3,815748725,0,0,0,442,2932                             
2026-10-06T20:31:57.263	TEL,93,S3,815758725,0,0,0,442,2932                             
2026-10-06T20:31:57.263	TEL,94,S3,815768725,0,0,0,442,2932                             
2026-10-06T20:31:57.263	TEL,95,S3,815778725,0,0,0,436,2925                             
2026-10-06T20:31:57.263	TEL,96,S3,815788725,0,0,0,433,2925                             
2026-10-06T20:31:57.263	TEL,97,S3,815798725,0,0,0,442,2932                             
2026-10-06T20:31:57.263	TEL,98,S3,815808725,0,0,0,445,2932                             
2026-10-06T20:31:57.263	TEL,99,S3,815818725,0,0,0,445,2932                             
2026-10-06T20:31:57.263	TEL,100,S3,815828725,0,0,0,445,2932                            
2026-10-06T20:31:57.263	TEL,101,S3,815838725,0,0,0,445,2930                            
2026-10-06T20:31:57.263	TEL,102,S3,815848725,0,0,0,436,2930                            
2026-10-06T20:31:57.263	TEL,103,S3,815858725,0,0,0,428,2921                            
2026-10-06T20:31:57.263	TEL,104,S3,815868725,0,0,0,428,2921                            
2026-10-06T20:31:57.263	TEL,105,S3,815878725,0,0,0,439,2933                            
2026-10-06T20:31:57.263	TEL,106,S3,815888725,0,0,0,439,2933                            
2026-10-06T20:31:57.263	TEL,107,S3,815898725,0,0,0,439,2932                            
2026-10-06T20:31:57.263	TEL,108,S3,815908725,0,0,0,433,2932                            
2026-10-06T20:31:57.263	TEL,109,S3,815918725,0,0,0,433,2933                            
2026-10-06T20:31:57.263	TEL,110,S3,815928725,0,0,0,430,2933                            
2026-10-06T20:31:57.263	TEL,111,S3,815938725,0,0,0,430,2935                            
2026-10-06T20:31:57.263	TEL,112,S3,815948725,0,0,0,436,2935                            
2026-10-06T20:31:57.263	TEL,113,S3,815958725,0,0,0,433,2932                            
2026-10-06T20:31:57.263	TEL,114,S3,815968725,0,0,0,433,2932                            
2026-10-06T20:31:57.263	TEL,115,S3,815978725,0,0,0,433,2932                            
2026-10-06T20:31:57.263	TEL,116,S3,815988725,0,0,0,433,2932                            
2026-10-06T20:31:57.263	TEL,117,S3,815998725,0,0,0,433,2933                            
2026-10-06T20:31:57.263	TEL,118,S3,816008725,0,0,0,433,2933                            
2026-10-06T20:31:57.263	TEL,119,S3,816018725,0,0,0,428,2930                            
2026-10-06T20:31:57.263	TEL,120,S3,816028725,0,0,0,436,2930                            
2026-10-06T20:31:57.263	TEL,121,S3,816038725,0,0,0,439,2932                            
2026-10-06T20:31:57.263	TEL,122,S3,816048725,0,0,0,433,2932                            
2026-10-06T20:31:57.263	TEL,123,S3,816058725,0,0,0,430,2930                            
2026-10-06T20:31:57.883	TEL,124,S3,816068725,0,0,0,436,2930                            
2026-10-06T20:31:57.883	TEL,125,S3,816078725,0,0,0,439,2932                            
2026-10-06T20:31:57.883	TEL,126,S3,816088725,0,0,0,439,2932                            
2026-10-06T20:31:57.883	TEL,127,S3,816098725,0,0,0,439,2933                            
2026-10-06T20:31:57.883	TEL,128,S3,816108725,0,0,0,436,2933                            
2026-10-06T20:31:57.883	TEL,129,S3,816118725,0,0,0,436,2932                            
2026-10-06T20:31:57.883	TEL,130,S3,816128725,0,0,0,433,2932                            
2026-10-06T20:31:57.883	TEL,131,S3,816138725,0,0,0,433,2932                            
2026-10-06T20:31:57.883	TEL,132,S3,816148725,0,0,0,439,2932                            
2026-10-06T20:31:57.883	TEL,133,S3,816158725,0,0,0,439,2933                            
2026-10-06T20:31:57.883	TEL,134,S3,816168725,0,0,0,433,2933                            
2026-10-06T20:31:57.883	TEL,135,S3,816178725,0,0,0,433,2932                            
2026-10-06T20:31:57.883	TEL,136,S3,816188725,0,0,0,428,2932                            
2026-10-06T20:31:57.883	TEL,137,S3,816198725,0,0,0,430,2935                            
2026-10-06T20:31:57.883	TEL,138,S3,816208725,0,0,0,430,2935                            
2026-10-06T20:31:57.883	TEL,139,S3,816218725,0,0,0,428,2932                            
2026-10-06T20:31:57.883	TEL,140,S3,816228725,0,0,0,439,2932                            
2026-10-06T20:31:57.883	TEL,141,S3,816238725,0,0,0,442,2935                            
2026-10-06T20:31:57.883	TEL,142,S3,816248725,0,0,0,430,2935                            
2026-10-06T20:31:57.883	TEL,143,S3,816258725,0,0,0,430,2933                            
2026-10-06T20:31:57.883	TEL,144,S3,816268725,0,0,0,433,2933                            
2026-10-06T20:31:57.883	TEL,145,S3,816278725,0,0,0,433,2933                            
2026-10-06T20:31:57.883	TEL,146,S3,816288725,0,0,0,433,2933                            
2026-10-06T20:31:57.883	TEL,147,S3,816298725,0,0,0,430,2928                            
2026-10-06T20:31:57.883	TEL,148,S3,816308725,0,0,0,430,2928                            
2026-10-06T20:31:57.883	TEL,149,S3,816318725,0,0,0,436,2935                            
2026-10-06T20:31:57.883	TEL,150,S3,816328725,0,0,0,428,2935                            
2026-10-06T20:31:57.883	TEL,151,S3,816338725,0,0,0,425,2930                            
2026-10-06T20:31:57.883	TEL,152,S3,816348725,0,0,0,430,2930                            
2026-10-06T20:31:57.883	TEL,153,S3,816358725,0,0,0,430,2928                            
2026-10-06T20:31:57.883	TEL,154,S3,816368725,0,0,0,433,2928                            
2026-10-06T20:31:57.883	TEL,155,S3,816378725,0,0,0,436,2933                            
2026-10-06T20:31:57.883	TEL,156,S3,816388725,0,0,0,439,2933                            
2026-10-06T20:31:57.883	TEL,157,S3,816398725,0,0,0,428,2921                            
2026-10-06T20:31:57.883	TEL,158,S3,816408725,0,0,0,422,2921                            
2026-10-06T20:31:57.883	TEL,159,S3,816418725,0,0,0,428,2925                            
2026-10-06T20:31:57.883	TEL,160,S3,816428725,0,0,0,430,2925                            
2026-10-06T20:31:57.883	TEL,161,S3,816438725,0,0,0,436,2928                            
2026-10-06T20:31:57.883	TEL,162,S3,816448725,0,0,0,433,2928                            
2026-10-06T20:31:57.883	TEL,163,S3,816458725,0,0,0,433,2930                            
2026-10-06T20:31:57.883	TEL,164,S3,816468725,0,0,0,436,2930                            
2026-10-06T20:31:57.883	TEL,165,S3,816478725,0,0,0,436,2928                            
2026-10-06T20:31:57.883	TEL,166,S3,816488725,0,0,0,442,2928                            
2026-10-06T20:31:57.883	TEL,167,S3,816498725,0,0,0,451,2935                            
2026-10-06T20:31:57.883	TEL,168,S3,816508725,0,0,0,451,2935                            
2026-10-06T20:31:57.883	TEL,169,S3,816518725,0,0,0,445,2932                            
2026-10-06T20:31:57.883	TEL,170,S3,816528725,0,0,0,433,2932                            
2026-10-06T20:31:57.883	TEL,171,S3,816538725,0,0,0,433,2932                            
2026-10-06T20:31:57.883	TEL,172,S3,816548725,0,0,0,436,2932                            
2026-10-06T20:31:57.883	TEL,173,S3,816558725,0,0,0,436,2932                            
2026-10-06T20:31:57.883	TEL,174,S3,816568725,0,0,0,433,2932                            
2026-10-06T20:31:57.883	TEL,175,S3,816578725,0,0,0,433,2932                            
2026-10-06T20:31:57.883	TEL,176,S3,816588725,0,0,0,428,2932                            
2026-10-06T20:31:57.883	TEL,177,S3,816598725,0,0,0,428,2932                            
2026-10-06T20:31:57.883	TEL,178,S3,816608725,0,0,0,439,2932                            
2026-10-06T20:31:57.883	TEL,179,S3,816618725,0,0,0,433,2927                            
2026-10-06T20:31:57.883	TEL,180,S3,816628725,0,0,0,433,2927                            
2026-10-06T20:31:57.883	TEL,181,S3,816638725,0,0,0,439,2932                            
2026-10-06T20:31:57.883	TEL,182,S3,816648725,0,0,0,433,2932                            
2026-10-06T20:31:57.883	TEL,183,S3,816658725,0,0,0,430,2930                            
2026-10-06T20:31:57.883	TEL,184,S3,816668725,0,0,0,430,2930                            
2026-10-06T20:31:57.883	TEL,185,S3,816678725,0,0,0,433,2933                            
2026-10-06T20:31:58.503	TEL,186,S3,816688725,0,0,0,439,2933                            
2026-10-06T20:31:58.503	TEL,187,S3,816698725,0,0,0,436,2928                            
2026-10-06T20:31:58.503	TEL,188,S3,816708725,0,0,0,425,2928                            
2026-10-06T20:31:58.503	TEL,189,S3,816718725,0,0,0,428,2932                            
2026-10-06T20:31:58.503	TEL,190,S3,816728725,0,0,0,433,2932                            
2026-10-06T20:31:58.503	TEL,191,S3,816738725,0,0,0,436,2935                            
2026-10-06T20:31:58.503	TEL,192,S3,816748725,0,0,0,451,2935                            
2026-10-06T20:31:58.503	TEL,193,S3,816758725,0,0,0,445,2932                            
2026-10-06T20:31:58.503	TEL,194,S3,816768725,0,0,0,433,2932                            
2026-10-06T20:31:58.503	TEL,195,S3,816778725,0,0,0,436,2935                            
2026-10-06T20:31:58.503	TEL,196,S3,816788725,0,0,0,430,2935                            
2026-10-06T20:31:58.503	TEL,197,S3,816798725,0,0,0,430,2933                            
2026-10-06T20:31:58.503	TEL,198,S3,816808725,0,0,0,433,2933                            
2026-10-06T20:31:58.503	TEL,199,S3,816818725,0,0,0,433,2933                            
2026-10-06T20:31:58.503	TEL,200,S3,816828725,0,0,0,433,2933                            
2026-10-06T20:31:58.503	TEL,201,S3,816838725,0,0,0,433,2933                            
2026-10-06T20:31:58.503	TEL,202,S3,816848725,0,0,0,439,2933                            
2026-10-06T20:31:58.503	TEL,203,S3,816858725,0,0,0,433,2927                            
2026-10-06T20:31:58.503	TEL,204,S3,816868725,0,0,0,433,2927                            
2026-10-06T20:31:58.503	TEL,205,S3,816878725,0,0,0,439,2932                            
2026-10-06T20:31:58.503	TEL,206,S3,816888725,0,0,0,445,2932                            
2026-10-06T20:31:58.503	TEL,207,S3,816898725,0,0,0,451,2935                            
2026-10-06T20:31:58.503	TEL,208,S3,816908725,0,0,0,436,2935                            
2026-10-06T20:31:58.503	TEL,209,S3,816918725,0,0,0,430,2928                            
2026-10-06T20:31:58.503	TEL,210,S3,816928725,0,0,0,430,2928                            
2026-10-06T20:31:58.503	TEL,211,S3,816938725,0,0,0,433,2932                            
2026-10-06T20:31:58.503	TEL,212,S3,816948725,0,0,0,439,2932                            
2026-10-06T20:31:58.503	TEL,213,S3,816958725,0,0,0,442,2935                            
2026-10-06T20:31:58.503	TEL,214,S3,816968725,0,0,0,451,2935                            
2026-10-06T20:31:58.503	TEL,215,S3,816978725,0,0,0,442,2928                            
2026-10-06T20:31:58.503	TEL,216,S3,816988725,0,0,0,422,2928                            
2026-10-06T20:31:58.503	TEL,217,S3,816998725,0,0,0,425,2930                            
2026-10-06T20:31:58.503	TEL,218,S3,817008725,0,0,0,445,2930                            
2026-10-06T20:31:58.503	TEL,219,S3,817018725,0,0,0,448,2933                            
2026-10-06T20:31:58.503	TEL,220,S3,817028725,0,0,0,433,2933                            
2026-10-06T20:31:58.503	TEL,221,S3,817038725,0,0,0,433,2932                            
2026-10-06T20:31:58.503	TEL,222,S3,817048725,0,0,0,433,2932                            
2026-10-06T20:31:58.503	TEL,223,S3,817058725,0,0,0,433,2933                            
2026-10-06T20:31:58.503	TEL,224,S3,817068725,0,0,0,439,2933                            
2026-10-06T20:31:58.503	TEL,225,S3,817078725,0,0,0,439,2932                            
2026-10-06T20:31:58.503	TEL,226,S3,817088725,0,0,0,433,2932                            
2026-10-06T20:31:58.503	TEL,227,S3,817098725,0,0,0,433,2932                            
2026-10-06T20:31:58.503	TEL,228,S3,817108725,0,0,0,439,2932                            
2026-10-06T20:31:58.503	TEL,229,S3,817118725,0,0,0,436,2930                            
2026-10-06T20:31:58.503	TEL,230,S3,817128725,0,0,0,430,2930                            
2026-10-06T20:31:58.503	TEL,231,S3,817138725,0,0,0,433,2932                            
2026-10-06T20:31:58.503	TEL,232,S3,817148725,0,0,0,439,2932                            
2026-10-06T20:31:58.503	TEL,233,S3,817158725,0,0,0,430,2923                            
2026-10-06T20:31:58.503	TEL,234,S3,817168725,0,0,0,430,2923                            
2026-10-06T20:31:58.503	TEL,235,S3,817178725,0,0,0,430,2925                            
2026-10-06T20:31:58.503	TEL,236,S3,817188725,0,0,0,430,2925                            
2026-10-06T20:31:58.503	TEL,237,S3,817198725,0,0,0,442,2935                            
2026-10-06T20:31:58.503	TEL,238,S3,817208725,0,0,0,448,2935                            
2026-10-06T20:31:58.503	TEL,239,S3,817218725,0,0,0,433,2921                            
2026-10-06T20:31:58.503	TEL,240,S3,817228725,0,0,0,428,2921                            
2026-10-06T20:31:58.503	TEL,241,S3,817238725,0,0,0,436,2928                            
2026-10-06T20:31:58.503	TEL,242,S3,817248725,0,0,0,436,2928                            
2026-10-06T20:31:58.503	TEL,243,S3,817258725,0,0,0,439,2932                            
2026-10-06T20:31:58.503	TEL,244,S3,817268725,0,0,0,445,2932                            
2026-10-06T20:31:58.503	TEL,245,S3,817278725,0,0,0,445,2932                            
2026-10-06T20:31:58.503	TEL,246,S3,817288725,0,0,0,433,2932                            
2026-10-06T20:31:58.503	TEL,247,S3,817298725,0,0,0,433,2932                            
2026-10-06T20:31:59.122	TEL,248,S3,817308725,0,0,0,433,2932                            
2026-10-06T20:31:59.122	TEL,249,S3,817318725,0,0,0,433,2932                            
2026-10-06T20:31:59.122	TEL,250,S3,817328725,0,0,0,433,2932                            
2026-10-06T20:31:59.122	TEL,251,S3,817338725,0,0,0,433,2933                            
2026-10-06T20:31:59.122	TEL,252,S3,817348725,0,0,0,433,2933                            
2026-10-06T20:31:59.122	TEL,253,S3,817358725,0,0,0,428,2925                            
2026-10-06T20:31:59.122	TEL,254,S3,817368725,0,0,0,442,2925                            
2026-10-06T20:31:59.122	TEL,255,S3,817378725,0,0,0,448,2932                            
2026-10-06T20:31:59.122	TEL,256,S3,817388725,0,0,0,442,2932                            
2026-10-06T20:31:59.122	TEL,257,S3,817398725,0,0,0,448,2935                            
2026-10-06T20:31:59.122	TEL,258,S3,817408725,0,0,0,442,2935                            
2026-10-06T20:31:59.122	TEL,259,S3,817418725,0,0,0,442,2935                            
2026-10-06T20:31:59.122	TEL,260,S3,817428725,0,0,0,448,2935                            
2026-10-06T20:31:59.122	TEL,261,S3,817438725,0,0,0,439,2928                            
2026-10-06T20:31:59.122	TEL,262,S3,817448725,0,0,0,430,2928                            
2026-10-06T20:31:59.122	TEL,263,S3,817458725,0,0,0,433,2932                            
2026-10-06T20:31:59.122	TEL,264,S3,817468725,0,0,0,439,2932                            
2026-10-06T20:31:59.122	TEL,265,S3,817478725,0,0,0,439,2933                            
2026-10-06T20:31:59.122	TEL,266,S3,817488725,0,0,0,428,2933                            
2026-10-06T20:31:59.122	TEL,267,S3,817498725,0,0,0,425,2932                            
2026-10-06T20:31:59.122	TEL,268,S3,817508725,0,0,0,428,2932                            
2026-10-06T20:31:59.122	TEL,269,S3,817518725,0,0,0,428,2930                            
2026-10-06T20:31:59.122	TEL,270,S3,817528725,0,0,0,448,2930                            
2026-10-06T20:31:59.122	TEL,271,S3,817538725,0,0,0,451,2935                            
2026-10-06T20:31:59.122	TEL,272,S3,817548725,0,0,0,436,2935                            
2026-10-06T20:31:59.122	TEL,273,S3,817558725,0,0,0,436,2935                            
2026-10-06T20:31:59.122	TEL,274,S3,817568725,0,0,0,439,2935                            
2026-10-06T20:31:59.122	TEL,275,S3,817578725,0,0,0,439,2935                            
2026-10-06T20:31:59.122	TEL,276,S3,817588725,0,0,0,436,2935                            
2026-10-06T20:31:59.122	TEL,277,S3,817598725,0,0,0,436,2935                            
2026-10-06T20:31:59.122	TEL,278,S3,817608725,0,0,0,436,2935                            
2026-10-06T20:31:59.122	TEL,279,S3,817618725,0,0,0,430,2930                            
2026-10-06T20:31:59.122	TEL,280,S3,817628725,0,0,0,445,2930                            
2026-10-06T20:31:59.122	TEL,281,S3,817638725,0,0,0,445,2932                            
2026-10-06T20:31:59.122	TEL,282,S3,817648725,0,0,0,433,2932                            
2026-10-06T20:31:59.122	TEL,283,S3,817658725,0,0,0,433,2932                            
2026-10-06T20:31:59.122	TEL,284,S3,817668725,0,0,0,428,2932                            
2026-10-06T20:31:59.122	TEL,285,S3,817678725,0,0,0,430,2933                            
2026-10-06T20:31:59.122	TEL,286,S3,817688725,0,0,0,433,2933                            
2026-10-06T20:31:59.123	TEL,287,S3,817698725,0,0,0,433,2933                            
2026-10-06T20:31:59.123	TEL,288,S3,817708725,0,0,0,439,2933                            
2026-10-06T20:31:59.123	TEL,289,S3,817718725,0,0,0,442,2935                            
2026-10-06T20:31:59.123	TEL,290,S3,817728725,0,0,0,436,2935                            
2026-10-06T20:31:59.123	TEL,291,S3,817738725,0,0,0,433,2932                            
2026-10-06T20:31:59.123	TEL,292,S3,817748725,0,0,0,439,2932                            
2026-10-06T20:31:59.123	TEL,293,S3,817758725,0,0,0,439,2932                            
2026-10-06T20:31:59.123	TEL,294,S3,817768725,0,0,0,428,2932                            
2026-10-06T20:31:59.123	TEL,295,S3,817778725,0,0,0,428,2932                            
2026-10-06T20:31:59.123	TEL,296,S3,817788725,0,0,0,433,2932                            
2026-10-06T20:31:59.123	TEL,297,S3,817798725,0,0,0,430,2928                            
2026-10-06T20:31:59.123	TEL,298,S3,817808725,0,0,0,442,2928                            
2026-10-06T20:31:59.123	TEL,299,S3,817818725,0,0,0,445,2932                            
2026-10-06T20:31:59.123	TEL,300,S3,817828725,0,0,0,428,2932                            
2026-10-06T20:31:59.123	TEL,301,S3,817838725,0,0,0,428,2932                            
2026-10-06T20:31:59.123	TEL,302,S3,817848725,0,0,0,436,2932                            
2026-10-06T20:31:59.123	TEL,303,S3,817858725,0,0,0,436,2932                            
2026-10-06T20:31:59.123	TEL,304,S3,817868725,0,0,0,428,2932                            
2026-10-06T20:31:59.123	TEL,305,S3,817878725,0,0,0,430,2933                            
2026-10-06T20:31:59.123	TEL,306,S3,817888725,0,0,0,433,2933                            
2026-10-06T20:31:59.123	TEL,307,S3,817898725,0,0,0,433,2933                            
2026-10-06T20:31:59.123	TEL,308,S3,817908725,0,0,0,439,2933                            
2026-10-06T20:31:59.123	TEL,309,S3,817918725,0,0,0,439,2932                            
2026-10-06T20:31:59.742	TEL,310,S3,817928725,0,0,0,439,2932                            
2026-10-06T20:31:59.742	TEL,311,S3,817938725,0,0,0,442,2935                            
2026-10-06T20:31:59.742	TEL,312,S3,817948725,0,0,0,436,2935                            
2026-10-06T20:31:59.742	TEL,313,S3,817958725,0,0,0,433,2932                            
2026-10-06T20:31:59.742	TEL,314,S3,817968725,0,0,0,433,2932                            
2026-10-06T20:31:59.742	TEL,315,S3,817978725,0,0,0,436,2935                            
2026-10-06T20:31:59.742	TEL,316,S3,817988725,0,0,0,451,2935                            
2026-10-06T20:31:59.742	TEL,317,S3,817998725,0,0,0,445,2928                            
2026-10-06T20:31:59.742	TEL,318,S3,818008725,0,0,0,436,2928                            
2026-10-06T20:31:59.742	TEL,319,S3,818018725,0,0,0,439,2933                            
2026-10-06T20:31:59.742	TEL,320,S3,818028725,0,0,0,433,2933                            
2026-10-06T20:31:59.742	TEL,321,S3,818038725,0,0,0,430,2930                            
2026-10-06T20:31:59.742	TEL,322,S3,818048725,0,0,0,428,2930                            
2026-10-06T20:31:59.742	TEL,323,S3,818058725,0,0,0,430,2933                            
2026-10-06T20:31:59.742	TEL,324,S3,818068725,0,0,0,439,2933                            
2026-10-06T20:31:59.742	TEL,325,S3,818078725,0,0,0,439,2932                            
2026-10-06T20:31:59.742	TEL,326,S3,818088725,0,0,0,433,2932                            
2026-10-06T20:31:59.742	TEL,327,S3,818098725,0,0,0,433,2932                            
2026-10-06T20:31:59.742	TEL,328,S3,818108725,0,0,0,428,2932                            
2026-10-06T20:31:59.742	TEL,329,S3,818118725,0,0,0,430,2933                            
2026-10-06T20:31:59.742	TEL,330,S3,818128725,0,0,0,439,2933                            
2026-10-06T20:31:59.742	TEL,331,S3,818138725,0,0,0,439,2933                            
2026-10-06T20:31:59.742	TEL,332,S3,818148725,0,0,0,433,2933                            
2026-10-06T20:31:59.742	TEL,333,S3,818158725,0,0,0,430,2930                            
2026-10-06T20:31:59.742	TEL,334,S3,818168725,0,0,0,436,2930                            
2026-10-06T20:31:59.742	TEL,335,S3,818178725,0,0,0,436,2930                            
2026-10-06T20:31:59.742	TEL,336,S3,818188725,0,0,0,439,2930                            
2026-10-06T20:31:59.742	TEL,337,S3,818198725,0,0,0,442,2932                            
2026-10-06T20:31:59.742	TEL,338,S3,818208725,0,0,0,430,2932                            
2026-10-06T20:31:59.742	TEL,339,S3,818218725,0,0,0,430,2932                            
2026-10-06T20:31:59.742	TEL,340,S3,818228725,0,0,0,445,2932                            
2026-10-06T20:31:59.742	TEL,341,S3,818238725,0,0,0,451,2935                            
2026-10-06T20:31:59.742	TEL,342,S3,818248725,0,0,0,436,2935                            
2026-10-06T20:31:59.742	TEL,343,S3,818258725,0,0,0,433,2932                            
2026-10-06T20:31:59.742	TEL,344,S3,818268725,0,0,0,428,2932                            
2026-10-06T20:31:59.742	TEL,345,S3,818278725,0,0,0,425,2928                            
2026-10-06T20:31:59.742	TEL,346,S3,818288725,0,0,0,436,2928                            
2026-10-06T20:31:59.742	TEL,347,S3,818298725,0,0,0,439,2932                            
2026-10-06T20:31:59.742	TEL,348,S3,818308725,0,0,0,428,2932                            
2026-10-06T20:31:59.742	TEL,349,S3,818318725,0,0,0,428,2932                            
2026-10-06T20:31:59.742	TEL,350,S3,818328725,0,0,0,433,2932                            
2026-10-06T20:31:59.742	TEL,351,S3,818338725,0,0,0,428,2925                            
2026-10-06T20:31:59.742	TEL,352,S3,818348725,0,0,0,428,2925                            
2026-10-06T20:31:59.742	TEL,353,S3,818358725,0,0,0,430,2930                            
2026-10-06T20:31:59.742	TEL,354,S3,818368725,0,0,0,430,2930                            
2026-10-06T20:31:59.742	TEL,355,S3,818378725,0,0,0,436,2935                            
2026-10-06T20:31:59.742	TEL,356,S3,818388725,0,0,0,428,2935                            
2026-10-06T20:31:59.742	TEL,357,S3,818398725,0,0,0,428,2933                            
2026-10-06T20:31:59.742	TEL,358,S3,818408725,0,0,0,433,2933                            
2026-10-06T20:31:59.742	TEL,359,S3,818418725,0,0,0,436,2935                            
2026-10-06T20:31:59.742	TEL,360,S3,818428725,0,0,0,442,2935                            
2026-10-06T20:31:59.742	TEL,361,S3,818438725,0,0,0,433,2927                            
2026-10-06T20:31:59.742	TEL,362,S3,818448725,0,0,0,428,2927                            
2026-10-06T20:31:59.742	TEL,363,S3,818458725,0,0,0,433,2933                            
2026-10-06T20:31:59.742	TEL,364,S3,818468725,0,0,0,433,2933                            
2026-10-06T20:31:59.742	TEL,365,S3,818478725,0,0,0,436,2935                            
2026-10-06T20:31:59.742	TEL,366,S3,818488725,0,0,0,442,2935                            
2026-10-06T20:31:59.742	TEL,367,S3,818498725,0,0,0,439,2933                            
2026-10-06T20:31:59.742	TEL,368,S3,818508725,0,0,0,436,2933                            
2026-10-06T20:31:59.742	TEL,369,S3,818518725,0,0,0,433,2930                            
2026-10-06T20:31:59.742	TEL,370,S3,818528725,0,0,0,436,2930                            
2026-10-06T20:31:59.742	TEL,371,S3,818538725,0,0,0,442,2935                            
2026-10-06T20:32:00.362	TEL,372,S3,818548725,0,0,0,436,2935                            
2026-10-06T20:32:00.362	TEL,373,S3,818558725,0,0,0,433,2933                            
2026-10-06T20:32:00.362	TEL,374,S3,818568725,0,0,0,439,2933                            
2026-10-06T20:32:00.362	TEL,375,S3,818578725,0,0,0,436,2930                            
2026-10-06T20:32:00.362	TEL,376,S3,818588725,0,0,0,430,2930                            
2026-10-06T20:32:00.362	TEL,377,S3,818598725,0,0,0,430,2928                            
2026-10-06T20:32:00.362	TEL,378,S3,818608725,0,0,0,436,2928                            
2026-10-06T20:32:00.362	TEL,379,S3,818618725,0,0,0,442,2935                            
2026-10-06T20:32:00.362	TEL,380,S3,818628725,0,0,0,436,2935                            
2026-10-06T20:32:00.362	TEL,381,S3,818638725,0,0,0,430,2928                            
2026-10-06T20:32:00.362	TEL,382,S3,818648725,0,0,0,436,2928                            
2026-10-06T20:32:00.362	TEL,383,S3,818658725,0,0,0,439,2933                            
2026-10-06T20:32:00.362	TEL,384,S3,818668725,0,0,0,448,2933                            
2026-10-06T20:32:00.362	TEL,385,S3,818678725,0,0,0,448,2933                            
2026-10-06T20:32:00.362	TEL,386,S3,818688725,0,0,0,439,2933                            
2026-10-06T20:32:00.362	TEL,387,S3,818698725,0,0,0,436,2930                            
2026-10-06T20:32:00.362	TEL,388,S3,818708725,0,0,0,436,2930                            
2026-10-06T20:32:00.362	TEL,389,S3,818718725,0,0,0,442,2935                            
2026-10-06T20:32:00.362	TEL,390,S3,818728725,0,0,0,428,2935                            
2026-10-06T20:32:00.362	TEL,391,S3,818738725,0,0,0,425,2930                            
2026-10-06T20:32:00.362	TEL,392,S3,818748725,0,0,0,428,2930                            
2026-10-06T20:32:00.362	TEL,393,S3,818758725,0,0,0,430,2935                            
2026-10-06T20:32:00.362	TEL,394,S3,818768725,0,0,0,436,2935                            
2026-10-06T20:32:00.362	TEL,395,S3,818778725,0,0,0,436,2935                            
2026-10-06T20:32:00.362	TEL,396,S3,818788725,0,0,0,436,2935                            
2026-10-06T20:32:00.362	TEL,397,S3,818798725,0,0,0,433,2933                            
2026-10-06T20:32:00.362	TEL,398,S3,818808725,0,0,0,439,2933                            
2026-10-06T20:32:00.362	TEL,399,S3,818818725,0,0,0,442,2935                            
2026-10-06T20:32:00.362	TEL,400,S3,818828725,0,0,0,436,2935                            
2026-10-06T20:32:00.363	TEL,401,S3,818838725,0,0,0,433,2933                            
2026-10-06T20:32:00.363	TEL,402,S3,818848725,0,0,0,433,2933                            
2026-10-06T20:32:00.363	TEL,403,S3,818858725,0,0,0,436,2935                            
2026-10-06T20:32:00.363	TEL,404,S3,818868725,0,0,0,439,2935                            
2026-10-06T20:32:00.363	TEL,405,S3,818878725,0,0,0,439,2935                            
2026-10-06T20:32:00.363	TEL,406,S3,818888725,0,0,0,442,2935                            
2026-10-06T20:32:00.363	TEL,407,S3,818898725,0,0,0,439,2933                            
2026-10-06T20:32:00.363	TEL,408,S3,818908725,0,0,0,433,2933                            
2026-10-06T20:32:00.363	TEL,409,S3,818918725,0,0,0,430,2928                            
2026-10-06T20:32:00.363	TEL,410,S3,818928725,0,0,0,436,2928                            
2026-10-06T20:32:00.363	TEL,411,S3,818938725,0,0,0,439,2933                            
2026-10-06T20:32:00.363	TEL,412,S3,818948725,0,0,0,430,2933                            
2026-10-06T20:32:00.363	TEL,413,S3,818958725,0,0,0,430,2933                            
2026-10-06T20:32:00.363	TEL,414,S3,818968725,0,0,0,439,2933                            
2026-10-06T20:32:00.363	TEL,415,S3,818978725,0,0,0,442,2935                            
2026-10-06T20:32:00.363	TEL,416,S3,818988725,0,0,0,436,2935                            
2026-10-06T20:32:00.363	TEL,417,S3,818998725,0,0,0,433,2932                            
2026-10-06T20:32:00.363	TEL,418,S3,819008725,0,0,0,433,2932                            
2026-10-06T20:32:00.363	TEL,419,S3,819018725,0,0,0,430,2928                            
2026-10-06T20:32:00.363	TEL,420,S3,819028725,0,0,0,430,2928                            
2026-10-06T20:32:00.363	TEL,421,S3,819038725,0,0,0,433,2932                            
2026-10-06T20:32:00.363	TEL,422,S3,819048725,0,0,0,439,2932                            
2026-10-06T20:32:00.363	TEL,423,S3,819058725,0,0,0,439,2932                            
2026-10-06T20:32:00.363	TEL,424,S3,819068725,0,0,0,433,2932                            
2026-10-06T20:32:00.363	TEL,425,S3,819078725,0,0,0,430,2930                            
2026-10-06T20:32:00.363	TEL,426,S3,819088725,0,0,0,436,2930                            
2026-10-06T20:32:00.363	TEL,427,S3,819098725,0,0,0,439,2933                            
2026-10-06T20:32:00.363	TEL,428,S3,819108725,0,0,0,436,2933                            
2026-10-06T20:32:00.363	TEL,429,S3,819118725,0,0,0,433,2928                            
2026-10-06T20:32:00.363	TEL,430,S3,819128725,0,0,0,436,2928                            
2026-10-06T20:32:00.363	TEL,431,S3,819138725,0,0,0,442,2935                            
2026-10-06T20:32:00.363	TEL,432,S3,819148725,0,0,0,436,2935                            
2026-10-06T20:32:00.363	TEL,433,S3,819158725,0,0,0,433,2932                            
2026-10-06T20:32:00.993	TEL,434,S3,819168725,0,0,0,445,2932                            
2026-10-06T20:32:00.993	TEL,435,S3,819178725,0,0,0,436,2921                            
2026-10-06T20:32:00.993	TEL,436,S3,819188725,0,0,0,422,2921                            
2026-10-06T20:32:00.993	TEL,437,S3,819198725,0,0,0,430,2928                            
2026-10-06T20:32:00.993	TEL,438,S3,819208725,0,0,0,430,2928                            
2026-10-06T20:32:00.993	TEL,439,S3,819218725,0,0,0,433,2933                            
2026-10-06T20:32:00.993	TEL,440,S3,819228725,0,0,0,433,2933                            
2026-10-06T20:32:00.993	TEL,441,S3,819238725,0,0,0,430,2930                            
2026-10-06T20:32:00.993	TEL,442,S3,819248725,0,0,0,430,2930                            
2026-10-06T20:32:00.993	TEL,443,S3,819258725,0,0,0,422,2921                            
2026-10-06T20:32:00.993	TEL,444,S3,819268725,0,0,0,436,2921                            
2026-10-06T20:32:00.993	TEL,445,S3,819278725,0,0,0,442,2928                            
2026-10-06T20:32:00.993	TEL,446,S3,819288725,0,0,0,428,2928                            
2026-10-06T20:32:00.993	TEL,447,S3,819298725,0,0,0,430,2932                            
2026-10-06T20:32:00.993	TEL,448,S3,819308725,0,0,0,439,2932                            
2026-10-06T20:32:00.993	TEL,449,S3,819318725,0,0,0,436,2930                            
2026-10-06T20:32:00.993	TEL,450,S3,819328725,0,0,0,430,2930                            
2026-10-06T20:32:00.993	TEL,451,S3,819338725,0,0,0,436,2935                            
2026-10-06T20:32:00.993	TEL,452,S3,819348725,0,0,0,430,2935                            
2026-10-06T20:32:00.993	TEL,453,S3,819358725,0,0,0,428,2932                            
2026-10-06T20:32:00.993	TEL,454,S3,819368725,0,0,0,439,2932                            
2026-10-06T20:32:00.993	TEL,455,S3,819378725,0,0,0,433,2927                            
2026-10-06T20:32:00.993	TEL,456,S3,819388725,0,0,0,430,2927                            
2026-10-06T20:32:00.993	TEL,457,S3,819398725,0,0,0,436,2933                            
2026-10-06T20:32:00.993	TEL,458,S3,819408725,0,0,0,439,2933                            
2026-10-06T20:32:00.993	TEL,459,S3,819418725,0,0,0,439,2932                            
2026-10-06T20:32:00.993	TEL,460,S3,819428725,0,0,0,428,2932                            
2026-10-06T20:32:00.993	TEL,461,S3,819438725,0,0,0,428,2932                            
2026-10-06T20:32:00.993	TEL,462,S3,819448725,0,0,0,433,2932                            
2026-10-06T20:32:00.993	TEL,463,S3,819458725,0,0,0,436,2935                            
2026-10-06T20:32:00.993	TEL,464,S3,819468725,0,0,0,442,2935                            
2026-10-06T20:32:00.993	TEL,465,S3,819478725,0,0,0,436,2930                            
2026-10-06T20:32:00.993	TEL,466,S3,819488725,0,0,0,436,2930                            
2026-10-06T20:32:00.993	TEL,467,S3,819498725,0,0,0,436,2930                            
2026-10-06T20:32:00.993	TEL,468,S3,819508725,0,0,0,436,2930                            
2026-10-06T20:32:00.993	TEL,469,S3,819518725,0,0,0,442,2935                            
2026-10-06T20:32:00.993	TEL,470,S3,819528725,0,0,0,436,2935                            
2026-10-06T20:32:00.993	TEL,471,S3,819538725,0,0,0,433,2932                            
2026-10-06T20:32:00.993	TEL,472,S3,819548725,0,0,0,439,2932                            
2026-10-06T20:32:00.993	TEL,473,S3,819558725,0,0,0,439,2932                            
2026-10-06T20:32:00.993	TEL,474,S3,819568725,0,0,0,433,2932                            
2026-10-06T20:32:00.993	TEL,475,S3,819578725,0,0,0,430,2930                            
2026-10-06T20:32:00.993	TEL,476,S3,819588725,0,0,0,428,2930                            
2026-10-06T20:32:00.993	TEL,477,S3,819598725,0,0,0,433,2935                            
2026-10-06T20:32:00.993	TEL,478,S3,819608725,0,0,0,442,2935                            
2026-10-06T20:32:00.993	TEL,479,S3,819618725,0,0,0,442,2935                            
2026-10-06T20:32:00.993	TEL,480,S3,819628725,0,0,0,430,2935                            
2026-10-06T20:32:00.993	TEL,481,S3,819638725,0,0,0,422,2927                            
2026-10-06T20:32:00.994	TEL,482,S3,819648725,0,0,0,422,2927                            
2026-10-06T20:32:00.994	TEL,483,S3,819658725,0,0,0,428,2930                            
2026-10-06T20:32:00.994	TEL,484,S3,819668725,0,0,0,430,2930                            
2026-10-06T20:32:00.994	TEL,485,S3,819678725,0,0,0,430,2930                            
2026-10-06T20:32:00.994	TEL,486,S3,819688725,0,0,0,436,2930                            
2026-10-06T20:32:00.994	TEL,487,S3,819698725,0,0,0,442,2935                            
2026-10-06T20:32:00.994	TEL,488,S3,819708725,0,0,0,442,2935                            
2026-10-06T20:32:00.994	TEL,489,S3,819718725,0,0,0,439,2932                            
2026-10-06T20:32:00.994	TEL,490,S3,819728725,0,0,0,433,2932                            
2026-10-06T20:32:00.994	TEL,491,S3,819738725,0,0,0,430,2930                            
2026-10-06T20:32:00.995	TEL,492,S3,819748725,0,0,0,428,2930                            
2026-10-06T20:32:00.995	TEL,493,S3,819758725,0,0,0,430,2933                            
2026-10-06T20:32:00.995	TEL,494,S3,819768725,0,0,0,439,2933                            
2026-10-06T20:32:00.995	TEL,495,S3,819778725,0,0,0,439,2933                            
2026-10-06T20:32:01.592	TEL,496,S3,819788725,0,0,0,433,2933                            
2026-10-06T20:32:01.593	TEL,497,S3,819798725,0,0,0,433,2932                            
2026-10-06T20:32:01.593	TEL,498,S3,819808725,0,0,0,445,2932                            
2026-10-06T20:32:01.593	TEL,499,S3,819818725,0,0,0,442,2928                            
2026-10-06T20:32:01.593	TEL,500,S3,819828725,0,0,0,430,2928                            
2026-10-06T20:32:01.593	TEL,501,S3,819838725,0,0,0,433,2932                            
2026-10-06T20:32:01.593	TEL,502,S3,819848725,0,0,0,433,2932                            
2026-10-06T20:32:01.593	TEL,503,S3,819858725,0,0,0,436,2935                            
2026-10-06T20:32:01.593	TEL,504,S3,819868725,0,0,0,442,2935                            
2026-10-06T20:32:01.593	TEL,505,S3,819878725,0,0,0,439,2932                            
2026-10-06T20:32:01.593	TEL,506,S3,819888725,0,0,0,433,2932                            
2026-10-06T20:32:01.593	TEL,507,S3,819898725,0,0,0,433,2932                            
2026-10-06T20:32:01.593	TEL,508,S3,819908725,0,0,0,442,2932                            
2026-10-06T20:32:01.593	TEL,509,S3,819918725,0,0,0,442,2932                            
2026-10-06T20:32:01.593	TEL,510,S3,819928725,0,0,0,433,2932                            
2026-10-06T20:32:01.593	TEL,511,S3,819938725,0,0,0,422,2921                            
2026-10-06T20:32:01.593	TEL,512,S3,819948725,0,0,0,439,2921                            
2026-10-06T20:32:01.593	TEL,513,S3,819958725,0,0,0,451,2935                            
2026-10-06T20:32:01.593	TEL,514,S3,819968725,0,0,0,430,2935                            
2026-10-06T20:32:01.593	TEL,515,S3,819978725,0,0,0,428,2932                            
2026-10-06T20:32:01.593	TEL,516,S3,819988725,0,0,0,445,2932                            
2026-10-06T20:32:01.593	TEL,517,S3,819998725,0,0,0,445,2932                            
2026-10-06T20:32:01.593	TEL,518,S3,820008725,0,0,0,433,2932                            
2026-10-06T20:32:01.593	TEL,519,S3,820018725,0,0,0,433,2933                            
2026-10-06T20:32:01.593	TEL,520,S3,820028725,0,0,0,430,2933                            
2026-10-06T20:32:01.593	TEL,521,S3,820038725,0,0,0,425,2928                            
2026-10-06T20:32:01.593	TEL,522,S3,820048725,0,0,0,425,2928                            
2026-10-06T20:32:01.593	TEL,523,S3,820058725,0,0,0,428,2930                            
2026-10-06T20:32:01.593	TEL,524,S3,820068725,0,0,0,436,2930                            
2026-10-06T20:32:01.593	TEL,525,S3,820078725,0,0,0,433,2927                            
2026-10-06T20:32:01.593	TEL,526,S3,820088725,0,0,0,428,2927                            
2026-10-06T20:32:01.593	TEL,527,S3,820098725,0,0,0,433,2933                            
2026-10-06T20:32:01.593	TEL,528,S3,820108725,0,0,0,433,2933                            
2026-10-06T20:32:01.593	TEL,529,S3,820118725,0,0,0,430,2928                            
2026-10-06T20:32:01.593	TEL,530,S3,820128725,0,0,0,430,2928                            
2026-10-06T20:32:01.593	TEL,531,S3,820138725,0,0,0,430,2930                            
2026-10-06T20:32:01.593	TEL,532,S3,820148725,0,0,0,448,2930                            
2026-10-06T20:32:01.593	TEL,533,S3,820158725,0,0,0,448,2930                            
2026-10-06T20:32:01.593	TEL,534,S3,820168725,0,0,0,430,2930                            
2026-10-06T20:32:01.593	TEL,535,S3,820178725,0,0,0,433,2932                            
2026-10-06T20:32:01.593	TEL,536,S3,820188725,0,0,0,433,2932                            
2026-10-06T20:32:01.593	TEL,537,S3,820198725,0,0,0,433,2933                            
2026-10-06T20:32:01.593	TEL,538,S3,820208725,0,0,0,433,2933                            
2026-10-06T20:32:01.593	TEL,539,S3,820218725,0,0,0,422,2921                            
2026-10-06T20:32:01.593	TEL,540,S3,820228725,0,0,0,422,2921                            
2026-10-06T20:32:01.593	BTN,1,S3,PRESSED,820235865,820235872                           
2026-10-06T20:32:01.593	TEL,541,S3,820238725,0,0,0,433,2933                            
2026-10-06T20:32:01.593	TEL,542,S3,820248725,0,0,0,439,2933                            
2026-10-06T20:32:01.593	TEL,543,S3,820258725,0,0,0,428,2921                            
2026-10-06T20:32:01.593	TEL,544,S3,820268725,0,0,0,436,2921                            
2026-10-06T20:32:01.593	TEL,545,S3,820278725,0,0,0,445,2930                            
2026-10-06T20:32:01.593	TEL,546,S3,820288725,0,0,0,436,2930                            
2026-10-06T20:32:01.593	TEL,547,S3,820298725,0,0,0,433,2927                            
2026-10-06T20:32:01.593	TEL,548,S3,820308725,0,0,0,428,2927                            
2026-10-06T20:32:01.593	TEL,549,S3,820318725,0,0,0,430,2928                            
2026-10-06T20:32:01.593	TEL,550,S3,820328725,0,0,0,436,2928                            
2026-10-06T20:32:01.593	TEL,551,S3,820338725,0,0,0,430,2925                            
2026-10-06T20:32:01.593	TEL,552,S3,820348725,0,0,0,430,2925                            
2026-10-06T20:32:01.593	TEL,553,S3,820358725,0,0,0,439,2933                            
2026-10-06T20:32:01.593	TEL,554,S3,820368725,0,0,0,433,2933                            
2026-10-06T20:32:01.593	TEL,555,S3,820378725,0,0,0,436,2935                            
2026-10-06T20:32:01.593	TEL,556,S3,820388725,0,0,0,436,2935                            
2026-10-06T20:32:02.202	TEL,557,S3,820398725,0,0,0,422,2921                            
2026-10-06T20:32:02.202	TEL,558,S3,820408725,0,0,0,422,2921                            
2026-10-06T20:32:02.202	TEL,559,S3,820418725,0,0,0,428,2928                            
2026-10-06T20:32:02.202	TEL,560,S3,820428725,0,0,0,425,2928                            
2026-10-06T20:32:02.202	TEL,561,S3,820438725,0,0,0,428,2932                            
2026-10-06T20:32:02.202	TEL,562,S3,820448725,0,0,0,433,2932                            
2026-10-06T20:32:02.202	TEL,563,S3,820458725,0,0,0,433,2932                            
2026-10-06T20:32:02.202	TEL,564,S3,820468725,0,0,0,439,2932                            
2026-10-06T20:32:02.202	TEL,565,S3,820478725,0,0,0,436,2930                            
2026-10-06T20:32:02.202	TEL,566,S3,820488725,0,0,0,430,2930                            
2026-10-06T20:32:02.202	TEL,567,S3,820498725,0,0,0,433,2933                            
2026-10-06T20:32:02.202	TEL,568,S3,820508725,0,0,0,430,2933                            
2026-10-06T20:32:02.202	TEL,569,S3,820518725,0,0,0,430,2933                            
2026-10-06T20:32:02.202	TEL,570,S3,820528725,0,0,0,448,2933                            
2026-10-06T20:32:02.202	TEL,571,S3,820538725,0,0,0,448,2933                            
2026-10-06T20:32:02.202	TEL,572,S3,820548725,0,0,0,439,2933                            
2026-10-06T20:32:02.202	TEL,573,S3,820558725,0,0,0,439,2932                            
2026-10-06T20:32:02.202	TEL,574,S3,820568725,0,0,0,445,2932                            
2026-10-06T20:32:02.202	TEL,575,S3,820578725,0,0,0,445,2932                            
2026-10-06T20:32:02.202	TEL,576,S3,820588725,0,0,0,445,2932                            
2026-10-06T20:32:02.202	TEL,577,S3,820598725,0,0,0,442,2928                            
2026-10-06T20:32:02.202	TEL,578,S3,820608725,0,0,0,445,2928                            
2026-10-06T20:32:02.202	TEL,579,S3,820618725,0,0,0,451,2935                            
2026-10-06T20:32:02.202	TEL,580,S3,820628725,0,0,0,451,2935                            
2026-10-06T20:32:02.202	TEL,581,S3,820638725,0,0,0,448,2932                            
2026-10-06T20:32:02.203	TEL,582,S3,820648725,0,0,0,433,2932                            
2026-10-06T20:32:02.203	TEL,583,S3,820658725,0,0,0,422,2921                            
2026-10-06T20:32:02.203	TEL,584,S3,820668725,0,0,0,419,2921                            
2026-10-06T20:32:02.203	TEL,585,S3,820678725,0,0,0,430,2933                            
2026-10-06T20:32:02.203	TEL,586,S3,820688725,0,0,0,439,2933                            
2026-10-06T20:32:02.203	TEL,587,S3,820698725,0,0,0,428,2921                            
2026-10-06T20:32:02.203	TEL,588,S3,820708725,0,0,0,422,2921                            
2026-10-06T20:32:02.203	TEL,589,S3,820718725,0,0,0,430,2930                            
2026-10-06T20:32:02.203	TEL,590,S3,820728725,0,0,0,430,2930                            
2026-10-06T20:32:02.203	TEL,591,S3,820738725,0,0,0,433,2932                            
2026-10-06T20:32:02.203	TEL,592,S3,820748725,0,0,0,433,2932                            
2026-10-06T20:32:02.203	TEL,593,S3,820758725,0,0,0,436,2935                            
2026-10-06T20:32:02.203	TEL,594,S3,820768725,0,0,0,436,2935                            
2026-10-06T20:32:02.203	TEL,595,S3,820778725,0,0,0,433,2933                            
2026-10-06T20:32:02.203	TEL,596,S3,820788725,0,0,0,433,2933                            
2026-10-06T20:32:02.203	BTN,2,S3,PRESSED,820788870,820788878                           
2026-10-06T20:32:02.203	TEL,597,S3,820798725,0,0,0,430,2928                            
2026-10-06T20:32:02.203	TEL,598,S3,820808725,0,0,0,436,2928                            
2026-10-06T20:32:02.203	TEL,599,S3,820818725,0,0,0,436,2928                            
2026-10-06T20:32:02.203	TEL,600,S3,820828725,0,0,0,425,2928                            
2026-10-06T20:32:02.203	TEL,601,S3,820838725,0,0,0,425,2928                            
2026-10-06T20:32:02.203	TEL,602,S3,820848725,0,0,0,430,2928                            
2026-10-06T20:32:02.203	TEL,603,S3,820858725,0,0,0,433,2932                            
2026-10-06T20:32:02.203	TEL,604,S3,820868725,0,0,0,433,2932                            
2026-10-06T20:32:02.203	TEL,605,S3,820878725,0,0,0,433,2932                            
2026-10-06T20:32:02.203	TEL,606,S3,820888725,0,0,0,433,2932                            
2026-10-06T20:32:02.203	TEL,607,S3,820898725,0,0,0,428,2925                            
2026-10-06T20:32:02.203	TEL,608,S3,820908725,0,0,0,428,2925                            
2026-10-06T20:32:02.203	TEL,609,S3,820918725,0,0,0,433,2933                            
2026-10-06T20:32:02.203	TEL,610,S3,820928725,0,0,0,433,2933                            
2026-10-06T20:32:02.203	TEL,611,S3,820938725,0,0,0,436,2935                            
2026-10-06T20:32:02.203	TEL,612,S3,820948725,0,0,0,436,2935                            
2026-10-06T20:32:02.203	TEL,613,S3,820958725,0,0,0,430,2928                            
2026-10-06T20:32:02.203	TEL,614,S3,820968725,0,0,0,436,2928                            
2026-10-06T20:32:02.203	TEL,615,S3,820978725,0,0,0,439,2933                            
2026-10-06T20:32:02.203	TEL,616,S3,820988725,0,0,0,439,2933                            
2026-10-06T20:32:02.203	TEL,617,S3,820998725,0,0,0,439,2932                            
2026-10-06T20:32:02.811	TEL,618,S3,821008725,0,0,0,439,2932                            
2026-10-06T20:32:02.811	TEL,619,S3,821018725,0,0,0,439,2932                            
2026-10-06T20:32:02.811	TEL,620,S3,821028725,0,0,0,445,2932                            
2026-10-06T20:32:02.811	TEL,621,S3,821038725,0,0,0,448,2933                            
2026-10-06T20:32:02.811	TEL,622,S3,821048725,0,0,0,439,2933                            
2026-10-06T20:32:02.811	TEL,623,S3,821058725,0,0,0,439,2933                            
2026-10-06T20:32:02.811	TEL,624,S3,821068725,0,0,0,439,2933                            
2026-10-06T20:32:02.811	TEL,625,S3,821078725,0,0,0,430,2925                            
2026-10-06T20:32:02.811	TEL,626,S3,821088725,0,0,0,430,2925                            
2026-10-06T20:32:02.811	TEL,627,S3,821098725,0,0,0,442,2937                            
2026-10-06T20:32:02.811	TEL,628,S3,821108725,0,0,0,442,2937                            
2026-10-06T20:32:02.811	TEL,629,S3,821118725,0,0,0,439,2933                            
2026-10-06T20:32:02.811	TEL,630,S3,821128725,0,0,0,433,2933                            
2026-10-06T20:32:02.811	TEL,631,S3,821138725,0,0,0,433,2933                            
2026-10-06T20:32:02.811	TEL,632,S3,821148725,0,0,0,433,2933                            
2026-10-06T20:32:02.811	TEL,633,S3,821158725,0,0,0,430,2930                            
2026-10-06T20:32:02.811	TEL,634,S3,821168725,0,0,0,430,2930                            
2026-10-06T20:32:02.811	TEL,635,S3,821178725,0,0,0,430,2930                            
2026-10-06T20:32:02.811	TEL,636,S3,821188725,0,0,0,433,2930                            
2026-10-06T20:32:02.811	TEL,637,S3,821198725,0,0,0,436,2933                            
2026-10-06T20:32:02.811	TEL,638,S3,821208725,0,0,0,433,2933                            
2026-10-06T20:32:02.811	TEL,639,S3,821218725,0,0,0,433,2933                            
2026-10-06T20:32:02.811	TEL,640,S3,821228725,0,0,0,436,2933                            
2026-10-06T20:32:02.811	TEL,641,S3,821238725,0,0,0,436,2933                            
2026-10-06T20:32:02.811	TEL,642,S3,821248725,0,0,0,439,2933                            
2026-10-06T20:32:02.811	TEL,643,S3,821258725,0,0,0,436,2930                            
2026-10-06T20:32:02.811	TEL,644,S3,821268725,0,0,0,428,2930                            
2026-10-06T20:32:02.811	TEL,645,S3,821278725,0,0,0,428,2930                            
2026-10-06T20:32:02.811	TEL,646,S3,821288725,0,0,0,442,2930                            
2026-10-06T20:32:02.811	TEL,647,S3,821298725,0,0,0,448,2935                            
2026-10-06T20:32:02.811	TEL,648,S3,821308725,0,0,0,436,2935                            
2026-10-06T20:32:02.811	TEL,649,S3,821318725,0,0,0,422,2921                            
2026-10-06T20:32:02.811	TEL,650,S3,821328725,0,0,0,422,2921                            
2026-10-06T20:32:02.811	TEL,651,S3,821338725,0,0,0,433,2932                            
2026-10-06T20:32:02.811	TEL,652,S3,821348725,0,0,0,433,2932                            
2026-10-06T20:32:02.811	TEL,653,S3,821358725,0,0,0,430,2930                            
2026-10-06T20:32:02.811	TEL,654,S3,821368725,0,0,0,430,2930                            
2026-10-06T20:32:02.811	TEL,655,S3,821378725,0,0,0,433,2932                            
2026-10-06T20:32:02.811	TEL,656,S3,821388725,0,0,0,439,2932                            
2026-10-06T20:32:02.811	BTN,3,S3,PRESSED,821391876,821391883                           
2026-10-06T20:32:02.811	TEL,657,S3,821398725,0,0,0,439,2933                            
2026-10-06T20:32:02.811	TEL,658,S3,821408725,0,0,0,439,2933                            
2026-10-06T20:32:02.811	TEL,659,S3,821418725,0,0,0,439,2933                            
2026-10-06T20:32:02.811	TEL,660,S3,821428725,0,0,0,430,2933                            
2026-10-06T20:32:02.811	TEL,661,S3,821438725,0,0,0,430,2933                            
2026-10-06T20:32:02.811	TEL,662,S3,821448725,0,0,0,439,2933                            
2026-10-06T20:32:02.811	TEL,663,S3,821458725,0,0,0,433,2927                            
2026-10-06T20:32:02.811	TEL,664,S3,821468725,0,0,0,428,2927                            
2026-10-06T20:32:02.811	TEL,665,S3,821478725,0,0,0,433,2933                            
2026-10-06T20:32:02.811	TEL,666,S3,821488725,0,0,0,448,2933                            
2026-10-06T20:32:02.811	TEL,667,S3,821498725,0,0,0,442,2928                            
2026-10-06T20:32:02.811	TEL,668,S3,821508725,0,0,0,442,2928                            
2026-10-06T20:32:02.811	TEL,669,S3,821518725,0,0,0,451,2935                            
2026-10-06T20:32:02.811	TEL,670,S3,821528725,0,0,0,436,2935                            
2026-10-06T20:32:02.811	TEL,671,S3,821538725,0,0,0,433,2933                            
2026-10-06T20:32:02.811	TEL,672,S3,821548725,0,0,0,433,2933                            
2026-10-06T20:32:02.811	TEL,673,S3,821558725,0,0,0,433,2933                            
2026-10-06T20:32:02.811	TEL,674,S3,821568725,0,0,0,448,2933                            
2026-10-06T20:32:02.811	TEL,675,S3,821578725,0,0,0,448,2933                            
2026-10-06T20:32:02.811	TEL,676,S3,821588725,0,0,0,439,2933                            
2026-10-06T20:32:02.811	TEL,677,S3,821598725,0,0,0,439,2933                            
2026-10-06T20:32:02.811	TEL,678,S3,821608725,0,0,0,439,2933                            
2026-10-06T20:32:03.421	TEL,679,S3,821618725,0,0,0,436,2930                            
2026-10-06T20:32:03.421	TEL,680,S3,821628725,0,0,0,430,2930                            
2026-10-06T20:32:03.421	TEL,681,S3,821638725,0,0,0,422,2921                            
2026-10-06T20:32:03.421	TEL,682,S3,821648725,0,0,0,422,2921                            
2026-10-06T20:32:03.421	TEL,683,S3,821658725,0,0,0,433,2932                            
2026-10-06T20:32:03.421	TEL,684,S3,821668725,0,0,0,433,2932                            
2026-10-06T20:32:03.421	TEL,685,S3,821678725,0,0,0,433,2933                            
2026-10-06T20:32:03.421	TEL,686,S3,821688725,0,0,0,433,2933                            
2026-10-06T20:32:03.421	TEL,687,S3,821698725,0,0,0,433,2932                            
2026-10-06T20:32:03.421	TEL,688,S3,821708725,0,0,0,433,2932                            
2026-10-06T20:32:03.421	TEL,689,S3,821718725,0,0,0,433,2933                            
2026-10-06T20:32:03.421	TEL,690,S3,821728725,0,0,0,439,2933                            
2026-10-06T20:32:03.421	TEL,691,S3,821738725,0,0,0,442,2935                            
2026-10-06T20:32:03.421	TEL,692,S3,821748725,0,0,0,433,2935                            
2026-10-06T20:32:03.421	TEL,693,S3,821758725,0,0,0,425,2927                            
2026-10-06T20:32:03.421	TEL,694,S3,821768725,0,0,0,422,2927                            
2026-10-06T20:32:03.421	TEL,695,S3,821778725,0,0,0,430,2935                            
2026-10-06T20:32:03.421	TEL,696,S3,821788725,0,0,0,451,2935                            
2026-10-06T20:32:03.421	TEL,697,S3,821798725,0,0,0,448,2932                            
2026-10-06T20:32:03.421	TEL,698,S3,821808725,0,0,0,439,2932                            
2026-10-06T20:32:03.421	TEL,699,S3,821818725,0,0,0,439,2932                            
2026-10-06T20:32:03.421	TEL,700,S3,821828725,0,0,0,433,2932                            
2026-10-06T20:32:03.421	TEL,701,S3,821838725,0,0,0,428,2925                            
2026-10-06T20:32:03.421	TEL,702,S3,821848725,0,0,0,428,2925                            
2026-10-06T20:32:03.421	TEL,703,S3,821858725,0,0,0,430,2928                            
2026-10-06T20:32:03.421	TEL,704,S3,821868725,0,0,0,436,2928                            
2026-10-06T20:32:03.421	TEL,705,S3,821878725,0,0,0,439,2932                            
2026-10-06T20:32:03.421	TEL,706,S3,821888725,0,0,0,445,2932                            
2026-10-06T20:32:03.421	TEL,707,S3,821898725,0,0,0,445,2930                            
2026-10-06T20:32:03.421	TEL,708,S3,821908725,0,0,0,430,2930                            
2026-10-06T20:32:03.421	BTN,4,S3,PRESSED,821913881,821913889                           
2026-10-06T20:32:03.421	TEL,709,S3,821918725,0,0,0,433,2932                            
2026-10-06T20:32:03.421	TEL,710,S3,821928725,0,0,0,436,2932                            
2026-10-06T20:32:03.421	TEL,711,S3,821938725,0,0,0,436,2933                            
2026-10-06T20:32:03.421	TEL,712,S3,821948725,0,0,0,439,2933                            
2026-10-06T20:32:03.421	TEL,713,S3,821958725,0,0,0,439,2933                            
2026-10-06T20:32:03.421	TEL,714,S3,821968725,0,0,0,433,2933                            
2026-10-06T20:32:03.421	TEL,715,S3,821978725,0,0,0,433,2932                            
2026-10-06T20:32:03.421	TEL,716,S3,821988725,0,0,0,433,2932                            
2026-10-06T20:32:03.421	TEL,717,S3,821998725,0,0,0,433,2933                            
2026-10-06T20:32:03.421	TEL,718,S3,822008725,0,0,0,433,2933                            
2026-10-06T20:32:03.421	TEL,719,S3,822018725,0,0,0,433,2932                            
2026-10-06T20:32:03.421	TEL,720,S3,822028725,0,0,0,439,2932                            
2026-10-06T20:32:03.421	TEL,721,S3,822038725,0,0,0,439,2933                            
2026-10-06T20:32:03.421	TEL,722,S3,822048725,0,0,0,433,2933                            
2026-10-06T20:32:03.421	TEL,723,S3,822058725,0,0,0,430,2928                            
2026-10-06T20:32:03.421	TEL,724,S3,822068725,0,0,0,428,2928                            
2026-10-06T20:32:03.421	TEL,725,S3,822078725,0,0,0,433,2935                            
2026-10-06T20:32:03.421	TEL,726,S3,822088725,0,0,0,436,2935                            
2026-10-06T20:32:03.421	TEL,727,S3,822098725,0,0,0,422,2921                            
2026-10-06T20:32:03.421	TEL,728,S3,822108725,0,0,0,428,2921                            
2026-10-06T20:32:03.421	TEL,729,S3,822118725,0,0,0,439,2932                            
2026-10-06T20:32:03.421	TEL,730,S3,822128725,0,0,0,433,2932                            
2026-10-06T20:32:03.421	TEL,731,S3,822138725,0,0,0,430,2930                            
2026-10-06T20:32:03.421	TEL,732,S3,822148725,0,0,0,445,2930                            
2026-10-06T20:32:03.421	TEL,733,S3,822158725,0,0,0,445,2932                            
2026-10-06T20:32:03.421	TEL,734,S3,822168725,0,0,0,433,2932                            
2026-10-06T20:32:03.421	TEL,735,S3,822178725,0,0,0,433,2933                            
2026-10-06T20:32:03.421	TEL,736,S3,822188725,0,0,0,439,2933                            
2026-10-06T20:32:03.421	TEL,737,S3,822198725,0,0,0,439,2933                            
2026-10-06T20:32:03.421	TEL,738,S3,822208725,0,0,0,439,2933                            
2026-10-06T20:32:03.421	TEL,739,S3,822218725,0,0,0,433,2927                            
2026-10-06T20:32:04.032	TEL,740,S3,822228725,0,0,0,428,2927                            
2026-10-06T20:32:04.032	TEL,741,S3,822238725,0,0,0,428,2927                            
2026-10-06T20:32:04.032	TEL,742,S3,822248725,0,0,0,428,2927                            
2026-10-06T20:32:04.032	TEL,743,S3,822258725,0,0,0,436,2935                            
2026-10-06T20:32:04.032	TEL,744,S3,822268725,0,0,0,442,2935                            
2026-10-06T20:32:04.032	TEL,745,S3,822278725,0,0,0,439,2932                            
2026-10-06T20:32:04.032	TEL,746,S3,822288725,0,0,0,433,2932                            
2026-10-06T20:32:04.032	TEL,747,S3,822298725,0,0,0,433,2933                            
2026-10-06T20:32:04.032	TEL,748,S3,822308725,0,0,0,439,2933                            
2026-10-06T20:32:04.032	TEL,749,S3,822318725,0,0,0,436,2930                            
2026-10-06T20:32:04.032	TEL,750,S3,822328725,0,0,0,430,2930                            
2026-10-06T20:32:04.032	TEL,751,S3,822338725,0,0,0,428,2925                            
2026-10-06T20:32:04.032	TEL,752,S3,822348725,0,0,0,428,2925                            
2026-10-06T20:32:04.032	TEL,753,S3,822358725,0,0,0,428,2927                            
2026-10-06T20:32:04.032	TEL,754,S3,822368725,0,0,0,433,2927                            
2026-10-06T20:32:04.032	TEL,755,S3,822378725,0,0,0,439,2932                            
2026-10-06T20:32:04.032	TEL,756,S3,822388725,0,0,0,433,2932                            
2026-10-06T20:32:04.032	TEL,757,S3,822398725,0,0,0,430,2930                            
2026-10-06T20:32:04.032	TEL,758,S3,822408725,0,0,0,430,2930                            
2026-10-06T20:32:04.032	TEL,759,S3,822418725,0,0,0,422,2921                            
2026-10-06T20:32:04.032	TEL,760,S3,822428725,0,0,0,428,2921                            
2026-10-06T20:32:04.032	BTN,5,S3,PRESSED,822436887,822436894                           
2026-10-06T20:32:04.032	TEL,761,S3,822438725,0,0,0,439,2933                            
2026-10-06T20:32:04.032	TEL,762,S3,822448725,0,0,0,428,2933                            
2026-10-06T20:32:04.032	TEL,763,S3,822458725,0,0,0,433,2941                            
2026-10-06T20:32:04.032	TEL,764,S3,822468725,0,0,0,445,2941                            
2026-10-06T20:32:04.032	TEL,765,S3,822478725,0,0,0,439,2935                            
2026-10-06T20:32:04.032	TEL,766,S3,822488725,0,0,0,451,2935                            
2026-10-06T20:32:04.032	TEL,767,S3,822498725,0,0,0,445,2930                            
2026-10-06T20:32:04.032	TEL,768,S3,822508725,0,0,0,433,2930                            
2026-10-06T20:32:04.032	TEL,769,S3,822518725,0,0,0,433,2928                            
2026-10-06T20:32:04.032	TEL,770,S3,822528725,0,0,0,425,2928                            
2026-10-06T20:32:04.032	TEL,771,S3,822538725,0,0,0,430,2933                            
2026-10-06T20:32:04.032	TEL,772,S3,822548725,0,0,0,439,2933                            
2026-10-06T20:32:04.032	TEL,773,S3,822558725,0,0,0,442,2935                            
2026-10-06T20:32:04.032	TEL,774,S3,822568725,0,0,0,442,2935                            
2026-10-06T20:32:04.032	TEL,775,S3,822578725,0,0,0,430,2925                            
2026-10-06T20:32:04.032	TEL,776,S3,822588725,0,0,0,428,2925                            
2026-10-06T20:32:04.032	TEL,777,S3,822598725,0,0,0,433,2932                            
2026-10-06T20:32:04.032	TEL,778,S3,822608725,0,0,0,439,2932                            
2026-10-06T20:32:04.032	TEL,779,S3,822618725,0,0,0,439,2932                            
2026-10-06T20:32:04.032	TEL,780,S3,822628725,0,0,0,433,2932                            
2026-10-06T20:32:04.032	TEL,781,S3,822638725,0,0,0,430,2930                            
2026-10-06T20:32:04.032	TEL,782,S3,822648725,0,0,0,436,2930                            
2026-10-06T20:32:04.032	TEL,783,S3,822658725,0,0,0,439,2932                            
2026-10-06T20:32:04.032	TEL,784,S3,822668725,0,0,0,433,2932                            
2026-10-06T20:32:04.032	TEL,785,S3,822678725,0,0,0,433,2933                            
2026-10-06T20:32:04.032	TEL,786,S3,822688725,0,0,0,448,2933                            
2026-10-06T20:32:04.032	TEL,787,S3,822698725,0,0,0,442,2928                            
2026-10-06T20:32:04.032	TEL,788,S3,822708725,0,0,0,436,2928                            
2026-10-06T20:32:04.032	TEL,789,S3,822718725,0,0,0,430,2923                            
2026-10-06T20:32:04.032	TEL,790,S3,822728725,0,0,0,430,2923                            
2026-10-06T20:32:04.032	TEL,791,S3,822738725,0,0,0,433,2927                            
2026-10-06T20:32:04.032	TEL,792,S3,822748725,0,0,0,433,2927                            
2026-10-06T20:32:04.032	TEL,793,S3,822758725,0,0,0,436,2928                            
2026-10-06T20:32:04.032	TEL,794,S3,822768725,0,0,0,430,2928                            
2026-10-06T20:32:04.032	TEL,795,S3,822778725,0,0,0,436,2935                            
2026-10-06T20:32:04.032	TEL,796,S3,822788725,0,0,0,430,2935                            
2026-10-06T20:32:04.032	TEL,797,S3,822798725,0,0,0,430,2935                            
2026-10-06T20:32:04.032	TEL,798,S3,822808725,0,0,0,436,2935                            
2026-10-06T20:32:04.032	TEL,799,S3,822818725,0,0,0,433,2932                            
2026-10-06T20:32:04.032	TEL,800,S3,822828725,0,0,0,433,2932                            
2026-10-06T20:32:04.642	TEL,801,S3,822838725,0,0,0,433,2932                            
2026-10-06T20:32:04.642	TEL,802,S3,822848725,0,0,0,442,2932                            
2026-10-06T20:32:04.642	TEL,803,S3,822858725,0,0,0,445,2933                            
2026-10-06T20:32:04.642	TEL,804,S3,822868725,0,0,0,433,2933                            
2026-10-06T20:32:04.642	TEL,805,S3,822878725,0,0,0,422,2921                            
2026-10-06T20:32:04.642	TEL,806,S3,822888725,0,0,0,428,2921                            
2026-10-06T20:32:04.642	TEL,807,S3,822898725,0,0,0,442,2935                            
2026-10-06T20:32:04.642	TEL,808,S3,822908725,0,0,0,436,2935                            
2026-10-06T20:32:04.642	TEL,809,S3,822918725,0,0,0,433,2932                            
2026-10-06T20:32:04.643	TEL,810,S3,822928725,0,0,0,439,2932                            
2026-10-06T20:32:04.643	TEL,811,S3,822938725,0,0,0,433,2927                            
2026-10-06T20:32:04.643	TEL,812,S3,822948725,0,0,0,422,2927                            
2026-10-06T20:32:04.643	TEL,813,S3,822958725,0,0,0,428,2935                            
2026-10-06T20:32:04.643	TEL,814,S3,822968725,0,0,0,436,2935                            
2026-10-06T20:32:04.643	TEL,815,S3,822978725,0,0,0,433,2932                            
2026-10-06T20:32:04.643	TEL,816,S3,822988725,0,0,0,425,2932                            
2026-10-06T20:32:04.643	TEL,817,S3,822998725,0,0,0,428,2935                            
2026-10-06T20:32:04.643	TEL,818,S3,823008725,0,0,0,442,2935                            
2026-10-06T20:32:04.643	TEL,819,S3,823018725,0,0,0,436,2930                            
2026-10-06T20:32:04.643	TEL,820,S3,823028725,0,0,0,436,2930                            
2026-10-06T20:32:04.643	TEL,821,S3,823038725,0,0,0,439,2932                            
2026-10-06T20:32:04.643	TEL,822,S3,823048725,0,0,0,428,2932                            
2026-10-06T20:32:04.643	TEL,823,S3,823058725,0,0,0,430,2933                            
2026-10-06T20:32:04.643	TEL,824,S3,823068725,0,0,0,433,2933                            
2026-10-06T20:32:04.643	TEL,825,S3,823078725,0,0,0,433,2932                            
2026-10-06T20:32:04.643	TEL,826,S3,823088725,0,0,0,439,2932                            
2026-10-06T20:32:04.643	TEL,827,S3,823098725,0,0,0,439,2933                            
2026-10-06T20:32:04.643	TEL,828,S3,823108725,0,0,0,436,2933                            
2026-10-06T20:32:04.643	TEL,829,S3,823118725,0,0,0,433,2930                            
2026-10-06T20:32:04.643	TEL,830,S3,823128725,0,0,0,430,2930                            
2026-10-06T20:32:04.643	TEL,831,S3,823138725,0,0,0,436,2935                            
2026-10-06T20:32:04.643	TEL,832,S3,823148725,0,0,0,442,2935                            
2026-10-06T20:32:04.643	TEL,833,S3,823158725,0,0,0,428,2921                            
2026-10-06T20:32:04.643	TEL,834,S3,823168725,0,0,0,422,2921                            
2026-10-06T20:32:04.643	BTN,6,S3,PRESSED,823170892,823170900                           
2026-10-06T20:32:04.643	TEL,835,S3,823178725,0,0,0,433,2932                            
2026-10-06T20:32:04.643	TEL,836,S3,823188725,0,0,0,442,2932                            
2026-10-06T20:32:04.643	TEL,837,S3,823198725,0,0,0,433,2925                            
2026-10-06T20:32:04.643	TEL,838,S3,823208725,0,0,0,428,2925                            
2026-10-06T20:32:04.643	TEL,839,S3,823218725,0,0,0,433,2933                            
2026-10-06T20:32:04.643	TEL,840,S3,823228725,0,0,0,442,2933                            
2026-10-06T20:32:04.643	TEL,841,S3,823238725,0,0,0,445,2935                            
2026-10-06T20:32:04.643	TEL,842,S3,823248725,0,0,0,442,2935                            
2026-10-06T20:32:04.643	TEL,843,S3,823258725,0,0,0,428,2921                            
2026-10-06T20:32:04.643	TEL,844,S3,823268725,0,0,0,428,2921                            
2026-10-06T20:32:04.643	TEL,845,S3,823278725,0,0,0,439,2932                            
2026-10-06T20:32:04.643	TEL,846,S3,823288725,0,0,0,428,2932                            
2026-10-06T20:32:04.643	TEL,847,S3,823298725,0,0,0,428,2930                            
2026-10-06T20:32:04.643	TEL,848,S3,823308725,0,0,0,428,2930                            
2026-10-06T20:32:04.643	TEL,849,S3,823318725,0,0,0,430,2935                            
2026-10-06T20:32:04.643	TEL,850,S3,823328725,0,0,0,430,2935                            
2026-10-06T20:32:04.643	TEL,851,S3,823338725,0,0,0,430,2933                            
2026-10-06T20:32:04.643	TEL,852,S3,823348725,0,0,0,439,2933                            
2026-10-06T20:32:04.643	TEL,853,S3,823358725,0,0,0,439,2933                            
2026-10-06T20:32:04.643	TEL,854,S3,823368725,0,0,0,433,2933                            
2026-10-06T20:32:04.643	TEL,855,S3,823378725,0,0,0,433,2932                            
2026-10-06T20:32:04.643	TEL,856,S3,823388725,0,0,0,439,2932                            
2026-10-06T20:32:04.643	TEL,857,S3,823398725,0,0,0,439,2933                            
2026-10-06T20:32:04.643	TEL,858,S3,823408725,0,0,0,436,2933                            
2026-10-06T20:32:04.643	TEL,859,S3,823418725,0,0,0,433,2928                            
2026-10-06T20:32:04.643	TEL,860,S3,823428725,0,0,0,442,2928                            
2026-10-06T20:32:04.643	TEL,861,S3,823438725,0,0,0,445,2932                            
2026-10-06T20:32:05.252	TEL,862,S3,823448725,0,0,0,439,2932                            
2026-10-06T20:32:05.252	TEL,863,S3,823458725,0,0,0,442,2935                            
2026-10-06T20:32:05.252	TEL,864,S3,823468725,0,0,0,442,2935                            
2026-10-06T20:32:05.252	TEL,865,S3,823478725,0,0,0,439,2932                            
2026-10-06T20:32:05.252	TEL,866,S3,823488725,0,0,0,439,2932                            
2026-10-06T20:32:05.252	TEL,867,S3,823498725,0,0,0,439,2933                            
2026-10-06T20:32:05.252	TEL,868,S3,823508725,0,0,0,433,2933                            
2026-10-06T20:32:05.252	TEL,869,S3,823518725,0,0,0,433,2932                            
2026-10-06T20:32:05.252	TEL,870,S3,823528725,0,0,0,439,2932                            
2026-10-06T20:32:05.252	TEL,871,S3,823538725,0,0,0,439,2932                            
2026-10-06T20:32:05.252	TEL,872,S3,823548725,0,0,0,445,2932                            
2026-10-06T20:32:05.252	TEL,873,S3,823558725,0,0,0,448,2933                            
2026-10-06T20:32:05.252	TEL,874,S3,823568725,0,0,0,445,2933                            
2026-10-06T20:32:05.252	TEL,875,S3,823578725,0,0,0,445,2933                            
2026-10-06T20:32:05.252	TEL,876,S3,823588725,0,0,0,433,2933                            
2026-10-06T20:32:05.252	TEL,877,S3,823598725,0,0,0,433,2932                            
2026-10-06T20:32:05.252	TEL,878,S3,823608725,0,0,0,433,2932                            
2026-10-06T20:32:05.252	TEL,879,S3,823618725,0,0,0,433,2933                            
2026-10-06T20:32:05.252	TEL,880,S3,823628725,0,0,0,439,2933                            
2026-10-06T20:32:05.252	TEL,881,S3,823638725,0,0,0,436,2930                            
2026-10-06T20:32:05.252	TEL,882,S3,823648725,0,0,0,428,2930                            
2026-10-06T20:32:05.252	TEL,883,S3,823658725,0,0,0,428,2930                            
2026-10-06T20:32:05.252	TEL,884,S3,823668725,0,0,0,430,2930                            
2026-10-06T20:32:05.252	TEL,885,S3,823678725,0,0,0,422,2921                            
2026-10-06T20:32:05.252	TEL,886,S3,823688725,0,0,0,422,2921                            
2026-10-06T20:32:05.252	TEL,887,S3,823698725,0,0,0,433,2932                            
2026-10-06T20:32:05.252	TEL,888,S3,823708725,0,0,0,439,2932                            
2026-10-06T20:32:05.252	TEL,889,S3,823718725,0,0,0,436,2930                            
2026-10-06T20:32:05.252	TEL,890,S3,823728725,0,0,0,433,2930                            
2026-10-06T20:32:05.252	TEL,891,S3,823738725,0,0,0,439,2935                            
2026-10-06T20:32:05.252	TEL,892,S3,823748725,0,0,0,436,2935                            
2026-10-06T20:32:05.252	TEL,893,S3,823758725,0,0,0,433,2932                            
2026-10-06T20:32:05.252	TEL,894,S3,823768725,0,0,0,433,2932                            
2026-10-06T20:32:05.252	TEL,895,S3,823778725,0,0,0,433,2932                            
2026-10-06T20:32:05.252	TEL,896,S3,823788725,0,0,0,433,2932                            
2026-10-06T20:32:05.252	TEL,897,S3,823798725,0,0,0,436,2935                            
2026-10-06T20:32:05.252	TEL,898,S3,823808725,0,0,0,451,2935                            
2026-10-06T20:32:05.252	TEL,899,S3,823818725,0,0,0,445,2932                            
2026-10-06T20:32:05.252	TEL,900,S3,823828725,0,0,0,439,2932                            
2026-10-06T20:32:05.252	TEL,901,S3,823838725,0,0,0,436,2928                            
2026-10-06T20:32:05.252	TEL,902,S3,823848725,0,0,0,430,2928                            
2026-10-06T20:32:05.252	TEL,903,S3,823858725,0,0,0,422,2921                            
2026-10-06T20:32:05.252	TEL,904,S3,823868725,0,0,0,422,2921                            
2026-10-06T20:32:05.252	TEL,905,S3,823878725,0,0,0,433,2932                            
2026-10-06T20:32:05.252	TEL,906,S3,823888725,0,0,0,433,2932                            
2026-10-06T20:32:05.252	TEL,907,S3,823898725,0,0,0,433,2932                            
2026-10-06T20:32:05.252	TEL,908,S3,823908725,0,0,0,445,2932                            
2026-10-06T20:32:05.252	TEL,909,S3,823918725,0,0,0,445,2932                            
2026-10-06T20:32:05.252	TEL,910,S3,823928725,0,0,0,428,2932                            
2026-10-06T20:32:05.252	TEL,911,S3,823938725,0,0,0,428,2930                            
2026-10-06T20:32:05.252	BTN,7,S3,PRESSED,823945898,823945905                           
2026-10-06T20:32:05.252	TEL,912,S3,823948725,0,0,0,436,2930                            
2026-10-06T20:32:05.252	TEL,913,S3,823958725,0,0,0,439,2933                            
2026-10-06T20:32:05.252	TEL,914,S3,823968725,0,0,0,433,2933                            
2026-10-06T20:32:05.252	TEL,915,S3,823978725,0,0,0,436,2935                            
2026-10-06T20:32:05.252	TEL,916,S3,823988725,0,0,0,436,2935                            
2026-10-06T20:32:05.252	TEL,917,S3,823998725,0,0,0,436,2935                            
2026-10-06T20:32:05.252	TEL,918,S3,824008725,0,0,0,436,2935                            
2026-10-06T20:32:05.252	TEL,919,S3,824018725,0,0,0,433,2932                            
2026-10-06T20:32:05.252	TEL,920,S3,824028725,0,0,0,433,2932                            
2026-10-06T20:32:05.252	TEL,921,S3,824038725,0,0,0,433,2933                            
2026-10-06T20:32:05.252	TEL,922,S3,824048725,0,0,0,430,2933                            
2026-10-06T20:32:05.862	TEL,923,S3,824058725,0,0,0,428,2930                            
2026-10-06T20:32:05.862	TEL,924,S3,824068725,0,0,0,430,2930                            
2026-10-06T20:32:05.862	TEL,925,S3,824078725,0,0,0,433,2932                            
2026-10-06T20:32:05.862	TEL,926,S3,824088725,0,0,0,439,2932                            
2026-10-06T20:32:05.862	TEL,927,S3,824098725,0,0,0,439,2933                            
2026-10-06T20:32:05.862	TEL,928,S3,824108725,0,0,0,430,2933                            
2026-10-06T20:32:05.862	TEL,929,S3,824118725,0,0,0,430,2933                            
2026-10-06T20:32:05.862	TEL,930,S3,824128725,0,0,0,433,2933                            
2026-10-06T20:32:05.862	TEL,931,S3,824138725,0,0,0,430,2928                            
2026-10-06T20:32:05.862	TEL,932,S3,824148725,0,0,0,436,2928                            
2026-10-06T20:32:05.862	TEL,933,S3,824158725,0,0,0,439,2932                            
2026-10-06T20:32:05.862	TEL,934,S3,824168725,0,0,0,433,2932                            
2026-10-06T20:32:05.862	TEL,935,S3,824178725,0,0,0,433,2933                            
2026-10-06T20:32:05.862	TEL,936,S3,824188725,0,0,0,433,2933                            
2026-10-06T20:32:05.862	TEL,937,S3,824198725,0,0,0,433,2933                            
2026-10-06T20:32:05.862	TEL,938,S3,824208725,0,0,0,439,2933                            
2026-10-06T20:32:05.862	TEL,939,S3,824218725,0,0,0,439,2933                            
2026-10-06T20:32:05.862	TEL,940,S3,824228725,0,0,0,433,2933                            
2026-10-06T20:32:05.863	TEL,941,S3,824238725,0,0,0,433,2933                            
2026-10-06T20:32:05.863	TEL,942,S3,824248725,0,0,0,448,2933                            
2026-10-06T20:32:05.863	TEL,943,S3,824258725,0,0,0,448,2933                            
2026-10-06T20:32:05.863	TEL,944,S3,824268725,0,0,0,442,2933                            
2026-10-06T20:32:05.863	TEL,945,S3,824278725,0,0,0,436,2927                            
2026-10-06T20:32:05.863	TEL,946,S3,824288725,0,0,0,433,2927                            
2026-10-06T20:32:05.863	TEL,947,S3,824298725,0,0,0,436,2928                            
2026-10-06T20:32:05.863	TEL,948,S3,824308725,0,0,0,425,2928                            
2026-10-06T20:32:05.863	TEL,949,S3,824318725,0,0,0,430,2933                            
2026-10-06T20:32:05.863	TEL,950,S3,824328725,0,0,0,439,2933                            
2026-10-06T20:32:05.863	TEL,951,S3,824338725,0,0,0,439,2932                            
2026-10-06T20:32:05.863	TEL,952,S3,824348725,0,0,0,428,2932                            
2026-10-06T20:32:05.863	TEL,953,S3,824358725,0,0,0,430,2935                            
2026-10-06T20:32:05.863	TEL,954,S3,824368725,0,0,0,436,2935                            
2026-10-06T20:32:05.863	TEL,955,S3,824378725,0,0,0,433,2932                            
2026-10-06T20:32:05.863	TEL,956,S3,824388725,0,0,0,439,2932                            
2026-10-06T20:32:05.863	TEL,957,S3,824398725,0,0,0,439,2932                            
2026-10-06T20:32:05.863	TEL,958,S3,824408725,0,0,0,428,2932                            
2026-10-06T20:32:05.863	TEL,959,S3,824418725,0,0,0,430,2933                            
2026-10-06T20:32:05.863	TEL,960,S3,824428725,0,0,0,433,2933                            
2026-10-06T20:32:05.863	TEL,961,S3,824438725,0,0,0,430,2932                            
2026-10-06T20:32:05.863	TEL,962,S3,824448725,0,0,0,428,2932                            
2026-10-06T20:32:05.863	TEL,963,S3,824458725,0,0,0,428,2932                            
2026-10-06T20:32:05.863	TEL,964,S3,824468725,0,0,0,433,2932                            
2026-10-06T20:32:05.863	TEL,965,S3,824478725,0,0,0,436,2935                            
2026-10-06T20:32:05.863	TEL,966,S3,824488725,0,0,0,451,2935                            
2026-10-06T20:32:05.863	TEL,967,S3,824498725,0,0,0,445,2932                            
2026-10-06T20:32:05.863	TEL,968,S3,824508725,0,0,0,439,2932                            
2026-10-06T20:32:05.863	TEL,969,S3,824518725,0,0,0,439,2933                            
2026-10-06T20:32:05.863	TEL,970,S3,824528725,0,0,0,430,2933                            
2026-10-06T20:32:05.863	TEL,971,S3,824538725,0,0,0,428,2932                            
2026-10-06T20:32:05.863	TEL,972,S3,824548725,0,0,0,433,2932                            
2026-10-06T20:32:05.863	BTN,8,S3,PRESSED,824555903,824555911                           
2026-10-06T20:32:05.863	TEL,973,S3,824558725,0,0,0,436,2935                            
2026-10-06T20:32:05.863	TEL,974,S3,824568725,0,0,0,439,2935                            
2026-10-06T20:32:05.863	TEL,975,S3,824578725,0,0,0,433,2930                            
2026-10-06T20:32:05.863	TEL,976,S3,824588725,0,0,0,430,2930                            
2026-10-06T20:32:05.863	TEL,977,S3,824598725,0,0,0,436,2935                            
2026-10-06T20:32:05.863	TEL,978,S3,824608725,0,0,0,442,2935                            
2026-10-06T20:32:05.863	TEL,979,S3,824618725,0,0,0,439,2932                            
2026-10-06T20:32:05.863	TEL,980,S3,824628725,0,0,0,436,2932                            
2026-10-06T20:32:05.863	TEL,981,S3,824638725,0,0,0,436,2933                            
2026-10-06T20:32:05.863	TEL,982,S3,824648725,0,0,0,436,2933                            
2026-10-06T20:32:05.863	TEL,983,S3,824658725,0,0,0,433,2930                            
2026-10-06T20:32:06.472	TEL,984,S3,824668725,0,0,0,436,2930                            
2026-10-06T20:32:06.472	TEL,985,S3,824678725,0,0,0,439,2933                            
2026-10-06T20:32:06.472	TEL,986,S3,824688725,0,0,0,439,2933                            
2026-10-06T20:32:06.472	TEL,987,S3,824698725,0,0,0,439,2933                            
2026-10-06T20:32:06.472	TEL,988,S3,824708725,0,0,0,430,2933                            
2026-10-06T20:32:06.472	TEL,989,S3,824718725,0,0,0,430,2933                            
2026-10-06T20:32:06.472	TEL,990,S3,824728725,0,0,0,451,2933                            
2026-10-06T20:32:06.472	TEL,991,S3,824738725,0,0,0,448,2932                            
2026-10-06T20:32:06.472	TEL,992,S3,824748725,0,0,0,436,2932                            
2026-10-06T20:32:06.472	TEL,993,S3,824758725,0,0,0,439,2935                            
2026-10-06T20:32:06.472	TEL,994,S3,824768725,0,0,0,442,2935                            
2026-10-06T20:32:06.472	TEL,995,S3,824778725,0,0,0,436,2930                            
2026-10-06T20:32:06.472	TEL,996,S3,824788725,0,0,0,430,2930                            
2026-10-06T20:32:06.472	TEL,997,S3,824798725,0,0,0,430,2930                            
2026-10-06T20:32:06.472	TEL,998,S3,824808725,0,0,0,430,2930                            
2026-10-06T20:32:06.472	TEL,999,S3,824818725,0,0,0,433,2932                            
2026-10-06T20:32:06.472	TEL,1000,S3,824828725,0,0,0,439,2932                           
2026-10-06T20:32:06.472	TEL,1001,S3,824838725,0,0,0,442,2937                           
2026-10-06T20:32:06.472	TEL,1002,S3,824848725,0,0,0,451,2937                           
2026-10-06T20:32:06.472	TEL,1003,S3,824858725,0,0,0,448,2933                           
2026-10-06T20:32:06.472	TEL,1004,S3,824868725,0,0,0,433,2933                           
2026-10-06T20:32:06.472	TEL,1005,S3,824878725,0,0,0,433,2932                           
2026-10-06T20:32:06.472	TEL,1006,S3,824888725,0,0,0,433,2932                           
2026-10-06T20:32:06.472	TEL,1007,S3,824898725,0,0,0,439,2939                           
2026-10-06T20:32:06.472	TEL,1008,S3,824908725,0,0,0,448,2939                           
2026-10-06T20:32:06.472	TEL,1009,S3,824918725,0,0,0,433,2925                           
2026-10-06T20:32:06.472	TEL,1010,S3,824928725,0,0,0,428,2925                           
2026-10-06T20:32:06.472	TEL,1011,S3,824938725,0,0,0,433,2932                           
2026-10-06T20:32:06.472	TEL,1012,S3,824948725,0,0,0,442,2932                           
2026-10-06T20:32:06.472	TEL,1013,S3,824958725,0,0,0,442,2933                           
2026-10-06T20:32:06.472	TEL,1014,S3,824968725,0,0,0,445,2933                           
2026-10-06T20:32:06.472	TEL,1015,S3,824978725,0,0,0,445,2933                           
2026-10-06T20:32:06.472	TEL,1016,S3,824988725,0,0,0,442,2933                           
2026-10-06T20:32:06.472	TEL,1017,S3,824998725,0,0,0,436,2928                           
2026-10-06T20:32:06.472	TEL,1018,S3,825008725,0,0,0,430,2928                           
2026-10-06T20:32:06.472	TEL,1019,S3,825018725,0,0,0,430,2928                           
2026-10-06T20:32:06.472	TEL,1020,S3,825028725,0,0,0,430,2928                           
2026-10-06T20:32:06.472	TEL,1021,S3,825038725,0,0,0,439,2937                           
2026-10-06T20:32:06.472	TEL,1022,S3,825048725,0,0,0,433,2937                           
2026-10-06T20:32:06.472	TEL,1023,S3,825058725,0,0,0,422,2925                           
2026-10-06T20:32:06.472	TEL,1024,S3,825068725,0,0,0,428,2925                           
2026-10-06T20:32:06.472	TEL,1025,S3,825078725,0,0,0,439,2937                           
2026-10-06T20:32:06.472	TEL,1026,S3,825088725,0,0,0,442,2937                           
2026-10-06T20:32:06.472	TEL,1027,S3,825098725,0,0,0,433,2927                           
2026-10-06T20:32:06.472	TEL,1028,S3,825108725,0,0,0,428,2927                           
2026-10-06T20:32:06.472	TEL,1029,S3,825118725,0,0,0,430,2928                           
2026-10-06T20:32:06.472	TEL,1030,S3,825128725,0,0,0,436,2928                           
2026-10-06T20:32:06.472	TEL,1031,S3,825138725,0,0,0,445,2935                           
2026-10-06T20:32:06.472	TEL,1032,S3,825148725,0,0,0,442,2935                           
2026-10-06T20:32:06.472	TEL,1033,S3,825158725,0,0,0,442,2937                           
2026-10-06T20:32:06.472	BTN,9,S3,PRESSED,825160909,825160916                           
2026-10-06T20:32:06.472	TEL,1034,S3,825168725,0,0,0,445,2937                           
2026-10-06T20:32:06.472	TEL,1035,S3,825178725,0,0,0,439,2930                           
2026-10-06T20:32:06.472	TEL,1036,S3,825188725,0,0,0,433,2930                           
2026-10-06T20:32:06.472	TEL,1037,S3,825198725,0,0,0,436,2932                           
2026-10-06T20:32:06.472	TEL,1038,S3,825208725,0,0,0,442,2932                           
2026-10-06T20:32:06.472	TEL,1039,S3,825218725,0,0,0,439,2927                           
2026-10-06T20:32:06.472	TEL,1040,S3,825228725,0,0,0,428,2927                           
2026-10-06T20:32:06.472	TEL,1041,S3,825238725,0,0,0,433,2932                           
2026-10-06T20:32:06.472	TEL,1042,S3,825248725,0,0,0,433,2932                           
2026-10-06T20:32:06.472	TEL,1043,S3,825258725,0,0,0,428,2925                           
2026-10-06T20:32:06.472	TEL,1044,S3,825268725,0,0,0,428,2925                           
2026-10-06T20:32:07.091	TEL,1045,S3,825278725,0,0,0,433,2933                           
2026-10-06T20:32:07.091	TEL,1046,S3,825288725,0,0,0,454,2933                           
2026-10-06T20:32:07.091	TEL,1047,S3,825298725,0,0,0,451,2930                           
2026-10-06T20:32:07.091	TEL,1048,S3,825308725,0,0,0,428,2930                           
2026-10-06T20:32:07.091	TEL,1049,S3,825318725,0,0,0,425,2927                           
2026-10-06T20:32:07.091	TEL,1050,S3,825328725,0,0,0,436,2927                           
2026-10-06T20:32:07.091	TEL,1051,S3,825338725,0,0,0,439,2930                           
2026-10-06T20:32:07.091	TEL,1052,S3,825348725,0,0,0,430,2930                           
2026-10-06T20:32:07.091	TEL,1053,S3,825358725,0,0,0,430,2928                           
2026-10-06T20:32:07.091	TEL,1054,S3,825368725,0,0,0,430,2928                           
2026-10-06T20:32:07.091	TEL,1055,S3,825378725,0,0,0,430,2928                           
2026-10-06T20:32:07.091	TEL,1056,S3,825388725,0,0,0,436,2928                           
2026-10-06T20:32:07.091	TEL,1057,S3,825398725,0,0,0,442,2932                           
2026-10-06T20:32:07.091	TEL,1058,S3,825408725,0,0,0,442,2932                           
2026-10-06T20:32:07.091	TEL,1059,S3,825418725,0,0,0,442,2932                           
2026-10-06T20:32:07.091	TEL,1060,S3,825428725,0,0,0,433,2932                           
2026-10-06T20:32:07.091	TEL,1061,S3,825438725,0,0,0,433,2932                           
2026-10-06T20:32:07.091	TEL,1062,S3,825448725,0,0,0,433,2932                           
2026-10-06T20:32:07.091	TEL,1063,S3,825458725,0,0,0,439,2937                           
2026-10-06T20:32:07.091	TEL,1064,S3,825468725,0,0,0,439,2937                           
2026-10-06T20:32:07.091	TEL,1065,S3,825478725,0,0,0,430,2928                           
2026-10-06T20:32:07.091	TEL,1066,S3,825488725,0,0,0,433,2928                           
2026-10-06T20:32:07.091	TEL,1067,S3,825498725,0,0,0,436,2933                           
2026-10-06T20:32:07.091	TEL,1068,S3,825508725,0,0,0,442,2933                           
2026-10-06T20:32:07.091	TEL,1069,S3,825518725,0,0,0,445,2935                           
2026-10-06T20:32:07.091	TEL,1070,S3,825528725,0,0,0,445,2935                           
2026-10-06T20:32:07.091	TEL,1071,S3,825538725,0,0,0,436,2928                           
2026-10-06T20:32:07.091	TEL,1072,S3,825548725,0,0,0,436,2928                           
2026-10-06T20:32:07.091	TEL,1073,S3,825558725,0,0,0,439,2932                           
2026-10-06T20:32:07.091	TEL,1074,S3,825568725,0,0,0,430,2932                           
2026-10-06T20:32:07.091	TEL,1075,S3,825578725,0,0,0,436,2937                           
2026-10-06T20:32:07.091	TEL,1076,S3,825588725,0,0,0,445,2937                           
2026-10-06T20:32:07.091	TEL,1077,S3,825598725,0,0,0,436,2928                           
2026-10-06T20:32:07.091	TEL,1078,S3,825608725,0,0,0,430,2928                           
2026-10-06T20:32:07.091	TEL,1079,S3,825618725,0,0,0,433,2932                           
2026-10-06T20:32:07.091	TEL,1080,S3,825628725,0,0,0,433,2932                           
2026-10-06T20:32:07.091	TEL,1081,S3,825638725,0,0,0,430,2930                           
2026-10-06T20:32:07.091	TEL,1082,S3,825648725,0,0,0,442,2930                           
2026-10-06T20:32:07.091	TEL,1083,S3,825658725,0,0,0,442,2930                           
2026-10-06T20:32:07.091	TEL,1084,S3,825668725,0,0,0,425,2930                           
2026-10-06T20:32:07.091	TEL,1085,S3,825678725,0,0,0,425,2932                           
2026-10-06T20:32:07.091	TEL,1086,S3,825688725,0,0,0,442,2932                           
2026-10-06T20:32:07.091	TEL,1087,S3,825698725,0,0,0,445,2937                           
2026-10-06T20:32:07.091	TEL,1088,S3,825708725,0,0,0,448,2937                           
2026-10-06T20:32:07.091	TEL,1089,S3,825718725,0,0,0,439,2928                           
2026-10-06T20:32:07.091	TEL,1090,S3,825728725,0,0,0,436,2928                           
2026-10-06T20:32:07.091	TEL,1091,S3,825738725,0,0,0,439,2932                           
2026-10-06T20:32:07.091	TEL,1092,S3,825748725,0,0,0,445,2932                           
2026-10-06T20:32:07.091	TEL,1093,S3,825758725,0,0,0,445,2930                           
2026-10-06T20:32:07.091	TEL,1094,S3,825768725,0,0,0,436,2930                           
2026-10-06T20:32:07.091	TEL,1095,S3,825778725,0,0,0,439,2932                           
2026-10-06T20:32:07.091	TEL,1096,S3,825788725,0,0,0,436,2932                           
2026-10-06T20:32:07.091	TEL,1097,S3,825798725,0,0,0,428,2925                           
2026-10-06T20:32:07.091	TEL,1098,S3,825808725,0,0,0,430,2925                           
2026-10-06T20:32:07.091	TEL,1099,S3,825818725,0,0,0,439,2932                           
2026-10-06T20:32:07.091	TEL,1100,S3,825828725,0,0,0,442,2932                           
2026-10-06T20:32:07.091	TEL,1101,S3,825838725,0,0,0,433,2925                           
2026-10-06T20:32:07.091	TEL,1102,S3,825848725,0,0,0,433,2925                           
2026-10-06T20:32:07.091	TEL,1103,S3,825858725,0,0,0,442,2932                           
2026-10-06T20:32:07.091	TEL,1104,S3,825868725,0,0,0,430,2932                           
2026-10-06T20:32:07.091	TEL,1105,S3,825878725,0,0,0,430,2932                           
2026-10-06T20:32:07.091	TEL,1106,S3,825888725,0,0,0,442,2932                           
2026-10-06T20:32:07.702	TEL,1107,S3,825898725,0,0,0,448,2939                           
2026-10-06T20:32:07.702	TEL,1108,S3,825908725,0,0,0,457,2939                           
2026-10-06T20:32:07.702	TEL,1109,S3,825918725,0,0,0,442,2925                           
2026-10-06T20:32:07.703	BTN,10,S3,PRESSED,825921914,825921922                          
2026-10-06T20:32:07.703	TEL,1110,S3,825928725,0,0,0,428,2925                           
2026-10-06T20:32:07.703	TEL,1111,S3,825938725,0,0,0,433,2933                           
2026-10-06T20:32:07.703	TEL,1112,S3,825948725,0,0,0,433,2933                           
2026-10-06T20:32:07.703	TEL,1113,S3,825958725,0,0,0,433,2932                           
2026-10-06T20:32:07.703	TEL,1114,S3,825968725,0,0,0,442,2932                           
2026-10-06T20:32:07.703	TEL,1115,S3,825978725,0,0,0,445,2937                           
2026-10-06T20:32:07.703	TEL,1116,S3,825988725,0,0,0,445,2937                           
2026-10-06T20:32:07.703	TEL,1117,S3,825998725,0,0,0,442,2932                           
2026-10-06T20:32:07.703	TEL,1118,S3,826008725,0,0,0,439,2932                           
2026-10-06T20:32:07.703	TEL,1119,S3,826018725,0,0,0,436,2930                           
2026-10-06T20:32:07.703	TEL,1120,S3,826028725,0,0,0,439,2930                           
2026-10-06T20:32:07.703	TEL,1121,S3,826038725,0,0,0,442,2932                           
2026-10-06T20:32:07.703	TEL,1122,S3,826048725,0,0,0,436,2932                           
2026-10-06T20:32:07.703	TEL,1123,S3,826058725,0,0,0,436,2932                           
2026-10-06T20:32:07.703	TEL,1124,S3,826068725,0,0,0,433,2932                           
2026-10-06T20:32:07.703	TEL,1125,S3,826078725,0,0,0,428,2925                           
2026-10-06T20:32:07.703	TEL,1126,S3,826088725,0,0,0,433,2925                           
2026-10-06T20:32:07.703	TEL,1127,S3,826098725,0,0,0,445,2937                           
2026-10-06T20:32:07.703	TEL,1128,S3,826108725,0,0,0,433,2937                           
2026-10-06T20:32:07.703	TEL,1129,S3,826118725,0,0,0,436,2941                           
2026-10-06T20:32:07.703	TEL,1130,S3,826128725,0,0,0,439,2941                           
2026-10-06T20:32:07.703	TEL,1131,S3,826138725,0,0,0,430,2932                           
2026-10-06T20:32:07.703	TEL,1132,S3,826148725,0,0,0,442,2932                           
2026-10-06T20:32:07.703	TEL,1133,S3,826158725,0,0,0,436,2928                           
2026-10-06T20:32:07.703	TEL,1134,S3,826168725,0,0,0,442,2928                           
2026-10-06T20:32:07.703	TEL,1135,S3,826178725,0,0,0,451,2937                           
2026-10-06T20:32:07.703	TEL,1136,S3,826188725,0,0,0,457,2937                           
2026-10-06T20:32:07.703	TEL,1137,S3,826198725,0,0,0,445,2925                           
2026-10-06T20:32:07.703	TEL,1138,S3,826208725,0,0,0,439,2925                           
2026-10-06T20:32:07.703	TEL,1139,S3,826218725,0,0,0,442,2928                           
2026-10-06T20:32:07.703	TEL,1140,S3,826228725,0,0,0,436,2928                           
2026-10-06T20:32:07.703	TEL,1141,S3,826238725,0,0,0,439,2932                           
2026-10-06T20:32:07.703	TEL,1142,S3,826248725,0,0,0,430,2932                           
2026-10-06T20:32:07.703	TEL,1143,S3,826258725,0,0,0,425,2925                           
2026-10-06T20:32:07.703	TEL,1144,S3,826268725,0,0,0,428,2925                           
2026-10-06T20:32:07.703	TEL,1145,S3,826278725,0,0,0,436,2932                           
2026-10-06T20:32:07.703	TEL,1146,S3,826288725,0,0,0,442,2932                           
2026-10-06T20:32:07.703	TEL,1147,S3,826298725,0,0,0,436,2925                           
2026-10-06T20:32:07.703	TEL,1148,S3,826308725,0,0,0,428,2925                           
2026-10-06T20:32:07.703	TEL,1149,S3,826318725,0,0,0,439,2937                           
2026-10-06T20:32:07.703	TEL,1150,S3,826328725,0,0,0,448,2937                           
2026-10-06T20:32:07.703	TEL,1151,S3,826338725,0,0,0,442,2932                           
2026-10-06T20:32:07.703	TEL,1152,S3,826348725,0,0,0,433,2932                           
2026-10-06T20:32:07.703	TEL,1153,S3,826358725,0,0,0,430,2928                           
2026-10-06T20:32:07.703	TEL,1154,S3,826368725,0,0,0,439,2928                           
2026-10-06T20:32:07.703	TEL,1155,S3,826378725,0,0,0,442,2932                           
2026-10-06T20:32:07.703	TEL,1156,S3,826388725,0,0,0,442,2932                           
2026-10-06T20:32:07.703	TEL,1157,S3,826398725,0,0,0,445,2937                           
2026-10-06T20:32:07.703	TEL,1158,S3,826408725,0,0,0,451,2937                           
2026-10-06T20:32:07.703	TEL,1159,S3,826418725,0,0,0,451,2937                           
2026-10-06T20:32:07.703	TEL,1160,S3,826428725,0,0,0,439,2937                           
2026-10-06T20:32:07.703	TEL,1161,S3,826438725,0,0,0,439,2937                           
2026-10-06T20:32:07.703	TEL,1162,S3,826448725,0,0,0,445,2937                           
2026-10-06T20:32:07.703	TEL,1163,S3,826458725,0,0,0,445,2937                           
2026-10-06T20:32:07.703	TEL,1164,S3,826468725,0,0,0,442,2937                           
2026-10-06T20:32:07.703	TEL,1165,S3,826478725,0,0,0,442,2937                           
2026-10-06T20:32:07.703	TEL,1166,S3,826488725,0,0,0,445,2937                           
2026-10-06T20:32:07.703	TEL,1167,S3,826498725,0,0,0,442,2932                           
2026-10-06T20:32:08.312	TEL,1168,S3,826508725,0,0,0,442,2932                           
2026-10-06T20:32:08.312	TEL,1169,S3,826518725,0,0,0,442,2932                           
2026-10-06T20:32:08.312	TEL,1170,S3,826528725,0,0,0,436,2932                           
2026-10-06T20:32:08.312	TEL,1171,S3,826538725,0,0,0,442,2939                           
2026-10-06T20:32:08.312	TEL,1172,S3,826548725,0,0,0,442,2939                           
2026-10-06T20:32:08.312	TEL,1173,S3,826558725,0,0,0,436,2933                           
2026-10-06T20:32:08.312	TEL,1174,S3,826568725,0,0,0,448,2933                           
2026-10-06T20:32:08.312	TEL,1175,S3,826578725,0,0,0,451,2937                           
2026-10-06T20:32:08.312	TEL,1176,S3,826588725,0,0,0,439,2937                           
2026-10-06T20:32:08.312	TEL,1177,S3,826598725,0,0,0,436,2935                           
2026-10-06T20:32:08.312	BTN,11,S3,PRESSED,826598920,826598927                          
2026-10-06T20:32:08.312	TEL,1178,S3,826608725,0,0,0,436,2935                           
2026-10-06T20:32:08.312	TEL,1179,S3,826618725,0,0,0,433,2932                           
2026-10-06T20:32:08.312	TEL,1180,S3,826628725,0,0,0,433,2932                           
2026-10-06T20:32:08.312	TEL,1181,S3,826638725,0,0,0,433,2932                           
2026-10-06T20:32:08.312	TEL,1182,S3,826648725,0,0,0,442,2932                           
2026-10-06T20:32:08.312	TEL,1183,S3,826658725,0,0,0,445,2937                           
2026-10-06T20:32:08.312	TEL,1184,S3,826668725,0,0,0,451,2937                           
2026-10-06T20:32:08.312	TEL,1185,S3,826678725,0,0,0,445,2932                           
2026-10-06T20:32:08.312	TEL,1186,S3,826688725,0,0,0,442,2932                           
2026-10-06T20:32:08.312	TEL,1187,S3,826698725,0,0,0,433,2925                           
2026-10-06T20:32:08.312	TEL,1188,S3,826708725,0,0,0,433,2925                           
2026-10-06T20:32:08.312	TEL,1189,S3,826718725,0,0,0,442,2932                           
2026-10-06T20:32:08.312	TEL,1190,S3,826728725,0,0,0,433,2932                           
2026-10-06T20:32:08.312	TEL,1191,S3,826738725,0,0,0,430,2928                           
2026-10-06T20:32:08.312	TEL,1192,S3,826748725,0,0,0,445,2928                           
2026-10-06T20:32:08.312	TEL,1193,S3,826758725,0,0,0,454,2937                           
2026-10-06T20:32:08.312	TEL,1194,S3,826768725,0,0,0,445,2937                           
2026-10-06T20:32:08.312	TEL,1195,S3,826778725,0,0,0,436,2928                           
2026-10-06T20:32:08.312	TEL,1196,S3,826788725,0,0,0,433,2928                           
2026-10-06T20:32:08.312	TEL,1197,S3,826798725,0,0,0,436,2932                           
2026-10-06T20:32:08.312	TEL,1198,S3,826808725,0,0,0,442,2932                           
2026-10-06T20:32:08.312	TEL,1199,S3,826818725,0,0,0,442,2932                           
2026-10-06T20:32:08.312	TEL,1200,S3,826828725,0,0,0,442,2932                           
2026-10-06T20:32:08.312	TEL,1201,S3,826838725,0,0,0,445,2937                           
2026-10-06T20:32:08.312	TEL,1202,S3,826848725,0,0,0,439,2937                           
2026-10-06T20:32:08.312	TEL,1203,S3,826858725,0,0,0,430,2930                           
2026-10-06T20:32:08.312	TEL,1204,S3,826868725,0,0,0,428,2930                           
2026-10-06T20:32:08.312	TEL,1205,S3,826878725,0,0,0,436,2937                           
2026-10-06T20:32:08.312	TEL,1206,S3,826888725,0,0,0,439,2937                           
2026-10-06T20:32:08.312	TEL,1207,S3,826898725,0,0,0,430,2928                           
2026-10-06T20:32:08.312	TEL,1208,S3,826908725,0,0,0,436,2928                           
2026-10-06T20:32:08.312	TEL,1209,S3,826918725,0,0,0,442,2932                           
2026-10-06T20:32:08.312	TEL,1210,S3,826928725,0,0,0,442,2932                           
2026-10-06T20:32:08.312	TEL,1211,S3,826938725,0,0,0,436,2928                           
2026-10-06T20:32:08.312	TEL,1212,S3,826948725,0,0,0,430,2928                           
2026-10-06T20:32:08.312	TEL,1213,S3,826958725,0,0,0,425,2923                           
2026-10-06T20:32:08.312	TEL,1214,S3,826968725,0,0,0,433,2923                           
2026-10-06T20:32:08.312	TEL,1215,S3,826978725,0,0,0,445,2937                           
2026-10-06T20:32:08.312	TEL,1216,S3,826988725,0,0,0,445,2937                           
2026-10-06T20:32:08.312	TEL,1217,S3,826998725,0,0,0,445,2937                           
2026-10-06T20:32:08.312	TEL,1218,S3,827008725,0,0,0,439,2937                           
2026-10-06T20:32:08.312	TEL,1219,S3,827018725,0,0,0,430,2928                           
2026-10-06T20:32:08.312	TEL,1220,S3,827028725,0,0,0,422,2928                           
2026-10-06T20:32:08.312	TEL,1221,S3,827038725,0,0,0,422,2928                           
2026-10-06T20:32:08.312	TEL,1222,S3,827048725,0,0,0,428,2928                           
2026-10-06T20:32:08.312	TEL,1223,S3,827058725,0,0,0,436,2939                           
2026-10-06T20:32:08.312	TEL,1224,S3,827068725,0,0,0,439,2939                           
2026-10-06T20:32:08.312	TEL,1225,S3,827078725,0,0,0,433,2932                           
2026-10-06T20:32:08.312	TEL,1226,S3,827088725,0,0,0,433,2932                           
2026-10-06T20:32:08.312	TEL,1227,S3,827098725,0,0,0,433,2932                           
2026-10-06T20:32:08.312	TEL,1228,S3,827108725,0,0,0,442,2932                           
2026-10-06T20:32:08.922	TEL,1229,S3,827118725,0,0,0,436,2928                           
2026-10-06T20:32:08.922	TEL,1230,S3,827128725,0,0,0,442,2928                           
2026-10-06T20:32:08.922	TEL,1231,S3,827138725,0,0,0,451,2937                           
2026-10-06T20:32:08.922	TEL,1232,S3,827148725,0,0,0,439,2937                           
2026-10-06T20:32:08.922	TEL,1233,S3,827158725,0,0,0,433,2932                           
2026-10-06T20:32:08.922	TEL,1234,S3,827168725,0,0,0,433,2932                           
2026-10-06T20:32:08.922	TEL,1235,S3,827178725,0,0,0,433,2932                           
2026-10-06T20:32:08.922	TEL,1236,S3,827188725,0,0,0,433,2932                           
2026-10-06T20:32:08.922	TEL,1237,S3,827198725,0,0,0,428,2925                           
2026-10-06T20:32:08.922	TEL,1238,S3,827208725,0,0,0,430,2925                           
2026-10-06T20:32:08.922	TEL,1239,S3,827218725,0,0,0,439,2932                           
2026-10-06T20:32:08.922	TEL,1240,S3,827228725,0,0,0,428,2932                           
2026-10-06T20:32:08.922	TEL,1241,S3,827238725,0,0,0,433,2937                           
2026-10-06T20:32:08.922	TEL,1242,S3,827248725,0,0,0,445,2937                           
2026-10-06T20:32:08.922	TEL,1243,S3,827258725,0,0,0,436,2928                           
2026-10-06T20:32:08.922	TEL,1244,S3,827268725,0,0,0,430,2928                           
2026-10-06T20:32:08.922	TEL,1245,S3,827278725,0,0,0,439,2937                           
2026-10-06T20:32:08.922	TEL,1246,S3,827288725,0,0,0,442,2937                           
2026-10-06T20:32:08.922	TEL,1247,S3,827298725,0,0,0,439,2932                           
2026-10-06T20:32:08.922	TEL,1248,S3,827308725,0,0,0,442,2932                           
2026-10-06T20:32:08.922	TEL,1249,S3,827318725,0,0,0,442,2932                           
2026-10-06T20:32:08.922	TEL,1250,S3,827328725,0,0,0,436,2932                           
2026-10-06T20:32:08.922	TEL,1251,S3,827338725,0,0,0,442,2937                           
2026-10-06T20:32:08.922	TEL,1252,S3,827348725,0,0,0,439,2937                           
2026-10-06T20:32:08.922	TEL,1253,S3,827358725,0,0,0,433,2932                           
2026-10-06T20:32:08.922	TEL,1254,S3,827368725,0,0,0,433,2932                           
2026-10-06T20:32:08.922	TEL,1255,S3,827378725,0,0,0,439,2937                           
2026-10-06T20:32:08.922	TEL,1256,S3,827388725,0,0,0,442,2937                           
2026-10-06T20:32:08.922	TEL,1257,S3,827398725,0,0,0,433,2928                           
2026-10-06T20:32:08.922	TEL,1258,S3,827408725,0,0,0,430,2928                           
2026-10-06T20:32:08.922	TEL,1259,S3,827418725,0,0,0,436,2935                           
2026-10-06T20:32:08.922	TEL,1260,S3,827428725,0,0,0,442,2935                           
2026-10-06T20:32:08.922	TEL,1261,S3,827438725,0,0,0,442,2937                           
2026-10-06T20:32:08.922	TEL,1262,S3,827448725,0,0,0,436,2937                           
2026-10-06T20:32:08.922	TEL,1263,S3,827458725,0,0,0,428,2928                           
2026-10-06T20:32:08.922	TEL,1264,S3,827468725,0,0,0,430,2928                           
2026-10-06T20:32:08.922	TEL,1265,S3,827478725,0,0,0,439,2937                           
2026-10-06T20:32:08.922	BTN,12,S3,PRESSED,827479925,827479933                          
2026-10-06T20:32:08.922	TEL,1266,S3,827488725,0,0,0,445,2937                           
2026-10-06T20:32:08.922	TEL,1267,S3,827498725,0,0,0,442,2932                           
2026-10-06T20:32:08.922	TEL,1268,S3,827508725,0,0,0,433,2932                           
2026-10-06T20:32:08.922	TEL,1269,S3,827518725,0,0,0,433,2933                           
2026-10-06T20:32:08.922	TEL,1270,S3,827528725,0,0,0,433,2933                           
2026-10-06T20:32:08.922	TEL,1271,S3,827538725,0,0,0,439,2937                           
2026-10-06T20:32:08.922	TEL,1272,S3,827548725,0,0,0,436,2937                           
2026-10-06T20:32:08.922	TEL,1273,S3,827558725,0,0,0,428,2928                           
2026-10-06T20:32:08.922	TEL,1274,S3,827568725,0,0,0,436,2928                           
2026-10-06T20:32:08.922	TEL,1275,S3,827578725,0,0,0,433,2925                           
2026-10-06T20:32:08.922	TEL,1276,S3,827588725,0,0,0,433,2925                           
2026-10-06T20:32:08.922	TEL,1277,S3,827598725,0,0,0,445,2937                           
2026-10-06T20:32:08.922	TEL,1278,S3,827608725,0,0,0,439,2937                           
2026-10-06T20:32:08.922	TEL,1279,S3,827618725,0,0,0,439,2937                           
2026-10-06T20:32:08.922	TEL,1280,S3,827628725,0,0,0,433,2937                           
2026-10-06T20:32:08.922	TEL,1281,S3,827638725,0,0,0,425,2928                           
2026-10-06T20:32:08.922	TEL,1282,S3,827648725,0,0,0,422,2928                           
2026-10-06T20:32:08.922	TEL,1283,S3,827658725,0,0,0,428,2935                           
2026-10-06T20:32:08.922	TEL,1284,S3,827668725,0,0,0,436,2935                           
2026-10-06T20:32:08.922	TEL,1285,S3,827678725,0,0,0,433,2932                           
2026-10-06T20:32:08.922	TEL,1286,S3,827688725,0,0,0,442,2932                           
2026-10-06T20:32:08.922	TEL,1287,S3,827698725,0,0,0,442,2932                           
2026-10-06T20:32:08.922	TEL,1288,S3,827708725,0,0,0,442,2932                           
2026-10-06T20:32:08.922	TEL,1289,S3,827718725,0,0,0,442,2932                           
2026-10-06T20:32:09.532	TEL,1290,S3,827728725,0,0,0,439,2932                           
2026-10-06T20:32:09.532	TEL,1291,S3,827738725,0,0,0,436,2928                           
2026-10-06T20:32:09.532	TEL,1292,S3,827748725,0,0,0,445,2928                           
2026-10-06T20:32:09.532	TEL,1293,S3,827758725,0,0,0,448,2932                           
2026-10-06T20:32:09.532	TEL,1294,S3,827768725,0,0,0,433,2932                           
2026-10-06T20:32:09.532	TEL,1295,S3,827778725,0,0,0,433,2932                           
2026-10-06T20:32:09.532	TEL,1296,S3,827788725,0,0,0,442,2932                           
2026-10-06T20:32:09.532	TEL,1297,S3,827798725,0,0,0,436,2928                           
2026-10-06T20:32:09.532	TEL,1298,S3,827808725,0,0,0,430,2928                           
2026-10-06T20:32:09.532	TEL,1299,S3,827818725,0,0,0,439,2937                           
2026-10-06T20:32:09.532	TEL,1300,S3,827828725,0,0,0,439,2937                           
2026-10-06T20:32:09.532	TEL,1301,S3,827838725,0,0,0,439,2937                           
2026-10-06T20:32:09.532	TEL,1302,S3,827848725,0,0,0,439,2937                           
2026-10-06T20:32:09.532	TEL,1303,S3,827858725,0,0,0,433,2932                           
2026-10-06T20:32:09.532	TEL,1304,S3,827868725,0,0,0,430,2932                           
2026-10-06T20:32:09.532	TEL,1305,S3,827878725,0,0,0,430,2932                           
2026-10-06T20:32:09.532	TEL,1306,S3,827888725,0,0,0,433,2932                           
2026-10-06T20:32:09.532	TEL,1307,S3,827898725,0,0,0,439,2937                           
2026-10-06T20:32:09.532	TEL,1308,S3,827908725,0,0,0,445,2937                           
2026-10-06T20:32:09.532	TEL,1309,S3,827918725,0,0,0,445,2937                           
2026-10-06T20:32:09.532	TEL,1310,S3,827928725,0,0,0,439,2937                           
2026-10-06T20:32:09.532	TEL,1311,S3,827938725,0,0,0,430,2930                           
2026-10-06T20:32:09.532	TEL,1312,S3,827948725,0,0,0,439,2930                           
2026-10-06T20:32:09.532	TEL,1313,S3,827958725,0,0,0,445,2937                           
2026-10-06T20:32:09.532	TEL,1314,S3,827968725,0,0,0,436,2937                           
2026-10-06T20:32:09.532	TEL,1315,S3,827978725,0,0,0,439,2941                           
2026-10-06T20:32:09.532	TEL,1316,S3,827988725,0,0,0,439,2941                           
2026-10-06T20:32:09.532	TEL,1317,S3,827998725,0,0,0,436,2937                           
2026-10-06T20:32:09.532	TEL,1318,S3,828008725,0,0,0,445,2937                           
2026-10-06T20:32:09.532	TEL,1319,S3,828018725,0,0,0,433,2925                           
2026-10-06T20:32:09.532	TEL,1320,S3,828028725,0,0,0,433,2925                           
2026-10-06T20:32:09.532	TEL,1321,S3,828038725,0,0,0,436,2928                           
2026-10-06T20:32:09.532	TEL,1322,S3,828048725,0,0,0,436,2928                           
2026-10-06T20:32:09.532	TEL,1323,S3,828058725,0,0,0,436,2928                           
2026-10-06T20:32:09.532	TEL,1324,S3,828068725,0,0,0,436,2928                           
2026-10-06T20:32:09.532	TEL,1325,S3,828078725,0,0,0,436,2928                           
2026-10-06T20:32:09.532	TEL,1326,S3,828088725,0,0,0,430,2928                           
2026-10-06T20:32:09.532	BTN,13,S3,PRESSED,828091931,828091938                          
2026-10-06T20:32:09.532	TEL,1327,S3,828098725,0,0,0,433,2932                           
2026-10-06T20:32:09.532	TEL,1328,S3,828108725,0,0,0,436,2932                           
2026-10-06T20:32:09.532	TEL,1329,S3,828118725,0,0,0,442,2937                           
2026-10-06T20:32:09.532	TEL,1330,S3,828128725,0,0,0,442,2937                           
2026-10-06T20:32:09.532	TEL,1331,S3,828138725,0,0,0,436,2928                           
2026-10-06T20:32:09.532	TEL,1332,S3,828148725,0,0,0,430,2928                           
2026-10-06T20:32:09.532	TEL,1333,S3,828158725,0,0,0,433,2932                           
2026-10-06T20:32:09.532	TEL,1334,S3,828168725,0,0,0,442,2932                           
2026-10-06T20:32:09.532	TEL,1335,S3,828178725,0,0,0,436,2928                           
2026-10-06T20:32:09.532	TEL,1336,S3,828188725,0,0,0,430,2928                           
2026-10-06T20:32:09.532	TEL,1337,S3,828198725,0,0,0,433,2933                           
2026-10-06T20:32:09.532	TEL,1338,S3,828208725,0,0,0,433,2933                           
2026-10-06T20:32:09.532	TEL,1339,S3,828218725,0,0,0,430,2928                           
2026-10-06T20:32:09.532	TEL,1340,S3,828228725,0,0,0,428,2928                           
2026-10-06T20:32:09.532	TEL,1341,S3,828238725,0,0,0,425,2925                           
2026-10-06T20:32:09.532	TEL,1342,S3,828248725,0,0,0,433,2925                           
2026-10-06T20:32:09.532	TEL,1343,S3,828258725,0,0,0,436,2928                           
2026-10-06T20:32:09.532	TEL,1344,S3,828268725,0,0,0,430,2928                           
2026-10-06T20:32:09.532	TEL,1345,S3,828278725,0,0,0,430,2928                           
2026-10-06T20:32:09.532	TEL,1346,S3,828288725,0,0,0,436,2928                           
2026-10-06T20:32:09.532	TEL,1347,S3,828298725,0,0,0,433,2925                           
2026-10-06T20:32:09.532	TEL,1348,S3,828308725,0,0,0,433,2925                           
2026-10-06T20:32:09.532	TEL,1349,S3,828318725,0,0,0,445,2937                           
2026-10-06T20:32:09.532	TEL,1350,S3,828328725,0,0,0,433,2937                           
2026-10-06T20:32:10.142	TEL,1351,S3,828338725,0,0,0,430,2935                           
2026-10-06T20:32:10.142	TEL,1352,S3,828348725,0,0,0,439,2935                           
2026-10-06T20:32:10.142	TEL,1353,S3,828358725,0,0,0,436,2932                           
2026-10-06T20:32:10.142	TEL,1354,S3,828368725,0,0,0,442,2932                           
2026-10-06T20:32:10.142	TEL,1355,S3,828378725,0,0,0,442,2932                           
2026-10-06T20:32:10.142	TEL,1356,S3,828388725,0,0,0,442,2932                           
2026-10-06T20:32:10.142	TEL,1357,S3,828398725,0,0,0,442,2932                           
2026-10-06T20:32:10.142	TEL,1358,S3,828408725,0,0,0,433,2932                           
2026-10-06T20:32:10.142	TEL,1359,S3,828418725,0,0,0,433,2932                           
2026-10-06T20:32:10.142	TEL,1360,S3,828428725,0,0,0,433,2932                           
2026-10-06T20:32:10.142	TEL,1361,S3,828438725,0,0,0,430,2928                           
2026-10-06T20:32:10.142	TEL,1362,S3,828448725,0,0,0,436,2928                           
2026-10-06T20:32:10.142	TEL,1363,S3,828458725,0,0,0,436,2928                           
2026-10-06T20:32:10.142	TEL,1364,S3,828468725,0,0,0,442,2928                           
2026-10-06T20:32:10.142	TEL,1365,S3,828478725,0,0,0,442,2928                           
2026-10-06T20:32:10.142	TEL,1366,S3,828488725,0,0,0,436,2928                           
2026-10-06T20:32:10.142	TEL,1367,S3,828498725,0,0,0,436,2928                           
2026-10-06T20:32:10.142	TEL,1368,S3,828508725,0,0,0,433,2928                           
2026-10-06T20:32:10.142	TEL,1369,S3,828518725,0,0,0,436,2932                           
2026-10-06T20:32:10.142	TEL,1370,S3,828528725,0,0,0,430,2932                           
2026-10-06T20:32:10.142	TEL,1371,S3,828538725,0,0,0,436,2937                           
2026-10-06T20:32:10.142	TEL,1372,S3,828548725,0,0,0,439,2937                           
2026-10-06T20:32:10.142	TEL,1373,S3,828558725,0,0,0,439,2937                           
2026-10-06T20:32:10.142	TEL,1374,S3,828568725,0,0,0,445,2937                           
2026-10-06T20:32:10.142	TEL,1375,S3,828578725,0,0,0,445,2937                           
2026-10-06T20:32:10.142	TEL,1376,S3,828588725,0,0,0,451,2937                           
2026-10-06T20:32:10.142	TEL,1377,S3,828598725,0,0,0,451,2937                           
2026-10-06T20:32:10.142	TEL,1378,S3,828608725,0,0,0,442,2937                           
2026-10-06T20:32:10.142	BTN,14,S3,PRESSED,828609936,828609943                          
2026-10-06T20:32:10.142	TEL,1379,S3,828618725,0,0,0,436,2932                           
2026-10-06T20:32:10.142	TEL,1380,S3,828628725,0,0,0,436,2932                           
2026-10-06T20:32:10.142	TEL,1381,S3,828638725,0,0,0,433,2928                           
2026-10-06T20:32:10.142	TEL,1382,S3,828648725,0,0,0,436,2928                           
2026-10-06T20:32:10.142	TEL,1383,S3,828658725,0,0,0,442,2932                           
2026-10-06T20:32:10.142	TEL,1384,S3,828668725,0,0,0,442,2932                           
2026-10-06T20:32:10.142	TEL,1385,S3,828678725,0,0,0,442,2932                           
2026-10-06T20:32:10.142	TEL,1386,S3,828688725,0,0,0,445,2932                           
2026-10-06T20:32:10.142	TEL,1387,S3,828698725,0,0,0,445,2930                           
2026-10-06T20:32:10.142	TEL,1388,S3,828708725,0,0,0,430,2930                           
2026-10-06T20:32:10.142	TEL,1389,S3,828718725,0,0,0,439,2937                           
2026-10-06T20:32:10.142	TEL,1390,S3,828728725,0,0,0,442,2937                           
2026-10-06T20:32:10.142	TEL,1391,S3,828738725,0,0,0,442,2937                           
2026-10-06T20:32:10.142	TEL,1392,S3,828748725,0,0,0,445,2937                           
2026-10-06T20:32:10.142	TEL,1393,S3,828758725,0,0,0,442,2932                           
2026-10-06T20:32:10.142	TEL,1394,S3,828768725,0,0,0,430,2932                           
2026-10-06T20:32:10.142	TEL,1395,S3,828778725,0,0,0,430,2932                           
2026-10-06T20:32:10.142	TEL,1396,S3,828788725,0,0,0,442,2932                           
2026-10-06T20:32:10.142	TEL,1397,S3,828798725,0,0,0,442,2932                           
2026-10-06T20:32:10.142	TEL,1398,S3,828808725,0,0,0,439,2932                           
2026-10-06T20:32:10.142	TEL,1399,S3,828818725,0,0,0,436,2928                           
2026-10-06T20:32:10.142	TEL,1400,S3,828828725,0,0,0,439,2928                           
2026-10-06T20:32:10.142	TEL,1401,S3,828838725,0,0,0,439,2928                           
2026-10-06T20:32:10.142	TEL,1402,S3,828848725,0,0,0,430,2928                           
2026-10-06T20:32:10.142	TEL,1403,S3,828858725,0,0,0,439,2939                           
2026-10-06T20:32:10.142	TEL,1404,S3,828868725,0,0,0,439,2939                           
2026-10-06T20:32:10.142	TEL,1405,S3,828878725,0,0,0,430,2928                           
2026-10-06T20:32:10.142	TEL,1406,S3,828888725,0,0,0,442,2928                           
2026-10-06T20:32:10.142	TEL,1407,S3,828898725,0,0,0,451,2937                           
2026-10-06T20:32:10.142	TEL,1408,S3,828908725,0,0,0,445,2937                           
2026-10-06T20:32:10.142	TEL,1409,S3,828918725,0,0,0,445,2937                           
2026-10-06T20:32:10.142	TEL,1410,S3,828928725,0,0,0,439,2937                           
2026-10-06T20:32:10.142	TEL,1411,S3,828938725,0,0,0,439,2937                           
2026-10-06T20:32:10.751	TEL,1412,S3,828948725,0,0,0,439,2937                           
2026-10-06T20:32:10.751	TEL,1413,S3,828958725,0,0,0,430,2928                           
2026-10-06T20:32:10.751	TEL,1414,S3,828968725,0,0,0,436,2928                           
2026-10-06T20:32:10.751	TEL,1415,S3,828978725,0,0,0,448,2939                           
2026-10-06T20:32:10.751	TEL,1416,S3,828988725,0,0,0,439,2939                           
2026-10-06T20:32:10.751	TEL,1417,S3,828998725,0,0,0,430,2928                           
2026-10-06T20:32:10.751	TEL,1418,S3,829008725,0,0,0,436,2928                           
2026-10-06T20:32:10.751	TEL,1419,S3,829018725,0,0,0,445,2937                           
2026-10-06T20:32:10.751	TEL,1420,S3,829028725,0,0,0,448,2937                           
2026-10-06T20:32:10.751	TEL,1421,S3,829038725,0,0,0,448,2937                           
2026-10-06T20:32:10.751	TEL,1422,S3,829048725,0,0,0,448,2937                           
2026-10-06T20:32:10.751	TEL,1423,S3,829058725,0,0,0,439,2928                           
2026-10-06T20:32:10.751	TEL,1424,S3,829068725,0,0,0,436,2928                           
2026-10-06T20:32:10.751	TEL,1425,S3,829078725,0,0,0,442,2932                           
2026-10-06T20:32:10.751	TEL,1426,S3,829088725,0,0,0,433,2932                           
2026-10-06T20:32:10.751	TEL,1427,S3,829098725,0,0,0,439,2937                           
2026-10-06T20:32:10.751	TEL,1428,S3,829108725,0,0,0,448,2937                           
2026-10-06T20:32:10.751	TEL,1429,S3,829118725,0,0,0,442,2932                           
2026-10-06T20:32:10.751	TEL,1430,S3,829128725,0,0,0,442,2932                           
2026-10-06T20:32:10.751	TEL,1431,S3,829138725,0,0,0,442,2932                           
2026-10-06T20:32:10.751	TEL,1432,S3,829148725,0,0,0,442,2932                           
2026-10-06T20:32:10.751	TEL,1433,S3,829158725,0,0,0,442,2932                           
2026-10-06T20:32:10.751	TEL,1434,S3,829168725,0,0,0,433,2932                           
2026-10-06T20:32:10.751	TEL,1435,S3,829178725,0,0,0,439,2937                           
2026-10-06T20:32:10.751	TEL,1436,S3,829188725,0,0,0,448,2937                           
2026-10-06T20:32:10.751	TEL,1437,S3,829198725,0,0,0,442,2932                           
2026-10-06T20:32:10.751	TEL,1438,S3,829208725,0,0,0,433,2932                           
2026-10-06T20:32:10.751	TEL,1439,S3,829218725,0,0,0,439,2937                           
2026-10-06T20:32:10.751	TEL,1440,S3,829228725,0,0,0,445,2937                           
2026-10-06T20:32:10.751	TEL,1441,S3,829238725,0,0,0,442,2932                           
2026-10-06T20:32:10.751	TEL,1442,S3,829248725,0,0,0,439,2932                           
2026-10-06T20:32:10.751	TEL,1443,S3,829258725,0,0,0,436,2928                           
2026-10-06T20:32:10.751	BTN,15,S3,PRESSED,829262942,829262949                          
2026-10-06T20:32:10.751	TEL,1444,S3,829268725,0,0,0,436,2928                           
2026-10-06T20:32:10.751	TEL,1445,S3,829278725,0,0,0,439,2932                           
2026-10-06T20:32:10.751	TEL,1446,S3,829288725,0,0,0,442,2932                           
2026-10-06T20:32:10.751	TEL,1447,S3,829298725,0,0,0,445,2937                           
2026-10-06T20:32:10.751	TEL,1448,S3,829308725,0,0,0,445,2937                           
2026-10-06T20:32:10.751	TEL,1449,S3,829318725,0,0,0,436,2928                           
2026-10-06T20:32:10.751	TEL,1450,S3,829328725,0,0,0,436,2928                           
2026-10-06T20:32:10.751	TEL,1451,S3,829338725,0,0,0,445,2937                           
2026-10-06T20:32:10.751	TEL,1452,S3,829348725,0,0,0,445,2937                           
2026-10-06T20:32:10.751	TEL,1453,S3,829358725,0,0,0,442,2932                           
2026-10-06T20:32:10.751	TEL,1454,S3,829368725,0,0,0,442,2932                           
2026-10-06T20:32:10.751	TEL,1455,S3,829378725,0,0,0,442,2932                           
2026-10-06T20:32:10.752	TEL,1456,S3,829388725,0,0,0,433,2932                           
2026-10-06T20:32:10.752	TEL,1457,S3,829398725,0,0,0,430,2928                           
2026-10-06T20:32:10.752	TEL,1458,S3,829408725,0,0,0,436,2928                           
2026-10-06T20:32:10.752	TEL,1459,S3,829418725,0,0,0,433,2925                           
2026-10-06T20:32:10.752	TEL,1460,S3,829428725,0,0,0,433,2925                           
2026-10-06T20:32:10.752	TEL,1461,S3,829438725,0,0,0,445,2937                           
2026-10-06T20:32:10.752	TEL,1462,S3,829448725,0,0,0,436,2937                           
2026-10-06T20:32:10.752	TEL,1463,S3,829458725,0,0,0,428,2930                           
2026-10-06T20:32:10.752	TEL,1464,S3,829468725,0,0,0,430,2930                           
2026-10-06T20:32:10.752	TEL,1465,S3,829478725,0,0,0,433,2932                           
2026-10-06T20:32:10.752	TEL,1466,S3,829488725,0,0,0,433,2932                           
2026-10-06T20:32:10.752	TEL,1467,S3,829498725,0,0,0,433,2933                           
2026-10-06T20:32:10.752	TEL,1468,S3,829508725,0,0,0,442,2933                           
2026-10-06T20:32:10.752	TEL,1469,S3,829518725,0,0,0,445,2937                           
2026-10-06T20:32:10.752	TEL,1470,S3,829528725,0,0,0,436,2937                           
2026-10-06T20:32:10.752	TEL,1471,S3,829538725,0,0,0,436,2937                           
2026-10-06T20:32:10.752	TEL,1472,S3,829548725,0,0,0,442,2937                           
2026-10-06T20:32:11.363	TEL,1473,S3,829558725,0,0,0,442,2937                           
2026-10-06T20:32:11.363	TEL,1474,S3,829568725,0,0,0,436,2937                           
2026-10-06T20:32:11.363	TEL,1475,S3,829578725,0,0,0,428,2928                           
2026-10-06T20:32:11.363	TEL,1476,S3,829588725,0,0,0,430,2928                           
2026-10-06T20:32:11.363	TEL,1477,S3,829598725,0,0,0,428,2925                           
2026-10-06T20:32:11.363	TEL,1478,S3,829608725,0,0,0,428,2925                           
2026-10-06T20:32:11.363	TEL,1479,S3,829618725,0,0,0,433,2928                           
2026-10-06T20:32:11.363	TEL,1480,S3,829628725,0,0,0,439,2928                           
2026-10-06T20:32:11.363	TEL,1481,S3,829638725,0,0,0,442,2932                           
2026-10-06T20:32:11.363	TEL,1482,S3,829648725,0,0,0,442,2932                           
2026-10-06T20:32:11.363	TEL,1483,S3,829658725,0,0,0,445,2935                           
2026-10-06T20:32:11.363	TEL,1484,S3,829668725,0,0,0,442,2935                           
2026-10-06T20:32:11.363	TEL,1485,S3,829678725,0,0,0,442,2937                           
2026-10-06T20:32:11.363	TEL,1486,S3,829688725,0,0,0,439,2937                           
2026-10-06T20:32:11.363	TEL,1487,S3,829698725,0,0,0,439,2937                           
2026-10-06T20:32:11.363	TEL,1488,S3,829708725,0,0,0,442,2937                           
2026-10-06T20:32:11.363	TEL,1489,S3,829718725,0,0,0,442,2937                           
2026-10-06T20:32:11.363	TEL,1490,S3,829728725,0,0,0,439,2937                           
2026-10-06T20:32:11.363	TEL,1491,S3,829738725,0,0,0,433,2932                           
2026-10-06T20:32:11.363	TEL,1492,S3,829748725,0,0,0,442,2932                           
2026-10-06T20:32:11.363	TEL,1493,S3,829758725,0,0,0,442,2932                           
2026-10-06T20:32:11.363	TEL,1494,S3,829768725,0,0,0,442,2932                           
2026-10-06T20:32:11.363	TEL,1495,S3,829778725,0,0,0,436,2927                           
2026-10-06T20:32:11.363	TEL,1496,S3,829788725,0,0,0,433,2927                           
2026-10-06T20:32:11.363	TEL,1497,S3,829798725,0,0,0,439,2932                           
2026-10-06T20:32:11.363	TEL,1498,S3,829808725,0,0,0,428,2932                           
2026-10-06T20:32:11.363	TEL,1499,S3,829818725,0,0,0,433,2937                           
2026-10-06T20:32:11.363	TEL,1500,S3,829828725,0,0,0,433,2937                           
2026-10-06T20:32:11.363	TEL,1501,S3,829838725,0,0,0,433,2937                           
2026-10-06T20:32:11.363	TEL,1502,S3,829848725,0,0,0,445,2937                           
2026-10-06T20:32:11.363	TEL,1503,S3,829858725,0,0,0,436,2928                           
2026-10-06T20:32:11.363	BTN,16,S3,PRESSED,829859947,829859954                          
2026-10-06T20:32:11.363	TEL,1504,S3,829868725,0,0,0,430,2928                           
2026-10-06T20:32:11.363	TEL,1505,S3,829878725,0,0,0,433,2932                           
2026-10-06T20:32:11.363	TEL,1506,S3,829888725,0,0,0,430,2932                           
2026-10-06T20:32:11.363	TEL,1507,S3,829898725,0,0,0,428,2928                           
2026-10-06T20:32:11.363	TEL,1508,S3,829908725,0,0,0,448,2928                           
2026-10-06T20:32:11.363	TEL,1509,S3,829918725,0,0,0,457,2937                           
2026-10-06T20:32:11.363	TEL,1510,S3,829928725,0,0,0,442,2937                           
2026-10-06T20:32:11.363	TEL,1511,S3,829938725,0,0,0,430,2925                           
2026-10-06T20:32:11.363	TEL,1512,S3,829948725,0,0,0,430,2925                           
2026-10-06T20:32:11.363	TEL,1513,S3,829958725,0,0,0,442,2937                           
2026-10-06T20:32:11.363	TEL,1514,S3,829968725,0,0,0,436,2937                           
2026-10-06T20:32:11.363	TEL,1515,S3,829978725,0,0,0,428,2930                           
2026-10-06T20:32:11.363	TEL,1516,S3,829988725,0,0,0,442,2930                           
2026-10-06T20:32:11.363	TEL,1517,S3,829998725,0,0,0,448,2937                           
2026-10-06T20:32:11.363	TEL,1518,S3,830008725,0,0,0,439,2937                           
2026-10-06T20:32:11.363	TEL,1519,S3,830018725,0,0,0,439,2937                           
2026-10-06T20:32:11.363	TEL,1520,S3,830028725,0,0,0,439,2937                           
2026-10-06T20:32:11.363	TEL,1521,S3,830038725,0,0,0,430,2928                           
2026-10-06T20:32:11.363	TEL,1522,S3,830048725,0,0,0,430,2928                           
2026-10-06T20:32:11.363	TEL,1523,S3,830058725,0,0,0,439,2937                           
2026-10-06T20:32:11.363	TEL,1524,S3,830068725,0,0,0,442,2937                           
2026-10-06T20:32:11.363	TEL,1525,S3,830078725,0,0,0,439,2932                           
2026-10-06T20:32:11.363	TEL,1526,S3,830088725,0,0,0,436,2932                           
2026-10-06T20:32:11.363	TEL,1527,S3,830098725,0,0,0,442,2937                           
2026-10-06T20:32:11.363	TEL,1528,S3,830108725,0,0,0,445,2937                           
2026-10-06T20:32:11.363	TEL,1529,S3,830118725,0,0,0,436,2928                           
2026-10-06T20:32:11.363	TEL,1530,S3,830128725,0,0,0,430,2928                           
2026-10-06T20:32:11.363	TEL,1531,S3,830138725,0,0,0,430,2928                           
2026-10-06T20:32:11.363	TEL,1532,S3,830148725,0,0,0,430,2928                           
2026-10-06T20:32:11.363	TEL,1533,S3,830158725,0,0,0,433,2932                           
2026-10-06T20:32:11.972	TEL,1534,S3,830168725,0,0,0,442,2932                           
2026-10-06T20:32:11.972	TEL,1535,S3,830178725,0,0,0,448,2939                           
2026-10-06T20:32:11.972	TEL,1536,S3,830188725,0,0,0,448,2939                           
2026-10-06T20:32:11.972	TEL,1537,S3,830198725,0,0,0,433,2925                           
2026-10-06T20:32:11.972	TEL,1538,S3,830208725,0,0,0,428,2925                           
2026-10-06T20:32:11.972	TEL,1539,S3,830218725,0,0,0,439,2937                           
2026-10-06T20:32:11.972	TEL,1540,S3,830228725,0,0,0,439,2937                           
2026-10-06T20:32:11.972	TEL,1541,S3,830238725,0,0,0,439,2937                           
2026-10-06T20:32:11.972	TEL,1542,S3,830248725,0,0,0,439,2937                           
2026-10-06T20:32:11.972	TEL,1543,S3,830258725,0,0,0,430,2928                           
2026-10-06T20:32:11.972	TEL,1544,S3,830268725,0,0,0,430,2928                           
2026-10-06T20:32:11.972	TEL,1545,S3,830278725,0,0,0,430,2928                           
2026-10-06T20:32:11.972	TEL,1546,S3,830288725,0,0,0,430,2928                           
2026-10-06T20:32:11.972	TEL,1547,S3,830298725,0,0,0,439,2937                           
2026-10-06T20:32:11.972	TEL,1548,S3,830308725,0,0,0,448,2937                           
2026-10-06T20:32:11.972	TEL,1549,S3,830318725,0,0,0,442,2932                           
2026-10-06T20:32:11.972	TEL,1550,S3,830328725,0,0,0,433,2932                           
2026-10-06T20:32:11.972	TEL,1551,S3,830338725,0,0,0,439,2937                           
2026-10-06T20:32:11.972	TEL,1552,S3,830348725,0,0,0,445,2937                           
2026-10-06T20:32:11.972	TEL,1553,S3,830358725,0,0,0,442,2932                           
2026-10-06T20:32:11.972	TEL,1554,S3,830368725,0,0,0,448,2932                           
2026-10-06T20:32:11.972	TEL,1555,S3,830378725,0,0,0,445,2928                           
2026-10-06T20:32:11.972	TEL,1556,S3,830388725,0,0,0,436,2928                           
2026-10-06T20:32:11.972	TEL,1557,S3,830398725,0,0,0,436,2928                           
2026-10-06T20:32:11.972	TEL,1558,S3,830408725,0,0,0,436,2928                           
2026-10-06T20:32:11.972	TEL,1559,S3,830418725,0,0,0,442,2932                           
2026-10-06T20:32:11.972	TEL,1560,S3,830428725,0,0,0,442,2932                           
2026-10-06T20:32:11.972	TEL,1561,S3,830438725,0,0,0,442,2932                           
2026-10-06T20:32:11.972	TEL,1562,S3,830448725,0,0,0,442,2932                           
2026-10-06T20:32:11.972	TEL,1563,S3,830458725,0,0,0,436,2927                           
2026-10-06T20:32:11.972	TEL,1564,S3,830468725,0,0,0,425,2927                           
2026-10-06T20:32:11.972	TEL,1565,S3,830478725,0,0,0,436,2937                           
2026-10-06T20:32:11.972	TEL,1566,S3,830488725,0,0,0,445,2937                           
2026-10-06T20:32:11.972	TEL,1567,S3,830498725,0,0,0,442,2932                           
2026-10-06T20:32:11.972	TEL,1568,S3,830508725,0,0,0,445,2932                           
2026-10-06T20:32:11.972	TEL,1569,S3,830518725,0,0,0,451,2937                           
2026-10-06T20:32:11.972	TEL,1570,S3,830528725,0,0,0,436,2937                           
2026-10-06T20:32:11.972	TEL,1571,S3,830538725,0,0,0,436,2937                           
2026-10-06T20:32:11.972	TEL,1572,S3,830548725,0,0,0,445,2937                           
2026-10-06T20:32:11.972	TEL,1573,S3,830558725,0,0,0,433,2925                           
2026-10-06T20:32:11.972	TEL,1574,S3,830568725,0,0,0,428,2925                           
2026-10-06T20:32:11.972	TEL,1575,S3,830578725,0,0,0,430,2930                           
2026-10-06T20:32:11.972	TEL,1576,S3,830588725,0,0,0,439,2930                           
2026-10-06T20:32:11.972	TEL,1577,S3,830598725,0,0,0,436,2928                           
2026-10-06T20:32:11.972	TEL,1578,S3,830608725,0,0,0,439,2928                           
2026-10-06T20:32:11.972	TEL,1579,S3,830618725,0,0,0,436,2925                           
2026-10-06T20:32:11.972	TEL,1580,S3,830628725,0,0,0,428,2925                           
2026-10-06T20:32:11.972	TEL,1581,S3,830638725,0,0,0,436,2932                           
2026-10-06T20:32:11.972	TEL,1582,S3,830648725,0,0,0,433,2932                           
2026-10-06T20:32:11.972	TEL,1583,S3,830658725,0,0,0,439,2937                           
2026-10-06T20:32:11.972	TEL,1584,S3,830668725,0,0,0,457,2937                           
2026-10-06T20:32:11.972	TEL,1585,S3,830678725,0,0,0,457,2937                           
2026-10-06T20:32:11.972	TEL,1586,S3,830688725,0,0,0,436,2937                           
2026-10-06T20:32:11.972	TEL,1587,S3,830698725,0,0,0,436,2939                           
2026-10-06T20:32:11.972	TEL,1588,S3,830708725,0,0,0,451,2939                           
2026-10-06T20:32:11.972	TEL,1589,S3,830718725,0,0,0,448,2937                           
2026-10-06T20:32:11.972	TEL,1590,S3,830728725,0,0,0,445,2937                           
2026-10-06T20:32:11.972	BTN,17,S3,PRESSED,830737953,830737960                          
2026-10-06T20:32:11.972	TEL,1591,S3,830738725,0,0,0,436,2928                           
2026-10-06T20:32:11.972	TEL,1592,S3,830748725,0,0,0,425,2928                           
2026-10-06T20:32:11.972	TEL,1593,S3,830758725,0,0,0,428,2932                           
2026-10-06T20:32:11.972	TEL,1594,S3,830768725,0,0,0,442,2932                           
2026-10-06T20:32:12.591	TEL,1595,S3,830778725,0,0,0,445,2937                           
2026-10-06T20:32:12.591	TEL,1596,S3,830788725,0,0,0,436,2937                           
2026-10-06T20:32:12.591	TEL,1597,S3,830798725,0,0,0,436,2937                           
2026-10-06T20:32:12.591	TEL,1598,S3,830808725,0,0,0,451,2937                           
2026-10-06T20:32:12.591	TEL,1599,S3,830818725,0,0,0,451,2935                           
2026-10-06T20:32:12.591	TEL,1600,S3,830828725,0,0,0,439,2935                           
2026-10-06T20:32:12.591	TEL,1601,S3,830838725,0,0,0,436,2932                           
2026-10-06T20:32:12.591	TEL,1602,S3,830848725,0,0,0,442,2932                           
2026-10-06T20:32:12.591	TEL,1603,S3,830858725,0,0,0,439,2928                           
2026-10-06T20:32:12.591	TEL,1604,S3,830868725,0,0,0,428,2928                           
2026-10-06T20:32:12.591	TEL,1605,S3,830878725,0,0,0,439,2941                           
2026-10-06T20:32:12.591	TEL,1606,S3,830888725,0,0,0,442,2941                           
2026-10-06T20:32:12.591	TEL,1607,S3,830898725,0,0,0,433,2932                           
2026-10-06T20:32:12.591	TEL,1608,S3,830908725,0,0,0,433,2932                           
2026-10-06T20:32:12.591	TEL,1609,S3,830918725,0,0,0,433,2933                           
2026-10-06T20:32:12.591	TEL,1610,S3,830928725,0,0,0,433,2933                           
2026-10-06T20:32:12.591	TEL,1611,S3,830938725,0,0,0,430,2932                           
2026-10-06T20:32:12.591	TEL,1612,S3,830948725,0,0,0,430,2932                           
2026-10-06T20:32:12.591	TEL,1613,S3,830958725,0,0,0,428,2928                           
2026-10-06T20:32:12.591	TEL,1614,S3,830968725,0,0,0,448,2928                           
2026-10-06T20:32:12.591	TEL,1615,S3,830978725,0,0,0,451,2930                           
2026-10-06T20:32:12.591	TEL,1616,S3,830988725,0,0,0,430,2930                           
2026-10-06T20:32:12.591	TEL,1617,S3,830998725,0,0,0,433,2932                           
2026-10-06T20:32:12.591	TEL,1618,S3,831008725,0,0,0,442,2932                           
2026-10-06T20:32:12.591	TEL,1619,S3,831018725,0,0,0,448,2939                           
2026-10-06T20:32:12.591	TEL,1620,S3,831028725,0,0,0,439,2939                           
2026-10-06T20:32:12.591	TEL,1621,S3,831038725,0,0,0,430,2928                           
2026-10-06T20:32:12.591	TEL,1622,S3,831048725,0,0,0,430,2928                           
2026-10-06T20:32:12.591	TEL,1623,S3,831058725,0,0,0,439,2937                           
2026-10-06T20:32:12.591	TEL,1624,S3,831068725,0,0,0,457,2937                           
2026-10-06T20:32:12.591	TEL,1625,S3,831078725,0,0,0,457,2937                           
2026-10-06T20:32:12.591	TEL,1626,S3,831088725,0,0,0,433,2937                           
2026-10-06T20:32:12.591	TEL,1627,S3,831098725,0,0,0,433,2937                           
2026-10-06T20:32:12.591	TEL,1628,S3,831108725,0,0,0,439,2937                           
2026-10-06T20:32:12.591	TEL,1629,S3,831118725,0,0,0,428,2925                           
2026-10-06T20:32:12.591	TEL,1630,S3,831128725,0,0,0,428,2925                           
2026-10-06T20:32:12.591	TEL,1631,S3,831138725,0,0,0,433,2933                           
2026-10-06T20:32:12.591	TEL,1632,S3,831148725,0,0,0,436,2933                           
2026-10-06T20:32:12.591	TEL,1633,S3,831158725,0,0,0,433,2930                           
2026-10-06T20:32:12.591	TEL,1634,S3,831168725,0,0,0,445,2930                           
2026-10-06T20:32:12.591	TEL,1635,S3,831178725,0,0,0,451,2937                           
2026-10-06T20:32:12.591	TEL,1636,S3,831188725,0,0,0,448,2937                           
2026-10-06T20:32:12.591	TEL,1637,S3,831198725,0,0,0,436,2923                           
2026-10-06T20:32:12.591	TEL,1638,S3,831208725,0,0,0,430,2923                           
2026-10-06T20:32:12.591	TEL,1639,S3,831218725,0,0,0,436,2928                           
2026-10-06T20:32:12.591	TEL,1640,S3,831228725,0,0,0,436,2928                           
2026-10-06T20:32:12.591	TEL,1641,S3,831238725,0,0,0,442,2937                           
2026-10-06T20:32:12.591	TEL,1642,S3,831248725,0,0,0,448,2937                           
2026-10-06T20:32:12.591	TEL,1643,S3,831258725,0,0,0,442,2932                           
2026-10-06T20:32:12.591	TEL,1644,S3,831268725,0,0,0,442,2932                           
2026-10-06T20:32:12.591	TEL,1645,S3,831278725,0,0,0,445,2933                           
2026-10-06T20:32:12.591	TEL,1646,S3,831288725,0,0,0,433,2933                           
2026-10-06T20:32:12.591	TEL,1647,S3,831298725,0,0,0,433,2932                           
2026-10-06T20:32:12.591	TEL,1648,S3,831308725,0,0,0,436,2932                           
2026-10-06T20:32:12.591	TEL,1649,S3,831318725,0,0,0,433,2928                           
2026-10-06T20:32:12.591	TEL,1650,S3,831328725,0,0,0,436,2928                           
2026-10-06T20:32:12.591	TEL,1651,S3,831338725,0,0,0,439,2932                           
2026-10-06T20:32:12.591	TEL,1652,S3,831348725,0,0,0,436,2932                           
2026-10-06T20:32:12.591	TEL,1653,S3,831358725,0,0,0,442,2937                           
2026-10-06T20:32:12.591	TEL,1654,S3,831368725,0,0,0,445,2937                           
2026-10-06T20:32:12.591	TEL,1655,S3,831378725,0,0,0,433,2925                           
2026-10-06T20:32:12.591	TEL,1656,S3,831388725,0,0,0,428,2925                           
2026-10-06T20:32:13.202	TEL,1657,S3,831398725,0,0,0,428,2927                           
2026-10-06T20:32:13.202	TEL,1658,S3,831408725,0,0,0,439,2927                           
2026-10-06T20:32:13.202	TEL,1659,S3,831418725,0,0,0,448,2937                           
2026-10-06T20:32:13.202	TEL,1660,S3,831428725,0,0,0,436,2937                           
2026-10-06T20:32:13.202	TEL,1661,S3,831438725,0,0,0,436,2937                           
2026-10-06T20:32:13.202	TEL,1662,S3,831448725,0,0,0,439,2937                           
2026-10-06T20:32:13.202	TEL,1663,S3,831458725,0,0,0,436,2935                           
2026-10-06T20:32:13.202	TEL,1664,S3,831468725,0,0,0,445,2935                           
2026-10-06T20:32:13.202	TEL,1665,S3,831478725,0,0,0,436,2928                           
2026-10-06T20:32:13.202	TEL,1666,S3,831488725,0,0,0,430,2928                           
2026-10-06T20:32:13.202	TEL,1667,S3,831498725,0,0,0,433,2932                           
2026-10-06T20:32:13.202	TEL,1668,S3,831508725,0,0,0,433,2932                           
2026-10-06T20:32:13.202	TEL,1669,S3,831518725,0,0,0,433,2932                           
2026-10-06T20:32:13.202	TEL,1670,S3,831528725,0,0,0,442,2932                           
2026-10-06T20:32:13.202	TEL,1671,S3,831538725,0,0,0,436,2928                           
2026-10-06T20:32:13.202	TEL,1672,S3,831548725,0,0,0,436,2928                           
2026-10-06T20:32:13.202	TEL,1673,S3,831558725,0,0,0,439,2930                           
2026-10-06T20:32:13.202	TEL,1674,S3,831568725,0,0,0,430,2930                           
2026-10-06T20:32:13.202	TEL,1675,S3,831578725,0,0,0,430,2928                           
2026-10-06T20:32:13.202	TEL,1676,S3,831588725,0,0,0,430,2928                           
2026-10-06T20:32:13.202	TEL,1677,S3,831598725,0,0,0,433,2932                           
2026-10-06T20:32:13.202	BTN,18,S3,PRESSED,831604958,831604965                          
2026-10-06T20:32:13.202	TEL,1678,S3,831608725,0,0,0,439,2932                           
2026-10-06T20:32:13.202	TEL,1679,S3,831618725,0,0,0,439,2932                           
2026-10-06T20:32:13.202	TEL,1680,S3,831628725,0,0,0,433,2932                           
2026-10-06T20:32:13.202	TEL,1681,S3,831638725,0,0,0,439,2939                           
2026-10-06T20:32:13.202	TEL,1682,S3,831648725,0,0,0,439,2939                           
2026-10-06T20:32:13.202	TEL,1683,S3,831658725,0,0,0,430,2928                           
2026-10-06T20:32:13.202	TEL,1684,S3,831668725,0,0,0,442,2928                           
2026-10-06T20:32:13.202	TEL,1685,S3,831678725,0,0,0,445,2932                           
2026-10-06T20:32:13.202	TEL,1686,S3,831688725,0,0,0,433,2932                           
2026-10-06T20:32:13.202	TEL,1687,S3,831698725,0,0,0,433,2932                           
2026-10-06T20:32:13.202	TEL,1688,S3,831708725,0,0,0,445,2932                           
2026-10-06T20:32:13.202	TEL,1689,S3,831718725,0,0,0,451,2937                           
2026-10-06T20:32:13.202	TEL,1690,S3,831728725,0,0,0,445,2937                           
2026-10-06T20:32:13.202	TEL,1691,S3,831738725,0,0,0,445,2937                           
2026-10-06T20:32:13.202	TEL,1692,S3,831748725,0,0,0,439,2937                           
2026-10-06T20:32:13.202	TEL,1693,S3,831758725,0,0,0,430,2930                           
2026-10-06T20:32:13.202	TEL,1694,S3,831768725,0,0,0,445,2930                           
2026-10-06T20:32:13.202	TEL,1695,S3,831778725,0,0,0,442,2928                           
2026-10-06T20:32:13.202	TEL,1696,S3,831788725,0,0,0,430,2928                           
2026-10-06T20:32:13.202	TEL,1697,S3,831798725,0,0,0,439,2937                           
2026-10-06T20:32:13.202	TEL,1698,S3,831808725,0,0,0,451,2937                           
2026-10-06T20:32:13.202	TEL,1699,S3,831818725,0,0,0,451,2937                           
2026-10-06T20:32:13.202	TEL,1700,S3,831828725,0,0,0,436,2937                           
2026-10-06T20:32:13.202	TEL,1701,S3,831838725,0,0,0,428,2928                           
2026-10-06T20:32:13.202	TEL,1702,S3,831848725,0,0,0,430,2928                           
2026-10-06T20:32:13.202	TEL,1703,S3,831858725,0,0,0,433,2932                           
2026-10-06T20:32:13.202	TEL,1704,S3,831868725,0,0,0,433,2932                           
2026-10-06T20:32:13.202	TEL,1705,S3,831878725,0,0,0,430,2928                           
2026-10-06T20:32:13.202	TEL,1706,S3,831888725,0,0,0,436,2928                           
2026-10-06T20:32:13.202	TEL,1707,S3,831898725,0,0,0,436,2928                           
2026-10-06T20:32:13.202	TEL,1708,S3,831908725,0,0,0,436,2928                           
2026-10-06T20:32:13.202	TEL,1709,S3,831918725,0,0,0,445,2937                           
2026-10-06T20:32:13.202	TEL,1710,S3,831928725,0,0,0,445,2937                           
2026-10-06T20:32:13.202	TEL,1711,S3,831938725,0,0,0,442,2933                           
2026-10-06T20:32:13.202	TEL,1712,S3,831948725,0,0,0,448,2933                           
2026-10-06T20:32:13.202	TEL,1713,S3,831958725,0,0,0,445,2932                           
2026-10-06T20:32:13.202	TEL,1714,S3,831968725,0,0,0,442,2932                           
2026-10-06T20:32:13.202	TEL,1715,S3,831978725,0,0,0,439,2928                           
2026-10-06T20:32:13.202	TEL,1716,S3,831988725,0,0,0,436,2928                           
2026-10-06T20:32:13.202	TEL,1717,S3,831998725,0,0,0,445,2937                           
2026-10-06T20:32:13.812	TEL,1718,S3,832008725,0,0,0,439,2937                           
2026-10-06T20:32:13.812	TEL,1719,S3,832018725,0,0,0,439,2937                           
2026-10-06T20:32:13.812	TEL,1720,S3,832028725,0,0,0,439,2937                           
2026-10-06T20:32:13.812	TEL,1721,S3,832038725,0,0,0,439,2937                           
2026-10-06T20:32:13.812	TEL,1722,S3,832048725,0,0,0,442,2937                           
2026-10-06T20:32:13.812	TEL,1723,S3,832058725,0,0,0,439,2932                           
2026-10-06T20:32:13.812	TEL,1724,S3,832068725,0,0,0,433,2932                           
2026-10-06T20:32:13.812	TEL,1725,S3,832078725,0,0,0,433,2932                           
2026-10-06T20:32:13.812	TEL,1726,S3,832088725,0,0,0,425,2932                           
2026-10-06T20:32:13.812	TEL,1727,S3,832098725,0,0,0,419,2925                           
2026-10-06T20:32:13.812	TEL,1728,S3,832108725,0,0,0,428,2925                           
2026-10-06T20:32:13.812	TEL,1729,S3,832118725,0,0,0,428,2925                           
2026-10-06T20:32:13.812	TEL,1730,S3,832128725,0,0,0,428,2925                           
2026-10-06T20:32:13.812	TEL,1731,S3,832138725,0,0,0,436,2932                           
2026-10-06T20:32:13.812	TEL,1732,S3,832148725,0,0,0,442,2932                           
2026-10-06T20:32:13.812	TEL,1733,S3,832158725,0,0,0,445,2937                           
2026-10-06T20:32:13.812	TEL,1734,S3,832168725,0,0,0,445,2937                           
2026-10-06T20:32:13.812	TEL,1735,S3,832178725,0,0,0,436,2928                           
2026-10-06T20:32:13.812	TEL,1736,S3,832188725,0,0,0,436,2928                           
2026-10-06T20:32:13.812	TEL,1737,S3,832198725,0,0,0,436,2928                           
2026-10-06T20:32:13.812	TEL,1738,S3,832208725,0,0,0,439,2928                           
2026-10-06T20:32:13.812	TEL,1739,S3,832218725,0,0,0,442,2932                           
2026-10-06T20:32:13.812	TEL,1740,S3,832228725,0,0,0,439,2932                           
2026-10-06T20:32:13.812	TEL,1741,S3,832238725,0,0,0,439,2932                           
2026-10-06T20:32:13.812	TEL,1742,S3,832248725,0,0,0,442,2932                           
2026-10-06T20:32:13.812	BTN,19,S3,PRESSED,832254964,832254971                          
2026-10-06T20:32:13.812	TEL,1743,S3,832258725,0,0,0,442,2933                           
2026-10-06T20:32:13.812	TEL,1744,S3,832268725,0,0,0,439,2933                           
2026-10-06T20:32:13.812	TEL,1745,S3,832278725,0,0,0,436,2928                           
2026-10-06T20:32:13.812	TEL,1746,S3,832288725,0,0,0,433,2928                           
2026-10-06T20:32:13.812	TEL,1747,S3,832298725,0,0,0,436,2932                           
2026-10-06T20:32:13.812	TEL,1748,S3,832308725,0,0,0,433,2932                           
2026-10-06T20:32:13.812	TEL,1749,S3,832318725,0,0,0,430,2928                           
2026-10-06T20:32:13.812	TEL,1750,S3,832328725,0,0,0,430,2928                           
2026-10-06T20:32:13.812	TEL,1751,S3,832338725,0,0,0,433,2932                           
2026-10-06T20:32:13.812	TEL,1752,S3,832348725,0,0,0,433,2932                           
2026-10-06T20:32:13.812	TEL,1753,S3,832358725,0,0,0,439,2937                           
2026-10-06T20:32:13.812	TEL,1754,S3,832368725,0,0,0,442,2937                           
2026-10-06T20:32:13.812	TEL,1755,S3,832378725,0,0,0,436,2932                           
2026-10-06T20:32:13.812	TEL,1756,S3,832388725,0,0,0,433,2932                           
2026-10-06T20:32:13.812	TEL,1757,S3,832398725,0,0,0,433,2932                           
2026-10-06T20:32:13.812	TEL,1758,S3,832408725,0,0,0,433,2932                           
2026-10-06T20:32:13.812	TEL,1759,S3,832418725,0,0,0,430,2930                           
2026-10-06T20:32:13.812	TEL,1760,S3,832428725,0,0,0,442,2930                           
2026-10-06T20:32:13.812	TEL,1761,S3,832438725,0,0,0,448,2937                           
2026-10-06T20:32:13.812	TEL,1762,S3,832448725,0,0,0,439,2937                           
2026-10-06T20:32:13.812	TEL,1763,S3,832458725,0,0,0,433,2933                           
2026-10-06T20:32:13.812	TEL,1764,S3,832468725,0,0,0,433,2933                           
2026-10-06T20:32:13.812	TEL,1765,S3,832478725,0,0,0,433,2932                           
2026-10-06T20:32:13.812	TEL,1766,S3,832488725,0,0,0,442,2932                           
2026-10-06T20:32:13.812	TEL,1767,S3,832498725,0,0,0,442,2933                           
2026-10-06T20:32:13.812	TEL,1768,S3,832508725,0,0,0,433,2933                           
2026-10-06T20:32:13.812	TEL,1769,S3,832518725,0,0,0,439,2937                           
2026-10-06T20:32:13.812	TEL,1770,S3,832528725,0,0,0,442,2937                           
2026-10-06T20:32:13.812	TEL,1771,S3,832538725,0,0,0,428,2925                           
2026-10-06T20:32:13.812	TEL,1772,S3,832548725,0,0,0,425,2925                           
2026-10-06T20:32:13.812	TEL,1773,S3,832558725,0,0,0,430,2932                           
2026-10-06T20:32:13.812	TEL,1774,S3,832568725,0,0,0,430,2932                           
2026-10-06T20:32:13.812	TEL,1775,S3,832578725,0,0,0,428,2928                           
2026-10-06T20:32:13.812	TEL,1776,S3,832588725,0,0,0,436,2928                           
2026-10-06T20:32:13.812	TEL,1777,S3,832598725,0,0,0,442,2933                           
2026-10-06T20:32:13.812	TEL,1778,S3,832608725,0,0,0,433,2933                           
2026-10-06T20:32:14.422	TEL,1779,S3,832618725,0,0,0,430,2928                           
2026-10-06T20:32:14.422	TEL,1780,S3,832628725,0,0,0,428,2928                           
2026-10-06T20:32:14.422	TEL,1781,S3,832638725,0,0,0,436,2937                           
2026-10-06T20:32:14.422	TEL,1782,S3,832648725,0,0,0,445,2937                           
2026-10-06T20:32:14.422	TEL,1783,S3,832658725,0,0,0,436,2928                           
2026-10-06T20:32:14.422	TEL,1784,S3,832668725,0,0,0,436,2928                           
2026-10-06T20:32:14.422	TEL,1785,S3,832678725,0,0,0,442,2932                           
2026-10-06T20:32:14.422	TEL,1786,S3,832688725,0,0,0,430,2932                           
2026-10-06T20:32:14.422	TEL,1787,S3,832698725,0,0,0,436,2937                           
2026-10-06T20:32:14.422	TEL,1788,S3,832708725,0,0,0,445,2937                           
2026-10-06T20:32:14.422	TEL,1789,S3,832718725,0,0,0,442,2932                           
2026-10-06T20:32:14.422	TEL,1790,S3,832728725,0,0,0,442,2932                           
2026-10-06T20:32:14.422	TEL,1791,S3,832738725,0,0,0,445,2937                           
2026-10-06T20:32:14.422	TEL,1792,S3,832748725,0,0,0,445,2937                           
2026-10-06T20:32:14.422	TEL,1793,S3,832758725,0,0,0,448,2939                           
2026-10-06T20:32:14.422	TEL,1794,S3,832768725,0,0,0,448,2939                           
2026-10-06T20:32:14.422	TEL,1795,S3,832778725,0,0,0,436,2928                           
2026-10-06T20:32:14.422	TEL,1796,S3,832788725,0,0,0,436,2928                           
2026-10-06T20:32:14.422	TEL,1797,S3,832798725,0,0,0,436,2928                           
2026-10-06T20:32:14.422	TEL,1798,S3,832808725,0,0,0,436,2928                           
2026-10-06T20:32:14.422	TEL,1799,S3,832818725,0,0,0,433,2925                           
2026-10-06T20:32:14.422	BTN,20,S3,PRESSED,832819969,832819976                          
2026-10-06T20:32:14.422	TEL,1800,S3,832828725,0,0,0,428,2925                           
2026-10-06T20:32:14.422	TEL,1801,S3,832838725,0,0,0,433,2932                           
2026-10-06T20:32:14.422	TEL,1802,S3,832848725,0,0,0,442,2932                           
2026-10-06T20:32:14.422	TEL,1803,S3,832858725,0,0,0,436,2925                           
2026-10-06T20:32:14.422	TEL,1804,S3,832868725,0,0,0,428,2925                           
2026-10-06T20:32:14.422	TEL,1805,S3,832878725,0,0,0,439,2937                           
2026-10-06T20:32:14.422	TEL,1806,S3,832888725,0,0,0,451,2937                           
2026-10-06T20:32:14.422	TEL,1807,S3,832898725,0,0,0,439,2925                           
2026-10-06T20:32:14.422	TEL,1808,S3,832908725,0,0,0,433,2925                           
2026-10-06T20:32:14.422	TEL,1809,S3,832918725,0,0,0,445,2937                           
2026-10-06T20:32:14.422	TEL,1810,S3,832928725,0,0,0,439,2937                           
2026-10-06T20:32:14.422	TEL,1811,S3,832938725,0,0,0,433,2932                           
2026-10-06T20:32:14.422	TEL,1812,S3,832948725,0,0,0,442,2932                           
2026-10-06T20:32:14.422	TEL,1813,S3,832958725,0,0,0,442,2932                           
2026-10-06T20:32:14.422	TEL,1814,S3,832968725,0,0,0,433,2932                           
2026-10-06T20:32:14.422	TEL,1815,S3,832978725,0,0,0,439,2937                           
2026-10-06T20:32:14.422	TEL,1816,S3,832988725,0,0,0,439,2937                           
2026-10-06T20:32:14.422	TEL,1817,S3,832998725,0,0,0,430,2928                           
2026-10-06T20:32:14.422	TEL,1818,S3,833008725,0,0,0,430,2928                           
2026-10-06T20:32:14.422	TEL,1819,S3,833018725,0,0,0,428,2925                           
2026-10-06T20:32:14.422	TEL,1820,S3,833028725,0,0,0,433,2925                           
2026-10-06T20:32:14.422	TEL,1821,S3,833038725,0,0,0,433,2925                           
2026-10-06T20:32:14.422	TEL,1822,S3,833048725,0,0,0,433,2925                           
2026-10-06T20:32:14.422	TEL,1823,S3,833058725,0,0,0,442,2933                           
2026-10-06T20:32:14.422	TEL,1824,S3,833068725,0,0,0,442,2933                           
2026-10-06T20:32:14.422	TEL,1825,S3,833078725,0,0,0,436,2928                           
2026-10-06T20:32:14.422	TEL,1826,S3,833088725,0,0,0,436,2928                           
2026-10-06T20:32:14.422	TEL,1827,S3,833098725,0,0,0,442,2937                           
2026-10-06T20:32:14.422	TEL,1828,S3,833108725,0,0,0,439,2937                           
2026-10-06T20:32:14.422	TEL,1829,S3,833118725,0,0,0,430,2928                           
2026-10-06T20:32:14.422	TEL,1830,S3,833128725,0,0,0,442,2928                           
2026-10-06T20:32:14.422	TEL,1831,S3,833138725,0,0,0,451,2937                           
2026-10-06T20:32:14.422	TEL,1832,S3,833148725,0,0,0,439,2937                           
2026-10-06T20:32:14.422	TEL,1833,S3,833158725,0,0,0,430,2928                           
2026-10-06T20:32:14.422	TEL,1834,S3,833168725,0,0,0,430,2928                           
2026-10-06T20:32:14.422	TEL,1835,S3,833178725,0,0,0,433,2932                           
2026-10-06T20:32:14.422	TEL,1836,S3,833188725,0,0,0,445,2932                           
2026-10-06T20:32:14.422	TEL,1837,S3,833198725,0,0,0,451,2937                           
2026-10-06T20:32:14.422	TEL,1838,S3,833208725,0,0,0,442,2937                           
2026-10-06T20:32:14.422	TEL,1839,S3,833218725,0,0,0,442,2939                           
2026-10-06T20:32:15.032	TEL,1840,S3,833228725,0,0,0,448,2939                           
2026-10-06T20:32:15.032	TEL,1841,S3,833238725,0,0,0,445,2937                           
2026-10-06T20:32:15.032	TEL,1842,S3,833248725,0,0,0,436,2937                           
2026-10-06T20:32:15.032	TEL,1843,S3,833258725,0,0,0,436,2937                           
2026-10-06T20:32:15.032	TEL,1844,S3,833268725,0,0,0,439,2937                           
2026-10-06T20:32:15.032	TEL,1845,S3,833278725,0,0,0,433,2932                           
2026-10-06T20:32:15.032	TEL,1846,S3,833288725,0,0,0,430,2932                           
2026-10-06T20:32:15.032	TEL,1847,S3,833298725,0,0,0,430,2932                           
2026-10-06T20:32:15.032	TEL,1848,S3,833308725,0,0,0,442,2932                           
2026-10-06T20:32:15.032	TEL,1849,S3,833318725,0,0,0,445,2937                           
2026-10-06T20:32:15.032	TEL,1850,S3,833328725,0,0,0,442,2937                           
2026-10-06T20:32:15.032	TEL,1851,S3,833338725,0,0,0,442,2937                           
2026-10-06T20:32:15.032	TEL,1852,S3,833348725,0,0,0,436,2937                           
2026-10-06T20:32:15.032	TEL,1853,S3,833358725,0,0,0,430,2932                           
2026-10-06T20:32:15.032	BTN,21,S3,PRESSED,833358975,833358982                          
2026-10-06T20:32:15.032	TEL,1854,S3,833368725,0,0,0,430,2932                           
2026-10-06T20:32:15.032	TEL,1855,S3,833378725,0,0,0,428,2930                           
2026-10-06T20:32:15.032	TEL,1856,S3,833388725,0,0,0,428,2930                           
2026-10-06T20:32:15.032	TEL,1857,S3,833398725,0,0,0,425,2927                           
2026-10-06T20:32:15.032	TEL,1858,S3,833408725,0,0,0,439,2927                           
2026-10-06T20:32:15.032	TEL,1859,S3,833418725,0,0,0,448,2937                           
2026-10-06T20:32:15.032	TEL,1860,S3,833428725,0,0,0,445,2937                           
2026-10-06T20:32:15.032	TEL,1861,S3,833438725,0,0,0,436,2928                           
2026-10-06T20:32:15.032	TEL,1862,S3,833448725,0,0,0,428,2928                           
2026-10-06T20:32:15.032	TEL,1863,S3,833458725,0,0,0,425,2927                           
2026-10-06T20:32:15.032	TEL,1864,S3,833468725,0,0,0,428,2927                           
2026-10-06T20:32:15.032	TEL,1865,S3,833478725,0,0,0,430,2928                           
2026-10-06T20:32:15.032	TEL,1866,S3,833488725,0,0,0,430,2928                           
2026-10-06T20:32:15.032	TEL,1867,S3,833498725,0,0,0,428,2925                           
2026-10-06T20:32:15.032	TEL,1868,S3,833508725,0,0,0,428,2925                           
2026-10-06T20:32:15.032	TEL,1869,S3,833518725,0,0,0,433,2932                           
2026-10-06T20:32:15.032	TEL,1870,S3,833528725,0,0,0,433,2932                           
2026-10-06T20:32:15.032	TEL,1871,S3,833538725,0,0,0,428,2925                           
2026-10-06T20:32:15.032	TEL,1872,S3,833548725,0,0,0,445,2925                           
2026-10-06T20:32:15.032	TEL,1873,S3,833558725,0,0,0,451,2930                           
2026-10-06T20:32:15.032	TEL,1874,S3,833568725,0,0,0,439,2930                           
2026-10-06T20:32:15.032	TEL,1875,S3,833578725,0,0,0,442,2932                           
2026-10-06T20:32:15.032	TEL,1876,S3,833588725,0,0,0,442,2932                           
2026-10-06T20:32:15.032	TEL,1877,S3,833598725,0,0,0,448,2937                           
2026-10-06T20:32:15.032	TEL,1878,S3,833608725,0,0,0,445,2937                           
2026-10-06T20:32:15.032	TEL,1879,S3,833618725,0,0,0,445,2937                           
2026-10-06T20:32:15.032	TEL,1880,S3,833628725,0,0,0,428,2937                           
2026-10-06T20:32:15.032	TEL,1881,S3,833638725,0,0,0,422,2932                           
2026-10-06T20:32:15.032	TEL,1882,S3,833648725,0,0,0,442,2932                           
2026-10-06T20:32:15.032	TEL,1883,S3,833658725,0,0,0,442,2932                           
2026-10-06T20:32:15.032	TEL,1884,S3,833668725,0,0,0,433,2932                           
2026-10-06T20:32:15.032	TEL,1885,S3,833678725,0,0,0,439,2937                           
2026-10-06T20:32:15.032	TEL,1886,S3,833688725,0,0,0,445,2937                           
2026-10-06T20:32:15.032	TEL,1887,S3,833698725,0,0,0,445,2937                           
2026-10-06T20:32:15.032	TEL,1888,S3,833708725,0,0,0,436,2937                           
2026-10-06T20:32:15.032	TEL,1889,S3,833718725,0,0,0,430,2932                           
2026-10-06T20:32:15.032	TEL,1890,S3,833728725,0,0,0,439,2932                           
2026-10-06T20:32:15.032	TEL,1891,S3,833738725,0,0,0,442,2937                           
2026-10-06T20:32:15.032	TEL,1892,S3,833748725,0,0,0,439,2937                           
2026-10-06T20:32:15.032	TEL,1893,S3,833758725,0,0,0,433,2932                           
2026-10-06T20:32:15.032	TEL,1894,S3,833768725,0,0,0,442,2932                           
2026-10-06T20:32:15.032	TEL,1895,S3,833778725,0,0,0,442,2932                           
2026-10-06T20:32:15.032	TEL,1896,S3,833788725,0,0,0,442,2932                           
2026-10-06T20:32:15.032	TEL,1897,S3,833798725,0,0,0,442,2932                           
2026-10-06T20:32:15.032	TEL,1898,S3,833808725,0,0,0,430,2932                           
2026-10-06T20:32:15.032	TEL,1899,S3,833818725,0,0,0,433,2933                           
2026-10-06T20:32:15.032	TEL,1900,S3,833828725,0,0,0,442,2933                           
2026-10-06T20:32:15.641	TEL,1901,S3,833838725,0,0,0,448,2939                           
2026-10-06T20:32:15.641	TEL,1902,S3,833848725,0,0,0,442,2939                           
2026-10-06T20:32:15.641	TEL,1903,S3,833858725,0,0,0,436,2932                           
2026-10-06T20:32:15.641	TEL,1904,S3,833868725,0,0,0,439,2932                           
2026-10-06T20:32:15.641	TEL,1905,S3,833878725,0,0,0,445,2939                           
2026-10-06T20:32:15.641	TEL,1906,S3,833888725,0,0,0,451,2939                           
2026-10-06T20:32:15.641	TEL,1907,S3,833898725,0,0,0,442,2932                           
2026-10-06T20:32:15.641	TEL,1908,S3,833908725,0,0,0,436,2932                           
2026-10-06T20:32:15.641	TEL,1909,S3,833918725,0,0,0,442,2937                           
2026-10-06T20:32:15.641	TEL,1910,S3,833928725,0,0,0,439,2937                           
2026-10-06T20:32:15.641	TEL,1911,S3,833938725,0,0,0,430,2930                           
2026-10-06T20:32:15.641	TEL,1912,S3,833948725,0,0,0,428,2930                           
2026-10-06T20:32:15.641	TEL,1913,S3,833958725,0,0,0,428,2928                           
2026-10-06T20:32:15.641	TEL,1914,S3,833968725,0,0,0,436,2928                           
2026-10-06T20:32:15.641	TEL,1915,S3,833978725,0,0,0,442,2932                           
2026-10-06T20:32:15.641	TEL,1916,S3,833988725,0,0,0,442,2932                           
2026-10-06T20:32:15.641	TEL,1917,S3,833998725,0,0,0,433,2925                           
2026-10-06T20:32:15.641	TEL,1918,S3,834008725,0,0,0,433,2925                           
2026-10-06T20:32:15.641	TEL,1919,S3,834018725,0,0,0,445,2937                           
2026-10-06T20:32:15.641	TEL,1920,S3,834028725,0,0,0,448,2937                           
2026-10-06T20:32:15.641	TEL,1921,S3,834038725,0,0,0,448,2937                           
2026-10-06T20:32:15.641	TEL,1922,S3,834048725,0,0,0,448,2937                           
2026-10-06T20:32:15.641	TEL,1923,S3,834058725,0,0,0,442,2932                           
2026-10-06T20:32:15.641	TEL,1924,S3,834068725,0,0,0,430,2932                           
2026-10-06T20:32:15.641	TEL,1925,S3,834078725,0,0,0,428,2928                           
2026-10-06T20:32:15.641	TEL,1926,S3,834088725,0,0,0,430,2928                           
2026-10-06T20:32:15.641	TEL,1927,S3,834098725,0,0,0,430,2928                           
2026-10-06T20:32:15.641	TEL,1928,S3,834108725,0,0,0,436,2928                           
2026-10-06T20:32:15.641	TEL,1929,S3,834118725,0,0,0,442,2932                           
2026-10-06T20:32:15.641	TEL,1930,S3,834128725,0,0,0,442,2932                           
2026-10-06T20:32:15.641	TEL,1931,S3,834138725,0,0,0,442,2932                           
2026-10-06T20:32:15.641	TEL,1932,S3,834148725,0,0,0,430,2932                           
2026-10-06T20:32:15.641	TEL,1933,S3,834158725,0,0,0,430,2932                           
2026-10-06T20:32:15.641	TEL,1934,S3,834168725,0,0,0,433,2932                           
2026-10-06T20:32:15.641	TEL,1935,S3,834178725,0,0,0,433,2932                           
2026-10-06T20:32:15.641	TEL,1936,S3,834188725,0,0,0,433,2932                           
2026-10-06T20:32:15.641	TEL,1937,S3,834198725,0,0,0,439,2937                           
2026-10-06T20:32:15.641	TEL,1938,S3,834208725,0,0,0,442,2937                           
2026-10-06T20:32:15.641	BTN,22,S3,PRESSED,834210980,834210987                          
2026-10-06T20:32:15.641	TEL,1939,S3,834218725,0,0,0,430,2927                           
2026-10-06T20:32:15.641	TEL,1940,S3,834228725,0,0,0,430,2927                           
2026-10-06T20:32:15.641	TEL,1941,S3,834238725,0,0,0,433,2928                           
2026-10-06T20:32:15.641	TEL,1942,S3,834248725,0,0,0,430,2928                           
2026-10-06T20:32:15.641	TEL,1943,S3,834258725,0,0,0,436,2935                           
2026-10-06T20:32:15.641	TEL,1944,S3,834268725,0,0,0,445,2935                           
2026-10-06T20:32:15.641	TEL,1945,S3,834278725,0,0,0,442,2932                           
2026-10-06T20:32:15.641	TEL,1946,S3,834288725,0,0,0,436,2932                           
2026-10-06T20:32:15.641	TEL,1947,S3,834298725,0,0,0,436,2932                           
2026-10-06T20:32:15.641	TEL,1948,S3,834308725,0,0,0,436,2932                           
2026-10-06T20:32:15.641	TEL,1949,S3,834318725,0,0,0,436,2932                           
2026-10-06T20:32:15.641	TEL,1950,S3,834328725,0,0,0,445,2932                           
2026-10-06T20:32:15.641	TEL,1951,S3,834338725,0,0,0,451,2937                           
2026-10-06T20:32:15.641	TEL,1952,S3,834348725,0,0,0,439,2937                           
2026-10-06T20:32:15.641	TEL,1953,S3,834358725,0,0,0,433,2932                           
2026-10-06T20:32:15.641	TEL,1954,S3,834368725,0,0,0,442,2932                           
2026-10-06T20:32:15.641	TEL,1955,S3,834378725,0,0,0,445,2937                           
2026-10-06T20:32:15.641	TEL,1956,S3,834388725,0,0,0,436,2937                           
2026-10-06T20:32:15.641	TEL,1957,S3,834398725,0,0,0,433,2935                           
2026-10-06T20:32:15.641	TEL,1958,S3,834408725,0,0,0,436,2935                           
2026-10-06T20:32:15.641	TEL,1959,S3,834418725,0,0,0,433,2932                           
2026-10-06T20:32:15.641	TEL,1960,S3,834428725,0,0,0,433,2932                           
2026-10-06T20:32:15.641	TEL,1961,S3,834438725,0,0,0,439,2937                           
2026-10-06T20:32:16.252	TEL,1962,S3,834448725,0,0,0,439,2937                           
2026-10-06T20:32:16.252	TEL,1963,S3,834458725,0,0,0,439,2937                           
2026-10-06T20:32:16.252	TEL,1964,S3,834468725,0,0,0,439,2937                           
2026-10-06T20:32:16.252	TEL,1965,S3,834478725,0,0,0,433,2932                           
2026-10-06T20:32:16.252	TEL,1966,S3,834488725,0,0,0,433,2932                           
2026-10-06T20:32:16.252	TEL,1967,S3,834498725,0,0,0,442,2941                           
2026-10-06T20:32:16.252	TEL,1968,S3,834508725,0,0,0,442,2941                           
2026-10-06T20:32:16.252	TEL,1969,S3,834518725,0,0,0,439,2937                           
2026-10-06T20:32:16.252	TEL,1970,S3,834528725,0,0,0,445,2937                           
2026-10-06T20:32:16.252	TEL,1971,S3,834538725,0,0,0,445,2937                           
2026-10-06T20:32:16.252	TEL,1972,S3,834548725,0,0,0,439,2937                           
2026-10-06T20:32:16.252	TEL,1973,S3,834558725,0,0,0,428,2927                           
2026-10-06T20:32:16.252	TEL,1974,S3,834568725,0,0,0,428,2927                           
2026-10-06T20:32:16.252	TEL,1975,S3,834578725,0,0,0,439,2937                           
2026-10-06T20:32:16.252	TEL,1976,S3,834588725,0,0,0,445,2937                           
2026-10-06T20:32:16.252	TEL,1977,S3,834598725,0,0,0,445,2937                           
2026-10-06T20:32:16.252	TEL,1978,S3,834608725,0,0,0,442,2937                           
2026-10-06T20:32:16.252	TEL,1979,S3,834618725,0,0,0,433,2928                           
2026-10-06T20:32:16.252	TEL,1980,S3,834628725,0,0,0,436,2928                           
2026-10-06T20:32:16.252	TEL,1981,S3,834638725,0,0,0,442,2932                           
2026-10-06T20:32:16.252	TEL,1982,S3,834648725,0,0,0,430,2932                           
2026-10-06T20:32:16.252	TEL,1983,S3,834658725,0,0,0,436,2937                           
2026-10-06T20:32:16.252	TEL,1984,S3,834668725,0,0,0,445,2937                           
2026-10-06T20:32:16.252	TEL,1985,S3,834678725,0,0,0,442,2932                           
2026-10-06T20:32:16.252	TEL,1986,S3,834688725,0,0,0,433,2932                           
2026-10-06T20:32:16.252	TEL,1987,S3,834698725,0,0,0,433,2932                           
2026-10-06T20:32:16.252	TEL,1988,S3,834708725,0,0,0,445,2932                           
2026-10-06T20:32:16.252	TEL,1989,S3,834718725,0,0,0,445,2932                           
2026-10-06T20:32:16.252	TEL,1990,S3,834728725,0,0,0,439,2932                           
2026-10-06T20:32:16.252	BTN,23,S3,PRESSED,834729985,834729993                          
2026-10-06T20:32:16.252	TEL,1991,S3,834738725,0,0,0,439,2932                           
2026-10-06T20:32:16.252	TEL,1992,S3,834748725,0,0,0,436,2932                           
2026-10-06T20:32:16.252	TEL,1993,S3,834758725,0,0,0,428,2925                           
2026-10-06T20:32:16.252	TEL,1994,S3,834768725,0,0,0,433,2925                           
2026-10-06T20:32:16.252	TEL,1995,S3,834778725,0,0,0,436,2928                           
2026-10-06T20:32:16.252	TEL,1996,S3,834788725,0,0,0,428,2928                           
2026-10-06T20:32:16.252	TEL,1997,S3,834798725,0,0,0,430,2932                           
2026-10-06T20:32:16.252	TEL,1998,S3,834808725,0,0,0,439,2932                           
2026-10-06T20:32:16.252	TEL,1999,S3,834818725,0,0,0,439,2932                           
2026-10-06T20:32:16.252	TEL,2000,S3,834828725,0,0,0,442,2932                           
2026-10-06T20:32:16.252	TEL,2001,S3,834838725,0,0,0,445,2937                           
2026-10-06T20:32:16.252	TEL,2002,S3,834848725,0,0,0,442,2937                           
2026-10-06T20:32:16.252	TEL,2003,S3,834858725,0,0,0,428,2925                           
2026-10-06T20:32:16.252	TEL,2004,S3,834868725,0,0,0,439,2925                           
2026-10-06T20:32:16.252	TEL,2005,S3,834878725,0,0,0,454,2939                           
2026-10-06T20:32:16.252	TEL,2006,S3,834888725,0,0,0,445,2939                           
2026-10-06T20:32:16.252	TEL,2007,S3,834898725,0,0,0,442,2937                           
2026-10-06T20:32:16.252	TEL,2008,S3,834908725,0,0,0,439,2937                           
2026-10-06T20:32:16.252	TEL,2009,S3,834918725,0,0,0,430,2928                           
2026-10-06T20:32:16.252	TEL,2010,S3,834928725,0,0,0,436,2928                           
2026-10-06T20:32:16.252	TEL,2011,S3,834938725,0,0,0,445,2937                           
2026-10-06T20:32:16.252	TEL,2012,S3,834948725,0,0,0,439,2937                           
2026-10-06T20:32:16.252	TEL,2013,S3,834958725,0,0,0,439,2937                           
2026-10-06T20:32:16.252	TEL,2014,S3,834968725,0,0,0,445,2937                           
2026-10-06T20:32:16.252	TEL,2015,S3,834978725,0,0,0,433,2925                           
2026-10-06T20:32:16.252	TEL,2016,S3,834988725,0,0,0,433,2925                           
2026-10-06T20:32:16.252	TEL,2017,S3,834998725,0,0,0,445,2937                           
2026-10-06T20:32:16.252	TEL,2018,S3,835008725,0,0,0,439,2937                           
2026-10-06T20:32:16.252	TEL,2019,S3,835018725,0,0,0,439,2937                           
2026-10-06T20:32:16.252	TEL,2020,S3,835028725,0,0,0,436,2937                           
2026-10-06T20:32:16.252	TEL,2021,S3,835038725,0,0,0,436,2937                           
2026-10-06T20:32:16.252	TEL,2022,S3,835048725,0,0,0,445,2937                           
2026-10-06T20:32:16.862	TEL,2023,S3,835058725,0,0,0,442,2932                           
2026-10-06T20:32:16.862	TEL,2024,S3,835068725,0,0,0,442,2932                           
2026-10-06T20:32:16.862	TEL,2025,S3,835078725,0,0,0,436,2928                           
2026-10-06T20:32:16.862	TEL,2026,S3,835088725,0,0,0,430,2928                           
2026-10-06T20:32:16.862	TEL,2027,S3,835098725,0,0,0,428,2925                           
2026-10-06T20:32:16.862	TEL,2028,S3,835108725,0,0,0,419,2925                           
2026-10-06T20:32:16.862	TEL,2029,S3,835118725,0,0,0,422,2928                           
2026-10-06T20:32:16.862	TEL,2030,S3,835128725,0,0,0,430,2928                           
2026-10-06T20:32:16.862	TEL,2031,S3,835138725,0,0,0,428,2925                           
2026-10-06T20:32:16.862	TEL,2032,S3,835148725,0,0,0,433,2925                           
2026-10-06T20:32:16.862	TEL,2033,S3,835158725,0,0,0,445,2937                           
2026-10-06T20:32:16.862	TEL,2034,S3,835168725,0,0,0,445,2937                           
2026-10-06T20:32:16.862	TEL,2035,S3,835178725,0,0,0,445,2937                           
2026-10-06T20:32:16.862	TEL,2036,S3,835188725,0,0,0,436,2937                           
2026-10-06T20:32:16.862	TEL,2037,S3,835198725,0,0,0,436,2937                           
2026-10-06T20:32:16.862	TEL,2038,S3,835208725,0,0,0,451,2937                           
2026-10-06T20:32:16.862	TEL,2039,S3,835218725,0,0,0,439,2925                           
2026-10-06T20:32:16.862	TEL,2040,S3,835228725,0,0,0,433,2925                           
2026-10-06T20:32:16.862	TEL,2041,S3,835238725,0,0,0,442,2932                           
2026-10-06T20:32:16.862	TEL,2042,S3,835248725,0,0,0,442,2932                           
2026-10-06T20:32:16.862	TEL,2043,S3,835258725,0,0,0,436,2928                           
2026-10-06T20:32:16.862	TEL,2044,S3,835268725,0,0,0,433,2928                           
2026-10-06T20:32:16.862	TEL,2045,S3,835278725,0,0,0,442,2939                           
2026-10-06T20:32:16.862	TEL,2046,S3,835288725,0,0,0,445,2939                           
2026-10-06T20:32:16.862	TEL,2047,S3,835298725,0,0,0,433,2927                           
2026-10-06T20:32:16.862	TEL,2048,S3,835308725,0,0,0,428,2927                           
2026-10-06T20:32:16.862	TEL,2049,S3,835318725,0,0,0,430,2928                           
2026-10-06T20:32:16.862	TEL,2050,S3,835328725,0,0,0,430,2928                           
2026-10-06T20:32:16.862	TEL,2051,S3,835338725,0,0,0,433,2932                           
2026-10-06T20:32:16.862	TEL,2052,S3,835348725,0,0,0,442,2932                           
2026-10-06T20:32:16.862	TEL,2053,S3,835358725,0,0,0,448,2937                           
2026-10-06T20:32:16.862	TEL,2054,S3,835368725,0,0,0,442,2937                           
2026-10-06T20:32:16.862	TEL,2055,S3,835378725,0,0,0,436,2928                           
2026-10-06T20:32:16.862	TEL,2056,S3,835388725,0,0,0,436,2928                           
2026-10-06T20:32:16.862	TEL,2057,S3,835398725,0,0,0,436,2927                           
2026-10-06T20:32:16.862	TEL,2058,S3,835408725,0,0,0,428,2927                           
2026-10-06T20:32:16.862	TEL,2059,S3,835418725,0,0,0,439,2937                           
2026-10-06T20:32:16.862	TEL,2060,S3,835428725,0,0,0,439,2937                           
2026-10-06T20:32:16.862	TEL,2061,S3,835438725,0,0,0,439,2937                           
2026-10-06T20:32:16.862	TEL,2062,S3,835448725,0,0,0,442,2937                           
2026-10-06T20:32:16.863	TEL,2063,S3,835458725,0,0,0,442,2937                           
2026-10-06T20:32:16.863	TEL,2064,S3,835468725,0,0,0,433,2937                           
2026-10-06T20:32:16.863	TEL,2065,S3,835478725,0,0,0,425,2928                           
2026-10-06T20:32:16.863	BTN,24,S3,PRESSED,835478991,835478998                          
2026-10-06T20:32:16.863	TEL,2066,S3,835488725,0,0,0,430,2928                           
2026-10-06T20:32:16.863	TEL,2067,S3,835498725,0,0,0,433,2932                           
2026-10-06T20:32:16.863	TEL,2068,S3,835508725,0,0,0,433,2932                           
2026-10-06T20:32:16.863	TEL,2069,S3,835518725,0,0,0,439,2937                           
2026-10-06T20:32:16.863	TEL,2070,S3,835528725,0,0,0,439,2937                           
2026-10-06T20:32:16.863	TEL,2071,S3,835538725,0,0,0,433,2932                           
2026-10-06T20:32:16.863	TEL,2072,S3,835548725,0,0,0,433,2932                           
2026-10-06T20:32:16.863	TEL,2073,S3,835558725,0,0,0,439,2939                           
2026-10-06T20:32:16.863	TEL,2074,S3,835568725,0,0,0,439,2939                           
2026-10-06T20:32:16.863	TEL,2075,S3,835578725,0,0,0,428,2925                           
2026-10-06T20:32:16.863	TEL,2076,S3,835588725,0,0,0,425,2925                           
2026-10-06T20:32:16.863	TEL,2077,S3,835598725,0,0,0,436,2937                           
2026-10-06T20:32:16.863	TEL,2078,S3,835608725,0,0,0,445,2937                           
2026-10-06T20:32:16.863	TEL,2079,S3,835618725,0,0,0,436,2928                           
2026-10-06T20:32:16.863	TEL,2080,S3,835628725,0,0,0,433,2928                           
2026-10-06T20:32:16.863	TEL,2081,S3,835638725,0,0,0,433,2928                           
2026-10-06T20:32:16.863	TEL,2082,S3,835648725,0,0,0,436,2928                           
2026-10-06T20:32:16.863	TEL,2083,S3,835658725,0,0,0,433,2925                           
2026-10-06T20:32:17.481	TEL,2084,S3,835668725,0,0,0,428,2925                           
2026-10-06T20:32:17.481	TEL,2085,S3,835678725,0,0,0,430,2928                           
2026-10-06T20:32:17.481	TEL,2086,S3,835688725,0,0,0,436,2928                           
2026-10-06T20:32:17.481	TEL,2087,S3,835698725,0,0,0,439,2930                           
2026-10-06T20:32:17.481	TEL,2088,S3,835708725,0,0,0,433,2930                           
2026-10-06T20:32:17.481	TEL,2089,S3,835718725,0,0,0,428,2925                           
2026-10-06T20:32:17.481	TEL,2090,S3,835728725,0,0,0,425,2925                           
2026-10-06T20:32:17.481	TEL,2091,S3,835738725,0,0,0,428,2928                           
2026-10-06T20:32:17.481	TEL,2092,S3,835748725,0,0,0,430,2928                           
2026-10-06T20:32:17.481	TEL,2093,S3,835758725,0,0,0,439,2937                           
2026-10-06T20:32:17.481	TEL,2094,S3,835768725,0,0,0,439,2937                           
2026-10-06T20:32:17.481	TEL,2095,S3,835778725,0,0,0,430,2928                           
2026-10-06T20:32:17.481	TEL,2096,S3,835788725,0,0,0,419,2928                           
2026-10-06T20:32:17.481	TEL,2097,S3,835798725,0,0,0,419,2928                           
2026-10-06T20:32:17.481	TEL,2098,S3,835808725,0,0,0,436,2928                           
2026-10-06T20:32:17.481	TEL,2099,S3,835818725,0,0,0,439,2932                           
2026-10-06T20:32:17.481	TEL,2100,S3,835828725,0,0,0,430,2932                           
2026-10-06T20:32:17.481	TEL,2101,S3,835838725,0,0,0,428,2928                           
2026-10-06T20:32:17.481	TEL,2102,S3,835848725,0,0,0,430,2928                           
2026-10-06T20:32:17.481	TEL,2103,S3,835858725,0,0,0,428,2925                           
2026-10-06T20:32:17.481	TEL,2104,S3,835868725,0,0,0,436,2925                           
2026-10-06T20:32:17.481	TEL,2105,S3,835878725,0,0,0,442,2932                           
2026-10-06T20:32:17.481	TEL,2106,S3,835888725,0,0,0,433,2932                           
2026-10-06T20:32:17.481	TEL,2107,S3,835898725,0,0,0,430,2930                           
2026-10-06T20:32:17.481	TEL,2108,S3,835908725,0,0,0,439,2930                           
2026-10-06T20:32:17.481	TEL,2109,S3,835918725,0,0,0,436,2928                           
2026-10-06T20:32:17.481	TEL,2110,S3,835928725,0,0,0,436,2928                           
2026-10-06T20:32:17.481	TEL,2111,S3,835938725,0,0,0,439,2930                           
2026-10-06T20:32:17.481	TEL,2112,S3,835948725,0,0,0,442,2930                           
2026-10-06T20:32:17.481	TEL,2113,S3,835958725,0,0,0,442,2932                           
2026-10-06T20:32:17.481	TEL,2114,S3,835968725,0,0,0,430,2932                           
2026-10-06T20:32:17.481	TEL,2115,S3,835978725,0,0,0,436,2937                           
2026-10-06T20:32:17.481	TEL,2116,S3,835988725,0,0,0,430,2937                           
2026-10-06T20:32:17.481	TEL,2117,S3,835998725,0,0,0,425,2932                           
2026-10-06T20:32:17.481	TEL,2118,S3,836008725,0,0,0,430,2932                           
2026-10-06T20:32:17.481	TEL,2119,S3,836018725,0,0,0,428,2928                           
2026-10-06T20:32:17.481	TEL,2120,S3,836028725,0,0,0,439,2928                           
2026-10-06T20:32:17.481	TEL,2121,S3,836038725,0,0,0,439,2927                           
2026-10-06T20:32:17.481	TEL,2122,S3,836048725,0,0,0,433,2927                           
2026-10-06T20:32:17.481	TEL,2123,S3,836058725,0,0,0,436,2928                           
2026-10-06T20:32:17.481	TEL,2124,S3,836068725,0,0,0,430,2928                           
2026-10-06T20:32:17.481	TEL,2125,S3,836078725,0,0,0,439,2937                           
2026-10-06T20:32:17.481	TEL,2126,S3,836088725,0,0,0,439,2937                           
2026-10-06T20:32:17.481	TEL,2127,S3,836098725,0,0,0,428,2925                           
2026-10-06T20:32:17.481	TEL,2128,S3,836108725,0,0,0,428,2925                           
2026-10-06T20:32:17.481	TEL,2129,S3,836118725,0,0,0,428,2925                           
2026-10-06T20:32:17.482	TEL,2130,S3,836128725,0,0,0,433,2925                           
2026-10-06T20:32:17.482	TEL,2131,S3,836138725,0,0,0,448,2939                           
2026-10-06T20:32:17.482	TEL,2132,S3,836148725,0,0,0,439,2939                           
2026-10-06T20:32:17.482	TEL,2133,S3,836158725,0,0,0,430,2928                           
2026-10-06T20:32:17.482	TEL,2134,S3,836168725,0,0,0,436,2928                           
2026-10-06T20:32:17.482	TEL,2135,S3,836178725,0,0,0,445,2935                           
2026-10-06T20:32:17.482	TEL,2136,S3,836188725,0,0,0,433,2935                           
2026-10-06T20:32:17.482	TEL,2137,S3,836198725,0,0,0,428,2928                           
2026-10-06T20:32:17.482	TEL,2138,S3,836208725,0,0,0,436,2928                           
2026-10-06T20:32:17.482	TEL,2139,S3,836218725,0,0,0,442,2937                           
2026-10-06T20:32:17.482	TEL,2140,S3,836228725,0,0,0,445,2937                           
2026-10-06T20:32:17.482	TEL,2141,S3,836238725,0,0,0,445,2937                           
2026-10-06T20:32:17.482	TEL,2142,S3,836248725,0,0,0,433,2937                           
2026-10-06T20:32:17.482	TEL,2143,S3,836258725,0,0,0,428,2932                           
2026-10-06T20:32:17.482	TEL,2144,S3,836268725,0,0,0,436,2932                           
2026-10-06T20:32:17.482	TEL,2145,S3,836278725,0,0,0,433,2928                           
2026-10-06T20:32:18.091	TEL,2146,S3,836288725,0,0,0,436,2928                           
2026-10-06T20:32:18.091	BTN,25,S3,PRESSED,836295996,836296004                          
2026-10-06T20:32:18.091	TEL,2147,S3,836298725,0,0,0,433,2925                           
2026-10-06T20:32:18.091	TEL,2148,S3,836308725,0,0,0,428,2925                           
2026-10-06T20:32:18.091	TEL,2149,S3,836318725,0,0,0,436,2932                           
2026-10-06T20:32:18.091	TEL,2150,S3,836328725,0,0,0,430,2932                           
2026-10-06T20:32:18.091	TEL,2151,S3,836338725,0,0,0,430,2932                           
2026-10-06T20:32:18.091	TEL,2152,S3,836348725,0,0,0,433,2932                           
2026-10-06T20:32:18.091	TEL,2153,S3,836358725,0,0,0,428,2925                           
2026-10-06T20:32:18.091	TEL,2154,S3,836368725,0,0,0,428,2925                           
2026-10-06T20:32:18.091	TEL,2155,S3,836378725,0,0,0,433,2930                           
2026-10-06T20:32:18.091	TEL,2156,S3,836388725,0,0,0,439,2930                           
2026-10-06T20:32:18.091	TEL,2157,S3,836398725,0,0,0,445,2937                           
2026-10-06T20:32:18.091	TEL,2158,S3,836408725,0,0,0,448,2937                           
2026-10-06T20:32:18.091	TEL,2159,S3,836418725,0,0,0,442,2932                           
2026-10-06T20:32:18.091	TEL,2160,S3,836428725,0,0,0,433,2932                           
2026-10-06T20:32:18.091	TEL,2161,S3,836438725,0,0,0,439,2937                           
2026-10-06T20:32:18.091	TEL,2162,S3,836448725,0,0,0,436,2937                           
2026-10-06T20:32:18.091	TEL,2163,S3,836458725,0,0,0,428,2928                           
2026-10-06T20:32:18.091	TEL,2164,S3,836468725,0,0,0,436,2928                           
2026-10-06T20:32:18.091	TEL,2165,S3,836478725,0,0,0,436,2928                           
2026-10-06T20:32:18.091	TEL,2166,S3,836488725,0,0,0,422,2928                           
2026-10-06T20:32:18.091	TEL,2167,S3,836498725,0,0,0,430,2937                           
2026-10-06T20:32:18.091	TEL,2168,S3,836508725,0,0,0,439,2937                           
2026-10-06T20:32:18.091	TEL,2169,S3,836518725,0,0,0,430,2928                           
2026-10-06T20:32:18.091	TEL,2170,S3,836528725,0,0,0,433,2928                           
2026-10-06T20:32:18.091	TEL,2171,S3,836538725,0,0,0,433,2928                           
2026-10-06T20:32:18.091	TEL,2172,S3,836548725,0,0,0,436,2928                           
2026-10-06T20:32:18.091	TEL,2173,S3,836558725,0,0,0,445,2937                           
2026-10-06T20:32:18.091	TEL,2174,S3,836568725,0,0,0,448,2937                           
2026-10-06T20:32:18.091	TEL,2175,S3,836578725,0,0,0,448,2937                           
2026-10-06T20:32:18.091	TEL,2176,S3,836588725,0,0,0,439,2937                           
2026-10-06T20:32:18.091	TEL,2177,S3,836598725,0,0,0,433,2932                           
2026-10-06T20:32:18.091	TEL,2178,S3,836608725,0,0,0,442,2932                           
2026-10-06T20:32:18.091	TEL,2179,S3,836618725,0,0,0,436,2928                           
2026-10-06T20:32:18.091	TEL,2180,S3,836628725,0,0,0,436,2928                           
2026-10-06T20:32:18.091	TEL,2181,S3,836638725,0,0,0,442,2937                           
2026-10-06T20:32:18.091	TEL,2182,S3,836648725,0,0,0,439,2937                           
2026-10-06T20:32:18.091	TEL,2183,S3,836658725,0,0,0,428,2925                           
2026-10-06T20:32:18.091	TEL,2184,S3,836668725,0,0,0,439,2925                           
2026-10-06T20:32:18.091	TEL,2185,S3,836678725,0,0,0,445,2930                           
2026-10-06T20:32:18.091	TEL,2186,S3,836688725,0,0,0,439,2930                           
2026-10-06T20:32:18.091	TEL,2187,S3,836698725,0,0,0,436,2928                           
2026-10-06T20:32:18.091	TEL,2188,S3,836708725,0,0,0,430,2928                           
2026-10-06T20:32:18.091	TEL,2189,S3,836718725,0,0,0,433,2932                           
2026-10-06T20:32:18.091	TEL,2190,S3,836728725,0,0,0,433,2932                           
2026-10-06T20:32:18.091	TEL,2191,S3,836738725,0,0,0,439,2937                           
2026-10-06T20:32:18.091	TEL,2192,S3,836748725,0,0,0,439,2937                           
2026-10-06T20:32:18.091	TEL,2193,S3,836758725,0,0,0,439,2937                           
2026-10-06T20:32:18.091	TEL,2194,S3,836768725,0,0,0,451,2937                           
2026-10-06T20:32:18.091	TEL,2195,S3,836778725,0,0,0,442,2928                           
2026-10-06T20:32:18.091	TEL,2196,S3,836788725,0,0,0,445,2928                           
2026-10-06T20:32:18.091	TEL,2197,S3,836798725,0,0,0,448,2932                           
2026-10-06T20:32:18.091	TEL,2198,S3,836808725,0,0,0,442,2932                           
2026-10-06T20:32:18.091	TEL,2199,S3,836818725,0,0,0,433,2925                           
2026-10-06T20:32:18.091	TEL,2200,S3,836828725,0,0,0,428,2925                           
2026-10-06T20:32:18.091	TEL,2201,S3,836838725,0,0,0,433,2932                           
2026-10-06T20:32:18.091	TEL,2202,S3,836848725,0,0,0,442,2932                           
2026-10-06T20:32:18.091	TEL,2203,S3,836858725,0,0,0,436,2925                           
2026-10-06T20:32:18.091	TEL,2204,S3,836868725,0,0,0,430,2925                           
2026-10-06T20:32:18.091	TEL,2205,S3,836878725,0,0,0,433,2927                           
2026-10-06T20:32:18.091	TEL,2206,S3,836888725,0,0,0,428,2927                           
2026-10-06T20:32:18.702	TEL,2207,S3,836898725,0,0,0,442,2941                           
2026-10-06T20:32:18.702	TEL,2208,S3,836908725,0,0,0,442,2941                           
2026-10-06T20:32:18.702	TEL,2209,S3,836918725,0,0,0,433,2932                           
2026-10-06T20:32:18.702	TEL,2210,S3,836928725,0,0,0,442,2932                           
2026-10-06T20:32:18.702	TEL,2211,S3,836938725,0,0,0,436,2928                           
2026-10-06T20:32:18.702	TEL,2212,S3,836948725,0,0,0,436,2928                           
2026-10-06T20:32:18.702	TEL,2213,S3,836958725,0,0,0,433,2925                           
2026-10-06T20:32:18.702	TEL,2214,S3,836968725,0,0,0,445,2925                           
2026-10-06T20:32:18.702	TEL,2215,S3,836978725,0,0,0,445,2925                           
2026-10-06T20:32:18.702	TEL,2216,S3,836988725,0,0,0,428,2925                           
2026-10-06T20:32:18.702	TEL,2217,S3,836998725,0,0,0,433,2932                           
2026-10-06T20:32:18.702	TEL,2218,S3,837008725,0,0,0,442,2932                           
2026-10-06T20:32:18.702	TEL,2219,S3,837018725,0,0,0,436,2928                           
2026-10-06T20:32:18.702	BTN,26,S3,PRESSED,837020002,837020009                          
2026-10-06T20:32:18.702	TEL,2220,S3,837028725,0,0,0,439,2928                           
2026-10-06T20:32:18.702	TEL,2221,S3,837038725,0,0,0,445,2933                           
2026-10-06T20:32:18.702	TEL,2222,S3,837048725,0,0,0,442,2933                           
2026-10-06T20:32:18.702	TEL,2223,S3,837058725,0,0,0,436,2928                           
2026-10-06T20:32:18.702	TEL,2224,S3,837068725,0,0,0,436,2928                           
2026-10-06T20:32:18.702	TEL,2225,S3,837078725,0,0,0,442,2937                           
2026-10-06T20:32:18.702	TEL,2226,S3,837088725,0,0,0,436,2937                           
2026-10-06T20:32:18.702	TEL,2227,S3,837098725,0,0,0,436,2937                           
2026-10-06T20:32:18.702	TEL,2228,S3,837108725,0,0,0,442,2937                           
2026-10-06T20:32:18.702	TEL,2229,S3,837118725,0,0,0,439,2932                           
2026-10-06T20:32:18.702	TEL,2230,S3,837128725,0,0,0,433,2932                           
2026-10-06T20:32:18.702	TEL,2231,S3,837138725,0,0,0,433,2932                           
2026-10-06T20:32:18.702	TEL,2232,S3,837148725,0,0,0,433,2932                           
2026-10-06T20:32:18.702	TEL,2233,S3,837158725,0,0,0,433,2933                           
2026-10-06T20:32:18.702	TEL,2234,S3,837168725,0,0,0,439,2933                           
2026-10-06T20:32:18.702	TEL,2235,S3,837178725,0,0,0,448,2941                           
2026-10-06T20:32:18.702	TEL,2236,S3,837188725,0,0,0,448,2941                           
2026-10-06T20:32:18.702	TEL,2237,S3,837198725,0,0,0,439,2932                           
2026-10-06T20:32:18.702	TEL,2238,S3,837208725,0,0,0,439,2932                           
2026-10-06T20:32:18.702	TEL,2239,S3,837218725,0,0,0,436,2928                           
2026-10-06T20:32:18.702	TEL,2240,S3,837228725,0,0,0,442,2928                           
2026-10-06T20:32:18.702	TEL,2241,S3,837238725,0,0,0,451,2937                           
2026-10-06T20:32:18.702	TEL,2242,S3,837248725,0,0,0,442,2937                           
2026-10-06T20:32:18.702	TEL,2243,S3,837258725,0,0,0,436,2932                           
2026-10-06T20:32:18.702	TEL,2244,S3,837268725,0,0,0,439,2932                           
2026-10-06T20:32:18.702	TEL,2245,S3,837278725,0,0,0,439,2932                           
2026-10-06T20:32:18.702	TEL,2246,S3,837288725,0,0,0,433,2932                           
2026-10-06T20:32:18.702	TEL,2247,S3,837298725,0,0,0,428,2925                           
2026-10-06T20:32:18.702	TEL,2248,S3,837308725,0,0,0,433,2925                           
2026-10-06T20:32:18.702	TEL,2249,S3,837318725,0,0,0,442,2932                           
2026-10-06T20:32:18.702	TEL,2250,S3,837328725,0,0,0,430,2932                           
2026-10-06T20:32:18.702	TEL,2251,S3,837338725,0,0,0,428,2928                           
2026-10-06T20:32:18.702	TEL,2252,S3,837348725,0,0,0,430,2928                           
2026-10-06T20:32:18.702	TEL,2253,S3,837358725,0,0,0,430,2928                           
2026-10-06T20:32:18.702	TEL,2254,S3,837368725,0,0,0,430,2928                           
2026-10-06T20:32:18.702	TEL,2255,S3,837378725,0,0,0,439,2937                           
2026-10-06T20:32:18.702	TEL,2256,S3,837388725,0,0,0,439,2937                           
2026-10-06T20:32:18.702	TEL,2257,S3,837398725,0,0,0,430,2928                           
2026-10-06T20:32:18.702	TEL,2258,S3,837408725,0,0,0,430,2928                           
2026-10-06T20:32:18.702	TEL,2259,S3,837418725,0,0,0,430,2928                           
2026-10-06T20:32:18.702	TEL,2260,S3,837428725,0,0,0,430,2928                           
2026-10-06T20:32:18.702	TEL,2261,S3,837438725,0,0,0,439,2937                           
2026-10-06T20:32:18.702	TEL,2262,S3,837448725,0,0,0,439,2937                           
2026-10-06T20:32:18.702	TEL,2263,S3,837458725,0,0,0,439,2939                           
2026-10-06T20:32:18.702	TEL,2264,S3,837468725,0,0,0,436,2939                           
2026-10-06T20:32:18.702	TEL,2265,S3,837478725,0,0,0,430,2932                           
2026-10-06T20:32:18.702	TEL,2266,S3,837488725,0,0,0,433,2932                           
2026-10-06T20:32:18.702	TEL,2267,S3,837498725,0,0,0,428,2925                           
2026-10-06T20:32:19.312	TEL,2268,S3,837508725,0,0,0,442,2925                           
2026-10-06T20:32:19.312	TEL,2269,S3,837518725,0,0,0,445,2928                           
2026-10-06T20:32:19.312	TEL,2270,S3,837528725,0,0,0,430,2928                           
2026-10-06T20:32:19.312	TEL,2271,S3,837538725,0,0,0,428,2927                           
2026-10-06T20:32:19.312	TEL,2272,S3,837548725,0,0,0,428,2927                           
2026-10-06T20:32:19.312	TEL,2273,S3,837558725,0,0,0,439,2937                           
2026-10-06T20:32:19.312	TEL,2274,S3,837568725,0,0,0,436,2937                           
2026-10-06T20:32:19.312	TEL,2275,S3,837578725,0,0,0,430,2932                           
2026-10-06T20:32:19.312	TEL,2276,S3,837588725,0,0,0,428,2932                           
2026-10-06T20:32:19.312	TEL,2277,S3,837598725,0,0,0,433,2937                           
2026-10-06T20:32:19.312	TEL,2278,S3,837608725,0,0,0,445,2937                           
2026-10-06T20:32:19.312	TEL,2279,S3,837618725,0,0,0,442,2932                           
2026-10-06T20:32:19.312	TEL,2280,S3,837628725,0,0,0,439,2932                           
2026-10-06T20:32:19.312	TEL,2281,S3,837638725,0,0,0,439,2932                           
2026-10-06T20:32:19.312	TEL,2282,S3,837648725,0,0,0,433,2932                           
2026-10-06T20:32:19.312	TEL,2283,S3,837658725,0,0,0,439,2937                           
2026-10-06T20:32:19.312	TEL,2284,S3,837668725,0,0,0,442,2937                           
2026-10-06T20:32:19.312	TEL,2285,S3,837678725,0,0,0,433,2928                           
2026-10-06T20:32:19.312	TEL,2286,S3,837688725,0,0,0,433,2928                           
2026-10-06T20:32:19.312	TEL,2287,S3,837698725,0,0,0,433,2928                           
2026-10-06T20:32:19.312	TEL,2288,S3,837708725,0,0,0,430,2928                           
2026-10-06T20:32:19.312	TEL,2289,S3,837718725,0,0,0,439,2937                           
2026-10-06T20:32:19.312	TEL,2290,S3,837728725,0,0,0,445,2937                           
2026-10-06T20:32:19.312	TEL,2291,S3,837738725,0,0,0,445,2937                           
2026-10-06T20:32:19.312	TEL,2292,S3,837748725,0,0,0,436,2937                           
2026-10-06T20:32:19.312	BTN,27,S3,PRESSED,837752007,837752015                          
2026-10-06T20:32:19.312	TEL,2293,S3,837758725,0,0,0,433,2933                           
2026-10-06T20:32:19.312	TEL,2294,S3,837768725,0,0,0,433,2933                           
2026-10-06T20:32:19.312	TEL,2295,S3,837778725,0,0,0,433,2932                           
2026-10-06T20:32:19.312	TEL,2296,S3,837788725,0,0,0,422,2932                           
2026-10-06T20:32:19.312	TEL,2297,S3,837798725,0,0,0,419,2928                           
2026-10-06T20:32:19.312	TEL,2298,S3,837808725,0,0,0,428,2928                           
2026-10-06T20:32:19.312	TEL,2299,S3,837818725,0,0,0,430,2932                           
2026-10-06T20:32:19.312	TEL,2300,S3,837828725,0,0,0,430,2932                           
2026-10-06T20:32:19.312	TEL,2301,S3,837838725,0,0,0,428,2928                           
2026-10-06T20:32:19.312	TEL,2302,S3,837848725,0,0,0,436,2928                           
2026-10-06T20:32:19.312	TEL,2303,S3,837858725,0,0,0,442,2935                           
2026-10-06T20:32:19.312	TEL,2304,S3,837868725,0,0,0,436,2935                           
2026-10-06T20:32:19.312	TEL,2305,S3,837878725,0,0,0,430,2928                           
2026-10-06T20:32:19.312	TEL,2306,S3,837888725,0,0,0,433,2928                           
2026-10-06T20:32:19.312	TEL,2307,S3,837898725,0,0,0,436,2932                           
2026-10-06T20:32:19.312	TEL,2308,S3,837908725,0,0,0,442,2932                           
2026-10-06T20:32:19.312	TEL,2309,S3,837918725,0,0,0,439,2928                           
2026-10-06T20:32:19.312	TEL,2310,S3,837928725,0,0,0,436,2928                           
2026-10-06T20:32:19.312	TEL,2311,S3,837938725,0,0,0,433,2925                           
2026-10-06T20:32:19.312	TEL,2312,S3,837948725,0,0,0,428,2925                           
2026-10-06T20:32:19.312	TEL,2313,S3,837958725,0,0,0,430,2928                           
2026-10-06T20:32:19.312	TEL,2314,S3,837968725,0,0,0,436,2928                           
2026-10-06T20:32:19.312	TEL,2315,S3,837978725,0,0,0,442,2932                           
2026-10-06T20:32:19.312	TEL,2316,S3,837988725,0,0,0,445,2932                           
2026-10-06T20:32:19.312	TEL,2317,S3,837998725,0,0,0,442,2928                           
2026-10-06T20:32:19.312	TEL,2318,S3,838008725,0,0,0,436,2928                           
2026-10-06T20:32:19.312	TEL,2319,S3,838018725,0,0,0,433,2925                           
2026-10-06T20:32:19.312	TEL,2320,S3,838028725,0,0,0,430,2925                           
2026-10-06T20:32:19.312	TEL,2321,S3,838038725,0,0,0,442,2937                           
2026-10-06T20:32:19.312	TEL,2322,S3,838048725,0,0,0,439,2937                           
2026-10-06T20:32:19.312	TEL,2323,S3,838058725,0,0,0,439,2937                           
2026-10-06T20:32:19.312	TEL,2324,S3,838068725,0,0,0,439,2937                           
2026-10-06T20:32:19.312	TEL,2325,S3,838078725,0,0,0,439,2937                           
2026-10-06T20:32:19.312	TEL,2326,S3,838088725,0,0,0,442,2937                           
2026-10-06T20:32:19.312	TEL,2327,S3,838098725,0,0,0,436,2930                           
2026-10-06T20:32:19.312	TEL,2328,S3,838108725,0,0,0,439,2930                           
2026-10-06T20:32:19.922	TEL,2329,S3,838118725,0,0,0,442,2932                           
2026-10-06T20:32:19.922	TEL,2330,S3,838128725,0,0,0,430,2932                           
2026-10-06T20:32:19.922	TEL,2331,S3,838138725,0,0,0,428,2928                           
2026-10-06T20:32:19.922	TEL,2332,S3,838148725,0,0,0,430,2928                           
2026-10-06T20:32:19.922	TEL,2333,S3,838158725,0,0,0,433,2932                           
2026-10-06T20:32:19.922	TEL,2334,S3,838168725,0,0,0,439,2932                           
2026-10-06T20:32:19.922	TEL,2335,S3,838178725,0,0,0,436,2928                           
2026-10-06T20:32:19.922	TEL,2336,S3,838188725,0,0,0,430,2928                           
2026-10-06T20:32:19.922	TEL,2337,S3,838198725,0,0,0,433,2933                           
2026-10-06T20:32:19.922	TEL,2338,S3,838208725,0,0,0,448,2933                           
2026-10-06T20:32:19.922	TEL,2339,S3,838218725,0,0,0,439,2925                           
2026-10-06T20:32:19.922	TEL,2340,S3,838228725,0,0,0,428,2925                           
2026-10-06T20:32:19.922	TEL,2341,S3,838238725,0,0,0,428,2925                           
2026-10-06T20:32:19.922	TEL,2342,S3,838248725,0,0,0,428,2925                           
2026-10-06T20:32:19.922	TEL,2343,S3,838258725,0,0,0,428,2927                           
2026-10-06T20:32:19.922	TEL,2344,S3,838268725,0,0,0,436,2927                           
2026-10-06T20:32:19.922	TEL,2345,S3,838278725,0,0,0,436,2928                           
2026-10-06T20:32:19.922	TEL,2346,S3,838288725,0,0,0,436,2928                           
2026-10-06T20:32:19.922	TEL,2347,S3,838298725,0,0,0,445,2935                           
2026-10-06T20:32:19.922	TEL,2348,S3,838308725,0,0,0,436,2935                           
2026-10-06T20:32:19.922	TEL,2349,S3,838318725,0,0,0,439,2937                           
2026-10-06T20:32:19.922	TEL,2350,S3,838328725,0,0,0,436,2937                           
2026-10-06T20:32:19.922	TEL,2351,S3,838338725,0,0,0,430,2932                           
2026-10-06T20:32:19.922	TEL,2352,S3,838348725,0,0,0,436,2932                           
2026-10-06T20:32:19.922	TEL,2353,S3,838358725,0,0,0,433,2928                           
2026-10-06T20:32:19.922	TEL,2354,S3,838368725,0,0,0,445,2928                           
2026-10-06T20:32:19.922	TEL,2355,S3,838378725,0,0,0,454,2937                           
2026-10-06T20:32:19.922	TEL,2356,S3,838388725,0,0,0,442,2937                           
2026-10-06T20:32:19.922	TEL,2357,S3,838398725,0,0,0,436,2933                           
2026-10-06T20:32:19.922	TEL,2358,S3,838408725,0,0,0,425,2933                           
2026-10-06T20:32:19.922	TEL,2359,S3,838418725,0,0,0,422,2932                           
2026-10-06T20:32:19.922	TEL,2360,S3,838428725,0,0,0,442,2932                           
2026-10-06T20:32:19.922	TEL,2361,S3,838438725,0,0,0,445,2937                           
2026-10-06T20:32:19.922	TEL,2362,S3,838448725,0,0,0,445,2937                           
2026-10-06T20:32:19.922	TEL,2363,S3,838458725,0,0,0,442,2932                           
2026-10-06T20:32:19.922	TEL,2364,S3,838468725,0,0,0,445,2932                           
2026-10-06T20:32:19.922	TEL,2365,S3,838478725,0,0,0,442,2928                           
2026-10-06T20:32:19.922	TEL,2366,S3,838488725,0,0,0,436,2928                           
2026-10-06T20:32:19.922	TEL,2367,S3,838498725,0,0,0,442,2932                           
2026-10-06T20:32:19.922	TEL,2368,S3,838508725,0,0,0,442,2932                           
2026-10-06T20:32:19.922	TEL,2369,S3,838518725,0,0,0,439,2928                           
2026-10-06T20:32:19.922	BTN,28,S3,PRESSED,838524013,838524020                          
2026-10-06T20:32:19.922	TEL,2370,S3,838528725,0,0,0,433,2928                           
2026-10-06T20:32:19.922	TEL,2371,S3,838538725,0,0,0,436,2932                           
2026-10-06T20:32:19.922	TEL,2372,S3,838548725,0,0,0,433,2932                           
2026-10-06T20:32:19.922	TEL,2373,S3,838558725,0,0,0,433,2933                           
2026-10-06T20:32:19.922	TEL,2374,S3,838568725,0,0,0,433,2933                           
2026-10-06T20:32:19.922	TEL,2375,S3,838578725,0,0,0,439,2937                           
2026-10-06T20:32:19.922	TEL,2376,S3,838588725,0,0,0,445,2937                           
2026-10-06T20:32:19.922	TEL,2377,S3,838598725,0,0,0,436,2928                           
2026-10-06T20:32:19.922	TEL,2378,S3,838608725,0,0,0,428,2928                           
2026-10-06T20:32:19.922	TEL,2379,S3,838618725,0,0,0,428,2928                           
2026-10-06T20:32:19.922	TEL,2380,S3,838628725,0,0,0,430,2928                           
2026-10-06T20:32:19.922	TEL,2381,S3,838638725,0,0,0,428,2925                           
2026-10-06T20:32:19.922	TEL,2382,S3,838648725,0,0,0,425,2925                           
2026-10-06T20:32:19.922	TEL,2383,S3,838658725,0,0,0,428,2928                           
2026-10-06T20:32:19.922	TEL,2384,S3,838668725,0,0,0,428,2928                           
2026-10-06T20:32:19.922	TEL,2385,S3,838678725,0,0,0,430,2932                           
2026-10-06T20:32:19.922	TEL,2386,S3,838688725,0,0,0,433,2932                           
2026-10-06T20:32:19.922	TEL,2387,S3,838698725,0,0,0,439,2937                           
2026-10-06T20:32:19.922	TEL,2388,S3,838708725,0,0,0,442,2937                           
2026-10-06T20:32:19.922	TEL,2389,S3,838718725,0,0,0,433,2928                           
2026-10-06T20:32:20.531	TEL,2390,S3,838728725,0,0,0,430,2928                           
2026-10-06T20:32:20.531	TEL,2391,S3,838738725,0,0,0,430,2928                           
2026-10-06T20:32:20.531	TEL,2392,S3,838748725,0,0,0,436,2928                           
2026-10-06T20:32:20.531	TEL,2393,S3,838758725,0,0,0,442,2932                           
2026-10-06T20:32:20.531	TEL,2394,S3,838768725,0,0,0,430,2932                           
2026-10-06T20:32:20.531	TEL,2395,S3,838778725,0,0,0,428,2928                           
2026-10-06T20:32:20.531	TEL,2396,S3,838788725,0,0,0,430,2928                           
2026-10-06T20:32:20.531	TEL,2397,S3,838798725,0,0,0,439,2937                           
2026-10-06T20:32:20.531	TEL,2398,S3,838808725,0,0,0,454,2937                           
2026-10-06T20:32:20.531	TEL,2399,S3,838818725,0,0,0,454,2937                           
2026-10-06T20:32:20.531	TEL,2400,S3,838828725,0,0,0,433,2937                           
2026-10-06T20:32:20.531	TEL,2401,S3,838838725,0,0,0,422,2925                           
2026-10-06T20:32:20.531	TEL,2402,S3,838848725,0,0,0,433,2925                           
2026-10-06T20:32:20.531	TEL,2403,S3,838858725,0,0,0,436,2928                           
2026-10-06T20:32:20.531	TEL,2404,S3,838868725,0,0,0,442,2928                           
2026-10-06T20:32:20.531	TEL,2405,S3,838878725,0,0,0,442,2928                           
2026-10-06T20:32:20.531	TEL,2406,S3,838888725,0,0,0,430,2928                           
2026-10-06T20:32:20.531	TEL,2407,S3,838898725,0,0,0,433,2932                           
2026-10-06T20:32:20.531	TEL,2408,S3,838908725,0,0,0,439,2932                           
2026-10-06T20:32:20.531	TEL,2409,S3,838918725,0,0,0,439,2932                           
2026-10-06T20:32:20.531	TEL,2410,S3,838928725,0,0,0,425,2932                           
2026-10-06T20:32:20.531	TEL,2411,S3,838938725,0,0,0,425,2932                           
2026-10-06T20:32:20.531	TEL,2412,S3,838948725,0,0,0,433,2932                           
2026-10-06T20:32:20.531	TEL,2413,S3,838958725,0,0,0,430,2928                           
2026-10-06T20:32:20.531	TEL,2414,S3,838968725,0,0,0,430,2928                           
2026-10-06T20:32:20.531	TEL,2415,S3,838978725,0,0,0,430,2928                           
2026-10-06T20:32:20.531	TEL,2416,S3,838988725,0,0,0,436,2928                           
2026-10-06T20:32:20.531	TEL,2417,S3,838998725,0,0,0,445,2937                           
2026-10-06T20:32:20.531	TEL,2418,S3,839008725,0,0,0,436,2937                           
2026-10-06T20:32:20.531	TEL,2419,S3,839018725,0,0,0,436,2937                           
2026-10-06T20:32:20.531	TEL,2420,S3,839028725,0,0,0,433,2937                           
2026-10-06T20:32:20.531	TEL,2421,S3,839038725,0,0,0,425,2928                           
2026-10-06T20:32:20.531	TEL,2422,S3,839048725,0,0,0,428,2928                           
2026-10-06T20:32:20.531	TEL,2423,S3,839058725,0,0,0,430,2932                           
2026-10-06T20:32:20.531	TEL,2424,S3,839068725,0,0,0,439,2932                           
2026-10-06T20:32:20.531	TEL,2425,S3,839078725,0,0,0,436,2930                           
2026-10-06T20:32:20.531	TEL,2426,S3,839088725,0,0,0,439,2930                           
2026-10-06T20:32:20.531	TEL,2427,S3,839098725,0,0,0,436,2928                           
2026-10-06T20:32:20.531	TEL,2428,S3,839108725,0,0,0,430,2928                           
2026-10-06T20:32:20.531	TEL,2429,S3,839118725,0,0,0,439,2939                           
2026-10-06T20:32:20.531	TEL,2430,S3,839128725,0,0,0,439,2939                           
2026-10-06T20:32:20.531	TEL,2431,S3,839138725,0,0,0,439,2937                           
2026-10-06T20:32:20.531	TEL,2432,S3,839148725,0,0,0,439,2937                           
2026-10-06T20:32:20.531	TEL,2433,S3,839158725,0,0,0,439,2937                           
2026-10-06T20:32:20.531	TEL,2434,S3,839168725,0,0,0,445,2937                           
2026-10-06T20:32:20.531	TEL,2435,S3,839178725,0,0,0,445,2937                           
2026-10-06T20:32:20.531	TEL,2436,S3,839188725,0,0,0,454,2937                           
2026-10-06T20:32:20.531	TEL,2437,S3,839198725,0,0,0,451,2933                           
2026-10-06T20:32:20.531	TEL,2438,S3,839208725,0,0,0,433,2933                           
2026-10-06T20:32:20.531	BTN,29,S3,PRESSED,839217018,839217026                          
2026-10-06T20:32:20.531	TEL,2439,S3,839218725,0,0,0,428,2925                           
2026-10-06T20:32:20.531	TEL,2440,S3,839228725,0,0,0,419,2925                           
2026-10-06T20:32:20.531	TEL,2441,S3,839238725,0,0,0,428,2935                           
2026-10-06T20:32:20.531	TEL,2442,S3,839248725,0,0,0,439,2935                           
2026-10-06T20:32:20.531	TEL,2443,S3,839258725,0,0,0,442,2937                           
2026-10-06T20:32:20.531	TEL,2444,S3,839268725,0,0,0,448,2937                           
2026-10-06T20:32:20.531	TEL,2445,S3,839278725,0,0,0,442,2932                           
2026-10-06T20:32:20.531	TEL,2446,S3,839288725,0,0,0,442,2932                           
2026-10-06T20:32:20.531	TEL,2447,S3,839298725,0,0,0,445,2937                           
2026-10-06T20:32:20.531	TEL,2448,S3,839308725,0,0,0,439,2937                           
2026-10-06T20:32:20.531	TEL,2449,S3,839318725,0,0,0,430,2928                           
2026-10-06T20:32:20.531	TEL,2450,S3,839328725,0,0,0,430,2928                           
2026-10-06T20:32:21.141	TEL,2451,S3,839338725,0,0,0,430,2930                           
2026-10-06T20:32:21.141	TEL,2452,S3,839348725,0,0,0,439,2930                           
2026-10-06T20:32:21.141	TEL,2453,S3,839358725,0,0,0,445,2937                           
2026-10-06T20:32:21.141	TEL,2454,S3,839368725,0,0,0,442,2937                           
2026-10-06T20:32:21.141	TEL,2455,S3,839378725,0,0,0,442,2935                           
2026-10-06T20:32:21.141	TEL,2456,S3,839388725,0,0,0,436,2935                           
2026-10-06T20:32:21.141	TEL,2457,S3,839398725,0,0,0,439,2937                           
2026-10-06T20:32:21.141	TEL,2458,S3,839408725,0,0,0,439,2937                           
2026-10-06T20:32:21.141	TEL,2459,S3,839418725,0,0,0,439,2937                           
2026-10-06T20:32:21.141	TEL,2460,S3,839428725,0,0,0,439,2937                           
2026-10-06T20:32:21.141	TEL,2461,S3,839438725,0,0,0,439,2937                           
2026-10-06T20:32:21.141	TEL,2462,S3,839448725,0,0,0,428,2937                           
2026-10-06T20:32:21.141	TEL,2463,S3,839458725,0,0,0,419,2928                           
2026-10-06T20:32:21.141	TEL,2464,S3,839468725,0,0,0,430,2928                           
2026-10-06T20:32:21.141	TEL,2465,S3,839478725,0,0,0,433,2932                           
2026-10-06T20:32:21.141	TEL,2466,S3,839488725,0,0,0,442,2932                           
2026-10-06T20:32:21.141	TEL,2467,S3,839498725,0,0,0,442,2932                           
2026-10-06T20:32:21.141	TEL,2468,S3,839508725,0,0,0,436,2932                           
2026-10-06T20:32:21.141	TEL,2469,S3,839518725,0,0,0,433,2928                           
2026-10-06T20:32:21.141	TEL,2470,S3,839528725,0,0,0,430,2928                           
2026-10-06T20:32:21.141	TEL,2471,S3,839538725,0,0,0,439,2937                           
2026-10-06T20:32:21.141	TEL,2472,S3,839548725,0,0,0,445,2937                           
2026-10-06T20:32:21.141	TEL,2473,S3,839558725,0,0,0,442,2932                           
2026-10-06T20:32:21.141	TEL,2474,S3,839568725,0,0,0,448,2932                           
2026-10-06T20:32:21.141	TEL,2475,S3,839578725,0,0,0,445,2928                           
2026-10-06T20:32:21.141	TEL,2476,S3,839588725,0,0,0,442,2928                           
2026-10-06T20:32:21.141	TEL,2477,S3,839598725,0,0,0,451,2937                           
2026-10-06T20:32:21.141	TEL,2478,S3,839608725,0,0,0,445,2937                           
2026-10-06T20:32:21.141	TEL,2479,S3,839618725,0,0,0,442,2932                           
2026-10-06T20:32:21.141	TEL,2480,S3,839628725,0,0,0,442,2932                           
2026-10-06T20:32:21.141	TEL,2481,S3,839638725,0,0,0,442,2932                           
2026-10-06T20:32:21.141	TEL,2482,S3,839648725,0,0,0,442,2932                           
2026-10-06T20:32:21.141	TEL,2483,S3,839658725,0,0,0,442,2932                           
2026-10-06T20:32:21.141	TEL,2484,S3,839668725,0,0,0,433,2932                           
2026-10-06T20:32:21.141	TEL,2485,S3,839678725,0,0,0,433,2932                           
2026-10-06T20:32:21.141	TEL,2486,S3,839688725,0,0,0,436,2932                           
2026-10-06T20:32:21.141	TEL,2487,S3,839698725,0,0,0,433,2928                           
2026-10-06T20:32:21.141	TEL,2488,S3,839708725,0,0,0,425,2928                           
2026-10-06T20:32:21.141	TEL,2489,S3,839718725,0,0,0,425,2928                           
2026-10-06T20:32:21.141	TEL,2490,S3,839728725,0,0,0,430,2928                           
2026-10-06T20:32:21.141	TEL,2491,S3,839738725,0,0,0,430,2928                           
2026-10-06T20:32:21.141	TEL,2492,S3,839748725,0,0,0,430,2928                           
2026-10-06T20:32:21.141	TEL,2493,S3,839758725,0,0,0,430,2928                           
2026-10-06T20:32:21.141	TEL,2494,S3,839768725,0,0,0,430,2928                           
2026-10-06T20:32:21.141	TEL,2495,S3,839778725,0,0,0,430,2928                           
2026-10-06T20:32:21.141	TEL,2496,S3,839788725,0,0,0,430,2928                           
2026-10-06T20:32:21.141	TEL,2497,S3,839798725,0,0,0,430,2928                           
2026-10-06T20:32:21.141	TEL,2498,S3,839808725,0,0,0,430,2928                           
2026-10-06T20:32:21.141	TEL,2499,S3,839818725,0,0,0,430,2930                           
2026-10-06T20:32:21.141	TEL,2500,S3,839828725,0,0,0,430,2930                           
2026-10-06T20:32:21.141	BTN,30,S3,PRESSED,839830024,839830031                          
2026-10-06T20:32:21.141	TEL,2501,S3,839838725,0,0,0,439,2937                           
2026-10-06T20:32:21.141	TEL,2502,S3,839848725,0,0,0,442,2937                           
2026-10-06T20:32:21.141	TEL,2503,S3,839858725,0,0,0,433,2928                           
2026-10-06T20:32:21.141	TEL,2504,S3,839868725,0,0,0,430,2928                           
2026-10-06T20:32:21.141	TEL,2505,S3,839878725,0,0,0,433,2932                           
2026-10-06T20:32:21.141	TEL,2506,S3,839888725,0,0,0,439,2932                           
2026-10-06T20:32:21.141	TEL,2507,S3,839898725,0,0,0,442,2937                           
2026-10-06T20:32:21.141	TEL,2508,S3,839908725,0,0,0,445,2937                           
2026-10-06T20:32:21.141	TEL,2509,S3,839918725,0,0,0,442,2932                           
2026-10-06T20:32:21.141	TEL,2510,S3,839928725,0,0,0,425,2932                           
2026-10-06T20:32:21.141	TEL,2511,S3,839938725,0,0,0,425,2932                           
2026-10-06T20:32:21.750	TEL,2512,S3,839948725,0,0,0,442,2932                           
2026-10-06T20:32:21.750	TEL,2513,S3,839958725,0,0,0,436,2923                           
2026-10-06T20:32:21.750	TEL,2514,S3,839968725,0,0,0,425,2923                           
2026-10-06T20:32:21.750	TEL,2515,S3,839978725,0,0,0,433,2932                           
2026-10-06T20:32:21.750	TEL,2516,S3,839988725,0,0,0,442,2932                           
2026-10-06T20:32:21.750	TEL,2517,S3,839998725,0,0,0,436,2928                           
2026-10-06T20:32:21.750	TEL,2518,S3,840008725,0,0,0,425,2928                           
2026-10-06T20:32:21.750	TEL,2519,S3,840018725,0,0,0,425,2928                           
2026-10-06T20:32:21.750	TEL,2520,S3,840028725,0,0,0,433,2928                           
2026-10-06T20:32:21.750	TEL,2521,S3,840038725,0,0,0,436,2932                           
2026-10-06T20:32:21.750	TEL,2522,S3,840048725,0,0,0,433,2932                           
2026-10-06T20:32:21.750	TEL,2523,S3,840058725,0,0,0,430,2928                           
2026-10-06T20:32:21.750	TEL,2524,S3,840068725,0,0,0,428,2928                           
2026-10-06T20:32:21.750	TEL,2525,S3,840078725,0,0,0,425,2927                           
2026-10-06T20:32:21.750	TEL,2526,S3,840088725,0,0,0,442,2927                           
2026-10-06T20:32:21.750	TEL,2527,S3,840098725,0,0,0,439,2925                           
2026-10-06T20:32:21.750	TEL,2528,S3,840108725,0,0,0,428,2925                           
2026-10-06T20:32:21.751	TEL,2529,S3,840118725,0,0,0,428,2925                           
2026-10-06T20:32:21.751	TEL,2530,S3,840128725,0,0,0,428,2925                           
2026-10-06T20:32:21.751	TEL,2531,S3,840138725,0,0,0,439,2937                           
2026-10-06T20:32:21.751	TEL,2532,S3,840148725,0,0,0,451,2937                           
2026-10-06T20:32:21.751	TEL,2533,S3,840158725,0,0,0,451,2937                           
2026-10-06T20:32:21.751	TEL,2534,S3,840168725,0,0,0,442,2937                           
2026-10-06T20:32:21.751	TEL,2535,S3,840178725,0,0,0,436,2932                           
2026-10-06T20:32:21.751	TEL,2536,S3,840188725,0,0,0,433,2932                           
2026-10-06T20:32:21.751	TEL,2537,S3,840198725,0,0,0,433,2933                           
2026-10-06T20:32:21.751	TEL,2538,S3,840208725,0,0,0,439,2933                           
2026-10-06T20:32:21.751	TEL,2539,S3,840218725,0,0,0,442,2937                           
2026-10-06T20:32:21.751	TEL,2540,S3,840228725,0,0,0,451,2937                           
2026-10-06T20:32:21.751	TEL,2541,S3,840238725,0,0,0,445,2932                           
2026-10-06T20:32:21.751	TEL,2542,S3,840248725,0,0,0,433,2932                           
2026-10-06T20:32:21.751	TEL,2543,S3,840258725,0,0,0,439,2937                           
2026-10-06T20:32:21.751	TEL,2544,S3,840268725,0,0,0,436,2937                           
2026-10-06T20:32:21.751	TEL,2545,S3,840278725,0,0,0,425,2925                           
2026-10-06T20:32:21.751	TEL,2546,S3,840288725,0,0,0,433,2925                           
2026-10-06T20:32:21.751	TEL,2547,S3,840298725,0,0,0,436,2928                           
2026-10-06T20:32:21.751	TEL,2548,S3,840308725,0,0,0,430,2928                           
2026-10-06T20:32:21.751	TEL,2549,S3,840318725,0,0,0,433,2933                           
2026-10-06T20:32:21.751	TEL,2550,S3,840328725,0,0,0,442,2933                           
2026-10-06T20:32:21.751	TEL,2551,S3,840338725,0,0,0,439,2930                           
2026-10-06T20:32:21.751	TEL,2552,S3,840348725,0,0,0,433,2930                           
2026-10-06T20:32:21.751	TEL,2553,S3,840358725,0,0,0,436,2932                           
2026-10-06T20:32:21.751	TEL,2554,S3,840368725,0,0,0,442,2932                           
2026-10-06T20:32:21.751	TEL,2555,S3,840378725,0,0,0,442,2932                           
2026-10-06T20:32:21.751	TEL,2556,S3,840388725,0,0,0,433,2932                           
2026-10-06T20:32:21.751	TEL,2557,S3,840398725,0,0,0,439,2937                           
2026-10-06T20:32:21.751	TEL,2558,S3,840408725,0,0,0,442,2937                           
2026-10-06T20:32:21.751	TEL,2559,S3,840418725,0,0,0,442,2937                           
2026-10-06T20:32:21.751	TEL,2560,S3,840428725,0,0,0,445,2937                           
2026-10-06T20:32:21.751	BTN,31,S3,PRESSED,840437029,840437037                          
2026-10-06T20:32:21.751	TEL,2561,S3,840438725,0,0,0,442,2932                           
2026-10-06T20:32:21.751	TEL,2562,S3,840448725,0,0,0,428,2932                           
2026-10-06T20:32:21.751	TEL,2563,S3,840458725,0,0,0,433,2939                           
2026-10-06T20:32:21.751	TEL,2564,S3,840468725,0,0,0,436,2939                           
2026-10-06T20:32:21.751	TEL,2565,S3,840478725,0,0,0,428,2928                           
2026-10-06T20:32:21.751	TEL,2566,S3,840488725,0,0,0,433,2928                           
2026-10-06T20:32:21.751	TEL,2567,S3,840498725,0,0,0,436,2932                           
2026-10-06T20:32:21.751	TEL,2568,S3,840508725,0,0,0,433,2932                           
2026-10-06T20:32:21.751	TEL,2569,S3,840518725,0,0,0,430,2928                           
2026-10-06T20:32:21.751	TEL,2570,S3,840528725,0,0,0,430,2928                           
2026-10-06T20:32:21.751	TEL,2571,S3,840538725,0,0,0,430,2928                           
2026-10-06T20:32:21.751	TEL,2572,S3,840548725,0,0,0,430,2928                           
2026-10-06T20:32:22.361	TEL,2573,S3,840558725,0,0,0,433,2932                           
2026-10-06T20:32:22.361	TEL,2574,S3,840568725,0,0,0,442,2932                           
2026-10-06T20:32:22.361	TEL,2575,S3,840578725,0,0,0,442,2932                           
2026-10-06T20:32:22.361	TEL,2576,S3,840588725,0,0,0,430,2932                           
2026-10-06T20:32:22.361	TEL,2577,S3,840598725,0,0,0,425,2925                           
2026-10-06T20:32:22.361	TEL,2578,S3,840608725,0,0,0,430,2925                           
2026-10-06T20:32:22.361	TEL,2579,S3,840618725,0,0,0,436,2930                           
2026-10-06T20:32:22.361	TEL,2580,S3,840628725,0,0,0,439,2930                           
2026-10-06T20:32:22.361	TEL,2581,S3,840638725,0,0,0,442,2932                           
2026-10-06T20:32:22.361	TEL,2582,S3,840648725,0,0,0,442,2932                           
2026-10-06T20:32:22.361	TEL,2583,S3,840658725,0,0,0,436,2927                           
2026-10-06T20:32:22.361	TEL,2584,S3,840668725,0,0,0,428,2927                           
2026-10-06T20:32:22.361	TEL,2585,S3,840678725,0,0,0,430,2928                           
2026-10-06T20:32:22.361	TEL,2586,S3,840688725,0,0,0,428,2928                           
2026-10-06T20:32:22.361	TEL,2587,S3,840698725,0,0,0,428,2928                           
2026-10-06T20:32:22.361	TEL,2588,S3,840708725,0,0,0,430,2928                           
2026-10-06T20:32:22.361	TEL,2589,S3,840718725,0,0,0,433,2932                           
2026-10-06T20:32:22.361	TEL,2590,S3,840728725,0,0,0,433,2932                           
2026-10-06T20:32:22.361	TEL,2591,S3,840738725,0,0,0,430,2930                           
2026-10-06T20:32:22.361	TEL,2592,S3,840748725,0,0,0,439,2930                           
2026-10-06T20:32:22.361	TEL,2593,S3,840758725,0,0,0,436,2928                           
2026-10-06T20:32:22.361	TEL,2594,S3,840768725,0,0,0,436,2928                           
2026-10-06T20:32:22.361	TEL,2595,S3,840778725,0,0,0,436,2928                           
2026-10-06T20:32:22.361	TEL,2596,S3,840788725,0,0,0,430,2928                           
2026-10-06T20:32:22.361	TEL,2597,S3,840798725,0,0,0,430,2928                           
2026-10-06T20:32:22.361	TEL,2598,S3,840808725,0,0,0,428,2928                           
2026-10-06T20:32:22.361	TEL,2599,S3,840818725,0,0,0,428,2928                           
2026-10-06T20:32:22.361	TEL,2600,S3,840828725,0,0,0,439,2928                           
2026-10-06T20:32:22.361	TEL,2601,S3,840838725,0,0,0,451,2939                           
2026-10-06T20:32:22.361	TEL,2602,S3,840848725,0,0,0,436,2939                           
2026-10-06T20:32:22.361	TEL,2603,S3,840858725,0,0,0,436,2937                           
2026-10-06T20:32:22.361	TEL,2604,S3,840868725,0,0,0,448,2937                           
2026-10-06T20:32:22.361	TEL,2605,S3,840878725,0,0,0,439,2928                           
2026-10-06T20:32:22.361	TEL,2606,S3,840888725,0,0,0,430,2928                           
2026-10-06T20:32:22.361	TEL,2607,S3,840898725,0,0,0,433,2932                           
2026-10-06T20:32:22.361	TEL,2608,S3,840908725,0,0,0,442,2932                           
2026-10-06T20:32:22.361	TEL,2609,S3,840918725,0,0,0,445,2937                           
2026-10-06T20:32:22.361	TEL,2610,S3,840928725,0,0,0,436,2937                           
2026-10-06T20:32:22.361	TEL,2611,S3,840938725,0,0,0,425,2925                           
2026-10-06T20:32:22.361	TEL,2612,S3,840948725,0,0,0,433,2925                           
2026-10-06T20:32:22.361	TEL,2613,S3,840958725,0,0,0,436,2928                           
2026-10-06T20:32:22.361	TEL,2614,S3,840968725,0,0,0,436,2928                           
2026-10-06T20:32:22.361	TEL,2615,S3,840978725,0,0,0,442,2937                           
2026-10-06T20:32:22.361	TEL,2616,S3,840988725,0,0,0,439,2937                           
2026-10-06T20:32:22.361	TEL,2617,S3,840998725,0,0,0,433,2932                           
2026-10-06T20:32:22.361	TEL,2618,S3,841008725,0,0,0,433,2932                           
2026-10-06T20:32:22.361	TEL,2619,S3,841018725,0,0,0,442,2941                           
2026-10-06T20:32:22.361	TEL,2620,S3,841028725,0,0,0,439,2941                           
2026-10-06T20:32:22.361	TEL,2621,S3,841038725,0,0,0,436,2937                           
2026-10-06T20:32:22.361	TEL,2622,S3,841048725,0,0,0,442,2937                           
2026-10-06T20:32:22.361	TEL,2623,S3,841058725,0,0,0,442,2937                           
2026-10-06T20:32:22.361	BTN,32,S3,PRESSED,841062035,841062042                          
2026-10-06T20:32:22.361	TEL,2624,S3,841068725,0,0,0,436,2937                           
2026-10-06T20:32:22.361	TEL,2625,S3,841078725,0,0,0,430,2932                           
2026-10-06T20:32:22.361	TEL,2626,S3,841088725,0,0,0,433,2932                           
2026-10-06T20:32:22.361	TEL,2627,S3,841098725,0,0,0,433,2932                           
2026-10-06T20:32:22.361	TEL,2628,S3,841108725,0,0,0,425,2932                           
2026-10-06T20:32:22.361	TEL,2629,S3,841118725,0,0,0,430,2937                           
2026-10-06T20:32:22.361	TEL,2630,S3,841128725,0,0,0,454,2937                           
2026-10-06T20:32:22.361	TEL,2631,S3,841138725,0,0,0,448,2930                           
2026-10-06T20:32:22.361	TEL,2632,S3,841148725,0,0,0,436,2930                           
2026-10-06T20:32:22.361	TEL,2633,S3,841158725,0,0,0,433,2927                           
2026-10-06T20:32:22.981	TEL,2634,S3,841168725,0,0,0,428,2927                           
2026-10-06T20:32:22.981	TEL,2635,S3,841178725,0,0,0,430,2928                           
2026-10-06T20:32:22.981	TEL,2636,S3,841188725,0,0,0,442,2928                           
2026-10-06T20:32:22.981	TEL,2637,S3,841198725,0,0,0,445,2932                           
2026-10-06T20:32:22.981	TEL,2638,S3,841208725,0,0,0,442,2932                           
2026-10-06T20:32:22.981	TEL,2639,S3,841218725,0,0,0,442,2932                           
2026-10-06T20:32:22.981	TEL,2640,S3,841228725,0,0,0,436,2932                           
2026-10-06T20:32:22.981	TEL,2641,S3,841238725,0,0,0,436,2932                           
2026-10-06T20:32:22.981	TEL,2642,S3,841248725,0,0,0,439,2932                           
2026-10-06T20:32:22.981	TEL,2643,S3,841258725,0,0,0,442,2937                           
2026-10-06T20:32:22.981	TEL,2644,S3,841268725,0,0,0,439,2937                           
2026-10-06T20:32:22.981	TEL,2645,S3,841278725,0,0,0,439,2937                           
2026-10-06T20:32:22.981	TEL,2646,S3,841288725,0,0,0,448,2937                           
2026-10-06T20:32:22.981	TEL,2647,S3,841298725,0,0,0,442,2932                           
2026-10-06T20:32:22.981	TEL,2648,S3,841308725,0,0,0,433,2932                           
2026-10-06T20:32:22.981	TEL,2649,S3,841318725,0,0,0,433,2932                           
2026-10-06T20:32:22.981	TEL,2650,S3,841328725,0,0,0,448,2932                           
2026-10-06T20:32:22.981	TEL,2651,S3,841338725,0,0,0,445,2928                           
2026-10-06T20:32:22.981	TEL,2652,S3,841348725,0,0,0,428,2928                           
2026-10-06T20:32:22.981	TEL,2653,S3,841358725,0,0,0,425,2925                           
2026-10-06T20:32:22.981	TEL,2654,S3,841368725,0,0,0,428,2925                           
2026-10-06T20:32:22.981	TEL,2655,S3,841378725,0,0,0,430,2930                           
2026-10-06T20:32:22.981	TEL,2656,S3,841388725,0,0,0,430,2930                           
2026-10-06T20:32:22.981	TEL,2657,S3,841398725,0,0,0,433,2932                           
2026-10-06T20:32:22.981	TEL,2658,S3,841408725,0,0,0,433,2932                           
2026-10-06T20:32:22.981	TEL,2659,S3,841418725,0,0,0,439,2937                           
2026-10-06T20:32:22.981	TEL,2660,S3,841428725,0,0,0,436,2937                           
2026-10-06T20:32:22.981	TEL,2661,S3,841438725,0,0,0,428,2930                           
2026-10-06T20:32:22.981	TEL,2662,S3,841448725,0,0,0,430,2930                           
2026-10-06T20:32:22.981	TEL,2663,S3,841458725,0,0,0,433,2933                           
2026-10-06T20:32:22.981	TEL,2664,S3,841468725,0,0,0,448,2933                           
2026-10-06T20:32:22.981	TEL,2665,S3,841478725,0,0,0,445,2930                           
2026-10-06T20:32:22.981	TEL,2666,S3,841488725,0,0,0,439,2930                           
2026-10-06T20:32:22.981	TEL,2667,S3,841498725,0,0,0,433,2925                           
2026-10-06T20:32:22.981	TEL,2668,S3,841508725,0,0,0,433,2925                           
2026-10-06T20:32:22.981	TEL,2669,S3,841518725,0,0,0,442,2932                           
2026-10-06T20:32:22.981	TEL,2670,S3,841528725,0,0,0,436,2932                           
2026-10-06T20:32:22.981	TEL,2671,S3,841538725,0,0,0,442,2937                           
2026-10-06T20:32:22.981	TEL,2672,S3,841548725,0,0,0,439,2937                           
2026-10-06T20:32:22.981	TEL,2673,S3,841558725,0,0,0,439,2937                           
2026-10-06T20:32:22.981	TEL,2674,S3,841568725,0,0,0,439,2937                           
2026-10-06T20:32:22.981	TEL,2675,S3,841578725,0,0,0,430,2930                           
2026-10-06T20:32:22.981	TEL,2676,S3,841588725,0,0,0,425,2930                           
2026-10-06T20:32:22.981	TEL,2677,S3,841598725,0,0,0,430,2937                           
2026-10-06T20:32:22.981	TEL,2678,S3,841608725,0,0,0,442,2937                           
2026-10-06T20:32:22.981	TEL,2679,S3,841618725,0,0,0,436,2932                           
2026-10-06T20:32:22.981	TEL,2680,S3,841628725,0,0,0,445,2932                           
2026-10-06T20:32:22.981	TEL,2681,S3,841638725,0,0,0,445,2932                           
2026-10-06T20:32:22.981	TEL,2682,S3,841648725,0,0,0,442,2932                           
2026-10-06T20:32:22.981	TEL,2683,S3,841658725,0,0,0,442,2932                           
2026-10-06T20:32:22.981	TEL,2684,S3,841668725,0,0,0,430,2932                           
2026-10-06T20:32:22.981	TEL,2685,S3,841678725,0,0,0,436,2939                           
2026-10-06T20:32:22.981	TEL,2686,S3,841688725,0,0,0,436,2939                           
2026-10-06T20:32:22.981	TEL,2687,S3,841698725,0,0,0,436,2937                           
2026-10-06T20:32:22.981	TEL,2688,S3,841708725,0,0,0,442,2937                           
2026-10-06T20:32:22.981	TEL,2689,S3,841718725,0,0,0,442,2937                           
2026-10-06T20:32:22.981	TEL,2690,S3,841728725,0,0,0,445,2937                           
2026-10-06T20:32:22.981	TEL,2691,S3,841738725,0,0,0,439,2930                           
2026-10-06T20:32:22.981	TEL,2692,S3,841748725,0,0,0,430,2930                           
2026-10-06T20:32:22.981	TEL,2693,S3,841758725,0,0,0,433,2932                           
2026-10-06T20:32:22.981	TEL,2694,S3,841768725,0,0,0,442,2932                           
2026-10-06T20:32:22.981	TEL,2695,S3,841778725,0,0,0,442,2933                           
2026-10-06T20:32:23.591	TEL,2696,S3,841788725,0,0,0,442,2933                           
2026-10-06T20:32:23.591	TEL,2697,S3,841798725,0,0,0,442,2933                           
2026-10-06T20:32:23.591	TEL,2698,S3,841808725,0,0,0,433,2933                           
2026-10-06T20:32:23.591	TEL,2699,S3,841818725,0,0,0,439,2937                           
2026-10-06T20:32:23.591	TEL,2700,S3,841828725,0,0,0,439,2937                           
2026-10-06T20:32:23.591	TEL,2701,S3,841838725,0,0,0,436,2935                           
2026-10-06T20:32:23.591	TEL,2702,S3,841848725,0,0,0,433,2935                           
2026-10-06T20:32:23.591	TEL,2703,S3,841858725,0,0,0,430,2932                           
2026-10-06T20:32:23.591	TEL,2704,S3,841868725,0,0,0,442,2932                           
2026-10-06T20:32:23.591	TEL,2705,S3,841878725,0,0,0,442,2932                           
2026-10-06T20:32:23.591	TEL,2706,S3,841888725,0,0,0,442,2932                           
2026-10-06T20:32:23.591	TEL,2707,S3,841898725,0,0,0,439,2928                           
2026-10-06T20:32:23.591	TEL,2708,S3,841908725,0,0,0,436,2928                           
2026-10-06T20:32:23.591	TEL,2709,S3,841918725,0,0,0,436,2928                           
2026-10-06T20:32:23.591	TEL,2710,S3,841928725,0,0,0,425,2928                           
2026-10-06T20:32:23.591	TEL,2711,S3,841938725,0,0,0,425,2928                           
2026-10-06T20:32:23.591	TEL,2712,S3,841948725,0,0,0,430,2928                           
2026-10-06T20:32:23.591	BTN,33,S3,PRESSED,841950040,841950048                          
2026-10-06T20:32:23.591	TEL,2713,S3,841958725,0,0,0,428,2927                           
2026-10-06T20:32:23.591	TEL,2714,S3,841968725,0,0,0,430,2927                           
2026-10-06T20:32:23.591	TEL,2715,S3,841978725,0,0,0,433,2928                           
2026-10-06T20:32:23.591	TEL,2716,S3,841988725,0,0,0,436,2928                           
2026-10-06T20:32:23.591	TEL,2717,S3,841998725,0,0,0,436,2928                           
2026-10-06T20:32:23.591	TEL,2718,S3,842008725,0,0,0,436,2928                           
2026-10-06T20:32:23.591	TEL,2719,S3,842018725,0,0,0,436,2928                           
2026-10-06T20:32:23.591	TEL,2720,S3,842028725,0,0,0,430,2928                           
2026-10-06T20:32:23.591	TEL,2721,S3,842038725,0,0,0,430,2928                           
2026-10-06T20:32:23.591	TEL,2722,S3,842048725,0,0,0,442,2928                           
2026-10-06T20:32:23.591	TEL,2723,S3,842058725,0,0,0,451,2937                           
2026-10-06T20:32:23.591	TEL,2724,S3,842068725,0,0,0,445,2937                           
2026-10-06T20:32:23.591	TEL,2725,S3,842078725,0,0,0,439,2930                           
2026-10-06T20:32:23.591	TEL,2726,S3,842088725,0,0,0,436,2930                           
2026-10-06T20:32:23.591	TEL,2727,S3,842098725,0,0,0,442,2935                           
2026-10-06T20:32:23.591	TEL,2728,S3,842108725,0,0,0,436,2935                           
2026-10-06T20:32:23.591	TEL,2729,S3,842118725,0,0,0,430,2928                           
2026-10-06T20:32:23.591	TEL,2730,S3,842128725,0,0,0,436,2928                           
2026-10-06T20:32:23.591	TEL,2731,S3,842138725,0,0,0,442,2932                           
2026-10-06T20:32:23.591	TEL,2732,S3,842148725,0,0,0,442,2932                           
2026-10-06T20:32:23.591	TEL,2733,S3,842158725,0,0,0,436,2925                           
2026-10-06T20:32:23.591	TEL,2734,S3,842168725,0,0,0,428,2925                           
2026-10-06T20:32:23.591	TEL,2735,S3,842178725,0,0,0,433,2932                           
2026-10-06T20:32:23.591	TEL,2736,S3,842188725,0,0,0,433,2932                           
2026-10-06T20:32:23.591	TEL,2737,S3,842198725,0,0,0,433,2932                           
2026-10-06T20:32:23.591	TEL,2738,S3,842208725,0,0,0,433,2932                           
2026-10-06T20:32:23.591	TEL,2739,S3,842218725,0,0,0,430,2928                           
2026-10-06T20:32:23.591	TEL,2740,S3,842228725,0,0,0,428,2928                           
2026-10-06T20:32:23.591	TEL,2741,S3,842238725,0,0,0,428,2928                           
2026-10-06T20:32:23.591	TEL,2742,S3,842248725,0,0,0,428,2928                           
2026-10-06T20:32:23.591	TEL,2743,S3,842258725,0,0,0,425,2927                           
2026-10-06T20:32:23.591	TEL,2744,S3,842268725,0,0,0,436,2927                           
2026-10-06T20:32:23.591	TEL,2745,S3,842278725,0,0,0,436,2928                           
2026-10-06T20:32:23.591	TEL,2746,S3,842288725,0,0,0,436,2928                           
2026-10-06T20:32:23.591	TEL,2747,S3,842298725,0,0,0,439,2932                           
2026-10-06T20:32:23.591	TEL,2748,S3,842308725,0,0,0,433,2932                           
2026-10-06T20:32:23.591	TEL,2749,S3,842318725,0,0,0,433,2933                           
2026-10-06T20:32:23.591	TEL,2750,S3,842328725,0,0,0,433,2933                           
2026-10-06T20:32:23.591	TEL,2751,S3,842338725,0,0,0,436,2937                           
2026-10-06T20:32:23.591	TEL,2752,S3,842348725,0,0,0,439,2937                           
2026-10-06T20:32:23.591	TEL,2753,S3,842358725,0,0,0,433,2932                           
2026-10-06T20:32:23.591	TEL,2754,S3,842368725,0,0,0,433,2932                           
2026-10-06T20:32:23.591	TEL,2755,S3,842378725,0,0,0,430,2928                           
2026-10-06T20:32:23.591	TEL,2756,S3,842388725,0,0,0,430,2928                           
2026-10-06T20:32:24.201	TEL,2757,S3,842398725,0,0,0,439,2937                           
2026-10-06T20:32:24.201	TEL,2758,S3,842408725,0,0,0,442,2937                           
2026-10-06T20:32:24.201	TEL,2759,S3,842418725,0,0,0,428,2925                           
2026-10-06T20:32:24.201	TEL,2760,S3,842428725,0,0,0,430,2925                           
2026-10-06T20:32:24.201	TEL,2761,S3,842438725,0,0,0,439,2932                           
2026-10-06T20:32:24.201	TEL,2762,S3,842448725,0,0,0,442,2932                           
2026-10-06T20:32:24.201	TEL,2763,S3,842458725,0,0,0,442,2932                           
2026-10-06T20:32:24.201	TEL,2764,S3,842468725,0,0,0,442,2932                           
2026-10-06T20:32:24.201	TEL,2765,S3,842478725,0,0,0,442,2932                           
2026-10-06T20:32:24.201	TEL,2766,S3,842488725,0,0,0,430,2932                           
2026-10-06T20:32:24.201	TEL,2767,S3,842498725,0,0,0,436,2937                           
2026-10-06T20:32:24.201	TEL,2768,S3,842508725,0,0,0,448,2937                           
2026-10-06T20:32:24.201	TEL,2769,S3,842518725,0,0,0,442,2930                           
2026-10-06T20:32:24.201	TEL,2770,S3,842528725,0,0,0,451,2930                           
2026-10-06T20:32:24.201	TEL,2771,S3,842538725,0,0,0,448,2928                           
2026-10-06T20:32:24.201	TEL,2772,S3,842548725,0,0,0,436,2928                           
2026-10-06T20:32:24.201	TEL,2773,S3,842558725,0,0,0,442,2932                           
2026-10-06T20:32:24.201	TEL,2774,S3,842568725,0,0,0,433,2932                           
2026-10-06T20:32:24.201	TEL,2775,S3,842578725,0,0,0,439,2937                           
2026-10-06T20:32:24.201	TEL,2776,S3,842588725,0,0,0,448,2937                           
2026-10-06T20:32:24.201	TEL,2777,S3,842598725,0,0,0,442,2932                           
2026-10-06T20:32:24.201	TEL,2778,S3,842608725,0,0,0,442,2932                           
2026-10-06T20:32:24.201	TEL,2779,S3,842618725,0,0,0,445,2937                           
2026-10-06T20:32:24.201	TEL,2780,S3,842628725,0,0,0,439,2937                           
2026-10-06T20:32:24.201	TEL,2781,S3,842638725,0,0,0,433,2932                           
2026-10-06T20:32:24.201	BTN,34,S3,PRESSED,842644046,842644053                          
2026-10-06T20:32:24.201	TEL,2782,S3,842648725,0,0,0,428,2932                           
2026-10-06T20:32:24.201	TEL,2783,S3,842658725,0,0,0,430,2933                           
2026-10-06T20:32:24.201	TEL,2784,S3,842668725,0,0,0,433,2933                           
2026-10-06T20:32:24.201	TEL,2785,S3,842678725,0,0,0,433,2932                           
2026-10-06T20:32:24.201	TEL,2786,S3,842688725,0,0,0,439,2932                           
2026-10-06T20:32:24.201	TEL,2787,S3,842698725,0,0,0,442,2937                           
2026-10-06T20:32:24.201	TEL,2788,S3,842708725,0,0,0,442,2937                           
2026-10-06T20:32:24.201	TEL,2789,S3,842718725,0,0,0,442,2937                           
2026-10-06T20:32:24.201	TEL,2790,S3,842728725,0,0,0,430,2937                           
2026-10-06T20:32:24.201	TEL,2791,S3,842738725,0,0,0,419,2925                           
2026-10-06T20:32:24.201	TEL,2792,S3,842748725,0,0,0,433,2925                           
2026-10-06T20:32:24.201	TEL,2793,S3,842758725,0,0,0,436,2928                           
2026-10-06T20:32:24.201	TEL,2794,S3,842768725,0,0,0,442,2928                           
2026-10-06T20:32:24.201	TEL,2795,S3,842778725,0,0,0,442,2928                           
2026-10-06T20:32:24.201	TEL,2796,S3,842788725,0,0,0,430,2928                           
2026-10-06T20:32:24.201	TEL,2797,S3,842798725,0,0,0,439,2937                           
2026-10-06T20:32:24.201	TEL,2798,S3,842808725,0,0,0,442,2937                           
2026-10-06T20:32:24.201	TEL,2799,S3,842818725,0,0,0,436,2928                           
2026-10-06T20:32:24.201	TEL,2800,S3,842828725,0,0,0,436,2928                           
2026-10-06T20:32:24.201	TEL,2801,S3,842838725,0,0,0,436,2928                           
2026-10-06T20:32:24.201	TEL,2802,S3,842848725,0,0,0,430,2928                           
2026-10-06T20:32:24.201	TEL,2803,S3,842858725,0,0,0,430,2928                           
2026-10-06T20:32:24.201	TEL,2804,S3,842868725,0,0,0,430,2928                           
2026-10-06T20:32:24.201	TEL,2805,S3,842878725,0,0,0,428,2925                           
2026-10-06T20:32:24.201	TEL,2806,S3,842888725,0,0,0,425,2925                           
2026-10-06T20:32:24.201	TEL,2807,S3,842898725,0,0,0,430,2932                           
2026-10-06T20:32:24.201	TEL,2808,S3,842908725,0,0,0,442,2932                           
2026-10-06T20:32:24.201	TEL,2809,S3,842918725,0,0,0,442,2932                           
2026-10-06T20:32:24.201	TEL,2810,S3,842928725,0,0,0,436,2932                           
2026-10-06T20:32:24.201	TEL,2811,S3,842938725,0,0,0,442,2939                           
2026-10-06T20:32:24.201	TEL,2812,S3,842948725,0,0,0,439,2939                           
2026-10-06T20:32:24.201	TEL,2813,S3,842958725,0,0,0,433,2932                           
2026-10-06T20:32:24.201	TEL,2814,S3,842968725,0,0,0,442,2932                           
2026-10-06T20:32:24.201	TEL,2815,S3,842978725,0,0,0,442,2932                           
2026-10-06T20:32:24.201	TEL,2816,S3,842988725,0,0,0,433,2932                           
2026-10-06T20:32:24.201	TEL,2817,S3,842998725,0,0,0,433,2932                           
2026-10-06T20:32:24.811	TEL,2818,S3,843008725,0,0,0,433,2932                           
2026-10-06T20:32:24.811	TEL,2819,S3,843018725,0,0,0,439,2937                           
2026-10-06T20:32:24.811	TEL,2820,S3,843028725,0,0,0,445,2937                           
2026-10-06T20:32:24.811	TEL,2821,S3,843038725,0,0,0,442,2932                           
2026-10-06T20:32:24.811	TEL,2822,S3,843048725,0,0,0,439,2932                           
2026-10-06T20:32:24.811	TEL,2823,S3,843058725,0,0,0,439,2932                           
2026-10-06T20:32:24.811	TEL,2824,S3,843068725,0,0,0,433,2932                           
2026-10-06T20:32:24.811	TEL,2825,S3,843078725,0,0,0,436,2935                           
2026-10-06T20:32:24.811	TEL,2826,S3,843088725,0,0,0,445,2935                           
2026-10-06T20:32:24.811	TEL,2827,S3,843098725,0,0,0,436,2928                           
2026-10-06T20:32:24.811	TEL,2828,S3,843108725,0,0,0,436,2928                           
2026-10-06T20:32:24.811	TEL,2829,S3,843118725,0,0,0,430,2925                           
2026-10-06T20:32:24.811	TEL,2830,S3,843128725,0,0,0,425,2925                           
2026-10-06T20:32:24.811	TEL,2831,S3,843138725,0,0,0,430,2932                           
2026-10-06T20:32:24.811	TEL,2832,S3,843148725,0,0,0,430,2932                           
2026-10-06T20:32:24.811	TEL,2833,S3,843158725,0,0,0,433,2935                           
2026-10-06T20:32:24.811	TEL,2834,S3,843168725,0,0,0,436,2935                           
2026-10-06T20:32:24.811	TEL,2835,S3,843178725,0,0,0,430,2928                           
2026-10-06T20:32:24.811	TEL,2836,S3,843188725,0,0,0,430,2928                           
2026-10-06T20:32:24.811	TEL,2837,S3,843198725,0,0,0,430,2928                           
2026-10-06T20:32:24.811	TEL,2838,S3,843208725,0,0,0,428,2928                           
2026-10-06T20:32:24.811	TEL,2839,S3,843218725,0,0,0,428,2930                           
2026-10-06T20:32:24.811	TEL,2840,S3,843228725,0,0,0,433,2930                           
2026-10-06T20:32:24.811	TEL,2841,S3,843238725,0,0,0,433,2928                           
2026-10-06T20:32:24.811	TEL,2842,S3,843248725,0,0,0,436,2928                           
2026-10-06T20:32:24.811	TEL,2843,S3,843258725,0,0,0,442,2932                           
2026-10-06T20:32:24.811	TEL,2844,S3,843268725,0,0,0,436,2932                           
2026-10-06T20:32:24.811	TEL,2845,S3,843278725,0,0,0,442,2939                           
2026-10-06T20:32:24.811	TEL,2846,S3,843288725,0,0,0,442,2939                           
2026-10-06T20:32:24.811	TEL,2847,S3,843298725,0,0,0,436,2932                           
2026-10-06T20:32:24.811	TEL,2848,S3,843308725,0,0,0,442,2932                           
2026-10-06T20:32:24.811	TEL,2849,S3,843318725,0,0,0,436,2928                           
2026-10-06T20:32:24.811	TEL,2850,S3,843328725,0,0,0,428,2928                           
2026-10-06T20:32:24.811	TEL,2851,S3,843338725,0,0,0,430,2932                           
2026-10-06T20:32:24.811	TEL,2852,S3,843348725,0,0,0,445,2932                           
2026-10-06T20:32:24.811	TEL,2853,S3,843358725,0,0,0,442,2928                           
2026-10-06T20:32:24.811	BTN,35,S3,PRESSED,843362051,843362058                          
2026-10-06T20:32:24.811	TEL,2854,S3,843368725,0,0,0,439,2928                           
2026-10-06T20:32:24.811	TEL,2855,S3,843378725,0,0,0,442,2932                           
2026-10-06T20:32:24.811	TEL,2856,S3,843388725,0,0,0,425,2932                           
2026-10-06T20:32:24.811	TEL,2857,S3,843398725,0,0,0,422,2928                           
2026-10-06T20:32:24.811	TEL,2858,S3,843408725,0,0,0,433,2928                           
2026-10-06T20:32:24.811	TEL,2859,S3,843418725,0,0,0,433,2928                           
2026-10-06T20:32:24.811	TEL,2860,S3,843428725,0,0,0,448,2928                           
2026-10-06T20:32:24.811	TEL,2861,S3,843438725,0,0,0,445,2925                           
2026-10-06T20:32:24.811	TEL,2862,S3,843448725,0,0,0,428,2925                           
2026-10-06T20:32:24.811	TEL,2863,S3,843458725,0,0,0,433,2930                           
2026-10-06T20:32:24.811	TEL,2864,S3,843468725,0,0,0,442,2930                           
2026-10-06T20:32:24.811	TEL,2865,S3,843478725,0,0,0,442,2932                           
2026-10-06T20:32:24.811	TEL,2866,S3,843488725,0,0,0,436,2932                           
2026-10-06T20:32:24.811	TEL,2867,S3,843498725,0,0,0,442,2937                           
2026-10-06T20:32:24.811	TEL,2868,S3,843508725,0,0,0,439,2937                           
2026-10-06T20:32:24.811	TEL,2869,S3,843518725,0,0,0,433,2932                           
2026-10-06T20:32:24.811	TEL,2870,S3,843528725,0,0,0,430,2932                           
2026-10-06T20:32:24.811	TEL,2871,S3,843538725,0,0,0,430,2932                           
2026-10-06T20:32:24.811	TEL,2872,S3,843548725,0,0,0,442,2932                           
2026-10-06T20:32:24.811	TEL,2873,S3,843558725,0,0,0,439,2928                           
2026-10-06T20:32:24.811	TEL,2874,S3,843568725,0,0,0,430,2928                           
2026-10-06T20:32:24.811	TEL,2875,S3,843578725,0,0,0,433,2932                           
2026-10-06T20:32:24.811	TEL,2876,S3,843588725,0,0,0,442,2932                           
2026-10-06T20:32:24.811	TEL,2877,S3,843598725,0,0,0,433,2925                           
2026-10-06T20:32:24.811	TEL,2878,S3,843608725,0,0,0,419,2925                           
2026-10-06T20:32:25.431	TEL,2879,S3,843618725,0,0,0,425,2932                           
2026-10-06T20:32:25.431	TEL,2880,S3,843628725,0,0,0,442,2932                           
2026-10-06T20:32:25.431	TEL,2881,S3,843638725,0,0,0,439,2930                           
2026-10-06T20:32:25.431	TEL,2882,S3,843648725,0,0,0,439,2930                           
2026-10-06T20:32:25.431	TEL,2883,S3,843658725,0,0,0,442,2933                           
2026-10-06T20:32:25.431	TEL,2884,S3,843668725,0,0,0,433,2933                           
2026-10-06T20:32:25.431	TEL,2885,S3,843678725,0,0,0,430,2928                           
2026-10-06T20:32:25.431	TEL,2886,S3,843688725,0,0,0,436,2928                           
2026-10-06T20:32:25.431	TEL,2887,S3,843698725,0,0,0,445,2937                           
2026-10-06T20:32:25.431	TEL,2888,S3,843708725,0,0,0,445,2937                           
2026-10-06T20:32:25.431	TEL,2889,S3,843718725,0,0,0,436,2928                           
2026-10-06T20:32:25.431	TEL,2890,S3,843728725,0,0,0,428,2928                           
2026-10-06T20:32:25.431	TEL,2891,S3,843738725,0,0,0,430,2932                           
2026-10-06T20:32:25.431	TEL,2892,S3,843748725,0,0,0,442,2932                           
2026-10-06T20:32:25.431	TEL,2893,S3,843758725,0,0,0,442,2932                           
2026-10-06T20:32:25.431	TEL,2894,S3,843768725,0,0,0,442,2932                           
2026-10-06T20:32:25.431	TEL,2895,S3,843778725,0,0,0,445,2937                           
2026-10-06T20:32:25.431	TEL,2896,S3,843788725,0,0,0,445,2937                           
2026-10-06T20:32:25.431	TEL,2897,S3,843798725,0,0,0,436,2928                           
2026-10-06T20:32:25.431	TEL,2898,S3,843808725,0,0,0,436,2928                           
2026-10-06T20:32:25.431	TEL,2899,S3,843818725,0,0,0,436,2928                           
2026-10-06T20:32:25.431	TEL,2900,S3,843828725,0,0,0,439,2928                           
2026-10-06T20:32:25.431	TEL,2901,S3,843838725,0,0,0,439,2928                           
2026-10-06T20:32:25.431	TEL,2902,S3,843848725,0,0,0,428,2928                           
2026-10-06T20:32:25.431	TEL,2903,S3,843858725,0,0,0,425,2925                           
2026-10-06T20:32:25.431	TEL,2904,S3,843868725,0,0,0,428,2925                           
2026-10-06T20:32:25.431	TEL,2905,S3,843878725,0,0,0,433,2932                           
2026-10-06T20:32:25.431	TEL,2906,S3,843888725,0,0,0,436,2932                           
2026-10-06T20:32:25.431	TEL,2907,S3,843898725,0,0,0,442,2937                           
2026-10-06T20:32:25.431	TEL,2908,S3,843908725,0,0,0,451,2937                           
2026-10-06T20:32:25.431	TEL,2909,S3,843918725,0,0,0,442,2928                           
2026-10-06T20:32:25.431	TEL,2910,S3,843928725,0,0,0,442,2928                           
2026-10-06T20:32:25.431	TEL,2911,S3,843938725,0,0,0,445,2932                           
2026-10-06T20:32:25.431	TEL,2912,S3,843948725,0,0,0,439,2932                           
2026-10-06T20:32:25.431	TEL,2913,S3,843958725,0,0,0,439,2932                           
2026-10-06T20:32:25.431	TEL,2914,S3,843968725,0,0,0,433,2932                           
2026-10-06T20:32:25.431	TEL,2915,S3,843978725,0,0,0,439,2937                           
2026-10-06T20:32:25.431	TEL,2916,S3,843988725,0,0,0,442,2937                           
2026-10-06T20:32:25.431	TEL,2917,S3,843998725,0,0,0,442,2937                           
2026-10-06T20:32:25.431	TEL,2918,S3,844008725,0,0,0,442,2937                           
2026-10-06T20:32:25.431	TEL,2919,S3,844018725,0,0,0,442,2937                           
2026-10-06T20:32:25.431	TEL,2920,S3,844028725,0,0,0,445,2937                           
2026-10-06T20:32:25.431	TEL,2921,S3,844038725,0,0,0,436,2928                           
2026-10-06T20:32:25.431	TEL,2922,S3,844048725,0,0,0,430,2928                           
2026-10-06T20:32:25.431	TEL,2923,S3,844058725,0,0,0,439,2937                           
2026-10-06T20:32:25.431	TEL,2924,S3,844068725,0,0,0,445,2937                           
2026-10-06T20:32:25.431	TEL,2925,S3,844078725,0,0,0,445,2937                           
2026-10-06T20:32:25.431	TEL,2926,S3,844088725,0,0,0,445,2937                           
2026-10-06T20:32:25.431	TEL,2927,S3,844098725,0,0,0,436,2928                           
2026-10-06T20:32:25.431	TEL,2928,S3,844108725,0,0,0,436,2928                           
2026-10-06T20:32:25.431	TEL,2929,S3,844118725,0,0,0,439,2930                           
2026-10-06T20:32:25.431	TEL,2930,S3,844128725,0,0,0,451,2930                           
2026-10-06T20:32:25.431	TEL,2931,S3,844138725,0,0,0,451,2930                           
2026-10-06T20:32:25.431	TEL,2932,S3,844148725,0,0,0,439,2930                           
2026-10-06T20:32:25.431	TEL,2933,S3,844158725,0,0,0,442,2933                           
2026-10-06T20:32:25.431	TEL,2934,S3,844168725,0,0,0,451,2933                           
2026-10-06T20:32:25.431	TEL,2935,S3,844178725,0,0,0,454,2937                           
2026-10-06T20:32:25.431	TEL,2936,S3,844188725,0,0,0,442,2937                           
2026-10-06T20:32:25.431	TEL,2937,S3,844198725,0,0,0,433,2928                           
2026-10-06T20:32:25.431	TEL,2938,S3,844208725,0,0,0,425,2928                           
2026-10-06T20:32:25.431	TEL,2939,S3,844218725,0,0,0,428,2932                           
2026-10-06T20:32:25.431	TEL,2940,S3,844228725,0,0,0,436,2932                           
2026-10-06T20:32:26.041	TEL,2941,S3,844238725,0,0,0,433,2928                           
2026-10-06T20:32:26.041	TEL,2942,S3,844248725,0,0,0,436,2928                           
2026-10-06T20:32:26.041	BTN,36,S3,PRESSED,844256057,844256064                          
2026-10-06T20:32:26.041	TEL,2943,S3,844258725,0,0,0,433,2925                           
2026-10-06T20:32:26.041	TEL,2944,S3,844268725,0,0,0,428,2925                           
2026-10-06T20:32:26.041	TEL,2945,S3,844278725,0,0,0,439,2937                           
2026-10-06T20:32:26.041	TEL,2946,S3,844288725,0,0,0,445,2937                           
2026-10-06T20:32:26.041	TEL,2947,S3,844298725,0,0,0,445,2937                           
2026-10-06T20:32:26.041	TEL,2948,S3,844308725,0,0,0,436,2937                           
2026-10-06T20:32:26.041	TEL,2949,S3,844318725,0,0,0,433,2933                           
2026-10-06T20:32:26.041	TEL,2950,S3,844328725,0,0,0,433,2933                           
2026-10-06T20:32:26.041	TEL,2951,S3,844338725,0,0,0,430,2932                           
2026-10-06T20:32:26.041	TEL,2952,S3,844348725,0,0,0,442,2932                           
2026-10-06T20:32:26.041	TEL,2953,S3,844358725,0,0,0,445,2937                           
2026-10-06T20:32:26.041	TEL,2954,S3,844368725,0,0,0,445,2937                           
2026-10-06T20:32:26.041	TEL,2955,S3,844378725,0,0,0,445,2937                           
2026-10-06T20:32:26.041	TEL,2956,S3,844388725,0,0,0,451,2937                           
2026-10-06T20:32:26.041	TEL,2957,S3,844398725,0,0,0,451,2937                           
2026-10-06T20:32:26.041	TEL,2958,S3,844408725,0,0,0,445,2937                           
2026-10-06T20:32:26.041	TEL,2959,S3,844418725,0,0,0,442,2932                           
2026-10-06T20:32:26.041	TEL,2960,S3,844428725,0,0,0,442,2932                           
2026-10-06T20:32:26.041	TEL,2961,S3,844438725,0,0,0,436,2928                           
2026-10-06T20:32:26.041	TEL,2962,S3,844448725,0,0,0,436,2928                           
2026-10-06T20:32:26.041	TEL,2963,S3,844458725,0,0,0,442,2932                           
2026-10-06T20:32:26.041	TEL,2964,S3,844468725,0,0,0,428,2932                           
2026-10-06T20:32:26.041	TEL,2965,S3,844478725,0,0,0,425,2928                           
2026-10-06T20:32:26.041	TEL,2966,S3,844488725,0,0,0,433,2928                           
2026-10-06T20:32:26.041	TEL,2967,S3,844498725,0,0,0,442,2937                           
2026-10-06T20:32:26.041	TEL,2968,S3,844508725,0,0,0,448,2937                           
2026-10-06T20:32:26.041	TEL,2969,S3,844518725,0,0,0,448,2937                           
2026-10-06T20:32:26.041	TEL,2970,S3,844528725,0,0,0,445,2937                           
2026-10-06T20:32:26.041	TEL,2971,S3,844538725,0,0,0,442,2932                           
2026-10-06T20:32:26.041	TEL,2972,S3,844548725,0,0,0,425,2932                           
2026-10-06T20:32:26.041	TEL,2973,S3,844558725,0,0,0,430,2937                           
2026-10-06T20:32:26.041	TEL,2974,S3,844568725,0,0,0,457,2937                           
2026-10-06T20:32:26.041	TEL,2975,S3,844578725,0,0,0,448,2928                           
2026-10-06T20:32:26.041	TEL,2976,S3,844588725,0,0,0,442,2928                           
2026-10-06T20:32:26.041	TEL,2977,S3,844598725,0,0,0,451,2937                           
2026-10-06T20:32:26.041	TEL,2978,S3,844608725,0,0,0,436,2937                           
2026-10-06T20:32:26.041	TEL,2979,S3,844618725,0,0,0,428,2928                           
2026-10-06T20:32:26.041	TEL,2980,S3,844628725,0,0,0,433,2928                           
2026-10-06T20:32:26.041	TEL,2981,S3,844638725,0,0,0,442,2937                           
2026-10-06T20:32:26.041	TEL,2982,S3,844648725,0,0,0,448,2937                           
2026-10-06T20:32:26.041	TEL,2983,S3,844658725,0,0,0,442,2932                           
2026-10-06T20:32:26.041	TEL,2984,S3,844668725,0,0,0,430,2932                           
2026-10-06T20:32:26.041	TEL,2985,S3,844678725,0,0,0,436,2937                           
2026-10-06T20:32:26.041	TEL,2986,S3,844688725,0,0,0,445,2937                           
2026-10-06T20:32:26.041	TEL,2987,S3,844698725,0,0,0,445,2937                           
2026-10-06T20:32:26.041	TEL,2988,S3,844708725,0,0,0,442,2937                           
2026-10-06T20:32:26.041	TEL,2989,S3,844718725,0,0,0,439,2932                           
2026-10-06T20:32:26.041	TEL,2990,S3,844728725,0,0,0,430,2932                           
2026-10-06T20:32:26.041	TEL,2991,S3,844738725,0,0,0,436,2937                           
2026-10-06T20:32:26.041	TEL,2992,S3,844748725,0,0,0,436,2937                           
2026-10-06T20:32:26.041	TEL,2993,S3,844758725,0,0,0,428,2928                           
2026-10-06T20:32:26.041	TEL,2994,S3,844768725,0,0,0,439,2928                           
2026-10-06T20:32:26.041	TEL,2995,S3,844778725,0,0,0,448,2937                           
2026-10-06T20:32:26.041	TEL,2996,S3,844788725,0,0,0,439,2937                           
2026-10-06T20:32:26.041	TEL,2997,S3,844798725,0,0,0,433,2932                           
2026-10-06T20:32:26.041	TEL,2998,S3,844808725,0,0,0,442,2932                           
2026-10-06T20:32:26.041	TEL,2999,S3,844818725,0,0,0,436,2925                           
2026-10-06T20:32:26.041	TEL,3000,S3,844828725,0,0,0,428,2925                           
2026-10-06T20:32:26.041	TEL,3001,S3,844838725,0,0,0,439,2937                           
2026-10-06T20:32:26.647	TEL,3002,S3,844848725,0,0,0,445,2937                           
2026-10-06T20:32:26.647	TEL,3003,S3,844858725,0,0,0,442,2932                           
2026-10-06T20:32:26.647	TEL,3004,S3,844868725,0,0,0,439,2932                           
2026-10-06T20:32:26.647	TEL,3005,S3,844878725,0,0,0,436,2928                           
2026-10-06T20:32:26.647	TEL,3006,S3,844888725,0,0,0,436,2928                           
2026-10-06T20:32:26.647	TEL,3007,S3,844898725,0,0,0,436,2928                           
2026-10-06T20:32:26.647	TEL,3008,S3,844908725,0,0,0,433,2928                           
2026-10-06T20:32:26.647	TEL,3009,S3,844918725,0,0,0,433,2928                           
2026-10-06T20:32:26.647	TEL,3010,S3,844928725,0,0,0,419,2928                           
2026-10-06T20:32:26.647	TEL,3011,S3,844938725,0,0,0,416,2925                           
2026-10-06T20:32:26.647	TEL,3012,S3,844948725,0,0,0,428,2925                           
2026-10-06T20:32:26.647	TEL,3013,S3,844958725,0,0,0,433,2932                           
2026-10-06T20:32:26.647	TEL,3014,S3,844968725,0,0,0,442,2932                           
2026-10-06T20:32:26.647	TEL,3015,S3,844978725,0,0,0,436,2928                           
2026-10-06T20:32:26.647	TEL,3016,S3,844988725,0,0,0,439,2928                           
2026-10-06T20:32:26.647	TEL,3017,S3,844998725,0,0,0,451,2939                           
2026-10-06T20:32:26.647	TEL,3018,S3,845008725,0,0,0,448,2939                           
2026-10-06T20:32:26.647	TEL,3019,S3,845018725,0,0,0,445,2937                           
2026-10-06T20:32:26.647	TEL,3020,S3,845028725,0,0,0,445,2937                           
2026-10-06T20:32:26.647	TEL,3021,S3,845038725,0,0,0,433,2925                           
2026-10-06T20:32:26.647	BTN,37,S3,PRESSED,845048062,845048069                          
2026-10-06T20:32:26.647	TEL,3022,S3,845048725,0,0,0,430,2925                           
2026-10-06T20:32:26.647	TEL,3023,S3,845058725,0,0,0,448,2942                           
2026-10-06T20:32:26.647	TEL,3024,S3,845068725,0,0,0,448,2942                           
2026-10-06T20:32:26.647	TEL,3025,S3,845078725,0,0,0,436,2928                           
2026-10-06T20:32:26.647	TEL,3026,S3,845088725,0,0,0,430,2928                           
2026-10-06T20:32:26.647	TEL,3027,S3,845098725,0,0,0,433,2932                           
2026-10-06T20:32:26.647	TEL,3028,S3,845108725,0,0,0,442,2932                           
2026-10-06T20:32:26.647	TEL,3029,S3,845118725,0,0,0,436,2928                           
2026-10-06T20:32:26.647	TEL,3030,S3,845128725,0,0,0,436,2928                           
2026-10-06T20:32:26.647	TEL,3031,S3,845138725,0,0,0,436,2928                           
2026-10-06T20:32:26.647	TEL,3032,S3,845148725,0,0,0,430,2928                           
2026-10-06T20:32:26.647	TEL,3033,S3,845158725,0,0,0,430,2928                           
2026-10-06T20:32:26.647	TEL,3034,S3,845168725,0,0,0,436,2928                           
2026-10-06T20:32:26.647	TEL,3035,S3,845178725,0,0,0,442,2932                           
2026-10-06T20:32:26.647	TEL,3036,S3,845188725,0,0,0,442,2932                           
2026-10-06T20:32:26.647	TEL,3037,S3,845198725,0,0,0,448,2937                           
2026-10-06T20:32:26.647	TEL,3038,S3,845208725,0,0,0,451,2937                           
2026-10-06T20:32:26.647	TEL,3039,S3,845218725,0,0,0,451,2935                           
2026-10-06T20:32:26.647	TEL,3040,S3,845228725,0,0,0,442,2935                           
2026-10-06T20:32:26.651	TEL,3041,S3,845238725,0,0,0,430,2925                           
2026-10-06T20:32:26.651	TEL,3042,S3,845248725,0,0,0,433,2925                           
2026-10-06T20:32:26.651	TEL,3043,S3,845258725,0,0,0,436,2928                           
2026-10-06T20:32:26.651	TEL,3044,S3,845268725,0,0,0,433,2928                           
2026-10-06T20:32:26.651	TEL,3045,S3,845278725,0,0,0,428,2925                           
2026-10-06T20:32:26.651	TEL,3046,S3,845288725,0,0,0,436,2925                           
2026-10-06T20:32:26.651	TEL,3047,S3,845298725,0,0,0,439,2928                           
2026-10-06T20:32:26.651	TEL,3048,S3,845308725,0,0,0,436,2928                           
2026-10-06T20:32:26.651	TEL,3049,S3,845318725,0,0,0,445,2937                           
2026-10-06T20:32:26.651	TEL,3050,S3,845328725,0,0,0,445,2937                           
2026-10-06T20:32:26.651	TEL,3051,S3,845338725,0,0,0,442,2932                           
2026-10-06T20:32:26.651	TEL,3052,S3,845348725,0,0,0,433,2932                           
2026-10-06T20:32:26.651	TEL,3053,S3,845358725,0,0,0,433,2932                           
2026-10-06T20:32:26.651	TEL,3054,S3,845368725,0,0,0,433,2932                           
2026-10-06T20:32:26.651	TEL,3055,S3,845378725,0,0,0,430,2928                           
2026-10-06T20:32:26.651	TEL,3056,S3,845388725,0,0,0,430,2928                           
2026-10-06T20:32:26.651	TEL,3057,S3,845398725,0,0,0,430,2928                           
2026-10-06T20:32:26.651	TEL,3058,S3,845408725,0,0,0,436,2928                           
2026-10-06T20:32:26.651	TEL,3059,S3,845418725,0,0,0,442,2932                           
2026-10-06T20:32:26.651	TEL,3060,S3,845428725,0,0,0,428,2932                           
2026-10-06T20:32:26.651	TEL,3061,S3,845438725,0,0,0,433,2937                           
2026-10-06T20:32:26.651	TEL,3062,S3,845448725,0,0,0,442,2937                           
2026-10-06T20:32:27.252	TEL,3063,S3,845458725,0,0,0,439,2932                           
2026-10-06T20:32:27.252	TEL,3064,S3,845468725,0,0,0,433,2932                           
2026-10-06T20:32:27.252	TEL,3065,S3,845478725,0,0,0,439,2937                           
2026-10-06T20:32:27.252	TEL,3066,S3,845488725,0,0,0,439,2937                           
2026-10-06T20:32:27.252	TEL,3067,S3,845498725,0,0,0,433,2932                           
2026-10-06T20:32:27.252	TEL,3068,S3,845508725,0,0,0,445,2932                           
2026-10-06T20:32:27.252	TEL,3069,S3,845518725,0,0,0,439,2925                           
2026-10-06T20:32:27.252	TEL,3070,S3,845528725,0,0,0,436,2925                           
2026-10-06T20:32:27.252	TEL,3071,S3,845538725,0,0,0,448,2937                           
2026-10-06T20:32:27.252	TEL,3072,S3,845548725,0,0,0,439,2937                           
2026-10-06T20:32:27.252	TEL,3073,S3,845558725,0,0,0,430,2928                           
2026-10-06T20:32:27.252	TEL,3074,S3,845568725,0,0,0,428,2928                           
2026-10-06T20:32:27.252	TEL,3075,S3,845578725,0,0,0,428,2928                           
2026-10-06T20:32:27.252	TEL,3076,S3,845588725,0,0,0,436,2928                           
2026-10-06T20:32:27.252	TEL,3077,S3,845598725,0,0,0,436,2928                           
2026-10-06T20:32:27.252	TEL,3078,S3,845608725,0,0,0,436,2928                           
2026-10-06T20:32:27.252	TEL,3079,S3,845618725,0,0,0,439,2933                           
2026-10-06T20:32:27.252	TEL,3080,S3,845628725,0,0,0,436,2933                           
2026-10-06T20:32:27.252	TEL,3081,S3,845638725,0,0,0,433,2928                           
2026-10-06T20:32:27.252	TEL,3082,S3,845648725,0,0,0,436,2928                           
2026-10-06T20:32:27.252	TEL,3083,S3,845658725,0,0,0,433,2925                           
2026-10-06T20:32:27.252	TEL,3084,S3,845668725,0,0,0,428,2925                           
2026-10-06T20:32:27.252	TEL,3085,S3,845678725,0,0,0,439,2935                           
2026-10-06T20:32:27.252	TEL,3086,S3,845688725,0,0,0,445,2935                           
2026-10-06T20:32:27.252	TEL,3087,S3,845698725,0,0,0,445,2937                           
2026-10-06T20:32:27.252	BTN,38,S3,PRESSED,845699068,845699075                          
2026-10-06T20:32:27.252	TEL,3088,S3,845708725,0,0,0,445,2937                           
2026-10-06T20:32:27.252	TEL,3089,S3,845718725,0,0,0,442,2932                           
2026-10-06T20:32:27.252	TEL,3090,S3,845728725,0,0,0,442,2932                           
2026-10-06T20:32:27.252	TEL,3091,S3,845738725,0,0,0,433,2925                           
2026-10-06T20:32:27.252	TEL,3092,S3,845748725,0,0,0,436,2925                           
2026-10-06T20:32:27.252	TEL,3093,S3,845758725,0,0,0,436,2925                           
2026-10-06T20:32:27.252	TEL,3094,S3,845768725,0,0,0,428,2925                           
2026-10-06T20:32:27.252	TEL,3095,S3,845778725,0,0,0,439,2937                           
2026-10-06T20:32:27.252	TEL,3096,S3,845788725,0,0,0,439,2937                           
2026-10-06T20:32:27.252	TEL,3097,S3,845798725,0,0,0,428,2925                           
2026-10-06T20:32:27.252	TEL,3098,S3,845808725,0,0,0,436,2925                           
2026-10-06T20:32:27.252	TEL,3099,S3,845818725,0,0,0,442,2932                           
2026-10-06T20:32:27.252	TEL,3100,S3,845828725,0,0,0,439,2932                           
2026-10-06T20:32:27.252	TEL,3101,S3,845838725,0,0,0,442,2937                           
2026-10-06T20:32:27.252	TEL,3102,S3,845848725,0,0,0,436,2937                           
2026-10-06T20:32:27.252	TEL,3103,S3,845858725,0,0,0,422,2923                           
2026-10-06T20:32:27.252	TEL,3104,S3,845868725,0,0,0,433,2923                           
2026-10-06T20:32:27.252	TEL,3105,S3,845878725,0,0,0,442,2932                           
2026-10-06T20:32:27.252	TEL,3106,S3,845888725,0,0,0,439,2932                           
2026-10-06T20:32:27.252	TEL,3107,S3,845898725,0,0,0,442,2937                           
2026-10-06T20:32:27.252	TEL,3108,S3,845908725,0,0,0,439,2937                           
2026-10-06T20:32:27.252	TEL,3109,S3,845918725,0,0,0,433,2932                           
2026-10-06T20:32:27.252	TEL,3110,S3,845928725,0,0,0,430,2932                           
2026-10-06T20:32:27.252	TEL,3111,S3,845938725,0,0,0,425,2925                           
2026-10-06T20:32:27.252	TEL,3112,S3,845948725,0,0,0,428,2925                           
2026-10-06T20:32:27.252	TEL,3113,S3,845958725,0,0,0,439,2937                           
2026-10-06T20:32:27.252	TEL,3114,S3,845968725,0,0,0,442,2937                           
2026-10-06T20:32:27.252	TEL,3115,S3,845978725,0,0,0,436,2928                           
2026-10-06T20:32:27.252	TEL,3116,S3,845988725,0,0,0,436,2928                           
2026-10-06T20:32:27.252	TEL,3117,S3,845998725,0,0,0,442,2932                           
2026-10-06T20:32:27.252	TEL,3118,S3,846008725,0,0,0,433,2932                           
2026-10-06T20:32:27.252	TEL,3119,S3,846018725,0,0,0,439,2937                           
2026-10-06T20:32:27.261	TEL,3120,S3,846028725,0,0,0,439,2937                           
2026-10-06T20:32:27.261	TEL,3121,S3,846038725,0,0,0,433,2932                           
2026-10-06T20:32:27.261	TEL,3122,S3,846048725,0,0,0,442,2932                           
2026-10-06T20:32:27.261	TEL,3123,S3,846058725,0,0,0,436,2928                           
2026-10-06T20:32:27.871	TEL,3124,S3,846068725,0,0,0,439,2928                           
2026-10-06T20:32:27.871	TEL,3125,S3,846078725,0,0,0,439,2928                           
2026-10-06T20:32:27.871	TEL,3126,S3,846088725,0,0,0,442,2928                           
2026-10-06T20:32:27.871	TEL,3127,S3,846098725,0,0,0,445,2932                           
2026-10-06T20:32:27.871	TEL,3128,S3,846108725,0,0,0,439,2932                           
2026-10-06T20:32:27.871	TEL,3129,S3,846118725,0,0,0,442,2937                           
2026-10-06T20:32:27.871	TEL,3130,S3,846128725,0,0,0,445,2937                           
2026-10-06T20:32:27.871	TEL,3131,S3,846138725,0,0,0,436,2928                           
2026-10-06T20:32:27.871	TEL,3132,S3,846148725,0,0,0,430,2928                           
2026-10-06T20:32:27.871	TEL,3133,S3,846158725,0,0,0,428,2925                           
2026-10-06T20:32:27.871	TEL,3134,S3,846168725,0,0,0,428,2925                           
2026-10-06T20:32:27.871	TEL,3135,S3,846178725,0,0,0,430,2928                           
2026-10-06T20:32:27.871	TEL,3136,S3,846188725,0,0,0,430,2928                           
2026-10-06T20:32:27.871	TEL,3137,S3,846198725,0,0,0,433,2932                           
2026-10-06T20:32:27.871	TEL,3138,S3,846208725,0,0,0,433,2932                           
2026-10-06T20:32:27.871	TEL,3139,S3,846218725,0,0,0,433,2932                           
2026-10-06T20:32:27.871	TEL,3140,S3,846228725,0,0,0,430,2932                           
2026-10-06T20:32:27.871	TEL,3141,S3,846238725,0,0,0,439,2941                           
2026-10-06T20:32:27.871	TEL,3142,S3,846248725,0,0,0,448,2941                           
2026-10-06T20:32:27.871	TEL,3143,S3,846258725,0,0,0,442,2937                           
2026-10-06T20:32:27.871	TEL,3144,S3,846268725,0,0,0,442,2937                           
2026-10-06T20:32:27.871	TEL,3145,S3,846278725,0,0,0,439,2932                           
2026-10-06T20:32:27.871	TEL,3146,S3,846288725,0,0,0,436,2932                           
2026-10-06T20:32:27.871	TEL,3147,S3,846298725,0,0,0,436,2932                           
2026-10-06T20:32:27.871	TEL,3148,S3,846308725,0,0,0,436,2932                           
2026-10-06T20:32:27.871	TEL,3149,S3,846318725,0,0,0,442,2937                           
2026-10-06T20:32:27.871	TEL,3150,S3,846328725,0,0,0,436,2937                           
2026-10-06T20:32:27.871	TEL,3151,S3,846338725,0,0,0,436,2937                           
2026-10-06T20:32:27.871	TEL,3152,S3,846348725,0,0,0,445,2937                           
2026-10-06T20:32:27.871	TEL,3153,S3,846358725,0,0,0,445,2937                           
2026-10-06T20:32:27.871	TEL,3154,S3,846368725,0,0,0,445,2937                           
2026-10-06T20:32:27.871	TEL,3155,S3,846378725,0,0,0,436,2928                           
2026-10-06T20:32:27.871	TEL,3156,S3,846388725,0,0,0,430,2928                           
2026-10-06T20:32:27.871	TEL,3157,S3,846398725,0,0,0,433,2932                           
2026-10-06T20:32:27.871	TEL,3158,S3,846408725,0,0,0,442,2932                           
2026-10-06T20:32:27.871	TEL,3159,S3,846418725,0,0,0,442,2932                           
2026-10-06T20:32:27.871	TEL,3160,S3,846428725,0,0,0,433,2932                           
2026-10-06T20:32:27.871	TEL,3161,S3,846438725,0,0,0,430,2928                           
2026-10-06T20:32:27.871	TEL,3162,S3,846448725,0,0,0,422,2928                           
2026-10-06T20:32:27.871	TEL,3163,S3,846458725,0,0,0,430,2937                           
2026-10-06T20:32:27.871	BTN,39,S3,PRESSED,846464073,846464080                          
2026-10-06T20:32:27.871	TEL,3164,S3,846468725,0,0,0,439,2937                           
2026-10-06T20:32:27.871	TEL,3165,S3,846478725,0,0,0,433,2933                           
2026-10-06T20:32:27.871	TEL,3166,S3,846488725,0,0,0,445,2933                           
2026-10-06T20:32:27.871	TEL,3167,S3,846498725,0,0,0,442,2932                           
2026-10-06T20:32:27.871	TEL,3168,S3,846508725,0,0,0,442,2932                           
2026-10-06T20:32:27.871	TEL,3169,S3,846518725,0,0,0,448,2935                           
2026-10-06T20:32:27.871	TEL,3170,S3,846528725,0,0,0,448,2935                           
2026-10-06T20:32:27.871	TEL,3171,S3,846538725,0,0,0,448,2937                           
2026-10-06T20:32:27.871	TEL,3172,S3,846548725,0,0,0,442,2937                           
2026-10-06T20:32:27.871	TEL,3173,S3,846558725,0,0,0,436,2932                           
2026-10-06T20:32:27.871	TEL,3174,S3,846568725,0,0,0,428,2932                           
2026-10-06T20:32:27.871	TEL,3175,S3,846578725,0,0,0,430,2933                           
2026-10-06T20:32:27.871	TEL,3176,S3,846588725,0,0,0,442,2933                           
2026-10-06T20:32:27.871	TEL,3177,S3,846598725,0,0,0,442,2932                           
2026-10-06T20:32:27.871	TEL,3178,S3,846608725,0,0,0,439,2932                           
2026-10-06T20:32:27.871	TEL,3179,S3,846618725,0,0,0,436,2928                           
2026-10-06T20:32:27.871	TEL,3180,S3,846628725,0,0,0,433,2928                           
2026-10-06T20:32:27.871	TEL,3181,S3,846638725,0,0,0,433,2928                           
2026-10-06T20:32:27.871	TEL,3182,S3,846648725,0,0,0,428,2928                           
2026-10-06T20:32:27.871	TEL,3183,S3,846658725,0,0,0,430,2932                           
2026-10-06T20:32:27.871	TEL,3184,S3,846668725,0,0,0,442,2932                           
2026-10-06T20:32:28.481	TEL,3185,S3,846678725,0,0,0,445,2937                           
2026-10-06T20:32:28.481	TEL,3186,S3,846688725,0,0,0,436,2937                           
2026-10-06T20:32:28.481	TEL,3187,S3,846698725,0,0,0,428,2928                           
2026-10-06T20:32:28.481	TEL,3188,S3,846708725,0,0,0,430,2928                           
2026-10-06T20:32:28.481	TEL,3189,S3,846718725,0,0,0,430,2928                           
2026-10-06T20:32:28.481	TEL,3190,S3,846728725,0,0,0,445,2928                           
2026-10-06T20:32:28.481	TEL,3191,S3,846738725,0,0,0,448,2930                           
2026-10-06T20:32:28.481	TEL,3192,S3,846748725,0,0,0,430,2930                           
2026-10-06T20:32:28.481	TEL,3193,S3,846758725,0,0,0,433,2932                           
2026-10-06T20:32:28.481	TEL,3194,S3,846768725,0,0,0,430,2932                           
2026-10-06T20:32:28.481	TEL,3195,S3,846778725,0,0,0,425,2927                           
2026-10-06T20:32:28.481	TEL,3196,S3,846788725,0,0,0,436,2927                           
2026-10-06T20:32:28.481	TEL,3197,S3,846798725,0,0,0,445,2937                           
2026-10-06T20:32:28.481	TEL,3198,S3,846808725,0,0,0,439,2937                           
2026-10-06T20:32:28.481	TEL,3199,S3,846818725,0,0,0,428,2925                           
2026-10-06T20:32:28.481	TEL,3200,S3,846828725,0,0,0,428,2925                           
2026-10-06T20:32:28.481	TEL,3201,S3,846838725,0,0,0,439,2937                           
2026-10-06T20:32:28.481	TEL,3202,S3,846848725,0,0,0,439,2937                           
2026-10-06T20:32:28.481	TEL,3203,S3,846858725,0,0,0,430,2928                           
2026-10-06T20:32:28.481	TEL,3204,S3,846868725,0,0,0,442,2928                           
2026-10-06T20:32:28.481	TEL,3205,S3,846878725,0,0,0,454,2939                           
2026-10-06T20:32:28.481	TEL,3206,S3,846888725,0,0,0,454,2939                           
2026-10-06T20:32:28.481	TEL,3207,S3,846898725,0,0,0,451,2937                           
2026-10-06T20:32:28.481	TEL,3208,S3,846908725,0,0,0,442,2937                           
2026-10-06T20:32:28.481	TEL,3209,S3,846918725,0,0,0,433,2930                           
2026-10-06T20:32:28.481	TEL,3210,S3,846928725,0,0,0,445,2930                           
2026-10-06T20:32:28.481	TEL,3211,S3,846938725,0,0,0,448,2933                           
2026-10-06T20:32:28.481	TEL,3212,S3,846948725,0,0,0,433,2933                           
2026-10-06T20:32:28.481	TEL,3213,S3,846958725,0,0,0,430,2928                           
2026-10-06T20:32:28.481	TEL,3214,S3,846968725,0,0,0,442,2928                           
2026-10-06T20:32:28.481	TEL,3215,S3,846978725,0,0,0,439,2925                           
2026-10-06T20:32:28.481	TEL,3216,S3,846988725,0,0,0,428,2925                           
2026-10-06T20:32:28.481	TEL,3217,S3,846998725,0,0,0,428,2925                           
2026-10-06T20:32:28.481	TEL,3218,S3,847008725,0,0,0,433,2925                           
2026-10-06T20:32:28.481	TEL,3219,S3,847018725,0,0,0,445,2937                           
2026-10-06T20:32:28.481	TEL,3220,S3,847028725,0,0,0,445,2937                           
2026-10-06T20:32:28.481	TEL,3221,S3,847038725,0,0,0,448,2941                           
2026-10-06T20:32:28.481	TEL,3222,S3,847048725,0,0,0,451,2941                           
2026-10-06T20:32:28.481	TEL,3223,S3,847058725,0,0,0,442,2932                           
2026-10-06T20:32:28.481	TEL,3224,S3,847068725,0,0,0,430,2932                           
2026-10-06T20:32:28.481	BTN,40,S3,PRESSED,847077079,847077086                          
2026-10-06T20:32:28.481	TEL,3225,S3,847078725,0,0,0,428,2928                           
2026-10-06T20:32:28.481	TEL,3226,S3,847088725,0,0,0,422,2928                           
2026-10-06T20:32:28.481	TEL,3227,S3,847098725,0,0,0,439,2946                           
2026-10-06T20:32:28.481	TEL,3228,S3,847108725,0,0,0,451,2946                           
2026-10-06T20:32:28.481	TEL,3229,S3,847118725,0,0,0,439,2932                           
2026-10-06T20:32:28.481	TEL,3230,S3,847128725,0,0,0,433,2932                           
2026-10-06T20:32:28.481	TEL,3231,S3,847138725,0,0,0,430,2928                           
2026-10-06T20:32:28.481	TEL,3232,S3,847148725,0,0,0,428,2928                           
2026-10-06T20:32:28.481	TEL,3233,S3,847158725,0,0,0,430,2932                           
2026-10-06T20:32:28.481	TEL,3234,S3,847168725,0,0,0,442,2932                           
2026-10-06T20:32:28.481	TEL,3235,S3,847178725,0,0,0,436,2927                           
2026-10-06T20:32:28.481	TEL,3236,S3,847188725,0,0,0,436,2927                           
2026-10-06T20:32:28.481	TEL,3237,S3,847198725,0,0,0,445,2937                           
2026-10-06T20:32:28.481	TEL,3238,S3,847208725,0,0,0,445,2937                           
2026-10-06T20:32:28.481	TEL,3239,S3,847218725,0,0,0,442,2932                           
2026-10-06T20:32:28.481	TEL,3240,S3,847228725,0,0,0,439,2932                           
2026-10-06T20:32:28.481	TEL,3241,S3,847238725,0,0,0,442,2937                           
2026-10-06T20:32:28.481	TEL,3242,S3,847248725,0,0,0,445,2937                           
2026-10-06T20:32:28.481	TEL,3243,S3,847258725,0,0,0,436,2927                           
2026-10-06T20:32:28.481	TEL,3244,S3,847268725,0,0,0,428,2927                           
2026-10-06T20:32:28.481	TEL,3245,S3,847278725,0,0,0,439,2937                           
2026-10-06T20:32:29.091	TEL,3246,S3,847288725,0,0,0,442,2937                           
2026-10-06T20:32:29.091	TEL,3247,S3,847298725,0,0,0,433,2928                           
2026-10-06T20:32:29.091	TEL,3248,S3,847308725,0,0,0,428,2928                           
2026-10-06T20:32:29.091	TEL,3249,S3,847318725,0,0,0,430,2932                           
2026-10-06T20:32:29.091	TEL,3250,S3,847328725,0,0,0,430,2932                           
2026-10-06T20:32:29.091	TEL,3251,S3,847338725,0,0,0,428,2928                           
2026-10-06T20:32:29.091	TEL,3252,S3,847348725,0,0,0,430,2928                           
2026-10-06T20:32:29.091	TEL,3253,S3,847358725,0,0,0,439,2937                           
2026-10-06T20:32:29.091	TEL,3254,S3,847368725,0,0,0,439,2937                           
2026-10-06T20:32:29.091	TEL,3255,S3,847378725,0,0,0,430,2928                           
2026-10-06T20:32:29.091	TEL,3256,S3,847388725,0,0,0,433,2928                           
2026-10-06T20:32:29.091	TEL,3257,S3,847398725,0,0,0,433,2928                           
2026-10-06T20:32:29.091	TEL,3258,S3,847408725,0,0,0,433,2928                           
2026-10-06T20:32:29.091	TEL,3259,S3,847418725,0,0,0,442,2937                           
2026-10-06T20:32:29.091	TEL,3260,S3,847428725,0,0,0,436,2937                           
2026-10-06T20:32:29.091	TEL,3261,S3,847438725,0,0,0,428,2928                           
2026-10-06T20:32:29.091	TEL,3262,S3,847448725,0,0,0,430,2928                           
2026-10-06T20:32:29.091	TEL,3263,S3,847458725,0,0,0,430,2928                           
2026-10-06T20:32:29.091	TEL,3264,S3,847468725,0,0,0,430,2928                           
2026-10-06T20:32:29.091	TEL,3265,S3,847478725,0,0,0,433,2932                           
2026-10-06T20:32:29.091	TEL,3266,S3,847488725,0,0,0,433,2932                           
2026-10-06T20:32:29.091	TEL,3267,S3,847498725,0,0,0,428,2925                           
2026-10-06T20:32:29.091	TEL,3268,S3,847508725,0,0,0,428,2925                           
2026-10-06T20:32:29.091	TEL,3269,S3,847518725,0,0,0,433,2928                           
2026-10-06T20:32:29.091	TEL,3270,S3,847528725,0,0,0,436,2928                           
2026-10-06T20:32:29.091	TEL,3271,S3,847538725,0,0,0,439,2932                           
2026-10-06T20:32:29.091	TEL,3272,S3,847548725,0,0,0,442,2932                           
2026-10-06T20:32:29.091	TEL,3273,S3,847558725,0,0,0,448,2937                           
2026-10-06T20:32:29.091	TEL,3274,S3,847568725,0,0,0,439,2937                           
2026-10-06T20:32:29.091	TEL,3275,S3,847578725,0,0,0,439,2937                           
2026-10-06T20:32:29.091	TEL,3276,S3,847588725,0,0,0,442,2937                           
2026-10-06T20:32:29.091	TEL,3277,S3,847598725,0,0,0,428,2925                           
2026-10-06T20:32:29.091	TEL,3278,S3,847608725,0,0,0,428,2925                           
2026-10-06T20:32:29.091	TEL,3279,S3,847618725,0,0,0,439,2937                           
2026-10-06T20:32:29.091	TEL,3280,S3,847628725,0,0,0,445,2937                           
2026-10-06T20:32:29.091	TEL,3281,S3,847638725,0,0,0,436,2928                           
2026-10-06T20:32:29.091	TEL,3282,S3,847648725,0,0,0,436,2928                           
2026-10-06T20:32:29.091	TEL,3283,S3,847658725,0,0,0,439,2932                           
2026-10-06T20:32:29.091	TEL,3284,S3,847668725,0,0,0,433,2932                           
2026-10-06T20:32:29.091	TEL,3285,S3,847678725,0,0,0,428,2925                           
2026-10-06T20:32:29.091	TEL,3286,S3,847688725,0,0,0,425,2925                           
2026-10-06T20:32:29.091	TEL,3287,S3,847698725,0,0,0,436,2937                           
2026-10-06T20:32:29.091	TEL,3288,S3,847708725,0,0,0,445,2937                           
2026-10-06T20:32:29.091	TEL,3289,S3,847718725,0,0,0,445,2935                           
2026-10-06T20:32:29.091	TEL,3290,S3,847728725,0,0,0,433,2935                           
2026-10-06T20:32:29.091	TEL,3291,S3,847738725,0,0,0,436,2937                           
2026-10-06T20:32:29.091	TEL,3292,S3,847748725,0,0,0,454,2937                           
2026-10-06T20:32:29.091	TEL,3293,S3,847758725,0,0,0,448,2932                           
2026-10-06T20:32:29.092	TEL,3294,S3,847768725,0,0,0,439,2932                           
2026-10-06T20:32:29.092	TEL,3295,S3,847778725,0,0,0,439,2932                           
2026-10-06T20:32:29.092	BTN,41,S3,PRESSED,847782084,847782091                          
2026-10-06T20:32:29.092	TEL,3296,S3,847788725,0,0,0,442,2932                           
2026-10-06T20:32:29.092	TEL,3297,S3,847798725,0,0,0,439,2930                           
2026-10-06T20:32:29.092	TEL,3298,S3,847808725,0,0,0,433,2930                           
2026-10-06T20:32:29.092	TEL,3299,S3,847818725,0,0,0,436,2932                           
2026-10-06T20:32:29.092	TEL,3300,S3,847828725,0,0,0,442,2932                           
2026-10-06T20:32:29.092	TEL,3301,S3,847838725,0,0,0,442,2932                           
2026-10-06T20:32:29.092	TEL,3302,S3,847848725,0,0,0,439,2932                           
2026-10-06T20:32:29.092	TEL,3303,S3,847858725,0,0,0,439,2932                           
2026-10-06T20:32:29.092	TEL,3304,S3,847868725,0,0,0,445,2932                           
2026-10-06T20:32:29.092	TEL,3305,S3,847878725,0,0,0,445,2930                           
2026-10-06T20:32:29.092	TEL,3306,S3,847888725,0,0,0,433,2930                           
2026-10-06T20:32:29.701	TEL,3307,S3,847898725,0,0,0,436,2932                           
2026-10-06T20:32:29.701	TEL,3308,S3,847908725,0,0,0,442,2932                           
2026-10-06T20:32:29.701	TEL,3309,S3,847918725,0,0,0,448,2941                           
2026-10-06T20:32:29.701	TEL,3310,S3,847928725,0,0,0,442,2941                           
2026-10-06T20:32:29.701	TEL,3311,S3,847938725,0,0,0,433,2932                           
2026-10-06T20:32:29.701	TEL,3312,S3,847948725,0,0,0,428,2932                           
2026-10-06T20:32:29.701	TEL,3313,S3,847958725,0,0,0,428,2932                           
2026-10-06T20:32:29.701	TEL,3314,S3,847968725,0,0,0,430,2932                           
2026-10-06T20:32:29.701	TEL,3315,S3,847978725,0,0,0,428,2928                           
2026-10-06T20:32:29.701	TEL,3316,S3,847988725,0,0,0,436,2928                           
2026-10-06T20:32:29.701	TEL,3317,S3,847998725,0,0,0,442,2932                           
2026-10-06T20:32:29.701	TEL,3318,S3,848008725,0,0,0,430,2932                           
2026-10-06T20:32:29.701	TEL,3319,S3,848018725,0,0,0,430,2932                           
2026-10-06T20:32:29.701	TEL,3320,S3,848028725,0,0,0,436,2932                           
2026-10-06T20:32:29.701	TEL,3321,S3,848038725,0,0,0,442,2937                           
2026-10-06T20:32:29.701	TEL,3322,S3,848048725,0,0,0,436,2937                           
2026-10-06T20:32:29.701	TEL,3323,S3,848058725,0,0,0,425,2925                           
2026-10-06T20:32:29.701	TEL,3324,S3,848068725,0,0,0,428,2925                           
2026-10-06T20:32:29.701	TEL,3325,S3,848078725,0,0,0,433,2932                           
2026-10-06T20:32:29.701	TEL,3326,S3,848088725,0,0,0,436,2932                           
2026-10-06T20:32:29.701	TEL,3327,S3,848098725,0,0,0,442,2937                           
2026-10-06T20:32:29.701	TEL,3328,S3,848108725,0,0,0,442,2937                           
2026-10-06T20:32:29.701	TEL,3329,S3,848118725,0,0,0,436,2932                           
2026-10-06T20:32:29.701	TEL,3330,S3,848128725,0,0,0,445,2932                           
2026-10-06T20:32:29.701	TEL,3331,S3,848138725,0,0,0,442,2928                           
2026-10-06T20:32:29.701	TEL,3332,S3,848148725,0,0,0,430,2928                           
2026-10-06T20:32:29.701	TEL,3333,S3,848158725,0,0,0,439,2939                           
2026-10-06T20:32:29.701	TEL,3334,S3,848168725,0,0,0,436,2939                           
2026-10-06T20:32:29.701	TEL,3335,S3,848178725,0,0,0,425,2925                           
2026-10-06T20:32:29.701	TEL,3336,S3,848188725,0,0,0,425,2925                           
2026-10-06T20:32:29.701	TEL,3337,S3,848198725,0,0,0,436,2937                           
2026-10-06T20:32:29.701	TEL,3338,S3,848208725,0,0,0,433,2937                           
2026-10-06T20:32:29.701	TEL,3339,S3,848218725,0,0,0,433,2937                           
2026-10-06T20:32:29.701	TEL,3340,S3,848228725,0,0,0,451,2937                           
2026-10-06T20:32:29.701	TEL,3341,S3,848238725,0,0,0,451,2937                           
2026-10-06T20:32:29.701	TEL,3342,S3,848248725,0,0,0,425,2937                           
2026-10-06T20:32:29.701	TEL,3343,S3,848258725,0,0,0,425,2937                           
2026-10-06T20:32:29.701	TEL,3344,S3,848268725,0,0,0,439,2937                           
2026-10-06T20:32:29.701	TEL,3345,S3,848278725,0,0,0,433,2932                           
2026-10-06T20:32:29.701	TEL,3346,S3,848288725,0,0,0,433,2932                           
2026-10-06T20:32:29.701	TEL,3347,S3,848298725,0,0,0,430,2928                           
2026-10-06T20:32:29.701	TEL,3348,S3,848308725,0,0,0,433,2928                           
2026-10-06T20:32:29.701	TEL,3349,S3,848318725,0,0,0,436,2932                           
2026-10-06T20:32:29.701	TEL,3350,S3,848328725,0,0,0,442,2932                           
2026-10-06T20:32:29.701	TEL,3351,S3,848338725,0,0,0,442,2932                           
2026-10-06T20:32:29.701	TEL,3352,S3,848348725,0,0,0,436,2932                           
2026-10-06T20:32:29.701	TEL,3353,S3,848358725,0,0,0,428,2925                           
2026-10-06T20:32:29.701	TEL,3354,S3,848368725,0,0,0,430,2925                           
2026-10-06T20:32:29.701	TEL,3355,S3,848378725,0,0,0,442,2937                           
2026-10-06T20:32:29.701	TEL,3356,S3,848388725,0,0,0,442,2937                           
2026-10-06T20:32:29.701	TEL,3357,S3,848398725,0,0,0,433,2928                           
2026-10-06T20:32:29.701	TEL,3358,S3,848408725,0,0,0,436,2928                           
2026-10-06T20:32:29.701	TEL,3359,S3,848418725,0,0,0,442,2932                           
2026-10-06T20:32:29.701	TEL,3360,S3,848428725,0,0,0,442,2932                           
2026-10-06T20:32:29.701	TEL,3361,S3,848438725,0,0,0,436,2928                           
2026-10-06T20:32:29.701	TEL,3362,S3,848448725,0,0,0,430,2928                           
2026-10-06T20:32:29.701	TEL,3363,S3,848458725,0,0,0,433,2932                           
2026-10-06T20:32:29.701	TEL,3364,S3,848468725,0,0,0,433,2932                           
2026-10-06T20:32:29.701	TEL,3365,S3,848478725,0,0,0,439,2937                           
2026-10-06T20:32:29.701	BTN,42,S3,PRESSED,848479090,848479097                          
2026-10-06T20:32:29.701	TEL,3366,S3,848488725,0,0,0,445,2937                           
2026-10-06T20:32:29.701	TEL,3367,S3,848498725,0,0,0,442,2932                           
2026-10-06T20:32:30.305	TEL,3368,S3,848508725,0,0,0,433,2932                           
2026-10-06T20:32:30.305	TEL,3369,S3,848518725,0,0,0,439,2937                           
2026-10-06T20:32:30.305	TEL,3370,S3,848528725,0,0,0,439,2937                           
2026-10-06T20:32:30.305	TEL,3371,S3,848538725,0,0,0,430,2928                           
2026-10-06T20:32:30.305	TEL,3372,S3,848548725,0,0,0,430,2928                           
2026-10-06T20:32:30.305	TEL,3373,S3,848558725,0,0,0,439,2937                           
2026-10-06T20:32:30.305	TEL,3374,S3,848568725,0,0,0,445,2937                           
2026-10-06T20:32:30.305	TEL,3375,S3,848578725,0,0,0,439,2930                           
2026-10-06T20:32:30.305	TEL,3376,S3,848588725,0,0,0,425,2930                           
2026-10-06T20:32:30.305	TEL,3377,S3,848598725,0,0,0,425,2932                           
2026-10-06T20:32:30.305	TEL,3378,S3,848608725,0,0,0,442,2932                           
2026-10-06T20:32:30.305	TEL,3379,S3,848618725,0,0,0,439,2928                           
2026-10-06T20:32:30.305	TEL,3380,S3,848628725,0,0,0,448,2928                           
2026-10-06T20:32:30.305	TEL,3381,S3,848638725,0,0,0,451,2932                           
2026-10-06T20:32:30.305	TEL,3382,S3,848648725,0,0,0,439,2932                           
2026-10-06T20:32:30.305	TEL,3383,S3,848658725,0,0,0,436,2928                           
2026-10-06T20:32:30.305	TEL,3384,S3,848668725,0,0,0,430,2928                           
2026-10-06T20:32:30.305	TEL,3385,S3,848678725,0,0,0,430,2928                           
2026-10-06T20:32:30.305	TEL,3386,S3,848688725,0,0,0,439,2928                           
2026-10-06T20:32:30.305	TEL,3387,S3,848698725,0,0,0,448,2937                           
2026-10-06T20:32:30.305	TEL,3388,S3,848708725,0,0,0,451,2937                           
2026-10-06T20:32:30.305	TEL,3389,S3,848718725,0,0,0,445,2930                           
2026-10-06T20:32:30.305	TEL,3390,S3,848728725,0,0,0,436,2930                           
2026-10-06T20:32:30.305	TEL,3391,S3,848738725,0,0,0,442,2937                           
2026-10-06T20:32:30.305	TEL,3392,S3,848748725,0,0,0,439,2937                           
2026-10-06T20:32:30.305	TEL,3393,S3,848758725,0,0,0,439,2937                           
2026-10-06T20:32:30.305	TEL,3394,S3,848768725,0,0,0,433,2937                           
2026-10-06T20:32:30.305	TEL,3395,S3,848778725,0,0,0,428,2932                           
2026-10-06T20:32:30.305	TEL,3396,S3,848788725,0,0,0,430,2932                           
2026-10-06T20:32:30.305	TEL,3397,S3,848798725,0,0,0,430,2932                           
2026-10-06T20:32:30.305	TEL,3398,S3,848808725,0,0,0,430,2932                           
2026-10-06T20:32:30.305	TEL,3399,S3,848818725,0,0,0,428,2928                           
2026-10-06T20:32:30.305	TEL,3400,S3,848828725,0,0,0,433,2928                           
2026-10-06T20:32:30.305	TEL,3401,S3,848838725,0,0,0,433,2930                           
2026-10-06T20:32:30.305	TEL,3402,S3,848848725,0,0,0,428,2930                           
2026-10-06T20:32:30.305	TEL,3403,S3,848858725,0,0,0,428,2928                           
2026-10-06T20:32:30.305	TEL,3404,S3,848868725,0,0,0,445,2928                           
2026-10-06T20:32:30.305	TEL,3405,S3,848878725,0,0,0,445,2928                           
2026-10-06T20:32:30.305	TEL,3406,S3,848888725,0,0,0,436,2928                           
2026-10-06T20:32:30.305	TEL,3407,S3,848898725,0,0,0,445,2937                           
2026-10-06T20:32:30.305	TEL,3408,S3,848908725,0,0,0,433,2937                           
2026-10-06T20:32:30.305	TEL,3409,S3,848918725,0,0,0,425,2928                           
2026-10-06T20:32:30.305	TEL,3410,S3,848928725,0,0,0,436,2928                           
2026-10-06T20:32:30.305	TEL,3411,S3,848938725,0,0,0,436,2928                           
2026-10-06T20:32:30.305	TEL,3412,S3,848948725,0,0,0,430,2928                           
2026-10-06T20:32:30.305	TEL,3413,S3,848958725,0,0,0,430,2928                           
2026-10-06T20:32:30.305	TEL,3414,S3,848968725,0,0,0,430,2928                           
2026-10-06T20:32:30.305	TEL,3415,S3,848978725,0,0,0,430,2928                           
2026-10-06T20:32:30.305	TEL,3416,S3,848988725,0,0,0,430,2928                           
2026-10-06T20:32:30.305	TEL,3417,S3,848998725,0,0,0,439,2937                           
2026-10-06T20:32:30.305	TEL,3418,S3,849008725,0,0,0,442,2937                           
2026-10-06T20:32:30.305	TEL,3419,S3,849018725,0,0,0,433,2927                           
2026-10-06T20:32:30.305	TEL,3420,S3,849028725,0,0,0,436,2927                           
2026-10-06T20:32:30.305	TEL,3421,S3,849038725,0,0,0,445,2937                           
2026-10-06T20:32:30.305	TEL,3422,S3,849048725,0,0,0,439,2937                           
2026-10-06T20:32:30.305	TEL,3423,S3,849058725,0,0,0,436,2935                           
2026-10-06T20:32:30.305	TEL,3424,S3,849068725,0,0,0,445,2935                           
2026-10-06T20:32:30.305	BTN,43,S3,PRESSED,849076095,849076102                          
2026-10-06T20:32:30.305	TEL,3425,S3,849078725,0,0,0,436,2928                           
2026-10-06T20:32:30.305	TEL,3426,S3,849088725,0,0,0,425,2928                           
2026-10-06T20:32:30.305	TEL,3427,S3,849098725,0,0,0,428,2932                           
2026-10-06T20:32:30.305	TEL,3428,S3,849108725,0,0,0,442,2932                           
2026-10-06T20:32:30.930	TEL,3429,S3,849118725,0,0,0,436,2928                           
2026-10-06T20:32:30.931	TEL,3430,S3,849128725,0,0,0,439,2928                           
2026-10-06T20:32:30.931	TEL,3431,S3,849138725,0,0,0,448,2935                           
2026-10-06T20:32:30.931	TEL,3432,S3,849148725,0,0,0,433,2935                           
2026-10-06T20:32:30.931	TEL,3433,S3,849158725,0,0,0,428,2928                           
2026-10-06T20:32:30.931	TEL,3434,S3,849168725,0,0,0,430,2928                           
2026-10-06T20:32:30.931	TEL,3435,S3,849178725,0,0,0,430,2928                           
2026-10-06T20:32:30.931	TEL,3436,S3,849188725,0,0,0,428,2928                           
2026-10-06T20:32:30.931	TEL,3437,S3,849198725,0,0,0,436,2937                           
2026-10-06T20:32:30.931	TEL,3438,S3,849208725,0,0,0,439,2937                           
2026-10-06T20:32:30.931	TEL,3439,S3,849218725,0,0,0,430,2930                           
2026-10-06T20:32:30.931	TEL,3440,S3,849228725,0,0,0,430,2930                           
2026-10-06T20:32:30.931	TEL,3441,S3,849238725,0,0,0,439,2937                           
2026-10-06T20:32:30.931	TEL,3442,S3,849248725,0,0,0,439,2937                           
2026-10-06T20:32:30.931	TEL,3443,S3,849258725,0,0,0,439,2937                           
2026-10-06T20:32:30.931	TEL,3444,S3,849268725,0,0,0,436,2937                           
2026-10-06T20:32:30.931	TEL,3445,S3,849278725,0,0,0,428,2928                           
2026-10-06T20:32:30.931	TEL,3446,S3,849288725,0,0,0,436,2928                           
2026-10-06T20:32:30.931	TEL,3447,S3,849298725,0,0,0,436,2928                           
2026-10-06T20:32:30.931	TEL,3448,S3,849308725,0,0,0,430,2928                           
2026-10-06T20:32:30.931	TEL,3449,S3,849318725,0,0,0,439,2937                           
2026-10-06T20:32:30.931	TEL,3450,S3,849328725,0,0,0,442,2937                           
2026-10-06T20:32:30.931	TEL,3451,S3,849338725,0,0,0,433,2928                           
2026-10-06T20:32:30.931	TEL,3452,S3,849348725,0,0,0,430,2928                           
2026-10-06T20:32:30.931	TEL,3453,S3,849358725,0,0,0,433,2932                           
2026-10-06T20:32:30.931	TEL,3454,S3,849368725,0,0,0,442,2932                           
2026-10-06T20:32:30.931	TEL,3455,S3,849378725,0,0,0,433,2925                           
2026-10-06T20:32:30.931	TEL,3456,S3,849388725,0,0,0,428,2925                           
2026-10-06T20:32:30.931	TEL,3457,S3,849398725,0,0,0,428,2925                           
2026-10-06T20:32:30.931	TEL,3458,S3,849408725,0,0,0,428,2925                           
2026-10-06T20:32:30.931	TEL,3459,S3,849418725,0,0,0,428,2925                           
2026-10-06T20:32:30.931	TEL,3460,S3,849428725,0,0,0,428,2925                           
2026-10-06T20:32:30.931	TEL,3461,S3,849438725,0,0,0,430,2928                           
2026-10-06T20:32:30.931	TEL,3462,S3,849448725,0,0,0,436,2928                           
2026-10-06T20:32:30.931	TEL,3463,S3,849458725,0,0,0,436,2928                           
2026-10-06T20:32:30.931	TEL,3464,S3,849468725,0,0,0,430,2928                           
2026-10-06T20:32:30.931	TEL,3465,S3,849478725,0,0,0,433,2932                           
2026-10-06T20:32:30.931	TEL,3466,S3,849488725,0,0,0,442,2932                           
2026-10-06T20:32:30.931	TEL,3467,S3,849498725,0,0,0,442,2932                           
2026-10-06T20:32:30.931	TEL,3468,S3,849508725,0,0,0,442,2932                           
2026-10-06T20:32:30.931	TEL,3469,S3,849518725,0,0,0,436,2928                           
2026-10-06T20:32:30.931	TEL,3470,S3,849528725,0,0,0,436,2928                           
2026-10-06T20:32:30.931	TEL,3471,S3,849538725,0,0,0,433,2925                           
2026-10-06T20:32:30.931	TEL,3472,S3,849548725,0,0,0,436,2925                           
2026-10-06T20:32:30.931	TEL,3473,S3,849558725,0,0,0,448,2937                           
2026-10-06T20:32:30.931	TEL,3474,S3,849568725,0,0,0,439,2937                           
2026-10-06T20:32:30.931	TEL,3475,S3,849578725,0,0,0,430,2928                           
2026-10-06T20:32:30.931	TEL,3476,S3,849588725,0,0,0,436,2928                           
2026-10-06T20:32:30.931	TEL,3477,S3,849598725,0,0,0,445,2937                           
2026-10-06T20:32:30.931	TEL,3478,S3,849608725,0,0,0,445,2937                           
2026-10-06T20:32:30.931	TEL,3479,S3,849618725,0,0,0,442,2932                           
2026-10-06T20:32:30.931	TEL,3480,S3,849628725,0,0,0,433,2932                           
2026-10-06T20:32:30.931	TEL,3481,S3,849638725,0,0,0,436,2935                           
2026-10-06T20:32:30.931	TEL,3482,S3,849648725,0,0,0,448,2935                           
2026-10-06T20:32:30.931	TEL,3483,S3,849658725,0,0,0,442,2930                           
2026-10-06T20:32:30.931	TEL,3484,S3,849668725,0,0,0,430,2930                           
2026-10-06T20:32:30.931	TEL,3485,S3,849678725,0,0,0,428,2927                           
2026-10-06T20:32:30.931	TEL,3486,S3,849688725,0,0,0,425,2927                           
2026-10-06T20:32:30.931	TEL,3487,S3,849698725,0,0,0,430,2932                           
2026-10-06T20:32:30.931	TEL,3488,S3,849708725,0,0,0,436,2932                           
2026-10-06T20:32:30.931	TEL,3489,S3,849718725,0,0,0,442,2937                           
2026-10-06T20:32:30.931	TEL,3490,S3,849728725,0,0,0,439,2937                           
2026-10-06T20:32:31.541	TEL,3491,S3,849738725,0,0,0,428,2925                           
2026-10-06T20:32:31.541	TEL,3492,S3,849748725,0,0,0,428,2925                           
2026-10-06T20:32:31.541	TEL,3493,S3,849758725,0,0,0,433,2932                           
2026-10-06T20:32:31.541	TEL,3494,S3,849768725,0,0,0,433,2932                           
2026-10-06T20:32:31.541	TEL,3495,S3,849778725,0,0,0,433,2932                           
2026-10-06T20:32:31.541	TEL,3496,S3,849788725,0,0,0,439,2932                           
2026-10-06T20:32:31.541	TEL,3497,S3,849798725,0,0,0,442,2937                           
2026-10-06T20:32:31.541	TEL,3498,S3,849808725,0,0,0,448,2937                           
2026-10-06T20:32:31.541	TEL,3499,S3,849818725,0,0,0,448,2937                           
2026-10-06T20:32:31.541	TEL,3500,S3,849828725,0,0,0,433,2937                           
2026-10-06T20:32:31.541	TEL,3501,S3,849838725,0,0,0,425,2928                           
2026-10-06T20:32:31.541	TEL,3502,S3,849848725,0,0,0,430,2928                           
2026-10-06T20:32:31.541	TEL,3503,S3,849858725,0,0,0,439,2937                           
2026-10-06T20:32:31.541	TEL,3504,S3,849868725,0,0,0,439,2937                           
2026-10-06T20:32:31.541	TEL,3505,S3,849878725,0,0,0,433,2932                           
2026-10-06T20:32:31.541	TEL,3506,S3,849888725,0,0,0,442,2932                           
2026-10-06T20:32:31.541	BTN,44,S3,PRESSED,849895100,849895108                          
2026-10-06T20:32:31.541	TEL,3507,S3,849898725,0,0,0,436,2928                           
2026-10-06T20:32:31.541	TEL,3508,S3,849908725,0,0,0,433,2928                           
2026-10-06T20:32:31.541	TEL,3509,S3,849918725,0,0,0,442,2937                           
2026-10-06T20:32:31.541	TEL,3510,S3,849928725,0,0,0,439,2937                           
2026-10-06T20:32:31.541	TEL,3511,S3,849938725,0,0,0,430,2928                           
2026-10-06T20:32:31.541	TEL,3512,S3,849948725,0,0,0,430,2928                           
2026-10-06T20:32:31.541	TEL,3513,S3,849958725,0,0,0,439,2937                           
2026-10-06T20:32:31.541	TEL,3514,S3,849968725,0,0,0,439,2937                           
2026-10-06T20:32:31.541	TEL,3515,S3,849978725,0,0,0,433,2932                           
2026-10-06T20:32:31.541	TEL,3516,S3,849988725,0,0,0,442,2932                           
2026-10-06T20:32:31.541	TEL,3517,S3,849998725,0,0,0,439,2930                           
2026-10-06T20:32:31.541	TEL,3518,S3,850008725,0,0,0,430,2930                           
2026-10-06T20:32:31.541	TEL,3519,S3,850018725,0,0,0,439,2937                           
2026-10-06T20:32:31.541	TEL,3520,S3,850028725,0,0,0,445,2937                           
2026-10-06T20:32:31.541	TEL,3521,S3,850038725,0,0,0,442,2932                           
2026-10-06T20:32:31.541	TEL,3522,S3,850048725,0,0,0,433,2932                           
2026-10-06T20:32:31.541	TEL,3523,S3,850058725,0,0,0,439,2937                           
2026-10-06T20:32:31.541	TEL,3524,S3,850068725,0,0,0,439,2937                           
2026-10-06T20:32:31.541	TEL,3525,S3,850078725,0,0,0,430,2928                           
2026-10-06T20:32:31.541	TEL,3526,S3,850088725,0,0,0,436,2928                           
2026-10-06T20:32:31.541	TEL,3527,S3,850098725,0,0,0,442,2932                           
2026-10-06T20:32:31.541	TEL,3528,S3,850108725,0,0,0,430,2932                           
2026-10-06T20:32:31.541	TEL,3529,S3,850118725,0,0,0,428,2928                           
2026-10-06T20:32:31.541	TEL,3530,S3,850128725,0,0,0,436,2928                           
2026-10-06T20:32:31.541	TEL,3531,S3,850138725,0,0,0,436,2928                           
2026-10-06T20:32:31.541	TEL,3532,S3,850148725,0,0,0,430,2928                           
2026-10-06T20:32:31.541	TEL,3533,S3,850158725,0,0,0,439,2937                           
2026-10-06T20:32:31.541	TEL,3534,S3,850168725,0,0,0,442,2937                           
2026-10-06T20:32:31.541	TEL,3535,S3,850178725,0,0,0,442,2937                           
2026-10-06T20:32:31.541	TEL,3536,S3,850188725,0,0,0,442,2937                           
2026-10-06T20:32:31.541	TEL,3537,S3,850198725,0,0,0,442,2937                           
2026-10-06T20:32:31.541	TEL,3538,S3,850208725,0,0,0,436,2937                           
2026-10-06T20:32:31.541	TEL,3539,S3,850218725,0,0,0,436,2937                           
2026-10-06T20:32:31.541	TEL,3540,S3,850228725,0,0,0,436,2937                           
2026-10-06T20:32:31.541	TEL,3541,S3,850238725,0,0,0,428,2928                           
2026-10-06T20:32:31.541	TEL,3542,S3,850248725,0,0,0,442,2928                           
2026-10-06T20:32:31.541	TEL,3543,S3,850258725,0,0,0,442,2928                           
2026-10-06T20:32:31.541	TEL,3544,S3,850268725,0,0,0,436,2928                           
2026-10-06T20:32:31.541	TEL,3545,S3,850278725,0,0,0,436,2928                           
2026-10-06T20:32:31.541	TEL,3546,S3,850288725,0,0,0,442,2928                           
2026-10-06T20:32:31.541	TEL,3547,S3,850298725,0,0,0,445,2932                           
2026-10-06T20:32:31.541	TEL,3548,S3,850308725,0,0,0,433,2932                           
2026-10-06T20:32:31.541	TEL,3549,S3,850318725,0,0,0,430,2930                           
2026-10-06T20:32:31.541	TEL,3550,S3,850328725,0,0,0,433,2930                           
2026-10-06T20:32:31.541	TEL,3551,S3,850338725,0,0,0,433,2930                           
2026-10-06T20:32:32.148	TEL,3552,S3,850348725,0,0,0,430,2930                           
2026-10-06T20:32:32.148	TEL,3553,S3,850358725,0,0,0,433,2932                           
2026-10-06T20:32:32.148	TEL,3554,S3,850368725,0,0,0,430,2932                           
2026-10-06T20:32:32.148	TEL,3555,S3,850378725,0,0,0,430,2932                           
2026-10-06T20:32:32.148	TEL,3556,S3,850388725,0,0,0,442,2932                           
2026-10-06T20:32:32.148	TEL,3557,S3,850398725,0,0,0,436,2928                           
2026-10-06T20:32:32.148	TEL,3558,S3,850408725,0,0,0,430,2928                           
2026-10-06T20:32:32.148	TEL,3559,S3,850418725,0,0,0,430,2930                           
2026-10-06T20:32:32.148	TEL,3560,S3,850428725,0,0,0,439,2930                           
2026-10-06T20:32:32.148	TEL,3561,S3,850438725,0,0,0,442,2932                           
2026-10-06T20:32:32.148	TEL,3562,S3,850448725,0,0,0,433,2932                           
2026-10-06T20:32:32.148	TEL,3563,S3,850458725,0,0,0,428,2927                           
2026-10-06T20:32:32.148	TEL,3564,S3,850468725,0,0,0,439,2927                           
2026-10-06T20:32:32.148	TEL,3565,S3,850478725,0,0,0,439,2928                           
2026-10-06T20:32:32.148	TEL,3566,S3,850488725,0,0,0,436,2928                           
2026-10-06T20:32:32.148	TEL,3567,S3,850498725,0,0,0,445,2935                           
2026-10-06T20:32:32.148	TEL,3568,S3,850508725,0,0,0,445,2935                           
2026-10-06T20:32:32.148	TEL,3569,S3,850518725,0,0,0,445,2937                           
2026-10-06T20:32:32.148	TEL,3570,S3,850528725,0,0,0,448,2937                           
2026-10-06T20:32:32.148	TEL,3571,S3,850538725,0,0,0,442,2932                           
2026-10-06T20:32:32.148	TEL,3572,S3,850548725,0,0,0,442,2932                           
2026-10-06T20:32:32.148	TEL,3573,S3,850558725,0,0,0,442,2932                           
2026-10-06T20:32:32.148	TEL,3574,S3,850568725,0,0,0,442,2932                           
2026-10-06T20:32:32.148	TEL,3575,S3,850578725,0,0,0,442,2932                           
2026-10-06T20:32:32.148	TEL,3576,S3,850588725,0,0,0,433,2932                           
2026-10-06T20:32:32.148	TEL,3577,S3,850598725,0,0,0,439,2939                           
2026-10-06T20:32:32.148	TEL,3578,S3,850608725,0,0,0,439,2939                           
2026-10-06T20:32:32.148	TEL,3579,S3,850618725,0,0,0,430,2928                           
2026-10-06T20:32:32.148	TEL,3580,S3,850628725,0,0,0,430,2928                           
2026-10-06T20:32:32.148	TEL,3581,S3,850638725,0,0,0,439,2937                           
2026-10-06T20:32:32.148	TEL,3582,S3,850648725,0,0,0,445,2937                           
2026-10-06T20:32:32.148	TEL,3583,S3,850658725,0,0,0,448,2939                           
2026-10-06T20:32:32.148	TEL,3584,S3,850668725,0,0,0,448,2939                           
2026-10-06T20:32:32.148	TEL,3585,S3,850678725,0,0,0,442,2932                           
2026-10-06T20:32:32.148	TEL,3586,S3,850688725,0,0,0,451,2932                           
2026-10-06T20:32:32.148	TEL,3587,S3,850698725,0,0,0,448,2928                           
2026-10-06T20:32:32.148	TEL,3588,S3,850708725,0,0,0,430,2928                           
2026-10-06T20:32:32.148	TEL,3589,S3,850718725,0,0,0,433,2932                           
2026-10-06T20:32:32.148	TEL,3590,S3,850728725,0,0,0,433,2932                           
2026-10-06T20:32:32.148	TEL,3591,S3,850738725,0,0,0,430,2928                           
2026-10-06T20:32:32.148	TEL,3592,S3,850748725,0,0,0,430,2928                           
2026-10-06T20:32:32.148	TEL,3593,S3,850758725,0,0,0,439,2937                           
2026-10-06T20:32:32.148	BTN,45,S3,PRESSED,850762106,850762113                          
2026-10-06T20:32:32.148	TEL,3594,S3,850768725,0,0,0,439,2937                           
2026-10-06T20:32:32.148	TEL,3595,S3,850778725,0,0,0,433,2932                           
2026-10-06T20:32:32.148	TEL,3596,S3,850788725,0,0,0,436,2932                           
2026-10-06T20:32:32.148	TEL,3597,S3,850798725,0,0,0,442,2937                           
2026-10-06T20:32:32.148	TEL,3598,S3,850808725,0,0,0,445,2937                           
2026-10-06T20:32:32.148	TEL,3599,S3,850818725,0,0,0,436,2928                           
2026-10-06T20:32:32.148	TEL,3600,S3,850828725,0,0,0,436,2928                           
2026-10-06T20:32:32.148	TEL,3601,S3,850838725,0,0,0,442,2933                           
2026-10-06T20:32:32.148	TEL,3602,S3,850848725,0,0,0,442,2933                           
2026-10-06T20:32:32.148	TEL,3603,S3,850858725,0,0,0,433,2925                           
2026-10-06T20:32:32.148	TEL,3604,S3,850868725,0,0,0,428,2925                           
2026-10-06T20:32:32.148	TEL,3605,S3,850878725,0,0,0,439,2937                           
2026-10-06T20:32:32.148	TEL,3606,S3,850888725,0,0,0,445,2937                           
2026-10-06T20:32:32.148	TEL,3607,S3,850898725,0,0,0,448,2939                           
2026-10-06T20:32:32.148	TEL,3608,S3,850908725,0,0,0,439,2939                           
2026-10-06T20:32:32.148	TEL,3609,S3,850918725,0,0,0,439,2937                           
2026-10-06T20:32:32.148	TEL,3610,S3,850928725,0,0,0,445,2937                           
2026-10-06T20:32:32.148	TEL,3611,S3,850938725,0,0,0,445,2937                           
2026-10-06T20:32:32.148	TEL,3612,S3,850948725,0,0,0,439,2937                           
2026-10-06T20:32:32.753	TEL,3613,S3,850958725,0,0,0,428,2925                           
2026-10-06T20:32:32.753	TEL,3614,S3,850968725,0,0,0,428,2925                           
2026-10-06T20:32:32.753	TEL,3615,S3,850978725,0,0,0,439,2937                           
2026-10-06T20:32:32.753	TEL,3616,S3,850988725,0,0,0,445,2937                           
2026-10-06T20:32:32.753	TEL,3617,S3,850998725,0,0,0,445,2937                           
2026-10-06T20:32:32.753	TEL,3618,S3,851008725,0,0,0,439,2937                           
2026-10-06T20:32:32.753	TEL,3619,S3,851018725,0,0,0,433,2932                           
2026-10-06T20:32:32.753	TEL,3620,S3,851028725,0,0,0,445,2932                           
2026-10-06T20:32:32.753	TEL,3621,S3,851038725,0,0,0,451,2937                           
2026-10-06T20:32:32.753	TEL,3622,S3,851048725,0,0,0,448,2937                           
2026-10-06T20:32:32.753	TEL,3623,S3,851058725,0,0,0,442,2932                           
2026-10-06T20:32:32.753	TEL,3624,S3,851068725,0,0,0,433,2932                           
2026-10-06T20:32:32.753	TEL,3625,S3,851078725,0,0,0,430,2930                           
2026-10-06T20:32:32.753	TEL,3626,S3,851088725,0,0,0,439,2930                           
2026-10-06T20:32:32.753	TEL,3627,S3,851098725,0,0,0,445,2937                           
2026-10-06T20:32:32.753	TEL,3628,S3,851108725,0,0,0,436,2937                           
2026-10-06T20:32:32.753	TEL,3629,S3,851118725,0,0,0,436,2939                           
2026-10-06T20:32:32.753	TEL,3630,S3,851128725,0,0,0,448,2939                           
2026-10-06T20:32:32.753	TEL,3631,S3,851138725,0,0,0,445,2937                           
2026-10-06T20:32:32.753	TEL,3632,S3,851148725,0,0,0,439,2937                           
2026-10-06T20:32:32.753	TEL,3633,S3,851158725,0,0,0,428,2927                           
2026-10-06T20:32:32.753	TEL,3634,S3,851168725,0,0,0,436,2927                           
2026-10-06T20:32:32.753	TEL,3635,S3,851178725,0,0,0,445,2937                           
2026-10-06T20:32:32.753	TEL,3636,S3,851188725,0,0,0,439,2937                           
2026-10-06T20:32:32.753	TEL,3637,S3,851198725,0,0,0,433,2933                           
2026-10-06T20:32:32.753	TEL,3638,S3,851208725,0,0,0,436,2933                           
2026-10-06T20:32:32.753	TEL,3639,S3,851218725,0,0,0,442,2939                           
2026-10-06T20:32:32.753	TEL,3640,S3,851228725,0,0,0,439,2939                           
2026-10-06T20:32:32.753	TEL,3641,S3,851238725,0,0,0,430,2928                           
2026-10-06T20:32:32.753	TEL,3642,S3,851248725,0,0,0,433,2928                           
2026-10-06T20:32:32.753	TEL,3643,S3,851258725,0,0,0,433,2928                           
2026-10-06T20:32:32.753	TEL,3644,S3,851268725,0,0,0,428,2928                           
2026-10-06T20:32:32.753	TEL,3645,S3,851278725,0,0,0,425,2925                           
2026-10-06T20:32:32.753	TEL,3646,S3,851288725,0,0,0,428,2925                           
2026-10-06T20:32:32.753	TEL,3647,S3,851298725,0,0,0,433,2928                           
2026-10-06T20:32:32.753	TEL,3648,S3,851308725,0,0,0,430,2928                           
2026-10-06T20:32:32.753	TEL,3649,S3,851318725,0,0,0,430,2930                           
2026-10-06T20:32:32.753	TEL,3650,S3,851328725,0,0,0,430,2930                           
2026-10-06T20:32:32.753	TEL,3651,S3,851338725,0,0,0,430,2928                           
2026-10-06T20:32:32.753	TEL,3652,S3,851348725,0,0,0,430,2928                           
2026-10-06T20:32:32.753	TEL,3653,S3,851358725,0,0,0,433,2932                           
2026-10-06T20:32:32.753	TEL,3654,S3,851368725,0,0,0,430,2932                           
2026-10-06T20:32:32.753	BTN,46,S3,PRESSED,851369111,851369119                          
2026-10-06T20:32:32.753	TEL,3655,S3,851378725,0,0,0,430,2932                           
2026-10-06T20:32:32.753	TEL,3656,S3,851388725,0,0,0,442,2932                           
2026-10-06T20:32:32.753	TEL,3657,S3,851398725,0,0,0,433,2925                           
2026-10-06T20:32:32.753	TEL,3658,S3,851408725,0,0,0,428,2925                           
2026-10-06T20:32:32.753	TEL,3659,S3,851418725,0,0,0,433,2932                           
2026-10-06T20:32:32.753	TEL,3660,S3,851428725,0,0,0,442,2932                           
2026-10-06T20:32:32.753	TEL,3661,S3,851438725,0,0,0,448,2937                           
2026-10-06T20:32:32.753	TEL,3662,S3,851448725,0,0,0,439,2937                           
2026-10-06T20:32:32.753	TEL,3663,S3,851458725,0,0,0,436,2935                           
2026-10-06T20:32:32.753	TEL,3664,S3,851468725,0,0,0,448,2935                           
2026-10-06T20:32:32.753	TEL,3665,S3,851478725,0,0,0,442,2932                           
2026-10-06T20:32:32.753	TEL,3666,S3,851488725,0,0,0,433,2932                           
2026-10-06T20:32:32.753	TEL,3667,S3,851498725,0,0,0,430,2928                           
2026-10-06T20:32:32.753	TEL,3668,S3,851508725,0,0,0,430,2928                           
2026-10-06T20:32:32.753	TEL,3669,S3,851518725,0,0,0,433,2932                           
2026-10-06T20:32:32.753	TEL,3670,S3,851528725,0,0,0,442,2932                           
2026-10-06T20:32:32.753	TEL,3671,S3,851538725,0,0,0,442,2932                           
2026-10-06T20:32:32.753	TEL,3672,S3,851548725,0,0,0,439,2932                           
2026-10-06T20:32:32.753	TEL,3673,S3,851558725,0,0,0,430,2925                           
2026-10-06T20:32:33.370	TEL,3674,S3,851568725,0,0,0,425,2925                           
2026-10-06T20:32:33.370	TEL,3675,S3,851578725,0,0,0,436,2937                           
2026-10-06T20:32:33.370	TEL,3676,S3,851588725,0,0,0,439,2937                           
2026-10-06T20:32:33.370	TEL,3677,S3,851598725,0,0,0,433,2932                           
2026-10-06T20:32:33.370	TEL,3678,S3,851608725,0,0,0,439,2932                           
2026-10-06T20:32:33.370	TEL,3679,S3,851618725,0,0,0,442,2937                           
2026-10-06T20:32:33.370	TEL,3680,S3,851628725,0,0,0,436,2937                           
2026-10-06T20:32:33.370	TEL,3681,S3,851638725,0,0,0,436,2937                           
2026-10-06T20:32:33.370	TEL,3682,S3,851648725,0,0,0,439,2937                           
2026-10-06T20:32:33.370	TEL,3683,S3,851658725,0,0,0,430,2928                           
2026-10-06T20:32:33.370	TEL,3684,S3,851668725,0,0,0,416,2928                           
2026-10-06T20:32:33.371	TEL,3685,S3,851678725,0,0,0,425,2937                           
2026-10-06T20:32:33.371	TEL,3686,S3,851688725,0,0,0,445,2937                           
2026-10-06T20:32:33.371	TEL,3687,S3,851698725,0,0,0,442,2932                           
2026-10-06T20:32:33.371	TEL,3688,S3,851708725,0,0,0,442,2932                           
2026-10-06T20:32:33.371	TEL,3689,S3,851718725,0,0,0,442,2932                           
2026-10-06T20:32:33.371	TEL,3690,S3,851728725,0,0,0,436,2932                           
2026-10-06T20:32:33.371	TEL,3691,S3,851738725,0,0,0,433,2930                           
2026-10-06T20:32:33.371	TEL,3692,S3,851748725,0,0,0,428,2930                           
2026-10-06T20:32:33.371	TEL,3693,S3,851758725,0,0,0,430,2932                           
2026-10-06T20:32:33.371	TEL,3694,S3,851768725,0,0,0,442,2932                           
2026-10-06T20:32:33.371	TEL,3695,S3,851778725,0,0,0,442,2932                           
2026-10-06T20:32:33.371	TEL,3696,S3,851788725,0,0,0,445,2932                           
2026-10-06T20:32:33.371	TEL,3697,S3,851798725,0,0,0,445,2932                           
2026-10-06T20:32:33.371	TEL,3698,S3,851808725,0,0,0,430,2932                           
2026-10-06T20:32:33.371	TEL,3699,S3,851818725,0,0,0,428,2930                           
2026-10-06T20:32:33.371	TEL,3700,S3,851828725,0,0,0,428,2930                           
2026-10-06T20:32:33.371	TEL,3701,S3,851838725,0,0,0,433,2937                           
2026-10-06T20:32:33.371	TEL,3702,S3,851848725,0,0,0,442,2937                           
2026-10-06T20:32:33.371	TEL,3703,S3,851858725,0,0,0,442,2937                           
2026-10-06T20:32:33.371	TEL,3704,S3,851868725,0,0,0,439,2937                           
2026-10-06T20:32:33.371	TEL,3705,S3,851878725,0,0,0,433,2932                           
2026-10-06T20:32:33.371	TEL,3706,S3,851888725,0,0,0,439,2932                           
2026-10-06T20:32:33.371	TEL,3707,S3,851898725,0,0,0,442,2937                           
2026-10-06T20:32:33.371	TEL,3708,S3,851908725,0,0,0,439,2937                           
2026-10-06T20:32:33.371	BTN,47,S3,PRESSED,851913117,851913124                          
2026-10-06T20:32:33.371	TEL,3709,S3,851918725,0,0,0,439,2937                           
2026-10-06T20:32:33.371	TEL,3710,S3,851928725,0,0,0,442,2937                           
2026-10-06T20:32:33.371	TEL,3711,S3,851938725,0,0,0,445,2939                           
2026-10-06T20:32:33.371	TEL,3712,S3,851948725,0,0,0,448,2939                           
2026-10-06T20:32:33.371	TEL,3713,S3,851958725,0,0,0,445,2937                           
2026-10-06T20:32:33.371	TEL,3714,S3,851968725,0,0,0,439,2937                           
2026-10-06T20:32:33.371	TEL,3715,S3,851978725,0,0,0,433,2932                           
2026-10-06T20:32:33.371	TEL,3716,S3,851988725,0,0,0,442,2932                           
2026-10-06T20:32:33.371	TEL,3717,S3,851998725,0,0,0,433,2925                           
2026-10-06T20:32:33.371	TEL,3718,S3,852008725,0,0,0,430,2925                           
2026-10-06T20:32:33.371	TEL,3719,S3,852018725,0,0,0,433,2927                           
2026-10-06T20:32:33.371	TEL,3720,S3,852028725,0,0,0,428,2927                           
2026-10-06T20:32:33.371	TEL,3721,S3,852038725,0,0,0,439,2937                           
2026-10-06T20:32:33.371	TEL,3722,S3,852048725,0,0,0,451,2937                           
2026-10-06T20:32:33.371	TEL,3723,S3,852058725,0,0,0,451,2935                           
2026-10-06T20:32:33.371	TEL,3724,S3,852068725,0,0,0,454,2935                           
2026-10-06T20:32:33.371	TEL,3725,S3,852078725,0,0,0,451,2930                           
2026-10-06T20:32:33.371	TEL,3726,S3,852088725,0,0,0,439,2930                           
2026-10-06T20:32:33.371	TEL,3727,S3,852098725,0,0,0,433,2925                           
2026-10-06T20:32:33.371	TEL,3728,S3,852108725,0,0,0,430,2925                           
2026-10-06T20:32:33.371	TEL,3729,S3,852118725,0,0,0,442,2937                           
2026-10-06T20:32:33.371	TEL,3730,S3,852128725,0,0,0,442,2937                           
2026-10-06T20:32:33.371	TEL,3731,S3,852138725,0,0,0,433,2928                           
2026-10-06T20:32:33.371	TEL,3732,S3,852148725,0,0,0,439,2928                           
2026-10-06T20:32:33.371	TEL,3733,S3,852158725,0,0,0,448,2937                           
2026-10-06T20:32:33.371	TEL,3734,S3,852168725,0,0,0,430,2937                           
2026-10-06T20:32:33.981	TEL,3735,S3,852178725,0,0,0,425,2932                           
2026-10-06T20:32:33.981	TEL,3736,S3,852188725,0,0,0,442,2932                           
2026-10-06T20:32:33.981	TEL,3737,S3,852198725,0,0,0,436,2928                           
2026-10-06T20:32:33.981	TEL,3738,S3,852208725,0,0,0,436,2928                           
2026-10-06T20:32:33.981	TEL,3739,S3,852218725,0,0,0,433,2925                           
2026-10-06T20:32:33.981	TEL,3740,S3,852228725,0,0,0,433,2925                           
2026-10-06T20:32:33.981	TEL,3741,S3,852238725,0,0,0,439,2930                           
2026-10-06T20:32:33.981	TEL,3742,S3,852248725,0,0,0,442,2930                           
2026-10-06T20:32:33.981	TEL,3743,S3,852258725,0,0,0,445,2933                           
2026-10-06T20:32:33.981	TEL,3744,S3,852268725,0,0,0,442,2933                           
2026-10-06T20:32:33.981	TEL,3745,S3,852278725,0,0,0,436,2927                           
2026-10-06T20:32:33.981	TEL,3746,S3,852288725,0,0,0,439,2927                           
2026-10-06T20:32:33.981	TEL,3747,S3,852298725,0,0,0,439,2928                           
2026-10-06T20:32:33.981	TEL,3748,S3,852308725,0,0,0,433,2928                           
2026-10-06T20:32:33.981	TEL,3749,S3,852318725,0,0,0,442,2937                           
2026-10-06T20:32:33.981	TEL,3750,S3,852328725,0,0,0,445,2937                           
2026-10-06T20:32:33.981	TEL,3751,S3,852338725,0,0,0,445,2937                           
2026-10-06T20:32:33.981	TEL,3752,S3,852348725,0,0,0,436,2937                           
2026-10-06T20:32:33.981	TEL,3753,S3,852358725,0,0,0,436,2937                           
2026-10-06T20:32:33.981	TEL,3754,S3,852368725,0,0,0,451,2937                           
2026-10-06T20:32:33.981	TEL,3755,S3,852378725,0,0,0,451,2937                           
2026-10-06T20:32:33.981	TEL,3756,S3,852388725,0,0,0,436,2937                           
2026-10-06T20:32:33.981	TEL,3757,S3,852398725,0,0,0,430,2932                           
2026-10-06T20:32:33.981	TEL,3758,S3,852408725,0,0,0,442,2932                           
2026-10-06T20:32:33.981	TEL,3759,S3,852418725,0,0,0,439,2928                           
2026-10-06T20:32:33.981	TEL,3760,S3,852428725,0,0,0,428,2928                           
2026-10-06T20:32:33.981	TEL,3761,S3,852438725,0,0,0,425,2925                           
2026-10-06T20:32:33.981	TEL,3762,S3,852448725,0,0,0,425,2925                           
2026-10-06T20:32:33.981	TEL,3763,S3,852458725,0,0,0,428,2928                           
2026-10-06T20:32:33.981	TEL,3764,S3,852468725,0,0,0,430,2928                           
2026-10-06T20:32:33.981	TEL,3765,S3,852478725,0,0,0,430,2928                           
2026-10-06T20:32:33.981	TEL,3766,S3,852488725,0,0,0,433,2928                           
2026-10-06T20:32:33.981	TEL,3767,S3,852498725,0,0,0,436,2932                           
2026-10-06T20:32:33.981	TEL,3768,S3,852508725,0,0,0,442,2932                           
2026-10-06T20:32:33.981	TEL,3769,S3,852518725,0,0,0,433,2925                           
2026-10-06T20:32:33.981	TEL,3770,S3,852528725,0,0,0,428,2925                           
2026-10-06T20:32:33.981	TEL,3771,S3,852538725,0,0,0,433,2932                           
2026-10-06T20:32:33.981	TEL,3772,S3,852548725,0,0,0,422,2932                           
2026-10-06T20:32:33.981	TEL,3773,S3,852558725,0,0,0,419,2927                           
2026-10-06T20:32:33.981	TEL,3774,S3,852568725,0,0,0,425,2927                           
2026-10-06T20:32:33.981	TEL,3775,S3,852578725,0,0,0,428,2928                           
2026-10-06T20:32:33.981	TEL,3776,S3,852588725,0,0,0,436,2928                           
2026-10-06T20:32:33.981	TEL,3777,S3,852598725,0,0,0,439,2932                           
2026-10-06T20:32:33.981	TEL,3778,S3,852608725,0,0,0,442,2932                           
2026-10-06T20:32:33.981	TEL,3779,S3,852618725,0,0,0,445,2937                           
2026-10-06T20:32:33.981	TEL,3780,S3,852628725,0,0,0,439,2937                           
2026-10-06T20:32:33.981	TEL,3781,S3,852638725,0,0,0,439,2937                           
2026-10-06T20:32:33.981	TEL,3782,S3,852648725,0,0,0,436,2937                           
2026-10-06T20:32:33.981	TEL,3783,S3,852658725,0,0,0,428,2928                           
2026-10-06T20:32:33.981	TEL,3784,S3,852668725,0,0,0,436,2928                           
2026-10-06T20:32:33.981	TEL,3785,S3,852678725,0,0,0,442,2932                           
2026-10-06T20:32:33.981	TEL,3786,S3,852688725,0,0,0,436,2932                           
2026-10-06T20:32:33.981	TEL,3787,S3,852698725,0,0,0,436,2932                           
2026-10-06T20:32:33.981	TEL,3788,S3,852708725,0,0,0,430,2932                           
2026-10-06T20:32:33.981	TEL,3789,S3,852718725,0,0,0,430,2932                           
2026-10-06T20:32:33.981	TEL,3790,S3,852728725,0,0,0,439,2932                           
2026-10-06T20:32:33.981	TEL,3791,S3,852738725,0,0,0,439,2932                           
2026-10-06T20:32:33.981	TEL,3792,S3,852748725,0,0,0,433,2932                           
2026-10-06T20:32:33.981	TEL,3793,S3,852758725,0,0,0,439,2937                           
2026-10-06T20:32:33.981	TEL,3794,S3,852768725,0,0,0,439,2937                           
2026-10-06T20:32:33.981	BTN,48,S3,PRESSED,852769122,852769130                          
2026-10-06T20:32:33.981	TEL,3795,S3,852778725,0,0,0,428,2925                           
2026-10-06T20:32:34.596	TEL,3796,S3,852788725,0,0,0,430,2925                           
2026-10-06T20:32:34.596	TEL,3797,S3,852798725,0,0,0,439,2932                           
2026-10-06T20:32:34.596	TEL,3798,S3,852808725,0,0,0,433,2932                           
2026-10-06T20:32:34.596	TEL,3799,S3,852818725,0,0,0,439,2937                           
2026-10-06T20:32:34.596	TEL,3800,S3,852828725,0,0,0,439,2937                           
2026-10-06T20:32:34.596	TEL,3801,S3,852838725,0,0,0,433,2932                           
2026-10-06T20:32:34.596	TEL,3802,S3,852848725,0,0,0,442,2932                           
2026-10-06T20:32:34.596	TEL,3803,S3,852858725,0,0,0,436,2927                           
2026-10-06T20:32:34.596	TEL,3804,S3,852868725,0,0,0,436,2927                           
2026-10-06T20:32:34.596	TEL,3805,S3,852878725,0,0,0,433,2925                           
2026-10-06T20:32:34.596	TEL,3806,S3,852888725,0,0,0,428,2925                           
2026-10-06T20:32:34.596	TEL,3807,S3,852898725,0,0,0,433,2933                           
2026-10-06T20:32:34.596	TEL,3808,S3,852908725,0,0,0,433,2933                           
2026-10-06T20:32:34.596	TEL,3809,S3,852918725,0,0,0,428,2925                           
2026-10-06T20:32:34.596	TEL,3810,S3,852928725,0,0,0,433,2925                           
2026-10-06T20:32:34.596	TEL,3811,S3,852938725,0,0,0,442,2932                           
2026-10-06T20:32:34.596	TEL,3812,S3,852948725,0,0,0,439,2932                           
2026-10-06T20:32:34.596	TEL,3813,S3,852958725,0,0,0,436,2928                           
2026-10-06T20:32:34.596	TEL,3814,S3,852968725,0,0,0,425,2928                           
2026-10-06T20:32:34.596	TEL,3815,S3,852978725,0,0,0,428,2932                           
2026-10-06T20:32:34.596	TEL,3816,S3,852988725,0,0,0,430,2932                           
2026-10-06T20:32:34.596	TEL,3817,S3,852998725,0,0,0,428,2928                           
2026-10-06T20:32:34.596	TEL,3818,S3,853008725,0,0,0,436,2928                           
2026-10-06T20:32:34.596	TEL,3819,S3,853018725,0,0,0,433,2927                           
2026-10-06T20:32:34.596	TEL,3820,S3,853028725,0,0,0,428,2927                           
2026-10-06T20:32:34.596	TEL,3821,S3,853038725,0,0,0,439,2937                           
2026-10-06T20:32:34.596	TEL,3822,S3,853048725,0,0,0,445,2937                           
2026-10-06T20:32:34.596	TEL,3823,S3,853058725,0,0,0,436,2928                           
2026-10-06T20:32:34.596	TEL,3824,S3,853068725,0,0,0,430,2928                           
2026-10-06T20:32:34.596	TEL,3825,S3,853078725,0,0,0,433,2932                           
2026-10-06T20:32:34.596	TEL,3826,S3,853088725,0,0,0,442,2932                           
2026-10-06T20:32:34.596	TEL,3827,S3,853098725,0,0,0,442,2932                           
2026-10-06T20:32:34.596	TEL,3828,S3,853108725,0,0,0,433,2932                           
2026-10-06T20:32:34.596	TEL,3829,S3,853118725,0,0,0,439,2937                           
2026-10-06T20:32:34.596	TEL,3830,S3,853128725,0,0,0,442,2937                           
2026-10-06T20:32:34.596	TEL,3831,S3,853138725,0,0,0,433,2928                           
2026-10-06T20:32:34.596	TEL,3832,S3,853148725,0,0,0,428,2928                           
2026-10-06T20:32:34.596	TEL,3833,S3,853158725,0,0,0,436,2937                           
2026-10-06T20:32:34.596	TEL,3834,S3,853168725,0,0,0,439,2937                           
2026-10-06T20:32:34.596	TEL,3835,S3,853178725,0,0,0,439,2939                           
2026-10-06T20:32:34.596	TEL,3836,S3,853188725,0,0,0,445,2939                           
2026-10-06T20:32:34.596	TEL,3837,S3,853198725,0,0,0,430,2925                           
2026-10-06T20:32:34.596	TEL,3838,S3,853208725,0,0,0,428,2925                           
2026-10-06T20:32:34.596	TEL,3839,S3,853218725,0,0,0,433,2933                           
2026-10-06T20:32:34.596	TEL,3840,S3,853228725,0,0,0,433,2933                           
2026-10-06T20:32:34.596	TEL,3841,S3,853238725,0,0,0,433,2932                           
2026-10-06T20:32:34.596	TEL,3842,S3,853248725,0,0,0,430,2932                           
2026-10-06T20:32:34.596	TEL,3843,S3,853258725,0,0,0,436,2937                           
2026-10-06T20:32:34.596	TEL,3844,S3,853268725,0,0,0,457,2937                           
2026-10-06T20:32:34.596	TEL,3845,S3,853278725,0,0,0,457,2939                           
2026-10-06T20:32:34.596	TEL,3846,S3,853288725,0,0,0,436,2939                           
2026-10-06T20:32:34.596	TEL,3847,S3,853298725,0,0,0,436,2937                           
2026-10-06T20:32:34.596	TEL,3848,S3,853308725,0,0,0,442,2937                           
2026-10-06T20:32:34.596	TEL,3849,S3,853318725,0,0,0,430,2925                           
2026-10-06T20:32:34.596	TEL,3850,S3,853328725,0,0,0,428,2925                           
2026-10-06T20:32:34.596	TEL,3851,S3,853338725,0,0,0,436,2932                           
2026-10-06T20:32:34.596	TEL,3852,S3,853348725,0,0,0,442,2932                           
2026-10-06T20:32:34.596	TEL,3853,S3,853358725,0,0,0,436,2925                           
2026-10-06T20:32:34.596	TEL,3854,S3,853368725,0,0,0,428,2925                           
2026-10-06T20:32:34.596	TEL,3855,S3,853378725,0,0,0,430,2928                           
2026-10-06T20:32:34.596	TEL,3856,S3,853388725,0,0,0,430,2928                           
2026-10-06T20:32:34.596	TEL,3857,S3,853398725,0,0,0,433,2932                           
2026-10-06T20:32:35.210	TEL,3858,S3,853408725,0,0,0,430,2932                           
2026-10-06T20:32:35.210	TEL,3859,S3,853418725,0,0,0,428,2928                           
2026-10-06T20:32:35.210	TEL,3860,S3,853428725,0,0,0,430,2928                           
2026-10-06T20:32:35.210	TEL,3861,S3,853438725,0,0,0,439,2937                           
2026-10-06T20:32:35.210	TEL,3862,S3,853448725,0,0,0,448,2937                           
2026-10-06T20:32:35.210	TEL,3863,S3,853458725,0,0,0,448,2937                           
2026-10-06T20:32:35.210	TEL,3864,S3,853468725,0,0,0,439,2937                           
2026-10-06T20:32:35.210	TEL,3865,S3,853478725,0,0,0,430,2928                           
2026-10-06T20:32:35.210	TEL,3866,S3,853488725,0,0,0,430,2928                           
2026-10-06T20:32:35.210	BTN,49,S3,PRESSED,853491128,853491135                          
2026-10-06T20:32:35.210	TEL,3867,S3,853498725,0,0,0,439,2939                           
2026-10-06T20:32:35.210	TEL,3868,S3,853508725,0,0,0,445,2939                           
2026-10-06T20:32:35.210	TEL,3869,S3,853518725,0,0,0,436,2928                           
2026-10-06T20:32:35.210	TEL,3870,S3,853528725,0,0,0,428,2928                           
2026-10-06T20:32:35.210	TEL,3871,S3,853538725,0,0,0,428,2928                           
2026-10-06T20:32:35.210	TEL,3872,S3,853548725,0,0,0,436,2928                           
2026-10-06T20:32:35.210	TEL,3873,S3,853558725,0,0,0,442,2932                           
2026-10-06T20:32:35.210	TEL,3874,S3,853568725,0,0,0,430,2932                           
2026-10-06T20:32:35.210	TEL,3875,S3,853578725,0,0,0,425,2927                           
2026-10-06T20:32:35.210	TEL,3876,S3,853588725,0,0,0,436,2927                           
2026-10-06T20:32:35.210	TEL,3877,S3,853598725,0,0,0,442,2932                           
2026-10-06T20:32:35.210	TEL,3878,S3,853608725,0,0,0,430,2932                           
2026-10-06T20:32:35.210	TEL,3879,S3,853618725,0,0,0,436,2937                           
2026-10-06T20:32:35.210	TEL,3880,S3,853628725,0,0,0,439,2937                           
2026-10-06T20:32:35.210	TEL,3881,S3,853638725,0,0,0,430,2928                           
2026-10-06T20:32:35.210	TEL,3882,S3,853648725,0,0,0,425,2928                           
2026-10-06T20:32:35.210	TEL,3883,S3,853658725,0,0,0,430,2933                           
2026-10-06T20:32:35.210	TEL,3884,S3,853668725,0,0,0,433,2933                           
2026-10-06T20:32:35.210	TEL,3885,S3,853678725,0,0,0,439,2937                           
2026-10-06T20:32:35.210	TEL,3886,S3,853688725,0,0,0,445,2937                           
2026-10-06T20:32:35.210	TEL,3887,S3,853698725,0,0,0,439,2930                           
2026-10-06T20:32:35.210	TEL,3888,S3,853708725,0,0,0,430,2930                           
2026-10-06T20:32:35.210	TEL,3889,S3,853718725,0,0,0,430,2928                           
2026-10-06T20:32:35.210	TEL,3890,S3,853728725,0,0,0,445,2928                           
2026-10-06T20:32:35.210	TEL,3891,S3,853738725,0,0,0,445,2928                           
2026-10-06T20:32:35.210	TEL,3892,S3,853748725,0,0,0,430,2928                           
2026-10-06T20:32:35.210	TEL,3893,S3,853758725,0,0,0,436,2935                           
2026-10-06T20:32:35.210	TEL,3894,S3,853768725,0,0,0,445,2935                           
2026-10-06T20:32:35.210	TEL,3895,S3,853778725,0,0,0,436,2928                           
2026-10-06T20:32:35.210	TEL,3896,S3,853788725,0,0,0,430,2928                           
2026-10-06T20:32:35.210	TEL,3897,S3,853798725,0,0,0,439,2937                           
2026-10-06T20:32:35.210	TEL,3898,S3,853808725,0,0,0,439,2937                           
2026-10-06T20:32:35.210	TEL,3899,S3,853818725,0,0,0,439,2939                           
2026-10-06T20:32:35.210	TEL,3900,S3,853828725,0,0,0,433,2939                           
2026-10-06T20:32:35.210	TEL,3901,S3,853838725,0,0,0,433,2937                           
2026-10-06T20:32:35.210	TEL,3902,S3,853848725,0,0,0,442,2937                           
2026-10-06T20:32:35.210	TEL,3903,S3,853858725,0,0,0,428,2925                           
2026-10-06T20:32:35.210	TEL,3904,S3,853868725,0,0,0,428,2925                           
2026-10-06T20:32:35.210	TEL,3905,S3,853878725,0,0,0,430,2928                           
2026-10-06T20:32:35.210	TEL,3906,S3,853888725,0,0,0,445,2928                           
2026-10-06T20:32:35.210	TEL,3907,S3,853898725,0,0,0,448,2932                           
2026-10-06T20:32:35.210	TEL,3908,S3,853908725,0,0,0,439,2932                           
2026-10-06T20:32:35.210	TEL,3909,S3,853918725,0,0,0,439,2932                           
2026-10-06T20:32:35.210	TEL,3910,S3,853928725,0,0,0,436,2932                           
2026-10-06T20:32:35.210	TEL,3911,S3,853938725,0,0,0,436,2932                           
2026-10-06T20:32:35.210	TEL,3912,S3,853948725,0,0,0,442,2932                           
2026-10-06T20:32:35.210	TEL,3913,S3,853958725,0,0,0,442,2932                           
2026-10-06T20:32:35.210	TEL,3914,S3,853968725,0,0,0,442,2932                           
2026-10-06T20:32:35.210	TEL,3915,S3,853978725,0,0,0,439,2930                           
2026-10-06T20:32:35.210	TEL,3916,S3,853988725,0,0,0,439,2930                           
2026-10-06T20:32:35.210	TEL,3917,S3,853998725,0,0,0,442,2932                           
2026-10-06T20:32:35.210	TEL,3918,S3,854008725,0,0,0,442,2932                           
2026-10-06T20:32:35.712	TEL,3919,S3,854018725,0,0,0,445,2937                           
2026-10-06T20:32:35.712	TEL,3920,S3,854028725,0,0,0,445,2937                           
2026-10-06T20:32:35.712	TEL,3921,S3,854038725,0,0,0,442,2933                           
2026-10-06T20:32:35.712	TEL,3922,S3,854048725,0,0,0,433,2933                           
2026-10-06T20:32:35.712	TEL,3923,S3,854058725,0,0,0,430,2932                           
2026-10-06T20:32:35.712	TEL,3924,S3,854068725,0,0,0,433,2932                           
2026-10-06T20:32:35.712	TEL,3925,S3,854078725,0,0,0,430,2928                           
2026-10-06T20:32:35.712	TEL,3926,S3,854088725,0,0,0,436,2928                           
2026-10-06T20:32:35.712	TEL,3927,S3,854098725,0,0,0,436,2928                           
2026-10-06T20:32:35.712	TEL,3928,S3,854108725,0,0,0,433,2928                           
2026-10-06T20:32:35.712	TEL,3929,S3,854118725,0,0,0,442,2937                           
2026-10-06T20:32:35.712	TEL,3930,S3,854128725,0,0,0,439,2937                           
2026-10-06T20:32:35.712	TEL,3931,S3,854138725,0,0,0,433,2932                           
2026-10-06T20:32:35.712	TEL,3932,S3,854148725,0,0,0,442,2932                           
2026-10-06T20:32:35.712	TEL,3933,S3,854158725,0,0,0,436,2928                           
2026-10-06T20:32:35.712	TEL,3934,S3,854168725,0,0,0,436,2928                           
2026-10-06T20:32:35.712	TEL,3935,S3,854178725,0,0,0,430,2925                           
2026-10-06T20:32:35.712	TEL,3936,S3,854188725,0,0,0,425,2925                           
2026-10-06T20:32:35.712	TEL,3937,S3,854198725,0,0,0,430,2932                           
2026-10-06T20:32:35.712	TEL,3938,S3,854208725,0,0,0,433,2932                           
2026-10-06T20:32:35.712	TEL,3939,S3,854218725,0,0,0,439,2937                           
2026-10-06T20:32:35.712	TEL,3940,S3,854228725,0,0,0,448,2937                           
2026-10-06T20:32:35.712	TEL,3941,S3,854238725,0,0,0,448,2937                           
2026-10-06T20:32:35.712	TEL,3942,S3,854248725,0,0,0,439,2937                           
2026-10-06T20:32:35.712	TEL,3943,S3,854258725,0,0,0,430,2930                           
2026-10-06T20:32:35.712	TEL,3944,S3,854268725,0,0,0,430,2930                           
2026-10-06T20:32:35.712	TEL,3945,S3,854278725,0,0,0,439,2937                           
2026-10-06T20:32:35.712	TEL,3946,S3,854288725,0,0,0,439,2937                           
2026-10-06T20:32:35.712	TEL,3947,S3,854298725,0,0,0,439,2937                           
2026-10-06T20:32:35.712	TEL,3948,S3,854308725,0,0,0,436,2937                           
2026-10-06T20:32:35.712	TEL,3949,S3,854318725,0,0,0,428,2928                           
2026-10-06T20:32:35.712	TEL,3950,S3,854328725,0,0,0,430,2928                           
2026-10-06T20:32:35.712	TEL,3951,S3,854338725,0,0,0,436,2935                           
2026-10-06T20:32:35.712	TEL,3952,S3,854348725,0,0,0,451,2935                           
2026-10-06T20:32:35.712	TEL,3953,S3,854358725,0,0,0,451,2937                           
2026-10-06T20:32:35.712	TEL,3954,S3,854368725,0,0,0,442,2937                           
2026-10-06T20:32:35.712	TEL,3955,S3,854378725,0,0,0,436,2932                           
2026-10-06T20:32:35.712	BTN,50,S3,PRESSED,854388133,854388141                          
2026-10-06T20:32:35.712	TEL,3956,S3,854388725,0,0,0,445,2932                           
2026-10-06T20:32:35.712	ACK,STOP,S3
2026-10-06T20:32:35.712	LOG,S3,1,820235865,820235872,820235882,820235901,820241456,ok
2026-10-06T20:32:35.712	LOG,S3,2,820788870,820788878,820788887,820794314,820799867,ok
2026-10-06T20:32:35.720	LOG,S3,3,821391876,821391883,821391892,821394316,821399869,ok
2026-10-06T20:32:35.720	LOG,S3,4,821913881,821913889,821913898,821914316,821919869,ok
2026-10-06T20:32:35.720	LOG,S3,5,822436887,822436894,822436903,822436923,822442478,ok
2026-10-06T20:32:35.720	LOG,S3,6,823170892,823170900,823170909,823174311,823179864,ok
2026-10-06T20:32:35.720	LOG,S3,7,823945898,823945905,823945914,823945934,823951492,ok
2026-10-06T20:32:35.720	LOG,S3,8,824555903,824555911,824555920,824555940,824561495,ok
2026-10-06T20:32:35.720	LOG,S3,9,825160909,825160916,825160925,825164316,825169869,ok
2026-10-06T20:32:35.720	LOG,S3,10,825921914,825921922,825921931,825924313,825929866,ok
2026-10-06T20:32:35.720	LOG,S3,11,826598920,826598927,826598936,826604309,826609862,ok
2026-10-06T20:32:35.720	LOG,S3,12,827479925,827479933,827479942,827484313,827489866,ok
2026-10-06T20:32:35.720	LOG,S3,13,828091931,828091938,828091947,828094317,828099870,ok
2026-10-06T20:32:35.720	LOG,S3,14,828609936,828609943,828609953,828614317,828619870,ok
2026-10-06T20:32:35.720	LOG,S3,15,829262942,829262949,829262958,829264317,829269870,ok
2026-10-06T20:32:35.720	LOG,S3,16,829859947,829859954,829859964,829864310,829869863,ok
2026-10-06T20:32:35.720	LOG,S3,17,830737953,830737960,830737969,830737989,830743541,ok
2026-10-06T20:32:35.720	LOG,S3,18,831604958,831604965,831604975,831604994,831610546,ok
2026-10-06T20:32:35.720	LOG,S3,19,832254964,832254971,832254980,832255000,832260554,ok
2026-10-06T20:32:35.720	LOG,S3,20,832819969,832819976,832819986,832824315,832829868,ok
2026-10-06T20:32:35.720	LOG,S3,21,833358975,833358982,833358991,833364309,833369862,ok
2026-10-06T20:32:35.720	LOG,S3,22,834210980,834210987,834210997,834214309,834219862,ok
2026-10-06T20:32:35.720	LOG,S3,23,834729985,834729993,834730002,834734309,834739862,ok
2026-10-06T20:32:35.913	LOG,S3,24,835478991,835478998,835479008,835484314,835489867,ok
2026-10-06T20:32:35.913	LOG,S3,25,836295996,836296004,836296013,836296033,836301587,ok
2026-10-06T20:32:35.913	LOG,S3,26,837020002,837020009,837020019,837024311,837029864,ok
2026-10-06T20:32:35.913	LOG,S3,27,837752007,837752015,837752024,837754313,837759866,ok
2026-10-06T20:32:35.913	LOG,S3,28,838524013,838524020,838524029,838524312,838529865,ok
2026-10-06T20:32:35.913	LOG,S3,29,839217018,839217026,839217035,839217055,839222609,ok
2026-10-06T20:32:35.913	LOG,S3,30,839830024,839830031,839830040,839834313,839839866,ok
2026-10-06T20:32:35.913	LOG,S3,31,840437029,840437037,840437046,840437066,840442616,ok
2026-10-06T20:32:35.913	LOG,S3,32,841062035,841062042,841062051,841064313,841069866,ok
2026-10-06T20:32:35.913	LOG,S3,33,841950040,841950048,841950057,841954310,841959863,ok
2026-10-06T20:32:35.913	LOG,S3,34,842644046,842644053,842644062,842644315,842649868,ok
2026-10-06T20:32:35.913	LOG,S3,35,843362051,843362058,843362068,843364316,843369869,ok
2026-10-06T20:32:35.913	LOG,S3,36,844256057,844256064,844256073,844256093,844261643,ok
2026-10-06T20:32:35.913	LOG,S3,37,845048062,845048069,845048079,845048099,845053655,ok
2026-10-06T20:32:35.913	LOG,S3,38,845699068,845699075,845699084,845704316,845709869,ok
2026-10-06T20:32:35.913	LOG,S3,39,846464073,846464080,846464090,846464313,846469866,ok
2026-10-06T20:32:35.913	LOG,S3,40,847077079,847077086,847077095,847077115,847082669,ok
2026-10-06T20:32:35.913	LOG,S3,41,847782084,847782091,847782101,847784316,847789869,ok
2026-10-06T20:32:35.913	LOG,S3,42,848479090,848479097,848479106,848484314,848489867,ok
2026-10-06T20:32:35.913	LOG,S3,43,849076095,849076102,849076112,849076131,849081688,ok
2026-10-06T20:32:35.913	LOG,S3,44,849895100,849895108,849895117,849895137,849900688,ok
2026-10-06T20:32:35.913	LOG,S3,45,850762106,850762113,850762123,850764315,850769868,ok
2026-10-06T20:32:35.913	LOG,S3,46,851369111,851369119,851369128,851374309,851379862,ok
2026-10-06T20:32:35.913	LOG,S3,47,851913117,851913124,851913134,851914312,851919865,ok
2026-10-06T20:32:35.913	LOG,S3,48,852769122,852769130,852769139,852774314,852779867,ok
2026-10-06T20:32:35.913	LOG,S3,49,853491128,853491135,853491144,853494315,853499868,ok
2026-10-06T20:32:35.913	LOG,S3,50,854388133,854388141,854388150,854388170,854393722,ok
2026-10-06T20:32:35.913	CNT,accepted,50
2026-10-06T20:32:35.913	CNT,logged,50
2026-10-06T20:32:35.913	CNT,bounce_rejected,0
2026-10-06T20:32:35.913	CNT,ignored,0
2026-10-06T20:32:35.913	CNT,btn_q_drop,0
2026-10-06T20:32:35.913	CNT,btn_tx_drop,0
2026-10-06T20:32:35.913	CNT,tel_sent,3956
2026-10-06T20:32:35.913	CNT,tel_tx_drop,0
2026-10-06T20:32:35.913	CNT,tx_error,0
2026-10-06T20:32:35.913	CNT,tx_timeout,0
2026-10-06T20:32:35.913	CNT,log_overflow,0
2026-10-06T20:32:35.913	CNT,fmt_error,0
2026-10-06T20:32:35.913	CNT,tel_period_min_us,9846
2026-10-06T20:32:35.913	CNT,tel_period_max_us,10000
2026-10-06T20:32:35.913	CNT,work_min_us,0
2026-10-06T20:32:35.913	CNT,work_max_us,0
2026-10-06T20:32:35.913	CNT,hwm_telemetry_w,187
2026-10-06T20:32:35.913	CNT,hwm_uarttx_w,265
2026-10-06T20:32:35.913	CNT,heap_free_min_b,17512
2026-10-06T20:32:35.913	INF,variant,C
2026-10-06T20:32:35.913	INF,source,INJ
2026-10-06T20:32:35.913	INF,events,50
2026-10-06T20:32:35.913	END,DUMP,S3
