# pc_rx_time yaln?zca bilgi ama?l?d?r; gecikme hesab?nda KULLANILMAZ.
2026-10-06T20:32:37.616	ACK,START,S4,C,INJ,50
2026-10-06T20:32:37.616	TEL,1,S4,855814896,2017,44543,0,457,2942                       
2026-10-06T20:32:37.616	TEL,2,S4,855824726,2001,44543,0,445,2942                       
2026-10-06T20:32:37.616	TEL,3,S4,855834726,2001,44543,0,442,2937                       
2026-10-06T20:32:37.616	TEL,4,S4,855844726,2001,44543,0,442,2937                       
2026-10-06T20:32:37.616	TEL,5,S4,855854726,2001,44543,0,439,2933                       
2026-10-06T20:32:37.616	TEL,6,S4,855864726,2001,44543,0,451,2933                       
2026-10-06T20:32:37.616	TEL,7,S4,855874726,2001,44543,0,451,2935                       
2026-10-06T20:32:37.616	TEL,8,S4,855884726,2001,44543,0,436,2935                       
2026-10-06T20:32:37.616	TEL,9,S4,855894726,2001,44543,0,436,2935                       
2026-10-06T20:32:37.616	TEL,10,S4,855904726,2001,44543,0,436,2935                      
2026-10-06T20:32:37.616	TEL,11,S4,855914726,2001,44543,0,430,2928                      
2026-10-06T20:32:37.616	TEL,12,S4,855924726,2001,44543,0,436,2928                      
2026-10-06T20:32:37.616	TEL,13,S4,855934726,2001,44543,0,448,2939                      
2026-10-06T20:32:37.616	TEL,14,S4,855944726,2001,44543,0,442,2939                      
2026-10-06T20:32:37.616	TEL,15,S4,855954726,2001,44543,0,442,2939                      
2026-10-06T20:32:37.616	TEL,16,S4,855964726,2001,44543,0,460,2939                      
2026-10-06T20:32:37.616	TEL,17,S4,855974726,2001,44543,0,460,2939                      
2026-10-06T20:32:37.616	TEL,18,S4,855984726,2001,44543,0,445,2939                      
2026-10-06T20:32:37.616	TEL,19,S4,855994726,2001,44543,0,445,2939                      
2026-10-06T20:32:37.616	TEL,20,S4,856004726,2001,44543,0,448,2939                      
2026-10-06T20:32:37.616	TEL,21,S4,856014726,2001,44543,0,448,2939                      
2026-10-06T20:32:37.616	TEL,22,S4,856024726,2001,44543,0,436,2939                      
2026-10-06T20:32:37.616	TEL,23,S4,856034726,2001,44543,0,430,2932                      
2026-10-06T20:32:37.616	TEL,24,S4,856044726,2001,44543,0,442,2932                      
2026-10-06T20:32:37.616	TEL,25,S4,856054726,2001,44543,0,448,2939                      
2026-10-06T20:32:37.616	TEL,26,S4,856064726,2001,44543,0,445,2939                      
2026-10-06T20:32:37.616	TEL,27,S4,856074726,2001,44543,0,436,2928                      
2026-10-06T20:32:37.616	TEL,28,S4,856084726,2001,44543,0,436,2928                      
2026-10-06T20:32:37.616	TEL,29,S4,856094726,2001,44543,0,445,2937                      
2026-10-06T20:32:37.616	TEL,30,S4,856104726,2001,44543,0,445,2937                      
2026-10-06T20:32:37.616	TEL,31,S4,856114726,2001,44543,0,445,2937                      
2026-10-06T20:32:37.616	TEL,32,S4,856124726,2001,44543,0,442,2937                      
2026-10-06T20:32:37.616	TEL,33,S4,856134726,2001,44543,0,442,2937                      
2026-10-06T20:32:37.616	TEL,34,S4,856144726,2001,44543,0,445,2937                      
2026-10-06T20:32:37.616	TEL,35,S4,856154726,2001,44543,0,442,2932                      
2026-10-06T20:32:37.616	TEL,36,S4,856164726,2001,44543,0,439,2932                      
2026-10-06T20:32:37.616	TEL,37,S4,856174726,2001,44543,0,439,2932                      
2026-10-06T20:32:37.616	TEL,38,S4,856184726,2001,44543,0,436,2932                      
2026-10-06T20:32:37.616	TEL,39,S4,856194726,2001,44543,0,442,2937                      
2026-10-06T20:32:37.616	TEL,40,S4,856204726,2001,44543,0,442,2937                      
2026-10-06T20:32:37.616	TEL,41,S4,856214726,2001,44543,0,445,2939                      
2026-10-06T20:32:37.616	TEL,42,S4,856224726,2001,44543,0,445,2939                      
2026-10-06T20:32:37.616	TEL,43,S4,856234726,2001,44543,0,442,2935                      
2026-10-06T20:32:37.616	TEL,44,S4,856244726,2001,44543,0,448,2935                      
2026-10-06T20:32:37.616	TEL,45,S4,856254726,2001,44543,0,448,2935                      
2026-10-06T20:32:37.616	TEL,46,S4,856264726,2001,44543,0,442,2935                      
2026-10-06T20:32:37.616	TEL,47,S4,856274726,2001,44543,0,439,2932                      
2026-10-06T20:32:37.616	TEL,48,S4,856284726,2001,44543,0,448,2932                      
2026-10-06T20:32:37.616	TEL,49,S4,856294726,2001,44543,0,457,2939                      
2026-10-06T20:32:37.616	TEL,50,S4,856304726,2001,44543,0,442,2939                      
2026-10-06T20:32:37.616	TEL,51,S4,856314726,2001,44543,0,442,2937                      
2026-10-06T20:32:37.616	TEL,52,S4,856324726,2001,44543,0,442,2937                      
2026-10-06T20:32:37.616	TEL,53,S4,856334726,2001,44543,0,439,2935                      
2026-10-06T20:32:37.616	TEL,54,S4,856344726,2001,44543,0,451,2935                      
2026-10-06T20:32:37.616	TEL,55,S4,856354726,2001,44543,0,442,2928                      
2026-10-06T20:32:37.616	TEL,56,S4,856364726,2001,44543,0,439,2928                      
2026-10-06T20:32:37.616	TEL,57,S4,856374726,2001,44543,0,442,2932                      
2026-10-06T20:32:37.616	TEL,58,S4,856384726,2001,44543,0,436,2932                      
2026-10-06T20:32:37.616	TEL,59,S4,856394726,2001,44543,0,442,2937                      
2026-10-06T20:32:37.616	TEL,60,S4,856404726,2001,44543,0,445,2937                      
2026-10-06T20:32:37.616	TEL,61,S4,856414726,2001,44543,0,442,2932                      
2026-10-06T20:32:38.231	TEL,62,S4,856424726,2001,44543,0,439,2932                      
2026-10-06T20:32:38.231	TEL,63,S4,856434726,2001,44543,0,445,2939                      
2026-10-06T20:32:38.231	TEL,64,S4,856444726,2001,44543,0,445,2939                      
2026-10-06T20:32:38.231	TEL,65,S4,856454726,2001,44543,0,439,2932                      
2026-10-06T20:32:38.231	TEL,66,S4,856464726,2001,44543,0,442,2932                      
2026-10-06T20:32:38.231	TEL,67,S4,856474726,2001,44543,0,445,2937                      
2026-10-06T20:32:38.231	TEL,68,S4,856484726,2001,44543,0,442,2937                      
2026-10-06T20:32:38.231	TEL,69,S4,856494726,2001,44543,0,442,2939                      
2026-10-06T20:32:38.231	TEL,70,S4,856504726,2001,44543,0,451,2939                      
2026-10-06T20:32:38.231	TEL,71,S4,856514726,2001,44543,0,448,2937                      
2026-10-06T20:32:38.231	TEL,72,S4,856524726,2001,44543,0,442,2937                      
2026-10-06T20:32:38.231	TEL,73,S4,856534726,2001,44543,0,436,2932                      
2026-10-06T20:32:38.231	TEL,74,S4,856544726,2001,44543,0,442,2932                      
2026-10-06T20:32:38.231	TEL,75,S4,856554726,2001,44543,0,436,2928                      
2026-10-06T20:32:38.231	TEL,76,S4,856564726,2001,44543,0,436,2928                      
2026-10-06T20:32:38.231	TEL,77,S4,856574726,2001,44543,0,445,2937                      
2026-10-06T20:32:38.231	TEL,78,S4,856584726,2001,44543,0,442,2937                      
2026-10-06T20:32:38.231	TEL,79,S4,856594726,2001,44543,0,442,2937                      
2026-10-06T20:32:38.231	TEL,80,S4,856604726,2001,44543,0,445,2937                      
2026-10-06T20:32:38.231	TEL,81,S4,856614726,2001,44543,0,445,2937                      
2026-10-06T20:32:38.231	TEL,82,S4,856624726,2001,44543,0,457,2937                      
2026-10-06T20:32:38.231	TEL,83,S4,856634726,2001,44543,0,457,2939                      
2026-10-06T20:32:38.231	TEL,84,S4,856644726,2001,44543,0,445,2939                      
2026-10-06T20:32:38.231	TEL,85,S4,856654726,2001,44543,0,442,2937                      
2026-10-06T20:32:38.231	TEL,86,S4,856664726,2001,44543,0,451,2937                      
2026-10-06T20:32:38.231	TEL,87,S4,856674726,2001,44543,0,448,2933                      
2026-10-06T20:32:38.231	TEL,88,S4,856684726,2001,44543,0,436,2933                      
2026-10-06T20:32:38.231	TEL,89,S4,856694726,2001,44543,0,442,2937                      
2026-10-06T20:32:38.231	TEL,90,S4,856704726,2001,44543,0,442,2937                      
2026-10-06T20:32:38.231	TEL,91,S4,856714726,2001,44543,0,442,2937                      
2026-10-06T20:32:38.231	TEL,92,S4,856724726,2001,44543,0,442,2937                      
2026-10-06T20:32:38.231	TEL,93,S4,856734726,2001,44543,0,442,2937                      
2026-10-06T20:32:38.231	TEL,94,S4,856744726,2001,44543,0,442,2937                      
2026-10-06T20:32:38.231	TEL,95,S4,856754726,2001,44543,0,439,2932                      
2026-10-06T20:32:38.231	TEL,96,S4,856764726,2001,44543,0,442,2932                      
2026-10-06T20:32:38.231	TEL,97,S4,856774726,2001,44543,0,448,2937                      
2026-10-06T20:32:38.231	TEL,98,S4,856784726,2001,44543,0,442,2937                      
2026-10-06T20:32:38.231	TEL,99,S4,856794726,2001,44543,0,436,2932                      
2026-10-06T20:32:38.231	TEL,100,S4,856804726,2001,44543,0,445,2932                     
2026-10-06T20:32:38.231	TEL,101,S4,856814726,2001,44543,0,448,2933                     
2026-10-06T20:32:38.231	TEL,102,S4,856824726,2001,44543,0,430,2933                     
2026-10-06T20:32:38.231	TEL,103,S4,856834726,2001,44543,0,430,2933                     
2026-10-06T20:32:38.231	TEL,104,S4,856844726,2001,44543,0,430,2933                     
2026-10-06T20:32:38.231	TEL,105,S4,856854726,2001,44543,0,433,2937                     
2026-10-06T20:32:38.231	TEL,106,S4,856864726,2001,44543,0,439,2937                     
2026-10-06T20:32:38.231	TEL,107,S4,856874726,2001,44543,0,442,2941                     
2026-10-06T20:32:38.231	TEL,108,S4,856884726,2001,44543,0,448,2941                     
2026-10-06T20:32:38.231	TEL,109,S4,856894726,2001,44543,0,439,2933                     
2026-10-06T20:32:38.231	TEL,110,S4,856904726,2001,44543,0,433,2933                     
2026-10-06T20:32:38.231	TEL,111,S4,856914726,2001,44543,0,442,2941                     
2026-10-06T20:32:38.231	TEL,112,S4,856924726,2001,44543,0,442,2941                     
2026-10-06T20:32:38.231	TEL,113,S4,856934726,2001,44543,0,433,2933                     
2026-10-06T20:32:38.231	TEL,114,S4,856944726,2001,44543,0,439,2933                     
2026-10-06T20:32:38.231	TEL,115,S4,856954726,2001,44543,0,439,2933                     
2026-10-06T20:32:38.231	TEL,116,S4,856964726,2001,44543,0,430,2933                     
2026-10-06T20:32:38.231	TEL,117,S4,856974726,2001,44543,0,436,2941                     
2026-10-06T20:32:38.231	TEL,118,S4,856984726,2001,44543,0,436,2941                     
2026-10-06T20:32:38.231	TEL,119,S4,856994726,2001,44543,0,430,2933                     
2026-10-06T20:32:38.231	TEL,120,S4,857004726,2001,44543,0,433,2933                     
2026-10-06T20:32:38.231	TEL,121,S4,857014726,2001,44543,0,433,2933                     
2026-10-06T20:32:38.231	TEL,122,S4,857024726,2001,44543,0,430,2933                     
2026-10-06T20:32:38.231	TEL,123,S4,857034726,2001,44543,0,430,2933                     
2026-10-06T20:32:38.853	TEL,124,S4,857044726,2001,44543,0,433,2933                     
2026-10-06T20:32:38.853	TEL,125,S4,857054726,2001,44543,0,436,2935                     
2026-10-06T20:32:38.853	TEL,126,S4,857064726,2001,44543,0,442,2935                     
2026-10-06T20:32:38.853	TEL,127,S4,857074726,2001,44543,0,439,2933                     
2026-10-06T20:32:38.853	TEL,128,S4,857084726,2001,44543,0,433,2933                     
2026-10-06T20:32:38.853	TEL,129,S4,857094726,2001,44543,0,439,2937                     
2026-10-06T20:32:38.853	TEL,130,S4,857104726,2001,44543,0,433,2937                     
2026-10-06T20:32:38.853	TEL,131,S4,857114726,2001,44543,0,430,2933                     
2026-10-06T20:32:38.853	TEL,132,S4,857124726,2001,44543,0,439,2933                     
2026-10-06T20:32:38.853	TEL,133,S4,857134726,2001,44543,0,442,2935                     
2026-10-06T20:32:38.853	TEL,134,S4,857144726,2001,44543,0,448,2935                     
2026-10-06T20:32:38.853	TEL,135,S4,857154726,2001,44543,0,445,2933                     
2026-10-06T20:32:38.853	TEL,136,S4,857164726,2001,44543,0,439,2933                     
2026-10-06T20:32:38.853	TEL,137,S4,857174726,2001,44543,0,439,2933                     
2026-10-06T20:32:38.853	TEL,138,S4,857184726,2001,44543,0,433,2933                     
2026-10-06T20:32:38.853	TEL,139,S4,857194726,2001,44543,0,442,2941                     
2026-10-06T20:32:38.853	TEL,140,S4,857204726,2001,44543,0,454,2941                     
2026-10-06T20:32:38.853	TEL,141,S4,857214726,2001,44543,0,451,2937                     
2026-10-06T20:32:38.853	TEL,142,S4,857224726,2001,44543,0,442,2937                     
2026-10-06T20:32:38.853	TEL,143,S4,857234726,2001,44543,0,436,2933                     
2026-10-06T20:32:38.853	TEL,144,S4,857244726,2001,44543,0,430,2933                     
2026-10-06T20:32:38.853	TEL,145,S4,857254726,2001,44543,0,430,2933                     
2026-10-06T20:32:38.853	TEL,146,S4,857264726,2001,44543,0,436,2933                     
2026-10-06T20:32:38.853	TEL,147,S4,857274726,2001,44543,0,436,2933                     
2026-10-06T20:32:38.853	TEL,148,S4,857284726,2001,44543,0,433,2933                     
2026-10-06T20:32:38.853	TEL,149,S4,857294726,2001,44543,0,433,2933                     
2026-10-06T20:32:38.853	TEL,150,S4,857304726,2001,44543,0,433,2933                     
2026-10-06T20:32:38.853	TEL,151,S4,857314726,2001,44543,0,433,2933                     
2026-10-06T20:32:38.853	TEL,152,S4,857324726,2001,44543,0,430,2933                     
2026-10-06T20:32:38.853	TEL,153,S4,857334726,2001,44543,0,430,2933                     
2026-10-06T20:32:38.853	TEL,154,S4,857344726,2001,44543,0,436,2933                     
2026-10-06T20:32:38.853	TEL,155,S4,857354726,2001,44543,0,436,2933                     
2026-10-06T20:32:38.853	TEL,156,S4,857364726,2001,44543,0,430,2933                     
2026-10-06T20:32:38.853	TEL,157,S4,857374726,2001,44543,0,430,2933                     
2026-10-06T20:32:38.853	TEL,158,S4,857384726,2001,44543,0,433,2933                     
2026-10-06T20:32:38.853	TEL,159,S4,857394726,2001,44543,0,436,2935                     
2026-10-06T20:32:38.853	TEL,160,S4,857404726,2001,44543,0,436,2935                     
2026-10-06T20:32:38.853	TEL,161,S4,857414726,2001,44543,0,433,2933                     
2026-10-06T20:32:38.853	TEL,162,S4,857424726,2001,44543,0,439,2933                     
2026-10-06T20:32:38.853	TEL,163,S4,857434726,2001,44543,0,448,2941                     
2026-10-06T20:32:38.853	TEL,164,S4,857444726,2001,44543,0,442,2941                     
2026-10-06T20:32:38.853	TEL,165,S4,857454726,2001,44543,0,439,2937                     
2026-10-06T20:32:38.853	TEL,166,S4,857464726,2001,44543,0,433,2937                     
2026-10-06T20:32:38.853	TEL,167,S4,857474726,2001,44543,0,430,2933                     
2026-10-06T20:32:38.853	TEL,168,S4,857484726,2001,44543,0,439,2933                     
2026-10-06T20:32:38.853	TEL,169,S4,857494726,2001,44543,0,439,2933                     
2026-10-06T20:32:38.853	TEL,170,S4,857504726,2001,44543,0,433,2933                     
2026-10-06T20:32:38.853	TEL,171,S4,857514726,2001,44543,0,433,2933                     
2026-10-06T20:32:38.853	TEL,172,S4,857524726,2001,44543,0,433,2933                     
2026-10-06T20:32:38.853	TEL,173,S4,857534726,2001,44543,0,439,2937                     
2026-10-06T20:32:38.853	TEL,174,S4,857544726,2001,44543,0,442,2937                     
2026-10-06T20:32:38.853	TEL,175,S4,857554726,2001,44543,0,439,2933                     
2026-10-06T20:32:38.853	TEL,176,S4,857564726,2001,44543,0,436,2933                     
2026-10-06T20:32:38.853	TEL,177,S4,857574726,2001,44543,0,436,2933                     
2026-10-06T20:32:38.853	TEL,178,S4,857584726,2001,44543,0,430,2933                     
2026-10-06T20:32:38.853	TEL,179,S4,857594726,2001,44543,0,430,2935                     
2026-10-06T20:32:38.853	TEL,180,S4,857604726,2001,44543,0,436,2935                     
2026-10-06T20:32:38.853	TEL,181,S4,857614726,2001,44543,0,430,2930                     
2026-10-06T20:32:38.853	TEL,182,S4,857624726,2001,44543,0,436,2930                     
2026-10-06T20:32:38.853	TEL,183,S4,857634726,2001,44543,0,445,2939                     
2026-10-06T20:32:38.853	TEL,184,S4,857644726,2001,44543,0,445,2939                     
2026-10-06T20:32:38.853	TEL,185,S4,857654726,2001,44543,0,439,2933                     
2026-10-06T20:32:39.474	TEL,186,S4,857664726,2001,44543,0,448,2933                     
2026-10-06T20:32:39.474	TEL,187,S4,857674726,2001,44543,0,448,2933                     
2026-10-06T20:32:39.474	TEL,188,S4,857684726,2001,44543,0,436,2933                     
2026-10-06T20:32:39.474	TEL,189,S4,857694726,2001,44543,0,436,2933                     
2026-10-06T20:32:39.474	TEL,190,S4,857704726,2001,44543,0,436,2933                     
2026-10-06T20:32:39.474	TEL,191,S4,857714726,2001,44543,0,436,2933                     
2026-10-06T20:32:39.474	TEL,192,S4,857724726,2001,44543,0,439,2933                     
2026-10-06T20:32:39.474	TEL,193,S4,857734726,2001,44543,0,442,2937                     
2026-10-06T20:32:39.474	TEL,194,S4,857744726,2001,44543,0,433,2937                     
2026-10-06T20:32:39.474	TEL,195,S4,857754726,2001,44543,0,433,2937                     
2026-10-06T20:32:39.474	TEL,196,S4,857764726,2001,44543,0,439,2937                     
2026-10-06T20:32:39.474	TEL,197,S4,857774726,2001,44543,0,433,2933                     
2026-10-06T20:32:39.474	TEL,198,S4,857784726,2001,44543,0,439,2933                     
2026-10-06T20:32:39.474	TEL,199,S4,857794726,2001,44543,0,442,2935                     
2026-10-06T20:32:39.474	TEL,200,S4,857804726,2001,44543,0,442,2935                     
2026-10-06T20:32:39.474	TEL,201,S4,857814726,2001,44543,0,448,2941                     
2026-10-06T20:32:39.474	TEL,202,S4,857824726,2001,44543,0,436,2941                     
2026-10-06T20:32:39.474	TEL,203,S4,857834726,2001,44543,0,433,2937                     
2026-10-06T20:32:39.474	TEL,204,S4,857844726,2001,44543,0,442,2937                     
2026-10-06T20:32:39.474	TEL,205,S4,857854726,2001,44543,0,439,2933                     
2026-10-06T20:32:39.474	TEL,206,S4,857864726,2001,44543,0,433,2933                     
2026-10-06T20:32:39.474	TEL,207,S4,857874726,2001,44543,0,433,2933                     
2026-10-06T20:32:39.474	TEL,208,S4,857884726,2001,44543,0,430,2933                     
2026-10-06T20:32:39.474	TEL,209,S4,857894726,2001,44543,0,436,2941                     
2026-10-06T20:32:39.474	TEL,210,S4,857904726,2001,44543,0,445,2941                     
2026-10-06T20:32:39.474	TEL,211,S4,857914726,2001,44543,0,436,2933                     
2026-10-06T20:32:39.474	TEL,212,S4,857924726,2001,44543,0,433,2933                     
2026-10-06T20:32:39.474	TEL,213,S4,857934726,2001,44543,0,442,2941                     
2026-10-06T20:32:39.474	TEL,214,S4,857944726,2001,44543,0,442,2941                     
2026-10-06T20:32:39.474	TEL,215,S4,857954726,2001,44543,0,439,2939                     
2026-10-06T20:32:39.474	TEL,216,S4,857964726,2001,44543,0,445,2939                     
2026-10-06T20:32:39.474	TEL,217,S4,857974726,2001,44543,0,433,2927                     
2026-10-06T20:32:39.474	TEL,218,S4,857984726,2001,44543,0,422,2927                     
2026-10-06T20:32:39.474	TEL,219,S4,857994726,2001,44543,0,430,2933                     
2026-10-06T20:32:39.474	TEL,220,S4,858004726,2001,44543,0,439,2933                     
2026-10-06T20:32:39.474	TEL,221,S4,858014726,2001,44543,0,442,2937                     
2026-10-06T20:32:39.474	TEL,222,S4,858024726,2001,44543,0,442,2937                     
2026-10-06T20:32:39.474	TEL,223,S4,858034726,2001,44543,0,448,2941                     
2026-10-06T20:32:39.474	TEL,224,S4,858044726,2001,44543,0,442,2941                     
2026-10-06T20:32:39.474	TEL,225,S4,858054726,2001,44543,0,439,2937                     
2026-10-06T20:32:39.474	TEL,226,S4,858064726,2001,44543,0,442,2937                     
2026-10-06T20:32:39.474	TEL,227,S4,858074726,2001,44543,0,439,2933                     
2026-10-06T20:32:39.474	TEL,228,S4,858084726,2001,44543,0,436,2933                     
2026-10-06T20:32:39.474	TEL,229,S4,858094726,2001,44543,0,436,2933                     
2026-10-06T20:32:39.474	TEL,230,S4,858104726,2001,44543,0,439,2933                     
2026-10-06T20:32:39.474	TEL,231,S4,858114726,2001,44543,0,439,2933                     
2026-10-06T20:32:39.474	TEL,232,S4,858124726,2001,44543,0,433,2933                     
2026-10-06T20:32:39.474	TEL,233,S4,858134726,2001,44543,0,433,2933                     
2026-10-06T20:32:39.474	TEL,234,S4,858144726,2001,44543,0,436,2933                     
2026-10-06T20:32:39.474	TEL,235,S4,858154726,2001,44543,0,439,2935                     
2026-10-06T20:32:39.474	TEL,236,S4,858164726,2001,44543,0,442,2935                     
2026-10-06T20:32:39.474	TEL,237,S4,858174726,2001,44543,0,439,2933                     
2026-10-06T20:32:39.474	TEL,238,S4,858184726,2001,44543,0,436,2933                     
2026-10-06T20:32:39.474	TEL,239,S4,858194726,2001,44543,0,442,2937                     
2026-10-06T20:32:39.474	TEL,240,S4,858204726,2001,44543,0,433,2937                     
2026-10-06T20:32:39.474	TEL,241,S4,858214726,2001,44543,0,433,2937                     
2026-10-06T20:32:39.474	TEL,242,S4,858224726,2001,44543,0,442,2937                     
2026-10-06T20:32:39.474	TEL,243,S4,858234726,2001,44543,0,445,2941                     
2026-10-06T20:32:39.474	TEL,244,S4,858244726,2001,44543,0,436,2941                     
2026-10-06T20:32:39.474	TEL,245,S4,858254726,2001,44543,0,433,2937                     
2026-10-06T20:32:39.474	TEL,246,S4,858264726,2001,44543,0,448,2937                     
2026-10-06T20:32:39.474	TEL,247,S4,858274726,2001,44543,0,451,2939                     
2026-10-06T20:32:40.095	TEL,248,S4,858284726,2001,44543,0,445,2939                     
2026-10-06T20:32:40.095	TEL,249,S4,858294726,2001,44543,0,439,2933                     
2026-10-06T20:32:40.095	TEL,250,S4,858304726,2001,44543,0,433,2933                     
2026-10-06T20:32:40.095	TEL,251,S4,858314726,2001,44543,0,433,2933                     
2026-10-06T20:32:40.095	TEL,252,S4,858324726,2001,44543,0,433,2933                     
2026-10-06T20:32:40.095	TEL,253,S4,858334726,2001,44543,0,433,2933                     
2026-10-06T20:32:40.095	TEL,254,S4,858344726,2001,44543,0,430,2933                     
2026-10-06T20:32:40.095	TEL,255,S4,858354726,2001,44543,0,433,2937                     
2026-10-06T20:32:40.095	TEL,256,S4,858364726,2001,44543,0,439,2937                     
2026-10-06T20:32:40.095	TEL,257,S4,858374726,2001,44543,0,442,2941                     
2026-10-06T20:32:40.095	TEL,258,S4,858384726,2001,44543,0,436,2941                     
2026-10-06T20:32:40.095	TEL,259,S4,858394726,2001,44543,0,430,2933                     
2026-10-06T20:32:40.095	TEL,260,S4,858404726,2001,44543,0,430,2933                     
2026-10-06T20:32:40.095	TEL,261,S4,858414726,2001,44543,0,433,2937                     
2026-10-06T20:32:40.095	TEL,262,S4,858424726,2001,44543,0,433,2937                     
2026-10-06T20:32:40.095	TEL,263,S4,858434726,2001,44543,0,433,2937                     
2026-10-06T20:32:40.095	TEL,264,S4,858444726,2001,44543,0,442,2937                     
2026-10-06T20:32:40.095	TEL,265,S4,858454726,2001,44543,0,436,2933                     
2026-10-06T20:32:40.095	TEL,266,S4,858464726,2001,44543,0,430,2933                     
2026-10-06T20:32:40.095	TEL,267,S4,858474726,2001,44543,0,430,2935                     
2026-10-06T20:32:40.095	TEL,268,S4,858484726,2001,44543,0,436,2935                     
2026-10-06T20:32:40.095	TEL,269,S4,858494726,2001,44543,0,433,2933                     
2026-10-06T20:32:40.095	TEL,270,S4,858504726,2001,44543,0,436,2933                     
2026-10-06T20:32:40.095	TEL,271,S4,858514726,2001,44543,0,439,2935                     
2026-10-06T20:32:40.095	TEL,272,S4,858524726,2001,44543,0,439,2935                     
2026-10-06T20:32:40.095	TEL,273,S4,858534726,2001,44543,0,439,2935                     
2026-10-06T20:32:40.095	TEL,274,S4,858544726,2001,44543,0,451,2935                     
2026-10-06T20:32:40.095	TEL,275,S4,858554726,2001,44543,0,454,2941                     
2026-10-06T20:32:40.095	TEL,276,S4,858564726,2001,44543,0,448,2941                     
2026-10-06T20:32:40.095	TEL,277,S4,858574726,2001,44543,0,442,2937                     
2026-10-06T20:32:40.095	TEL,278,S4,858584726,2001,44543,0,433,2937                     
2026-10-06T20:32:40.095	TEL,279,S4,858594726,2001,44543,0,433,2937                     
2026-10-06T20:32:40.095	TEL,280,S4,858604726,2001,44543,0,442,2937                     
2026-10-06T20:32:40.095	TEL,281,S4,858614726,2001,44543,0,439,2933                     
2026-10-06T20:32:40.095	TEL,282,S4,858624726,2001,44543,0,436,2933                     
2026-10-06T20:32:40.095	TEL,283,S4,858634726,2001,44543,0,442,2937                     
2026-10-06T20:32:40.095	TEL,284,S4,858644726,2001,44543,0,442,2937                     
2026-10-06T20:32:40.095	TEL,285,S4,858654726,2001,44543,0,436,2933                     
2026-10-06T20:32:40.095	TEL,286,S4,858664726,2001,44543,0,439,2933                     
2026-10-06T20:32:40.095	TEL,287,S4,858674726,2001,44543,0,442,2937                     
2026-10-06T20:32:40.095	TEL,288,S4,858684726,2001,44543,0,442,2937                     
2026-10-06T20:32:40.095	TEL,289,S4,858694726,2001,44543,0,439,2933                     
2026-10-06T20:32:40.095	TEL,290,S4,858704726,2001,44543,0,430,2933                     
2026-10-06T20:32:40.095	TEL,291,S4,858714726,2001,44543,0,436,2941                     
2026-10-06T20:32:40.095	TEL,292,S4,858724726,2001,44543,0,442,2941                     
2026-10-06T20:32:40.095	TEL,293,S4,858734726,2001,44543,0,439,2937                     
2026-10-06T20:32:40.095	TEL,294,S4,858744726,2001,44543,0,442,2937                     
2026-10-06T20:32:40.095	TEL,295,S4,858754726,2001,44543,0,448,2941                     
2026-10-06T20:32:40.095	TEL,296,S4,858764726,2001,44543,0,436,2941                     
2026-10-06T20:32:40.095	TEL,297,S4,858774726,2001,44543,0,436,2941                     
2026-10-06T20:32:40.095	TEL,298,S4,858784726,2001,44543,0,445,2941                     
2026-10-06T20:32:40.095	TEL,299,S4,858794726,2001,44543,0,442,2937                     
2026-10-06T20:32:40.095	TEL,300,S4,858804726,2001,44543,0,439,2937                     
2026-10-06T20:32:40.095	TEL,301,S4,858814726,2001,44543,0,442,2941                     
2026-10-06T20:32:40.095	TEL,302,S4,858824726,2001,44543,0,439,2941                     
2026-10-06T20:32:40.095	TEL,303,S4,858834726,2001,44543,0,433,2933                     
2026-10-06T20:32:40.095	TEL,304,S4,858844726,2001,44543,0,439,2933                     
2026-10-06T20:32:40.095	TEL,305,S4,858854726,2001,44543,0,439,2933                     
2026-10-06T20:32:40.095	TEL,306,S4,858864726,2001,44543,0,436,2933                     
2026-10-06T20:32:40.095	TEL,307,S4,858874726,2001,44543,0,445,2941                     
2026-10-06T20:32:40.095	TEL,308,S4,858884726,2001,44543,0,442,2941                     
2026-10-06T20:32:40.095	TEL,309,S4,858894726,2001,44543,0,433,2933                     
2026-10-06T20:32:40.715	TEL,310,S4,858904726,2001,44543,0,433,2933                     
2026-10-06T20:32:40.715	TEL,311,S4,858914726,2001,44543,0,433,2933                     
2026-10-06T20:32:40.715	TEL,312,S4,858924726,2001,44543,0,433,2933                     
2026-10-06T20:32:40.715	TEL,313,S4,858934726,2001,44543,0,433,2933                     
2026-10-06T20:32:40.715	TEL,314,S4,858944726,2001,44543,0,436,2933                     
2026-10-06T20:32:40.715	TEL,315,S4,858954726,2001,44543,0,436,2933                     
2026-10-06T20:32:40.715	TEL,316,S4,858964726,2001,44543,0,439,2933                     
2026-10-06T20:32:40.715	TEL,317,S4,858974726,2001,44543,0,442,2935                     
2026-10-06T20:32:40.715	TEL,318,S4,858984726,2001,44543,0,436,2935                     
2026-10-06T20:32:40.715	TEL,319,S4,858994726,2001,44543,0,433,2933                     
2026-10-06T20:32:40.715	TEL,320,S4,859004726,2001,44543,0,430,2933                     
2026-10-06T20:32:40.715	TEL,321,S4,859014726,2001,44543,0,433,2937                     
2026-10-06T20:32:40.715	TEL,322,S4,859024726,2001,44543,0,442,2937                     
2026-10-06T20:32:40.715	TEL,323,S4,859034726,2001,44543,0,439,2933                     
2026-10-06T20:32:40.715	TEL,324,S4,859044726,2001,44543,0,436,2933                     
2026-10-06T20:32:40.715	TEL,325,S4,859054726,2001,44543,0,442,2937                     
2026-10-06T20:32:40.715	TEL,326,S4,859064726,2001,44543,0,442,2937                     
2026-10-06T20:32:40.715	TEL,327,S4,859074726,2001,44543,0,442,2937                     
2026-10-06T20:32:40.715	TEL,328,S4,859084726,2001,44543,0,442,2937                     
2026-10-06T20:32:40.715	TEL,329,S4,859094726,2001,44543,0,442,2937                     
2026-10-06T20:32:40.715	TEL,330,S4,859104726,2001,44543,0,433,2937                     
2026-10-06T20:32:40.715	TEL,331,S4,859114726,2001,44543,0,430,2933                     
2026-10-06T20:32:40.715	TEL,332,S4,859124726,2001,44543,0,430,2933                     
2026-10-06T20:32:40.715	TEL,333,S4,859134726,2001,44543,0,430,2933                     
2026-10-06T20:32:40.715	TEL,334,S4,859144726,2001,44543,0,433,2933                     
2026-10-06T20:32:40.715	TEL,335,S4,859154726,2001,44543,0,436,2935                     
2026-10-06T20:32:40.715	TEL,336,S4,859164726,2001,44543,0,436,2935                     
2026-10-06T20:32:40.715	TEL,337,S4,859174726,2001,44543,0,436,2935                     
2026-10-06T20:32:40.715	TEL,338,S4,859184726,2001,44543,0,430,2935                     
2026-10-06T20:32:40.715	TEL,339,S4,859194726,2001,44543,0,430,2933                     
2026-10-06T20:32:40.715	TEL,340,S4,859204726,2001,44543,0,433,2933                     
2026-10-06T20:32:40.715	TEL,341,S4,859214726,2001,44543,0,442,2941                     
2026-10-06T20:32:40.715	TEL,342,S4,859224726,2001,44543,0,436,2941                     
2026-10-06T20:32:40.715	TEL,343,S4,859234726,2001,44543,0,436,2941                     
2026-10-06T20:32:40.715	TEL,344,S4,859244726,2001,44543,0,451,2941                     
2026-10-06T20:32:40.715	TEL,345,S4,859254726,2001,44543,0,445,2933                     
2026-10-06T20:32:40.715	TEL,346,S4,859264726,2001,44543,0,436,2933                     
2026-10-06T20:32:40.715	TEL,347,S4,859274726,2001,44543,0,442,2937                     
2026-10-06T20:32:40.715	TEL,348,S4,859284726,2001,44543,0,442,2937                     
2026-10-06T20:32:40.715	TEL,349,S4,859294726,2001,44543,0,442,2935                     
2026-10-06T20:32:40.715	TEL,350,S4,859304726,2001,44543,0,428,2935                     
2026-10-06T20:32:40.715	TEL,351,S4,859314726,2001,44543,0,428,2933                     
2026-10-06T20:32:40.715	TEL,352,S4,859324726,2001,44543,0,439,2933                     
2026-10-06T20:32:40.715	TEL,353,S4,859334726,2001,44543,0,439,2933                     
2026-10-06T20:32:40.715	TEL,354,S4,859344726,2001,44543,0,439,2933                     
2026-10-06T20:32:40.715	TEL,355,S4,859354726,2001,44543,0,436,2930                     
2026-10-06T20:32:40.715	TEL,356,S4,859364726,2001,44543,0,439,2930                     
2026-10-06T20:32:40.715	TEL,357,S4,859374726,2001,44543,0,442,2933                     
2026-10-06T20:32:40.715	TEL,358,S4,859384726,2001,44543,0,436,2933                     
2026-10-06T20:32:40.715	TEL,359,S4,859394726,2001,44543,0,442,2937                     
2026-10-06T20:32:40.715	TEL,360,S4,859404726,2001,44543,0,433,2937                     
2026-10-06T20:32:40.715	TEL,361,S4,859414726,2001,44543,0,433,2937                     
2026-10-06T20:32:40.715	TEL,362,S4,859424726,2001,44543,0,442,2937                     
2026-10-06T20:32:40.715	TEL,363,S4,859434726,2001,44543,0,439,2933                     
2026-10-06T20:32:40.715	TEL,364,S4,859444726,2001,44543,0,433,2933                     
2026-10-06T20:32:40.715	TEL,365,S4,859454726,2001,44543,0,442,2941                     
2026-10-06T20:32:40.715	TEL,366,S4,859464726,2001,44543,0,445,2941                     
2026-10-06T20:32:40.715	TEL,367,S4,859474726,2001,44543,0,436,2933                     
2026-10-06T20:32:40.715	TEL,368,S4,859484726,2001,44543,0,433,2933                     
2026-10-06T20:32:40.715	TEL,369,S4,859494726,2001,44543,0,439,2937                     
2026-10-06T20:32:40.715	TEL,370,S4,859504726,2001,44543,0,433,2937                     
2026-10-06T20:32:40.715	TEL,371,S4,859514726,2001,44543,0,428,2930                     
2026-10-06T20:32:41.335	TEL,372,S4,859524726,2001,44543,0,430,2930                     
2026-10-06T20:32:41.335	TEL,373,S4,859534726,2001,44543,0,433,2933                     
2026-10-06T20:32:41.335	TEL,374,S4,859544726,2001,44543,0,430,2933                     
2026-10-06T20:32:41.335	TEL,375,S4,859554726,2001,44543,0,430,2933                     
2026-10-06T20:32:41.335	TEL,376,S4,859564726,2001,44543,0,436,2933                     
2026-10-06T20:32:41.335	TEL,377,S4,859574726,2001,44543,0,445,2941                     
2026-10-06T20:32:41.335	TEL,378,S4,859584726,2001,44543,0,448,2941                     
2026-10-06T20:32:41.335	TEL,379,S4,859594726,2001,44543,0,439,2933                     
2026-10-06T20:32:41.335	TEL,380,S4,859604726,2001,44543,0,436,2933                     
2026-10-06T20:32:41.335	TEL,381,S4,859614726,2001,44543,0,442,2939                     
2026-10-06T20:32:41.335	TEL,382,S4,859624726,2001,44543,0,433,2939                     
2026-10-06T20:32:41.335	TEL,383,S4,859634726,2001,44543,0,436,2941                     
2026-10-06T20:32:41.335	TEL,384,S4,859644726,2001,44543,0,448,2941                     
2026-10-06T20:32:41.335	TEL,385,S4,859654726,2001,44543,0,448,2941                     
2026-10-06T20:32:41.335	TEL,386,S4,859664726,2001,44543,0,448,2941                     
2026-10-06T20:32:41.335	TEL,387,S4,859674726,2001,44543,0,439,2933                     
2026-10-06T20:32:41.335	TEL,388,S4,859684726,2001,44543,0,430,2933                     
2026-10-06T20:32:41.335	TEL,389,S4,859694726,2001,44543,0,433,2937                     
2026-10-06T20:32:41.335	TEL,390,S4,859704726,2001,44543,0,442,2937                     
2026-10-06T20:32:41.335	TEL,391,S4,859714726,2001,44543,0,439,2933                     
2026-10-06T20:32:41.335	TEL,392,S4,859724726,2001,44543,0,430,2933                     
2026-10-06T20:32:41.335	TEL,393,S4,859734726,2001,44543,0,430,2933                     
2026-10-06T20:32:41.335	TEL,394,S4,859744726,2001,44543,0,433,2933                     
2026-10-06T20:32:41.335	TEL,395,S4,859754726,2001,44543,0,433,2933                     
2026-10-06T20:32:41.335	TEL,396,S4,859764726,2001,44543,0,433,2933                     
2026-10-06T20:32:41.335	TEL,397,S4,859774726,2001,44543,0,433,2933                     
2026-10-06T20:32:41.335	TEL,398,S4,859784726,2001,44543,0,439,2933                     
2026-10-06T20:32:41.335	TEL,399,S4,859794726,2001,44543,0,442,2935                     
2026-10-06T20:32:41.335	TEL,400,S4,859804726,2001,44543,0,436,2935                     
2026-10-06T20:32:41.335	TEL,401,S4,859814726,2001,44543,0,433,2933                     
2026-10-06T20:32:41.335	TEL,402,S4,859824726,2001,44543,0,430,2933                     
2026-10-06T20:32:41.335	TEL,403,S4,859834726,2001,44543,0,430,2933                     
2026-10-06T20:32:41.335	TEL,404,S4,859844726,2001,44543,0,433,2933                     
2026-10-06T20:32:41.335	TEL,405,S4,859854726,2001,44543,0,436,2935                     
2026-10-06T20:32:41.335	TEL,406,S4,859864726,2001,44543,0,430,2935                     
2026-10-06T20:32:41.335	TEL,407,S4,859874726,2001,44543,0,430,2933                     
2026-10-06T20:32:41.335	TEL,408,S4,859884726,2001,44543,0,430,2933                     
2026-10-06T20:32:41.335	TEL,409,S4,859894726,2001,44543,0,430,2933                     
2026-10-06T20:32:41.335	TEL,410,S4,859904726,2001,44543,0,430,2933                     
2026-10-06T20:32:41.335	TEL,411,S4,859914726,2001,44543,0,430,2933                     
2026-10-06T20:32:41.335	TEL,412,S4,859924726,2001,44543,0,433,2933                     
2026-10-06T20:32:41.335	TEL,413,S4,859934726,2001,44543,0,433,2935                     
2026-10-06T20:32:41.335	TEL,414,S4,859944726,2001,44543,0,442,2935                     
2026-10-06T20:32:41.335	TEL,415,S4,859954726,2001,44543,0,439,2933                     
2026-10-06T20:32:41.335	TEL,416,S4,859964726,2001,44543,0,436,2933                     
2026-10-06T20:32:41.335	TEL,417,S4,859974726,2001,44543,0,436,2933                     
2026-10-06T20:32:41.335	TEL,418,S4,859984726,2001,44543,0,433,2933                     
2026-10-06T20:32:41.335	TEL,419,S4,859994726,2001,44543,0,442,2941                     
2026-10-06T20:32:41.335	TEL,420,S4,860004726,2001,44543,0,448,2941                     
2026-10-06T20:32:41.335	TEL,421,S4,860014726,2001,44543,0,439,2933                     
2026-10-06T20:32:41.335	TEL,422,S4,860024726,2001,44543,0,439,2933                     
2026-10-06T20:32:41.335	TEL,423,S4,860034726,2001,44543,0,439,2933                     
2026-10-06T20:32:41.335	TEL,424,S4,860044726,2001,44543,0,433,2933                     
2026-10-06T20:32:41.335	TEL,425,S4,860054726,2001,44543,0,433,2933                     
2026-10-06T20:32:41.335	TEL,426,S4,860064726,2001,44543,0,430,2933                     
2026-10-06T20:32:41.335	TEL,427,S4,860074726,2001,44543,0,430,2933                     
2026-10-06T20:32:41.335	TEL,428,S4,860084726,2001,44543,0,436,2933                     
2026-10-06T20:32:41.335	TEL,429,S4,860094726,2001,44543,0,436,2933                     
2026-10-06T20:32:41.335	TEL,430,S4,860104726,2001,44543,0,428,2933                     
2026-10-06T20:32:41.335	TEL,431,S4,860114726,2001,44543,0,428,2933                     
2026-10-06T20:32:41.335	TEL,432,S4,860124726,2001,44543,0,439,2933                     
2026-10-06T20:32:41.335	TEL,433,S4,860134726,2001,44543,0,439,2933                     
2026-10-06T20:32:41.956	TEL,434,S4,860144726,2001,44543,0,445,2933                     
2026-10-06T20:32:41.956	TEL,435,S4,860154726,2001,44543,0,445,2933                     
2026-10-06T20:32:41.956	TEL,436,S4,860164726,2001,44543,0,430,2933                     
2026-10-06T20:32:41.956	TEL,437,S4,860174726,2001,44543,0,430,2933                     
2026-10-06T20:32:41.956	TEL,438,S4,860184726,2001,44543,0,439,2933                     
2026-10-06T20:32:41.956	TEL,439,S4,860194726,2001,44543,0,439,2933                     
2026-10-06T20:32:41.956	TEL,440,S4,860204726,2001,44543,0,439,2933                     
2026-10-06T20:32:41.956	TEL,441,S4,860214726,2001,44543,0,448,2941                     
2026-10-06T20:32:41.956	TEL,442,S4,860224726,2001,44543,0,442,2941                     
2026-10-06T20:32:41.956	TEL,443,S4,860234726,2001,44543,0,433,2933                     
2026-10-06T20:32:41.956	TEL,444,S4,860244726,2001,44543,0,430,2933                     
2026-10-06T20:32:41.956	TEL,445,S4,860254726,2001,44543,0,430,2933                     
2026-10-06T20:32:41.956	TEL,446,S4,860264726,2001,44543,0,448,2933                     
2026-10-06T20:32:41.956	TEL,447,S4,860274726,2001,44543,0,445,2930                     
2026-10-06T20:32:41.956	TEL,448,S4,860284726,2001,44543,0,428,2930                     
2026-10-06T20:32:41.956	TEL,449,S4,860294726,2001,44543,0,433,2937                     
2026-10-06T20:32:41.956	TEL,450,S4,860304726,2001,44543,0,439,2937                     
2026-10-06T20:32:41.956	TEL,451,S4,860314726,2001,44543,0,442,2941                     
2026-10-06T20:32:41.956	TEL,452,S4,860324726,2001,44543,0,448,2941                     
2026-10-06T20:32:41.956	TEL,453,S4,860334726,2001,44543,0,439,2933                     
2026-10-06T20:32:41.956	TEL,454,S4,860344726,2001,44543,0,433,2933                     
2026-10-06T20:32:41.956	TEL,455,S4,860354726,2001,44543,0,439,2937                     
2026-10-06T20:32:41.956	TEL,456,S4,860364726,2001,44543,0,439,2937                     
2026-10-06T20:32:41.956	TEL,457,S4,860374726,2001,44543,0,433,2933                     
2026-10-06T20:32:41.956	TEL,458,S4,860384726,2001,44543,0,430,2933                     
2026-10-06T20:32:41.956	TEL,459,S4,860394726,2001,44543,0,430,2933                     
2026-10-06T20:32:41.956	TEL,460,S4,860404726,2001,44543,0,439,2933                     
2026-10-06T20:32:41.956	TEL,461,S4,860414726,2001,44543,0,439,2933                     
2026-10-06T20:32:41.956	TEL,462,S4,860424726,2001,44543,0,433,2933                     
2026-10-06T20:32:41.956	TEL,463,S4,860434726,2001,44543,0,433,2933                     
2026-10-06T20:32:41.956	TEL,464,S4,860444726,2001,44543,0,433,2933                     
2026-10-06T20:32:41.956	TEL,465,S4,860454726,2001,44543,0,439,2937                     
2026-10-06T20:32:41.956	TEL,466,S4,860464726,2001,44543,0,439,2937                     
2026-10-06T20:32:41.956	TEL,467,S4,860474726,2001,44543,0,433,2933                     
2026-10-06T20:32:41.956	TEL,468,S4,860484726,2001,44543,0,430,2933                     
2026-10-06T20:32:41.956	TEL,469,S4,860494726,2001,44543,0,433,2937                     
2026-10-06T20:32:41.956	TEL,470,S4,860504726,2001,44543,0,442,2937                     
2026-10-06T20:32:41.956	TEL,471,S4,860514726,2001,44543,0,439,2932                     
2026-10-06T20:32:41.956	TEL,472,S4,860524726,2001,44543,0,428,2932                     
2026-10-06T20:32:41.957	TEL,473,S4,860534726,2001,44543,0,430,2933                     
2026-10-06T20:32:41.957	TEL,474,S4,860544726,2001,44543,0,439,2933                     
2026-10-06T20:32:41.957	TEL,475,S4,860554726,2001,44543,0,442,2935                     
2026-10-06T20:32:41.957	TEL,476,S4,860564726,2001,44543,0,439,2935                     
2026-10-06T20:32:41.957	TEL,477,S4,860574726,2001,44543,0,436,2933                     
2026-10-06T20:32:41.957	TEL,478,S4,860584726,2001,44543,0,439,2933                     
2026-10-06T20:32:41.957	TEL,479,S4,860594726,2001,44543,0,439,2933                     
2026-10-06T20:32:41.957	TEL,480,S4,860604726,2001,44543,0,433,2933                     
2026-10-06T20:32:41.957	TEL,481,S4,860614726,2001,44543,0,436,2937                     
2026-10-06T20:32:41.957	TEL,482,S4,860624726,2001,44543,0,430,2937                     
2026-10-06T20:32:41.957	TEL,483,S4,860634726,2001,44543,0,428,2935                     
2026-10-06T20:32:41.957	TEL,484,S4,860644726,2001,44543,0,439,2935                     
2026-10-06T20:32:41.957	TEL,485,S4,860654726,2001,44543,0,436,2933                     
2026-10-06T20:32:41.957	TEL,486,S4,860664726,2001,44543,0,433,2933                     
2026-10-06T20:32:41.957	TEL,487,S4,860674726,2001,44543,0,433,2933                     
2026-10-06T20:32:41.957	TEL,488,S4,860684726,2001,44543,0,430,2933                     
2026-10-06T20:32:41.957	TEL,489,S4,860694726,2001,44543,0,430,2933                     
2026-10-06T20:32:41.957	TEL,490,S4,860704726,2001,44543,0,439,2933                     
2026-10-06T20:32:41.957	TEL,491,S4,860714726,2001,44543,0,439,2933                     
2026-10-06T20:32:41.957	TEL,492,S4,860724726,2001,44543,0,433,2933                     
2026-10-06T20:32:41.957	TEL,493,S4,860734726,2001,44543,0,433,2933                     
2026-10-06T20:32:41.957	TEL,494,S4,860744726,2001,44543,0,433,2933                     
2026-10-06T20:32:41.957	TEL,495,S4,860754726,2001,44543,0,433,2933                     
2026-10-06T20:32:42.565	TEL,496,S4,860764726,2001,44543,0,433,2933                     
2026-10-06T20:32:42.565	TEL,497,S4,860774726,2001,44543,0,433,2933                     
2026-10-06T20:32:42.565	TEL,498,S4,860784726,2001,44543,0,433,2933                     
2026-10-06T20:32:42.565	TEL,499,S4,860794726,2001,44543,0,433,2933                     
2026-10-06T20:32:42.565	TEL,500,S4,860804726,2001,44543,0,439,2933                     
2026-10-06T20:32:42.565	TEL,501,S4,860814726,2001,44543,0,448,2941                     
2026-10-06T20:32:42.565	TEL,502,S4,860824726,2001,44543,0,448,2941                     
2026-10-06T20:32:42.565	TEL,503,S4,860834726,2001,44543,0,436,2930                     
2026-10-06T20:32:42.565	TEL,504,S4,860844726,2001,44543,0,436,2930                     
2026-10-06T20:32:42.565	TEL,505,S4,860854726,2001,44543,0,442,2937                     
2026-10-06T20:32:42.565	TEL,506,S4,860864726,2001,44543,0,442,2937                     
2026-10-06T20:32:42.565	TEL,507,S4,860874726,2001,44543,0,439,2933                     
2026-10-06T20:32:42.565	TEL,508,S4,860884726,2001,44543,0,436,2933                     
2026-10-06T20:32:42.565	TEL,509,S4,860894726,2001,44543,0,436,2933                     
2026-10-06T20:32:42.565	TEL,510,S4,860904726,2001,44543,0,430,2933                     
2026-10-06T20:32:42.565	TEL,511,S4,860914726,2001,44543,0,430,2933                     
2026-10-06T20:32:42.565	TEL,512,S4,860924726,2001,44543,0,436,2933                     
2026-10-06T20:32:42.565	TEL,513,S4,860934726,2001,44543,0,445,2941                     
2026-10-06T20:32:42.565	TEL,514,S4,860944726,2001,44543,0,442,2941                     
2026-10-06T20:32:42.565	TEL,515,S4,860954726,2001,44543,0,439,2937                     
2026-10-06T20:32:42.565	TEL,516,S4,860964726,2001,44543,0,433,2937                     
2026-10-06T20:32:42.565	TEL,517,S4,860974726,2001,44543,0,436,2941                     
2026-10-06T20:32:42.565	TEL,518,S4,860984726,2001,44543,0,448,2941                     
2026-10-06T20:32:42.565	TEL,519,S4,860994726,2001,44543,0,442,2937                     
2026-10-06T20:32:42.565	TEL,520,S4,861004726,2001,44543,0,439,2937                     
2026-10-06T20:32:42.565	TEL,521,S4,861014726,2001,44543,0,433,2933                     
2026-10-06T20:32:42.565	TEL,522,S4,861024726,2001,44543,0,439,2933                     
2026-10-06T20:32:42.565	TEL,523,S4,861034726,2001,44543,0,439,2933                     
2026-10-06T20:32:42.565	TEL,524,S4,861044726,2001,44543,0,439,2933                     
2026-10-06T20:32:42.565	TEL,525,S4,861054726,2001,44543,0,442,2937                     
2026-10-06T20:32:42.565	TEL,526,S4,861064726,2001,44543,0,436,2937                     
2026-10-06T20:32:42.565	TEL,527,S4,861074726,2001,44543,0,439,2941                     
2026-10-06T20:32:42.565	TEL,528,S4,861084726,2001,44543,0,436,2941                     
2026-10-06T20:32:42.565	TEL,529,S4,861094726,2001,44543,0,433,2937                     
2026-10-06T20:32:42.565	TEL,530,S4,861104726,2001,44543,0,442,2937                     
2026-10-06T20:32:42.565	TEL,531,S4,861114726,2001,44543,0,442,2937                     
2026-10-06T20:32:42.565	TEL,532,S4,861124726,2001,44543,0,442,2937                     
2026-10-06T20:32:42.565	TEL,533,S4,861134726,2001,44543,0,442,2935                     
2026-10-06T20:32:42.565	TEL,534,S4,861144726,2001,44543,0,439,2935                     
2026-10-06T20:32:42.565	TEL,535,S4,861154726,2001,44543,0,442,2937                     
2026-10-06T20:32:42.565	TEL,536,S4,861164726,2001,44543,0,439,2937                     
2026-10-06T20:32:42.565	TEL,537,S4,861174726,2001,44543,0,433,2933                     
2026-10-06T20:32:42.565	TEL,538,S4,861184726,2001,44543,0,436,2933                     
2026-10-06T20:32:42.565	BTN,1,S4,PRESSED,861187865,861187872                           
2026-10-06T20:32:42.565	TEL,539,S4,861194728,2003,44543,0,439,2935                     
2026-10-06T20:32:42.565	TEL,540,S4,861204726,2001,44543,0,439,2935                     
2026-10-06T20:32:42.565	TEL,541,S4,861214726,2001,44543,0,436,2933                     
2026-10-06T20:32:42.565	TEL,542,S4,861224726,2001,44543,0,436,2933                     
2026-10-06T20:32:42.565	TEL,543,S4,861234726,2001,44543,0,445,2941                     
2026-10-06T20:32:42.565	TEL,544,S4,861244726,2001,44543,0,436,2941                     
2026-10-06T20:32:42.565	TEL,545,S4,861254726,2001,44543,0,430,2933                     
2026-10-06T20:32:42.565	TEL,546,S4,861264726,2001,44543,0,439,2933                     
2026-10-06T20:32:42.565	TEL,547,S4,861274726,2001,44543,0,448,2941                     
2026-10-06T20:32:42.565	TEL,548,S4,861284726,2001,44543,0,448,2941                     
2026-10-06T20:32:42.565	TEL,549,S4,861294726,2001,44543,0,439,2933                     
2026-10-06T20:32:42.565	TEL,550,S4,861304726,2001,44543,0,433,2933                     
2026-10-06T20:32:42.565	TEL,551,S4,861314726,2001,44543,0,433,2933                     
2026-10-06T20:32:42.565	TEL,552,S4,861324726,2001,44543,0,430,2933                     
2026-10-06T20:32:42.565	TEL,553,S4,861334726,2001,44543,0,430,2933                     
2026-10-06T20:32:42.565	TEL,554,S4,861344726,2001,44543,0,439,2933                     
2026-10-06T20:32:42.565	TEL,555,S4,861354726,2001,44543,0,442,2937                     
2026-10-06T20:32:42.565	TEL,556,S4,861364726,2001,44543,0,433,2937                     
2026-10-06T20:32:43.172	TEL,557,S4,861374726,2001,44543,0,430,2933                     
2026-10-06T20:32:43.172	TEL,558,S4,861384726,2001,44543,0,430,2933                     
2026-10-06T20:32:43.172	TEL,559,S4,861394726,2001,44543,0,430,2933                     
2026-10-06T20:32:43.172	TEL,560,S4,861404726,2001,44543,0,439,2933                     
2026-10-06T20:32:43.172	TEL,561,S4,861414726,2001,44543,0,439,2933                     
2026-10-06T20:32:43.172	TEL,562,S4,861424726,2001,44543,0,433,2933                     
2026-10-06T20:32:43.172	TEL,563,S4,861434726,2001,44543,0,433,2933                     
2026-10-06T20:32:43.172	TEL,564,S4,861444726,2001,44543,0,439,2933                     
2026-10-06T20:32:43.172	TEL,565,S4,861454726,2001,44543,0,442,2937                     
2026-10-06T20:32:43.172	TEL,566,S4,861464726,2001,44543,0,433,2937                     
2026-10-06T20:32:43.172	TEL,567,S4,861474726,2001,44543,0,430,2935                     
2026-10-06T20:32:43.172	TEL,568,S4,861484726,2001,44543,0,436,2935                     
2026-10-06T20:32:43.172	TEL,569,S4,861494726,2001,44543,0,433,2933                     
2026-10-06T20:32:43.172	TEL,570,S4,861504726,2001,44543,0,436,2933                     
2026-10-06T20:32:43.172	TEL,571,S4,861514726,2001,44543,0,436,2933                     
2026-10-06T20:32:43.172	TEL,572,S4,861524726,2001,44543,0,436,2933                     
2026-10-06T20:32:43.172	TEL,573,S4,861534726,2001,44543,0,436,2933                     
2026-10-06T20:32:43.172	TEL,574,S4,861544726,2001,44543,0,430,2933                     
2026-10-06T20:32:43.172	TEL,575,S4,861554726,2001,44543,0,430,2933                     
2026-10-06T20:32:43.172	TEL,576,S4,861564726,2001,44543,0,433,2933                     
2026-10-06T20:32:43.172	TEL,577,S4,861574726,2001,44543,0,433,2933                     
2026-10-06T20:32:43.172	TEL,578,S4,861584726,2001,44543,0,430,2933                     
2026-10-06T20:32:43.172	TEL,579,S4,861594726,2001,44543,0,430,2933                     
2026-10-06T20:32:43.172	TEL,580,S4,861604726,2001,44543,0,430,2933                     
2026-10-06T20:32:43.172	TEL,581,S4,861614726,2001,44543,0,436,2941                     
2026-10-06T20:32:43.172	TEL,582,S4,861624726,2001,44543,0,442,2941                     
2026-10-06T20:32:43.172	TEL,583,S4,861634726,2001,44543,0,433,2933                     
2026-10-06T20:32:43.172	TEL,584,S4,861644726,2001,44543,0,439,2933                     
2026-10-06T20:32:43.172	TEL,585,S4,861654726,2001,44543,0,439,2933                     
2026-10-06T20:32:43.172	TEL,586,S4,861664726,2001,44543,0,433,2933                     
2026-10-06T20:32:43.172	TEL,587,S4,861674726,2001,44543,0,433,2933                     
2026-10-06T20:32:43.172	TEL,588,S4,861684726,2001,44543,0,439,2933                     
2026-10-06T20:32:43.172	TEL,589,S4,861694726,2001,44543,0,442,2935                     
2026-10-06T20:32:43.172	TEL,590,S4,861704726,2001,44543,0,436,2935                     
2026-10-06T20:32:43.172	TEL,591,S4,861714726,2001,44543,0,433,2933                     
2026-10-06T20:32:43.172	TEL,592,S4,861724726,2001,44543,0,436,2933                     
2026-10-06T20:32:43.172	TEL,593,S4,861734726,2001,44543,0,436,2933                     
2026-10-06T20:32:43.172	TEL,594,S4,861744726,2001,44543,0,439,2933                     
2026-10-06T20:32:43.172	TEL,595,S4,861754726,2001,44543,0,439,2933                     
2026-10-06T20:32:43.172	TEL,596,S4,861764726,2001,44543,0,430,2933                     
2026-10-06T20:32:43.172	TEL,597,S4,861774726,2001,44543,0,430,2933                     
2026-10-06T20:32:43.172	TEL,598,S4,861784726,2001,44543,0,439,2933                     
2026-10-06T20:32:43.172	TEL,599,S4,861794726,2001,44543,0,439,2933                     
2026-10-06T20:32:43.172	TEL,600,S4,861804726,2001,44543,0,439,2933                     
2026-10-06T20:32:43.172	TEL,601,S4,861814726,2001,44543,0,442,2937                     
2026-10-06T20:32:43.172	TEL,602,S4,861824726,2001,44543,0,442,2937                     
2026-10-06T20:32:43.172	TEL,603,S4,861834726,2001,44543,0,436,2933                     
2026-10-06T20:32:43.172	TEL,604,S4,861844726,2001,44543,0,439,2933                     
2026-10-06T20:32:43.172	TEL,605,S4,861854726,2001,44543,0,439,2933                     
2026-10-06T20:32:43.172	TEL,606,S4,861864726,2001,44543,0,430,2933                     
2026-10-06T20:32:43.172	TEL,607,S4,861874726,2001,44543,0,430,2933                     
2026-10-06T20:32:43.172	TEL,608,S4,861884726,2001,44543,0,439,2933                     
2026-10-06T20:32:43.172	TEL,609,S4,861894726,2001,44543,0,442,2937                     
2026-10-06T20:32:43.172	TEL,610,S4,861904726,2001,44543,0,442,2937                     
2026-10-06T20:32:43.172	TEL,611,S4,861914726,2001,44543,0,433,2930                     
2026-10-06T20:32:43.172	TEL,612,S4,861924726,2001,44543,0,430,2930                     
2026-10-06T20:32:43.172	TEL,613,S4,861934726,2001,44543,0,439,2937                     
2026-10-06T20:32:43.172	TEL,614,S4,861944726,2001,44543,0,439,2937                     
2026-10-06T20:32:43.172	TEL,615,S4,861954726,2001,44543,0,433,2933                     
2026-10-06T20:32:43.172	TEL,616,S4,861964726,2001,44543,0,430,2933                     
2026-10-06T20:32:43.172	TEL,617,S4,861974726,2001,44543,0,430,2935                     
2026-10-06T20:32:43.172	BTN,2,S4,PRESSED,861976870,861976878                           
2026-10-06T20:32:43.793	TEL,618,S4,861984728,2003,44543,0,442,2935                     
2026-10-06T20:32:43.793	TEL,619,S4,861994726,2001,44543,0,439,2933                     
2026-10-06T20:32:43.793	TEL,620,S4,862004726,2001,44543,0,436,2933                     
2026-10-06T20:32:43.793	TEL,621,S4,862014726,2001,44543,0,442,2937                     
2026-10-06T20:32:43.793	TEL,622,S4,862024726,2001,44543,0,442,2937                     
2026-10-06T20:32:43.793	TEL,623,S4,862034726,2001,44543,0,436,2933                     
2026-10-06T20:32:43.793	TEL,624,S4,862044726,2001,44543,0,430,2933                     
2026-10-06T20:32:43.793	TEL,625,S4,862054726,2001,44543,0,436,2941                     
2026-10-06T20:32:43.793	TEL,626,S4,862064726,2001,44543,0,436,2941                     
2026-10-06T20:32:43.793	TEL,627,S4,862074726,2001,44543,0,430,2933                     
2026-10-06T20:32:43.793	TEL,628,S4,862084726,2001,44543,0,439,2933                     
2026-10-06T20:32:43.793	TEL,629,S4,862094726,2001,44543,0,439,2933                     
2026-10-06T20:32:43.793	TEL,630,S4,862104726,2001,44543,0,430,2933                     
2026-10-06T20:32:43.793	TEL,631,S4,862114726,2001,44543,0,430,2935                     
2026-10-06T20:32:43.793	TEL,632,S4,862124726,2001,44543,0,439,2935                     
2026-10-06T20:32:43.793	TEL,633,S4,862134726,2001,44543,0,436,2933                     
2026-10-06T20:32:43.793	TEL,634,S4,862144726,2001,44543,0,433,2933                     
2026-10-06T20:32:43.793	TEL,635,S4,862154726,2001,44543,0,439,2937                     
2026-10-06T20:32:43.793	TEL,636,S4,862164726,2001,44543,0,442,2937                     
2026-10-06T20:32:43.793	TEL,637,S4,862174726,2001,44543,0,448,2942                     
2026-10-06T20:32:43.793	TEL,638,S4,862184726,2001,44543,0,445,2942                     
2026-10-06T20:32:43.793	TEL,639,S4,862194726,2001,44543,0,436,2933                     
2026-10-06T20:32:43.793	TEL,640,S4,862204726,2001,44543,0,436,2933                     
2026-10-06T20:32:43.793	TEL,641,S4,862214726,2001,44543,0,436,2933                     
2026-10-06T20:32:43.793	TEL,642,S4,862224726,2001,44543,0,436,2933                     
2026-10-06T20:32:43.793	TEL,643,S4,862234726,2001,44543,0,436,2933                     
2026-10-06T20:32:43.793	TEL,644,S4,862244726,2001,44543,0,439,2933                     
2026-10-06T20:32:43.793	TEL,645,S4,862254726,2001,44543,0,442,2935                     
2026-10-06T20:32:43.793	TEL,646,S4,862264726,2001,44543,0,442,2935                     
2026-10-06T20:32:43.793	TEL,647,S4,862274726,2001,44543,0,439,2933                     
2026-10-06T20:32:43.793	TEL,648,S4,862284726,2001,44543,0,439,2933                     
2026-10-06T20:32:43.793	TEL,649,S4,862294726,2001,44543,0,439,2933                     
2026-10-06T20:32:43.793	TEL,650,S4,862304726,2001,44543,0,430,2933                     
2026-10-06T20:32:43.793	TEL,651,S4,862314726,2001,44543,0,430,2933                     
2026-10-06T20:32:43.793	TEL,652,S4,862324726,2001,44543,0,439,2933                     
2026-10-06T20:32:43.793	TEL,653,S4,862334726,2001,44543,0,439,2933                     
2026-10-06T20:32:43.793	TEL,654,S4,862344726,2001,44543,0,439,2933                     
2026-10-06T20:32:43.793	TEL,655,S4,862354726,2001,44543,0,442,2935                     
2026-10-06T20:32:43.793	TEL,656,S4,862364726,2001,44543,0,430,2935                     
2026-10-06T20:32:43.793	TEL,657,S4,862374726,2001,44543,0,430,2933                     
2026-10-06T20:32:43.793	TEL,658,S4,862384726,2001,44543,0,439,2933                     
2026-10-06T20:32:43.793	TEL,659,S4,862394726,2001,44543,0,442,2937                     
2026-10-06T20:32:43.793	TEL,660,S4,862404726,2001,44543,0,439,2937                     
2026-10-06T20:32:43.793	TEL,661,S4,862414726,2001,44543,0,439,2937                     
2026-10-06T20:32:43.793	TEL,662,S4,862424726,2001,44543,0,430,2937                     
2026-10-06T20:32:43.793	TEL,663,S4,862434726,2001,44543,0,428,2933                     
2026-10-06T20:32:43.793	TEL,664,S4,862444726,2001,44543,0,430,2933                     
2026-10-06T20:32:43.793	TEL,665,S4,862454726,2001,44543,0,430,2933                     
2026-10-06T20:32:43.793	TEL,666,S4,862464726,2001,44543,0,436,2933                     
2026-10-06T20:32:43.793	TEL,667,S4,862474726,2001,44543,0,439,2935                     
2026-10-06T20:32:43.793	TEL,668,S4,862484726,2001,44543,0,436,2935                     
2026-10-06T20:32:43.793	TEL,669,S4,862494726,2001,44543,0,433,2933                     
2026-10-06T20:32:43.793	TEL,670,S4,862504726,2001,44543,0,436,2933                     
2026-10-06T20:32:43.793	TEL,671,S4,862514726,2001,44543,0,445,2941                     
2026-10-06T20:32:43.793	TEL,672,S4,862524726,2001,44543,0,436,2941                     
2026-10-06T20:32:43.793	TEL,673,S4,862534726,2001,44543,0,430,2933                     
2026-10-06T20:32:43.793	TEL,674,S4,862544726,2001,44543,0,430,2933                     
2026-10-06T20:32:43.793	TEL,675,S4,862554726,2001,44543,0,430,2933                     
2026-10-06T20:32:43.793	TEL,676,S4,862564726,2001,44543,0,430,2933                     
2026-10-06T20:32:43.793	TEL,677,S4,862574726,2001,44543,0,430,2933                     
2026-10-06T20:32:43.793	TEL,678,S4,862584726,2001,44543,0,433,2933                     
2026-10-06T20:32:43.793	TEL,679,S4,862594726,2001,44543,0,433,2933                     
2026-10-06T20:32:44.406	TEL,680,S4,862604726,2001,44543,0,439,2933                     
2026-10-06T20:32:44.406	TEL,681,S4,862614726,2001,44543,0,439,2933                     
2026-10-06T20:32:44.406	TEL,682,S4,862624726,2001,44543,0,439,2933                     
2026-10-06T20:32:44.406	TEL,683,S4,862634726,2001,44543,0,442,2937                     
2026-10-06T20:32:44.406	TEL,684,S4,862644726,2001,44543,0,442,2937                     
2026-10-06T20:32:44.406	TEL,685,S4,862654726,2001,44543,0,439,2933                     
2026-10-06T20:32:44.406	BTN,3,S4,PRESSED,862656876,862656883                           
2026-10-06T20:32:44.406	TEL,686,S4,862664728,2003,44543,0,433,2933                     
2026-10-06T20:32:44.406	TEL,687,S4,862674726,2001,44543,0,433,2933                     
2026-10-06T20:32:44.406	TEL,688,S4,862684726,2001,44543,0,439,2933                     
2026-10-06T20:32:44.406	TEL,689,S4,862694726,2001,44543,0,439,2933                     
2026-10-06T20:32:44.406	TEL,690,S4,862704726,2001,44543,0,439,2933                     
2026-10-06T20:32:44.406	TEL,691,S4,862714726,2001,44543,0,436,2930                     
2026-10-06T20:32:44.406	TEL,692,S4,862724726,2001,44543,0,436,2930                     
2026-10-06T20:32:44.406	TEL,693,S4,862734726,2001,44543,0,439,2933                     
2026-10-06T20:32:44.406	TEL,694,S4,862744726,2001,44543,0,439,2933                     
2026-10-06T20:32:44.406	TEL,695,S4,862754726,2001,44543,0,442,2937                     
2026-10-06T20:32:44.406	TEL,696,S4,862764726,2001,44543,0,442,2937                     
2026-10-06T20:32:44.406	TEL,697,S4,862774726,2001,44543,0,442,2935                     
2026-10-06T20:32:44.406	TEL,698,S4,862784726,2001,44543,0,442,2935                     
2026-10-06T20:32:44.406	TEL,699,S4,862794726,2001,44543,0,439,2933                     
2026-10-06T20:32:44.406	TEL,700,S4,862804726,2001,44543,0,430,2933                     
2026-10-06T20:32:44.406	TEL,701,S4,862814726,2001,44543,0,430,2933                     
2026-10-06T20:32:44.406	TEL,702,S4,862824726,2001,44543,0,433,2933                     
2026-10-06T20:32:44.406	TEL,703,S4,862834726,2001,44543,0,439,2937                     
2026-10-06T20:32:44.406	TEL,704,S4,862844726,2001,44543,0,433,2937                     
2026-10-06T20:32:44.406	TEL,705,S4,862854726,2001,44543,0,433,2937                     
2026-10-06T20:32:44.406	TEL,706,S4,862864726,2001,44543,0,439,2937                     
2026-10-06T20:32:44.406	TEL,707,S4,862874726,2001,44543,0,433,2933                     
2026-10-06T20:32:44.406	TEL,708,S4,862884726,2001,44543,0,433,2933                     
2026-10-06T20:32:44.406	TEL,709,S4,862894726,2001,44543,0,433,2933                     
2026-10-06T20:32:44.406	TEL,710,S4,862904726,2001,44543,0,433,2933                     
2026-10-06T20:32:44.406	TEL,711,S4,862914726,2001,44543,0,433,2933                     
2026-10-06T20:32:44.406	TEL,712,S4,862924726,2001,44543,0,430,2933                     
2026-10-06T20:32:44.406	TEL,713,S4,862934726,2001,44543,0,428,2932                     
2026-10-06T20:32:44.406	TEL,714,S4,862944726,2001,44543,0,428,2932                     
2026-10-06T20:32:44.406	TEL,715,S4,862954726,2001,44543,0,430,2933                     
2026-10-06T20:32:44.406	TEL,716,S4,862964726,2001,44543,0,430,2933                     
2026-10-06T20:32:44.406	TEL,717,S4,862974726,2001,44543,0,430,2933                     
2026-10-06T20:32:44.406	TEL,718,S4,862984726,2001,44543,0,433,2933                     
2026-10-06T20:32:44.406	TEL,719,S4,862994726,2001,44543,0,439,2937                     
2026-10-06T20:32:44.406	TEL,720,S4,863004726,2001,44543,0,442,2937                     
2026-10-06T20:32:44.406	TEL,721,S4,863014726,2001,44543,0,439,2933                     
2026-10-06T20:32:44.406	TEL,722,S4,863024726,2001,44543,0,433,2933                     
2026-10-06T20:32:44.406	TEL,723,S4,863034726,2001,44543,0,439,2937                     
2026-10-06T20:32:44.406	TEL,724,S4,863044726,2001,44543,0,433,2937                     
2026-10-06T20:32:44.406	TEL,725,S4,863054726,2001,44543,0,430,2933                     
2026-10-06T20:32:44.406	TEL,726,S4,863064726,2001,44543,0,433,2933                     
2026-10-06T20:32:44.406	TEL,727,S4,863074726,2001,44543,0,439,2937                     
2026-10-06T20:32:44.406	TEL,728,S4,863084726,2001,44543,0,442,2937                     
2026-10-06T20:32:44.406	TEL,729,S4,863094726,2001,44543,0,445,2941                     
2026-10-06T20:32:44.406	TEL,730,S4,863104726,2001,44543,0,445,2941                     
2026-10-06T20:32:44.406	TEL,731,S4,863114726,2001,44543,0,436,2933                     
2026-10-06T20:32:44.406	TEL,732,S4,863124726,2001,44543,0,433,2933                     
2026-10-06T20:32:44.406	TEL,733,S4,863134726,2001,44543,0,442,2941                     
2026-10-06T20:32:44.406	TEL,734,S4,863144726,2001,44543,0,436,2941                     
2026-10-06T20:32:44.406	TEL,735,S4,863154726,2001,44543,0,436,2941                     
2026-10-06T20:32:44.406	TEL,736,S4,863164726,2001,44543,0,442,2941                     
2026-10-06T20:32:44.406	TEL,737,S4,863174726,2001,44543,0,442,2941                     
2026-10-06T20:32:44.406	TEL,738,S4,863184726,2001,44543,0,448,2941                     
2026-10-06T20:32:44.406	TEL,739,S4,863194726,2001,44543,0,439,2933                     
2026-10-06T20:32:44.406	TEL,740,S4,863204726,2001,44543,0,430,2933                     
2026-10-06T20:32:45.016	TEL,741,S4,863214726,2001,44543,0,430,2933                     
2026-10-06T20:32:45.016	TEL,742,S4,863224726,2001,44543,0,436,2933                     
2026-10-06T20:32:45.016	TEL,743,S4,863234726,2001,44543,0,433,2930                     
2026-10-06T20:32:45.016	TEL,744,S4,863244726,2001,44543,0,436,2930                     
2026-10-06T20:32:45.016	TEL,745,S4,863254726,2001,44543,0,439,2933                     
2026-10-06T20:32:45.016	TEL,746,S4,863264726,2001,44543,0,433,2933                     
2026-10-06T20:32:45.016	TEL,747,S4,863274726,2001,44543,0,433,2933                     
2026-10-06T20:32:45.016	TEL,748,S4,863284726,2001,44543,0,433,2933                     
2026-10-06T20:32:45.016	TEL,749,S4,863294726,2001,44543,0,433,2933                     
2026-10-06T20:32:45.016	TEL,750,S4,863304726,2001,44543,0,439,2933                     
2026-10-06T20:32:45.016	TEL,751,S4,863314726,2001,44543,0,439,2933                     
2026-10-06T20:32:45.016	TEL,752,S4,863324726,2001,44543,0,439,2933                     
2026-10-06T20:32:45.016	TEL,753,S4,863334726,2001,44543,0,439,2933                     
2026-10-06T20:32:45.016	TEL,754,S4,863344726,2001,44543,0,439,2933                     
2026-10-06T20:32:45.016	TEL,755,S4,863354726,2001,44543,0,439,2933                     
2026-10-06T20:32:45.016	TEL,756,S4,863364726,2001,44543,0,436,2933                     
2026-10-06T20:32:45.016	TEL,757,S4,863374726,2001,44543,0,445,2941                     
2026-10-06T20:32:45.016	TEL,758,S4,863384726,2001,44543,0,436,2941                     
2026-10-06T20:32:45.016	BTN,4,S4,PRESSED,863384881,863384889                           
2026-10-06T20:32:45.016	TEL,759,S4,863394728,2003,44543,0,430,2933                     
2026-10-06T20:32:45.016	TEL,760,S4,863404726,2001,44543,0,436,2933                     
2026-10-06T20:32:45.016	TEL,761,S4,863414726,2001,44543,0,433,2930                     
2026-10-06T20:32:45.016	TEL,762,S4,863424726,2001,44543,0,436,2930                     
2026-10-06T20:32:45.016	TEL,763,S4,863434726,2001,44543,0,439,2933                     
2026-10-06T20:32:45.016	TEL,764,S4,863444726,2001,44543,0,439,2933                     
2026-10-06T20:32:45.016	TEL,765,S4,863454726,2001,44543,0,439,2933                     
2026-10-06T20:32:45.016	TEL,766,S4,863464726,2001,44543,0,436,2933                     
2026-10-06T20:32:45.016	TEL,767,S4,863474726,2001,44543,0,436,2933                     
2026-10-06T20:32:45.016	TEL,768,S4,863484726,2001,44543,0,439,2933                     
2026-10-06T20:32:45.016	TEL,769,S4,863494726,2001,44543,0,442,2937                     
2026-10-06T20:32:45.016	TEL,770,S4,863504726,2001,44543,0,433,2937                     
2026-10-06T20:32:45.016	TEL,771,S4,863514726,2001,44543,0,430,2933                     
2026-10-06T20:32:45.016	TEL,772,S4,863524726,2001,44543,0,439,2933                     
2026-10-06T20:32:45.016	TEL,773,S4,863534726,2001,44543,0,439,2933                     
2026-10-06T20:32:45.016	TEL,774,S4,863544726,2001,44543,0,430,2933                     
2026-10-06T20:32:45.016	TEL,775,S4,863554726,2001,44543,0,430,2933                     
2026-10-06T20:32:45.016	TEL,776,S4,863564726,2001,44543,0,439,2933                     
2026-10-06T20:32:45.016	TEL,777,S4,863574726,2001,44543,0,439,2933                     
2026-10-06T20:32:45.016	TEL,778,S4,863584726,2001,44543,0,439,2933                     
2026-10-06T20:32:45.016	TEL,779,S4,863594726,2001,44543,0,439,2933                     
2026-10-06T20:32:45.016	TEL,780,S4,863604726,2001,44543,0,439,2933                     
2026-10-06T20:32:45.016	TEL,781,S4,863614726,2001,44543,0,439,2933                     
2026-10-06T20:32:45.016	TEL,782,S4,863624726,2001,44543,0,439,2933                     
2026-10-06T20:32:45.016	TEL,783,S4,863634726,2001,44543,0,439,2933                     
2026-10-06T20:32:45.016	TEL,784,S4,863644726,2001,44543,0,430,2933                     
2026-10-06T20:32:45.016	TEL,785,S4,863654726,2001,44543,0,430,2933                     
2026-10-06T20:32:45.016	TEL,786,S4,863664726,2001,44543,0,430,2933                     
2026-10-06T20:32:45.016	TEL,787,S4,863674726,2001,44543,0,436,2941                     
2026-10-06T20:32:45.016	TEL,788,S4,863684726,2001,44543,0,436,2941                     
2026-10-06T20:32:45.016	TEL,789,S4,863694726,2001,44543,0,433,2937                     
2026-10-06T20:32:45.016	TEL,790,S4,863704726,2001,44543,0,442,2937                     
2026-10-06T20:32:45.016	TEL,791,S4,863714726,2001,44543,0,439,2933                     
2026-10-06T20:32:45.016	TEL,792,S4,863724726,2001,44543,0,439,2933                     
2026-10-06T20:32:45.016	TEL,793,S4,863734726,2001,44543,0,439,2933                     
2026-10-06T20:32:45.016	TEL,794,S4,863744726,2001,44543,0,433,2933                     
2026-10-06T20:32:45.016	TEL,795,S4,863754726,2001,44543,0,433,2933                     
2026-10-06T20:32:45.016	TEL,796,S4,863764726,2001,44543,0,436,2933                     
2026-10-06T20:32:45.016	TEL,797,S4,863774726,2001,44543,0,442,2937                     
2026-10-06T20:32:45.016	TEL,798,S4,863784726,2001,44543,0,442,2937                     
2026-10-06T20:32:45.016	TEL,799,S4,863794726,2001,44543,0,439,2933                     
2026-10-06T20:32:45.016	TEL,800,S4,863804726,2001,44543,0,433,2933                     
2026-10-06T20:32:45.016	TEL,801,S4,863814726,2001,44543,0,439,2937                     
2026-10-06T20:32:45.625	TEL,802,S4,863824726,2001,44543,0,439,2937                     
2026-10-06T20:32:45.625	TEL,803,S4,863834726,2001,44543,0,433,2933                     
2026-10-06T20:32:45.625	TEL,804,S4,863844726,2001,44543,0,433,2933                     
2026-10-06T20:32:45.625	TEL,805,S4,863854726,2001,44543,0,433,2933                     
2026-10-06T20:32:45.625	TEL,806,S4,863864726,2001,44543,0,439,2933                     
2026-10-06T20:32:45.625	TEL,807,S4,863874726,2001,44543,0,442,2935                     
2026-10-06T20:32:45.625	TEL,808,S4,863884726,2001,44543,0,439,2935                     
2026-10-06T20:32:45.625	TEL,809,S4,863894726,2001,44543,0,442,2937                     
2026-10-06T20:32:45.625	TEL,810,S4,863904726,2001,44543,0,442,2937                     
2026-10-06T20:32:45.625	TEL,811,S4,863914726,2001,44543,0,448,2941                     
2026-10-06T20:32:45.625	TEL,812,S4,863924726,2001,44543,0,445,2941                     
2026-10-06T20:32:45.625	TEL,813,S4,863934726,2001,44543,0,439,2935                     
2026-10-06T20:32:45.625	TEL,814,S4,863944726,2001,44543,0,445,2935                     
2026-10-06T20:32:45.625	TEL,815,S4,863954726,2001,44543,0,442,2933                     
2026-10-06T20:32:45.625	TEL,816,S4,863964726,2001,44543,0,433,2933                     
2026-10-06T20:32:45.625	TEL,817,S4,863974726,2001,44543,0,433,2933                     
2026-10-06T20:32:45.625	TEL,818,S4,863984726,2001,44543,0,430,2933                     
2026-10-06T20:32:45.625	TEL,819,S4,863994726,2001,44543,0,430,2933                     
2026-10-06T20:32:45.625	TEL,820,S4,864004726,2001,44543,0,433,2933                     
2026-10-06T20:32:45.625	TEL,821,S4,864014726,2001,44543,0,442,2941                     
2026-10-06T20:32:45.625	TEL,822,S4,864024726,2001,44543,0,445,2941                     
2026-10-06T20:32:45.625	TEL,823,S4,864034726,2001,44543,0,436,2933                     
2026-10-06T20:32:45.625	TEL,824,S4,864044726,2001,44543,0,433,2933                     
2026-10-06T20:32:45.625	TEL,825,S4,864054726,2001,44543,0,433,2933                     
2026-10-06T20:32:45.625	TEL,826,S4,864064726,2001,44543,0,433,2933                     
2026-10-06T20:32:45.625	TEL,827,S4,864074726,2001,44543,0,439,2937                     
2026-10-06T20:32:45.625	TEL,828,S4,864084726,2001,44543,0,442,2937                     
2026-10-06T20:32:45.625	TEL,829,S4,864094726,2001,44543,0,436,2933                     
2026-10-06T20:32:45.625	TEL,830,S4,864104726,2001,44543,0,439,2933                     
2026-10-06T20:32:45.625	TEL,831,S4,864114726,2001,44543,0,439,2933                     
2026-10-06T20:32:45.625	TEL,832,S4,864124726,2001,44543,0,430,2933                     
2026-10-06T20:32:45.625	TEL,833,S4,864134726,2001,44543,0,436,2941                     
2026-10-06T20:32:45.625	TEL,834,S4,864144726,2001,44543,0,436,2941                     
2026-10-06T20:32:45.625	TEL,835,S4,864154726,2001,44543,0,430,2933                     
2026-10-06T20:32:45.625	TEL,836,S4,864164726,2001,44543,0,430,2933                     
2026-10-06T20:32:45.625	TEL,837,S4,864174726,2001,44543,0,430,2933                     
2026-10-06T20:32:45.625	TEL,838,S4,864184726,2001,44543,0,430,2933                     
2026-10-06T20:32:45.625	TEL,839,S4,864194726,2001,44543,0,433,2937                     
2026-10-06T20:32:45.625	TEL,840,S4,864204726,2001,44543,0,442,2937                     
2026-10-06T20:32:45.625	TEL,841,S4,864214726,2001,44543,0,439,2933                     
2026-10-06T20:32:45.625	TEL,842,S4,864224726,2001,44543,0,433,2933                     
2026-10-06T20:32:45.625	TEL,843,S4,864234726,2001,44543,0,436,2935                     
2026-10-06T20:32:45.625	TEL,844,S4,864244726,2001,44543,0,442,2935                     
2026-10-06T20:32:45.625	TEL,845,S4,864254726,2001,44543,0,439,2933                     
2026-10-06T20:32:45.625	TEL,846,S4,864264726,2001,44543,0,433,2933                     
2026-10-06T20:32:45.625	TEL,847,S4,864274726,2001,44543,0,442,2941                     
2026-10-06T20:32:45.625	BTN,5,S4,PRESSED,864274887,864274894                           
2026-10-06T20:32:45.625	TEL,848,S4,864284728,2003,44543,0,442,2941                     
2026-10-06T20:32:45.625	TEL,849,S4,864294726,2001,44543,0,436,2935                     
2026-10-06T20:32:45.625	TEL,850,S4,864304726,2001,44543,0,442,2935                     
2026-10-06T20:32:45.625	TEL,851,S4,864314726,2001,44543,0,439,2933                     
2026-10-06T20:32:45.625	TEL,852,S4,864324726,2001,44543,0,436,2933                     
2026-10-06T20:32:45.625	TEL,853,S4,864334726,2001,44543,0,436,2933                     
2026-10-06T20:32:45.625	TEL,854,S4,864344726,2001,44543,0,439,2933                     
2026-10-06T20:32:45.625	TEL,855,S4,864354726,2001,44543,0,439,2933                     
2026-10-06T20:32:45.625	TEL,856,S4,864364726,2001,44543,0,436,2933                     
2026-10-06T20:32:45.625	TEL,857,S4,864374726,2001,44543,0,436,2933                     
2026-10-06T20:32:45.625	TEL,858,S4,864384726,2001,44543,0,433,2933                     
2026-10-06T20:32:45.625	TEL,859,S4,864394726,2001,44543,0,433,2933                     
2026-10-06T20:32:45.625	TEL,860,S4,864404726,2001,44543,0,439,2933                     
2026-10-06T20:32:45.625	TEL,861,S4,864414726,2001,44543,0,439,2933                     
2026-10-06T20:32:45.625	TEL,862,S4,864424726,2001,44543,0,448,2933                     
2026-10-06T20:32:46.245	TEL,863,S4,864434726,2001,44543,0,448,2933                     
2026-10-06T20:32:46.245	TEL,864,S4,864444726,2001,44543,0,430,2933                     
2026-10-06T20:32:46.245	TEL,865,S4,864454726,2001,44543,0,430,2933                     
2026-10-06T20:32:46.245	TEL,866,S4,864464726,2001,44543,0,436,2933                     
2026-10-06T20:32:46.245	TEL,867,S4,864474726,2001,44543,0,442,2937                     
2026-10-06T20:32:46.245	TEL,868,S4,864484726,2001,44543,0,439,2937                     
2026-10-06T20:32:46.245	TEL,869,S4,864494726,2001,44543,0,436,2935                     
2026-10-06T20:32:46.245	TEL,870,S4,864504726,2001,44543,0,430,2935                     
2026-10-06T20:32:46.245	TEL,871,S4,864514726,2001,44543,0,433,2937                     
2026-10-06T20:32:46.245	TEL,872,S4,864524726,2001,44543,0,442,2937                     
2026-10-06T20:32:46.245	TEL,873,S4,864534726,2001,44543,0,442,2937                     
2026-10-06T20:32:46.245	TEL,874,S4,864544726,2001,44543,0,442,2937                     
2026-10-06T20:32:46.245	TEL,875,S4,864554726,2001,44543,0,442,2937                     
2026-10-06T20:32:46.245	TEL,876,S4,864564726,2001,44543,0,442,2937                     
2026-10-06T20:32:46.245	TEL,877,S4,864574726,2001,44543,0,439,2933                     
2026-10-06T20:32:46.245	TEL,878,S4,864584726,2001,44543,0,430,2933                     
2026-10-06T20:32:46.245	TEL,879,S4,864594726,2001,44543,0,436,2941                     
2026-10-06T20:32:46.245	TEL,880,S4,864604726,2001,44543,0,442,2941                     
2026-10-06T20:32:46.245	TEL,881,S4,864614726,2001,44543,0,433,2933                     
2026-10-06T20:32:46.245	TEL,882,S4,864624726,2001,44543,0,439,2933                     
2026-10-06T20:32:46.245	TEL,883,S4,864634726,2001,44543,0,442,2937                     
2026-10-06T20:32:46.245	TEL,884,S4,864644726,2001,44543,0,442,2937                     
2026-10-06T20:32:46.245	TEL,885,S4,864654726,2001,44543,0,442,2935                     
2026-10-06T20:32:46.245	TEL,886,S4,864664726,2001,44543,0,442,2935                     
2026-10-06T20:32:46.245	TEL,887,S4,864674726,2001,44543,0,448,2941                     
2026-10-06T20:32:46.245	TEL,888,S4,864684726,2001,44543,0,445,2941                     
2026-10-06T20:32:46.245	TEL,889,S4,864694726,2001,44543,0,436,2933                     
2026-10-06T20:32:46.245	TEL,890,S4,864704726,2001,44543,0,433,2933                     
2026-10-06T20:32:46.245	TEL,891,S4,864714726,2001,44543,0,433,2933                     
2026-10-06T20:32:46.245	TEL,892,S4,864724726,2001,44543,0,433,2933                     
2026-10-06T20:32:46.245	TEL,893,S4,864734726,2001,44543,0,433,2933                     
2026-10-06T20:32:46.245	TEL,894,S4,864744726,2001,44543,0,439,2933                     
2026-10-06T20:32:46.245	TEL,895,S4,864754726,2001,44543,0,439,2933                     
2026-10-06T20:32:46.245	TEL,896,S4,864764726,2001,44543,0,436,2933                     
2026-10-06T20:32:46.245	TEL,897,S4,864774726,2001,44543,0,442,2937                     
2026-10-06T20:32:46.245	TEL,898,S4,864784726,2001,44543,0,433,2937                     
2026-10-06T20:32:46.245	TEL,899,S4,864794726,2001,44543,0,433,2937                     
2026-10-06T20:32:46.245	TEL,900,S4,864804726,2001,44543,0,433,2937                     
2026-10-06T20:32:46.245	TEL,901,S4,864814726,2001,44543,0,436,2941                     
2026-10-06T20:32:46.246	TEL,902,S4,864824726,2001,44543,0,448,2941                     
2026-10-06T20:32:46.246	TEL,903,S4,864834726,2001,44543,0,442,2937                     
2026-10-06T20:32:46.246	TEL,904,S4,864844726,2001,44543,0,442,2937                     
2026-10-06T20:32:46.246	TEL,905,S4,864854726,2001,44543,0,439,2933                     
2026-10-06T20:32:46.246	TEL,906,S4,864864726,2001,44543,0,430,2933                     
2026-10-06T20:32:46.246	TEL,907,S4,864874726,2001,44543,0,433,2937                     
2026-10-06T20:32:46.246	TEL,908,S4,864884726,2001,44543,0,433,2937                     
2026-10-06T20:32:46.246	TEL,909,S4,864894726,2001,44543,0,430,2933                     
2026-10-06T20:32:46.246	TEL,910,S4,864904726,2001,44543,0,433,2933                     
2026-10-06T20:32:46.246	TEL,911,S4,864914726,2001,44543,0,433,2933                     
2026-10-06T20:32:46.246	TEL,912,S4,864924726,2001,44543,0,433,2933                     
2026-10-06T20:32:46.246	TEL,913,S4,864934726,2001,44543,0,433,2933                     
2026-10-06T20:32:46.246	TEL,914,S4,864944726,2001,44543,0,439,2933                     
2026-10-06T20:32:46.246	TEL,915,S4,864954726,2001,44543,0,442,2937                     
2026-10-06T20:32:46.246	TEL,916,S4,864964726,2001,44543,0,442,2937                     
2026-10-06T20:32:46.246	TEL,917,S4,864974726,2001,44543,0,442,2937                     
2026-10-06T20:32:46.246	TEL,918,S4,864984726,2001,44543,0,433,2937                     
2026-10-06T20:32:46.246	TEL,919,S4,864994726,2001,44543,0,430,2933                     
2026-10-06T20:32:46.246	TEL,920,S4,865004726,2001,44543,0,439,2933                     
2026-10-06T20:32:46.246	TEL,921,S4,865014726,2001,44543,0,439,2933                     
2026-10-06T20:32:46.246	TEL,922,S4,865024726,2001,44543,0,439,2933                     
2026-10-06T20:32:46.246	TEL,923,S4,865034726,2001,44543,0,439,2933                     
2026-10-06T20:32:46.246	TEL,924,S4,865044726,2001,44543,0,439,2933                     
2026-10-06T20:32:46.855	TEL,925,S4,865054726,2001,44543,0,439,2933                     
2026-10-06T20:32:46.855	TEL,926,S4,865064726,2001,44543,0,439,2933                     
2026-10-06T20:32:46.855	TEL,927,S4,865074726,2001,44543,0,442,2937                     
2026-10-06T20:32:46.855	TEL,928,S4,865084726,2001,44543,0,442,2937                     
2026-10-06T20:32:46.855	TEL,929,S4,865094726,2001,44543,0,436,2933                     
2026-10-06T20:32:46.855	TEL,930,S4,865104726,2001,44543,0,430,2933                     
2026-10-06T20:32:46.855	TEL,931,S4,865114726,2001,44543,0,428,2930                     
2026-10-06T20:32:46.855	TEL,932,S4,865124726,2001,44543,0,436,2930                     
2026-10-06T20:32:46.855	TEL,933,S4,865134726,2001,44543,0,439,2933                     
2026-10-06T20:32:46.855	BTN,6,S4,PRESSED,865141892,865141900                           
2026-10-06T20:32:46.855	TEL,934,S4,865144728,2003,44543,0,433,2933                     
2026-10-06T20:32:46.855	TEL,935,S4,865154742,2017,44543,0,436,2935                     
2026-10-06T20:32:46.855	TEL,936,S4,865164726,2001,44543,0,436,2935                     
2026-10-06T20:32:46.855	TEL,937,S4,865174726,2001,44543,0,433,2933                     
2026-10-06T20:32:46.855	TEL,938,S4,865184726,2001,44543,0,433,2933                     
2026-10-06T20:32:46.855	TEL,939,S4,865194726,2001,44543,0,433,2933                     
2026-10-06T20:32:46.855	TEL,940,S4,865204726,2001,44543,0,433,2933                     
2026-10-06T20:32:46.855	TEL,941,S4,865214726,2001,44543,0,433,2933                     
2026-10-06T20:32:46.855	TEL,942,S4,865224726,2001,44543,0,439,2933                     
2026-10-06T20:32:46.855	TEL,943,S4,865234726,2001,44543,0,439,2933                     
2026-10-06T20:32:46.855	TEL,944,S4,865244726,2001,44543,0,430,2933                     
2026-10-06T20:32:46.855	TEL,945,S4,865254726,2001,44543,0,430,2933                     
2026-10-06T20:32:46.855	TEL,946,S4,865264726,2001,44543,0,433,2933                     
2026-10-06T20:32:46.855	TEL,947,S4,865274726,2001,44543,0,430,2930                     
2026-10-06T20:32:46.855	TEL,948,S4,865284726,2001,44543,0,430,2930                     
2026-10-06T20:32:46.855	TEL,949,S4,865294726,2001,44543,0,433,2933                     
2026-10-06T20:32:46.855	TEL,950,S4,865304726,2001,44543,0,439,2933                     
2026-10-06T20:32:46.855	TEL,951,S4,865314726,2001,44543,0,439,2933                     
2026-10-06T20:32:46.855	TEL,952,S4,865324726,2001,44543,0,430,2933                     
2026-10-06T20:32:46.855	TEL,953,S4,865334726,2001,44543,0,430,2933                     
2026-10-06T20:32:46.855	TEL,954,S4,865344726,2001,44543,0,439,2933                     
2026-10-06T20:32:46.855	TEL,955,S4,865354726,2001,44543,0,442,2937                     
2026-10-06T20:32:46.855	TEL,956,S4,865364726,2001,44543,0,454,2937                     
2026-10-06T20:32:46.855	TEL,957,S4,865374726,2001,44543,0,451,2933                     
2026-10-06T20:32:46.855	TEL,958,S4,865384726,2001,44543,0,433,2933                     
2026-10-06T20:32:46.855	TEL,959,S4,865394726,2001,44543,0,433,2933                     
2026-10-06T20:32:46.855	TEL,960,S4,865404726,2001,44543,0,430,2933                     
2026-10-06T20:32:46.855	TEL,961,S4,865414726,2001,44543,0,430,2933                     
2026-10-06T20:32:46.855	TEL,962,S4,865424726,2001,44543,0,439,2933                     
2026-10-06T20:32:46.855	TEL,963,S4,865434726,2001,44543,0,442,2937                     
2026-10-06T20:32:46.855	TEL,964,S4,865444726,2001,44543,0,433,2937                     
2026-10-06T20:32:46.855	TEL,965,S4,865454726,2001,44543,0,436,2941                     
2026-10-06T20:32:46.855	TEL,966,S4,865464726,2001,44543,0,436,2941                     
2026-10-06T20:32:46.855	TEL,967,S4,865474726,2001,44543,0,430,2933                     
2026-10-06T20:32:46.855	TEL,968,S4,865484726,2001,44543,0,439,2933                     
2026-10-06T20:32:46.855	TEL,969,S4,865494726,2001,44543,0,436,2930                     
2026-10-06T20:32:46.855	TEL,970,S4,865504726,2001,44543,0,428,2930                     
2026-10-06T20:32:46.855	TEL,971,S4,865514726,2001,44543,0,430,2933                     
2026-10-06T20:32:46.855	TEL,972,S4,865524726,2001,44543,0,433,2933                     
2026-10-06T20:32:46.855	TEL,973,S4,865534726,2001,44543,0,433,2933                     
2026-10-06T20:32:46.855	TEL,974,S4,865544726,2001,44543,0,439,2933                     
2026-10-06T20:32:46.855	TEL,975,S4,865554726,2001,44543,0,448,2941                     
2026-10-06T20:32:46.855	TEL,976,S4,865564726,2001,44543,0,442,2941                     
2026-10-06T20:32:46.855	TEL,977,S4,865574726,2001,44543,0,433,2933                     
2026-10-06T20:32:46.855	TEL,978,S4,865584726,2001,44543,0,433,2933                     
2026-10-06T20:32:46.855	TEL,979,S4,865594726,2001,44543,0,433,2933                     
2026-10-06T20:32:46.855	TEL,980,S4,865604726,2001,44543,0,439,2933                     
2026-10-06T20:32:46.855	TEL,981,S4,865614726,2001,44543,0,439,2933                     
2026-10-06T20:32:46.855	TEL,982,S4,865624726,2001,44543,0,436,2933                     
2026-10-06T20:32:46.855	TEL,983,S4,865634726,2001,44543,0,436,2933                     
2026-10-06T20:32:46.855	TEL,984,S4,865644726,2001,44543,0,430,2933                     
2026-10-06T20:32:46.855	TEL,985,S4,865654726,2001,44543,0,430,2933                     
2026-10-06T20:32:47.465	TEL,986,S4,865664726,2001,44543,0,428,2933                     
2026-10-06T20:32:47.465	TEL,987,S4,865674726,2001,44543,0,428,2933                     
2026-10-06T20:32:47.465	TEL,988,S4,865684726,2001,44543,0,436,2933                     
2026-10-06T20:32:47.465	TEL,989,S4,865694726,2001,44543,0,436,2933                     
2026-10-06T20:32:47.465	TEL,990,S4,865704726,2001,44543,0,430,2933                     
2026-10-06T20:32:47.465	TEL,991,S4,865714726,2001,44543,0,430,2933                     
2026-10-06T20:32:47.465	TEL,992,S4,865724726,2001,44543,0,433,2933                     
2026-10-06T20:32:47.465	TEL,993,S4,865734726,2001,44543,0,442,2941                     
2026-10-06T20:32:47.465	TEL,994,S4,865744726,2001,44543,0,436,2941                     
2026-10-06T20:32:47.465	TEL,995,S4,865754726,2001,44543,0,436,2941                     
2026-10-06T20:32:47.465	TEL,996,S4,865764726,2001,44543,0,448,2941                     
2026-10-06T20:32:47.465	TEL,997,S4,865774726,2001,44543,0,442,2935                     
2026-10-06T20:32:47.465	TEL,998,S4,865784726,2001,44543,0,436,2935                     
2026-10-06T20:32:47.465	TEL,999,S4,865794726,2001,44543,0,439,2937                     
2026-10-06T20:32:47.465	TEL,1000,S4,865804727,2001,44543,0,442,2937                    
2026-10-06T20:32:47.465	TEL,1001,S4,865814727,2001,44543,0,448,2941                    
2026-10-06T20:32:47.465	TEL,1002,S4,865824727,2001,44543,0,439,2941                    
2026-10-06T20:32:47.465	TEL,1003,S4,865834727,2001,44543,0,439,2941                    
2026-10-06T20:32:47.465	TEL,1004,S4,865844727,2001,44543,0,439,2941                    
2026-10-06T20:32:47.465	TEL,1005,S4,865854727,2001,44543,0,439,2941                    
2026-10-06T20:32:47.465	TEL,1006,S4,865864727,2001,44543,0,439,2941                    
2026-10-06T20:32:47.465	TEL,1007,S4,865874727,2001,44543,0,436,2937                    
2026-10-06T20:32:47.465	TEL,1008,S4,865884727,2001,44543,0,436,2937                    
2026-10-06T20:32:47.465	TEL,1009,S4,865894727,2001,44543,0,433,2933                    
2026-10-06T20:32:47.465	TEL,1010,S4,865904727,2001,44543,0,428,2933                    
2026-10-06T20:32:47.465	TEL,1011,S4,865914727,2001,44543,0,425,2930                    
2026-10-06T20:32:47.465	TEL,1012,S4,865924727,2001,44543,0,439,2930                    
2026-10-06T20:32:47.465	TEL,1013,S4,865934727,2001,44543,0,445,2937                    
2026-10-06T20:32:47.465	TEL,1014,S4,865944727,2001,44543,0,436,2937                    
2026-10-06T20:32:47.465	TEL,1015,S4,865954727,2001,44543,0,428,2930                    
2026-10-06T20:32:47.465	BTN,7,S4,PRESSED,865960898,865960905                           
2026-10-06T20:32:47.465	TEL,1016,S4,865964728,2003,44543,0,422,2930                    
2026-10-06T20:32:47.465	TEL,1017,S4,865974727,2002,44543,0,428,2935                    
2026-10-06T20:32:47.465	TEL,1018,S4,865984727,2001,44543,0,430,2935                    
2026-10-06T20:32:47.465	TEL,1019,S4,865994727,2001,44543,0,430,2933                    
2026-10-06T20:32:47.465	TEL,1020,S4,866004727,2001,44543,0,433,2933                    
2026-10-06T20:32:47.465	TEL,1021,S4,866014727,2001,44543,0,433,2933                    
2026-10-06T20:32:47.465	TEL,1022,S4,866024727,2001,44543,0,433,2933                    
2026-10-06T20:32:47.465	TEL,1023,S4,866034727,2001,44543,0,436,2937                    
2026-10-06T20:32:47.465	TEL,1024,S4,866044727,2001,44543,0,439,2937                    
2026-10-06T20:32:47.465	TEL,1025,S4,866054727,2001,44543,0,439,2937                    
2026-10-06T20:32:47.465	TEL,1026,S4,866064727,2001,44543,0,445,2937                    
2026-10-06T20:32:47.465	TEL,1027,S4,866074727,2001,44543,0,445,2937                    
2026-10-06T20:32:47.465	TEL,1028,S4,866084727,2001,44543,0,436,2937                    
2026-10-06T20:32:47.465	TEL,1029,S4,866094727,2001,44543,0,428,2930                    
2026-10-06T20:32:47.465	TEL,1030,S4,866104727,2001,44543,0,439,2930                    
2026-10-06T20:32:47.465	TEL,1031,S4,866114727,2001,44543,0,445,2937                    
2026-10-06T20:32:47.465	TEL,1032,S4,866124727,2001,44543,0,436,2937                    
2026-10-06T20:32:47.465	TEL,1033,S4,866134727,2001,44543,0,436,2937                    
2026-10-06T20:32:47.465	TEL,1034,S4,866144727,2001,44543,0,436,2937                    
2026-10-06T20:32:47.465	TEL,1035,S4,866154727,2001,44543,0,428,2930                    
2026-10-06T20:32:47.465	TEL,1036,S4,866164727,2001,44543,0,428,2930                    
2026-10-06T20:32:47.465	TEL,1037,S4,866174727,2001,44543,0,436,2937                    
2026-10-06T20:32:47.465	TEL,1038,S4,866184727,2001,44543,0,436,2937                    
2026-10-06T20:32:47.465	TEL,1039,S4,866194727,2001,44543,0,433,2933                    
2026-10-06T20:32:47.465	TEL,1040,S4,866204727,2001,44543,0,442,2933                    
2026-10-06T20:32:47.465	TEL,1041,S4,866214727,2001,44543,0,445,2937                    
2026-10-06T20:32:47.465	TEL,1042,S4,866224727,2001,44543,0,436,2937                    
2026-10-06T20:32:47.465	TEL,1043,S4,866234727,2001,44543,0,433,2933                    
2026-10-06T20:32:47.465	TEL,1044,S4,866244727,2001,44543,0,442,2933                    
2026-10-06T20:32:47.465	TEL,1045,S4,866254727,2001,44543,0,442,2933                    
2026-10-06T20:32:47.465	TEL,1046,S4,866264727,2001,44543,0,433,2933                    
2026-10-06T20:32:48.074	TEL,1047,S4,866274727,2001,44543,0,433,2933                    
2026-10-06T20:32:48.074	TEL,1048,S4,866284727,2001,44543,0,433,2933                    
2026-10-06T20:32:48.074	TEL,1049,S4,866294727,2001,44543,0,425,2927                    
2026-10-06T20:32:48.074	TEL,1050,S4,866304727,2001,44543,0,428,2927                    
2026-10-06T20:32:48.074	TEL,1051,S4,866314727,2001,44543,0,433,2933                    
2026-10-06T20:32:48.074	TEL,1052,S4,866324727,2001,44543,0,433,2933                    
2026-10-06T20:32:48.074	TEL,1053,S4,866334727,2001,44543,0,433,2933                    
2026-10-06T20:32:48.074	TEL,1054,S4,866344727,2001,44543,0,433,2933                    
2026-10-06T20:32:48.075	TEL,1055,S4,866354727,2001,44543,0,436,2937                    
2026-10-06T20:32:48.075	TEL,1056,S4,866364727,2001,44543,0,430,2937                    
2026-10-06T20:32:48.075	TEL,1057,S4,866374727,2001,44543,0,430,2937                    
2026-10-06T20:32:48.075	TEL,1058,S4,866384727,2001,44543,0,436,2937                    
2026-10-06T20:32:48.075	TEL,1059,S4,866394727,2001,44543,0,433,2933                    
2026-10-06T20:32:48.075	TEL,1060,S4,866404727,2001,44543,0,433,2933                    
2026-10-06T20:32:48.075	TEL,1061,S4,866414727,2001,44543,0,433,2933                    
2026-10-06T20:32:48.075	TEL,1062,S4,866424727,2001,44543,0,433,2933                    
2026-10-06T20:32:48.075	TEL,1063,S4,866434727,2001,44543,0,425,2927                    
2026-10-06T20:32:48.075	TEL,1064,S4,866444727,2001,44543,0,430,2927                    
2026-10-06T20:32:48.075	TEL,1065,S4,866454727,2001,44543,0,433,2930                    
2026-10-06T20:32:48.075	TEL,1066,S4,866464727,2001,44543,0,428,2930                    
2026-10-06T20:32:48.075	TEL,1067,S4,866474727,2001,44543,0,436,2939                    
2026-10-06T20:32:48.075	TEL,1068,S4,866484727,2001,44543,0,448,2939                    
2026-10-06T20:32:48.075	TEL,1069,S4,866494727,2001,44543,0,439,2930                    
2026-10-06T20:32:48.075	TEL,1070,S4,866504727,2001,44543,0,428,2930                    
2026-10-06T20:32:48.075	BTN,8,S4,PRESSED,866510903,866510911                           
2026-10-06T20:32:48.075	TEL,1071,S4,866514728,2003,44543,0,428,2930                    
2026-10-06T20:32:48.075	TEL,1072,S4,866524727,2002,44543,0,433,2930                    
2026-10-06T20:32:48.075	TEL,1073,S4,866534727,2001,44543,0,439,2935                    
2026-10-06T20:32:48.075	TEL,1074,S4,866544727,2001,44543,0,436,2935                    
2026-10-06T20:32:48.075	TEL,1075,S4,866554727,2001,44543,0,442,2941                    
2026-10-06T20:32:48.075	TEL,1076,S4,866564727,2001,44543,0,448,2941                    
2026-10-06T20:32:48.075	TEL,1077,S4,866574727,2001,44543,0,445,2937                    
2026-10-06T20:32:48.075	TEL,1078,S4,866584727,2001,44543,0,428,2937                    
2026-10-06T20:32:48.075	TEL,1079,S4,866594727,2001,44543,0,425,2933                    
2026-10-06T20:32:48.075	TEL,1080,S4,866604727,2001,44543,0,439,2933                    
2026-10-06T20:32:48.075	TEL,1081,S4,866614727,2001,44543,0,448,2941                    
2026-10-06T20:32:48.075	TEL,1082,S4,866624727,2001,44543,0,439,2941                    
2026-10-06T20:32:48.075	TEL,1083,S4,866634727,2001,44543,0,433,2933                    
2026-10-06T20:32:48.075	TEL,1084,S4,866644727,2001,44543,0,433,2933                    
2026-10-06T20:32:48.075	TEL,1085,S4,866654727,2001,44543,0,428,2927                    
2026-10-06T20:32:48.075	TEL,1086,S4,866664727,2001,44543,0,436,2927                    
2026-10-06T20:32:48.075	TEL,1087,S4,866674727,2001,44543,0,439,2930                    
2026-10-06T20:32:48.075	TEL,1088,S4,866684727,2001,44543,0,419,2930                    
2026-10-06T20:32:48.075	TEL,1089,S4,866694727,2001,44543,0,425,2937                    
2026-10-06T20:32:48.075	TEL,1090,S4,866704727,2001,44543,0,436,2937                    
2026-10-06T20:32:48.075	TEL,1091,S4,866714727,2001,44543,0,428,2930                    
2026-10-06T20:32:48.075	TEL,1092,S4,866724727,2001,44543,0,428,2930                    
2026-10-06T20:32:48.075	TEL,1093,S4,866734727,2001,44543,0,436,2937                    
2026-10-06T20:32:48.075	TEL,1094,S4,866744727,2001,44543,0,445,2937                    
2026-10-06T20:32:48.075	TEL,1095,S4,866754727,2001,44543,0,442,2933                    
2026-10-06T20:32:48.075	TEL,1096,S4,866764727,2001,44543,0,436,2933                    
2026-10-06T20:32:48.075	TEL,1097,S4,866774727,2001,44543,0,445,2941                    
2026-10-06T20:32:48.075	TEL,1098,S4,866784727,2001,44543,0,439,2941                    
2026-10-06T20:32:48.075	TEL,1099,S4,866794727,2001,44543,0,442,2942                    
2026-10-06T20:32:48.075	TEL,1100,S4,866804727,2001,44543,0,442,2942                    
2026-10-06T20:32:48.075	TEL,1101,S4,866814727,2001,44543,0,433,2933                    
2026-10-06T20:32:48.075	TEL,1102,S4,866824727,2001,44543,0,425,2933                    
2026-10-06T20:32:48.075	TEL,1103,S4,866834727,2001,44543,0,425,2933                    
2026-10-06T20:32:48.075	TEL,1104,S4,866844727,2001,44543,0,433,2933                    
2026-10-06T20:32:48.075	TEL,1105,S4,866854727,2001,44543,0,428,2930                    
2026-10-06T20:32:48.075	TEL,1106,S4,866864727,2001,44543,0,428,2930                    
2026-10-06T20:32:48.075	TEL,1107,S4,866874727,2001,44543,0,428,2930                    
2026-10-06T20:32:48.681	TEL,1108,S4,866884727,2001,44543,0,433,2930                    
2026-10-06T20:32:48.681	TEL,1109,S4,866894727,2001,44543,0,436,2933                    
2026-10-06T20:32:48.681	TEL,1110,S4,866904727,2001,44543,0,433,2933                    
2026-10-06T20:32:48.681	TEL,1111,S4,866914727,2001,44543,0,425,2927                    
2026-10-06T20:32:48.681	TEL,1112,S4,866924727,2001,44543,0,425,2927                    
2026-10-06T20:32:48.681	TEL,1113,S4,866934727,2001,44543,0,436,2937                    
2026-10-06T20:32:48.681	TEL,1114,S4,866944727,2001,44543,0,439,2937                    
2026-10-06T20:32:48.681	TEL,1115,S4,866954727,2001,44543,0,433,2933                    
2026-10-06T20:32:48.681	TEL,1116,S4,866964727,2001,44543,0,428,2933                    
2026-10-06T20:32:48.681	TEL,1117,S4,866974727,2001,44543,0,425,2930                    
2026-10-06T20:32:48.681	TEL,1118,S4,866984727,2001,44543,0,419,2930                    
2026-10-06T20:32:48.681	TEL,1119,S4,866994727,2001,44543,0,419,2930                    
2026-10-06T20:32:48.681	TEL,1120,S4,867004727,2001,44543,0,428,2930                    
2026-10-06T20:32:48.681	TEL,1121,S4,867014727,2001,44543,0,433,2933                    
2026-10-06T20:32:48.681	BTN,9,S4,PRESSED,867015909,867015916                           
2026-10-06T20:32:48.681	TEL,1122,S4,867024728,2003,44543,0,433,2933                    
2026-10-06T20:32:48.681	TEL,1123,S4,867034727,2001,44543,0,433,2935                    
2026-10-06T20:32:48.681	TEL,1124,S4,867044727,2001,44543,0,433,2935                    
2026-10-06T20:32:48.681	TEL,1125,S4,867054727,2001,44543,0,439,2941                    
2026-10-06T20:32:48.681	TEL,1126,S4,867064727,2001,44543,0,439,2941                    
2026-10-06T20:32:48.681	TEL,1127,S4,867074727,2001,44543,0,436,2937                    
2026-10-06T20:32:48.681	TEL,1128,S4,867084727,2001,44543,0,445,2937                    
2026-10-06T20:32:48.681	TEL,1129,S4,867094727,2001,44543,0,445,2937                    
2026-10-06T20:32:48.681	TEL,1130,S4,867104727,2001,44543,0,436,2937                    
2026-10-06T20:32:48.681	TEL,1131,S4,867114727,2001,44543,0,436,2937                    
2026-10-06T20:32:48.681	TEL,1132,S4,867124727,2001,44543,0,436,2937                    
2026-10-06T20:32:48.681	TEL,1133,S4,867134727,2001,44543,0,436,2937                    
2026-10-06T20:32:48.681	TEL,1134,S4,867144727,2001,44543,0,436,2937                    
2026-10-06T20:32:48.681	TEL,1135,S4,867154727,2001,44543,0,436,2937                    
2026-10-06T20:32:48.681	TEL,1136,S4,867164727,2001,44543,0,436,2937                    
2026-10-06T20:32:48.681	TEL,1137,S4,867174727,2001,44543,0,433,2933                    
2026-10-06T20:32:48.681	TEL,1138,S4,867184727,2001,44543,0,428,2933                    
2026-10-06T20:32:48.681	TEL,1139,S4,867194727,2001,44543,0,430,2937                    
2026-10-06T20:32:48.681	TEL,1140,S4,867204727,2001,44543,0,445,2937                    
2026-10-06T20:32:48.681	TEL,1141,S4,867214727,2001,44543,0,445,2937                    
2026-10-06T20:32:48.681	TEL,1142,S4,867224727,2001,44543,0,430,2937                    
2026-10-06T20:32:48.681	TEL,1143,S4,867234727,2001,44543,0,425,2930                    
2026-10-06T20:32:48.681	TEL,1144,S4,867244727,2001,44543,0,430,2930                    
2026-10-06T20:32:48.681	TEL,1145,S4,867254727,2001,44543,0,433,2933                    
2026-10-06T20:32:48.681	TEL,1146,S4,867264727,2001,44543,0,433,2933                    
2026-10-06T20:32:48.681	TEL,1147,S4,867274727,2001,44543,0,433,2933                    
2026-10-06T20:32:48.681	TEL,1148,S4,867284727,2001,44543,0,433,2933                    
2026-10-06T20:32:48.681	TEL,1149,S4,867294727,2001,44543,0,428,2930                    
2026-10-06T20:32:48.681	TEL,1150,S4,867304727,2001,44543,0,428,2930                    
2026-10-06T20:32:48.681	TEL,1151,S4,867314727,2001,44543,0,433,2933                    
2026-10-06T20:32:48.681	TEL,1152,S4,867324727,2001,44543,0,433,2933                    
2026-10-06T20:32:48.681	TEL,1153,S4,867334727,2001,44543,0,436,2937                    
2026-10-06T20:32:48.681	TEL,1154,S4,867344727,2001,44543,0,436,2937                    
2026-10-06T20:32:48.681	TEL,1155,S4,867354727,2001,44543,0,436,2937                    
2026-10-06T20:32:48.681	TEL,1156,S4,867364727,2001,44543,0,436,2937                    
2026-10-06T20:32:48.681	TEL,1157,S4,867374727,2001,44543,0,433,2933                    
2026-10-06T20:32:48.681	TEL,1158,S4,867384727,2001,44543,0,433,2933                    
2026-10-06T20:32:48.681	TEL,1159,S4,867394727,2001,44543,0,436,2937                    
2026-10-06T20:32:48.681	TEL,1160,S4,867404727,2001,44543,0,436,2937                    
2026-10-06T20:32:48.681	TEL,1161,S4,867414727,2001,44543,0,428,2930                    
2026-10-06T20:32:48.681	TEL,1162,S4,867424727,2001,44543,0,428,2930                    
2026-10-06T20:32:48.681	TEL,1163,S4,867434727,2001,44543,0,433,2933                    
2026-10-06T20:32:48.681	TEL,1164,S4,867444727,2001,44543,0,433,2933                    
2026-10-06T20:32:48.681	TEL,1165,S4,867454727,2001,44543,0,430,2930                    
2026-10-06T20:32:48.681	TEL,1166,S4,867464727,2001,44543,0,433,2930                    
2026-10-06T20:32:48.681	TEL,1167,S4,867474727,2001,44543,0,433,2930                    
2026-10-06T20:32:48.681	TEL,1168,S4,867484727,2001,44543,0,428,2930                    
2026-10-06T20:32:49.293	TEL,1169,S4,867494727,2001,44543,0,436,2937                    
2026-10-06T20:32:49.293	TEL,1170,S4,867504727,2001,44543,0,436,2937                    
2026-10-06T20:32:49.293	TEL,1171,S4,867514727,2001,44543,0,433,2933                    
2026-10-06T20:32:49.293	TEL,1172,S4,867524727,2001,44543,0,433,2933                    
2026-10-06T20:32:49.293	TEL,1173,S4,867534727,2001,44543,0,436,2937                    
2026-10-06T20:32:49.293	TEL,1174,S4,867544727,2001,44543,0,425,2937                    
2026-10-06T20:32:49.293	BTN,10,S4,PRESSED,867547914,867547922                          
2026-10-06T20:32:49.293	TEL,1175,S4,867554728,2003,44543,0,428,2941                    
2026-10-06T20:32:49.293	TEL,1176,S4,867564727,2001,44543,0,439,2941                    
2026-10-06T20:32:49.293	TEL,1177,S4,867574727,2001,44543,0,439,2941                    
2026-10-06T20:32:49.293	TEL,1178,S4,867584727,2001,44543,0,442,2941                    
2026-10-06T20:32:49.293	TEL,1179,S4,867594727,2001,44543,0,439,2937                    
2026-10-06T20:32:49.293	TEL,1180,S4,867604727,2001,44543,0,445,2937                    
2026-10-06T20:32:49.293	TEL,1181,S4,867614727,2001,44543,0,442,2933                    
2026-10-06T20:32:49.293	TEL,1182,S4,867624727,2001,44543,0,433,2933                    
2026-10-06T20:32:49.293	TEL,1183,S4,867634727,2001,44543,0,428,2930                    
2026-10-06T20:32:49.293	TEL,1184,S4,867644727,2001,44543,0,430,2930                    
2026-10-06T20:32:49.293	TEL,1185,S4,867654727,2001,44543,0,442,2941                    
2026-10-06T20:32:49.293	TEL,1186,S4,867664727,2001,44543,0,439,2941                    
2026-10-06T20:32:49.293	TEL,1187,S4,867674727,2001,44543,0,436,2937                    
2026-10-06T20:32:49.293	TEL,1188,S4,867684727,2001,44543,0,436,2937                    
2026-10-06T20:32:49.293	TEL,1189,S4,867694727,2001,44543,0,436,2937                    
2026-10-06T20:32:49.293	TEL,1190,S4,867704727,2001,44543,0,430,2937                    
2026-10-06T20:32:49.293	TEL,1191,S4,867714727,2001,44543,0,428,2933                    
2026-10-06T20:32:49.293	TEL,1192,S4,867724727,2001,44543,0,430,2933                    
2026-10-06T20:32:49.293	TEL,1193,S4,867734727,2001,44543,0,433,2939                    
2026-10-06T20:32:49.293	TEL,1194,S4,867744727,2001,44543,0,439,2939                    
2026-10-06T20:32:49.293	TEL,1195,S4,867754727,2001,44543,0,439,2937                    
2026-10-06T20:32:49.293	TEL,1196,S4,867764727,2001,44543,0,439,2937                    
2026-10-06T20:32:49.293	TEL,1197,S4,867774727,2001,44543,0,439,2937                    
2026-10-06T20:32:49.293	TEL,1198,S4,867784727,2001,44543,0,439,2937                    
2026-10-06T20:32:49.293	TEL,1199,S4,867794727,2001,44543,0,433,2932                    
2026-10-06T20:32:49.293	TEL,1200,S4,867804727,2001,44543,0,433,2932                    
2026-10-06T20:32:49.293	TEL,1201,S4,867814727,2001,44543,0,439,2937                    
2026-10-06T20:32:49.293	TEL,1202,S4,867824727,2001,44543,0,439,2937                    
2026-10-06T20:32:49.293	TEL,1203,S4,867834727,2001,44543,0,439,2937                    
2026-10-06T20:32:49.293	TEL,1204,S4,867844727,2001,44543,0,445,2937                    
2026-10-06T20:32:49.293	TEL,1205,S4,867854727,2001,44543,0,445,2937                    
2026-10-06T20:32:49.293	TEL,1206,S4,867864727,2001,44543,0,439,2937                    
2026-10-06T20:32:49.293	TEL,1207,S4,867874727,2001,44543,0,439,2937                    
2026-10-06T20:32:49.293	TEL,1208,S4,867884727,2001,44543,0,433,2937                    
2026-10-06T20:32:49.293	TEL,1209,S4,867894727,2001,44543,0,436,2941                    
2026-10-06T20:32:49.293	TEL,1210,S4,867904727,2001,44543,0,439,2941                    
2026-10-06T20:32:49.293	TEL,1211,S4,867914727,2001,44543,0,436,2939                    
2026-10-06T20:32:49.293	TEL,1212,S4,867924727,2001,44543,0,448,2939                    
2026-10-06T20:32:49.293	TEL,1213,S4,867934727,2001,44543,0,448,2941                    
2026-10-06T20:32:49.293	TEL,1214,S4,867944727,2001,44543,0,439,2941                    
2026-10-06T20:32:49.293	TEL,1215,S4,867954727,2001,44543,0,433,2933                    
2026-10-06T20:32:49.293	TEL,1216,S4,867964727,2001,44543,0,433,2933                    
2026-10-06T20:32:49.293	TEL,1217,S4,867974727,2001,44543,0,436,2937                    
2026-10-06T20:32:49.293	TEL,1218,S4,867984727,2001,44543,0,445,2937                    
2026-10-06T20:32:49.293	TEL,1219,S4,867994727,2001,44543,0,448,2941                    
2026-10-06T20:32:49.293	TEL,1220,S4,868004727,2001,44543,0,439,2941                    
2026-10-06T20:32:49.293	TEL,1221,S4,868014727,2001,44543,0,436,2937                    
2026-10-06T20:32:49.293	TEL,1222,S4,868024727,2001,44543,0,436,2937                    
2026-10-06T20:32:49.293	TEL,1223,S4,868034727,2001,44543,0,436,2937                    
2026-10-06T20:32:49.293	TEL,1224,S4,868044727,2001,44543,0,436,2937                    
2026-10-06T20:32:49.293	TEL,1225,S4,868054727,2001,44543,0,433,2933                    
2026-10-06T20:32:49.293	TEL,1226,S4,868064727,2001,44543,0,433,2933                    
2026-10-06T20:32:49.293	TEL,1227,S4,868074727,2001,44543,0,439,2937                    
2026-10-06T20:32:49.293	TEL,1228,S4,868084727,2001,44543,0,439,2937                    
2026-10-06T20:32:49.293	TEL,1229,S4,868094727,2001,44543,0,433,2933                    
2026-10-06T20:32:49.904	TEL,1230,S4,868104727,2001,44543,0,433,2933                    
2026-10-06T20:32:49.904	TEL,1231,S4,868114727,2001,44543,0,433,2933                    
2026-10-06T20:32:49.904	BTN,11,S4,PRESSED,868114920,868114927                          
2026-10-06T20:32:49.904	TEL,1232,S4,868124728,2003,44543,0,442,2933                    
2026-10-06T20:32:49.904	TEL,1233,S4,868134727,2001,44543,0,445,2935                    
2026-10-06T20:32:49.904	TEL,1234,S4,868144727,2001,44543,0,436,2935                    
2026-10-06T20:32:49.904	TEL,1235,S4,868154727,2001,44543,0,433,2933                    
2026-10-06T20:32:49.904	TEL,1236,S4,868164727,2001,44543,0,442,2933                    
2026-10-06T20:32:49.904	TEL,1237,S4,868174727,2001,44543,0,445,2937                    
2026-10-06T20:32:49.904	TEL,1238,S4,868184727,2001,44543,0,436,2937                    
2026-10-06T20:32:49.904	TEL,1239,S4,868194727,2001,44543,0,433,2933                    
2026-10-06T20:32:49.904	TEL,1240,S4,868204727,2001,44543,0,433,2933                    
2026-10-06T20:32:49.904	TEL,1241,S4,868214727,2001,44543,0,439,2941                    
2026-10-06T20:32:49.904	TEL,1242,S4,868224727,2001,44543,0,439,2941                    
2026-10-06T20:32:49.904	TEL,1243,S4,868234727,2001,44543,0,436,2937                    
2026-10-06T20:32:49.904	TEL,1244,S4,868244727,2001,44543,0,436,2937                    
2026-10-06T20:32:49.904	TEL,1245,S4,868254727,2001,44543,0,436,2937                    
2026-10-06T20:32:49.904	TEL,1246,S4,868264727,2001,44543,0,436,2937                    
2026-10-06T20:32:49.904	TEL,1247,S4,868274727,2001,44543,0,439,2941                    
2026-10-06T20:32:49.904	TEL,1248,S4,868284727,2001,44543,0,448,2941                    
2026-10-06T20:32:49.904	TEL,1249,S4,868294727,2001,44543,0,439,2930                    
2026-10-06T20:32:49.904	TEL,1250,S4,868304727,2001,44543,0,430,2930                    
2026-10-06T20:32:49.904	TEL,1251,S4,868314727,2001,44543,0,433,2933                    
2026-10-06T20:32:49.904	TEL,1252,S4,868324727,2001,44543,0,433,2933                    
2026-10-06T20:32:49.904	TEL,1253,S4,868334727,2001,44543,0,433,2933                    
2026-10-06T20:32:49.904	TEL,1254,S4,868344727,2001,44543,0,433,2933                    
2026-10-06T20:32:49.904	TEL,1255,S4,868354727,2001,44543,0,436,2937                    
2026-10-06T20:32:49.904	TEL,1256,S4,868364727,2001,44543,0,428,2937                    
2026-10-06T20:32:49.904	TEL,1257,S4,868374727,2001,44543,0,425,2933                    
2026-10-06T20:32:49.904	TEL,1258,S4,868384727,2001,44543,0,442,2933                    
2026-10-06T20:32:49.904	TEL,1259,S4,868394727,2001,44543,0,445,2937                    
2026-10-06T20:32:49.904	TEL,1260,S4,868404727,2001,44543,0,436,2937                    
2026-10-06T20:32:49.904	TEL,1261,S4,868414727,2001,44543,0,433,2933                    
2026-10-06T20:32:49.904	TEL,1262,S4,868424727,2001,44543,0,430,2933                    
2026-10-06T20:32:49.904	TEL,1263,S4,868434727,2001,44543,0,436,2941                    
2026-10-06T20:32:49.904	TEL,1264,S4,868444727,2001,44543,0,442,2941                    
2026-10-06T20:32:49.904	TEL,1265,S4,868454727,2001,44543,0,433,2933                    
2026-10-06T20:32:49.904	TEL,1266,S4,868464727,2001,44543,0,433,2933                    
2026-10-06T20:32:49.905	TEL,1267,S4,868474727,2001,44543,0,436,2937                    
2026-10-06T20:32:49.905	TEL,1268,S4,868484727,2001,44543,0,436,2937                    
2026-10-06T20:32:49.905	TEL,1269,S4,868494727,2001,44543,0,433,2933                    
2026-10-06T20:32:49.905	TEL,1270,S4,868504727,2001,44543,0,433,2933                    
2026-10-06T20:32:49.905	TEL,1271,S4,868514727,2001,44543,0,433,2933                    
2026-10-06T20:32:49.905	TEL,1272,S4,868524727,2001,44543,0,433,2933                    
2026-10-06T20:32:49.905	TEL,1273,S4,868534727,2001,44543,0,428,2930                    
2026-10-06T20:32:49.905	TEL,1274,S4,868544727,2001,44543,0,430,2930                    
2026-10-06T20:32:49.905	TEL,1275,S4,868554727,2001,44543,0,439,2937                    
2026-10-06T20:32:49.905	TEL,1276,S4,868564727,2001,44543,0,439,2937                    
2026-10-06T20:32:49.905	TEL,1277,S4,868574727,2001,44543,0,433,2933                    
2026-10-06T20:32:49.905	TEL,1278,S4,868584727,2001,44543,0,433,2933                    
2026-10-06T20:32:49.905	TEL,1279,S4,868594727,2001,44543,0,436,2937                    
2026-10-06T20:32:49.905	TEL,1280,S4,868604727,2001,44543,0,430,2937                    
2026-10-06T20:32:49.905	TEL,1281,S4,868614727,2001,44543,0,428,2933                    
2026-10-06T20:32:49.905	TEL,1282,S4,868624727,2001,44543,0,442,2933                    
2026-10-06T20:32:49.905	TEL,1283,S4,868634727,2001,44543,0,445,2937                    
2026-10-06T20:32:49.905	TEL,1284,S4,868644727,2001,44543,0,439,2937                    
2026-10-06T20:32:49.905	TEL,1285,S4,868654727,2001,44543,0,442,2941                    
2026-10-06T20:32:49.905	TEL,1286,S4,868664727,2001,44543,0,439,2941                    
2026-10-06T20:32:49.905	TEL,1287,S4,868674727,2001,44543,0,436,2937                    
2026-10-06T20:32:49.905	TEL,1288,S4,868684727,2001,44543,0,445,2937                    
2026-10-06T20:32:49.905	TEL,1289,S4,868694727,2001,44543,0,442,2933                    
2026-10-06T20:32:49.905	TEL,1290,S4,868704727,2001,44543,0,428,2933                    
2026-10-06T20:32:50.512	TEL,1291,S4,868714727,2001,44543,0,436,2942                    
2026-10-06T20:32:50.512	TEL,1292,S4,868724727,2001,44543,0,442,2942                    
2026-10-06T20:32:50.512	TEL,1293,S4,868734727,2001,44543,0,439,2941                    
2026-10-06T20:32:50.512	TEL,1294,S4,868744727,2001,44543,0,442,2941                    
2026-10-06T20:32:50.512	TEL,1295,S4,868754727,2001,44543,0,442,2941                    
2026-10-06T20:32:50.512	TEL,1296,S4,868764727,2001,44543,0,442,2941                    
2026-10-06T20:32:50.512	TEL,1297,S4,868774727,2001,44543,0,430,2930                    
2026-10-06T20:32:50.512	TEL,1298,S4,868784727,2001,44543,0,428,2930                    
2026-10-06T20:32:50.512	TEL,1299,S4,868794727,2001,44543,0,428,2930                    
2026-10-06T20:32:50.512	TEL,1300,S4,868804727,2001,44543,0,428,2930                    
2026-10-06T20:32:50.512	BTN,12,S4,PRESSED,868812925,868812933                          
2026-10-06T20:32:50.512	TEL,1301,S4,868814768,2043,44543,0,433,2933                    
2026-10-06T20:32:50.512	TEL,1302,S4,868824742,2017,44543,0,436,2933                    
2026-10-06T20:32:50.512	TEL,1303,S4,868834727,2001,44543,0,433,2930                    
2026-10-06T20:32:50.512	TEL,1304,S4,868844727,2001,44543,0,428,2930                    
2026-10-06T20:32:50.512	TEL,1305,S4,868854727,2001,44543,0,430,2933                    
2026-10-06T20:32:50.512	TEL,1306,S4,868864727,2001,44543,0,433,2933                    
2026-10-06T20:32:50.512	TEL,1307,S4,868874727,2001,44543,0,433,2933                    
2026-10-06T20:32:50.512	TEL,1308,S4,868884727,2001,44543,0,433,2933                    
2026-10-06T20:32:50.512	TEL,1309,S4,868894727,2001,44543,0,428,2930                    
2026-10-06T20:32:50.512	TEL,1310,S4,868904727,2001,44543,0,433,2930                    
2026-10-06T20:32:50.512	TEL,1311,S4,868914727,2001,44543,0,430,2927                    
2026-10-06T20:32:50.512	TEL,1312,S4,868924727,2001,44543,0,422,2927                    
2026-10-06T20:32:50.512	TEL,1313,S4,868934727,2001,44543,0,430,2933                    
2026-10-06T20:32:50.512	TEL,1314,S4,868944727,2001,44543,0,430,2933                    
2026-10-06T20:32:50.512	TEL,1315,S4,868954727,2001,44543,0,433,2937                    
2026-10-06T20:32:50.512	TEL,1316,S4,868964727,2001,44543,0,436,2937                    
2026-10-06T20:32:50.512	TEL,1317,S4,868974727,2001,44543,0,425,2927                    
2026-10-06T20:32:50.512	TEL,1318,S4,868984727,2001,44543,0,425,2927                    
2026-10-06T20:32:50.512	TEL,1319,S4,868994727,2001,44543,0,433,2933                    
2026-10-06T20:32:50.512	TEL,1320,S4,869004727,2001,44543,0,433,2933                    
2026-10-06T20:32:50.512	TEL,1321,S4,869014727,2001,44543,0,439,2937                    
2026-10-06T20:32:50.512	TEL,1322,S4,869024727,2001,44543,0,436,2937                    
2026-10-06T20:32:50.512	TEL,1323,S4,869034727,2001,44543,0,439,2941                    
2026-10-06T20:32:50.512	TEL,1324,S4,869044727,2001,44543,0,442,2941                    
2026-10-06T20:32:50.512	TEL,1325,S4,869054727,2001,44543,0,433,2933                    
2026-10-06T20:32:50.512	TEL,1326,S4,869064727,2001,44543,0,433,2933                    
2026-10-06T20:32:50.512	TEL,1327,S4,869074727,2001,44543,0,436,2937                    
2026-10-06T20:32:50.512	TEL,1328,S4,869084727,2001,44543,0,436,2937                    
2026-10-06T20:32:50.512	TEL,1329,S4,869094727,2001,44543,0,428,2930                    
2026-10-06T20:32:50.512	TEL,1330,S4,869104727,2001,44543,0,428,2930                    
2026-10-06T20:32:50.512	TEL,1331,S4,869114727,2001,44543,0,436,2937                    
2026-10-06T20:32:50.512	TEL,1332,S4,869124727,2001,44543,0,436,2937                    
2026-10-06T20:32:50.512	TEL,1333,S4,869134727,2001,44543,0,436,2937                    
2026-10-06T20:32:50.512	TEL,1334,S4,869144727,2001,44543,0,436,2937                    
2026-10-06T20:32:50.512	TEL,1335,S4,869154727,2001,44543,0,433,2933                    
2026-10-06T20:32:50.512	TEL,1336,S4,869164727,2001,44543,0,433,2933                    
2026-10-06T20:32:50.512	TEL,1337,S4,869174727,2001,44543,0,428,2930                    
2026-10-06T20:32:50.512	TEL,1338,S4,869184727,2001,44543,0,428,2930                    
2026-10-06T20:32:50.512	TEL,1339,S4,869194727,2001,44543,0,436,2937                    
2026-10-06T20:32:50.512	TEL,1340,S4,869204727,2001,44543,0,436,2937                    
2026-10-06T20:32:50.512	TEL,1341,S4,869214727,2001,44543,0,436,2937                    
2026-10-06T20:32:50.512	TEL,1342,S4,869224727,2001,44543,0,436,2937                    
2026-10-06T20:32:50.512	TEL,1343,S4,869234727,2001,44543,0,436,2937                    
2026-10-06T20:32:50.512	TEL,1344,S4,869244727,2001,44543,0,436,2937                    
2026-10-06T20:32:50.512	TEL,1345,S4,869254727,2001,44543,0,428,2930                    
2026-10-06T20:32:50.512	TEL,1346,S4,869264727,2001,44543,0,428,2930                    
2026-10-06T20:32:50.512	TEL,1347,S4,869274727,2001,44543,0,428,2930                    
2026-10-06T20:32:50.512	TEL,1348,S4,869284727,2001,44543,0,428,2930                    
2026-10-06T20:32:50.512	TEL,1349,S4,869294727,2001,44543,0,436,2939                    
2026-10-06T20:32:50.512	TEL,1350,S4,869304727,2001,44543,0,436,2939                    
2026-10-06T20:32:50.512	TEL,1351,S4,869314727,2001,44543,0,433,2933                    
2026-10-06T20:32:51.124	TEL,1352,S4,869324727,2001,44543,0,433,2933                    
2026-10-06T20:32:51.124	TEL,1353,S4,869334727,2001,44543,0,436,2937                    
2026-10-06T20:32:51.124	TEL,1354,S4,869344727,2001,44543,0,436,2937                    
2026-10-06T20:32:51.124	TEL,1355,S4,869354727,2001,44543,0,436,2937                    
2026-10-06T20:32:51.124	TEL,1356,S4,869364727,2001,44543,0,436,2937                    
2026-10-06T20:32:51.124	TEL,1357,S4,869374727,2001,44543,0,433,2933                    
2026-10-06T20:32:51.124	TEL,1358,S4,869384727,2001,44543,0,433,2933                    
2026-10-06T20:32:51.124	TEL,1359,S4,869394727,2001,44543,0,439,2941                    
2026-10-06T20:32:51.124	TEL,1360,S4,869404727,2001,44543,0,439,2941                    
2026-10-06T20:32:51.124	TEL,1361,S4,869414727,2001,44543,0,436,2937                    
2026-10-06T20:32:51.124	TEL,1362,S4,869424727,2001,44543,0,436,2937                    
2026-10-06T20:32:51.124	TEL,1363,S4,869434727,2001,44543,0,428,2930                    
2026-10-06T20:32:51.124	TEL,1364,S4,869444727,2001,44543,0,425,2930                    
2026-10-06T20:32:51.124	TEL,1365,S4,869454727,2001,44543,0,428,2933                    
2026-10-06T20:32:51.124	TEL,1366,S4,869464727,2001,44543,0,433,2933                    
2026-10-06T20:32:51.124	TEL,1367,S4,869474727,2001,44543,0,436,2937                    
2026-10-06T20:32:51.124	TEL,1368,S4,869484727,2001,44543,0,436,2937                    
2026-10-06T20:32:51.124	TEL,1369,S4,869494727,2001,44543,0,439,2941                    
2026-10-06T20:32:51.124	TEL,1370,S4,869504727,2001,44543,0,445,2941                    
2026-10-06T20:32:51.124	TEL,1371,S4,869514727,2001,44543,0,445,2941                    
2026-10-06T20:32:51.124	TEL,1372,S4,869524727,2001,44543,0,439,2941                    
2026-10-06T20:32:51.124	TEL,1373,S4,869534727,2001,44543,0,428,2930                    
2026-10-06T20:32:51.124	TEL,1374,S4,869544727,2001,44543,0,430,2930                    
2026-10-06T20:32:51.124	TEL,1375,S4,869554727,2001,44543,0,442,2941                    
2026-10-06T20:32:51.124	TEL,1376,S4,869564727,2001,44543,0,439,2941                    
2026-10-06T20:32:51.124	TEL,1377,S4,869574727,2001,44543,0,428,2930                    
2026-10-06T20:32:51.124	BTN,13,S4,PRESSED,869574931,869574938                          
2026-10-06T20:32:51.124	TEL,1378,S4,869584728,2003,44543,0,439,2930                    
2026-10-06T20:32:51.124	TEL,1379,S4,869594727,2001,44543,0,442,2933                    
2026-10-06T20:32:51.124	TEL,1380,S4,869604727,2001,44543,0,428,2933                    
2026-10-06T20:32:51.124	TEL,1381,S4,869614727,2001,44543,0,430,2937                    
2026-10-06T20:32:51.124	TEL,1382,S4,869624727,2001,44543,0,436,2937                    
2026-10-06T20:32:51.124	TEL,1383,S4,869634727,2001,44543,0,436,2937                    
2026-10-06T20:32:51.124	TEL,1384,S4,869644727,2001,44543,0,436,2937                    
2026-10-06T20:32:51.124	TEL,1385,S4,869654727,2001,44543,0,428,2928                    
2026-10-06T20:32:51.124	TEL,1386,S4,869664727,2001,44543,0,436,2928                    
2026-10-06T20:32:51.124	TEL,1387,S4,869674727,2001,44543,0,436,2927                    
2026-10-06T20:32:51.124	TEL,1388,S4,869684727,2001,44543,0,425,2927                    
2026-10-06T20:32:51.124	TEL,1389,S4,869694727,2001,44543,0,436,2937                    
2026-10-06T20:32:51.124	TEL,1390,S4,869704727,2001,44543,0,430,2937                    
2026-10-06T20:32:51.124	TEL,1391,S4,869714727,2001,44543,0,428,2933                    
2026-10-06T20:32:51.124	TEL,1392,S4,869724727,2001,44543,0,433,2933                    
2026-10-06T20:32:51.124	TEL,1393,S4,869734727,2001,44543,0,439,2941                    
2026-10-06T20:32:51.124	TEL,1394,S4,869744727,2001,44543,0,439,2941                    
2026-10-06T20:32:51.124	TEL,1395,S4,869754727,2001,44543,0,433,2933                    
2026-10-06T20:32:51.124	TEL,1396,S4,869764727,2001,44543,0,433,2933                    
2026-10-06T20:32:51.124	TEL,1397,S4,869774727,2001,44543,0,433,2933                    
2026-10-06T20:32:51.124	TEL,1398,S4,869784727,2001,44543,0,433,2933                    
2026-10-06T20:32:51.124	TEL,1399,S4,869794727,2001,44543,0,428,2930                    
2026-10-06T20:32:51.124	TEL,1400,S4,869804727,2001,44543,0,428,2930                    
2026-10-06T20:32:51.124	TEL,1401,S4,869814727,2001,44543,0,425,2927                    
2026-10-06T20:32:51.124	TEL,1402,S4,869824727,2001,44543,0,425,2927                    
2026-10-06T20:32:51.124	TEL,1403,S4,869834727,2001,44543,0,436,2937                    
2026-10-06T20:32:51.124	TEL,1404,S4,869844727,2001,44543,0,428,2937                    
2026-10-06T20:32:51.124	TEL,1405,S4,869854727,2001,44543,0,425,2933                    
2026-10-06T20:32:51.124	TEL,1406,S4,869864727,2001,44543,0,433,2933                    
2026-10-06T20:32:51.124	TEL,1407,S4,869874727,2001,44543,0,433,2933                    
2026-10-06T20:32:51.124	TEL,1408,S4,869884727,2001,44543,0,433,2933                    
2026-10-06T20:32:51.124	TEL,1409,S4,869894727,2001,44543,0,433,2933                    
2026-10-06T20:32:51.124	TEL,1410,S4,869904727,2001,44543,0,433,2933                    
2026-10-06T20:32:51.124	TEL,1411,S4,869914727,2001,44543,0,433,2933                    
2026-10-06T20:32:51.124	TEL,1412,S4,869924727,2001,44543,0,433,2933                    
2026-10-06T20:32:51.731	TEL,1413,S4,869934727,2001,44543,0,439,2937                    
2026-10-06T20:32:51.731	TEL,1414,S4,869944727,2001,44543,0,436,2937                    
2026-10-06T20:32:51.731	TEL,1415,S4,869954727,2001,44543,0,436,2937                    
2026-10-06T20:32:51.731	TEL,1416,S4,869964727,2001,44543,0,436,2937                    
2026-10-06T20:32:51.731	TEL,1417,S4,869974727,2001,44543,0,439,2941                    
2026-10-06T20:32:51.731	TEL,1418,S4,869984727,2001,44543,0,439,2941                    
2026-10-06T20:32:51.731	TEL,1419,S4,869994727,2001,44543,0,433,2933                    
2026-10-06T20:32:51.731	TEL,1420,S4,870004727,2001,44543,0,433,2933                    
2026-10-06T20:32:51.731	TEL,1421,S4,870014727,2001,44543,0,428,2930                    
2026-10-06T20:32:51.731	TEL,1422,S4,870024727,2001,44543,0,430,2930                    
2026-10-06T20:32:51.731	TEL,1423,S4,870034727,2001,44543,0,442,2941                    
2026-10-06T20:32:51.731	TEL,1424,S4,870044727,2001,44543,0,439,2941                    
2026-10-06T20:32:51.731	TEL,1425,S4,870054727,2001,44543,0,436,2937                    
2026-10-06T20:32:51.731	TEL,1426,S4,870064727,2001,44543,0,436,2937                    
2026-10-06T20:32:51.731	TEL,1427,S4,870074727,2001,44543,0,433,2933                    
2026-10-06T20:32:51.731	TEL,1428,S4,870084727,2001,44543,0,433,2933                    
2026-10-06T20:32:51.731	TEL,1429,S4,870094727,2001,44543,0,442,2941                    
2026-10-06T20:32:51.731	TEL,1430,S4,870104727,2001,44543,0,442,2941                    
2026-10-06T20:32:51.731	TEL,1431,S4,870114727,2001,44543,0,439,2937                    
2026-10-06T20:32:51.731	TEL,1432,S4,870124727,2001,44543,0,436,2937                    
2026-10-06T20:32:51.731	TEL,1433,S4,870134727,2001,44543,0,433,2933                    
2026-10-06T20:32:51.731	TEL,1434,S4,870144727,2001,44543,0,433,2933                    
2026-10-06T20:32:51.731	TEL,1435,S4,870154727,2001,44543,0,439,2937                    
2026-10-06T20:32:51.731	TEL,1436,S4,870164727,2001,44543,0,436,2937                    
2026-10-06T20:32:51.731	TEL,1437,S4,870174727,2001,44543,0,436,2937                    
2026-10-06T20:32:51.731	TEL,1438,S4,870184727,2001,44543,0,436,2937                    
2026-10-06T20:32:51.731	TEL,1439,S4,870194727,2001,44543,0,436,2937                    
2026-10-06T20:32:51.731	TEL,1440,S4,870204727,2001,44543,0,439,2937                    
2026-10-06T20:32:51.731	TEL,1441,S4,870214727,2001,44543,0,433,2933                    
2026-10-06T20:32:51.731	TEL,1442,S4,870224727,2001,44543,0,428,2933                    
2026-10-06T20:32:51.731	TEL,1443,S4,870234727,2001,44543,0,425,2930                    
2026-10-06T20:32:51.731	TEL,1444,S4,870244727,2001,44543,0,433,2930                    
2026-10-06T20:32:51.731	BTN,14,S4,PRESSED,870244936,870244943                          
2026-10-06T20:32:51.731	TEL,1445,S4,870254728,2003,44543,0,436,2933                    
2026-10-06T20:32:51.731	TEL,1446,S4,870264727,2001,44543,0,433,2933                    
2026-10-06T20:32:51.731	TEL,1447,S4,870274727,2001,44543,0,442,2942                    
2026-10-06T20:32:51.731	TEL,1448,S4,870284727,2001,44543,0,442,2942                    
2026-10-06T20:32:51.731	TEL,1449,S4,870294727,2001,44543,0,433,2933                    
2026-10-06T20:32:51.731	TEL,1450,S4,870304727,2001,44543,0,433,2933                    
2026-10-06T20:32:51.731	TEL,1451,S4,870314727,2001,44543,0,439,2941                    
2026-10-06T20:32:51.731	TEL,1452,S4,870324727,2001,44543,0,439,2941                    
2026-10-06T20:32:51.731	TEL,1453,S4,870334727,2001,44543,0,436,2937                    
2026-10-06T20:32:51.731	TEL,1454,S4,870344727,2001,44543,0,436,2937                    
2026-10-06T20:32:51.731	TEL,1455,S4,870354727,2001,44543,0,436,2937                    
2026-10-06T20:32:51.731	TEL,1456,S4,870364727,2001,44543,0,436,2937                    
2026-10-06T20:32:51.731	TEL,1457,S4,870374727,2001,44543,0,436,2937                    
2026-10-06T20:32:51.731	TEL,1458,S4,870384727,2001,44543,0,445,2937                    
2026-10-06T20:32:51.731	TEL,1459,S4,870394727,2001,44543,0,448,2941                    
2026-10-06T20:32:51.731	TEL,1460,S4,870404727,2001,44543,0,442,2941                    
2026-10-06T20:32:51.731	TEL,1461,S4,870414727,2001,44543,0,439,2939                    
2026-10-06T20:32:51.731	TEL,1462,S4,870424727,2001,44543,0,436,2939                    
2026-10-06T20:32:51.731	TEL,1463,S4,870434727,2001,44543,0,439,2941                    
2026-10-06T20:32:51.731	TEL,1464,S4,870444727,2001,44543,0,442,2941                    
2026-10-06T20:32:51.731	TEL,1465,S4,870454727,2001,44543,0,439,2937                    
2026-10-06T20:32:51.731	TEL,1466,S4,870464727,2001,44543,0,436,2937                    
2026-10-06T20:32:51.731	TEL,1467,S4,870474727,2001,44543,0,436,2937                    
2026-10-06T20:32:51.731	TEL,1468,S4,870484727,2001,44543,0,442,2937                    
2026-10-06T20:32:51.731	TEL,1469,S4,870494727,2001,44543,0,445,2941                    
2026-10-06T20:32:51.731	TEL,1470,S4,870504727,2001,44543,0,439,2941                    
2026-10-06T20:32:51.731	TEL,1471,S4,870514727,2001,44543,0,433,2933                    
2026-10-06T20:32:51.731	TEL,1472,S4,870524727,2001,44543,0,433,2933                    
2026-10-06T20:32:51.731	TEL,1473,S4,870534727,2001,44543,0,439,2941                    
2026-10-06T20:32:52.342	TEL,1474,S4,870544727,2001,44543,0,439,2941                    
2026-10-06T20:32:52.345	TEL,1475,S4,870554727,2001,44543,0,433,2933                    
2026-10-06T20:32:52.345	TEL,1476,S4,870564727,2001,44543,0,433,2933                    
2026-10-06T20:32:52.345	TEL,1477,S4,870574727,2001,44543,0,430,2930                    
2026-10-06T20:32:52.345	TEL,1478,S4,870584727,2001,44543,0,430,2930                    
2026-10-06T20:32:52.345	TEL,1479,S4,870594727,2001,44543,0,430,2930                    
2026-10-06T20:32:52.345	TEL,1480,S4,870604727,2001,44543,0,428,2930                    
2026-10-06T20:32:52.345	TEL,1481,S4,870614727,2001,44543,0,428,2930                    
2026-10-06T20:32:52.345	TEL,1482,S4,870624727,2001,44543,0,430,2930                    
2026-10-06T20:32:52.345	TEL,1483,S4,870634727,2001,44543,0,433,2933                    
2026-10-06T20:32:52.345	TEL,1484,S4,870644727,2001,44543,0,433,2933                    
2026-10-06T20:32:52.345	TEL,1485,S4,870654727,2001,44543,0,433,2933                    
2026-10-06T20:32:52.345	TEL,1486,S4,870664727,2001,44543,0,433,2933                    
2026-10-06T20:32:52.345	TEL,1487,S4,870674727,2001,44543,0,433,2933                    
2026-10-06T20:32:52.345	TEL,1488,S4,870684727,2001,44543,0,433,2933                    
2026-10-06T20:32:52.345	TEL,1489,S4,870694727,2001,44543,0,433,2933                    
2026-10-06T20:32:52.345	TEL,1490,S4,870704727,2001,44543,0,433,2933                    
2026-10-06T20:32:52.345	TEL,1491,S4,870714727,2001,44543,0,428,2930                    
2026-10-06T20:32:52.345	TEL,1492,S4,870724727,2001,44543,0,428,2930                    
2026-10-06T20:32:52.345	TEL,1493,S4,870734727,2001,44543,0,433,2933                    
2026-10-06T20:32:52.345	TEL,1494,S4,870744727,2001,44543,0,433,2933                    
2026-10-06T20:32:52.345	TEL,1495,S4,870754727,2001,44543,0,436,2939                    
2026-10-06T20:32:52.345	TEL,1496,S4,870764727,2001,44543,0,445,2939                    
2026-10-06T20:32:52.345	TEL,1497,S4,870774727,2001,44543,0,436,2930                    
2026-10-06T20:32:52.345	TEL,1498,S4,870784727,2001,44543,0,430,2930                    
2026-10-06T20:32:52.345	TEL,1499,S4,870794727,2001,44543,0,439,2937                    
2026-10-06T20:32:52.345	TEL,1500,S4,870804727,2001,44543,0,439,2937                    
2026-10-06T20:32:52.345	TEL,1501,S4,870814727,2001,44543,0,430,2930                    
2026-10-06T20:32:52.345	TEL,1502,S4,870824727,2001,44543,0,428,2930                    
2026-10-06T20:32:52.345	TEL,1503,S4,870834727,2001,44543,0,439,2941                    
2026-10-06T20:32:52.345	TEL,1504,S4,870844727,2001,44543,0,439,2941                    
2026-10-06T20:32:52.345	TEL,1505,S4,870854727,2001,44543,0,436,2937                    
2026-10-06T20:32:52.345	TEL,1506,S4,870864727,2001,44543,0,445,2937                    
2026-10-06T20:32:52.345	TEL,1507,S4,870874727,2001,44543,0,442,2933                    
2026-10-06T20:32:52.345	TEL,1508,S4,870884727,2001,44543,0,433,2933                    
2026-10-06T20:32:52.345	TEL,1509,S4,870894727,2001,44543,0,433,2933                    
2026-10-06T20:32:52.345	TEL,1510,S4,870904727,2001,44543,0,433,2933                    
2026-10-06T20:32:52.345	TEL,1511,S4,870914727,2001,44543,0,436,2937                    
2026-10-06T20:32:52.345	TEL,1512,S4,870924727,2001,44543,0,425,2937                    
2026-10-06T20:32:52.345	TEL,1513,S4,870934727,2001,44543,0,422,2933                    
2026-10-06T20:32:52.345	TEL,1514,S4,870944727,2001,44543,0,422,2933                    
2026-10-06T20:32:52.345	TEL,1515,S4,870954727,2001,44543,0,425,2937                    
2026-10-06T20:32:52.345	TEL,1516,S4,870964727,2001,44543,0,425,2937                    
2026-10-06T20:32:52.345	TEL,1517,S4,870974727,2001,44543,0,428,2941                    
2026-10-06T20:32:52.345	TEL,1518,S4,870984727,2001,44543,0,439,2941                    
2026-10-06T20:32:52.345	TEL,1519,S4,870994727,2001,44543,0,439,2941                    
2026-10-06T20:32:52.345	BTN,15,S4,PRESSED,870997942,870997949                          
2026-10-06T20:32:52.345	TEL,1520,S4,871004728,2003,44543,0,433,2941                    
2026-10-06T20:32:52.345	TEL,1521,S4,871014727,2001,44543,0,428,2933                    
2026-10-06T20:32:52.345	TEL,1522,S4,871024727,2001,44543,0,433,2933                    
2026-10-06T20:32:52.345	TEL,1523,S4,871034727,2001,44543,0,436,2937                    
2026-10-06T20:32:52.345	TEL,1524,S4,871044727,2001,44543,0,439,2937                    
2026-10-06T20:32:52.345	TEL,1525,S4,871054727,2001,44543,0,433,2933                    
2026-10-06T20:32:52.345	TEL,1526,S4,871064727,2001,44543,0,433,2933                    
2026-10-06T20:32:52.345	TEL,1527,S4,871074727,2001,44543,0,436,2937                    
2026-10-06T20:32:52.345	TEL,1528,S4,871084727,2001,44543,0,439,2937                    
2026-10-06T20:32:52.345	TEL,1529,S4,871094727,2001,44543,0,439,2937                    
2026-10-06T20:32:52.345	TEL,1530,S4,871104727,2001,44543,0,445,2937                    
2026-10-06T20:32:52.345	TEL,1531,S4,871114727,2001,44543,0,439,2930                    
2026-10-06T20:32:52.345	TEL,1532,S4,871124727,2001,44543,0,428,2930                    
2026-10-06T20:32:52.345	TEL,1533,S4,871134727,2001,44543,0,428,2930                    
2026-10-06T20:32:52.345	TEL,1534,S4,871144727,2001,44543,0,428,2930                    
2026-10-06T20:32:52.955	TEL,1535,S4,871154727,2001,44543,0,439,2941                    
2026-10-06T20:32:52.955	TEL,1536,S4,871164727,2001,44543,0,442,2941                    
2026-10-06T20:32:52.955	TEL,1537,S4,871174727,2001,44543,0,433,2933                    
2026-10-06T20:32:52.955	TEL,1538,S4,871184727,2001,44543,0,433,2933                    
2026-10-06T20:32:52.955	TEL,1539,S4,871194727,2001,44543,0,439,2937                    
2026-10-06T20:32:52.955	TEL,1540,S4,871204727,2001,44543,0,439,2937                    
2026-10-06T20:32:52.955	TEL,1541,S4,871214727,2001,44543,0,433,2933                    
2026-10-06T20:32:52.955	TEL,1542,S4,871224727,2001,44543,0,425,2933                    
2026-10-06T20:32:52.955	TEL,1543,S4,871234727,2001,44543,0,425,2933                    
2026-10-06T20:32:52.955	TEL,1544,S4,871244727,2001,44543,0,439,2933                    
2026-10-06T20:32:52.955	TEL,1545,S4,871254727,2001,44543,0,442,2935                    
2026-10-06T20:32:52.955	TEL,1546,S4,871264727,2001,44543,0,436,2935                    
2026-10-06T20:32:52.955	TEL,1547,S4,871274727,2001,44543,0,439,2939                    
2026-10-06T20:32:52.955	TEL,1548,S4,871284727,2001,44543,0,433,2939                    
2026-10-06T20:32:52.955	TEL,1549,S4,871294727,2001,44543,0,433,2937                    
2026-10-06T20:32:52.955	TEL,1550,S4,871304727,2001,44543,0,439,2937                    
2026-10-06T20:32:52.955	TEL,1551,S4,871314727,2001,44543,0,433,2933                    
2026-10-06T20:32:52.955	TEL,1552,S4,871324727,2001,44543,0,433,2933                    
2026-10-06T20:32:52.955	TEL,1553,S4,871334727,2001,44543,0,439,2937                    
2026-10-06T20:32:52.955	TEL,1554,S4,871344727,2001,44543,0,430,2937                    
2026-10-06T20:32:52.955	TEL,1555,S4,871354727,2001,44543,0,433,2941                    
2026-10-06T20:32:52.955	TEL,1556,S4,871364727,2001,44543,0,448,2941                    
2026-10-06T20:32:52.955	TEL,1557,S4,871374727,2001,44543,0,445,2937                    
2026-10-06T20:32:52.955	TEL,1558,S4,871384727,2001,44543,0,445,2937                    
2026-10-06T20:32:52.955	TEL,1559,S4,871394727,2001,44543,0,448,2941                    
2026-10-06T20:32:52.955	TEL,1560,S4,871404727,2001,44543,0,433,2941                    
2026-10-06T20:32:52.955	TEL,1561,S4,871414727,2001,44543,0,430,2937                    
2026-10-06T20:32:52.955	TEL,1562,S4,871424727,2001,44543,0,436,2937                    
2026-10-06T20:32:52.955	TEL,1563,S4,871434727,2001,44543,0,433,2933                    
2026-10-06T20:32:52.955	TEL,1564,S4,871444727,2001,44543,0,433,2933                    
2026-10-06T20:32:52.955	TEL,1565,S4,871454727,2001,44543,0,428,2930                    
2026-10-06T20:32:52.955	TEL,1566,S4,871464727,2001,44543,0,430,2930                    
2026-10-06T20:32:52.955	TEL,1567,S4,871474727,2001,44543,0,433,2933                    
2026-10-06T20:32:52.955	TEL,1568,S4,871484727,2001,44543,0,433,2933                    
2026-10-06T20:32:52.955	TEL,1569,S4,871494727,2001,44543,0,439,2941                    
2026-10-06T20:32:52.955	TEL,1570,S4,871504727,2001,44543,0,439,2941                    
2026-10-06T20:32:52.955	TEL,1571,S4,871514727,2001,44543,0,439,2941                    
2026-10-06T20:32:52.955	TEL,1572,S4,871524727,2001,44543,0,439,2941                    
2026-10-06T20:32:52.955	TEL,1573,S4,871534727,2001,44543,0,439,2941                    
2026-10-06T20:32:52.955	TEL,1574,S4,871544727,2001,44543,0,439,2941                    
2026-10-06T20:32:52.955	TEL,1575,S4,871554727,2001,44543,0,433,2933                    
2026-10-06T20:32:52.955	TEL,1576,S4,871564727,2001,44543,0,433,2933                    
2026-10-06T20:32:52.955	TEL,1577,S4,871574727,2001,44543,0,436,2937                    
2026-10-06T20:32:52.955	TEL,1578,S4,871584727,2001,44543,0,430,2937                    
2026-10-06T20:32:52.955	TEL,1579,S4,871594727,2001,44543,0,425,2932                    
2026-10-06T20:32:52.955	TEL,1580,S4,871604727,2001,44543,0,430,2932                    
2026-10-06T20:32:52.955	TEL,1581,S4,871614727,2001,44543,0,433,2933                    
2026-10-06T20:32:52.955	TEL,1582,S4,871624727,2001,44543,0,433,2933                    
2026-10-06T20:32:52.955	TEL,1583,S4,871634727,2001,44543,0,425,2927                    
2026-10-06T20:32:52.955	TEL,1584,S4,871644727,2001,44543,0,425,2927                    
2026-10-06T20:32:52.955	TEL,1585,S4,871654727,2001,44543,0,433,2933                    
2026-10-06T20:32:52.955	TEL,1586,S4,871664727,2001,44543,0,433,2933                    
2026-10-06T20:32:52.955	TEL,1587,S4,871674727,2001,44543,0,433,2933                    
2026-10-06T20:32:52.955	TEL,1588,S4,871684727,2001,44543,0,433,2933                    
2026-10-06T20:32:52.955	TEL,1589,S4,871694727,2001,44543,0,430,2930                    
2026-10-06T20:32:52.955	TEL,1590,S4,871704727,2001,44543,0,430,2930                    
2026-10-06T20:32:52.955	TEL,1591,S4,871714727,2001,44543,0,430,2930                    
2026-10-06T20:32:52.955	TEL,1592,S4,871724727,2001,44543,0,433,2930                    
2026-10-06T20:32:52.955	BTN,16,S4,PRESSED,871727947,871727954                          
2026-10-06T20:32:52.955	TEL,1593,S4,871734728,2003,44543,0,436,2933                    
2026-10-06T20:32:52.955	TEL,1594,S4,871744727,2001,44543,0,433,2933                    
2026-10-06T20:32:52.955	TEL,1595,S4,871754727,2001,44543,0,430,2930                    
2026-10-06T20:32:53.574	TEL,1596,S4,871764727,2001,44543,0,425,2930                    
2026-10-06T20:32:53.574	TEL,1597,S4,871774727,2001,44543,0,425,2930                    
2026-10-06T20:32:53.574	TEL,1598,S4,871784727,2001,44543,0,425,2930                    
2026-10-06T20:32:53.574	TEL,1599,S4,871794727,2001,44543,0,428,2933                    
2026-10-06T20:32:53.574	TEL,1600,S4,871804727,2001,44543,0,433,2933                    
2026-10-06T20:32:53.574	TEL,1601,S4,871814727,2001,44543,0,436,2937                    
2026-10-06T20:32:53.574	TEL,1602,S4,871824727,2001,44543,0,445,2937                    
2026-10-06T20:32:53.574	TEL,1603,S4,871834727,2001,44543,0,451,2942                    
2026-10-06T20:32:53.574	TEL,1604,S4,871844727,2001,44543,0,439,2942                    
2026-10-06T20:32:53.574	TEL,1605,S4,871854727,2001,44543,0,422,2927                    
2026-10-06T20:32:53.574	TEL,1606,S4,871864727,2001,44543,0,428,2927                    
2026-10-06T20:32:53.574	TEL,1607,S4,871874727,2001,44543,0,433,2933                    
2026-10-06T20:32:53.574	TEL,1608,S4,871884727,2001,44543,0,442,2933                    
2026-10-06T20:32:53.574	TEL,1609,S4,871894727,2001,44543,0,436,2927                    
2026-10-06T20:32:53.574	TEL,1610,S4,871904727,2001,44543,0,428,2927                    
2026-10-06T20:32:53.574	TEL,1611,S4,871914727,2001,44543,0,439,2937                    
2026-10-06T20:32:53.574	TEL,1612,S4,871924727,2001,44543,0,439,2937                    
2026-10-06T20:32:53.574	TEL,1613,S4,871934727,2001,44543,0,442,2942                    
2026-10-06T20:32:53.574	TEL,1614,S4,871944727,2001,44543,0,442,2942                    
2026-10-06T20:32:53.574	TEL,1615,S4,871954727,2001,44543,0,428,2930                    
2026-10-06T20:32:53.574	TEL,1616,S4,871964727,2001,44543,0,425,2930                    
2026-10-06T20:32:53.574	TEL,1617,S4,871974727,2001,44543,0,428,2933                    
2026-10-06T20:32:53.574	TEL,1618,S4,871984727,2001,44543,0,433,2933                    
2026-10-06T20:32:53.574	TEL,1619,S4,871994727,2001,44543,0,436,2937                    
2026-10-06T20:32:53.574	TEL,1620,S4,872004727,2001,44543,0,436,2937                    
2026-10-06T20:32:53.574	TEL,1621,S4,872014727,2001,44543,0,439,2941                    
2026-10-06T20:32:53.574	TEL,1622,S4,872024727,2001,44543,0,439,2941                    
2026-10-06T20:32:53.574	TEL,1623,S4,872034727,2001,44543,0,433,2933                    
2026-10-06T20:32:53.574	TEL,1624,S4,872044727,2001,44543,0,433,2933                    
2026-10-06T20:32:53.574	TEL,1625,S4,872054727,2001,44543,0,433,2933                    
2026-10-06T20:32:53.574	TEL,1626,S4,872064727,2001,44543,0,433,2933                    
2026-10-06T20:32:53.574	TEL,1627,S4,872074727,2001,44543,0,436,2937                    
2026-10-06T20:32:53.574	TEL,1628,S4,872084727,2001,44543,0,439,2937                    
2026-10-06T20:32:53.574	TEL,1629,S4,872094727,2001,44543,0,442,2941                    
2026-10-06T20:32:53.574	TEL,1630,S4,872104727,2001,44543,0,433,2941                    
2026-10-06T20:32:53.574	TEL,1631,S4,872114727,2001,44543,0,428,2933                    
2026-10-06T20:32:53.574	TEL,1632,S4,872124727,2001,44543,0,433,2933                    
2026-10-06T20:32:53.574	TEL,1633,S4,872134727,2001,44543,0,439,2941                    
2026-10-06T20:32:53.574	TEL,1634,S4,872144727,2001,44543,0,439,2941                    
2026-10-06T20:32:53.574	TEL,1635,S4,872154727,2001,44543,0,436,2937                    
2026-10-06T20:32:53.574	TEL,1636,S4,872164727,2001,44543,0,436,2937                    
2026-10-06T20:32:53.574	TEL,1637,S4,872174727,2001,44543,0,436,2937                    
2026-10-06T20:32:53.574	TEL,1638,S4,872184727,2001,44543,0,436,2937                    
2026-10-06T20:32:53.574	TEL,1639,S4,872194727,2001,44543,0,436,2937                    
2026-10-06T20:32:53.574	TEL,1640,S4,872204727,2001,44543,0,436,2937                    
2026-10-06T20:32:53.574	TEL,1641,S4,872214727,2001,44543,0,433,2933                    
2026-10-06T20:32:53.574	TEL,1642,S4,872224727,2001,44543,0,433,2933                    
2026-10-06T20:32:53.574	TEL,1643,S4,872234727,2001,44543,0,433,2933                    
2026-10-06T20:32:53.574	TEL,1644,S4,872244727,2001,44543,0,433,2933                    
2026-10-06T20:32:53.574	TEL,1645,S4,872254727,2001,44543,0,433,2933                    
2026-10-06T20:32:53.574	TEL,1646,S4,872264727,2001,44543,0,425,2933                    
2026-10-06T20:32:53.574	TEL,1647,S4,872274727,2001,44543,0,428,2937                    
2026-10-06T20:32:53.574	TEL,1648,S4,872284727,2001,44543,0,439,2937                    
2026-10-06T20:32:53.574	TEL,1649,S4,872294727,2001,44543,0,430,2930                    
2026-10-06T20:32:53.574	TEL,1650,S4,872304727,2001,44543,0,433,2930                    
2026-10-06T20:32:53.574	TEL,1651,S4,872314727,2001,44543,0,442,2937                    
2026-10-06T20:32:53.574	TEL,1652,S4,872324727,2001,44543,0,436,2937                    
2026-10-06T20:32:53.574	TEL,1653,S4,872334727,2001,44543,0,436,2937                    
2026-10-06T20:32:53.574	TEL,1654,S4,872344727,2001,44543,0,433,2937                    
2026-10-06T20:32:53.574	TEL,1655,S4,872354727,2001,44543,0,428,2930                    
2026-10-06T20:32:53.574	TEL,1656,S4,872364727,2001,44543,0,428,2930                    
2026-10-06T20:32:53.574	TEL,1657,S4,872374727,2001,44543,0,428,2930                    
2026-10-06T20:32:54.182	TEL,1658,S4,872384727,2001,44543,0,430,2930                    
2026-10-06T20:32:54.182	TEL,1659,S4,872394727,2001,44543,0,442,2941                    
2026-10-06T20:32:54.182	TEL,1660,S4,872404727,2001,44543,0,442,2941                    
2026-10-06T20:32:54.182	TEL,1661,S4,872414727,2001,44543,0,433,2933                    
2026-10-06T20:32:54.182	TEL,1662,S4,872424727,2001,44543,0,433,2933                    
2026-10-06T20:32:54.182	TEL,1663,S4,872434727,2001,44543,0,433,2933                    
2026-10-06T20:32:54.182	TEL,1664,S4,872444727,2001,44543,0,433,2933                    
2026-10-06T20:32:54.182	TEL,1665,S4,872454727,2001,44543,0,436,2937                    
2026-10-06T20:32:54.182	TEL,1666,S4,872464727,2001,44543,0,436,2937                    
2026-10-06T20:32:54.182	TEL,1667,S4,872474727,2001,44543,0,433,2933                    
2026-10-06T20:32:54.182	TEL,1668,S4,872484727,2001,44543,0,433,2933                    
2026-10-06T20:32:54.182	TEL,1669,S4,872494727,2001,44543,0,430,2930                    
2026-10-06T20:32:54.182	TEL,1670,S4,872504727,2001,44543,0,428,2930                    
2026-10-06T20:32:54.182	TEL,1671,S4,872514727,2001,44543,0,436,2937                    
2026-10-06T20:32:54.182	TEL,1672,S4,872524727,2001,44543,0,439,2937                    
2026-10-06T20:32:54.182	TEL,1673,S4,872534727,2001,44543,0,439,2937                    
2026-10-06T20:32:54.182	TEL,1674,S4,872544727,2001,44543,0,428,2937                    
2026-10-06T20:32:54.182	TEL,1675,S4,872554727,2001,44543,0,430,2939                    
2026-10-06T20:32:54.182	TEL,1676,S4,872564727,2001,44543,0,433,2939                    
2026-10-06T20:32:54.182	TEL,1677,S4,872574727,2001,44543,0,430,2937                    
2026-10-06T20:32:54.182	TEL,1678,S4,872584727,2001,44543,0,430,2937                    
2026-10-06T20:32:54.182	TEL,1679,S4,872594727,2001,44543,0,430,2937                    
2026-10-06T20:32:54.182	TEL,1680,S4,872604727,2001,44543,0,436,2937                    
2026-10-06T20:32:54.182	BTN,17,S4,PRESSED,872612953,872612960                          
2026-10-06T20:32:54.182	TEL,1681,S4,872614768,2043,44543,0,428,2930                    
2026-10-06T20:32:54.182	TEL,1682,S4,872624742,2017,44543,0,430,2930                    
2026-10-06T20:32:54.182	TEL,1683,S4,872634727,2001,44543,0,439,2937                    
2026-10-06T20:32:54.182	TEL,1684,S4,872644727,2001,44543,0,433,2937                    
2026-10-06T20:32:54.182	TEL,1685,S4,872654727,2001,44543,0,433,2937                    
2026-10-06T20:32:54.182	TEL,1686,S4,872664727,2001,44543,0,445,2937                    
2026-10-06T20:32:54.182	TEL,1687,S4,872674727,2001,44543,0,445,2937                    
2026-10-06T20:32:54.182	TEL,1688,S4,872684727,2001,44543,0,430,2937                    
2026-10-06T20:32:54.182	TEL,1689,S4,872694727,2001,44543,0,433,2941                    
2026-10-06T20:32:54.182	TEL,1690,S4,872704727,2001,44543,0,439,2941                    
2026-10-06T20:32:54.182	TEL,1691,S4,872714727,2001,44543,0,428,2930                    
2026-10-06T20:32:54.182	TEL,1692,S4,872724727,2001,44543,0,430,2930                    
2026-10-06T20:32:54.182	TEL,1693,S4,872734727,2001,44543,0,439,2937                    
2026-10-06T20:32:54.182	TEL,1694,S4,872744727,2001,44543,0,445,2937                    
2026-10-06T20:32:54.182	TEL,1695,S4,872754727,2001,44543,0,445,2937                    
2026-10-06T20:32:54.182	TEL,1696,S4,872764727,2001,44543,0,436,2937                    
2026-10-06T20:32:54.182	TEL,1697,S4,872774727,2001,44543,0,436,2939                    
2026-10-06T20:32:54.182	TEL,1698,S4,872784727,2001,44543,0,442,2939                    
2026-10-06T20:32:54.182	TEL,1699,S4,872794727,2001,44543,0,442,2939                    
2026-10-06T20:32:54.182	TEL,1700,S4,872804727,2001,44543,0,436,2939                    
2026-10-06T20:32:54.182	TEL,1701,S4,872814727,2001,44543,0,436,2937                    
2026-10-06T20:32:54.182	TEL,1702,S4,872824727,2001,44543,0,436,2937                    
2026-10-06T20:32:54.182	TEL,1703,S4,872834727,2001,44543,0,436,2937                    
2026-10-06T20:32:54.182	TEL,1704,S4,872844727,2001,44543,0,436,2937                    
2026-10-06T20:32:54.182	TEL,1705,S4,872854727,2001,44543,0,433,2933                    
2026-10-06T20:32:54.182	TEL,1706,S4,872864727,2001,44543,0,433,2933                    
2026-10-06T20:32:54.182	TEL,1707,S4,872874727,2001,44543,0,430,2928                    
2026-10-06T20:32:54.182	TEL,1708,S4,872884727,2001,44543,0,425,2928                    
2026-10-06T20:32:54.182	TEL,1709,S4,872894727,2001,44543,0,433,2939                    
2026-10-06T20:32:54.182	TEL,1710,S4,872904727,2001,44543,0,448,2939                    
2026-10-06T20:32:54.182	TEL,1711,S4,872914727,2001,44543,0,442,2933                    
2026-10-06T20:32:54.182	TEL,1712,S4,872924727,2001,44543,0,442,2933                    
2026-10-06T20:32:54.182	TEL,1713,S4,872934727,2001,44543,0,436,2927                    
2026-10-06T20:32:54.182	TEL,1714,S4,872944727,2001,44543,0,425,2927                    
2026-10-06T20:32:54.182	TEL,1715,S4,872954727,2001,44543,0,433,2933                    
2026-10-06T20:32:54.182	TEL,1716,S4,872964727,2001,44543,0,430,2933                    
2026-10-06T20:32:54.182	TEL,1717,S4,872974727,2001,44543,0,430,2933                    
2026-10-06T20:32:54.182	TEL,1718,S4,872984727,2001,44543,0,433,2933                    
2026-10-06T20:32:54.794	TEL,1719,S4,872994727,2001,44543,0,433,2933                    
2026-10-06T20:32:54.794	TEL,1720,S4,873004727,2001,44543,0,433,2933                    
2026-10-06T20:32:54.794	TEL,1721,S4,873014727,2001,44543,0,428,2930                    
2026-10-06T20:32:54.794	TEL,1722,S4,873024727,2001,44543,0,428,2930                    
2026-10-06T20:32:54.794	TEL,1723,S4,873034727,2001,44543,0,439,2941                    
2026-10-06T20:32:54.794	TEL,1724,S4,873044727,2001,44543,0,442,2941                    
2026-10-06T20:32:54.794	TEL,1725,S4,873054727,2001,44543,0,433,2933                    
2026-10-06T20:32:54.794	TEL,1726,S4,873064727,2001,44543,0,442,2933                    
2026-10-06T20:32:54.794	TEL,1727,S4,873074727,2001,44543,0,445,2935                    
2026-10-06T20:32:54.794	TEL,1728,S4,873084727,2001,44543,0,433,2935                    
2026-10-06T20:32:54.794	TEL,1729,S4,873094727,2001,44543,0,433,2933                    
2026-10-06T20:32:54.794	TEL,1730,S4,873104727,2001,44543,0,433,2933                    
2026-10-06T20:32:54.794	TEL,1731,S4,873114727,2001,44543,0,439,2937                    
2026-10-06T20:32:54.794	TEL,1732,S4,873124727,2001,44543,0,436,2937                    
2026-10-06T20:32:54.794	TEL,1733,S4,873134727,2001,44543,0,436,2937                    
2026-10-06T20:32:54.794	TEL,1734,S4,873144727,2001,44543,0,430,2937                    
2026-10-06T20:32:54.794	TEL,1735,S4,873154727,2001,44543,0,428,2933                    
2026-10-06T20:32:54.794	TEL,1736,S4,873164727,2001,44543,0,433,2933                    
2026-10-06T20:32:54.794	TEL,1737,S4,873174727,2001,44543,0,428,2930                    
2026-10-06T20:32:54.794	TEL,1738,S4,873184727,2001,44543,0,428,2930                    
2026-10-06T20:32:54.794	TEL,1739,S4,873194727,2001,44543,0,436,2937                    
2026-10-06T20:32:54.794	TEL,1740,S4,873204727,2001,44543,0,445,2937                    
2026-10-06T20:32:54.794	TEL,1741,S4,873214727,2001,44543,0,445,2935                    
2026-10-06T20:32:54.794	TEL,1742,S4,873224727,2001,44543,0,433,2935                    
2026-10-06T20:32:54.794	TEL,1743,S4,873234727,2001,44543,0,433,2933                    
2026-10-06T20:32:54.794	TEL,1744,S4,873244727,2001,44543,0,433,2933                    
2026-10-06T20:32:54.794	TEL,1745,S4,873254727,2001,44543,0,433,2933                    
2026-10-06T20:32:54.794	TEL,1746,S4,873264727,2001,44543,0,436,2933                    
2026-10-06T20:32:54.794	TEL,1747,S4,873274727,2001,44543,0,442,2937                    
2026-10-06T20:32:54.794	TEL,1748,S4,873284727,2001,44543,0,430,2937                    
2026-10-06T20:32:54.794	BTN,18,S4,PRESSED,873286958,873286965                          
2026-10-06T20:32:54.794	TEL,1749,S4,873294728,2003,44543,0,433,2941                    
2026-10-06T20:32:54.794	TEL,1750,S4,873304727,2001,44543,0,439,2941                    
2026-10-06T20:32:54.794	TEL,1751,S4,873314727,2001,44543,0,428,2930                    
2026-10-06T20:32:54.794	TEL,1752,S4,873324727,2001,44543,0,422,2930                    
2026-10-06T20:32:54.794	TEL,1753,S4,873334727,2001,44543,0,430,2941                    
2026-10-06T20:32:54.794	TEL,1754,S4,873344727,2001,44543,0,439,2941                    
2026-10-06T20:32:54.794	TEL,1755,S4,873354727,2001,44543,0,428,2928                    
2026-10-06T20:32:54.794	TEL,1756,S4,873364727,2001,44543,0,419,2928                    
2026-10-06T20:32:54.794	TEL,1757,S4,873374727,2001,44543,0,430,2941                    
2026-10-06T20:32:54.794	TEL,1758,S4,873384727,2001,44543,0,439,2941                    
2026-10-06T20:32:54.794	TEL,1759,S4,873394727,2001,44543,0,433,2933                    
2026-10-06T20:32:54.794	TEL,1760,S4,873404727,2001,44543,0,433,2933                    
2026-10-06T20:32:54.794	TEL,1761,S4,873414727,2001,44543,0,439,2937                    
2026-10-06T20:32:54.794	TEL,1762,S4,873424727,2001,44543,0,439,2937                    
2026-10-06T20:32:54.794	TEL,1763,S4,873434727,2001,44543,0,433,2933                    
2026-10-06T20:32:54.794	TEL,1764,S4,873444727,2001,44543,0,433,2933                    
2026-10-06T20:32:54.794	TEL,1765,S4,873454727,2001,44543,0,428,2927                    
2026-10-06T20:32:54.794	TEL,1766,S4,873464727,2001,44543,0,425,2927                    
2026-10-06T20:32:54.794	TEL,1767,S4,873474727,2001,44543,0,433,2933                    
2026-10-06T20:32:54.794	TEL,1768,S4,873484727,2001,44543,0,433,2933                    
2026-10-06T20:32:54.794	TEL,1769,S4,873494727,2001,44543,0,436,2937                    
2026-10-06T20:32:54.794	TEL,1770,S4,873504727,2001,44543,0,436,2937                    
2026-10-06T20:32:54.794	TEL,1771,S4,873514727,2001,44543,0,436,2937                    
2026-10-06T20:32:54.794	TEL,1772,S4,873524727,2001,44543,0,436,2937                    
2026-10-06T20:32:54.794	TEL,1773,S4,873534727,2001,44543,0,433,2933                    
2026-10-06T20:32:54.794	TEL,1774,S4,873544727,2001,44543,0,433,2933                    
2026-10-06T20:32:54.794	TEL,1775,S4,873554727,2001,44543,0,433,2933                    
2026-10-06T20:32:54.794	TEL,1776,S4,873564727,2001,44543,0,433,2933                    
2026-10-06T20:32:54.794	TEL,1777,S4,873574727,2001,44543,0,436,2937                    
2026-10-06T20:32:54.794	TEL,1778,S4,873584727,2001,44543,0,436,2937                    
2026-10-06T20:32:54.794	TEL,1779,S4,873594727,2001,44543,0,433,2933                    
2026-10-06T20:32:55.405	TEL,1780,S4,873604727,2001,44543,0,436,2933                    
2026-10-06T20:32:55.405	TEL,1781,S4,873614727,2001,44543,0,442,2939                    
2026-10-06T20:32:55.405	TEL,1782,S4,873624727,2001,44543,0,433,2939                    
2026-10-06T20:32:55.405	TEL,1783,S4,873634727,2001,44543,0,430,2937                    
2026-10-06T20:32:55.405	TEL,1784,S4,873644727,2001,44543,0,428,2937                    
2026-10-06T20:32:55.405	TEL,1785,S4,873654727,2001,44543,0,430,2941                    
2026-10-06T20:32:55.405	TEL,1786,S4,873664727,2001,44543,0,442,2941                    
2026-10-06T20:32:55.405	TEL,1787,S4,873674727,2001,44543,0,442,2941                    
2026-10-06T20:32:55.405	TEL,1788,S4,873684727,2001,44543,0,428,2941                    
2026-10-06T20:32:55.405	TEL,1789,S4,873694727,2001,44543,0,428,2941                    
2026-10-06T20:32:55.405	TEL,1790,S4,873704727,2001,44543,0,439,2941                    
2026-10-06T20:32:55.405	TEL,1791,S4,873714727,2001,44543,0,433,2933                    
2026-10-06T20:32:55.405	TEL,1792,S4,873724727,2001,44543,0,433,2933                    
2026-10-06T20:32:55.405	TEL,1793,S4,873734727,2001,44543,0,433,2933                    
2026-10-06T20:32:55.405	TEL,1794,S4,873744727,2001,44543,0,442,2933                    
2026-10-06T20:32:55.405	TEL,1795,S4,873754727,2001,44543,0,448,2941                    
2026-10-06T20:32:55.405	TEL,1796,S4,873764727,2001,44543,0,439,2941                    
2026-10-06T20:32:55.405	TEL,1797,S4,873774727,2001,44543,0,428,2930                    
2026-10-06T20:32:55.405	TEL,1798,S4,873784727,2001,44543,0,428,2930                    
2026-10-06T20:32:55.405	TEL,1799,S4,873794727,2001,44543,0,428,2930                    
2026-10-06T20:32:55.405	TEL,1800,S4,873804727,2001,44543,0,430,2930                    
2026-10-06T20:32:55.405	TEL,1801,S4,873814727,2001,44543,0,442,2941                    
2026-10-06T20:32:55.405	TEL,1802,S4,873824727,2001,44543,0,448,2941                    
2026-10-06T20:32:55.405	TEL,1803,S4,873834727,2001,44543,0,439,2933                    
2026-10-06T20:32:55.405	TEL,1804,S4,873844727,2001,44543,0,433,2933                    
2026-10-06T20:32:55.405	TEL,1805,S4,873854727,2001,44543,0,428,2930                    
2026-10-06T20:32:55.405	TEL,1806,S4,873864727,2001,44543,0,428,2930                    
2026-10-06T20:32:55.405	TEL,1807,S4,873874727,2001,44543,0,436,2937                    
2026-10-06T20:32:55.405	TEL,1808,S4,873884727,2001,44543,0,439,2937                    
2026-10-06T20:32:55.405	TEL,1809,S4,873894727,2001,44543,0,433,2933                    
2026-10-06T20:32:55.405	TEL,1810,S4,873904727,2001,44543,0,422,2933                    
2026-10-06T20:32:55.405	TEL,1811,S4,873914727,2001,44543,0,419,2930                    
2026-10-06T20:32:55.405	TEL,1812,S4,873924727,2001,44543,0,428,2930                    
2026-10-06T20:32:55.405	TEL,1813,S4,873934727,2001,44543,0,436,2937                    
2026-10-06T20:32:55.405	TEL,1814,S4,873944727,2001,44543,0,436,2937                    
2026-10-06T20:32:55.405	TEL,1815,S4,873954727,2001,44543,0,436,2937                    
2026-10-06T20:32:55.405	TEL,1816,S4,873964727,2001,44543,0,436,2937                    
2026-10-06T20:32:55.405	TEL,1817,S4,873974727,2001,44543,0,436,2937                    
2026-10-06T20:32:55.405	TEL,1818,S4,873984727,2001,44543,0,445,2937                    
2026-10-06T20:32:55.405	TEL,1819,S4,873994727,2001,44543,0,445,2937                    
2026-10-06T20:32:55.405	TEL,1820,S4,874004727,2001,44543,0,430,2937                    
2026-10-06T20:32:55.405	TEL,1821,S4,874014727,2001,44543,0,430,2937                    
2026-10-06T20:32:55.405	TEL,1822,S4,874024727,2001,44543,0,436,2937                    
2026-10-06T20:32:55.405	TEL,1823,S4,874034727,2001,44543,0,433,2933                    
2026-10-06T20:32:55.405	TEL,1824,S4,874044727,2001,44543,0,430,2933                    
2026-10-06T20:32:55.405	TEL,1825,S4,874054727,2001,44543,0,430,2933                    
2026-10-06T20:32:55.405	TEL,1826,S4,874064727,2001,44543,0,436,2933                    
2026-10-06T20:32:55.405	TEL,1827,S4,874074727,2001,44543,0,442,2937                    
2026-10-06T20:32:55.405	TEL,1828,S4,874084727,2001,44543,0,439,2937                    
2026-10-06T20:32:55.405	TEL,1829,S4,874094727,2001,44543,0,442,2941                    
2026-10-06T20:32:55.405	TEL,1830,S4,874104727,2001,44543,0,439,2941                    
2026-10-06T20:32:55.405	TEL,1831,S4,874114727,2001,44543,0,439,2941                    
2026-10-06T20:32:55.405	TEL,1832,S4,874124727,2001,44543,0,439,2941                    
2026-10-06T20:32:55.405	TEL,1833,S4,874134727,2001,44543,0,439,2941                    
2026-10-06T20:32:55.405	TEL,1834,S4,874144727,2001,44543,0,439,2941                    
2026-10-06T20:32:55.405	TEL,1835,S4,874154727,2001,44543,0,433,2933                    
2026-10-06T20:32:55.405	TEL,1836,S4,874164727,2001,44543,0,428,2933                    
2026-10-06T20:32:55.405	TEL,1837,S4,874174727,2001,44543,0,433,2941                    
2026-10-06T20:32:55.405	TEL,1838,S4,874184727,2001,44543,0,439,2941                    
2026-10-06T20:32:55.405	BTN,19,S4,PRESSED,874184964,874184971                          
2026-10-06T20:32:55.405	TEL,1839,S4,874194728,2003,44543,0,428,2930                    
2026-10-06T20:32:55.405	TEL,1840,S4,874204727,2001,44543,0,428,2930                    
2026-10-06T20:32:56.022	TEL,1841,S4,874214727,2001,44543,0,439,2941                    
2026-10-06T20:32:56.022	TEL,1842,S4,874224727,2001,44543,0,439,2941                    
2026-10-06T20:32:56.022	TEL,1843,S4,874234727,2001,44543,0,439,2941                    
2026-10-06T20:32:56.022	TEL,1844,S4,874244727,2001,44543,0,430,2941                    
2026-10-06T20:32:56.022	TEL,1845,S4,874254727,2001,44543,0,430,2941                    
2026-10-06T20:32:56.022	TEL,1846,S4,874264727,2001,44543,0,428,2941                    
2026-10-06T20:32:56.022	TEL,1847,S4,874274727,2001,44543,0,422,2933                    
2026-10-06T20:32:56.022	TEL,1848,S4,874284727,2001,44543,0,433,2933                    
2026-10-06T20:32:56.022	TEL,1849,S4,874294727,2001,44543,0,439,2941                    
2026-10-06T20:32:56.022	TEL,1850,S4,874304727,2001,44543,0,439,2941                    
2026-10-06T20:32:56.022	TEL,1851,S4,874314727,2001,44543,0,439,2941                    
2026-10-06T20:32:56.022	TEL,1852,S4,874324727,2001,44543,0,439,2941                    
2026-10-06T20:32:56.022	TEL,1853,S4,874334727,2001,44543,0,428,2930                    
2026-10-06T20:32:56.022	TEL,1854,S4,874344727,2001,44543,0,428,2930                    
2026-10-06T20:32:56.022	TEL,1855,S4,874354727,2001,44543,0,433,2937                    
2026-10-06T20:32:56.022	TEL,1856,S4,874364727,2001,44543,0,436,2937                    
2026-10-06T20:32:56.022	TEL,1857,S4,874374727,2001,44543,0,436,2937                    
2026-10-06T20:32:56.022	TEL,1858,S4,874384727,2001,44543,0,445,2937                    
2026-10-06T20:32:56.022	TEL,1859,S4,874394727,2001,44543,0,442,2933                    
2026-10-06T20:32:56.022	TEL,1860,S4,874404727,2001,44543,0,428,2933                    
2026-10-06T20:32:56.022	TEL,1861,S4,874414727,2001,44543,0,428,2933                    
2026-10-06T20:32:56.022	TEL,1862,S4,874424727,2001,44543,0,442,2933                    
2026-10-06T20:32:56.022	TEL,1863,S4,874434727,2001,44543,0,442,2933                    
2026-10-06T20:32:56.022	TEL,1864,S4,874444727,2001,44543,0,425,2933                    
2026-10-06T20:32:56.022	TEL,1865,S4,874454727,2001,44543,0,433,2942                    
2026-10-06T20:32:56.022	TEL,1866,S4,874464727,2001,44543,0,442,2942                    
2026-10-06T20:32:56.022	TEL,1867,S4,874474727,2001,44543,0,433,2933                    
2026-10-06T20:32:56.022	TEL,1868,S4,874484727,2001,44543,0,436,2933                    
2026-10-06T20:32:56.022	TEL,1869,S4,874494727,2001,44543,0,442,2937                    
2026-10-06T20:32:56.022	TEL,1870,S4,874504727,2001,44543,0,442,2937                    
2026-10-06T20:32:56.022	TEL,1871,S4,874514727,2001,44543,0,442,2937                    
2026-10-06T20:32:56.022	TEL,1872,S4,874524727,2001,44543,0,436,2937                    
2026-10-06T20:32:56.022	TEL,1873,S4,874534727,2001,44543,0,436,2937                    
2026-10-06T20:32:56.022	TEL,1874,S4,874544727,2001,44543,0,433,2937                    
2026-10-06T20:32:56.022	TEL,1875,S4,874554727,2001,44543,0,428,2930                    
2026-10-06T20:32:56.022	TEL,1876,S4,874564727,2001,44543,0,428,2930                    
2026-10-06T20:32:56.022	TEL,1877,S4,874574727,2001,44543,0,436,2937                    
2026-10-06T20:32:56.022	TEL,1878,S4,874584727,2001,44543,0,439,2937                    
2026-10-06T20:32:56.022	TEL,1879,S4,874594727,2001,44543,0,430,2930                    
2026-10-06T20:32:56.022	TEL,1880,S4,874604727,2001,44543,0,425,2930                    
2026-10-06T20:32:56.022	TEL,1881,S4,874614727,2001,44543,0,433,2941                    
2026-10-06T20:32:56.022	TEL,1882,S4,874624727,2001,44543,0,439,2941                    
2026-10-06T20:32:56.022	TEL,1883,S4,874634727,2001,44543,0,433,2933                    
2026-10-06T20:32:56.022	TEL,1884,S4,874644727,2001,44543,0,433,2933                    
2026-10-06T20:32:56.022	TEL,1885,S4,874654727,2001,44543,0,439,2937                    
2026-10-06T20:32:56.022	TEL,1886,S4,874664727,2001,44543,0,436,2937                    
2026-10-06T20:32:56.022	TEL,1887,S4,874674727,2001,44543,0,436,2937                    
2026-10-06T20:32:56.022	TEL,1888,S4,874684727,2001,44543,0,439,2937                    
2026-10-06T20:32:56.022	TEL,1889,S4,874694727,2001,44543,0,433,2933                    
2026-10-06T20:32:56.022	TEL,1890,S4,874704727,2001,44543,0,433,2933                    
2026-10-06T20:32:56.022	TEL,1891,S4,874714727,2001,44543,0,428,2930                    
2026-10-06T20:32:56.022	TEL,1892,S4,874724727,2001,44543,0,428,2930                    
2026-10-06T20:32:56.022	TEL,1893,S4,874734727,2001,44543,0,433,2937                    
2026-10-06T20:32:56.022	TEL,1894,S4,874744727,2001,44543,0,430,2937                    
2026-10-06T20:32:56.022	TEL,1895,S4,874754727,2001,44543,0,428,2933                    
2026-10-06T20:32:56.022	TEL,1896,S4,874764727,2001,44543,0,433,2933                    
2026-10-06T20:32:56.022	TEL,1897,S4,874774727,2001,44543,0,433,2933                    
2026-10-06T20:32:56.022	TEL,1898,S4,874784727,2001,44543,0,433,2933                    
2026-10-06T20:32:56.022	TEL,1899,S4,874794727,2001,44543,0,436,2937                    
2026-10-06T20:32:56.022	TEL,1900,S4,874804727,2001,44543,0,439,2937                    
2026-10-06T20:32:56.022	TEL,1901,S4,874814727,2001,44543,0,433,2933                    
2026-10-06T20:32:56.022	TEL,1902,S4,874824727,2001,44543,0,433,2933                    
2026-10-06T20:32:56.634	TEL,1903,S4,874834727,2001,44543,0,439,2941                    
2026-10-06T20:32:56.634	TEL,1904,S4,874844727,2001,44543,0,439,2941                    
2026-10-06T20:32:56.634	TEL,1905,S4,874854727,2001,44543,0,433,2933                    
2026-10-06T20:32:56.634	TEL,1906,S4,874864727,2001,44543,0,433,2933                    
2026-10-06T20:32:56.634	TEL,1907,S4,874874727,2001,44543,0,439,2941                    
2026-10-06T20:32:56.634	TEL,1908,S4,874884727,2001,44543,0,433,2941                    
2026-10-06T20:32:56.634	TEL,1909,S4,874894727,2001,44543,0,425,2930                    
2026-10-06T20:32:56.634	TEL,1910,S4,874904727,2001,44543,0,428,2930                    
2026-10-06T20:32:56.634	TEL,1911,S4,874914727,2001,44543,0,433,2933                    
2026-10-06T20:32:56.634	TEL,1912,S4,874924727,2001,44543,0,433,2933                    
2026-10-06T20:32:56.634	TEL,1913,S4,874934727,2001,44543,0,436,2939                    
2026-10-06T20:32:56.634	TEL,1914,S4,874944727,2001,44543,0,433,2939                    
2026-10-06T20:32:56.634	TEL,1915,S4,874954727,2001,44543,0,428,2930                    
2026-10-06T20:32:56.634	BTN,20,S4,PRESSED,874956969,874956976                          
2026-10-06T20:32:56.634	TEL,1916,S4,874964728,2003,44543,0,428,2930                    
2026-10-06T20:32:56.634	TEL,1917,S4,874974727,2001,44543,0,433,2935                    
2026-10-06T20:32:56.634	TEL,1918,S4,874984727,2001,44543,0,433,2935                    
2026-10-06T20:32:56.634	TEL,1919,S4,874994727,2001,44543,0,428,2930                    
2026-10-06T20:32:56.634	TEL,1920,S4,875004727,2001,44543,0,428,2930                    
2026-10-06T20:32:56.634	TEL,1921,S4,875014727,2001,44543,0,433,2933                    
2026-10-06T20:32:56.634	TEL,1922,S4,875024727,2001,44543,0,433,2933                    
2026-10-06T20:32:56.634	TEL,1923,S4,875034727,2001,44543,0,433,2933                    
2026-10-06T20:32:56.634	TEL,1924,S4,875044727,2001,44543,0,433,2933                    
2026-10-06T20:32:56.634	TEL,1925,S4,875054727,2001,44543,0,436,2937                    
2026-10-06T20:32:56.634	TEL,1926,S4,875064727,2001,44543,0,428,2937                    
2026-10-06T20:32:56.634	TEL,1927,S4,875074727,2001,44543,0,430,2941                    
2026-10-06T20:32:56.634	TEL,1928,S4,875084727,2001,44543,0,439,2941                    
2026-10-06T20:32:56.634	TEL,1929,S4,875094727,2001,44543,0,433,2933                    
2026-10-06T20:32:56.634	TEL,1930,S4,875104727,2001,44543,0,433,2933                    
2026-10-06T20:32:56.634	TEL,1931,S4,875114727,2001,44543,0,433,2933                    
2026-10-06T20:32:56.634	TEL,1932,S4,875124727,2001,44543,0,433,2933                    
2026-10-06T20:32:56.634	TEL,1933,S4,875134727,2001,44543,0,436,2937                    
2026-10-06T20:32:56.634	TEL,1934,S4,875144727,2001,44543,0,436,2937                    
2026-10-06T20:32:56.634	TEL,1935,S4,875154727,2001,44543,0,428,2930                    
2026-10-06T20:32:56.634	TEL,1936,S4,875164727,2001,44543,0,428,2930                    
2026-10-06T20:32:56.634	TEL,1937,S4,875174727,2001,44543,0,433,2933                    
2026-10-06T20:32:56.634	TEL,1938,S4,875184727,2001,44543,0,433,2933                    
2026-10-06T20:32:56.634	TEL,1939,S4,875194727,2001,44543,0,436,2937                    
2026-10-06T20:32:56.634	TEL,1940,S4,875204727,2001,44543,0,425,2937                    
2026-10-06T20:32:56.634	TEL,1941,S4,875214727,2001,44543,0,419,2932                    
2026-10-06T20:32:56.634	TEL,1942,S4,875224727,2001,44543,0,430,2932                    
2026-10-06T20:32:56.634	TEL,1943,S4,875234727,2001,44543,0,433,2933                    
2026-10-06T20:32:56.634	TEL,1944,S4,875244727,2001,44543,0,433,2933                    
2026-10-06T20:32:56.634	TEL,1945,S4,875254727,2001,44543,0,433,2933                    
2026-10-06T20:32:56.634	TEL,1946,S4,875264727,2001,44543,0,428,2933                    
2026-10-06T20:32:56.634	TEL,1947,S4,875274727,2001,44543,0,428,2933                    
2026-10-06T20:32:56.634	TEL,1948,S4,875284727,2001,44543,0,433,2933                    
2026-10-06T20:32:56.634	TEL,1949,S4,875294727,2001,44543,0,442,2942                    
2026-10-06T20:32:56.634	TEL,1950,S4,875304727,2001,44543,0,442,2942                    
2026-10-06T20:32:56.634	TEL,1951,S4,875314727,2001,44543,0,436,2937                    
2026-10-06T20:32:56.634	TEL,1952,S4,875324727,2001,44543,0,442,2937                    
2026-10-06T20:32:56.634	TEL,1953,S4,875334727,2001,44543,0,442,2937                    
2026-10-06T20:32:56.634	TEL,1954,S4,875344727,2001,44543,0,436,2937                    
2026-10-06T20:32:56.634	TEL,1955,S4,875354727,2001,44543,0,436,2937                    
2026-10-06T20:32:56.634	TEL,1956,S4,875364727,2001,44543,0,436,2937                    
2026-10-06T20:32:56.634	TEL,1957,S4,875374727,2001,44543,0,433,2933                    
2026-10-06T20:32:56.634	TEL,1958,S4,875384727,2001,44543,0,433,2933                    
2026-10-06T20:32:56.634	TEL,1959,S4,875394727,2001,44543,0,430,2930                    
2026-10-06T20:32:56.634	TEL,1960,S4,875404727,2001,44543,0,428,2930                    
2026-10-06T20:32:56.634	TEL,1961,S4,875414727,2001,44543,0,436,2937                    
2026-10-06T20:32:56.634	TEL,1962,S4,875424727,2001,44543,0,436,2937                    
2026-10-06T20:32:56.634	TEL,1963,S4,875434727,2001,44543,0,428,2930                    
2026-10-06T20:32:57.245	TEL,1964,S4,875444727,2001,44543,0,428,2930                    
2026-10-06T20:32:57.245	TEL,1965,S4,875454727,2001,44543,0,428,2930                    
2026-10-06T20:32:57.245	TEL,1966,S4,875464727,2001,44543,0,430,2930                    
2026-10-06T20:32:57.245	TEL,1967,S4,875474727,2001,44543,0,433,2933                    
2026-10-06T20:32:57.245	TEL,1968,S4,875484727,2001,44543,0,433,2933                    
2026-10-06T20:32:57.245	TEL,1969,S4,875494727,2001,44543,0,433,2933                    
2026-10-06T20:32:57.245	BTN,21,S4,PRESSED,875500975,875500982                          
2026-10-06T20:32:57.245	TEL,1970,S4,875504728,2003,44543,0,433,2933                    
2026-10-06T20:32:57.245	TEL,1971,S4,875514727,2002,44543,0,433,2935                    
2026-10-06T20:32:57.245	TEL,1972,S4,875524727,2001,44543,0,433,2935                    
2026-10-06T20:32:57.245	TEL,1973,S4,875534727,2001,44543,0,428,2930                    
2026-10-06T20:32:57.245	TEL,1974,S4,875544727,2001,44543,0,428,2930                    
2026-10-06T20:32:57.245	TEL,1975,S4,875554727,2001,44543,0,439,2941                    
2026-10-06T20:32:57.245	TEL,1976,S4,875564727,2001,44543,0,439,2941                    
2026-10-06T20:32:57.245	TEL,1977,S4,875574727,2001,44543,0,428,2930                    
2026-10-06T20:32:57.245	TEL,1978,S4,875584727,2001,44543,0,430,2930                    
2026-10-06T20:32:57.245	TEL,1979,S4,875594727,2001,44543,0,433,2933                    
2026-10-06T20:32:57.245	TEL,1980,S4,875604727,2001,44543,0,433,2933                    
2026-10-06T20:32:57.245	TEL,1981,S4,875614727,2001,44543,0,439,2937                    
2026-10-06T20:32:57.245	TEL,1982,S4,875624727,2001,44543,0,436,2937                    
2026-10-06T20:32:57.245	TEL,1983,S4,875634727,2001,44543,0,433,2933                    
2026-10-06T20:32:57.245	TEL,1984,S4,875644727,2001,44543,0,433,2933                    
2026-10-06T20:32:57.245	TEL,1985,S4,875654727,2001,44543,0,433,2933                    
2026-10-06T20:32:57.245	TEL,1986,S4,875664727,2001,44543,0,433,2933                    
2026-10-06T20:32:57.245	TEL,1987,S4,875674727,2001,44543,0,433,2933                    
2026-10-06T20:32:57.245	TEL,1988,S4,875684727,2001,44543,0,433,2933                    
2026-10-06T20:32:57.245	TEL,1989,S4,875694727,2001,44543,0,439,2937                    
2026-10-06T20:32:57.245	TEL,1990,S4,875704727,2001,44543,0,436,2937                    
2026-10-06T20:32:57.245	TEL,1991,S4,875714727,2001,44543,0,436,2937                    
2026-10-06T20:32:57.245	TEL,1992,S4,875724727,2001,44543,0,436,2937                    
2026-10-06T20:32:57.245	TEL,1993,S4,875734727,2001,44543,0,433,2933                    
2026-10-06T20:32:57.245	TEL,1994,S4,875744727,2001,44543,0,436,2933                    
2026-10-06T20:32:57.245	TEL,1995,S4,875754727,2001,44543,0,436,2933                    
2026-10-06T20:32:57.245	TEL,1996,S4,875764727,2001,44543,0,433,2933                    
2026-10-06T20:32:57.245	TEL,1997,S4,875774727,2001,44543,0,436,2937                    
2026-10-06T20:32:57.245	TEL,1998,S4,875784727,2001,44543,0,436,2937                    
2026-10-06T20:32:57.245	TEL,1999,S4,875794727,2001,44543,0,436,2937                    
2026-10-06T20:32:57.245	TEL,2000,S4,875804727,2001,44543,0,442,2937                    
2026-10-06T20:32:57.245	TEL,2001,S4,875814727,2001,44543,0,439,2933                    
2026-10-06T20:32:57.245	TEL,2002,S4,875824727,2001,44543,0,442,2933                    
2026-10-06T20:32:57.245	TEL,2003,S4,875834727,2001,44543,0,445,2937                    
2026-10-06T20:32:57.245	TEL,2004,S4,875844727,2001,44543,0,436,2937                    
2026-10-06T20:32:57.245	TEL,2005,S4,875854727,2001,44543,0,439,2941                    
2026-10-06T20:32:57.245	TEL,2006,S4,875864727,2001,44543,0,439,2941                    
2026-10-06T20:32:57.245	TEL,2007,S4,875874727,2001,44543,0,436,2937                    
2026-10-06T20:32:57.245	TEL,2008,S4,875884727,2001,44543,0,436,2937                    
2026-10-06T20:32:57.245	TEL,2009,S4,875894727,2001,44543,0,436,2937                    
2026-10-06T20:32:57.245	TEL,2010,S4,875904727,2001,44543,0,436,2937                    
2026-10-06T20:32:57.245	TEL,2011,S4,875914727,2001,44543,0,436,2937                    
2026-10-06T20:32:57.245	TEL,2012,S4,875924727,2001,44543,0,436,2937                    
2026-10-06T20:32:57.245	TEL,2013,S4,875934727,2001,44543,0,436,2937                    
2026-10-06T20:32:57.245	TEL,2014,S4,875944727,2001,44543,0,439,2937                    
2026-10-06T20:32:57.245	TEL,2015,S4,875954727,2001,44543,0,433,2932                    
2026-10-06T20:32:57.245	TEL,2016,S4,875964727,2001,44543,0,442,2932                    
2026-10-06T20:32:57.245	TEL,2017,S4,875974727,2001,44543,0,439,2930                    
2026-10-06T20:32:57.245	TEL,2018,S4,875984727,2001,44543,0,430,2930                    
2026-10-06T20:32:57.245	TEL,2019,S4,875994727,2001,44543,0,430,2930                    
2026-10-06T20:32:57.245	TEL,2020,S4,876004727,2001,44543,0,428,2930                    
2026-10-06T20:32:57.245	TEL,2021,S4,876014727,2001,44543,0,425,2927                    
2026-10-06T20:32:57.245	TEL,2022,S4,876024727,2001,44543,0,425,2927                    
2026-10-06T20:32:57.245	TEL,2023,S4,876034727,2001,44543,0,433,2933                    
2026-10-06T20:32:57.245	TEL,2024,S4,876044727,2001,44543,0,428,2933                    
2026-10-06T20:32:57.851	TEL,2025,S4,876054727,2001,44543,0,425,2930                    
2026-10-06T20:32:57.851	TEL,2026,S4,876064727,2001,44543,0,439,2930                    
2026-10-06T20:32:57.851	TEL,2027,S4,876074727,2001,44543,0,448,2941                    
2026-10-06T20:32:57.851	TEL,2028,S4,876084727,2001,44543,0,436,2941                    
2026-10-06T20:32:57.851	TEL,2029,S4,876094727,2001,44543,0,436,2941                    
2026-10-06T20:32:57.851	TEL,2030,S4,876104727,2001,44543,0,439,2941                    
2026-10-06T20:32:57.851	TEL,2031,S4,876114727,2001,44543,0,436,2937                    
2026-10-06T20:32:57.851	TEL,2032,S4,876124727,2001,44543,0,436,2937                    
2026-10-06T20:32:57.851	TEL,2033,S4,876134727,2001,44543,0,436,2937                    
2026-10-06T20:32:57.851	TEL,2034,S4,876144727,2001,44543,0,439,2937                    
2026-10-06T20:32:57.851	TEL,2035,S4,876154727,2001,44543,0,433,2933                    
2026-10-06T20:32:57.851	TEL,2036,S4,876164727,2001,44543,0,433,2933                    
2026-10-06T20:32:57.851	TEL,2037,S4,876174727,2001,44543,0,428,2930                    
2026-10-06T20:32:57.851	BTN,22,S4,PRESSED,876174980,876174987                          
2026-10-06T20:32:57.851	TEL,2038,S4,876184728,2003,44543,0,428,2930                    
2026-10-06T20:32:57.851	TEL,2039,S4,876194727,2001,44543,0,433,2935                    
2026-10-06T20:32:57.851	TEL,2040,S4,876204727,2001,44543,0,433,2935                    
2026-10-06T20:32:57.851	TEL,2041,S4,876214727,2001,44543,0,439,2941                    
2026-10-06T20:32:57.851	TEL,2042,S4,876224727,2001,44543,0,433,2941                    
2026-10-06T20:32:57.851	TEL,2043,S4,876234727,2001,44543,0,433,2941                    
2026-10-06T20:32:57.851	TEL,2044,S4,876244727,2001,44543,0,439,2941                    
2026-10-06T20:32:57.851	TEL,2045,S4,876254727,2001,44543,0,436,2937                    
2026-10-06T20:32:57.851	TEL,2046,S4,876264727,2001,44543,0,436,2937                    
2026-10-06T20:32:57.851	TEL,2047,S4,876274727,2001,44543,0,433,2933                    
2026-10-06T20:32:57.851	TEL,2048,S4,876284727,2001,44543,0,433,2933                    
2026-10-06T20:32:57.851	TEL,2049,S4,876294727,2001,44543,0,436,2937                    
2026-10-06T20:32:57.851	TEL,2050,S4,876304727,2001,44543,0,433,2937                    
2026-10-06T20:32:57.851	TEL,2051,S4,876314727,2001,44543,0,433,2939                    
2026-10-06T20:32:57.851	TEL,2052,S4,876324727,2001,44543,0,436,2939                    
2026-10-06T20:32:57.851	TEL,2053,S4,876334727,2001,44543,0,436,2939                    
2026-10-06T20:32:57.851	TEL,2054,S4,876344727,2001,44543,0,436,2939                    
2026-10-06T20:32:57.851	TEL,2055,S4,876354727,2001,44543,0,436,2937                    
2026-10-06T20:32:57.851	TEL,2056,S4,876364727,2001,44543,0,436,2937                    
2026-10-06T20:32:57.851	TEL,2057,S4,876374727,2001,44543,0,433,2933                    
2026-10-06T20:32:57.851	TEL,2058,S4,876384727,2001,44543,0,433,2933                    
2026-10-06T20:32:57.851	TEL,2059,S4,876394727,2001,44543,0,436,2937                    
2026-10-06T20:32:57.851	TEL,2060,S4,876404727,2001,44543,0,439,2937                    
2026-10-06T20:32:57.851	TEL,2061,S4,876414727,2001,44543,0,439,2937                    
2026-10-06T20:32:57.851	TEL,2062,S4,876424727,2001,44543,0,436,2937                    
2026-10-06T20:32:57.851	TEL,2063,S4,876434727,2001,44543,0,436,2937                    
2026-10-06T20:32:57.851	TEL,2064,S4,876444727,2001,44543,0,436,2937                    
2026-10-06T20:32:57.851	TEL,2065,S4,876454727,2001,44543,0,439,2941                    
2026-10-06T20:32:57.851	TEL,2066,S4,876464727,2001,44543,0,442,2941                    
2026-10-06T20:32:57.851	TEL,2067,S4,876474727,2001,44543,0,439,2937                    
2026-10-06T20:32:57.851	TEL,2068,S4,876484727,2001,44543,0,436,2937                    
2026-10-06T20:32:57.851	TEL,2069,S4,876494727,2001,44543,0,436,2937                    
2026-10-06T20:32:57.851	TEL,2070,S4,876504727,2001,44543,0,436,2937                    
2026-10-06T20:32:57.851	TEL,2071,S4,876514727,2001,44543,0,433,2933                    
2026-10-06T20:32:57.851	TEL,2072,S4,876524727,2001,44543,0,433,2933                    
2026-10-06T20:32:57.851	TEL,2073,S4,876534727,2001,44543,0,439,2941                    
2026-10-06T20:32:57.851	TEL,2074,S4,876544727,2001,44543,0,448,2941                    
2026-10-06T20:32:57.851	TEL,2075,S4,876554727,2001,44543,0,439,2930                    
2026-10-06T20:32:57.851	TEL,2076,S4,876564727,2001,44543,0,428,2930                    
2026-10-06T20:32:57.851	TEL,2077,S4,876574727,2001,44543,0,433,2933                    
2026-10-06T20:32:57.851	TEL,2078,S4,876584727,2001,44543,0,422,2933                    
2026-10-06T20:32:57.851	TEL,2079,S4,876594727,2001,44543,0,422,2933                    
2026-10-06T20:32:57.851	TEL,2080,S4,876604727,2001,44543,0,422,2933                    
2026-10-06T20:32:57.851	TEL,2081,S4,876614727,2001,44543,0,428,2941                    
2026-10-06T20:32:57.851	TEL,2082,S4,876624727,2001,44543,0,448,2941                    
2026-10-06T20:32:57.851	TEL,2083,S4,876634727,2001,44543,0,445,2937                    
2026-10-06T20:32:57.851	TEL,2084,S4,876644727,2001,44543,0,430,2937                    
2026-10-06T20:32:57.851	TEL,2085,S4,876654727,2001,44543,0,430,2937                    
2026-10-06T20:32:58.462	TEL,2086,S4,876664727,2001,44543,0,436,2937                    
2026-10-06T20:32:58.462	TEL,2087,S4,876674727,2001,44543,0,436,2937                    
2026-10-06T20:32:58.462	TEL,2088,S4,876684727,2001,44543,0,439,2937                    
2026-10-06T20:32:58.462	TEL,2089,S4,876694727,2001,44543,0,433,2933                    
2026-10-06T20:32:58.462	TEL,2090,S4,876704727,2001,44543,0,433,2933                    
2026-10-06T20:32:58.462	TEL,2091,S4,876714727,2001,44543,0,433,2933                    
2026-10-06T20:32:58.462	BTN,23,S4,PRESSED,876721985,876721993                          
2026-10-06T20:32:58.462	TEL,2092,S4,876724728,2003,44543,0,433,2933                    
2026-10-06T20:32:58.462	TEL,2093,S4,876734742,2017,44543,0,433,2933                    
2026-10-06T20:32:58.462	TEL,2094,S4,876744727,2001,44543,0,436,2933                    
2026-10-06T20:32:58.462	TEL,2095,S4,876754727,2001,44543,0,436,2933                    
2026-10-06T20:32:58.462	TEL,2096,S4,876764727,2001,44543,0,436,2933                    
2026-10-06T20:32:58.462	TEL,2097,S4,876774727,2001,44543,0,433,2928                    
2026-10-06T20:32:58.462	TEL,2098,S4,876784727,2001,44543,0,428,2928                    
2026-10-06T20:32:58.462	TEL,2099,S4,876794727,2001,44543,0,436,2937                    
2026-10-06T20:32:58.462	TEL,2100,S4,876804727,2001,44543,0,439,2937                    
2026-10-06T20:32:58.462	TEL,2101,S4,876814727,2001,44543,0,442,2941                    
2026-10-06T20:32:58.462	TEL,2102,S4,876824727,2001,44543,0,439,2941                    
2026-10-06T20:32:58.462	TEL,2103,S4,876834727,2001,44543,0,433,2935                    
2026-10-06T20:32:58.462	TEL,2104,S4,876844727,2001,44543,0,430,2935                    
2026-10-06T20:32:58.462	TEL,2105,S4,876854727,2001,44543,0,428,2932                    
2026-10-06T20:32:58.462	TEL,2106,S4,876864727,2001,44543,0,430,2932                    
2026-10-06T20:32:58.462	TEL,2107,S4,876874727,2001,44543,0,433,2933                    
2026-10-06T20:32:58.462	TEL,2108,S4,876884727,2001,44543,0,433,2933                    
2026-10-06T20:32:58.462	TEL,2109,S4,876894727,2001,44543,0,428,2930                    
2026-10-06T20:32:58.462	TEL,2110,S4,876904727,2001,44543,0,430,2930                    
2026-10-06T20:32:58.462	TEL,2111,S4,876914727,2001,44543,0,430,2930                    
2026-10-06T20:32:58.462	TEL,2112,S4,876924727,2001,44543,0,428,2930                    
2026-10-06T20:32:58.462	TEL,2113,S4,876934727,2001,44543,0,428,2930                    
2026-10-06T20:32:58.462	TEL,2114,S4,876944727,2001,44543,0,428,2930                    
2026-10-06T20:32:58.462	TEL,2115,S4,876954727,2001,44543,0,436,2937                    
2026-10-06T20:32:58.462	TEL,2116,S4,876964727,2001,44543,0,430,2937                    
2026-10-06T20:32:58.462	TEL,2117,S4,876974727,2001,44543,0,425,2930                    
2026-10-06T20:32:58.462	TEL,2118,S4,876984727,2001,44543,0,430,2930                    
2026-10-06T20:32:58.462	TEL,2119,S4,876994727,2001,44543,0,433,2933                    
2026-10-06T20:32:58.462	TEL,2120,S4,877004727,2001,44543,0,433,2933                    
2026-10-06T20:32:58.462	TEL,2121,S4,877014727,2001,44543,0,436,2939                    
2026-10-06T20:32:58.462	TEL,2122,S4,877024727,2001,44543,0,436,2939                    
2026-10-06T20:32:58.462	TEL,2123,S4,877034727,2001,44543,0,436,2937                    
2026-10-06T20:32:58.462	TEL,2124,S4,877044727,2001,44543,0,436,2937                    
2026-10-06T20:32:58.462	TEL,2125,S4,877054727,2001,44543,0,436,2937                    
2026-10-06T20:32:58.462	TEL,2126,S4,877064727,2001,44543,0,445,2937                    
2026-10-06T20:32:58.462	TEL,2127,S4,877074727,2001,44543,0,442,2933                    
2026-10-06T20:32:58.462	TEL,2128,S4,877084727,2001,44543,0,430,2933                    
2026-10-06T20:32:58.462	TEL,2129,S4,877094727,2001,44543,0,433,2937                    
2026-10-06T20:32:58.462	TEL,2130,S4,877104727,2001,44543,0,436,2937                    
2026-10-06T20:32:58.462	TEL,2131,S4,877114727,2001,44543,0,433,2933                    
2026-10-06T20:32:58.462	TEL,2132,S4,877124727,2001,44543,0,433,2933                    
2026-10-06T20:32:58.462	TEL,2133,S4,877134727,2001,44543,0,433,2933                    
2026-10-06T20:32:58.462	TEL,2134,S4,877144727,2001,44543,0,433,2933                    
2026-10-06T20:32:58.462	TEL,2135,S4,877154727,2001,44543,0,439,2937                    
2026-10-06T20:32:58.462	TEL,2136,S4,877164727,2001,44543,0,439,2937                    
2026-10-06T20:32:58.462	TEL,2137,S4,877174727,2001,44543,0,442,2941                    
2026-10-06T20:32:58.462	TEL,2138,S4,877184727,2001,44543,0,439,2941                    
2026-10-06T20:32:58.462	TEL,2139,S4,877194727,2001,44543,0,439,2941                    
2026-10-06T20:32:58.462	TEL,2140,S4,877204727,2001,44543,0,439,2941                    
2026-10-06T20:32:58.462	TEL,2141,S4,877214727,2001,44543,0,436,2937                    
2026-10-06T20:32:58.462	TEL,2142,S4,877224727,2001,44543,0,430,2937                    
2026-10-06T20:32:58.462	TEL,2143,S4,877234727,2001,44543,0,428,2933                    
2026-10-06T20:32:58.462	TEL,2144,S4,877244727,2001,44543,0,433,2933                    
2026-10-06T20:32:58.462	TEL,2145,S4,877254727,2001,44543,0,425,2927                    
2026-10-06T20:32:58.462	TEL,2146,S4,877264727,2001,44543,0,425,2927                    
2026-10-06T20:32:59.074	TEL,2147,S4,877274727,2001,44543,0,428,2930                    
2026-10-06T20:32:59.074	TEL,2148,S4,877284727,2001,44543,0,428,2930                    
2026-10-06T20:32:59.074	TEL,2149,S4,877294727,2001,44543,0,436,2937                    
2026-10-06T20:32:59.074	TEL,2150,S4,877304727,2001,44543,0,436,2937                    
2026-10-06T20:32:59.074	TEL,2151,S4,877314727,2001,44543,0,439,2941                    
2026-10-06T20:32:59.074	TEL,2152,S4,877324727,2001,44543,0,439,2941                    
2026-10-06T20:32:59.074	TEL,2153,S4,877334727,2001,44543,0,433,2933                    
2026-10-06T20:32:59.074	TEL,2154,S4,877344727,2001,44543,0,442,2933                    
2026-10-06T20:32:59.074	TEL,2155,S4,877354727,2001,44543,0,448,2941                    
2026-10-06T20:32:59.074	TEL,2156,S4,877364727,2001,44543,0,433,2941                    
2026-10-06T20:32:59.074	TEL,2157,S4,877374727,2001,44543,0,425,2930                    
2026-10-06T20:32:59.074	TEL,2158,S4,877384727,2001,44543,0,428,2930                    
2026-10-06T20:32:59.074	TEL,2159,S4,877394727,2001,44543,0,439,2941                    
2026-10-06T20:32:59.074	TEL,2160,S4,877404727,2001,44543,0,445,2941                    
2026-10-06T20:32:59.074	TEL,2161,S4,877414727,2001,44543,0,436,2932                    
2026-10-06T20:32:59.074	BTN,24,S4,PRESSED,877414991,877414998                          
2026-10-06T20:32:59.074	TEL,2162,S4,877424728,2003,44543,0,425,2932                    
2026-10-06T20:32:59.074	TEL,2163,S4,877434727,2001,44543,0,428,2935                    
2026-10-06T20:32:59.074	TEL,2164,S4,877444727,2001,44543,0,445,2935                    
2026-10-06T20:32:59.074	TEL,2165,S4,877454727,2001,44543,0,442,2933                    
2026-10-06T20:32:59.074	TEL,2166,S4,877464727,2001,44543,0,433,2933                    
2026-10-06T20:32:59.074	TEL,2167,S4,877474727,2001,44543,0,433,2932                    
2026-10-06T20:32:59.074	TEL,2168,S4,877484727,2001,44543,0,430,2932                    
2026-10-06T20:32:59.074	TEL,2169,S4,877494727,2001,44543,0,436,2937                    
2026-10-06T20:32:59.074	TEL,2170,S4,877504727,2001,44543,0,436,2937                    
2026-10-06T20:32:59.074	TEL,2171,S4,877514727,2001,44543,0,433,2935                    
2026-10-06T20:32:59.074	TEL,2172,S4,877524727,2001,44543,0,433,2935                    
2026-10-06T20:32:59.074	TEL,2173,S4,877534727,2001,44543,0,433,2933                    
2026-10-06T20:32:59.074	TEL,2174,S4,877544727,2001,44543,0,433,2933                    
2026-10-06T20:32:59.074	TEL,2175,S4,877554727,2001,44543,0,439,2941                    
2026-10-06T20:32:59.074	TEL,2176,S4,877564727,2001,44543,0,448,2941                    
2026-10-06T20:32:59.074	TEL,2177,S4,877574727,2001,44543,0,445,2937                    
2026-10-06T20:32:59.074	TEL,2178,S4,877584727,2001,44543,0,442,2937                    
2026-10-06T20:32:59.074	TEL,2179,S4,877594727,2001,44543,0,433,2930                    
2026-10-06T20:32:59.074	TEL,2180,S4,877604727,2001,44543,0,428,2930                    
2026-10-06T20:32:59.074	TEL,2181,S4,877614727,2001,44543,0,428,2930                    
2026-10-06T20:32:59.074	TEL,2182,S4,877624727,2001,44543,0,428,2930                    
2026-10-06T20:32:59.074	TEL,2183,S4,877634727,2001,44543,0,439,2941                    
2026-10-06T20:32:59.074	TEL,2184,S4,877644727,2001,44543,0,439,2941                    
2026-10-06T20:32:59.074	TEL,2185,S4,877654727,2001,44543,0,436,2937                    
2026-10-06T20:32:59.074	TEL,2186,S4,877664727,2001,44543,0,439,2937                    
2026-10-06T20:32:59.074	TEL,2187,S4,877674727,2001,44543,0,439,2937                    
2026-10-06T20:32:59.074	TEL,2188,S4,877684727,2001,44543,0,439,2937                    
2026-10-06T20:32:59.074	TEL,2189,S4,877694727,2001,44543,0,439,2937                    
2026-10-06T20:32:59.074	TEL,2190,S4,877704727,2001,44543,0,436,2937                    
2026-10-06T20:32:59.074	TEL,2191,S4,877714727,2001,44543,0,428,2930                    
2026-10-06T20:32:59.074	TEL,2192,S4,877724727,2001,44543,0,430,2930                    
2026-10-06T20:32:59.074	TEL,2193,S4,877734727,2001,44543,0,439,2937                    
2026-10-06T20:32:59.074	TEL,2194,S4,877744727,2001,44543,0,433,2937                    
2026-10-06T20:32:59.074	TEL,2195,S4,877754727,2001,44543,0,428,2930                    
2026-10-06T20:32:59.074	TEL,2196,S4,877764727,2001,44543,0,428,2930                    
2026-10-06T20:32:59.074	TEL,2197,S4,877774727,2001,44543,0,433,2933                    
2026-10-06T20:32:59.074	TEL,2198,S4,877784727,2001,44543,0,430,2933                    
2026-10-06T20:32:59.074	TEL,2199,S4,877794727,2001,44543,0,436,2941                    
2026-10-06T20:32:59.074	TEL,2200,S4,877804727,2001,44543,0,439,2941                    
2026-10-06T20:32:59.074	TEL,2201,S4,877814727,2001,44543,0,433,2933                    
2026-10-06T20:32:59.074	TEL,2202,S4,877824727,2001,44543,0,433,2933                    
2026-10-06T20:32:59.074	TEL,2203,S4,877834727,2001,44543,0,433,2933                    
2026-10-06T20:32:59.074	TEL,2204,S4,877844727,2001,44543,0,433,2933                    
2026-10-06T20:32:59.074	TEL,2205,S4,877854727,2001,44543,0,436,2937                    
2026-10-06T20:32:59.074	TEL,2206,S4,877864727,2001,44543,0,436,2937                    
2026-10-06T20:32:59.074	TEL,2207,S4,877874727,2001,44543,0,433,2933                    
2026-10-06T20:32:59.681	TEL,2208,S4,877884727,2001,44543,0,433,2933                    
2026-10-06T20:32:59.681	TEL,2209,S4,877894727,2001,44543,0,442,2941                    
2026-10-06T20:32:59.681	TEL,2210,S4,877904727,2001,44543,0,439,2941                    
2026-10-06T20:32:59.681	TEL,2211,S4,877914727,2001,44543,0,433,2933                    
2026-10-06T20:32:59.681	TEL,2212,S4,877924727,2001,44543,0,442,2933                    
2026-10-06T20:32:59.681	TEL,2213,S4,877934727,2001,44543,0,439,2930                    
2026-10-06T20:32:59.681	TEL,2214,S4,877944727,2001,44543,0,428,2930                    
2026-10-06T20:32:59.681	TEL,2215,S4,877954727,2001,44543,0,433,2933                    
2026-10-06T20:32:59.681	TEL,2216,S4,877964727,2001,44543,0,430,2933                    
2026-10-06T20:32:59.681	BTN,25,S4,PRESSED,877971996,877972004                          
2026-10-06T20:32:59.681	TEL,2217,S4,877974728,2003,44543,0,430,2933                    
2026-10-06T20:32:59.681	TEL,2218,S4,877984742,2017,44543,0,433,2933                    
2026-10-06T20:32:59.681	TEL,2219,S4,877994727,2001,44543,0,436,2937                    
2026-10-06T20:32:59.681	TEL,2220,S4,878004727,2001,44543,0,436,2937                    
2026-10-06T20:32:59.681	TEL,2221,S4,878014727,2001,44543,0,436,2937                    
2026-10-06T20:32:59.681	TEL,2222,S4,878024727,2001,44543,0,430,2937                    
2026-10-06T20:32:59.681	TEL,2223,S4,878034727,2001,44543,0,430,2937                    
2026-10-06T20:32:59.681	TEL,2224,S4,878044727,2001,44543,0,436,2937                    
2026-10-06T20:32:59.681	TEL,2225,S4,878054727,2001,44543,0,436,2937                    
2026-10-06T20:32:59.681	TEL,2226,S4,878064727,2001,44543,0,436,2937                    
2026-10-06T20:32:59.681	TEL,2227,S4,878074727,2001,44543,0,433,2933                    
2026-10-06T20:32:59.681	TEL,2228,S4,878084727,2001,44543,0,433,2933                    
2026-10-06T20:32:59.681	TEL,2229,S4,878094727,2001,44543,0,439,2941                    
2026-10-06T20:32:59.681	TEL,2230,S4,878104727,2001,44543,0,439,2941                    
2026-10-06T20:32:59.681	TEL,2231,S4,878114727,2001,44543,0,436,2937                    
2026-10-06T20:32:59.681	TEL,2232,S4,878124727,2001,44543,0,436,2937                    
2026-10-06T20:32:59.681	TEL,2233,S4,878134727,2001,44543,0,436,2937                    
2026-10-06T20:32:59.681	TEL,2234,S4,878144727,2001,44543,0,433,2937                    
2026-10-06T20:32:59.681	TEL,2235,S4,878154727,2001,44543,0,428,2930                    
2026-10-06T20:32:59.681	TEL,2236,S4,878164727,2001,44543,0,428,2930                    
2026-10-06T20:32:59.681	TEL,2237,S4,878174727,2001,44543,0,436,2937                    
2026-10-06T20:32:59.681	TEL,2238,S4,878184727,2001,44543,0,436,2937                    
2026-10-06T20:32:59.681	TEL,2239,S4,878194727,2001,44543,0,428,2930                    
2026-10-06T20:32:59.681	TEL,2240,S4,878204727,2001,44543,0,428,2930                    
2026-10-06T20:32:59.681	TEL,2241,S4,878214727,2001,44543,0,436,2937                    
2026-10-06T20:32:59.681	TEL,2242,S4,878224727,2001,44543,0,436,2937                    
2026-10-06T20:32:59.681	TEL,2243,S4,878234727,2001,44543,0,433,2933                    
2026-10-06T20:32:59.681	TEL,2244,S4,878244727,2001,44543,0,428,2933                    
2026-10-06T20:32:59.681	TEL,2245,S4,878254727,2001,44543,0,428,2933                    
2026-10-06T20:32:59.681	TEL,2246,S4,878264727,2001,44543,0,433,2933                    
2026-10-06T20:32:59.681	TEL,2247,S4,878274727,2001,44543,0,433,2933                    
2026-10-06T20:32:59.681	TEL,2248,S4,878284727,2001,44543,0,430,2933                    
2026-10-06T20:32:59.681	TEL,2249,S4,878294727,2001,44543,0,430,2933                    
2026-10-06T20:32:59.681	TEL,2250,S4,878304727,2001,44543,0,433,2933                    
2026-10-06T20:32:59.681	TEL,2251,S4,878314727,2001,44543,0,433,2933                    
2026-10-06T20:32:59.681	TEL,2252,S4,878324727,2001,44543,0,442,2933                    
2026-10-06T20:32:59.681	TEL,2253,S4,878334727,2001,44543,0,436,2928                    
2026-10-06T20:32:59.681	TEL,2254,S4,878344727,2001,44543,0,436,2928                    
2026-10-06T20:32:59.681	TEL,2255,S4,878354727,2001,44543,0,448,2941                    
2026-10-06T20:32:59.681	TEL,2256,S4,878364727,2001,44543,0,439,2941                    
2026-10-06T20:32:59.681	TEL,2257,S4,878374727,2001,44543,0,436,2937                    
2026-10-06T20:32:59.681	TEL,2258,S4,878384727,2001,44543,0,439,2937                    
2026-10-06T20:32:59.681	TEL,2259,S4,878394727,2001,44543,0,439,2937                    
2026-10-06T20:32:59.681	TEL,2260,S4,878404727,2001,44543,0,442,2937                    
2026-10-06T20:32:59.681	TEL,2261,S4,878414727,2001,44543,0,436,2933                    
2026-10-06T20:32:59.681	TEL,2262,S4,878424727,2001,44543,0,433,2933                    
2026-10-06T20:32:59.681	TEL,2263,S4,878434727,2001,44543,0,436,2937                    
2026-10-06T20:32:59.681	TEL,2264,S4,878444727,2001,44543,0,436,2937                    
2026-10-06T20:32:59.681	TEL,2265,S4,878454727,2001,44543,0,439,2941                    
2026-10-06T20:32:59.681	TEL,2266,S4,878464727,2001,44543,0,442,2941                    
2026-10-06T20:32:59.681	TEL,2267,S4,878474727,2001,44543,0,442,2941                    
2026-10-06T20:32:59.681	TEL,2268,S4,878484727,2001,44543,0,439,2941                    
2026-10-06T20:33:00.284	TEL,2269,S4,878494727,2001,44543,0,439,2941                    
2026-10-06T20:33:00.284	TEL,2270,S4,878504727,2001,44543,0,445,2941                    
2026-10-06T20:33:00.284	TEL,2271,S4,878514727,2001,44543,0,436,2933                    
2026-10-06T20:33:00.284	BTN,26,S4,PRESSED,878519002,878519009                          
2026-10-06T20:33:00.284	TEL,2272,S4,878524728,2003,44543,0,433,2933                    
2026-10-06T20:33:00.284	TEL,2273,S4,878534727,2001,44543,0,433,2935                    
2026-10-06T20:33:00.284	TEL,2274,S4,878544727,2001,44543,0,442,2935                    
2026-10-06T20:33:00.284	TEL,2275,S4,878554727,2001,44543,0,442,2937                    
2026-10-06T20:33:00.284	TEL,2276,S4,878564727,2001,44543,0,439,2937                    
2026-10-06T20:33:00.284	TEL,2277,S4,878574727,2001,44543,0,439,2937                    
2026-10-06T20:33:00.284	TEL,2278,S4,878584727,2001,44543,0,430,2937                    
2026-10-06T20:33:00.284	TEL,2279,S4,878594727,2001,44543,0,430,2937                    
2026-10-06T20:33:00.284	TEL,2280,S4,878604727,2001,44543,0,445,2937                    
2026-10-06T20:33:00.284	TEL,2281,S4,878614727,2001,44543,0,445,2937                    
2026-10-06T20:33:00.284	TEL,2282,S4,878624727,2001,44543,0,436,2937                    
2026-10-06T20:33:00.284	TEL,2283,S4,878634727,2001,44543,0,436,2937                    
2026-10-06T20:33:00.284	TEL,2284,S4,878644727,2001,44543,0,445,2937                    
2026-10-06T20:33:00.284	TEL,2285,S4,878654727,2001,44543,0,445,2937                    
2026-10-06T20:33:00.284	TEL,2286,S4,878664727,2001,44543,0,436,2937                    
2026-10-06T20:33:00.284	TEL,2287,S4,878674727,2001,44543,0,428,2930                    
2026-10-06T20:33:00.284	TEL,2288,S4,878684727,2001,44543,0,428,2930                    
2026-10-06T20:33:00.284	TEL,2289,S4,878694727,2001,44543,0,436,2939                    
2026-10-06T20:33:00.284	TEL,2290,S4,878704727,2001,44543,0,439,2939                    
2026-10-06T20:33:00.284	TEL,2291,S4,878714727,2001,44543,0,436,2935                    
2026-10-06T20:33:00.284	TEL,2292,S4,878724727,2001,44543,0,433,2935                    
2026-10-06T20:33:00.284	TEL,2293,S4,878734727,2001,44543,0,428,2930                    
2026-10-06T20:33:00.284	TEL,2294,S4,878744727,2001,44543,0,430,2930                    
2026-10-06T20:33:00.284	TEL,2295,S4,878754727,2001,44543,0,442,2941                    
2026-10-06T20:33:00.284	TEL,2296,S4,878764727,2001,44543,0,448,2941                    
2026-10-06T20:33:00.284	TEL,2297,S4,878774727,2001,44543,0,442,2933                    
2026-10-06T20:33:00.284	TEL,2298,S4,878784727,2001,44543,0,433,2933                    
2026-10-06T20:33:00.284	TEL,2299,S4,878794727,2001,44543,0,433,2933                    
2026-10-06T20:33:00.284	TEL,2300,S4,878804727,2001,44543,0,442,2933                    
2026-10-06T20:33:00.284	TEL,2301,S4,878814727,2001,44543,0,442,2933                    
2026-10-06T20:33:00.284	TEL,2302,S4,878824727,2001,44543,0,428,2933                    
2026-10-06T20:33:00.284	TEL,2303,S4,878834727,2001,44543,0,430,2937                    
2026-10-06T20:33:00.284	TEL,2304,S4,878844727,2001,44543,0,433,2937                    
2026-10-06T20:33:00.284	TEL,2305,S4,878854727,2001,44543,0,433,2937                    
2026-10-06T20:33:00.284	TEL,2306,S4,878864727,2001,44543,0,436,2937                    
2026-10-06T20:33:00.284	TEL,2307,S4,878874727,2001,44543,0,439,2941                    
2026-10-06T20:33:00.284	TEL,2308,S4,878884727,2001,44543,0,445,2941                    
2026-10-06T20:33:00.284	TEL,2309,S4,878894727,2001,44543,0,430,2927                    
2026-10-06T20:33:00.284	TEL,2310,S4,878904727,2001,44543,0,425,2927                    
2026-10-06T20:33:00.284	TEL,2311,S4,878914727,2001,44543,0,433,2933                    
2026-10-06T20:33:00.284	TEL,2312,S4,878924727,2001,44543,0,433,2933                    
2026-10-06T20:33:00.284	TEL,2313,S4,878934727,2001,44543,0,428,2930                    
2026-10-06T20:33:00.284	TEL,2314,S4,878944727,2001,44543,0,428,2930                    
2026-10-06T20:33:00.284	TEL,2315,S4,878954727,2001,44543,0,442,2942                    
2026-10-06T20:33:00.284	TEL,2316,S4,878964727,2001,44543,0,442,2942                    
2026-10-06T20:33:00.284	TEL,2317,S4,878974727,2001,44543,0,428,2930                    
2026-10-06T20:33:00.284	TEL,2318,S4,878984727,2001,44543,0,428,2930                    
2026-10-06T20:33:00.284	TEL,2319,S4,878994727,2001,44543,0,433,2933                    
2026-10-06T20:33:00.284	TEL,2320,S4,879004727,2001,44543,0,433,2933                    
2026-10-06T20:33:00.284	TEL,2321,S4,879014727,2001,44543,0,439,2941                    
2026-10-06T20:33:00.284	TEL,2322,S4,879024727,2001,44543,0,439,2941                    
2026-10-06T20:33:00.284	BTN,27,S4,PRESSED,879028007,879028015                          
2026-10-06T20:33:00.284	TEL,2323,S4,879034728,2003,44543,0,433,2933                    
2026-10-06T20:33:00.284	TEL,2324,S4,879044727,2001,44543,0,433,2933                    
2026-10-06T20:33:00.284	TEL,2325,S4,879054727,2001,44543,0,439,2937                    
2026-10-06T20:33:00.284	TEL,2326,S4,879064727,2001,44543,0,430,2937                    
2026-10-06T20:33:00.284	TEL,2327,S4,879074727,2001,44543,0,430,2937                    
2026-10-06T20:33:00.284	TEL,2328,S4,879084727,2001,44543,0,430,2937                    
2026-10-06T20:33:00.893	TEL,2329,S4,879094727,2001,44543,0,433,2939                    
2026-10-06T20:33:00.893	TEL,2330,S4,879104727,2001,44543,0,433,2939                    
2026-10-06T20:33:00.893	TEL,2331,S4,879114727,2001,44543,0,433,2941                    
2026-10-06T20:33:00.893	TEL,2332,S4,879124727,2001,44543,0,433,2941                    
2026-10-06T20:33:00.893	TEL,2333,S4,879134727,2001,44543,0,425,2930                    
2026-10-06T20:33:00.893	TEL,2334,S4,879144727,2001,44543,0,428,2930                    
2026-10-06T20:33:00.893	TEL,2335,S4,879154727,2001,44543,0,433,2933                    
2026-10-06T20:33:00.893	TEL,2336,S4,879164727,2001,44543,0,433,2933                    
2026-10-06T20:33:00.893	TEL,2337,S4,879174727,2001,44543,0,433,2933                    
2026-10-06T20:33:00.893	TEL,2338,S4,879184727,2001,44543,0,433,2933                    
2026-10-06T20:33:00.893	TEL,2339,S4,879194727,2001,44543,0,436,2937                    
2026-10-06T20:33:00.893	TEL,2340,S4,879204727,2001,44543,0,436,2937                    
2026-10-06T20:33:00.893	TEL,2341,S4,879214727,2001,44543,0,439,2941                    
2026-10-06T20:33:00.893	TEL,2342,S4,879224727,2001,44543,0,430,2941                    
2026-10-06T20:33:00.893	TEL,2343,S4,879234727,2001,44543,0,428,2937                    
2026-10-06T20:33:00.893	TEL,2344,S4,879244727,2001,44543,0,433,2937                    
2026-10-06T20:33:00.893	TEL,2345,S4,879254727,2001,44543,0,436,2941                    
2026-10-06T20:33:00.893	TEL,2346,S4,879264727,2001,44543,0,439,2941                    
2026-10-06T20:33:00.893	TEL,2347,S4,879274727,2001,44543,0,433,2933                    
2026-10-06T20:33:00.893	TEL,2348,S4,879284727,2001,44543,0,433,2933                    
2026-10-06T20:33:00.893	TEL,2349,S4,879294727,2001,44543,0,439,2939                    
2026-10-06T20:33:00.893	TEL,2350,S4,879304727,2001,44543,0,433,2939                    
2026-10-06T20:33:00.893	TEL,2351,S4,879314727,2001,44543,0,425,2930                    
2026-10-06T20:33:00.893	TEL,2352,S4,879324727,2001,44543,0,419,2930                    
2026-10-06T20:33:00.893	TEL,2353,S4,879334727,2001,44543,0,425,2937                    
2026-10-06T20:33:00.893	TEL,2354,S4,879344727,2001,44543,0,436,2937                    
2026-10-06T20:33:00.893	TEL,2355,S4,879354727,2001,44543,0,433,2933                    
2026-10-06T20:33:00.893	TEL,2356,S4,879364727,2001,44543,0,433,2933                    
2026-10-06T20:33:00.893	TEL,2357,S4,879374727,2001,44543,0,433,2932                    
2026-10-06T20:33:00.893	TEL,2358,S4,879384727,2001,44543,0,430,2932                    
2026-10-06T20:33:00.893	TEL,2359,S4,879394727,2001,44543,0,433,2933                    
2026-10-06T20:33:00.893	TEL,2360,S4,879404727,2001,44543,0,433,2933                    
2026-10-06T20:33:00.893	TEL,2361,S4,879414727,2001,44543,0,439,2941                    
2026-10-06T20:33:00.893	TEL,2362,S4,879424727,2001,44543,0,439,2941                    
2026-10-06T20:33:00.893	TEL,2363,S4,879434727,2001,44543,0,433,2933                    
2026-10-06T20:33:00.893	TEL,2364,S4,879444727,2001,44543,0,433,2933                    
2026-10-06T20:33:00.893	TEL,2365,S4,879454727,2001,44543,0,428,2928                    
2026-10-06T20:33:00.893	TEL,2366,S4,879464727,2001,44543,0,428,2928                    
2026-10-06T20:33:00.893	TEL,2367,S4,879474727,2001,44543,0,433,2933                    
2026-10-06T20:33:00.893	TEL,2368,S4,879484727,2001,44543,0,433,2933                    
2026-10-06T20:33:00.893	TEL,2369,S4,879494727,2001,44543,0,433,2933                    
2026-10-06T20:33:00.893	TEL,2370,S4,879504727,2001,44543,0,428,2933                    
2026-10-06T20:33:00.893	TEL,2371,S4,879514727,2001,44543,0,428,2933                    
2026-10-06T20:33:00.893	TEL,2372,S4,879524727,2001,44543,0,433,2933                    
2026-10-06T20:33:00.893	TEL,2373,S4,879534727,2001,44543,0,439,2937                    
2026-10-06T20:33:00.893	TEL,2374,S4,879544727,2001,44543,0,436,2937                    
2026-10-06T20:33:00.893	TEL,2375,S4,879554727,2001,44543,0,428,2930                    
2026-10-06T20:33:00.893	TEL,2376,S4,879564727,2001,44543,0,428,2930                    
2026-10-06T20:33:00.893	TEL,2377,S4,879574727,2001,44543,0,425,2927                    
2026-10-06T20:33:00.893	TEL,2378,S4,879584727,2001,44543,0,428,2927                    
2026-10-06T20:33:00.893	TEL,2379,S4,879594727,2001,44543,0,433,2933                    
2026-10-06T20:33:00.893	TEL,2380,S4,879604727,2001,44543,0,442,2933                    
2026-10-06T20:33:00.893	TEL,2381,S4,879614727,2001,44543,0,442,2933                    
2026-10-06T20:33:00.893	TEL,2382,S4,879624727,2001,44543,0,433,2933                    
2026-10-06T20:33:00.893	TEL,2383,S4,879634727,2001,44543,0,439,2941                    
2026-10-06T20:33:00.893	TEL,2384,S4,879644727,2001,44543,0,439,2941                    
2026-10-06T20:33:00.893	TEL,2385,S4,879654727,2001,44543,0,433,2933                    
2026-10-06T20:33:00.893	TEL,2386,S4,879664727,2001,44543,0,433,2933                    
2026-10-06T20:33:00.893	TEL,2387,S4,879674727,2001,44543,0,433,2933                    
2026-10-06T20:33:00.893	TEL,2388,S4,879684727,2001,44543,0,433,2933                    
2026-10-06T20:33:00.893	TEL,2389,S4,879694727,2001,44543,0,433,2933                    
2026-10-06T20:33:00.893	BTN,28,S4,PRESSED,879701013,879701020                          
2026-10-06T20:33:01.512	TEL,2390,S4,879704728,2003,44543,0,433,2933                    
2026-10-06T20:33:01.512	TEL,2391,S4,879714727,2002,44543,0,433,2935                    
2026-10-06T20:33:01.512	TEL,2392,S4,879724727,2001,44543,0,428,2935                    
2026-10-06T20:33:01.512	TEL,2393,S4,879734727,2001,44543,0,433,2939                    
2026-10-06T20:33:01.512	TEL,2394,S4,879744727,2001,44543,0,436,2939                    
2026-10-06T20:33:01.512	TEL,2395,S4,879754727,2001,44543,0,430,2932                    
2026-10-06T20:33:01.512	TEL,2396,S4,879764727,2001,44543,0,428,2932                    
2026-10-06T20:33:01.512	TEL,2397,S4,879774727,2001,44543,0,428,2930                    
2026-10-06T20:33:01.512	TEL,2398,S4,879784727,2001,44543,0,428,2930                    
2026-10-06T20:33:01.512	TEL,2399,S4,879794727,2001,44543,0,436,2937                    
2026-10-06T20:33:01.512	TEL,2400,S4,879804727,2001,44543,0,428,2937                    
2026-10-06T20:33:01.512	TEL,2401,S4,879814727,2001,44543,0,428,2937                    
2026-10-06T20:33:01.512	TEL,2402,S4,879824727,2001,44543,0,436,2937                    
2026-10-06T20:33:01.512	TEL,2403,S4,879834727,2001,44543,0,439,2941                    
2026-10-06T20:33:01.512	TEL,2404,S4,879844727,2001,44543,0,433,2941                    
2026-10-06T20:33:01.512	TEL,2405,S4,879854727,2001,44543,0,433,2941                    
2026-10-06T20:33:01.512	TEL,2406,S4,879864727,2001,44543,0,442,2941                    
2026-10-06T20:33:01.512	TEL,2407,S4,879874727,2001,44543,0,439,2937                    
2026-10-06T20:33:01.512	TEL,2408,S4,879884727,2001,44543,0,439,2937                    
2026-10-06T20:33:01.512	TEL,2409,S4,879894727,2001,44543,0,433,2933                    
2026-10-06T20:33:01.512	TEL,2410,S4,879904727,2001,44543,0,433,2933                    
2026-10-06T20:33:01.512	TEL,2411,S4,879914727,2001,44543,0,433,2933                    
2026-10-06T20:33:01.512	TEL,2412,S4,879924727,2001,44543,0,433,2933                    
2026-10-06T20:33:01.512	TEL,2413,S4,879934727,2001,44543,0,436,2937                    
2026-10-06T20:33:01.512	TEL,2414,S4,879944727,2001,44543,0,439,2937                    
2026-10-06T20:33:01.512	TEL,2415,S4,879954727,2001,44543,0,439,2937                    
2026-10-06T20:33:01.512	TEL,2416,S4,879964727,2001,44543,0,436,2937                    
2026-10-06T20:33:01.512	TEL,2417,S4,879974727,2001,44543,0,428,2930                    
2026-10-06T20:33:01.512	TEL,2418,S4,879984727,2001,44543,0,430,2930                    
2026-10-06T20:33:01.512	TEL,2419,S4,879994727,2001,44543,0,430,2930                    
2026-10-06T20:33:01.512	TEL,2420,S4,880004727,2001,44543,0,428,2930                    
2026-10-06T20:33:01.512	TEL,2421,S4,880014727,2001,44543,0,425,2927                    
2026-10-06T20:33:01.512	TEL,2422,S4,880024727,2001,44543,0,428,2927                    
2026-10-06T20:33:01.512	TEL,2423,S4,880034727,2001,44543,0,433,2933                    
2026-10-06T20:33:01.512	TEL,2424,S4,880044727,2001,44543,0,428,2933                    
2026-10-06T20:33:01.512	TEL,2425,S4,880054727,2001,44543,0,430,2937                    
2026-10-06T20:33:01.512	TEL,2426,S4,880064727,2001,44543,0,439,2937                    
2026-10-06T20:33:01.512	TEL,2427,S4,880074727,2001,44543,0,442,2941                    
2026-10-06T20:33:01.512	TEL,2428,S4,880084727,2001,44543,0,442,2941                    
2026-10-06T20:33:01.512	TEL,2429,S4,880094727,2001,44543,0,430,2930                    
2026-10-06T20:33:01.512	TEL,2430,S4,880104727,2001,44543,0,428,2930                    
2026-10-06T20:33:01.512	TEL,2431,S4,880114727,2001,44543,0,442,2942                    
2026-10-06T20:33:01.512	TEL,2432,S4,880124727,2001,44543,0,445,2942                    
2026-10-06T20:33:01.512	TEL,2433,S4,880134727,2001,44543,0,442,2937                    
2026-10-06T20:33:01.512	TEL,2434,S4,880144727,2001,44543,0,436,2937                    
2026-10-06T20:33:01.512	TEL,2435,S4,880154727,2001,44543,0,433,2933                    
2026-10-06T20:33:01.512	TEL,2436,S4,880164727,2001,44543,0,436,2933                    
2026-10-06T20:33:01.512	TEL,2437,S4,880174727,2001,44543,0,433,2930                    
2026-10-06T20:33:01.512	TEL,2438,S4,880184727,2001,44543,0,430,2930                    
2026-10-06T20:33:01.512	TEL,2439,S4,880194727,2001,44543,0,439,2937                    
2026-10-06T20:33:01.512	TEL,2440,S4,880204727,2001,44543,0,436,2937                    
2026-10-06T20:33:01.512	TEL,2441,S4,880214727,2001,44543,0,436,2937                    
2026-10-06T20:33:01.512	TEL,2442,S4,880224727,2001,44543,0,436,2937                    
2026-10-06T20:33:01.512	TEL,2443,S4,880234727,2001,44543,0,433,2933                    
2026-10-06T20:33:01.512	TEL,2444,S4,880244727,2001,44543,0,436,2933                    
2026-10-06T20:33:01.512	TEL,2445,S4,880254727,2001,44543,0,433,2930                    
2026-10-06T20:33:01.512	TEL,2446,S4,880264727,2001,44543,0,439,2930                    
2026-10-06T20:33:01.512	TEL,2447,S4,880274727,2001,44543,0,448,2941                    
2026-10-06T20:33:01.512	TEL,2448,S4,880284727,2001,44543,0,439,2941                    
2026-10-06T20:33:01.512	TEL,2449,S4,880294727,2001,44543,0,433,2933                    
2026-10-06T20:33:01.512	TEL,2450,S4,880304727,2001,44543,0,433,2933                    
2026-10-06T20:33:01.512	TEL,2451,S4,880314727,2001,44543,0,439,2941                    
2026-10-06T20:33:02.124	TEL,2452,S4,880324727,2001,44543,0,439,2941                    
2026-10-06T20:33:02.124	TEL,2453,S4,880334727,2001,44543,0,439,2941                    
2026-10-06T20:33:02.124	TEL,2454,S4,880344727,2001,44543,0,439,2941                    
2026-10-06T20:33:02.124	TEL,2455,S4,880354727,2001,44543,0,433,2933                    
2026-10-06T20:33:02.124	TEL,2456,S4,880364727,2001,44543,0,433,2933                    
2026-10-06T20:33:02.124	TEL,2457,S4,880374727,2001,44543,0,428,2930                    
2026-10-06T20:33:02.124	TEL,2458,S4,880384727,2001,44543,0,439,2930                    
2026-10-06T20:33:02.124	TEL,2459,S4,880394727,2001,44543,0,448,2941                    
2026-10-06T20:33:02.124	TEL,2460,S4,880404727,2001,44543,0,445,2941                    
2026-10-06T20:33:02.124	TEL,2461,S4,880414727,2001,44543,0,436,2933                    
2026-10-06T20:33:02.124	TEL,2462,S4,880424727,2001,44543,0,433,2933                    
2026-10-06T20:33:02.124	TEL,2463,S4,880434727,2001,44543,0,433,2933                    
2026-10-06T20:33:02.124	TEL,2464,S4,880444727,2001,44543,0,433,2933                    
2026-10-06T20:33:02.124	TEL,2465,S4,880454727,2001,44543,0,439,2937                    
2026-10-06T20:33:02.124	TEL,2466,S4,880464727,2001,44543,0,436,2937                    
2026-10-06T20:33:02.124	TEL,2467,S4,880474727,2001,44543,0,428,2930                    
2026-10-06T20:33:02.124	TEL,2468,S4,880484727,2001,44543,0,425,2930                    
2026-10-06T20:33:02.124	TEL,2469,S4,880494727,2001,44543,0,428,2933                    
2026-10-06T20:33:02.124	TEL,2470,S4,880504727,2001,44543,0,433,2933                    
2026-10-06T20:33:02.124	TEL,2471,S4,880514727,2001,44543,0,439,2937                    
2026-10-06T20:33:02.124	TEL,2472,S4,880524727,2001,44543,0,436,2937                    
2026-10-06T20:33:02.124	BTN,29,S4,PRESSED,880530018,880530026                          
2026-10-06T20:33:02.124	TEL,2473,S4,880534728,2003,44543,0,433,2933                    
2026-10-06T20:33:02.124	TEL,2474,S4,880544727,2001,44543,0,433,2933                    
2026-10-06T20:33:02.124	TEL,2475,S4,880554727,2001,44543,0,439,2941                    
2026-10-06T20:33:02.124	TEL,2476,S4,880564727,2001,44543,0,448,2941                    
2026-10-06T20:33:02.124	TEL,2477,S4,880574727,2001,44543,0,445,2937                    
2026-10-06T20:33:02.124	TEL,2478,S4,880584727,2001,44543,0,445,2937                    
2026-10-06T20:33:02.124	TEL,2479,S4,880594727,2001,44543,0,445,2937                    
2026-10-06T20:33:02.124	TEL,2480,S4,880604727,2001,44543,0,436,2937                    
2026-10-06T20:33:02.124	TEL,2481,S4,880614727,2001,44543,0,436,2937                    
2026-10-06T20:33:02.124	TEL,2482,S4,880624727,2001,44543,0,436,2937                    
2026-10-06T20:33:02.124	TEL,2483,S4,880634727,2001,44543,0,425,2927                    
2026-10-06T20:33:02.124	TEL,2484,S4,880644727,2001,44543,0,425,2927                    
2026-10-06T20:33:02.124	TEL,2485,S4,880654727,2001,44543,0,436,2937                    
2026-10-06T20:33:02.124	TEL,2486,S4,880664727,2001,44543,0,436,2937                    
2026-10-06T20:33:02.124	TEL,2487,S4,880674727,2001,44543,0,436,2937                    
2026-10-06T20:33:02.124	TEL,2488,S4,880684727,2001,44543,0,439,2937                    
2026-10-06T20:33:02.124	TEL,2489,S4,880694727,2001,44543,0,433,2933                    
2026-10-06T20:33:02.124	TEL,2490,S4,880704727,2001,44543,0,433,2933                    
2026-10-06T20:33:02.124	TEL,2491,S4,880714727,2001,44543,0,433,2933                    
2026-10-06T20:33:02.124	TEL,2492,S4,880724727,2001,44543,0,433,2933                    
2026-10-06T20:33:02.124	TEL,2493,S4,880734727,2001,44543,0,428,2930                    
2026-10-06T20:33:02.124	TEL,2494,S4,880744727,2001,44543,0,428,2930                    
2026-10-06T20:33:02.124	TEL,2495,S4,880754727,2001,44543,0,433,2933                    
2026-10-06T20:33:02.124	TEL,2496,S4,880764727,2001,44543,0,436,2933                    
2026-10-06T20:33:02.124	TEL,2497,S4,880774727,2001,44543,0,436,2933                    
2026-10-06T20:33:02.124	TEL,2498,S4,880784727,2001,44543,0,433,2933                    
2026-10-06T20:33:02.124	TEL,2499,S4,880794727,2001,44543,0,433,2933                    
2026-10-06T20:33:02.124	TEL,2500,S4,880804727,2001,44543,0,436,2933                    
2026-10-06T20:33:02.124	TEL,2501,S4,880814727,2001,44543,0,436,2933                    
2026-10-06T20:33:02.124	TEL,2502,S4,880824727,2001,44543,0,433,2933                    
2026-10-06T20:33:02.124	TEL,2503,S4,880834727,2001,44543,0,433,2933                    
2026-10-06T20:33:02.124	TEL,2504,S4,880844727,2001,44543,0,428,2933                    
2026-10-06T20:33:02.124	TEL,2505,S4,880854727,2001,44543,0,428,2933                    
2026-10-06T20:33:02.124	TEL,2506,S4,880864727,2001,44543,0,425,2933                    
2026-10-06T20:33:02.124	TEL,2507,S4,880874727,2001,44543,0,425,2933                    
2026-10-06T20:33:02.124	TEL,2508,S4,880884727,2001,44543,0,433,2933                    
2026-10-06T20:33:02.124	TEL,2509,S4,880894727,2001,44543,0,433,2933                    
2026-10-06T20:33:02.124	TEL,2510,S4,880904727,2001,44543,0,433,2933                    
2026-10-06T20:33:02.124	TEL,2511,S4,880914727,2001,44543,0,439,2941                    
2026-10-06T20:33:02.124	TEL,2512,S4,880924727,2001,44543,0,433,2941                    
2026-10-06T20:33:02.731	TEL,2513,S4,880934727,2001,44543,0,425,2930                    
2026-10-06T20:33:02.731	TEL,2514,S4,880944727,2001,44543,0,428,2930                    
2026-10-06T20:33:02.731	TEL,2515,S4,880954727,2001,44543,0,428,2930                    
2026-10-06T20:33:02.731	TEL,2516,S4,880964727,2001,44543,0,428,2930                    
2026-10-06T20:33:02.731	TEL,2517,S4,880974727,2001,44543,0,425,2927                    
2026-10-06T20:33:02.731	TEL,2518,S4,880984727,2001,44543,0,425,2927                    
2026-10-06T20:33:02.731	TEL,2519,S4,880994727,2001,44543,0,428,2930                    
2026-10-06T20:33:02.731	TEL,2520,S4,881004727,2001,44543,0,428,2930                    
2026-10-06T20:33:02.731	TEL,2521,S4,881014727,2001,44543,0,428,2930                    
2026-10-06T20:33:02.731	TEL,2522,S4,881024727,2001,44543,0,428,2930                    
2026-10-06T20:33:02.731	TEL,2523,S4,881034727,2001,44543,0,439,2941                    
2026-10-06T20:33:02.731	TEL,2524,S4,881044727,2001,44543,0,439,2941                    
2026-10-06T20:33:02.731	TEL,2525,S4,881054727,2001,44543,0,433,2933                    
2026-10-06T20:33:02.731	TEL,2526,S4,881064727,2001,44543,0,433,2933                    
2026-10-06T20:33:02.731	TEL,2527,S4,881074727,2001,44543,0,428,2930                    
2026-10-06T20:33:02.731	TEL,2528,S4,881084727,2001,44543,0,425,2930                    
2026-10-06T20:33:02.731	TEL,2529,S4,881094727,2001,44543,0,428,2933                    
2026-10-06T20:33:02.731	TEL,2530,S4,881104727,2001,44543,0,436,2933                    
2026-10-06T20:33:02.731	TEL,2531,S4,881114727,2001,44543,0,442,2937                    
2026-10-06T20:33:02.731	TEL,2532,S4,881124727,2001,44543,0,439,2937                    
2026-10-06T20:33:02.731	TEL,2533,S4,881134727,2001,44543,0,442,2941                    
2026-10-06T20:33:02.731	TEL,2534,S4,881144727,2001,44543,0,439,2941                    
2026-10-06T20:33:02.731	TEL,2535,S4,881154727,2001,44543,0,439,2941                    
2026-10-06T20:33:02.731	TEL,2536,S4,881164727,2001,44543,0,439,2941                    
2026-10-06T20:33:02.731	TEL,2537,S4,881174727,2001,44543,0,436,2939                    
2026-10-06T20:33:02.731	TEL,2538,S4,881184727,2001,44543,0,436,2939                    
2026-10-06T20:33:02.731	TEL,2539,S4,881194727,2001,44543,0,428,2930                    
2026-10-06T20:33:02.731	TEL,2540,S4,881204727,2001,44543,0,428,2930                    
2026-10-06T20:33:02.731	TEL,2541,S4,881214727,2001,44543,0,433,2933                    
2026-10-06T20:33:02.731	TEL,2542,S4,881224727,2001,44543,0,433,2933                    
2026-10-06T20:33:02.731	TEL,2543,S4,881234727,2001,44543,0,433,2933                    
2026-10-06T20:33:02.731	TEL,2544,S4,881244727,2001,44543,0,433,2933                    
2026-10-06T20:33:02.731	TEL,2545,S4,881254727,2001,44543,0,436,2937                    
2026-10-06T20:33:02.731	TEL,2546,S4,881264727,2001,44543,0,436,2937                    
2026-10-06T20:33:02.731	TEL,2547,S4,881274727,2001,44543,0,433,2935                    
2026-10-06T20:33:02.731	TEL,2548,S4,881284727,2001,44543,0,433,2935                    
2026-10-06T20:33:02.731	TEL,2549,S4,881294727,2001,44543,0,433,2933                    
2026-10-06T20:33:02.731	TEL,2550,S4,881304727,2001,44543,0,422,2933                    
2026-10-06T20:33:02.731	TEL,2551,S4,881314727,2001,44543,0,419,2930                    
2026-10-06T20:33:02.731	TEL,2552,S4,881324727,2001,44543,0,425,2930                    
2026-10-06T20:33:02.731	TEL,2553,S4,881334727,2001,44543,0,433,2941                    
2026-10-06T20:33:02.731	TEL,2554,S4,881344727,2001,44543,0,439,2941                    
2026-10-06T20:33:02.731	TEL,2555,S4,881354727,2001,44543,0,428,2930                    
2026-10-06T20:33:02.731	TEL,2556,S4,881364727,2001,44543,0,430,2930                    
2026-10-06T20:33:02.731	TEL,2557,S4,881374727,2001,44543,0,439,2937                    
2026-10-06T20:33:02.731	BTN,30,S4,PRESSED,881384024,881384031                          
2026-10-06T20:33:02.731	TEL,2558,S4,881384768,2043,44543,0,436,2937                    
2026-10-06T20:33:02.731	TEL,2559,S4,881394727,2001,44543,0,433,2935                    
2026-10-06T20:33:02.731	TEL,2560,S4,881404727,2001,44543,0,439,2935                    
2026-10-06T20:33:02.731	TEL,2561,S4,881414727,2001,44543,0,436,2933                    
2026-10-06T20:33:02.731	TEL,2562,S4,881424727,2001,44543,0,425,2933                    
2026-10-06T20:33:02.731	TEL,2563,S4,881434727,2001,44543,0,425,2933                    
2026-10-06T20:33:02.731	TEL,2564,S4,881444727,2001,44543,0,433,2933                    
2026-10-06T20:33:02.731	TEL,2565,S4,881454727,2001,44543,0,436,2937                    
2026-10-06T20:33:02.731	TEL,2566,S4,881464727,2001,44543,0,425,2937                    
2026-10-06T20:33:02.731	TEL,2567,S4,881474727,2001,44543,0,419,2930                    
2026-10-06T20:33:02.731	TEL,2568,S4,881484727,2001,44543,0,430,2930                    
2026-10-06T20:33:02.731	TEL,2569,S4,881494727,2001,44543,0,439,2937                    
2026-10-06T20:33:02.731	TEL,2570,S4,881504727,2001,44543,0,439,2937                    
2026-10-06T20:33:02.731	TEL,2571,S4,881514727,2001,44543,0,439,2937                    
2026-10-06T20:33:02.731	TEL,2572,S4,881524727,2001,44543,0,430,2937                    
2026-10-06T20:33:02.731	TEL,2573,S4,881534727,2001,44543,0,425,2932                    
2026-10-06T20:33:03.341	TEL,2574,S4,881544727,2001,44543,0,433,2932                    
2026-10-06T20:33:03.341	TEL,2575,S4,881554727,2001,44543,0,436,2935                    
2026-10-06T20:33:03.341	TEL,2576,S4,881564727,2001,44543,0,428,2935                    
2026-10-06T20:33:03.341	TEL,2577,S4,881574727,2001,44543,0,428,2933                    
2026-10-06T20:33:03.341	TEL,2578,S4,881584727,2001,44543,0,433,2933                    
2026-10-06T20:33:03.341	TEL,2579,S4,881594727,2001,44543,0,436,2937                    
2026-10-06T20:33:03.341	TEL,2580,S4,881604727,2001,44543,0,439,2937                    
2026-10-06T20:33:03.341	TEL,2581,S4,881614727,2001,44543,0,442,2941                    
2026-10-06T20:33:03.341	TEL,2582,S4,881624727,2001,44543,0,430,2941                    
2026-10-06T20:33:03.341	TEL,2583,S4,881634727,2001,44543,0,425,2933                    
2026-10-06T20:33:03.341	TEL,2584,S4,881644727,2001,44543,0,433,2933                    
2026-10-06T20:33:03.341	TEL,2585,S4,881654727,2001,44543,0,439,2941                    
2026-10-06T20:33:03.341	TEL,2586,S4,881664727,2001,44543,0,433,2941                    
2026-10-06T20:33:03.341	TEL,2587,S4,881674727,2001,44543,0,425,2930                    
2026-10-06T20:33:03.341	TEL,2588,S4,881684727,2001,44543,0,433,2930                    
2026-10-06T20:33:03.341	TEL,2589,S4,881694727,2001,44543,0,436,2933                    
2026-10-06T20:33:03.341	TEL,2590,S4,881704727,2001,44543,0,430,2933                    
2026-10-06T20:33:03.341	TEL,2591,S4,881714727,2001,44543,0,430,2933                    
2026-10-06T20:33:03.341	TEL,2592,S4,881724727,2001,44543,0,433,2933                    
2026-10-06T20:33:03.341	TEL,2593,S4,881734727,2001,44543,0,436,2937                    
2026-10-06T20:33:03.341	TEL,2594,S4,881744727,2001,44543,0,442,2937                    
2026-10-06T20:33:03.341	TEL,2595,S4,881754727,2001,44543,0,442,2937                    
2026-10-06T20:33:03.341	TEL,2596,S4,881764727,2001,44543,0,436,2937                    
2026-10-06T20:33:03.341	TEL,2597,S4,881774727,2001,44543,0,436,2937                    
2026-10-06T20:33:03.341	TEL,2598,S4,881784727,2001,44543,0,430,2937                    
2026-10-06T20:33:03.341	TEL,2599,S4,881794727,2001,44543,0,425,2930                    
2026-10-06T20:33:03.341	TEL,2600,S4,881804727,2001,44543,0,428,2930                    
2026-10-06T20:33:03.341	TEL,2601,S4,881814727,2001,44543,0,439,2941                    
2026-10-06T20:33:03.341	TEL,2602,S4,881824727,2001,44543,0,448,2941                    
2026-10-06T20:33:03.341	TEL,2603,S4,881834727,2001,44543,0,436,2930                    
2026-10-06T20:33:03.341	TEL,2604,S4,881844727,2001,44543,0,430,2930                    
2026-10-06T20:33:03.341	TEL,2605,S4,881854727,2001,44543,0,433,2933                    
2026-10-06T20:33:03.341	TEL,2606,S4,881864727,2001,44543,0,433,2933                    
2026-10-06T20:33:03.341	TEL,2607,S4,881874727,2001,44543,0,433,2933                    
2026-10-06T20:33:03.341	TEL,2608,S4,881884727,2001,44543,0,433,2933                    
2026-10-06T20:33:03.341	TEL,2609,S4,881894727,2001,44543,0,436,2937                    
2026-10-06T20:33:03.341	TEL,2610,S4,881904727,2001,44543,0,428,2937                    
2026-10-06T20:33:03.341	TEL,2611,S4,881914727,2001,44543,0,428,2937                    
2026-10-06T20:33:03.341	TEL,2612,S4,881924727,2001,44543,0,430,2937                    
2026-10-06T20:33:03.341	TEL,2613,S4,881934727,2001,44543,0,422,2927                    
2026-10-06T20:33:03.341	TEL,2614,S4,881944727,2001,44543,0,416,2927                    
2026-10-06T20:33:03.341	TEL,2615,S4,881954727,2001,44543,0,419,2930                    
2026-10-06T20:33:03.341	BTN,31,S4,PRESSED,881963029,881963037                          
2026-10-06T20:33:03.341	TEL,2616,S4,881964768,2043,44543,0,433,2930                    
2026-10-06T20:33:03.341	TEL,2617,S4,881974742,2017,44543,0,436,2933                    
2026-10-06T20:33:03.341	TEL,2618,S4,881984727,2001,44543,0,433,2933                    
2026-10-06T20:33:03.341	TEL,2619,S4,881994727,2001,44543,0,428,2930                    
2026-10-06T20:33:03.341	TEL,2620,S4,882004727,2001,44543,0,428,2930                    
2026-10-06T20:33:03.341	TEL,2621,S4,882014727,2001,44543,0,436,2939                    
2026-10-06T20:33:03.341	TEL,2622,S4,882024727,2001,44543,0,439,2939                    
2026-10-06T20:33:03.341	TEL,2623,S4,882034727,2001,44543,0,439,2937                    
2026-10-06T20:33:03.341	TEL,2624,S4,882044727,2001,44543,0,436,2937                    
2026-10-06T20:33:03.341	TEL,2625,S4,882054727,2001,44543,0,436,2939                    
2026-10-06T20:33:03.341	TEL,2626,S4,882064727,2001,44543,0,433,2939                    
2026-10-06T20:33:03.341	TEL,2627,S4,882074727,2001,44543,0,430,2937                    
2026-10-06T20:33:03.341	TEL,2628,S4,882084727,2001,44543,0,436,2937                    
2026-10-06T20:33:03.341	TEL,2629,S4,882094727,2001,44543,0,433,2933                    
2026-10-06T20:33:03.341	TEL,2630,S4,882104727,2001,44543,0,433,2933                    
2026-10-06T20:33:03.341	TEL,2631,S4,882114727,2001,44543,0,433,2933                    
2026-10-06T20:33:03.341	TEL,2632,S4,882124727,2001,44543,0,433,2933                    
2026-10-06T20:33:03.341	TEL,2633,S4,882134727,2001,44543,0,425,2927                    
2026-10-06T20:33:03.341	TEL,2634,S4,882144727,2001,44543,0,425,2927                    
2026-10-06T20:33:03.958	TEL,2635,S4,882154727,2001,44543,0,439,2941                    
2026-10-06T20:33:03.958	TEL,2636,S4,882164727,2001,44543,0,445,2941                    
2026-10-06T20:33:03.958	TEL,2637,S4,882174727,2001,44543,0,436,2933                    
2026-10-06T20:33:03.958	TEL,2638,S4,882184727,2001,44543,0,428,2933                    
2026-10-06T20:33:03.958	TEL,2639,S4,882194727,2001,44543,0,430,2937                    
2026-10-06T20:33:03.958	TEL,2640,S4,882204727,2001,44543,0,436,2937                    
2026-10-06T20:33:03.958	TEL,2641,S4,882214727,2001,44543,0,436,2937                    
2026-10-06T20:33:03.958	TEL,2642,S4,882224727,2001,44543,0,425,2937                    
2026-10-06T20:33:03.958	TEL,2643,S4,882234727,2001,44543,0,419,2930                    
2026-10-06T20:33:03.958	TEL,2644,S4,882244727,2001,44543,0,422,2930                    
2026-10-06T20:33:03.958	TEL,2645,S4,882254727,2001,44543,0,430,2939                    
2026-10-06T20:33:03.958	TEL,2646,S4,882264727,2001,44543,0,436,2939                    
2026-10-06T20:33:03.958	TEL,2647,S4,882274727,2001,44543,0,436,2937                    
2026-10-06T20:33:03.958	TEL,2648,S4,882284727,2001,44543,0,436,2937                    
2026-10-06T20:33:03.958	TEL,2649,S4,882294727,2001,44543,0,436,2937                    
2026-10-06T20:33:03.958	TEL,2650,S4,882304727,2001,44543,0,436,2937                    
2026-10-06T20:33:03.958	TEL,2651,S4,882314727,2001,44543,0,439,2941                    
2026-10-06T20:33:03.958	TEL,2652,S4,882324727,2001,44543,0,439,2941                    
2026-10-06T20:33:03.958	TEL,2653,S4,882334727,2001,44543,0,428,2930                    
2026-10-06T20:33:03.958	TEL,2654,S4,882344727,2001,44543,0,428,2930                    
2026-10-06T20:33:03.958	TEL,2655,S4,882354727,2001,44543,0,433,2933                    
2026-10-06T20:33:03.958	TEL,2656,S4,882364727,2001,44543,0,436,2933                    
2026-10-06T20:33:03.958	TEL,2657,S4,882374727,2001,44543,0,436,2933                    
2026-10-06T20:33:03.958	TEL,2658,S4,882384727,2001,44543,0,433,2933                    
2026-10-06T20:33:03.958	TEL,2659,S4,882394727,2001,44543,0,439,2937                    
2026-10-06T20:33:03.958	TEL,2660,S4,882404727,2001,44543,0,439,2937                    
2026-10-06T20:33:03.958	TEL,2661,S4,882414727,2001,44543,0,439,2937                    
2026-10-06T20:33:03.958	TEL,2662,S4,882424727,2001,44543,0,436,2937                    
2026-10-06T20:33:03.958	TEL,2663,S4,882434727,2001,44543,0,433,2933                    
2026-10-06T20:33:03.958	TEL,2664,S4,882444727,2001,44543,0,433,2933                    
2026-10-06T20:33:03.958	TEL,2665,S4,882454727,2001,44543,0,439,2941                    
2026-10-06T20:33:03.958	TEL,2666,S4,882464727,2001,44543,0,433,2941                    
2026-10-06T20:33:03.958	TEL,2667,S4,882474727,2001,44543,0,425,2930                    
2026-10-06T20:33:03.958	TEL,2668,S4,882484727,2001,44543,0,428,2930                    
2026-10-06T20:33:03.958	TEL,2669,S4,882494727,2001,44543,0,436,2937                    
2026-10-06T20:33:03.958	TEL,2670,S4,882504727,2001,44543,0,439,2937                    
2026-10-06T20:33:03.958	TEL,2671,S4,882514727,2001,44543,0,439,2937                    
2026-10-06T20:33:03.958	TEL,2672,S4,882524727,2001,44543,0,436,2937                    
2026-10-06T20:33:03.958	TEL,2673,S4,882534727,2001,44543,0,428,2930                    
2026-10-06T20:33:03.958	TEL,2674,S4,882544727,2001,44543,0,428,2930                    
2026-10-06T20:33:03.958	TEL,2675,S4,882554727,2001,44543,0,436,2937                    
2026-10-06T20:33:03.958	TEL,2676,S4,882564727,2001,44543,0,430,2937                    
2026-10-06T20:33:03.958	TEL,2677,S4,882574727,2001,44543,0,425,2930                    
2026-10-06T20:33:03.958	TEL,2678,S4,882584727,2001,44543,0,422,2930                    
2026-10-06T20:33:03.958	TEL,2679,S4,882594727,2001,44543,0,428,2937                    
2026-10-06T20:33:03.958	TEL,2680,S4,882604727,2001,44543,0,436,2937                    
2026-10-06T20:33:03.958	TEL,2681,S4,882614727,2001,44543,0,439,2941                    
2026-10-06T20:33:03.958	TEL,2682,S4,882624727,2001,44543,0,439,2941                    
2026-10-06T20:33:03.958	TEL,2683,S4,882634727,2001,44543,0,433,2933                    
2026-10-06T20:33:03.958	TEL,2684,S4,882644727,2001,44543,0,433,2933                    
2026-10-06T20:33:03.958	TEL,2685,S4,882654727,2001,44543,0,436,2937                    
2026-10-06T20:33:03.958	TEL,2686,S4,882664727,2001,44543,0,439,2937                    
2026-10-06T20:33:03.958	TEL,2687,S4,882674727,2001,44543,0,433,2933                    
2026-10-06T20:33:03.958	TEL,2688,S4,882684727,2001,44543,0,428,2933                    
2026-10-06T20:33:03.958	TEL,2689,S4,882694727,2001,44543,0,433,2941                    
2026-10-06T20:33:03.958	TEL,2690,S4,882704727,2001,44543,0,439,2941                    
2026-10-06T20:33:03.958	TEL,2691,S4,882714727,2001,44543,0,428,2930                    
2026-10-06T20:33:03.958	TEL,2692,S4,882724727,2001,44543,0,428,2930                    
2026-10-06T20:33:03.958	TEL,2693,S4,882734727,2001,44543,0,433,2933                    
2026-10-06T20:33:03.958	TEL,2694,S4,882744727,2001,44543,0,433,2933                    
2026-10-06T20:33:03.958	TEL,2695,S4,882754727,2001,44543,0,428,2930                    
2026-10-06T20:33:03.958	BTN,32,S4,PRESSED,882763035,882763042                          
2026-10-06T20:33:04.574	TEL,2696,S4,882764768,2043,44543,0,430,2930                    
2026-10-06T20:33:04.574	TEL,2697,S4,882774742,2017,44543,0,436,2935                    
2026-10-06T20:33:04.574	TEL,2698,S4,882784727,2001,44543,0,433,2935                    
2026-10-06T20:33:04.574	TEL,2699,S4,882794727,2001,44543,0,428,2930                    
2026-10-06T20:33:04.574	TEL,2700,S4,882804727,2001,44543,0,428,2930                    
2026-10-06T20:33:04.574	TEL,2701,S4,882814727,2001,44543,0,428,2930                    
2026-10-06T20:33:04.574	TEL,2702,S4,882824727,2001,44543,0,428,2930                    
2026-10-06T20:33:04.574	TEL,2703,S4,882834727,2001,44543,0,436,2939                    
2026-10-06T20:33:04.574	TEL,2704,S4,882844727,2001,44543,0,436,2939                    
2026-10-06T20:33:04.574	TEL,2705,S4,882854727,2001,44543,0,436,2937                    
2026-10-06T20:33:04.574	TEL,2706,S4,882864727,2001,44543,0,430,2937                    
2026-10-06T20:33:04.574	TEL,2707,S4,882874727,2001,44543,0,428,2933                    
2026-10-06T20:33:04.574	TEL,2708,S4,882884727,2001,44543,0,433,2933                    
2026-10-06T20:33:04.574	TEL,2709,S4,882894727,2001,44543,0,433,2933                    
2026-10-06T20:33:04.574	TEL,2710,S4,882904727,2001,44543,0,425,2933                    
2026-10-06T20:33:04.574	TEL,2711,S4,882914727,2001,44543,0,430,2941                    
2026-10-06T20:33:04.574	TEL,2712,S4,882924727,2001,44543,0,430,2941                    
2026-10-06T20:33:04.574	TEL,2713,S4,882934727,2001,44543,0,422,2930                    
2026-10-06T20:33:04.574	TEL,2714,S4,882944727,2001,44543,0,428,2930                    
2026-10-06T20:33:04.574	TEL,2715,S4,882954727,2001,44543,0,436,2937                    
2026-10-06T20:33:04.574	TEL,2716,S4,882964727,2001,44543,0,436,2937                    
2026-10-06T20:33:04.574	TEL,2717,S4,882974727,2001,44543,0,436,2939                    
2026-10-06T20:33:04.574	TEL,2718,S4,882984727,2001,44543,0,439,2939                    
2026-10-06T20:33:04.574	TEL,2719,S4,882994727,2001,44543,0,439,2937                    
2026-10-06T20:33:04.574	TEL,2720,S4,883004727,2001,44543,0,436,2937                    
2026-10-06T20:33:04.574	TEL,2721,S4,883014727,2001,44543,0,433,2933                    
2026-10-06T20:33:04.574	TEL,2722,S4,883024727,2001,44543,0,425,2933                    
2026-10-06T20:33:04.574	TEL,2723,S4,883034727,2001,44543,0,428,2937                    
2026-10-06T20:33:04.574	TEL,2724,S4,883044727,2001,44543,0,445,2937                    
2026-10-06T20:33:04.574	TEL,2725,S4,883054727,2001,44543,0,445,2937                    
2026-10-06T20:33:04.574	TEL,2726,S4,883064727,2001,44543,0,439,2937                    
2026-10-06T20:33:04.574	TEL,2727,S4,883074727,2001,44543,0,439,2937                    
2026-10-06T20:33:04.574	TEL,2728,S4,883084727,2001,44543,0,439,2937                    
2026-10-06T20:33:04.574	TEL,2729,S4,883094727,2001,44543,0,433,2933                    
2026-10-06T20:33:04.574	TEL,2730,S4,883104727,2001,44543,0,433,2933                    
2026-10-06T20:33:04.574	TEL,2731,S4,883114727,2001,44543,0,433,2933                    
2026-10-06T20:33:04.574	TEL,2732,S4,883124727,2001,44543,0,428,2933                    
2026-10-06T20:33:04.574	TEL,2733,S4,883134727,2001,44543,0,430,2937                    
2026-10-06T20:33:04.574	TEL,2734,S4,883144727,2001,44543,0,439,2937                    
2026-10-06T20:33:04.574	TEL,2735,S4,883154727,2001,44543,0,433,2933                    
2026-10-06T20:33:04.574	TEL,2736,S4,883164727,2001,44543,0,433,2933                    
2026-10-06T20:33:04.574	TEL,2737,S4,883174727,2001,44543,0,430,2930                    
2026-10-06T20:33:04.574	TEL,2738,S4,883184727,2001,44543,0,428,2930                    
2026-10-06T20:33:04.574	TEL,2739,S4,883194727,2001,44543,0,436,2937                    
2026-10-06T20:33:04.574	TEL,2740,S4,883204727,2001,44543,0,430,2937                    
2026-10-06T20:33:04.574	TEL,2741,S4,883214727,2001,44543,0,428,2933                    
2026-10-06T20:33:04.574	TEL,2742,S4,883224727,2001,44543,0,433,2933                    
2026-10-06T20:33:04.574	TEL,2743,S4,883234727,2001,44543,0,436,2937                    
2026-10-06T20:33:04.574	TEL,2744,S4,883244727,2001,44543,0,439,2937                    
2026-10-06T20:33:04.574	TEL,2745,S4,883254727,2001,44543,0,430,2930                    
2026-10-06T20:33:04.574	TEL,2746,S4,883264727,2001,44543,0,428,2930                    
2026-10-06T20:33:04.574	TEL,2747,S4,883274727,2001,44543,0,428,2930                    
2026-10-06T20:33:04.574	TEL,2748,S4,883284727,2001,44543,0,428,2930                    
2026-10-06T20:33:04.574	TEL,2749,S4,883294727,2001,44543,0,433,2933                    
2026-10-06T20:33:04.574	TEL,2750,S4,883304727,2001,44543,0,433,2933                    
2026-10-06T20:33:04.574	TEL,2751,S4,883314727,2001,44543,0,433,2933                    
2026-10-06T20:33:04.574	TEL,2752,S4,883324727,2001,44543,0,430,2933                    
2026-10-06T20:33:04.574	TEL,2753,S4,883334727,2001,44543,0,436,2941                    
2026-10-06T20:33:04.574	TEL,2754,S4,883344727,2001,44543,0,439,2941                    
2026-10-06T20:33:04.574	TEL,2755,S4,883354727,2001,44543,0,428,2930                    
2026-10-06T20:33:04.574	TEL,2756,S4,883364727,2001,44543,0,428,2930                    
2026-10-06T20:33:04.574	TEL,2757,S4,883374727,2001,44543,0,433,2933                    
2026-10-06T20:33:05.183	TEL,2758,S4,883384727,2001,44543,0,433,2933                    
2026-10-06T20:33:05.183	TEL,2759,S4,883394727,2001,44543,0,439,2937                    
2026-10-06T20:33:05.183	TEL,2760,S4,883404727,2001,44543,0,436,2937                    
2026-10-06T20:33:05.183	TEL,2761,S4,883414727,2001,44543,0,428,2930                    
2026-10-06T20:33:05.183	TEL,2762,S4,883424727,2001,44543,0,439,2930                    
2026-10-06T20:33:05.183	TEL,2763,S4,883434727,2001,44543,0,445,2937                    
2026-10-06T20:33:05.183	TEL,2764,S4,883444727,2001,44543,0,425,2937                    
2026-10-06T20:33:05.183	TEL,2765,S4,883454727,2001,44543,0,425,2937                    
2026-10-06T20:33:05.183	TEL,2766,S4,883464727,2001,44543,0,436,2937                    
2026-10-06T20:33:05.183	TEL,2767,S4,883474727,2001,44543,0,433,2933                    
2026-10-06T20:33:05.183	TEL,2768,S4,883484727,2001,44543,0,433,2933                    
2026-10-06T20:33:05.183	TEL,2769,S4,883494727,2001,44543,0,439,2937                    
2026-10-06T20:33:05.183	TEL,2770,S4,883504727,2001,44543,0,436,2937                    
2026-10-06T20:33:05.183	TEL,2771,S4,883514727,2001,44543,0,428,2930                    
2026-10-06T20:33:05.183	TEL,2772,S4,883524727,2001,44543,0,430,2930                    
2026-10-06T20:33:05.183	TEL,2773,S4,883534727,2001,44543,0,439,2937                    
2026-10-06T20:33:05.183	TEL,2774,S4,883544727,2001,44543,0,436,2937                    
2026-10-06T20:33:05.183	TEL,2775,S4,883554727,2001,44543,0,428,2930                    
2026-10-06T20:33:05.183	TEL,2776,S4,883564727,2001,44543,0,428,2930                    
2026-10-06T20:33:05.183	TEL,2777,S4,883574727,2001,44543,0,436,2937                    
2026-10-06T20:33:05.183	BTN,33,S4,PRESSED,883576040,883576048                          
2026-10-06T20:33:05.183	TEL,2778,S4,883584728,2003,44543,0,436,2937                    
2026-10-06T20:33:05.183	TEL,2779,S4,883594727,2001,44543,0,433,2935                    
2026-10-06T20:33:05.183	TEL,2780,S4,883604727,2001,44543,0,433,2935                    
2026-10-06T20:33:05.183	TEL,2781,S4,883614727,2001,44543,0,433,2933                    
2026-10-06T20:33:05.183	TEL,2782,S4,883624727,2001,44543,0,428,2933                    
2026-10-06T20:33:05.183	TEL,2783,S4,883634727,2001,44543,0,428,2933                    
2026-10-06T20:33:05.183	TEL,2784,S4,883644727,2001,44543,0,430,2933                    
2026-10-06T20:33:05.183	TEL,2785,S4,883654727,2001,44543,0,430,2933                    
2026-10-06T20:33:05.183	TEL,2786,S4,883664727,2001,44543,0,433,2933                    
2026-10-06T20:33:05.183	TEL,2787,S4,883674727,2001,44543,0,433,2933                    
2026-10-06T20:33:05.183	TEL,2788,S4,883684727,2001,44543,0,433,2933                    
2026-10-06T20:33:05.183	TEL,2789,S4,883694727,2001,44543,0,436,2937                    
2026-10-06T20:33:05.183	TEL,2790,S4,883704727,2001,44543,0,439,2937                    
2026-10-06T20:33:05.183	TEL,2791,S4,883714727,2001,44543,0,430,2930                    
2026-10-06T20:33:05.183	TEL,2792,S4,883724727,2001,44543,0,428,2930                    
2026-10-06T20:33:05.183	TEL,2793,S4,883734727,2001,44543,0,433,2933                    
2026-10-06T20:33:05.183	TEL,2794,S4,883744727,2001,44543,0,433,2933                    
2026-10-06T20:33:05.183	TEL,2795,S4,883754727,2001,44543,0,433,2933                    
2026-10-06T20:33:05.183	TEL,2796,S4,883764727,2001,44543,0,433,2933                    
2026-10-06T20:33:05.183	TEL,2797,S4,883774727,2001,44543,0,430,2930                    
2026-10-06T20:33:05.183	TEL,2798,S4,883784727,2001,44543,0,433,2930                    
2026-10-06T20:33:05.183	TEL,2799,S4,883794727,2001,44543,0,436,2933                    
2026-10-06T20:33:05.183	TEL,2800,S4,883804727,2001,44543,0,433,2933                    
2026-10-06T20:33:05.183	TEL,2801,S4,883814727,2001,44543,0,439,2941                    
2026-10-06T20:33:05.183	TEL,2802,S4,883824727,2001,44543,0,445,2941                    
2026-10-06T20:33:05.183	TEL,2803,S4,883834727,2001,44543,0,436,2933                    
2026-10-06T20:33:05.183	TEL,2804,S4,883844727,2001,44543,0,433,2933                    
2026-10-06T20:33:05.183	TEL,2805,S4,883854727,2001,44543,0,436,2937                    
2026-10-06T20:33:05.183	TEL,2806,S4,883864727,2001,44543,0,439,2937                    
2026-10-06T20:33:05.183	TEL,2807,S4,883874727,2001,44543,0,433,2933                    
2026-10-06T20:33:05.183	TEL,2808,S4,883884727,2001,44543,0,442,2933                    
2026-10-06T20:33:05.183	TEL,2809,S4,883894727,2001,44543,0,448,2941                    
2026-10-06T20:33:05.183	TEL,2810,S4,883904727,2001,44543,0,439,2941                    
2026-10-06T20:33:05.183	TEL,2811,S4,883914727,2001,44543,0,436,2937                    
2026-10-06T20:33:05.183	TEL,2812,S4,883924727,2001,44543,0,436,2937                    
2026-10-06T20:33:05.183	TEL,2813,S4,883934727,2001,44543,0,436,2937                    
2026-10-06T20:33:05.183	TEL,2814,S4,883944727,2001,44543,0,430,2937                    
2026-10-06T20:33:05.183	TEL,2815,S4,883954727,2001,44543,0,422,2927                    
2026-10-06T20:33:05.183	TEL,2816,S4,883964727,2001,44543,0,425,2927                    
2026-10-06T20:33:05.183	TEL,2817,S4,883974727,2001,44543,0,439,2941                    
2026-10-06T20:33:05.183	TEL,2818,S4,883984727,2001,44543,0,442,2941                    
2026-10-06T20:33:05.793	TEL,2819,S4,883994727,2001,44543,0,430,2930                    
2026-10-06T20:33:05.793	TEL,2820,S4,884004727,2001,44543,0,430,2930                    
2026-10-06T20:33:05.793	TEL,2821,S4,884014727,2001,44543,0,430,2930                    
2026-10-06T20:33:05.793	TEL,2822,S4,884024727,2001,44543,0,425,2930                    
2026-10-06T20:33:05.793	TEL,2823,S4,884034727,2001,44543,0,433,2941                    
2026-10-06T20:33:05.793	TEL,2824,S4,884044727,2001,44543,0,439,2941                    
2026-10-06T20:33:05.793	TEL,2825,S4,884054727,2001,44543,0,433,2933                    
2026-10-06T20:33:05.793	TEL,2826,S4,884064727,2001,44543,0,430,2933                    
2026-10-06T20:33:05.793	TEL,2827,S4,884074727,2001,44543,0,430,2933                    
2026-10-06T20:33:05.793	TEL,2828,S4,884084727,2001,44543,0,433,2933                    
2026-10-06T20:33:05.793	TEL,2829,S4,884094727,2001,44543,0,428,2930                    
2026-10-06T20:33:05.793	TEL,2830,S4,884104727,2001,44543,0,428,2930                    
2026-10-06T20:33:05.793	TEL,2831,S4,884114727,2001,44543,0,428,2930                    
2026-10-06T20:33:05.793	TEL,2832,S4,884124727,2001,44543,0,428,2930                    
2026-10-06T20:33:05.793	TEL,2833,S4,884134727,2001,44543,0,436,2937                    
2026-10-06T20:33:05.793	BTN,34,S4,PRESSED,884144046,884144053                          
2026-10-06T20:33:05.793	TEL,2834,S4,884144768,2043,44543,0,430,2937                    
2026-10-06T20:33:05.793	TEL,2835,S4,884154727,2001,44543,0,428,2935                    
2026-10-06T20:33:05.793	TEL,2836,S4,884164727,2001,44543,0,439,2935                    
2026-10-06T20:33:05.793	TEL,2837,S4,884174727,2001,44543,0,439,2935                    
2026-10-06T20:33:05.793	TEL,2838,S4,884184727,2001,44543,0,436,2935                    
2026-10-06T20:33:05.793	TEL,2839,S4,884194727,2001,44543,0,442,2941                    
2026-10-06T20:33:05.793	TEL,2840,S4,884204727,2001,44543,0,439,2941                    
2026-10-06T20:33:05.793	TEL,2841,S4,884214727,2001,44543,0,436,2937                    
2026-10-06T20:33:05.793	TEL,2842,S4,884224727,2001,44543,0,439,2937                    
2026-10-06T20:33:05.793	TEL,2843,S4,884234727,2001,44543,0,433,2933                    
2026-10-06T20:33:05.793	TEL,2844,S4,884244727,2001,44543,0,433,2933                    
2026-10-06T20:33:05.793	TEL,2845,S4,884254727,2001,44543,0,433,2933                    
2026-10-06T20:33:05.793	TEL,2846,S4,884264727,2001,44543,0,428,2933                    
2026-10-06T20:33:05.793	TEL,2847,S4,884274727,2001,44543,0,428,2933                    
2026-10-06T20:33:05.793	TEL,2848,S4,884284727,2001,44543,0,433,2933                    
2026-10-06T20:33:05.793	TEL,2849,S4,884294727,2001,44543,0,430,2930                    
2026-10-06T20:33:05.793	TEL,2850,S4,884304727,2001,44543,0,430,2930                    
2026-10-06T20:33:05.793	TEL,2851,S4,884314727,2001,44543,0,442,2941                    
2026-10-06T20:33:05.793	TEL,2852,S4,884324727,2001,44543,0,442,2941                    
2026-10-06T20:33:05.793	TEL,2853,S4,884334727,2001,44543,0,428,2927                    
2026-10-06T20:33:05.793	TEL,2854,S4,884344727,2001,44543,0,425,2927                    
2026-10-06T20:33:05.793	TEL,2855,S4,884354727,2001,44543,0,428,2930                    
2026-10-06T20:33:05.793	TEL,2856,S4,884364727,2001,44543,0,428,2930                    
2026-10-06T20:33:05.793	TEL,2857,S4,884374727,2001,44543,0,436,2939                    
2026-10-06T20:33:05.793	TEL,2858,S4,884384727,2001,44543,0,436,2939                    
2026-10-06T20:33:05.793	TEL,2859,S4,884394727,2001,44543,0,433,2933                    
2026-10-06T20:33:05.793	TEL,2860,S4,884404727,2001,44543,0,430,2933                    
2026-10-06T20:33:05.793	TEL,2861,S4,884414727,2001,44543,0,430,2933                    
2026-10-06T20:33:05.793	TEL,2862,S4,884424727,2001,44543,0,433,2933                    
2026-10-06T20:33:05.793	TEL,2863,S4,884434727,2001,44543,0,433,2933                    
2026-10-06T20:33:05.793	TEL,2864,S4,884444727,2001,44543,0,433,2933                    
2026-10-06T20:33:05.793	TEL,2865,S4,884454727,2001,44543,0,439,2937                    
2026-10-06T20:33:05.793	TEL,2866,S4,884464727,2001,44543,0,439,2937                    
2026-10-06T20:33:05.793	TEL,2867,S4,884474727,2001,44543,0,430,2930                    
2026-10-06T20:33:05.793	TEL,2868,S4,884484727,2001,44543,0,430,2930                    
2026-10-06T20:33:05.793	TEL,2869,S4,884494727,2001,44543,0,433,2932                    
2026-10-06T20:33:05.793	TEL,2870,S4,884504727,2001,44543,0,442,2932                    
2026-10-06T20:33:05.794	TEL,2871,S4,884514727,2001,44543,0,439,2930                    
2026-10-06T20:33:05.794	TEL,2872,S4,884524727,2001,44543,0,430,2930                    
2026-10-06T20:33:05.794	TEL,2873,S4,884534727,2001,44543,0,439,2937                    
2026-10-06T20:33:05.794	TEL,2874,S4,884544727,2001,44543,0,436,2937                    
2026-10-06T20:33:05.794	TEL,2875,S4,884554727,2001,44543,0,433,2933                    
2026-10-06T20:33:05.794	TEL,2876,S4,884564727,2001,44543,0,433,2933                    
2026-10-06T20:33:05.794	TEL,2877,S4,884574727,2001,44543,0,428,2930                    
2026-10-06T20:33:05.794	TEL,2878,S4,884584727,2001,44543,0,428,2930                    
2026-10-06T20:33:05.794	TEL,2879,S4,884594727,2001,44543,0,433,2933                    
2026-10-06T20:33:06.404	TEL,2880,S4,884604727,2001,44543,0,436,2933                    
2026-10-06T20:33:06.404	TEL,2881,S4,884614727,2001,44543,0,442,2937                    
2026-10-06T20:33:06.404	TEL,2882,S4,884624727,2001,44543,0,442,2937                    
2026-10-06T20:33:06.404	TEL,2883,S4,884634727,2001,44543,0,448,2941                    
2026-10-06T20:33:06.404	TEL,2884,S4,884644727,2001,44543,0,436,2941                    
2026-10-06T20:33:06.404	TEL,2885,S4,884654727,2001,44543,0,433,2937                    
2026-10-06T20:33:06.404	TEL,2886,S4,884664727,2001,44543,0,439,2937                    
2026-10-06T20:33:06.404	TEL,2887,S4,884674727,2001,44543,0,433,2933                    
2026-10-06T20:33:06.404	TEL,2888,S4,884684727,2001,44543,0,433,2933                    
2026-10-06T20:33:06.404	TEL,2889,S4,884694727,2001,44543,0,428,2930                    
2026-10-06T20:33:06.404	TEL,2890,S4,884704727,2001,44543,0,428,2930                    
2026-10-06T20:33:06.404	TEL,2891,S4,884714727,2001,44543,0,433,2933                    
2026-10-06T20:33:06.404	TEL,2892,S4,884724727,2001,44543,0,433,2933                    
2026-10-06T20:33:06.404	TEL,2893,S4,884734727,2001,44543,0,433,2933                    
2026-10-06T20:33:06.404	TEL,2894,S4,884744727,2001,44543,0,433,2933                    
2026-10-06T20:33:06.404	TEL,2895,S4,884754727,2001,44543,0,433,2933                    
2026-10-06T20:33:06.404	TEL,2896,S4,884764727,2001,44543,0,433,2933                    
2026-10-06T20:33:06.404	TEL,2897,S4,884774727,2001,44543,0,428,2930                    
2026-10-06T20:33:06.404	TEL,2898,S4,884784727,2001,44543,0,428,2930                    
2026-10-06T20:33:06.404	TEL,2899,S4,884794727,2001,44543,0,436,2937                    
2026-10-06T20:33:06.404	TEL,2900,S4,884804727,2001,44543,0,436,2937                    
2026-10-06T20:33:06.404	TEL,2901,S4,884814727,2001,44543,0,436,2937                    
2026-10-06T20:33:06.404	TEL,2902,S4,884824727,2001,44543,0,442,2937                    
2026-10-06T20:33:06.404	TEL,2903,S4,884834727,2001,44543,0,436,2933                    
2026-10-06T20:33:06.404	TEL,2904,S4,884844727,2001,44543,0,433,2933                    
2026-10-06T20:33:06.404	TEL,2905,S4,884854727,2001,44543,0,436,2937                    
2026-10-06T20:33:06.404	TEL,2906,S4,884864727,2001,44543,0,439,2937                    
2026-10-06T20:33:06.404	TEL,2907,S4,884874727,2001,44543,0,430,2928                    
2026-10-06T20:33:06.404	TEL,2908,S4,884884727,2001,44543,0,436,2928                    
2026-10-06T20:33:06.404	TEL,2909,S4,884894727,2001,44543,0,448,2941                    
2026-10-06T20:33:06.405	TEL,2910,S4,884904727,2001,44543,0,439,2941                    
2026-10-06T20:33:06.405	TEL,2911,S4,884914727,2001,44543,0,436,2937                    
2026-10-06T20:33:06.405	TEL,2912,S4,884924727,2001,44543,0,428,2937                    
2026-10-06T20:33:06.405	TEL,2913,S4,884934727,2001,44543,0,422,2930                    
2026-10-06T20:33:06.405	TEL,2914,S4,884944727,2001,44543,0,430,2930                    
2026-10-06T20:33:06.405	TEL,2915,S4,884954727,2001,44543,0,439,2937                    
2026-10-06T20:33:06.405	TEL,2916,S4,884964727,2001,44543,0,436,2937                    
2026-10-06T20:33:06.405	TEL,2917,S4,884974727,2001,44543,0,433,2933                    
2026-10-06T20:33:06.405	TEL,2918,S4,884984727,2001,44543,0,442,2933                    
2026-10-06T20:33:06.405	TEL,2919,S4,884994727,2001,44543,0,448,2941                    
2026-10-06T20:33:06.405	BTN,35,S4,PRESSED,885000051,885000058                          
2026-10-06T20:33:06.405	TEL,2920,S4,885004728,2003,44543,0,448,2941                    
2026-10-06T20:33:06.405	TEL,2921,S4,885014727,2001,44543,0,442,2933                    
2026-10-06T20:33:06.405	TEL,2922,S4,885024727,2001,44543,0,433,2933                    
2026-10-06T20:33:06.405	TEL,2923,S4,885034727,2001,44543,0,433,2933                    
2026-10-06T20:33:06.405	TEL,2924,S4,885044727,2001,44543,0,433,2933                    
2026-10-06T20:33:06.405	TEL,2925,S4,885054727,2001,44543,0,433,2933                    
2026-10-06T20:33:06.405	TEL,2926,S4,885064727,2001,44543,0,433,2933                    
2026-10-06T20:33:06.405	TEL,2927,S4,885074727,2001,44543,0,439,2941                    
2026-10-06T20:33:06.405	TEL,2928,S4,885084727,2001,44543,0,442,2941                    
2026-10-06T20:33:06.405	TEL,2929,S4,885094727,2001,44543,0,433,2933                    
2026-10-06T20:33:06.405	TEL,2930,S4,885104727,2001,44543,0,433,2933                    
2026-10-06T20:33:06.405	TEL,2931,S4,885114727,2001,44543,0,428,2930                    
2026-10-06T20:33:06.405	TEL,2932,S4,885124727,2001,44543,0,428,2930                    
2026-10-06T20:33:06.405	TEL,2933,S4,885134727,2001,44543,0,433,2933                    
2026-10-06T20:33:06.405	TEL,2934,S4,885144727,2001,44543,0,442,2933                    
2026-10-06T20:33:06.405	TEL,2935,S4,885154727,2001,44543,0,442,2933                    
2026-10-06T20:33:06.405	TEL,2936,S4,885164727,2001,44543,0,436,2933                    
2026-10-06T20:33:06.405	TEL,2937,S4,885174727,2001,44543,0,442,2937                    
2026-10-06T20:33:06.405	TEL,2938,S4,885184727,2001,44543,0,436,2937                    
2026-10-06T20:33:06.405	TEL,2939,S4,885194727,2001,44543,0,430,2932                    
2026-10-06T20:33:06.405	TEL,2940,S4,885204727,2001,44543,0,428,2932                    
2026-10-06T20:33:07.012	TEL,2941,S4,885214727,2001,44543,0,430,2933                    
2026-10-06T20:33:07.012	TEL,2942,S4,885224727,2001,44543,0,433,2933                    
2026-10-06T20:33:07.012	TEL,2943,S4,885234727,2001,44543,0,439,2937                    
2026-10-06T20:33:07.012	TEL,2944,S4,885244727,2001,44543,0,439,2937                    
2026-10-06T20:33:07.012	TEL,2945,S4,885254727,2001,44543,0,439,2937                    
2026-10-06T20:33:07.012	TEL,2946,S4,885264727,2001,44543,0,442,2937                    
2026-10-06T20:33:07.012	TEL,2947,S4,885274727,2001,44543,0,433,2928                    
2026-10-06T20:33:07.012	TEL,2948,S4,885284727,2001,44543,0,436,2928                    
2026-10-06T20:33:07.012	TEL,2949,S4,885294727,2001,44543,0,442,2933                    
2026-10-06T20:33:07.012	TEL,2950,S4,885304727,2001,44543,0,442,2933                    
2026-10-06T20:33:07.012	TEL,2951,S4,885314727,2001,44543,0,445,2937                    
2026-10-06T20:33:07.012	TEL,2952,S4,885324727,2001,44543,0,430,2937                    
2026-10-06T20:33:07.012	TEL,2953,S4,885334727,2001,44543,0,428,2933                    
2026-10-06T20:33:07.012	TEL,2954,S4,885344727,2001,44543,0,430,2933                    
2026-10-06T20:33:07.012	TEL,2955,S4,885354727,2001,44543,0,433,2937                    
2026-10-06T20:33:07.012	TEL,2956,S4,885364727,2001,44543,0,436,2937                    
2026-10-06T20:33:07.012	TEL,2957,S4,885374727,2001,44543,0,436,2937                    
2026-10-06T20:33:07.012	TEL,2958,S4,885384727,2001,44543,0,433,2937                    
2026-10-06T20:33:07.012	TEL,2959,S4,885394727,2001,44543,0,433,2937                    
2026-10-06T20:33:07.012	TEL,2960,S4,885404727,2001,44543,0,436,2937                    
2026-10-06T20:33:07.012	TEL,2961,S4,885414727,2001,44543,0,436,2937                    
2026-10-06T20:33:07.012	TEL,2962,S4,885424727,2001,44543,0,445,2937                    
2026-10-06T20:33:07.012	TEL,2963,S4,885434727,2001,44543,0,445,2937                    
2026-10-06T20:33:07.012	TEL,2964,S4,885444727,2001,44543,0,436,2937                    
2026-10-06T20:33:07.012	TEL,2965,S4,885454727,2001,44543,0,433,2933                    
2026-10-06T20:33:07.012	TEL,2966,S4,885464727,2001,44543,0,433,2933                    
2026-10-06T20:33:07.012	TEL,2967,S4,885474727,2001,44543,0,436,2935                    
2026-10-06T20:33:07.012	TEL,2968,S4,885484727,2001,44543,0,436,2935                    
2026-10-06T20:33:07.012	TEL,2969,S4,885494727,2001,44543,0,439,2937                    
2026-10-06T20:33:07.012	TEL,2970,S4,885504727,2001,44543,0,442,2937                    
2026-10-06T20:33:07.012	TEL,2971,S4,885514727,2001,44543,0,442,2937                    
2026-10-06T20:33:07.012	TEL,2972,S4,885524727,2001,44543,0,439,2937                    
2026-10-06T20:33:07.012	TEL,2973,S4,885534727,2001,44543,0,433,2933                    
2026-10-06T20:33:07.012	TEL,2974,S4,885544727,2001,44543,0,433,2933                    
2026-10-06T20:33:07.012	TEL,2975,S4,885554727,2001,44543,0,439,2937                    
2026-10-06T20:33:07.012	TEL,2976,S4,885564727,2001,44543,0,433,2937                    
2026-10-06T20:33:07.012	BTN,36,S4,PRESSED,885571057,885571064                          
2026-10-06T20:33:07.012	TEL,2977,S4,885574728,2003,44543,0,433,2937                    
2026-10-06T20:33:07.012	TEL,2978,S4,885584727,2002,44543,0,436,2937                    
2026-10-06T20:33:07.012	TEL,2979,S4,885594727,2001,44543,0,428,2930                    
2026-10-06T20:33:07.012	TEL,2980,S4,885604727,2001,44543,0,430,2930                    
2026-10-06T20:33:07.012	TEL,2981,S4,885614727,2001,44543,0,430,2930                    
2026-10-06T20:33:07.012	TEL,2982,S4,885624727,2001,44543,0,430,2930                    
2026-10-06T20:33:07.012	TEL,2983,S4,885634727,2001,44543,0,430,2930                    
2026-10-06T20:33:07.012	TEL,2984,S4,885644727,2001,44543,0,430,2930                    
2026-10-06T20:33:07.012	TEL,2985,S4,885654727,2001,44543,0,433,2933                    
2026-10-06T20:33:07.012	TEL,2986,S4,885664727,2001,44543,0,433,2933                    
2026-10-06T20:33:07.012	TEL,2987,S4,885674727,2001,44543,0,439,2941                    
2026-10-06T20:33:07.012	TEL,2988,S4,885684727,2001,44543,0,439,2941                    
2026-10-06T20:33:07.012	TEL,2989,S4,885694727,2001,44543,0,433,2933                    
2026-10-06T20:33:07.012	TEL,2990,S4,885704727,2001,44543,0,422,2933                    
2026-10-06T20:33:07.012	TEL,2991,S4,885714727,2001,44543,0,416,2928                    
2026-10-06T20:33:07.012	TEL,2992,S4,885724727,2001,44543,0,419,2928                    
2026-10-06T20:33:07.012	TEL,2993,S4,885734727,2001,44543,0,428,2937                    
2026-10-06T20:33:07.012	TEL,2994,S4,885744727,2001,44543,0,439,2937                    
2026-10-06T20:33:07.012	TEL,2995,S4,885754727,2001,44543,0,439,2937                    
2026-10-06T20:33:07.012	TEL,2996,S4,885764727,2001,44543,0,439,2937                    
2026-10-06T20:33:07.012	TEL,2997,S4,885774727,2001,44543,0,439,2939                    
2026-10-06T20:33:07.012	TEL,2998,S4,885784727,2001,44543,0,442,2939                    
2026-10-06T20:33:07.012	TEL,2999,S4,885794727,2001,44543,0,433,2930                    
2026-10-06T20:33:07.012	TEL,3000,S4,885804727,2001,44543,0,428,2930                    
2026-10-06T20:33:07.012	TEL,3001,S4,885814727,2001,44543,0,436,2937                    
2026-10-06T20:33:07.624	TEL,3002,S4,885824727,2001,44543,0,425,2937                    
2026-10-06T20:33:07.624	TEL,3003,S4,885834727,2001,44543,0,428,2941                    
2026-10-06T20:33:07.624	TEL,3004,S4,885844727,2001,44543,0,439,2941                    
2026-10-06T20:33:07.624	TEL,3005,S4,885854727,2001,44543,0,436,2937                    
2026-10-06T20:33:07.624	TEL,3006,S4,885864727,2001,44543,0,439,2937                    
2026-10-06T20:33:07.624	TEL,3007,S4,885874727,2001,44543,0,439,2937                    
2026-10-06T20:33:07.624	TEL,3008,S4,885884727,2001,44543,0,430,2937                    
2026-10-06T20:33:07.624	TEL,3009,S4,885894727,2001,44543,0,433,2941                    
2026-10-06T20:33:07.624	TEL,3010,S4,885904727,2001,44543,0,439,2941                    
2026-10-06T20:33:07.624	TEL,3011,S4,885914727,2001,44543,0,428,2930                    
2026-10-06T20:33:07.624	TEL,3012,S4,885924727,2001,44543,0,436,2930                    
2026-10-06T20:33:07.624	TEL,3013,S4,885934727,2001,44543,0,439,2933                    
2026-10-06T20:33:07.624	TEL,3014,S4,885944727,2001,44543,0,433,2933                    
2026-10-06T20:33:07.624	TEL,3015,S4,885954727,2001,44543,0,428,2930                    
2026-10-06T20:33:07.624	TEL,3016,S4,885964727,2001,44543,0,428,2930                    
2026-10-06T20:33:07.624	TEL,3017,S4,885974727,2001,44543,0,428,2930                    
2026-10-06T20:33:07.624	TEL,3018,S4,885984727,2001,44543,0,439,2930                    
2026-10-06T20:33:07.624	TEL,3019,S4,885994727,2001,44543,0,448,2941                    
2026-10-06T20:33:07.624	TEL,3020,S4,886004727,2001,44543,0,439,2941                    
2026-10-06T20:33:07.624	TEL,3021,S4,886014727,2001,44543,0,433,2933                    
2026-10-06T20:33:07.624	TEL,3022,S4,886024727,2001,44543,0,433,2933                    
2026-10-06T20:33:07.624	TEL,3023,S4,886034727,2001,44543,0,439,2941                    
2026-10-06T20:33:07.624	TEL,3024,S4,886044727,2001,44543,0,442,2941                    
2026-10-06T20:33:07.624	TEL,3025,S4,886054727,2001,44543,0,433,2932                    
2026-10-06T20:33:07.624	TEL,3026,S4,886064727,2001,44543,0,430,2932                    
2026-10-06T20:33:07.624	TEL,3027,S4,886074727,2001,44543,0,433,2933                    
2026-10-06T20:33:07.624	TEL,3028,S4,886084727,2001,44543,0,433,2933                    
2026-10-06T20:33:07.624	TEL,3029,S4,886094727,2001,44543,0,430,2928                    
2026-10-06T20:33:07.624	TEL,3030,S4,886104727,2001,44543,0,436,2928                    
2026-10-06T20:33:07.624	TEL,3031,S4,886114727,2001,44543,0,439,2930                    
2026-10-06T20:33:07.624	TEL,3032,S4,886124727,2001,44543,0,428,2930                    
2026-10-06T20:33:07.624	TEL,3033,S4,886134727,2001,44543,0,436,2937                    
2026-10-06T20:33:07.624	TEL,3034,S4,886144727,2001,44543,0,436,2937                    
2026-10-06T20:33:07.624	TEL,3035,S4,886154727,2001,44543,0,433,2933                    
2026-10-06T20:33:07.624	TEL,3036,S4,886164727,2001,44543,0,433,2933                    
2026-10-06T20:33:07.624	TEL,3037,S4,886174727,2001,44543,0,439,2941                    
2026-10-06T20:33:07.624	TEL,3038,S4,886184727,2001,44543,0,436,2941                    
2026-10-06T20:33:07.624	TEL,3039,S4,886194727,2001,44543,0,436,2941                    
2026-10-06T20:33:07.624	TEL,3040,S4,886204727,2001,44543,0,445,2941                    
2026-10-06T20:33:07.624	TEL,3041,S4,886214727,2001,44543,0,436,2933                    
2026-10-06T20:33:07.624	BTN,37,S4,PRESSED,886222062,886222069                          
2026-10-06T20:33:07.624	TEL,3042,S4,886224728,2003,44543,0,433,2933                    
2026-10-06T20:33:07.624	TEL,3043,S4,886234742,2017,44543,0,433,2933                    
2026-10-06T20:33:07.624	TEL,3044,S4,886244727,2001,44543,0,439,2933                    
2026-10-06T20:33:07.624	TEL,3045,S4,886254727,2001,44543,0,448,2941                    
2026-10-06T20:33:07.624	TEL,3046,S4,886264727,2001,44543,0,439,2941                    
2026-10-06T20:33:07.624	TEL,3047,S4,886274727,2001,44543,0,436,2937                    
2026-10-06T20:33:07.624	TEL,3048,S4,886284727,2001,44543,0,445,2937                    
2026-10-06T20:33:07.624	TEL,3049,S4,886294727,2001,44543,0,439,2930                    
2026-10-06T20:33:07.624	TEL,3050,S4,886304727,2001,44543,0,433,2930                    
2026-10-06T20:33:07.624	TEL,3051,S4,886314727,2001,44543,0,442,2937                    
2026-10-06T20:33:07.624	TEL,3052,S4,886324727,2001,44543,0,439,2937                    
2026-10-06T20:33:07.624	TEL,3053,S4,886334727,2001,44543,0,439,2937                    
2026-10-06T20:33:07.624	TEL,3054,S4,886344727,2001,44543,0,436,2937                    
2026-10-06T20:33:07.624	TEL,3055,S4,886354727,2001,44543,0,439,2941                    
2026-10-06T20:33:07.624	TEL,3056,S4,886364727,2001,44543,0,439,2941                    
2026-10-06T20:33:07.624	TEL,3057,S4,886374727,2001,44543,0,433,2933                    
2026-10-06T20:33:07.624	TEL,3058,S4,886384727,2001,44543,0,433,2933                    
2026-10-06T20:33:07.624	TEL,3059,S4,886394727,2001,44543,0,433,2933                    
2026-10-06T20:33:07.624	TEL,3060,S4,886404727,2001,44543,0,433,2933                    
2026-10-06T20:33:07.624	TEL,3061,S4,886414727,2001,44543,0,428,2930                    
2026-10-06T20:33:07.624	TEL,3062,S4,886424727,2001,44543,0,428,2930                    
2026-10-06T20:33:08.231	TEL,3063,S4,886434727,2001,44543,0,428,2930                    
2026-10-06T20:33:08.231	TEL,3064,S4,886444727,2001,44543,0,428,2930                    
2026-10-06T20:33:08.231	TEL,3065,S4,886454727,2001,44543,0,436,2937                    
2026-10-06T20:33:08.231	TEL,3066,S4,886464727,2001,44543,0,436,2937                    
2026-10-06T20:33:08.231	TEL,3067,S4,886474727,2001,44543,0,430,2932                    
2026-10-06T20:33:08.231	TEL,3068,S4,886484727,2001,44543,0,430,2932                    
2026-10-06T20:33:08.231	TEL,3069,S4,886494727,2001,44543,0,428,2930                    
2026-10-06T20:33:08.231	TEL,3070,S4,886504727,2001,44543,0,428,2930                    
2026-10-06T20:33:08.231	TEL,3071,S4,886514727,2001,44543,0,439,2941                    
2026-10-06T20:33:08.231	TEL,3072,S4,886524727,2001,44543,0,445,2941                    
2026-10-06T20:33:08.231	TEL,3073,S4,886534727,2001,44543,0,433,2930                    
2026-10-06T20:33:08.231	TEL,3074,S4,886544727,2001,44543,0,430,2930                    
2026-10-06T20:33:08.231	TEL,3075,S4,886554727,2001,44543,0,433,2933                    
2026-10-06T20:33:08.231	TEL,3076,S4,886564727,2001,44543,0,433,2933                    
2026-10-06T20:33:08.231	TEL,3077,S4,886574727,2001,44543,0,439,2941                    
2026-10-06T20:33:08.231	TEL,3078,S4,886584727,2001,44543,0,439,2941                    
2026-10-06T20:33:08.231	TEL,3079,S4,886594727,2001,44543,0,428,2930                    
2026-10-06T20:33:08.231	TEL,3080,S4,886604727,2001,44543,0,425,2930                    
2026-10-06T20:33:08.231	TEL,3081,S4,886614727,2001,44543,0,425,2930                    
2026-10-06T20:33:08.231	TEL,3082,S4,886624727,2001,44543,0,425,2930                    
2026-10-06T20:33:08.231	TEL,3083,S4,886634727,2001,44543,0,428,2933                    
2026-10-06T20:33:08.231	TEL,3084,S4,886644727,2001,44543,0,433,2933                    
2026-10-06T20:33:08.231	TEL,3085,S4,886654727,2001,44543,0,436,2937                    
2026-10-06T20:33:08.231	TEL,3086,S4,886664727,2001,44543,0,439,2937                    
2026-10-06T20:33:08.231	TEL,3087,S4,886674727,2001,44543,0,439,2937                    
2026-10-06T20:33:08.231	TEL,3088,S4,886684727,2001,44543,0,436,2937                    
2026-10-06T20:33:08.231	TEL,3089,S4,886694727,2001,44543,0,428,2930                    
2026-10-06T20:33:08.231	TEL,3090,S4,886704727,2001,44543,0,428,2930                    
2026-10-06T20:33:08.231	TEL,3091,S4,886714727,2001,44543,0,433,2933                    
2026-10-06T20:33:08.231	TEL,3092,S4,886724727,2001,44543,0,428,2933                    
2026-10-06T20:33:08.231	TEL,3093,S4,886734727,2001,44543,0,425,2930                    
2026-10-06T20:33:08.231	TEL,3094,S4,886744727,2001,44543,0,428,2930                    
2026-10-06T20:33:08.231	TEL,3095,S4,886754727,2001,44543,0,433,2933                    
2026-10-06T20:33:08.231	TEL,3096,S4,886764727,2001,44543,0,436,2933                    
2026-10-06T20:33:08.231	TEL,3097,S4,886774727,2001,44543,0,445,2942                    
2026-10-06T20:33:08.231	TEL,3098,S4,886784727,2001,44543,0,442,2942                    
2026-10-06T20:33:08.231	TEL,3099,S4,886794727,2001,44543,0,439,2937                    
2026-10-06T20:33:08.231	TEL,3100,S4,886804727,2001,44543,0,439,2937                    
2026-10-06T20:33:08.231	TEL,3101,S4,886814727,2001,44543,0,439,2937                    
2026-10-06T20:33:08.231	TEL,3102,S4,886824727,2001,44543,0,430,2937                    
2026-10-06T20:33:08.231	TEL,3103,S4,886834727,2001,44543,0,430,2937                    
2026-10-06T20:33:08.231	TEL,3104,S4,886844727,2001,44543,0,436,2937                    
2026-10-06T20:33:08.231	TEL,3105,S4,886854727,2001,44543,0,433,2933                    
2026-10-06T20:33:08.231	BTN,38,S4,PRESSED,886859068,886859075                          
2026-10-06T20:33:08.231	TEL,3106,S4,886864728,2003,44543,0,436,2933                    
2026-10-06T20:33:08.231	TEL,3107,S4,886874727,2001,44543,0,436,2933                    
2026-10-06T20:33:08.231	TEL,3108,S4,886884727,2001,44543,0,433,2933                    
2026-10-06T20:33:08.231	TEL,3109,S4,886894727,2001,44543,0,436,2937                    
2026-10-06T20:33:08.231	TEL,3110,S4,886904727,2001,44543,0,436,2937                    
2026-10-06T20:33:08.231	TEL,3111,S4,886914727,2001,44543,0,439,2941                    
2026-10-06T20:33:08.231	TEL,3112,S4,886924727,2001,44543,0,451,2941                    
2026-10-06T20:33:08.231	TEL,3113,S4,886934727,2001,44543,0,448,2937                    
2026-10-06T20:33:08.231	TEL,3114,S4,886944727,2001,44543,0,439,2937                    
2026-10-06T20:33:08.231	TEL,3115,S4,886954727,2001,44543,0,442,2941                    
2026-10-06T20:33:08.231	TEL,3116,S4,886964727,2001,44543,0,439,2941                    
2026-10-06T20:33:08.231	TEL,3117,S4,886974727,2001,44543,0,433,2933                    
2026-10-06T20:33:08.231	TEL,3118,S4,886984727,2001,44543,0,433,2933                    
2026-10-06T20:33:08.231	TEL,3119,S4,886994727,2001,44543,0,430,2930                    
2026-10-06T20:33:08.231	TEL,3120,S4,887004727,2001,44543,0,428,2930                    
2026-10-06T20:33:08.231	TEL,3121,S4,887014727,2001,44543,0,433,2933                    
2026-10-06T20:33:08.231	TEL,3122,S4,887024727,2001,44543,0,433,2933                    
2026-10-06T20:33:08.231	TEL,3123,S4,887034727,2001,44543,0,433,2933                    
2026-10-06T20:33:08.841	TEL,3124,S4,887044727,2001,44543,0,433,2933                    
2026-10-06T20:33:08.841	TEL,3125,S4,887054727,2001,44543,0,433,2933                    
2026-10-06T20:33:08.841	TEL,3126,S4,887064727,2001,44543,0,433,2933                    
2026-10-06T20:33:08.841	TEL,3127,S4,887074727,2001,44543,0,430,2932                    
2026-10-06T20:33:08.841	TEL,3128,S4,887084727,2001,44543,0,425,2932                    
2026-10-06T20:33:08.841	TEL,3129,S4,887094727,2001,44543,0,428,2933                    
2026-10-06T20:33:08.841	TEL,3130,S4,887104727,2001,44543,0,433,2933                    
2026-10-06T20:33:08.841	TEL,3131,S4,887114727,2001,44543,0,433,2933                    
2026-10-06T20:33:08.841	TEL,3132,S4,887124727,2001,44543,0,433,2933                    
2026-10-06T20:33:08.841	TEL,3133,S4,887134727,2001,44543,0,428,2930                    
2026-10-06T20:33:08.841	TEL,3134,S4,887144727,2001,44543,0,428,2930                    
2026-10-06T20:33:08.841	TEL,3135,S4,887154727,2001,44543,0,436,2937                    
2026-10-06T20:33:08.841	TEL,3136,S4,887164727,2001,44543,0,430,2937                    
2026-10-06T20:33:08.841	TEL,3137,S4,887174727,2001,44543,0,430,2937                    
2026-10-06T20:33:08.841	TEL,3138,S4,887184727,2001,44543,0,436,2937                    
2026-10-06T20:33:08.841	TEL,3139,S4,887194727,2001,44543,0,428,2930                    
2026-10-06T20:33:08.841	TEL,3140,S4,887204727,2001,44543,0,428,2930                    
2026-10-06T20:33:08.841	TEL,3141,S4,887214727,2001,44543,0,428,2930                    
2026-10-06T20:33:08.841	TEL,3142,S4,887224727,2001,44543,0,428,2930                    
2026-10-06T20:33:08.841	TEL,3143,S4,887234727,2001,44543,0,430,2932                    
2026-10-06T20:33:08.841	TEL,3144,S4,887244727,2001,44543,0,430,2932                    
2026-10-06T20:33:08.841	TEL,3145,S4,887254727,2001,44543,0,436,2937                    
2026-10-06T20:33:08.841	TEL,3146,S4,887264727,2001,44543,0,436,2937                    
2026-10-06T20:33:08.841	TEL,3147,S4,887274727,2001,44543,0,436,2937                    
2026-10-06T20:33:08.841	TEL,3148,S4,887284727,2001,44543,0,433,2937                    
2026-10-06T20:33:08.841	TEL,3149,S4,887294727,2001,44543,0,433,2937                    
2026-10-06T20:33:08.841	TEL,3150,S4,887304727,2001,44543,0,436,2937                    
2026-10-06T20:33:08.841	TEL,3151,S4,887314727,2001,44543,0,439,2941                    
2026-10-06T20:33:08.841	TEL,3152,S4,887324727,2001,44543,0,439,2941                    
2026-10-06T20:33:08.841	TEL,3153,S4,887334727,2001,44543,0,433,2933                    
2026-10-06T20:33:08.841	TEL,3154,S4,887344727,2001,44543,0,428,2933                    
2026-10-06T20:33:08.841	TEL,3155,S4,887354727,2001,44543,0,428,2933                    
2026-10-06T20:33:08.841	TEL,3156,S4,887364727,2001,44543,0,422,2933                    
2026-10-06T20:33:08.841	TEL,3157,S4,887374727,2001,44543,0,419,2930                    
2026-10-06T20:33:08.841	TEL,3158,S4,887384727,2001,44543,0,425,2930                    
2026-10-06T20:33:08.841	TEL,3159,S4,887394727,2001,44543,0,430,2937                    
2026-10-06T20:33:08.841	TEL,3160,S4,887404727,2001,44543,0,442,2937                    
2026-10-06T20:33:08.841	TEL,3161,S4,887414727,2001,44543,0,433,2930                    
2026-10-06T20:33:08.841	TEL,3162,S4,887424727,2001,44543,0,428,2930                    
2026-10-06T20:33:08.841	TEL,3163,S4,887434727,2001,44543,0,433,2933                    
2026-10-06T20:33:08.841	TEL,3164,S4,887444727,2001,44543,0,428,2933                    
2026-10-06T20:33:08.841	TEL,3165,S4,887454727,2001,44543,0,430,2937                    
2026-10-06T20:33:08.841	TEL,3166,S4,887464727,2001,44543,0,425,2937                    
2026-10-06T20:33:08.841	TEL,3167,S4,887474727,2001,44543,0,425,2937                    
2026-10-06T20:33:08.841	TEL,3168,S4,887484727,2001,44543,0,436,2937                    
2026-10-06T20:33:08.841	TEL,3169,S4,887494727,2001,44543,0,436,2937                    
2026-10-06T20:33:08.841	TEL,3170,S4,887504727,2001,44543,0,439,2937                    
2026-10-06T20:33:08.841	TEL,3171,S4,887514727,2001,44543,0,439,2937                    
2026-10-06T20:33:08.841	TEL,3172,S4,887524727,2001,44543,0,436,2937                    
2026-10-06T20:33:08.841	BTN,39,S4,PRESSED,887533073,887533080                          
2026-10-06T20:33:08.841	TEL,3173,S4,887534768,2043,44543,0,436,2937                    
2026-10-06T20:33:08.841	TEL,3174,S4,887544742,2017,44543,0,439,2937                    
2026-10-06T20:33:08.841	TEL,3175,S4,887554727,2001,44543,0,439,2937                    
2026-10-06T20:33:08.841	TEL,3176,S4,887564727,2001,44543,0,430,2937                    
2026-10-06T20:33:08.841	TEL,3177,S4,887574727,2001,44543,0,430,2937                    
2026-10-06T20:33:08.841	TEL,3178,S4,887584727,2001,44543,0,436,2937                    
2026-10-06T20:33:08.841	TEL,3179,S4,887594727,2001,44543,0,428,2928                    
2026-10-06T20:33:08.841	TEL,3180,S4,887604727,2001,44543,0,428,2928                    
2026-10-06T20:33:08.841	TEL,3181,S4,887614727,2001,44543,0,433,2933                    
2026-10-06T20:33:08.841	TEL,3182,S4,887624727,2001,44543,0,433,2933                    
2026-10-06T20:33:08.841	TEL,3183,S4,887634727,2001,44543,0,439,2941                    
2026-10-06T20:33:08.841	TEL,3184,S4,887644727,2001,44543,0,439,2941                    
2026-10-06T20:33:09.461	TEL,3185,S4,887654727,2001,44543,0,436,2937                    
2026-10-06T20:33:09.461	TEL,3186,S4,887664727,2001,44543,0,442,2937                    
2026-10-06T20:33:09.461	TEL,3187,S4,887674727,2001,44543,0,433,2930                    
2026-10-06T20:33:09.461	TEL,3188,S4,887684727,2001,44543,0,430,2930                    
2026-10-06T20:33:09.461	TEL,3189,S4,887694727,2001,44543,0,430,2930                    
2026-10-06T20:33:09.461	TEL,3190,S4,887704727,2001,44543,0,430,2930                    
2026-10-06T20:33:09.461	TEL,3191,S4,887714727,2001,44543,0,439,2937                    
2026-10-06T20:33:09.461	TEL,3192,S4,887724727,2001,44543,0,439,2937                    
2026-10-06T20:33:09.461	TEL,3193,S4,887734727,2001,44543,0,430,2930                    
2026-10-06T20:33:09.461	TEL,3194,S4,887744727,2001,44543,0,422,2930                    
2026-10-06T20:33:09.461	TEL,3195,S4,887754727,2001,44543,0,430,2941                    
2026-10-06T20:33:09.461	TEL,3196,S4,887764727,2001,44543,0,439,2941                    
2026-10-06T20:33:09.461	TEL,3197,S4,887774727,2001,44543,0,439,2941                    
2026-10-06T20:33:09.461	TEL,3198,S4,887784727,2001,44543,0,442,2941                    
2026-10-06T20:33:09.461	TEL,3199,S4,887794727,2001,44543,0,439,2937                    
2026-10-06T20:33:09.461	TEL,3200,S4,887804727,2001,44543,0,442,2937                    
2026-10-06T20:33:09.461	TEL,3201,S4,887814727,2001,44543,0,448,2941                    
2026-10-06T20:33:09.461	TEL,3202,S4,887824727,2001,44543,0,448,2941                    
2026-10-06T20:33:09.461	TEL,3203,S4,887834727,2001,44543,0,448,2941                    
2026-10-06T20:33:09.461	TEL,3204,S4,887844727,2001,44543,0,439,2941                    
2026-10-06T20:33:09.461	TEL,3205,S4,887854727,2001,44543,0,433,2933                    
2026-10-06T20:33:09.461	TEL,3206,S4,887864727,2001,44543,0,433,2933                    
2026-10-06T20:33:09.461	TEL,3207,S4,887874727,2001,44543,0,428,2930                    
2026-10-06T20:33:09.461	TEL,3208,S4,887884727,2001,44543,0,428,2930                    
2026-10-06T20:33:09.461	TEL,3209,S4,887894727,2001,44543,0,439,2941                    
2026-10-06T20:33:09.461	TEL,3210,S4,887904727,2001,44543,0,448,2941                    
2026-10-06T20:33:09.461	TEL,3211,S4,887914727,2001,44543,0,448,2941                    
2026-10-06T20:33:09.461	TEL,3212,S4,887924727,2001,44543,0,439,2941                    
2026-10-06T20:33:09.461	TEL,3213,S4,887934727,2001,44543,0,428,2930                    
2026-10-06T20:33:09.461	TEL,3214,S4,887944727,2001,44543,0,428,2930                    
2026-10-06T20:33:09.461	TEL,3215,S4,887954727,2001,44543,0,439,2941                    
2026-10-06T20:33:09.461	TEL,3216,S4,887964727,2001,44543,0,442,2941                    
2026-10-06T20:33:09.461	TEL,3217,S4,887974727,2001,44543,0,433,2933                    
2026-10-06T20:33:09.461	TEL,3218,S4,887984727,2001,44543,0,433,2933                    
2026-10-06T20:33:09.461	TEL,3219,S4,887994727,2001,44543,0,433,2933                    
2026-10-06T20:33:09.461	TEL,3220,S4,888004727,2001,44543,0,433,2933                    
2026-10-06T20:33:09.461	TEL,3221,S4,888014727,2001,44543,0,430,2930                    
2026-10-06T20:33:09.461	TEL,3222,S4,888024727,2001,44543,0,428,2930                    
2026-10-06T20:33:09.461	TEL,3223,S4,888034727,2001,44543,0,428,2930                    
2026-10-06T20:33:09.461	TEL,3224,S4,888044727,2001,44543,0,422,2930                    
2026-10-06T20:33:09.461	TEL,3225,S4,888054727,2001,44543,0,422,2930                    
2026-10-06T20:33:09.461	TEL,3226,S4,888064727,2001,44543,0,422,2930                    
2026-10-06T20:33:09.461	TEL,3227,S4,888074727,2001,44543,0,430,2941                    
2026-10-06T20:33:09.461	TEL,3228,S4,888084727,2001,44543,0,448,2941                    
2026-10-06T20:33:09.461	TEL,3229,S4,888094727,2001,44543,0,448,2941                    
2026-10-06T20:33:09.461	TEL,3230,S4,888104727,2001,44543,0,439,2941                    
2026-10-06T20:33:09.461	TEL,3231,S4,888114727,2001,44543,0,433,2933                    
2026-10-06T20:33:09.461	TEL,3232,S4,888124727,2001,44543,0,433,2933                    
2026-10-06T20:33:09.461	TEL,3233,S4,888134727,2001,44543,0,433,2933                    
2026-10-06T20:33:09.461	TEL,3234,S4,888144727,2001,44543,0,433,2933                    
2026-10-06T20:33:09.461	TEL,3235,S4,888154727,2001,44543,0,430,2930                    
2026-10-06T20:33:09.461	TEL,3236,S4,888164727,2001,44543,0,430,2930                    
2026-10-06T20:33:09.461	TEL,3237,S4,888174727,2001,44543,0,439,2937                    
2026-10-06T20:33:09.461	TEL,3238,S4,888184727,2001,44543,0,436,2937                    
2026-10-06T20:33:09.461	TEL,3239,S4,888194727,2001,44543,0,439,2941                    
2026-10-06T20:33:09.461	TEL,3240,S4,888204727,2001,44543,0,448,2941                    
2026-10-06T20:33:09.461	TEL,3241,S4,888214727,2001,44543,0,445,2937                    
2026-10-06T20:33:09.461	TEL,3242,S4,888224727,2001,44543,0,439,2937                    
2026-10-06T20:33:09.461	TEL,3243,S4,888234727,2001,44543,0,433,2933                    
2026-10-06T20:33:09.461	TEL,3244,S4,888244727,2001,44543,0,428,2933                    
2026-10-06T20:33:09.461	TEL,3245,S4,888254727,2001,44543,0,428,2933                    
2026-10-06T20:33:09.461	TEL,3246,S4,888264727,2001,44543,0,433,2933                    
2026-10-06T20:33:10.074	TEL,3247,S4,888274727,2001,44543,0,433,2933                    
2026-10-06T20:33:10.074	TEL,3248,S4,888284727,2001,44543,0,433,2933                    
2026-10-06T20:33:10.074	TEL,3249,S4,888294727,2001,44543,0,425,2927                    
2026-10-06T20:33:10.074	TEL,3250,S4,888304727,2001,44543,0,425,2927                    
2026-10-06T20:33:10.074	BTN,40,S4,PRESSED,888308079,888308086                          
2026-10-06T20:33:10.074	TEL,3251,S4,888314728,2003,44543,0,433,2933                    
2026-10-06T20:33:10.074	TEL,3252,S4,888324727,2001,44543,0,433,2933                    
2026-10-06T20:33:10.074	TEL,3253,S4,888334727,2001,44543,0,433,2933                    
2026-10-06T20:33:10.074	TEL,3254,S4,888344727,2001,44543,0,433,2933                    
2026-10-06T20:33:10.074	TEL,3255,S4,888354727,2001,44543,0,430,2930                    
2026-10-06T20:33:10.074	TEL,3256,S4,888364727,2001,44543,0,428,2930                    
2026-10-06T20:33:10.074	TEL,3257,S4,888374727,2001,44543,0,433,2933                    
2026-10-06T20:33:10.074	TEL,3258,S4,888384727,2001,44543,0,442,2933                    
2026-10-06T20:33:10.074	TEL,3259,S4,888394727,2001,44543,0,436,2927                    
2026-10-06T20:33:10.074	TEL,3260,S4,888404727,2001,44543,0,430,2927                    
2026-10-06T20:33:10.074	TEL,3261,S4,888414727,2001,44543,0,445,2941                    
2026-10-06T20:33:10.074	TEL,3262,S4,888424727,2001,44543,0,442,2941                    
2026-10-06T20:33:10.074	TEL,3263,S4,888434727,2001,44543,0,430,2930                    
2026-10-06T20:33:10.074	TEL,3264,S4,888444727,2001,44543,0,428,2930                    
2026-10-06T20:33:10.074	TEL,3265,S4,888454727,2001,44543,0,436,2937                    
2026-10-06T20:33:10.074	TEL,3266,S4,888464727,2001,44543,0,439,2937                    
2026-10-06T20:33:10.074	TEL,3267,S4,888474727,2001,44543,0,442,2941                    
2026-10-06T20:33:10.074	TEL,3268,S4,888484727,2001,44543,0,442,2941                    
2026-10-06T20:33:10.074	TEL,3269,S4,888494727,2001,44543,0,428,2927                    
2026-10-06T20:33:10.074	TEL,3270,S4,888504727,2001,44543,0,425,2927                    
2026-10-06T20:33:10.074	TEL,3271,S4,888514727,2001,44543,0,436,2937                    
2026-10-06T20:33:10.074	TEL,3272,S4,888524727,2001,44543,0,442,2937                    
2026-10-06T20:33:10.074	TEL,3273,S4,888534727,2001,44543,0,445,2939                    
2026-10-06T20:33:10.074	TEL,3274,S4,888544727,2001,44543,0,433,2939                    
2026-10-06T20:33:10.074	TEL,3275,S4,888554727,2001,44543,0,430,2937                    
2026-10-06T20:33:10.074	TEL,3276,S4,888564727,2001,44543,0,439,2937                    
2026-10-06T20:33:10.074	TEL,3277,S4,888574727,2001,44543,0,439,2937                    
2026-10-06T20:33:10.074	TEL,3278,S4,888584727,2001,44543,0,445,2937                    
2026-10-06T20:33:10.074	TEL,3279,S4,888594727,2001,44543,0,448,2939                    
2026-10-06T20:33:10.074	TEL,3280,S4,888604727,2001,44543,0,439,2939                    
2026-10-06T20:33:10.074	TEL,3281,S4,888614727,2001,44543,0,442,2941                    
2026-10-06T20:33:10.074	TEL,3282,S4,888624727,2001,44543,0,448,2941                    
2026-10-06T20:33:10.074	TEL,3283,S4,888634727,2001,44543,0,448,2939                    
2026-10-06T20:33:10.074	TEL,3284,S4,888644727,2001,44543,0,442,2939                    
2026-10-06T20:33:10.074	TEL,3285,S4,888654727,2001,44543,0,442,2937                    
2026-10-06T20:33:10.074	TEL,3286,S4,888664727,2001,44543,0,436,2937                    
2026-10-06T20:33:10.074	TEL,3287,S4,888674727,2001,44543,0,433,2933                    
2026-10-06T20:33:10.074	TEL,3288,S4,888684727,2001,44543,0,433,2933                    
2026-10-06T20:33:10.074	TEL,3289,S4,888694727,2001,44543,0,436,2937                    
2026-10-06T20:33:10.074	TEL,3290,S4,888704727,2001,44543,0,436,2937                    
2026-10-06T20:33:10.074	TEL,3291,S4,888714727,2001,44543,0,433,2933                    
2026-10-06T20:33:10.074	TEL,3292,S4,888724727,2001,44543,0,433,2933                    
2026-10-06T20:33:10.074	TEL,3293,S4,888734727,2001,44543,0,436,2939                    
2026-10-06T20:33:10.074	TEL,3294,S4,888744727,2001,44543,0,439,2939                    
2026-10-06T20:33:10.074	TEL,3295,S4,888754727,2001,44543,0,442,2941                    
2026-10-06T20:33:10.074	TEL,3296,S4,888764727,2001,44543,0,439,2941                    
2026-10-06T20:33:10.074	TEL,3297,S4,888774727,2001,44543,0,436,2937                    
2026-10-06T20:33:10.074	TEL,3298,S4,888784727,2001,44543,0,436,2937                    
2026-10-06T20:33:10.074	TEL,3299,S4,888794727,2001,44543,0,433,2933                    
2026-10-06T20:33:10.074	TEL,3300,S4,888804727,2001,44543,0,433,2933                    
2026-10-06T20:33:10.074	TEL,3301,S4,888814727,2001,44543,0,436,2937                    
2026-10-06T20:33:10.074	TEL,3302,S4,888824727,2001,44543,0,439,2937                    
2026-10-06T20:33:10.074	TEL,3303,S4,888834727,2001,44543,0,433,2933                    
2026-10-06T20:33:10.074	TEL,3304,S4,888844727,2001,44543,0,428,2933                    
2026-10-06T20:33:10.074	TEL,3305,S4,888854727,2001,44543,0,428,2933                    
2026-10-06T20:33:10.074	TEL,3306,S4,888864727,2001,44543,0,442,2933                    
2026-10-06T20:33:10.074	TEL,3307,S4,888874727,2001,44543,0,442,2933                    
2026-10-06T20:33:10.682	TEL,3308,S4,888884727,2001,44543,0,433,2933                    
2026-10-06T20:33:10.682	TEL,3309,S4,888894727,2001,44543,0,436,2937                    
2026-10-06T20:33:10.682	TEL,3310,S4,888904727,2001,44543,0,436,2937                    
2026-10-06T20:33:10.682	TEL,3311,S4,888914727,2001,44543,0,428,2930                    
2026-10-06T20:33:10.682	TEL,3312,S4,888924727,2001,44543,0,428,2930                    
2026-10-06T20:33:10.682	TEL,3313,S4,888934727,2001,44543,0,433,2937                    
2026-10-06T20:33:10.682	TEL,3314,S4,888944727,2001,44543,0,436,2937                    
2026-10-06T20:33:10.682	TEL,3315,S4,888954727,2001,44543,0,436,2937                    
2026-10-06T20:33:10.682	TEL,3316,S4,888964727,2001,44543,0,436,2937                    
2026-10-06T20:33:10.682	TEL,3317,S4,888974727,2001,44543,0,436,2939                    
2026-10-06T20:33:10.682	TEL,3318,S4,888984727,2001,44543,0,436,2939                    
2026-10-06T20:33:10.682	TEL,3319,S4,888994727,2001,44543,0,430,2932                    
2026-10-06T20:33:10.682	TEL,3320,S4,889004727,2001,44543,0,430,2932                    
2026-10-06T20:33:10.682	BTN,41,S4,PRESSED,889008084,889008091                          
2026-10-06T20:33:10.682	TEL,3321,S4,889014728,2003,44543,0,436,2937                    
2026-10-06T20:33:10.682	TEL,3322,S4,889024727,2001,44543,0,439,2937                    
2026-10-06T20:33:10.682	TEL,3323,S4,889034727,2001,44543,0,439,2939                    
2026-10-06T20:33:10.682	TEL,3324,S4,889044727,2001,44543,0,428,2939                    
2026-10-06T20:33:10.682	TEL,3325,S4,889054727,2001,44543,0,425,2937                    
2026-10-06T20:33:10.682	TEL,3326,S4,889064727,2001,44543,0,445,2937                    
2026-10-06T20:33:10.682	TEL,3327,S4,889074727,2001,44543,0,445,2937                    
2026-10-06T20:33:10.682	TEL,3328,S4,889084727,2001,44543,0,436,2937                    
2026-10-06T20:33:10.682	TEL,3329,S4,889094727,2001,44543,0,439,2941                    
2026-10-06T20:33:10.682	TEL,3330,S4,889104727,2001,44543,0,439,2941                    
2026-10-06T20:33:10.682	TEL,3331,S4,889114727,2001,44543,0,433,2933                    
2026-10-06T20:33:10.682	TEL,3332,S4,889124727,2001,44543,0,433,2933                    
2026-10-06T20:33:10.682	TEL,3333,S4,889134727,2001,44543,0,433,2933                    
2026-10-06T20:33:10.682	TEL,3334,S4,889144727,2001,44543,0,428,2933                    
2026-10-06T20:33:10.682	TEL,3335,S4,889154727,2001,44543,0,430,2937                    
2026-10-06T20:33:10.682	TEL,3336,S4,889164727,2001,44543,0,428,2937                    
2026-10-06T20:33:10.682	TEL,3337,S4,889174727,2001,44543,0,425,2933                    
2026-10-06T20:33:10.682	TEL,3338,S4,889184727,2001,44543,0,433,2933                    
2026-10-06T20:33:10.682	TEL,3339,S4,889194727,2001,44543,0,433,2933                    
2026-10-06T20:33:10.682	TEL,3340,S4,889204727,2001,44543,0,428,2933                    
2026-10-06T20:33:10.682	TEL,3341,S4,889214727,2001,44543,0,425,2930                    
2026-10-06T20:33:10.682	TEL,3342,S4,889224727,2001,44543,0,428,2930                    
2026-10-06T20:33:10.682	TEL,3343,S4,889234727,2001,44543,0,439,2941                    
2026-10-06T20:33:10.682	TEL,3344,S4,889244727,2001,44543,0,442,2941                    
2026-10-06T20:33:10.682	TEL,3345,S4,889254727,2001,44543,0,439,2937                    
2026-10-06T20:33:10.682	TEL,3346,S4,889264727,2001,44543,0,439,2937                    
2026-10-06T20:33:10.682	TEL,3347,S4,889274727,2001,44543,0,439,2939                    
2026-10-06T20:33:10.682	TEL,3348,S4,889284727,2001,44543,0,436,2939                    
2026-10-06T20:33:10.682	TEL,3349,S4,889294727,2001,44543,0,433,2933                    
2026-10-06T20:33:10.682	TEL,3350,S4,889304727,2001,44543,0,433,2933                    
2026-10-06T20:33:10.682	TEL,3351,S4,889314727,2001,44543,0,439,2937                    
2026-10-06T20:33:10.682	TEL,3352,S4,889324727,2001,44543,0,436,2937                    
2026-10-06T20:33:10.682	TEL,3353,S4,889334727,2001,44543,0,430,2932                    
2026-10-06T20:33:10.682	TEL,3354,S4,889344727,2001,44543,0,433,2932                    
2026-10-06T20:33:10.682	TEL,3355,S4,889354727,2001,44543,0,433,2933                    
2026-10-06T20:33:10.682	TEL,3356,S4,889364727,2001,44543,0,433,2933                    
2026-10-06T20:33:10.682	TEL,3357,S4,889374727,2001,44543,0,433,2933                    
2026-10-06T20:33:10.682	TEL,3358,S4,889384727,2001,44543,0,425,2933                    
2026-10-06T20:33:10.682	TEL,3359,S4,889394727,2001,44543,0,422,2932                    
2026-10-06T20:33:10.682	TEL,3360,S4,889404727,2001,44543,0,433,2932                    
2026-10-06T20:33:10.682	TEL,3361,S4,889414727,2001,44543,0,439,2937                    
2026-10-06T20:33:10.682	TEL,3362,S4,889424727,2001,44543,0,436,2937                    
2026-10-06T20:33:10.682	TEL,3363,S4,889434727,2001,44543,0,433,2933                    
2026-10-06T20:33:10.682	TEL,3364,S4,889444727,2001,44543,0,425,2933                    
2026-10-06T20:33:10.682	TEL,3365,S4,889454727,2001,44543,0,425,2933                    
2026-10-06T20:33:10.682	TEL,3366,S4,889464727,2001,44543,0,433,2933                    
2026-10-06T20:33:10.682	TEL,3367,S4,889474727,2001,44543,0,425,2927                    
2026-10-06T20:33:10.682	TEL,3368,S4,889484727,2001,44543,0,425,2927                    
2026-10-06T20:33:11.293	TEL,3369,S4,889494727,2001,44543,0,439,2941                    
2026-10-06T20:33:11.293	TEL,3370,S4,889504727,2001,44543,0,439,2941                    
2026-10-06T20:33:11.293	TEL,3371,S4,889514727,2001,44543,0,436,2937                    
2026-10-06T20:33:11.293	TEL,3372,S4,889524727,2001,44543,0,436,2937                    
2026-10-06T20:33:11.293	TEL,3373,S4,889534727,2001,44543,0,439,2941                    
2026-10-06T20:33:11.293	TEL,3374,S4,889544727,2001,44543,0,439,2941                    
2026-10-06T20:33:11.293	TEL,3375,S4,889554727,2001,44543,0,433,2933                    
2026-10-06T20:33:11.293	TEL,3376,S4,889564727,2001,44543,0,433,2933                    
2026-10-06T20:33:11.293	TEL,3377,S4,889574727,2001,44543,0,433,2933                    
2026-10-06T20:33:11.293	TEL,3378,S4,889584727,2001,44543,0,430,2933                    
2026-10-06T20:33:11.293	TEL,3379,S4,889594727,2001,44543,0,436,2941                    
2026-10-06T20:33:11.293	TEL,3380,S4,889604727,2001,44543,0,428,2941                    
2026-10-06T20:33:11.293	TEL,3381,S4,889614727,2001,44543,0,425,2937                    
2026-10-06T20:33:11.293	TEL,3382,S4,889624727,2001,44543,0,436,2937                    
2026-10-06T20:33:11.293	TEL,3383,S4,889634727,2001,44543,0,428,2930                    
2026-10-06T20:33:11.293	TEL,3384,S4,889644727,2001,44543,0,428,2930                    
2026-10-06T20:33:11.293	TEL,3385,S4,889654727,2001,44543,0,428,2930                    
2026-10-06T20:33:11.293	TEL,3386,S4,889664727,2001,44543,0,428,2930                    
2026-10-06T20:33:11.293	TEL,3387,S4,889674727,2001,44543,0,433,2935                    
2026-10-06T20:33:11.293	TEL,3388,S4,889684727,2001,44543,0,433,2935                    
2026-10-06T20:33:11.293	TEL,3389,S4,889694727,2001,44543,0,436,2937                    
2026-10-06T20:33:11.293	TEL,3390,S4,889704727,2001,44543,0,436,2937                    
2026-10-06T20:33:11.293	TEL,3391,S4,889714727,2001,44543,0,439,2941                    
2026-10-06T20:33:11.293	TEL,3392,S4,889724727,2001,44543,0,439,2941                    
2026-10-06T20:33:11.293	TEL,3393,S4,889734727,2001,44543,0,433,2933                    
2026-10-06T20:33:11.293	TEL,3394,S4,889744727,2001,44543,0,433,2933                    
2026-10-06T20:33:11.293	BTN,42,S4,PRESSED,889748090,889748097                          
2026-10-06T20:33:11.293	TEL,3395,S4,889754728,2003,44543,0,436,2937                    
2026-10-06T20:33:11.293	TEL,3396,S4,889764727,2001,44543,0,439,2937                    
2026-10-06T20:33:11.293	TEL,3397,S4,889774727,2001,44543,0,433,2933                    
2026-10-06T20:33:11.293	TEL,3398,S4,889784727,2001,44543,0,433,2933                    
2026-10-06T20:33:11.293	TEL,3399,S4,889794727,2001,44543,0,433,2933                    
2026-10-06T20:33:11.293	TEL,3400,S4,889804727,2001,44543,0,428,2933                    
2026-10-06T20:33:11.293	TEL,3401,S4,889814727,2001,44543,0,433,2941                    
2026-10-06T20:33:11.293	TEL,3402,S4,889824727,2001,44543,0,448,2941                    
2026-10-06T20:33:11.293	TEL,3403,S4,889834727,2001,44543,0,445,2937                    
2026-10-06T20:33:11.293	TEL,3404,S4,889844727,2001,44543,0,439,2937                    
2026-10-06T20:33:11.293	TEL,3405,S4,889854727,2001,44543,0,433,2933                    
2026-10-06T20:33:11.293	TEL,3406,S4,889864727,2001,44543,0,433,2933                    
2026-10-06T20:33:11.293	TEL,3407,S4,889874727,2001,44543,0,436,2937                    
2026-10-06T20:33:11.293	TEL,3408,S4,889884727,2001,44543,0,436,2937                    
2026-10-06T20:33:11.293	TEL,3409,S4,889894727,2001,44543,0,433,2933                    
2026-10-06T20:33:11.293	TEL,3410,S4,889904727,2001,44543,0,433,2933                    
2026-10-06T20:33:11.293	TEL,3411,S4,889914727,2001,44543,0,442,2941                    
2026-10-06T20:33:11.293	TEL,3412,S4,889924727,2001,44543,0,439,2941                    
2026-10-06T20:33:11.293	TEL,3413,S4,889934727,2001,44543,0,428,2930                    
2026-10-06T20:33:11.293	TEL,3414,S4,889944727,2001,44543,0,428,2930                    
2026-10-06T20:33:11.293	TEL,3415,S4,889954727,2001,44543,0,433,2933                    
2026-10-06T20:33:11.293	TEL,3416,S4,889964727,2001,44543,0,433,2933                    
2026-10-06T20:33:11.293	TEL,3417,S4,889974727,2001,44543,0,436,2937                    
2026-10-06T20:33:11.293	TEL,3418,S4,889984727,2001,44543,0,436,2937                    
2026-10-06T20:33:11.293	TEL,3419,S4,889994727,2001,44543,0,433,2933                    
2026-10-06T20:33:11.293	TEL,3420,S4,890004727,2001,44543,0,428,2933                    
2026-10-06T20:33:11.293	TEL,3421,S4,890014727,2001,44543,0,428,2933                    
2026-10-06T20:33:11.293	TEL,3422,S4,890024727,2001,44543,0,433,2933                    
2026-10-06T20:33:11.293	TEL,3423,S4,890034727,2001,44543,0,439,2941                    
2026-10-06T20:33:11.293	TEL,3424,S4,890044727,2001,44543,0,439,2941                    
2026-10-06T20:33:11.293	TEL,3425,S4,890054727,2001,44543,0,436,2937                    
2026-10-06T20:33:11.293	TEL,3426,S4,890064727,2001,44543,0,436,2937                    
2026-10-06T20:33:11.293	TEL,3427,S4,890074727,2001,44543,0,433,2933                    
2026-10-06T20:33:11.293	TEL,3428,S4,890084727,2001,44543,0,422,2933                    
2026-10-06T20:33:11.293	TEL,3429,S4,890094727,2001,44543,0,425,2937                    
2026-10-06T20:33:11.901	TEL,3430,S4,890104727,2001,44543,0,439,2937                    
2026-10-06T20:33:11.901	TEL,3431,S4,890114727,2001,44543,0,433,2933                    
2026-10-06T20:33:11.901	TEL,3432,S4,890124727,2001,44543,0,433,2933                    
2026-10-06T20:33:11.901	TEL,3433,S4,890134727,2001,44543,0,433,2933                    
2026-10-06T20:33:11.901	TEL,3434,S4,890144727,2001,44543,0,433,2933                    
2026-10-06T20:33:11.901	TEL,3435,S4,890154727,2001,44543,0,436,2937                    
2026-10-06T20:33:11.901	TEL,3436,S4,890164727,2001,44543,0,442,2937                    
2026-10-06T20:33:11.901	TEL,3437,S4,890174727,2001,44543,0,445,2941                    
2026-10-06T20:33:11.901	TEL,3438,S4,890184727,2001,44543,0,442,2941                    
2026-10-06T20:33:11.901	TEL,3439,S4,890194727,2001,44543,0,430,2930                    
2026-10-06T20:33:11.901	TEL,3440,S4,890204727,2001,44543,0,422,2930                    
2026-10-06T20:33:11.901	TEL,3441,S4,890214727,2001,44543,0,428,2937                    
2026-10-06T20:33:11.901	TEL,3442,S4,890224727,2001,44543,0,436,2937                    
2026-10-06T20:33:11.901	TEL,3443,S4,890234727,2001,44543,0,436,2937                    
2026-10-06T20:33:11.901	TEL,3444,S4,890244727,2001,44543,0,436,2937                    
2026-10-06T20:33:11.901	TEL,3445,S4,890254727,2001,44543,0,433,2933                    
2026-10-06T20:33:11.901	TEL,3446,S4,890264727,2001,44543,0,433,2933                    
2026-10-06T20:33:11.901	TEL,3447,S4,890274727,2001,44543,0,439,2937                    
2026-10-06T20:33:11.901	TEL,3448,S4,890284727,2001,44543,0,428,2937                    
2026-10-06T20:33:11.901	TEL,3449,S4,890294727,2001,44543,0,425,2933                    
2026-10-06T20:33:11.901	TEL,3450,S4,890304727,2001,44543,0,428,2933                    
2026-10-06T20:33:11.901	TEL,3451,S4,890314727,2001,44543,0,428,2933                    
2026-10-06T20:33:11.901	TEL,3452,S4,890324727,2001,44543,0,433,2933                    
2026-10-06T20:33:11.901	TEL,3453,S4,890334727,2001,44543,0,439,2941                    
2026-10-06T20:33:11.901	TEL,3454,S4,890344727,2001,44543,0,433,2941                    
2026-10-06T20:33:11.901	TEL,3455,S4,890354727,2001,44543,0,430,2937                    
2026-10-06T20:33:11.901	TEL,3456,S4,890364727,2001,44543,0,436,2937                    
2026-10-06T20:33:11.901	TEL,3457,S4,890374727,2001,44543,0,436,2937                    
2026-10-06T20:33:11.901	TEL,3458,S4,890384727,2001,44543,0,436,2937                    
2026-10-06T20:33:11.901	TEL,3459,S4,890394727,2001,44543,0,436,2937                    
2026-10-06T20:33:11.901	TEL,3460,S4,890404727,2001,44543,0,442,2937                    
2026-10-06T20:33:11.901	TEL,3461,S4,890414727,2001,44543,0,436,2933                    
2026-10-06T20:33:11.901	TEL,3462,S4,890424727,2001,44543,0,433,2933                    
2026-10-06T20:33:11.901	TEL,3463,S4,890434727,2001,44543,0,439,2941                    
2026-10-06T20:33:11.901	TEL,3464,S4,890444727,2001,44543,0,433,2941                    
2026-10-06T20:33:11.901	TEL,3465,S4,890454727,2001,44543,0,428,2933                    
2026-10-06T20:33:11.901	TEL,3466,S4,890464727,2001,44543,0,433,2933                    
2026-10-06T20:33:11.901	TEL,3467,S4,890474727,2001,44543,0,433,2933                    
2026-10-06T20:33:11.901	TEL,3468,S4,890484727,2001,44543,0,433,2933                    
2026-10-06T20:33:11.901	TEL,3469,S4,890494727,2001,44543,0,439,2937                    
2026-10-06T20:33:11.901	TEL,3470,S4,890504727,2001,44543,0,436,2937                    
2026-10-06T20:33:11.901	TEL,3471,S4,890514727,2001,44543,0,428,2930                    
2026-10-06T20:33:11.901	BTN,43,S4,PRESSED,890521095,890521102                          
2026-10-06T20:33:11.901	TEL,3472,S4,890524728,2003,44543,0,428,2930                    
2026-10-06T20:33:11.901	TEL,3473,S4,890534727,2002,44543,0,433,2935                    
2026-10-06T20:33:11.901	TEL,3474,S4,890544727,2001,44543,0,425,2935                    
2026-10-06T20:33:11.901	TEL,3475,S4,890554727,2001,44543,0,416,2927                    
2026-10-06T20:33:11.901	TEL,3476,S4,890564727,2001,44543,0,425,2927                    
2026-10-06T20:33:11.901	TEL,3477,S4,890574727,2001,44543,0,439,2941                    
2026-10-06T20:33:11.901	TEL,3478,S4,890584727,2001,44543,0,439,2941                    
2026-10-06T20:33:11.901	TEL,3479,S4,890594727,2001,44543,0,436,2937                    
2026-10-06T20:33:11.901	TEL,3480,S4,890604727,2001,44543,0,439,2937                    
2026-10-06T20:33:11.901	TEL,3481,S4,890614727,2001,44543,0,442,2941                    
2026-10-06T20:33:11.901	TEL,3482,S4,890624727,2001,44543,0,439,2941                    
2026-10-06T20:33:11.901	TEL,3483,S4,890634727,2001,44543,0,439,2941                    
2026-10-06T20:33:11.901	TEL,3484,S4,890644727,2001,44543,0,442,2941                    
2026-10-06T20:33:11.901	TEL,3485,S4,890654727,2001,44543,0,433,2933                    
2026-10-06T20:33:11.901	TEL,3486,S4,890664727,2001,44543,0,433,2933                    
2026-10-06T20:33:11.901	TEL,3487,S4,890674727,2001,44543,0,428,2930                    
2026-10-06T20:33:11.901	TEL,3488,S4,890684727,2001,44543,0,428,2930                    
2026-10-06T20:33:11.901	TEL,3489,S4,890694727,2001,44543,0,433,2933                    
2026-10-06T20:33:11.901	TEL,3490,S4,890704727,2001,44543,0,430,2933                    
2026-10-06T20:33:12.514	TEL,3491,S4,890714727,2001,44543,0,428,2932                    
2026-10-06T20:33:12.514	TEL,3492,S4,890724727,2001,44543,0,430,2932                    
2026-10-06T20:33:12.514	TEL,3493,S4,890734727,2001,44543,0,433,2933                    
2026-10-06T20:33:12.514	TEL,3494,S4,890744727,2001,44543,0,433,2933                    
2026-10-06T20:33:12.514	TEL,3495,S4,890754727,2001,44543,0,428,2930                    
2026-10-06T20:33:12.514	TEL,3496,S4,890764727,2001,44543,0,428,2930                    
2026-10-06T20:33:12.514	TEL,3497,S4,890774727,2001,44543,0,436,2939                    
2026-10-06T20:33:12.514	TEL,3498,S4,890784727,2001,44543,0,436,2939                    
2026-10-06T20:33:12.514	TEL,3499,S4,890794727,2001,44543,0,433,2933                    
2026-10-06T20:33:12.514	TEL,3500,S4,890804727,2001,44543,0,433,2933                    
2026-10-06T20:33:12.514	TEL,3501,S4,890814727,2001,44543,0,428,2930                    
2026-10-06T20:33:12.514	TEL,3502,S4,890824727,2001,44543,0,428,2930                    
2026-10-06T20:33:12.514	TEL,3503,S4,890834727,2001,44543,0,433,2933                    
2026-10-06T20:33:12.514	TEL,3504,S4,890844727,2001,44543,0,433,2933                    
2026-10-06T20:33:12.514	TEL,3505,S4,890854727,2001,44543,0,433,2933                    
2026-10-06T20:33:12.514	TEL,3506,S4,890864727,2001,44543,0,433,2933                    
2026-10-06T20:33:12.514	TEL,3507,S4,890874727,2001,44543,0,433,2933                    
2026-10-06T20:33:12.514	TEL,3508,S4,890884727,2001,44543,0,430,2933                    
2026-10-06T20:33:12.514	TEL,3509,S4,890894727,2001,44543,0,430,2933                    
2026-10-06T20:33:12.514	TEL,3510,S4,890904727,2001,44543,0,433,2933                    
2026-10-06T20:33:12.514	TEL,3511,S4,890914727,2001,44543,0,439,2941                    
2026-10-06T20:33:12.514	TEL,3512,S4,890924727,2001,44543,0,439,2941                    
2026-10-06T20:33:12.514	TEL,3513,S4,890934727,2001,44543,0,433,2933                    
2026-10-06T20:33:12.514	TEL,3514,S4,890944727,2001,44543,0,433,2933                    
2026-10-06T20:33:12.514	TEL,3515,S4,890954727,2001,44543,0,433,2933                    
2026-10-06T20:33:12.514	TEL,3516,S4,890964727,2001,44543,0,433,2933                    
2026-10-06T20:33:12.514	TEL,3517,S4,890974727,2001,44543,0,439,2941                    
2026-10-06T20:33:12.514	TEL,3518,S4,890984727,2001,44543,0,439,2941                    
2026-10-06T20:33:12.514	TEL,3519,S4,890994727,2001,44543,0,433,2933                    
2026-10-06T20:33:12.514	TEL,3520,S4,891004727,2001,44543,0,428,2933                    
2026-10-06T20:33:12.514	TEL,3521,S4,891014727,2001,44543,0,428,2933                    
2026-10-06T20:33:12.514	TEL,3522,S4,891024727,2001,44543,0,433,2933                    
2026-10-06T20:33:12.514	TEL,3523,S4,891034727,2001,44543,0,433,2933                    
2026-10-06T20:33:12.514	TEL,3524,S4,891044727,2001,44543,0,433,2933                    
2026-10-06T20:33:12.514	TEL,3525,S4,891054727,2001,44543,0,439,2937                    
2026-10-06T20:33:12.514	TEL,3526,S4,891064727,2001,44543,0,436,2937                    
2026-10-06T20:33:12.514	TEL,3527,S4,891074727,2001,44543,0,436,2937                    
2026-10-06T20:33:12.514	TEL,3528,S4,891084727,2001,44543,0,436,2937                    
2026-10-06T20:33:12.514	TEL,3529,S4,891094727,2001,44543,0,439,2941                    
2026-10-06T20:33:12.514	TEL,3530,S4,891104727,2001,44543,0,448,2941                    
2026-10-06T20:33:12.514	TEL,3531,S4,891114727,2001,44543,0,445,2939                    
2026-10-06T20:33:12.514	TEL,3532,S4,891124727,2001,44543,0,439,2939                    
2026-10-06T20:33:12.514	TEL,3533,S4,891134727,2001,44543,0,430,2930                    
2026-10-06T20:33:12.514	TEL,3534,S4,891144727,2001,44543,0,430,2930                    
2026-10-06T20:33:12.514	TEL,3535,S4,891154727,2001,44543,0,436,2935                    
2026-10-06T20:33:12.514	TEL,3536,S4,891164727,2001,44543,0,433,2935                    
2026-10-06T20:33:12.514	TEL,3537,S4,891174727,2001,44543,0,439,2941                    
2026-10-06T20:33:12.514	TEL,3538,S4,891184727,2001,44543,0,439,2941                    
2026-10-06T20:33:12.514	TEL,3539,S4,891194727,2001,44543,0,436,2937                    
2026-10-06T20:33:12.514	TEL,3540,S4,891204727,2001,44543,0,436,2937                    
2026-10-06T20:33:12.514	TEL,3541,S4,891214727,2001,44543,0,433,2933                    
2026-10-06T20:33:12.514	TEL,3542,S4,891224727,2001,44543,0,433,2933                    
2026-10-06T20:33:12.514	TEL,3543,S4,891234727,2001,44543,0,433,2933                    
2026-10-06T20:33:12.514	TEL,3544,S4,891244727,2001,44543,0,433,2933                    
2026-10-06T20:33:12.514	TEL,3545,S4,891254727,2001,44543,0,436,2937                    
2026-10-06T20:33:12.514	TEL,3546,S4,891264727,2001,44543,0,439,2937                    
2026-10-06T20:33:12.514	TEL,3547,S4,891274727,2001,44543,0,428,2927                    
2026-10-06T20:33:12.514	BTN,44,S4,PRESSED,891280100,891280108                          
2026-10-06T20:33:12.514	TEL,3548,S4,891284728,2003,44543,0,425,2927                    
2026-10-06T20:33:12.514	TEL,3549,S4,891294727,2001,44543,0,433,2933                    
2026-10-06T20:33:12.514	TEL,3550,S4,891304727,2001,44543,0,433,2933                    
2026-10-06T20:33:12.514	TEL,3551,S4,891314727,2001,44543,0,436,2937                    
2026-10-06T20:33:13.124	TEL,3552,S4,891324727,2001,44543,0,436,2937                    
2026-10-06T20:33:13.124	TEL,3553,S4,891334727,2001,44543,0,433,2933                    
2026-10-06T20:33:13.124	TEL,3554,S4,891344727,2001,44543,0,425,2933                    
2026-10-06T20:33:13.124	TEL,3555,S4,891354727,2001,44543,0,425,2933                    
2026-10-06T20:33:13.124	TEL,3556,S4,891364727,2001,44543,0,433,2933                    
2026-10-06T20:33:13.124	TEL,3557,S4,891374727,2001,44543,0,433,2933                    
2026-10-06T20:33:13.124	TEL,3558,S4,891384727,2001,44543,0,433,2933                    
2026-10-06T20:33:13.124	TEL,3559,S4,891394727,2001,44543,0,436,2937                    
2026-10-06T20:33:13.124	TEL,3560,S4,891404727,2001,44543,0,445,2937                    
2026-10-06T20:33:13.124	TEL,3561,S4,891414727,2001,44543,0,448,2941                    
2026-10-06T20:33:13.124	TEL,3562,S4,891424727,2001,44543,0,430,2941                    
2026-10-06T20:33:13.124	TEL,3563,S4,891434727,2001,44543,0,430,2939                    
2026-10-06T20:33:13.124	TEL,3564,S4,891444727,2001,44543,0,439,2939                    
2026-10-06T20:33:13.124	TEL,3565,S4,891454727,2001,44543,0,433,2933                    
2026-10-06T20:33:13.124	TEL,3566,S4,891464727,2001,44543,0,433,2933                    
2026-10-06T20:33:13.124	TEL,3567,S4,891474727,2001,44543,0,428,2930                    
2026-10-06T20:33:13.124	TEL,3568,S4,891484727,2001,44543,0,430,2930                    
2026-10-06T20:33:13.124	TEL,3569,S4,891494727,2001,44543,0,433,2933                    
2026-10-06T20:33:13.124	TEL,3570,S4,891504727,2001,44543,0,433,2933                    
2026-10-06T20:33:13.124	TEL,3571,S4,891514727,2001,44543,0,428,2930                    
2026-10-06T20:33:13.124	TEL,3572,S4,891524727,2001,44543,0,430,2930                    
2026-10-06T20:33:13.124	TEL,3573,S4,891534727,2001,44543,0,433,2933                    
2026-10-06T20:33:13.124	TEL,3574,S4,891544727,2001,44543,0,433,2933                    
2026-10-06T20:33:13.124	TEL,3575,S4,891554727,2001,44543,0,436,2937                    
2026-10-06T20:33:13.124	TEL,3576,S4,891564727,2001,44543,0,439,2937                    
2026-10-06T20:33:13.124	TEL,3577,S4,891574727,2001,44543,0,442,2941                    
2026-10-06T20:33:13.124	TEL,3578,S4,891584727,2001,44543,0,445,2941                    
2026-10-06T20:33:13.124	TEL,3579,S4,891594727,2001,44543,0,445,2941                    
2026-10-06T20:33:13.124	TEL,3580,S4,891604727,2001,44543,0,442,2941                    
2026-10-06T20:33:13.124	TEL,3581,S4,891614727,2001,44543,0,430,2930                    
2026-10-06T20:33:13.124	TEL,3582,S4,891624727,2001,44543,0,428,2930                    
2026-10-06T20:33:13.124	TEL,3583,S4,891634727,2001,44543,0,433,2933                    
2026-10-06T20:33:13.124	TEL,3584,S4,891644727,2001,44543,0,433,2933                    
2026-10-06T20:33:13.124	TEL,3585,S4,891654727,2001,44543,0,436,2937                    
2026-10-06T20:33:13.124	TEL,3586,S4,891664727,2001,44543,0,436,2937                    
2026-10-06T20:33:13.124	TEL,3587,S4,891674727,2001,44543,0,436,2937                    
2026-10-06T20:33:13.124	TEL,3588,S4,891684727,2001,44543,0,445,2937                    
2026-10-06T20:33:13.124	TEL,3589,S4,891694727,2001,44543,0,448,2941                    
2026-10-06T20:33:13.124	TEL,3590,S4,891704727,2001,44543,0,439,2941                    
2026-10-06T20:33:13.124	TEL,3591,S4,891714727,2001,44543,0,428,2930                    
2026-10-06T20:33:13.124	TEL,3592,S4,891724727,2001,44543,0,428,2930                    
2026-10-06T20:33:13.124	TEL,3593,S4,891734727,2001,44543,0,436,2937                    
2026-10-06T20:33:13.124	TEL,3594,S4,891744727,2001,44543,0,425,2937                    
2026-10-06T20:33:13.124	TEL,3595,S4,891754727,2001,44543,0,419,2930                    
2026-10-06T20:33:13.124	TEL,3596,S4,891764727,2001,44543,0,428,2930                    
2026-10-06T20:33:13.124	TEL,3597,S4,891774727,2001,44543,0,428,2930                    
2026-10-06T20:33:13.124	TEL,3598,S4,891784727,2001,44543,0,439,2930                    
2026-10-06T20:33:13.124	TEL,3599,S4,891794727,2001,44543,0,448,2941                    
2026-10-06T20:33:13.124	TEL,3600,S4,891804727,2001,44543,0,445,2941                    
2026-10-06T20:33:13.124	TEL,3601,S4,891814727,2001,44543,0,442,2939                    
2026-10-06T20:33:13.124	TEL,3602,S4,891824727,2001,44543,0,436,2939                    
2026-10-06T20:33:13.124	BTN,45,S4,PRESSED,891826106,891826113                          
2026-10-06T20:33:13.124	TEL,3603,S4,891834728,2003,44543,0,433,2935                    
2026-10-06T20:33:13.124	TEL,3604,S4,891844727,2001,44543,0,436,2935                    
2026-10-06T20:33:13.124	TEL,3605,S4,891854727,2001,44543,0,439,2937                    
2026-10-06T20:33:13.124	TEL,3606,S4,891864727,2001,44543,0,436,2937                    
2026-10-06T20:33:13.124	TEL,3607,S4,891874727,2001,44543,0,430,2932                    
2026-10-06T20:33:13.124	TEL,3608,S4,891884727,2001,44543,0,430,2932                    
2026-10-06T20:33:13.124	TEL,3609,S4,891894727,2001,44543,0,433,2933                    
2026-10-06T20:33:13.124	TEL,3610,S4,891904727,2001,44543,0,430,2933                    
2026-10-06T20:33:13.124	TEL,3611,S4,891914727,2001,44543,0,428,2930                    
2026-10-06T20:33:13.124	TEL,3612,S4,891924727,2001,44543,0,428,2930                    
2026-10-06T20:33:13.731	TEL,3613,S4,891934727,2001,44543,0,439,2941                    
2026-10-06T20:33:13.731	TEL,3614,S4,891944727,2001,44543,0,439,2941                    
2026-10-06T20:33:13.731	TEL,3615,S4,891954727,2001,44543,0,433,2933                    
2026-10-06T20:33:13.731	TEL,3616,S4,891964727,2001,44543,0,442,2933                    
2026-10-06T20:33:13.731	TEL,3617,S4,891974727,2001,44543,0,448,2941                    
2026-10-06T20:33:13.731	TEL,3618,S4,891984727,2001,44543,0,442,2941                    
2026-10-06T20:33:13.731	TEL,3619,S4,891994727,2001,44543,0,442,2941                    
2026-10-06T20:33:13.731	TEL,3620,S4,892004727,2001,44543,0,442,2941                    
2026-10-06T20:33:13.731	TEL,3621,S4,892014727,2001,44543,0,442,2941                    
2026-10-06T20:33:13.731	TEL,3622,S4,892024727,2001,44543,0,442,2941                    
2026-10-06T20:33:13.731	TEL,3623,S4,892034727,2001,44543,0,433,2933                    
2026-10-06T20:33:13.731	TEL,3624,S4,892044727,2001,44543,0,433,2933                    
2026-10-06T20:33:13.731	TEL,3625,S4,892054727,2001,44543,0,436,2937                    
2026-10-06T20:33:13.731	TEL,3626,S4,892064727,2001,44543,0,433,2937                    
2026-10-06T20:33:13.731	TEL,3627,S4,892074727,2001,44543,0,422,2927                    
2026-10-06T20:33:13.731	TEL,3628,S4,892084727,2001,44543,0,425,2927                    
2026-10-06T20:33:13.731	TEL,3629,S4,892094727,2001,44543,0,433,2933                    
2026-10-06T20:33:13.731	TEL,3630,S4,892104727,2001,44543,0,433,2933                    
2026-10-06T20:33:13.731	TEL,3631,S4,892114727,2001,44543,0,433,2933                    
2026-10-06T20:33:13.731	TEL,3632,S4,892124727,2001,44543,0,436,2933                    
2026-10-06T20:33:13.731	TEL,3633,S4,892134727,2001,44543,0,430,2927                    
2026-10-06T20:33:13.731	TEL,3634,S4,892144727,2001,44543,0,425,2927                    
2026-10-06T20:33:13.731	TEL,3635,S4,892154727,2001,44543,0,439,2941                    
2026-10-06T20:33:13.731	TEL,3636,S4,892164727,2001,44543,0,439,2941                    
2026-10-06T20:33:13.731	TEL,3637,S4,892174727,2001,44543,0,433,2933                    
2026-10-06T20:33:13.731	TEL,3638,S4,892184727,2001,44543,0,433,2933                    
2026-10-06T20:33:13.731	TEL,3639,S4,892194727,2001,44543,0,433,2933                    
2026-10-06T20:33:13.731	TEL,3640,S4,892204727,2001,44543,0,436,2933                    
2026-10-06T20:33:13.731	TEL,3641,S4,892214727,2001,44543,0,436,2933                    
2026-10-06T20:33:13.731	TEL,3642,S4,892224727,2001,44543,0,428,2933                    
2026-10-06T20:33:13.731	TEL,3643,S4,892234727,2001,44543,0,428,2933                    
2026-10-06T20:33:13.731	TEL,3644,S4,892244727,2001,44543,0,433,2933                    
2026-10-06T20:33:13.731	TEL,3645,S4,892254727,2001,44543,0,436,2937                    
2026-10-06T20:33:13.731	TEL,3646,S4,892264727,2001,44543,0,436,2937                    
2026-10-06T20:33:13.731	TEL,3647,S4,892274727,2001,44543,0,436,2937                    
2026-10-06T20:33:13.731	TEL,3648,S4,892284727,2001,44543,0,436,2937                    
2026-10-06T20:33:13.731	TEL,3649,S4,892294727,2001,44543,0,439,2941                    
2026-10-06T20:33:13.731	TEL,3650,S4,892304727,2001,44543,0,439,2941                    
2026-10-06T20:33:13.731	TEL,3651,S4,892314727,2001,44543,0,439,2941                    
2026-10-06T20:33:13.731	TEL,3652,S4,892324727,2001,44543,0,439,2941                    
2026-10-06T20:33:13.731	TEL,3653,S4,892334727,2001,44543,0,436,2937                    
2026-10-06T20:33:13.731	TEL,3654,S4,892344727,2001,44543,0,436,2937                    
2026-10-06T20:33:13.731	TEL,3655,S4,892354727,2001,44543,0,436,2937                    
2026-10-06T20:33:13.731	TEL,3656,S4,892364727,2001,44543,0,439,2937                    
2026-10-06T20:33:13.731	TEL,3657,S4,892374727,2001,44543,0,439,2937                    
2026-10-06T20:33:13.731	TEL,3658,S4,892384727,2001,44543,0,436,2937                    
2026-10-06T20:33:13.731	TEL,3659,S4,892394727,2001,44543,0,433,2933                    
2026-10-06T20:33:13.731	TEL,3660,S4,892404727,2001,44543,0,433,2933                    
2026-10-06T20:33:13.731	TEL,3661,S4,892414727,2001,44543,0,436,2937                    
2026-10-06T20:33:13.731	TEL,3662,S4,892424727,2001,44543,0,436,2937                    
2026-10-06T20:33:13.731	TEL,3663,S4,892434727,2001,44543,0,430,2932                    
2026-10-06T20:33:13.731	TEL,3664,S4,892444727,2001,44543,0,430,2932                    
2026-10-06T20:33:13.731	TEL,3665,S4,892454727,2001,44543,0,439,2941                    
2026-10-06T20:33:13.731	TEL,3666,S4,892464727,2001,44543,0,439,2941                    
2026-10-06T20:33:13.731	TEL,3667,S4,892474727,2001,44543,0,428,2930                    
2026-10-06T20:33:13.731	BTN,46,S4,PRESSED,892481111,892481119                          
2026-10-06T20:33:13.731	TEL,3668,S4,892484728,2003,44543,0,428,2930                    
2026-10-06T20:33:13.731	TEL,3669,S4,892494727,2002,44543,0,433,2935                    
2026-10-06T20:33:13.731	TEL,3670,S4,892504727,2001,44543,0,445,2935                    
2026-10-06T20:33:13.731	TEL,3671,S4,892514727,2001,44543,0,445,2935                    
2026-10-06T20:33:13.731	TEL,3672,S4,892524727,2001,44543,0,433,2935                    
2026-10-06T20:33:13.731	TEL,3673,S4,892534727,2001,44543,0,428,2930                    
2026-10-06T20:33:14.341	TEL,3674,S4,892544727,2001,44543,0,425,2930                    
2026-10-06T20:33:14.341	TEL,3675,S4,892554727,2001,44543,0,428,2933                    
2026-10-06T20:33:14.341	TEL,3676,S4,892564727,2001,44543,0,433,2933                    
2026-10-06T20:33:14.341	TEL,3677,S4,892574727,2001,44543,0,442,2942                    
2026-10-06T20:33:14.341	TEL,3678,S4,892584727,2001,44543,0,442,2942                    
2026-10-06T20:33:14.341	TEL,3679,S4,892594727,2001,44543,0,439,2937                    
2026-10-06T20:33:14.341	TEL,3680,S4,892604727,2001,44543,0,436,2937                    
2026-10-06T20:33:14.341	TEL,3681,S4,892614727,2001,44543,0,436,2937                    
2026-10-06T20:33:14.341	TEL,3682,S4,892624727,2001,44543,0,436,2937                    
2026-10-06T20:33:14.341	TEL,3683,S4,892634727,2001,44543,0,433,2933                    
2026-10-06T20:33:14.341	TEL,3684,S4,892644727,2001,44543,0,433,2933                    
2026-10-06T20:33:14.341	TEL,3685,S4,892654727,2001,44543,0,428,2930                    
2026-10-06T20:33:14.341	TEL,3686,S4,892664727,2001,44543,0,428,2930                    
2026-10-06T20:33:14.341	TEL,3687,S4,892674727,2001,44543,0,428,2930                    
2026-10-06T20:33:14.341	TEL,3688,S4,892684727,2001,44543,0,428,2930                    
2026-10-06T20:33:14.341	TEL,3689,S4,892694727,2001,44543,0,436,2937                    
2026-10-06T20:33:14.341	TEL,3690,S4,892704727,2001,44543,0,433,2937                    
2026-10-06T20:33:14.341	TEL,3691,S4,892714727,2001,44543,0,433,2937                    
2026-10-06T20:33:14.341	TEL,3692,S4,892724727,2001,44543,0,436,2937                    
2026-10-06T20:33:14.341	TEL,3693,S4,892734727,2001,44543,0,436,2937                    
2026-10-06T20:33:14.341	TEL,3694,S4,892744727,2001,44543,0,433,2937                    
2026-10-06T20:33:14.341	TEL,3695,S4,892754727,2001,44543,0,436,2941                    
2026-10-06T20:33:14.341	TEL,3696,S4,892764727,2001,44543,0,442,2941                    
2026-10-06T20:33:14.341	TEL,3697,S4,892774727,2001,44543,0,430,2928                    
2026-10-06T20:33:14.341	TEL,3698,S4,892784727,2001,44543,0,428,2928                    
2026-10-06T20:33:14.341	TEL,3699,S4,892794727,2001,44543,0,439,2941                    
2026-10-06T20:33:14.341	TEL,3700,S4,892804727,2001,44543,0,442,2941                    
2026-10-06T20:33:14.341	TEL,3701,S4,892814727,2001,44543,0,430,2930                    
2026-10-06T20:33:14.341	TEL,3702,S4,892824727,2001,44543,0,428,2930                    
2026-10-06T20:33:14.341	TEL,3703,S4,892834727,2001,44543,0,439,2941                    
2026-10-06T20:33:14.341	TEL,3704,S4,892844727,2001,44543,0,439,2941                    
2026-10-06T20:33:14.341	TEL,3705,S4,892854727,2001,44543,0,436,2937                    
2026-10-06T20:33:14.341	TEL,3706,S4,892864727,2001,44543,0,436,2937                    
2026-10-06T20:33:14.341	TEL,3707,S4,892874727,2001,44543,0,436,2937                    
2026-10-06T20:33:14.341	TEL,3708,S4,892884727,2001,44543,0,439,2937                    
2026-10-06T20:33:14.341	TEL,3709,S4,892894727,2001,44543,0,442,2941                    
2026-10-06T20:33:14.341	TEL,3710,S4,892904727,2001,44543,0,442,2941                    
2026-10-06T20:33:14.341	TEL,3711,S4,892914727,2001,44543,0,439,2937                    
2026-10-06T20:33:14.341	TEL,3712,S4,892924727,2001,44543,0,436,2937                    
2026-10-06T20:33:14.341	TEL,3713,S4,892934727,2001,44543,0,439,2941                    
2026-10-06T20:33:14.341	TEL,3714,S4,892944727,2001,44543,0,439,2941                    
2026-10-06T20:33:14.341	TEL,3715,S4,892954727,2001,44543,0,433,2933                    
2026-10-06T20:33:14.341	TEL,3716,S4,892964727,2001,44543,0,433,2933                    
2026-10-06T20:33:14.341	TEL,3717,S4,892974727,2001,44543,0,436,2937                    
2026-10-06T20:33:14.341	TEL,3718,S4,892984727,2001,44543,0,439,2937                    
2026-10-06T20:33:14.341	TEL,3719,S4,892994727,2001,44543,0,439,2937                    
2026-10-06T20:33:14.341	TEL,3720,S4,893004727,2001,44543,0,436,2937                    
2026-10-06T20:33:14.341	TEL,3721,S4,893014727,2001,44543,0,439,2941                    
2026-10-06T20:33:14.341	TEL,3722,S4,893024727,2001,44543,0,439,2941                    
2026-10-06T20:33:14.341	TEL,3723,S4,893034727,2001,44543,0,436,2937                    
2026-10-06T20:33:14.341	TEL,3724,S4,893044727,2001,44543,0,433,2937                    
2026-10-06T20:33:14.341	TEL,3725,S4,893054727,2001,44543,0,439,2942                    
2026-10-06T20:33:14.341	TEL,3726,S4,893064727,2001,44543,0,442,2942                    
2026-10-06T20:33:14.341	TEL,3727,S4,893074727,2001,44543,0,433,2933                    
2026-10-06T20:33:14.341	TEL,3728,S4,893084727,2001,44543,0,433,2933                    
2026-10-06T20:33:14.341	TEL,3729,S4,893094727,2001,44543,0,436,2937                    
2026-10-06T20:33:14.341	BTN,47,S4,PRESSED,893102117,893102124                          
2026-10-06T20:33:14.341	TEL,3730,S4,893104727,2002,44543,0,439,2937                    
2026-10-06T20:33:14.341	TEL,3731,S4,893114742,2017,44543,0,436,2935                    
2026-10-06T20:33:14.341	TEL,3732,S4,893124727,2001,44543,0,439,2935                    
2026-10-06T20:33:14.341	TEL,3733,S4,893134727,2001,44543,0,433,2930                    
2026-10-06T20:33:14.341	TEL,3734,S4,893144727,2001,44543,0,430,2930                    
2026-10-06T20:33:14.953	TEL,3735,S4,893154727,2001,44543,0,442,2941                    
2026-10-06T20:33:14.953	TEL,3736,S4,893164727,2001,44543,0,442,2941                    
2026-10-06T20:33:14.953	TEL,3737,S4,893174727,2001,44543,0,439,2937                    
2026-10-06T20:33:14.953	TEL,3738,S4,893184727,2001,44543,0,442,2937                    
2026-10-06T20:33:14.953	TEL,3739,S4,893194727,2001,44543,0,442,2937                    
2026-10-06T20:33:14.953	TEL,3740,S4,893204727,2001,44543,0,436,2937                    
2026-10-06T20:33:14.953	TEL,3741,S4,893214727,2001,44543,0,436,2937                    
2026-10-06T20:33:14.953	TEL,3742,S4,893224727,2001,44543,0,436,2937                    
2026-10-06T20:33:14.953	TEL,3743,S4,893234727,2001,44543,0,433,2933                    
2026-10-06T20:33:14.953	TEL,3744,S4,893244727,2001,44543,0,433,2933                    
2026-10-06T20:33:14.953	TEL,3745,S4,893254727,2001,44543,0,433,2933                    
2026-10-06T20:33:14.953	TEL,3746,S4,893264727,2001,44543,0,433,2933                    
2026-10-06T20:33:14.953	TEL,3747,S4,893274727,2001,44543,0,439,2941                    
2026-10-06T20:33:14.953	TEL,3748,S4,893284727,2001,44543,0,442,2941                    
2026-10-06T20:33:14.953	TEL,3749,S4,893294727,2001,44543,0,442,2941                    
2026-10-06T20:33:14.953	TEL,3750,S4,893304727,2001,44543,0,439,2941                    
2026-10-06T20:33:14.953	TEL,3751,S4,893314727,2001,44543,0,425,2927                    
2026-10-06T20:33:14.953	TEL,3752,S4,893324727,2001,44543,0,428,2927                    
2026-10-06T20:33:14.953	TEL,3753,S4,893334727,2001,44543,0,442,2941                    
2026-10-06T20:33:14.953	TEL,3754,S4,893344727,2001,44543,0,433,2941                    
2026-10-06T20:33:14.953	TEL,3755,S4,893354727,2001,44543,0,430,2937                    
2026-10-06T20:33:14.953	TEL,3756,S4,893364727,2001,44543,0,436,2937                    
2026-10-06T20:33:14.953	TEL,3757,S4,893374727,2001,44543,0,433,2933                    
2026-10-06T20:33:14.953	TEL,3758,S4,893384727,2001,44543,0,433,2933                    
2026-10-06T20:33:14.953	TEL,3759,S4,893394727,2001,44543,0,433,2933                    
2026-10-06T20:33:14.953	TEL,3760,S4,893404727,2001,44543,0,433,2933                    
2026-10-06T20:33:14.953	TEL,3761,S4,893414727,2001,44543,0,428,2930                    
2026-10-06T20:33:14.953	TEL,3762,S4,893424727,2001,44543,0,428,2930                    
2026-10-06T20:33:14.953	TEL,3763,S4,893434727,2001,44543,0,433,2933                    
2026-10-06T20:33:14.953	TEL,3764,S4,893444727,2001,44543,0,433,2933                    
2026-10-06T20:33:14.953	TEL,3765,S4,893454727,2001,44543,0,442,2941                    
2026-10-06T20:33:14.953	TEL,3766,S4,893464727,2001,44543,0,442,2941                    
2026-10-06T20:33:14.953	TEL,3767,S4,893474727,2001,44543,0,428,2927                    
2026-10-06T20:33:14.953	TEL,3768,S4,893484727,2001,44543,0,425,2927                    
2026-10-06T20:33:14.953	TEL,3769,S4,893494727,2001,44543,0,428,2930                    
2026-10-06T20:33:14.953	TEL,3770,S4,893504727,2001,44543,0,428,2930                    
2026-10-06T20:33:14.953	TEL,3771,S4,893514727,2001,44543,0,430,2933                    
2026-10-06T20:33:14.953	TEL,3772,S4,893524727,2001,44543,0,428,2933                    
2026-10-06T20:33:14.953	TEL,3773,S4,893534727,2001,44543,0,436,2942                    
2026-10-06T20:33:14.953	TEL,3774,S4,893544727,2001,44543,0,442,2942                    
2026-10-06T20:33:14.953	TEL,3775,S4,893554727,2001,44543,0,425,2927                    
2026-10-06T20:33:14.953	TEL,3776,S4,893564727,2001,44543,0,436,2927                    
2026-10-06T20:33:14.953	TEL,3777,S4,893574727,2001,44543,0,442,2933                    
2026-10-06T20:33:14.953	TEL,3778,S4,893584727,2001,44543,0,428,2933                    
2026-10-06T20:33:14.953	TEL,3779,S4,893594727,2001,44543,0,425,2930                    
2026-10-06T20:33:14.953	TEL,3780,S4,893604727,2001,44543,0,428,2930                    
2026-10-06T20:33:14.953	TEL,3781,S4,893614727,2001,44543,0,436,2937                    
2026-10-06T20:33:14.953	TEL,3782,S4,893624727,2001,44543,0,436,2937                    
2026-10-06T20:33:14.953	TEL,3783,S4,893634727,2001,44543,0,436,2937                    
2026-10-06T20:33:14.953	TEL,3784,S4,893644727,2001,44543,0,436,2937                    
2026-10-06T20:33:14.953	TEL,3785,S4,893654727,2001,44543,0,439,2941                    
2026-10-06T20:33:14.953	TEL,3786,S4,893664727,2001,44543,0,428,2941                    
2026-10-06T20:33:14.953	TEL,3787,S4,893674727,2001,44543,0,419,2930                    
2026-10-06T20:33:14.953	TEL,3788,S4,893684727,2001,44543,0,425,2930                    
2026-10-06T20:33:14.953	TEL,3789,S4,893694727,2001,44543,0,428,2933                    
2026-10-06T20:33:14.953	TEL,3790,S4,893704727,2001,44543,0,433,2933                    
2026-10-06T20:33:14.953	TEL,3791,S4,893714727,2001,44543,0,433,2933                    
2026-10-06T20:33:14.953	TEL,3792,S4,893724727,2001,44543,0,422,2933                    
2026-10-06T20:33:14.953	TEL,3793,S4,893734727,2001,44543,0,425,2937                    
2026-10-06T20:33:14.953	BTN,48,S4,PRESSED,893735122,893735130                          
2026-10-06T20:33:14.953	TEL,3794,S4,893744728,2003,44543,0,436,2937                    
2026-10-06T20:33:14.953	TEL,3795,S4,893754727,2001,44543,0,433,2933                    
2026-10-06T20:33:15.563	TEL,3796,S4,893764727,2001,44543,0,433,2933                    
2026-10-06T20:33:15.563	TEL,3797,S4,893774727,2001,44543,0,433,2933                    
2026-10-06T20:33:15.563	TEL,3798,S4,893784727,2001,44543,0,433,2933                    
2026-10-06T20:33:15.563	TEL,3799,S4,893794727,2001,44543,0,439,2941                    
2026-10-06T20:33:15.563	TEL,3800,S4,893804727,2001,44543,0,442,2941                    
2026-10-06T20:33:15.563	TEL,3801,S4,893814727,2001,44543,0,433,2932                    
2026-10-06T20:33:15.563	TEL,3802,S4,893824727,2001,44543,0,430,2932                    
2026-10-06T20:33:15.563	TEL,3803,S4,893834727,2001,44543,0,428,2930                    
2026-10-06T20:33:15.563	TEL,3804,S4,893844727,2001,44543,0,428,2930                    
2026-10-06T20:33:15.563	TEL,3805,S4,893854727,2001,44543,0,436,2937                    
2026-10-06T20:33:15.563	TEL,3806,S4,893864727,2001,44543,0,439,2937                    
2026-10-06T20:33:15.563	TEL,3807,S4,893874727,2001,44543,0,442,2941                    
2026-10-06T20:33:15.563	TEL,3808,S4,893884727,2001,44543,0,433,2941                    
2026-10-06T20:33:15.563	TEL,3809,S4,893894727,2001,44543,0,428,2933                    
2026-10-06T20:33:15.563	TEL,3810,S4,893904727,2001,44543,0,436,2933                    
2026-10-06T20:33:15.563	TEL,3811,S4,893914727,2001,44543,0,433,2930                    
2026-10-06T20:33:15.563	TEL,3812,S4,893924727,2001,44543,0,430,2930                    
2026-10-06T20:33:15.563	TEL,3813,S4,893934727,2001,44543,0,439,2939                    
2026-10-06T20:33:15.563	TEL,3814,S4,893944727,2001,44543,0,436,2939                    
2026-10-06T20:33:15.563	TEL,3815,S4,893954727,2001,44543,0,433,2933                    
2026-10-06T20:33:15.563	TEL,3816,S4,893964727,2001,44543,0,433,2933                    
2026-10-06T20:33:15.563	TEL,3817,S4,893974727,2001,44543,0,436,2937                    
2026-10-06T20:33:15.563	TEL,3818,S4,893984727,2001,44543,0,436,2937                    
2026-10-06T20:33:15.563	TEL,3819,S4,893994727,2001,44543,0,436,2937                    
2026-10-06T20:33:15.563	TEL,3820,S4,894004727,2001,44543,0,430,2937                    
2026-10-06T20:33:15.563	TEL,3821,S4,894014727,2001,44543,0,436,2942                    
2026-10-06T20:33:15.563	TEL,3822,S4,894024727,2001,44543,0,442,2942                    
2026-10-06T20:33:15.563	TEL,3823,S4,894034727,2001,44543,0,442,2941                    
2026-10-06T20:33:15.563	TEL,3824,S4,894044727,2001,44543,0,439,2941                    
2026-10-06T20:33:15.563	TEL,3825,S4,894054727,2001,44543,0,436,2937                    
2026-10-06T20:33:15.563	TEL,3826,S4,894064727,2001,44543,0,430,2937                    
2026-10-06T20:33:15.563	TEL,3827,S4,894074727,2001,44543,0,428,2933                    
2026-10-06T20:33:15.563	TEL,3828,S4,894084727,2001,44543,0,425,2933                    
2026-10-06T20:33:15.563	TEL,3829,S4,894094727,2001,44543,0,419,2927                    
2026-10-06T20:33:15.563	TEL,3830,S4,894104727,2001,44543,0,425,2927                    
2026-10-06T20:33:15.563	TEL,3831,S4,894114727,2001,44543,0,436,2937                    
2026-10-06T20:33:15.563	TEL,3832,S4,894124727,2001,44543,0,436,2937                    
2026-10-06T20:33:15.563	TEL,3833,S4,894134727,2001,44543,0,436,2937                    
2026-10-06T20:33:15.563	TEL,3834,S4,894144727,2001,44543,0,445,2937                    
2026-10-06T20:33:15.563	TEL,3835,S4,894154727,2001,44543,0,448,2941                    
2026-10-06T20:33:15.563	TEL,3836,S4,894164727,2001,44543,0,439,2941                    
2026-10-06T20:33:15.563	TEL,3837,S4,894174727,2001,44543,0,428,2930                    
2026-10-06T20:33:15.563	TEL,3838,S4,894184727,2001,44543,0,425,2930                    
2026-10-06T20:33:15.563	TEL,3839,S4,894194727,2001,44543,0,425,2932                    
2026-10-06T20:33:15.563	TEL,3840,S4,894204727,2001,44543,0,430,2932                    
2026-10-06T20:33:15.563	TEL,3841,S4,894214727,2001,44543,0,436,2937                    
2026-10-06T20:33:15.563	TEL,3842,S4,894224727,2001,44543,0,436,2937                    
2026-10-06T20:33:15.563	TEL,3843,S4,894234727,2001,44543,0,436,2937                    
2026-10-06T20:33:15.563	TEL,3844,S4,894244727,2001,44543,0,439,2937                    
2026-10-06T20:33:15.563	TEL,3845,S4,894254727,2001,44543,0,430,2930                    
2026-10-06T20:33:15.563	TEL,3846,S4,894264727,2001,44543,0,430,2930                    
2026-10-06T20:33:15.563	TEL,3847,S4,894274727,2001,44543,0,442,2941                    
2026-10-06T20:33:15.563	TEL,3848,S4,894284727,2001,44543,0,439,2941                    
2026-10-06T20:33:15.563	TEL,3849,S4,894294727,2001,44543,0,433,2933                    
2026-10-06T20:33:15.563	TEL,3850,S4,894304727,2001,44543,0,433,2933                    
2026-10-06T20:33:15.563	TEL,3851,S4,894314727,2001,44543,0,428,2930                    
2026-10-06T20:33:15.563	TEL,3852,S4,894324727,2001,44543,0,419,2930                    
2026-10-06T20:33:15.563	TEL,3853,S4,894334727,2001,44543,0,419,2930                    
2026-10-06T20:33:15.563	TEL,3854,S4,894344727,2001,44543,0,425,2930                    
2026-10-06T20:33:15.563	TEL,3855,S4,894354727,2001,44543,0,428,2933                    
2026-10-06T20:33:15.563	BTN,49,S4,PRESSED,894358128,894358135                          
2026-10-06T20:33:15.563	TEL,3856,S4,894364728,2003,44543,0,433,2933                    
2026-10-06T20:33:16.121	TEL,3857,S4,894374727,2001,44543,0,433,2933                    
2026-10-06T20:33:16.121	TEL,3858,S4,894384727,2001,44543,0,442,2933                    
2026-10-06T20:33:16.121	TEL,3859,S4,894394727,2001,44543,0,442,2933                    
2026-10-06T20:33:16.121	TEL,3860,S4,894404727,2001,44543,0,433,2933                    
2026-10-06T20:33:16.121	TEL,3861,S4,894414727,2001,44543,0,428,2930                    
2026-10-06T20:33:16.121	TEL,3862,S4,894424727,2001,44543,0,428,2930                    
2026-10-06T20:33:16.121	TEL,3863,S4,894434727,2001,44543,0,442,2942                    
2026-10-06T20:33:16.121	TEL,3864,S4,894444727,2001,44543,0,442,2942                    
2026-10-06T20:33:16.121	TEL,3865,S4,894454727,2001,44543,0,439,2941                    
2026-10-06T20:33:16.121	TEL,3866,S4,894464727,2001,44543,0,439,2941                    
2026-10-06T20:33:16.121	TEL,3867,S4,894474727,2001,44543,0,436,2937                    
2026-10-06T20:33:16.121	TEL,3868,S4,894484727,2001,44543,0,436,2937                    
2026-10-06T20:33:16.121	TEL,3869,S4,894494727,2001,44543,0,436,2937                    
2026-10-06T20:33:16.121	TEL,3870,S4,894504727,2001,44543,0,442,2937                    
2026-10-06T20:33:16.121	TEL,3871,S4,894514727,2001,44543,0,433,2930                    
2026-10-06T20:33:16.121	TEL,3872,S4,894524727,2001,44543,0,428,2930                    
2026-10-06T20:33:16.121	TEL,3873,S4,894534727,2001,44543,0,436,2937                    
2026-10-06T20:33:16.121	TEL,3874,S4,894544727,2001,44543,0,436,2937                    
2026-10-06T20:33:16.121	TEL,3875,S4,894554727,2001,44543,0,436,2937                    
2026-10-06T20:33:16.121	TEL,3876,S4,894564727,2001,44543,0,436,2937                    
2026-10-06T20:33:16.121	TEL,3877,S4,894574727,2001,44543,0,439,2941                    
2026-10-06T20:33:16.121	TEL,3878,S4,894584727,2001,44543,0,433,2941                    
2026-10-06T20:33:16.121	TEL,3879,S4,894594727,2001,44543,0,425,2930                    
2026-10-06T20:33:16.121	TEL,3880,S4,894604727,2001,44543,0,419,2930                    
2026-10-06T20:33:16.121	TEL,3881,S4,894614727,2001,44543,0,425,2937                    
2026-10-06T20:33:16.121	TEL,3882,S4,894624727,2001,44543,0,436,2937                    
2026-10-06T20:33:16.121	TEL,3883,S4,894634727,2001,44543,0,439,2941                    
2026-10-06T20:33:16.121	TEL,3884,S4,894644727,2001,44543,0,448,2941                    
2026-10-06T20:33:16.121	TEL,3885,S4,894654727,2001,44543,0,436,2930                    
2026-10-06T20:33:16.121	TEL,3886,S4,894664727,2001,44543,0,430,2930                    
2026-10-06T20:33:16.121	TEL,3887,S4,894674727,2001,44543,0,430,2930                    
2026-10-06T20:33:16.121	TEL,3888,S4,894684727,2001,44543,0,433,2930                    
2026-10-06T20:33:16.121	TEL,3889,S4,894694727,2001,44543,0,433,2930                    
2026-10-06T20:33:16.121	TEL,3890,S4,894704727,2001,44543,0,430,2930                    
2026-10-06T20:33:16.121	TEL,3891,S4,894714727,2001,44543,0,439,2937                    
2026-10-06T20:33:16.121	TEL,3892,S4,894724727,2001,44543,0,436,2937                    
2026-10-06T20:33:16.121	TEL,3893,S4,894734727,2001,44543,0,425,2927                    
2026-10-06T20:33:16.121	TEL,3894,S4,894744727,2001,44543,0,428,2927                    
2026-10-06T20:33:16.121	TEL,3895,S4,894754727,2001,44543,0,442,2941                    
2026-10-06T20:33:16.121	TEL,3896,S4,894764727,2001,44543,0,442,2941                    
2026-10-06T20:33:16.121	TEL,3897,S4,894774727,2001,44543,0,433,2933                    
2026-10-06T20:33:16.121	TEL,3898,S4,894784727,2001,44543,0,433,2933                    
2026-10-06T20:33:16.121	TEL,3899,S4,894794727,2001,44543,0,436,2937                    
2026-10-06T20:33:16.121	TEL,3900,S4,894804727,2001,44543,0,436,2937                    
2026-10-06T20:33:16.121	TEL,3901,S4,894814727,2001,44543,0,436,2937                    
2026-10-06T20:33:16.121	TEL,3902,S4,894824727,2001,44543,0,436,2937                    
2026-10-06T20:33:16.121	TEL,3903,S4,894834727,2001,44543,0,439,2941                    
2026-10-06T20:33:16.121	TEL,3904,S4,894844727,2001,44543,0,428,2941                    
2026-10-06T20:33:16.121	TEL,3905,S4,894854727,2001,44543,0,428,2941                    
2026-10-06T20:33:16.121	BTN,50,S4,PRESSED,894858133,894858141                          
2026-10-06T20:33:16.121	TEL,3906,S4,894864728,2003,44543,0,439,2941                    
2026-10-06T20:33:16.121	ACK,STOP,S4
2026-10-06T20:33:16.121	LOG,S4,1,861187865,861187872,861187882,861190315,861195868,ok
2026-10-06T20:33:16.121	LOG,S4,2,861976870,861976878,861976887,861980316,861985869,ok
2026-10-06T20:33:16.121	LOG,S4,3,862656876,862656883,862656892,862660311,862665864,ok
2026-10-06T20:33:16.121	LOG,S4,4,863384881,863384889,863384898,863390313,863395866,ok
2026-10-06T20:33:16.121	LOG,S4,5,864274887,864274894,864274903,864280319,864285872,ok
2026-10-06T20:33:16.121	LOG,S4,6,865141892,865141900,865141909,865141929,865147478,ok
2026-10-06T20:33:16.121	LOG,S4,7,865960898,865960905,865960914,865960934,865966486,ok
2026-10-06T20:33:16.121	LOG,S4,8,866510903,866510911,866510920,866510940,866516490,ok
2026-10-06T20:33:16.121	LOG,S4,9,867015909,867015916,867015925,867020312,867025865,ok
2026-10-06T20:33:16.121	LOG,S4,10,867547914,867547922,867547931,867550313,867555866,ok
2026-10-06T20:33:16.121	LOG,S4,11,868114920,868114927,868114936,868120311,868125864,ok
2026-10-06T20:33:16.377	LOG,S4,12,868812925,868812933,868812942,868812962,868818513,ok
2026-10-06T20:33:16.377	LOG,S4,13,869574931,869574938,869574947,869580315,869585868,ok
2026-10-06T20:33:16.377	LOG,S4,14,870244936,870244943,870244953,870250318,870255871,ok
2026-10-06T20:33:16.377	LOG,S4,15,870997942,870997949,870997958,871000314,871005867,ok
2026-10-06T20:33:16.377	LOG,S4,16,871727947,871727954,871727964,871730316,871735869,ok
2026-10-06T20:33:16.377	LOG,S4,17,872612953,872612960,872612969,872612989,872618543,ok
2026-10-06T20:33:16.377	LOG,S4,18,873286958,873286965,873286975,873290316,873295869,ok
2026-10-06T20:33:16.377	LOG,S4,19,874184964,874184971,874184980,874190315,874195868,ok
2026-10-06T20:33:16.377	LOG,S4,20,874956969,874956976,874956986,874960313,874965866,ok
2026-10-06T20:33:16.377	LOG,S4,21,875500975,875500982,875500991,875501011,875506562,ok
2026-10-06T20:33:16.377	LOG,S4,22,876174980,876174987,876174997,876180311,876185864,ok
2026-10-06T20:33:16.377	LOG,S4,23,876721985,876721993,876722002,876722022,876727574,ok
2026-10-06T20:33:16.377	LOG,S4,24,877414991,877414998,877415008,877420312,877425865,ok
2026-10-06T20:33:16.377	LOG,S4,25,877971996,877972004,877972013,877972033,877977585,ok
2026-10-06T20:33:16.377	LOG,S4,26,878519002,878519009,878519019,878520311,878525864,ok
2026-10-06T20:33:16.377	LOG,S4,27,879028007,879028015,879028024,879030319,879035872,ok
2026-10-06T20:33:16.377	LOG,S4,28,879701013,879701020,879701029,879701049,879706602,ok
2026-10-06T20:33:16.377	LOG,S4,29,880530018,880530026,880530035,880530319,880535872,ok
2026-10-06T20:33:16.377	LOG,S4,30,881384024,881384031,881384040,881384060,881389617,ok
2026-10-06T20:33:16.377	LOG,S4,31,881963029,881963037,881963046,881963066,881968620,ok
2026-10-06T20:33:16.377	LOG,S4,32,882763035,882763042,882763051,882763071,882768622,ok
2026-10-06T20:33:16.377	LOG,S4,33,883576040,883576048,883576057,883580319,883585872,ok
2026-10-06T20:33:16.377	LOG,S4,34,884144046,884144053,884144062,884144082,884149638,ok
2026-10-06T20:33:16.377	LOG,S4,35,885000051,885000058,885000068,885000317,885005870,ok
2026-10-06T20:33:16.377	LOG,S4,36,885571057,885571064,885571073,885571093,885576648,ok
2026-10-06T20:33:16.377	LOG,S4,37,886222062,886222069,886222079,886222099,886227654,ok
2026-10-06T20:33:16.377	LOG,S4,38,886859068,886859075,886859084,886860314,886865867,ok
2026-10-06T20:33:16.377	LOG,S4,39,887533073,887533080,887533090,887533109,887538660,ok
2026-10-06T20:33:16.377	LOG,S4,40,888308079,888308086,888308095,888310317,888315870,ok
2026-10-06T20:33:16.377	LOG,S4,41,889008084,889008091,889008101,889010315,889015868,ok
2026-10-06T20:33:16.377	LOG,S4,42,889748090,889748097,889748106,889750318,889755871,ok
2026-10-06T20:33:16.377	LOG,S4,43,890521095,890521102,890521112,890521131,890526684,ok
2026-10-06T20:33:16.377	LOG,S4,44,891280100,891280108,891280117,891280314,891285867,ok
2026-10-06T20:33:16.377	LOG,S4,45,891826106,891826113,891826123,891830318,891835871,ok
2026-10-06T20:33:16.377	LOG,S4,46,892481111,892481119,892481128,892481148,892486703,ok
2026-10-06T20:33:16.377	LOG,S4,47,893102117,893102124,893102134,893102153,893107704,ok
2026-10-06T20:33:16.377	LOG,S4,48,893735122,893735130,893735139,893740313,893745866,ok
2026-10-06T20:33:16.377	LOG,S4,49,894358128,894358135,894358144,894360317,894365870,ok
2026-10-06T20:33:16.377	LOG,S4,50,894858133,894858141,894858150,894860318,894865868,ok
2026-10-06T20:33:16.377	CNT,accepted,50
2026-10-06T20:33:16.377	CNT,logged,50
2026-10-06T20:33:16.377	CNT,bounce_rejected,0
2026-10-06T20:33:16.377	CNT,ignored,0
2026-10-06T20:33:16.377	CNT,btn_q_drop,0
2026-10-06T20:33:16.377	CNT,btn_tx_drop,0
2026-10-06T20:33:16.377	CNT,tel_sent,3906
2026-10-06T20:33:16.377	CNT,tel_tx_drop,0
2026-10-06T20:33:16.377	CNT,tx_error,0
2026-10-06T20:33:16.377	CNT,tx_timeout,0
2026-10-06T20:33:16.377	CNT,log_overflow,0
2026-10-06T20:33:16.377	CNT,fmt_error,0
2026-10-06T20:33:16.377	CNT,tel_period_min_us,9846
2026-10-06T20:33:16.377	CNT,tel_period_max_us,10000
2026-10-06T20:33:16.377	CNT,work_min_us,2001
2026-10-06T20:33:16.377	CNT,work_max_us,2043
2026-10-06T20:33:16.377	CNT,hwm_telemetry_w,187
2026-10-06T20:33:16.377	CNT,hwm_uarttx_w,265
2026-10-06T20:33:16.377	CNT,heap_free_min_b,17512
2026-10-06T20:33:16.377	INF,variant,C
2026-10-06T20:33:16.377	INF,source,INJ
2026-10-06T20:33:16.377	INF,events,50
2026-10-06T20:33:16.377	END,DUMP,S4
