# pc_rx_time yaln?zca bilgi ama?l?d?r; gecikme hesab?nda KULLANILMAZ.
2026-09-27T00:02:05.273	ACK,START,S4
2026-09-27T00:02:05.273	TEL,1,S4,114381125,2002,44543                                  
2026-09-27T00:02:05.273	TEL,2,S4,114390722,2002,44543                                  
2026-09-27T00:02:05.273	TEL,3,S4,114400722,2001,44543                                  
2026-09-27T00:02:05.273	TEL,4,S4,114410722,2001,44543                                  
2026-09-27T00:02:05.273	TEL,5,S4,114420722,2001,44543                                  
2026-09-27T00:02:05.273	TEL,6,S4,114430722,2001,44543                                  
2026-09-27T00:02:05.273	TEL,7,S4,114440722,2001,44543                                  
2026-09-27T00:02:05.273	TEL,8,S4,114450722,2001,44543                                  
2026-09-27T00:02:05.273	TEL,9,S4,114460722,2001,44543                                  
2026-09-27T00:02:05.273	TEL,10,S4,114470722,2001,44543                                 
2026-09-27T00:02:05.273	TEL,11,S4,114480722,2001,44543                                 
2026-09-27T00:02:05.273	TEL,12,S4,114490722,2001,44543                                 
2026-09-27T00:02:05.273	TEL,13,S4,114500722,2001,44543                                 
2026-09-27T00:02:05.273	TEL,14,S4,114510722,2001,44543                                 
2026-09-27T00:02:05.273	TEL,15,S4,114520722,2001,44543                                 
2026-09-27T00:02:05.273	TEL,16,S4,114530722,2001,44543                                 
2026-09-27T00:02:05.273	TEL,17,S4,114540722,2001,44543                                 
2026-09-27T00:02:05.273	TEL,18,S4,114550722,2001,44543                                 
2026-09-27T00:02:05.273	TEL,19,S4,114560722,2001,44543                                 
2026-09-27T00:02:05.273	TEL,20,S4,114570722,2001,44543                                 
2026-09-27T00:02:05.273	TEL,21,S4,114580722,2001,44543                                 
2026-09-27T00:02:05.273	TEL,22,S4,114590722,2001,44543                                 
2026-09-27T00:02:05.273	TEL,23,S4,114600722,2001,44543                                 
2026-09-27T00:02:05.273	TEL,24,S4,114610722,2001,44543                                 
2026-09-27T00:02:05.273	TEL,25,S4,114620722,2001,44543                                 
2026-09-27T00:02:05.273	TEL,26,S4,114630722,2001,44543                                 
2026-09-27T00:02:05.273	TEL,27,S4,114640722,2001,44543                                 
2026-09-27T00:02:05.273	TEL,28,S4,114650722,2001,44543                                 
2026-09-27T00:02:05.273	TEL,29,S4,114660722,2001,44543                                 
2026-09-27T00:02:05.273	TEL,30,S4,114670722,2001,44543                                 
2026-09-27T00:02:05.273	TEL,31,S4,114680722,2001,44543                                 
2026-09-27T00:02:05.273	TEL,32,S4,114690722,2001,44543                                 
2026-09-27T00:02:05.273	TEL,33,S4,114700722,2001,44543                                 
2026-09-27T00:02:05.273	TEL,34,S4,114710722,2001,44543                                 
2026-09-27T00:02:05.273	TEL,35,S4,114720722,2001,44543                                 
2026-09-27T00:02:05.273	TEL,36,S4,114730722,2001,44543                                 
2026-09-27T00:02:05.273	TEL,37,S4,114740722,2001,44543                                 
2026-09-27T00:02:05.273	TEL,38,S4,114750722,2001,44543                                 
2026-09-27T00:02:05.273	TEL,39,S4,114760722,2001,44543                                 
2026-09-27T00:02:05.273	TEL,40,S4,114770722,2001,44543                                 
2026-09-27T00:02:05.273	TEL,41,S4,114780722,2001,44543                                 
2026-09-27T00:02:05.273	TEL,42,S4,114790722,2001,44543                                 
2026-09-27T00:02:05.273	TEL,43,S4,114800722,2001,44543                                 
2026-09-27T00:02:05.273	TEL,44,S4,114810722,2001,44543                                 
2026-09-27T00:02:05.273	TEL,45,S4,114820722,2001,44543                                 
2026-09-27T00:02:05.273	TEL,46,S4,114830722,2001,44543                                 
2026-09-27T00:02:05.273	TEL,47,S4,114840722,2001,44543                                 
2026-09-27T00:02:05.273	TEL,48,S4,114850722,2001,44543                                 
2026-09-27T00:02:05.273	TEL,49,S4,114860722,2001,44543                                 
2026-09-27T00:02:05.273	TEL,50,S4,114870722,2001,44543                                 
2026-09-27T00:02:05.273	TEL,51,S4,114880722,2001,44543                                 
2026-09-27T00:02:05.273	TEL,52,S4,114890722,2001,44543                                 
2026-09-27T00:02:05.273	TEL,53,S4,114900722,2001,44543                                 
2026-09-27T00:02:05.273	TEL,54,S4,114910722,2001,44543                                 
2026-09-27T00:02:05.273	TEL,55,S4,114920722,2001,44543                                 
2026-09-27T00:02:05.273	TEL,56,S4,114930722,2001,44543                                 
2026-09-27T00:02:05.273	TEL,57,S4,114940722,2001,44543                                 
2026-09-27T00:02:05.273	TEL,58,S4,114950722,2001,44543                                 
2026-09-27T00:02:05.273	TEL,59,S4,114960722,2001,44543                                 
2026-09-27T00:02:05.273	TEL,60,S4,114970722,2001,44543                                 
2026-09-27T00:02:05.273	TEL,61,S4,114980722,2001,44543                                 
2026-09-27T00:02:05.898	TEL,62,S4,114990722,2001,44543                                 
2026-09-27T00:02:05.898	TEL,63,S4,115000722,2001,44543                                 
2026-09-27T00:02:05.898	TEL,64,S4,115010722,2001,44543                                 
2026-09-27T00:02:05.898	TEL,65,S4,115020722,2001,44543                                 
2026-09-27T00:02:05.898	TEL,66,S4,115030722,2001,44543                                 
2026-09-27T00:02:05.898	TEL,67,S4,115040722,2001,44543                                 
2026-09-27T00:02:05.898	TEL,68,S4,115050722,2001,44543                                 
2026-09-27T00:02:05.898	TEL,69,S4,115060722,2001,44543                                 
2026-09-27T00:02:05.898	TEL,70,S4,115070722,2001,44543                                 
2026-09-27T00:02:05.898	TEL,71,S4,115080722,2001,44543                                 
2026-09-27T00:02:05.898	TEL,72,S4,115090722,2001,44543                                 
2026-09-27T00:02:05.898	TEL,73,S4,115100722,2001,44543                                 
2026-09-27T00:02:05.898	TEL,74,S4,115110722,2001,44543                                 
2026-09-27T00:02:05.898	TEL,75,S4,115120722,2001,44543                                 
2026-09-27T00:02:05.898	TEL,76,S4,115130722,2001,44543                                 
2026-09-27T00:02:05.898	TEL,77,S4,115140722,2001,44543                                 
2026-09-27T00:02:05.898	TEL,78,S4,115150722,2001,44543                                 
2026-09-27T00:02:05.898	TEL,79,S4,115160722,2001,44543                                 
2026-09-27T00:02:05.898	TEL,80,S4,115170722,2001,44543                                 
2026-09-27T00:02:05.898	TEL,81,S4,115180722,2001,44543                                 
2026-09-27T00:02:05.898	TEL,82,S4,115190722,2001,44543                                 
2026-09-27T00:02:05.898	TEL,83,S4,115200722,2001,44543                                 
2026-09-27T00:02:05.898	TEL,84,S4,115210722,2001,44543                                 
2026-09-27T00:02:05.898	TEL,85,S4,115220722,2001,44543                                 
2026-09-27T00:02:05.898	TEL,86,S4,115230722,2001,44543                                 
2026-09-27T00:02:05.898	TEL,87,S4,115240722,2001,44543                                 
2026-09-27T00:02:05.898	TEL,88,S4,115250722,2001,44543                                 
2026-09-27T00:02:05.898	TEL,89,S4,115260722,2001,44543                                 
2026-09-27T00:02:05.898	TEL,90,S4,115270722,2001,44543                                 
2026-09-27T00:02:05.898	TEL,91,S4,115280722,2001,44543                                 
2026-09-27T00:02:05.898	TEL,92,S4,115290722,2001,44543                                 
2026-09-27T00:02:05.898	TEL,93,S4,115300722,2001,44543                                 
2026-09-27T00:02:05.898	TEL,94,S4,115310722,2001,44543                                 
2026-09-27T00:02:05.898	TEL,95,S4,115320722,2001,44543                                 
2026-09-27T00:02:05.898	TEL,96,S4,115330722,2001,44543                                 
2026-09-27T00:02:05.898	TEL,97,S4,115340722,2001,44543                                 
2026-09-27T00:02:05.898	TEL,98,S4,115350722,2001,44543                                 
2026-09-27T00:02:05.898	TEL,99,S4,115360722,2001,44543                                 
2026-09-27T00:02:05.898	TEL,100,S4,115370722,2001,44543                                
2026-09-27T00:02:05.898	TEL,101,S4,115380722,2001,44543                                
2026-09-27T00:02:05.898	TEL,102,S4,115390722,2001,44543                                
2026-09-27T00:02:05.898	TEL,103,S4,115400722,2001,44543                                
2026-09-27T00:02:05.898	TEL,104,S4,115410722,2001,44543                                
2026-09-27T00:02:05.898	TEL,105,S4,115420722,2001,44543                                
2026-09-27T00:02:05.898	TEL,106,S4,115430722,2001,44543                                
2026-09-27T00:02:05.898	TEL,107,S4,115440722,2001,44543                                
2026-09-27T00:02:05.898	TEL,108,S4,115450722,2001,44543                                
2026-09-27T00:02:05.898	TEL,109,S4,115460722,2001,44543                                
2026-09-27T00:02:05.898	TEL,110,S4,115470722,2001,44543                                
2026-09-27T00:02:05.898	TEL,111,S4,115480722,2001,44543                                
2026-09-27T00:02:05.898	TEL,112,S4,115490722,2001,44543                                
2026-09-27T00:02:05.898	TEL,113,S4,115500722,2001,44543                                
2026-09-27T00:02:05.898	TEL,114,S4,115510722,2001,44543                                
2026-09-27T00:02:05.898	TEL,115,S4,115520722,2001,44543                                
2026-09-27T00:02:05.898	TEL,116,S4,115530722,2001,44543                                
2026-09-27T00:02:05.898	TEL,117,S4,115540722,2001,44543                                
2026-09-27T00:02:05.898	TEL,118,S4,115550722,2001,44543                                
2026-09-27T00:02:05.898	TEL,119,S4,115560722,2001,44543                                
2026-09-27T00:02:05.898	TEL,120,S4,115570722,2001,44543                                
2026-09-27T00:02:05.898	TEL,121,S4,115580722,2001,44543                                
2026-09-27T00:02:05.898	TEL,122,S4,115590722,2001,44543                                
2026-09-27T00:02:05.898	TEL,123,S4,115600722,2001,44543                                
2026-09-27T00:02:06.520	TEL,124,S4,115610722,2001,44543                                
2026-09-27T00:02:06.520	TEL,125,S4,115620722,2001,44543                                
2026-09-27T00:02:06.520	TEL,126,S4,115630722,2001,44543                                
2026-09-27T00:02:06.520	TEL,127,S4,115640722,2001,44543                                
2026-09-27T00:02:06.520	TEL,128,S4,115650722,2001,44543                                
2026-09-27T00:02:06.520	TEL,129,S4,115660722,2001,44543                                
2026-09-27T00:02:06.520	TEL,130,S4,115670722,2001,44543                                
2026-09-27T00:02:06.520	TEL,131,S4,115680722,2001,44543                                
2026-09-27T00:02:06.520	TEL,132,S4,115690722,2001,44543                                
2026-09-27T00:02:06.520	TEL,133,S4,115700722,2001,44543                                
2026-09-27T00:02:06.520	TEL,134,S4,115710722,2001,44543                                
2026-09-27T00:02:06.520	TEL,135,S4,115720722,2001,44543                                
2026-09-27T00:02:06.520	TEL,136,S4,115730722,2001,44543                                
2026-09-27T00:02:06.520	TEL,137,S4,115740722,2001,44543                                
2026-09-27T00:02:06.520	TEL,138,S4,115750722,2001,44543                                
2026-09-27T00:02:06.520	TEL,139,S4,115760722,2001,44543                                
2026-09-27T00:02:06.520	TEL,140,S4,115770722,2001,44543                                
2026-09-27T00:02:06.520	TEL,141,S4,115780722,2001,44543                                
2026-09-27T00:02:06.520	TEL,142,S4,115790722,2001,44543                                
2026-09-27T00:02:06.520	TEL,143,S4,115800722,2001,44543                                
2026-09-27T00:02:06.520	TEL,144,S4,115810722,2001,44543                                
2026-09-27T00:02:06.520	TEL,145,S4,115820722,2001,44543                                
2026-09-27T00:02:06.520	TEL,146,S4,115830722,2001,44543                                
2026-09-27T00:02:06.520	TEL,147,S4,115840722,2001,44543                                
2026-09-27T00:02:06.520	TEL,148,S4,115850722,2001,44543                                
2026-09-27T00:02:06.520	TEL,149,S4,115860722,2001,44543                                
2026-09-27T00:02:06.520	TEL,150,S4,115870722,2001,44543                                
2026-09-27T00:02:06.520	TEL,151,S4,115880722,2001,44543                                
2026-09-27T00:02:06.520	TEL,152,S4,115890722,2001,44543                                
2026-09-27T00:02:06.520	TEL,153,S4,115900722,2001,44543                                
2026-09-27T00:02:06.520	TEL,154,S4,115910722,2001,44543                                
2026-09-27T00:02:06.520	TEL,155,S4,115920722,2001,44543                                
2026-09-27T00:02:06.520	TEL,156,S4,115930722,2001,44543                                
2026-09-27T00:02:06.520	TEL,157,S4,115940722,2001,44543                                
2026-09-27T00:02:06.520	TEL,158,S4,115950722,2001,44543                                
2026-09-27T00:02:06.520	TEL,159,S4,115960722,2001,44543                                
2026-09-27T00:02:06.520	TEL,160,S4,115970722,2001,44543                                
2026-09-27T00:02:06.520	TEL,161,S4,115980722,2001,44543                                
2026-09-27T00:02:06.520	TEL,162,S4,115990722,2001,44543                                
2026-09-27T00:02:06.520	TEL,163,S4,116000722,2001,44543                                
2026-09-27T00:02:06.520	TEL,164,S4,116010722,2001,44543                                
2026-09-27T00:02:06.520	TEL,165,S4,116020722,2001,44543                                
2026-09-27T00:02:06.520	TEL,166,S4,116030722,2001,44543                                
2026-09-27T00:02:06.520	TEL,167,S4,116040722,2001,44543                                
2026-09-27T00:02:06.520	TEL,168,S4,116050722,2001,44543                                
2026-09-27T00:02:06.520	TEL,169,S4,116060722,2001,44543                                
2026-09-27T00:02:06.520	TEL,170,S4,116070722,2001,44543                                
2026-09-27T00:02:06.520	TEL,171,S4,116080722,2001,44543                                
2026-09-27T00:02:06.520	TEL,172,S4,116090722,2001,44543                                
2026-09-27T00:02:06.520	TEL,173,S4,116100722,2001,44543                                
2026-09-27T00:02:06.520	TEL,174,S4,116110722,2001,44543                                
2026-09-27T00:02:06.520	TEL,175,S4,116120722,2001,44543                                
2026-09-27T00:02:06.520	TEL,176,S4,116130722,2001,44543                                
2026-09-27T00:02:06.520	TEL,177,S4,116140722,2001,44543                                
2026-09-27T00:02:06.520	TEL,178,S4,116150722,2001,44543                                
2026-09-27T00:02:06.520	TEL,179,S4,116160722,2001,44543                                
2026-09-27T00:02:06.520	TEL,180,S4,116170722,2001,44543                                
2026-09-27T00:02:06.520	TEL,181,S4,116180722,2001,44543                                
2026-09-27T00:02:06.520	TEL,182,S4,116190722,2001,44543                                
2026-09-27T00:02:06.520	TEL,183,S4,116200722,2001,44543                                
2026-09-27T00:02:06.520	TEL,184,S4,116210722,2001,44543                                
2026-09-27T00:02:06.520	TEL,185,S4,116220722,2001,44543                                
2026-09-27T00:02:07.138	TEL,186,S4,116230722,2001,44543                                
2026-09-27T00:02:07.138	TEL,187,S4,116240722,2001,44543                                
2026-09-27T00:02:07.138	TEL,188,S4,116250722,2001,44543                                
2026-09-27T00:02:07.138	TEL,189,S4,116260722,2001,44543                                
2026-09-27T00:02:07.138	TEL,190,S4,116270722,2001,44543                                
2026-09-27T00:02:07.138	TEL,191,S4,116280722,2001,44543                                
2026-09-27T00:02:07.138	TEL,192,S4,116290722,2001,44543                                
2026-09-27T00:02:07.138	TEL,193,S4,116300722,2001,44543                                
2026-09-27T00:02:07.138	TEL,194,S4,116310722,2001,44543                                
2026-09-27T00:02:07.138	TEL,195,S4,116320722,2001,44543                                
2026-09-27T00:02:07.138	TEL,196,S4,116330722,2001,44543                                
2026-09-27T00:02:07.138	TEL,197,S4,116340722,2001,44543                                
2026-09-27T00:02:07.138	TEL,198,S4,116350722,2001,44543                                
2026-09-27T00:02:07.138	TEL,199,S4,116360722,2001,44543                                
2026-09-27T00:02:07.138	TEL,200,S4,116370722,2001,44543                                
2026-09-27T00:02:07.138	TEL,201,S4,116380722,2001,44543                                
2026-09-27T00:02:07.138	TEL,202,S4,116390722,2001,44543                                
2026-09-27T00:02:07.138	TEL,203,S4,116400722,2001,44543                                
2026-09-27T00:02:07.138	TEL,204,S4,116410722,2001,44543                                
2026-09-27T00:02:07.138	TEL,205,S4,116420722,2001,44543                                
2026-09-27T00:02:07.138	TEL,206,S4,116430722,2001,44543                                
2026-09-27T00:02:07.138	TEL,207,S4,116440722,2001,44543                                
2026-09-27T00:02:07.138	TEL,208,S4,116450722,2001,44543                                
2026-09-27T00:02:07.138	TEL,209,S4,116460722,2001,44543                                
2026-09-27T00:02:07.138	TEL,210,S4,116470722,2001,44543                                
2026-09-27T00:02:07.138	TEL,211,S4,116480722,2001,44543                                
2026-09-27T00:02:07.138	TEL,212,S4,116490722,2001,44543                                
2026-09-27T00:02:07.138	TEL,213,S4,116500722,2001,44543                                
2026-09-27T00:02:07.138	TEL,214,S4,116510722,2001,44543                                
2026-09-27T00:02:07.138	TEL,215,S4,116520722,2001,44543                                
2026-09-27T00:02:07.138	TEL,216,S4,116530722,2001,44543                                
2026-09-27T00:02:07.138	TEL,217,S4,116540722,2001,44543                                
2026-09-27T00:02:07.138	TEL,218,S4,116550722,2001,44543                                
2026-09-27T00:02:07.138	TEL,219,S4,116560722,2001,44543                                
2026-09-27T00:02:07.138	TEL,220,S4,116570722,2001,44543                                
2026-09-27T00:02:07.138	TEL,221,S4,116580722,2001,44543                                
2026-09-27T00:02:07.138	TEL,222,S4,116590722,2001,44543                                
2026-09-27T00:02:07.138	TEL,223,S4,116600722,2001,44543                                
2026-09-27T00:02:07.138	TEL,224,S4,116610722,2001,44543                                
2026-09-27T00:02:07.138	TEL,225,S4,116620722,2001,44543                                
2026-09-27T00:02:07.138	TEL,226,S4,116630722,2001,44543                                
2026-09-27T00:02:07.138	TEL,227,S4,116640722,2001,44543                                
2026-09-27T00:02:07.138	TEL,228,S4,116650722,2001,44543                                
2026-09-27T00:02:07.138	TEL,229,S4,116660722,2001,44543                                
2026-09-27T00:02:07.138	TEL,230,S4,116670722,2001,44543                                
2026-09-27T00:02:07.138	TEL,231,S4,116680722,2001,44543                                
2026-09-27T00:02:07.138	TEL,232,S4,116690722,2001,44543                                
2026-09-27T00:02:07.138	TEL,233,S4,116700722,2001,44543                                
2026-09-27T00:02:07.138	TEL,234,S4,116710722,2001,44543                                
2026-09-27T00:02:07.138	TEL,235,S4,116720722,2001,44543                                
2026-09-27T00:02:07.138	TEL,236,S4,116730722,2001,44543                                
2026-09-27T00:02:07.138	TEL,237,S4,116740722,2001,44543                                
2026-09-27T00:02:07.138	TEL,238,S4,116750722,2001,44543                                
2026-09-27T00:02:07.138	TEL,239,S4,116760722,2001,44543                                
2026-09-27T00:02:07.138	TEL,240,S4,116770722,2001,44543                                
2026-09-27T00:02:07.138	TEL,241,S4,116780722,2001,44543                                
2026-09-27T00:02:07.138	TEL,242,S4,116790722,2001,44543                                
2026-09-27T00:02:07.138	TEL,243,S4,116800722,2001,44543                                
2026-09-27T00:02:07.138	TEL,244,S4,116810722,2001,44543                                
2026-09-27T00:02:07.138	TEL,245,S4,116820722,2001,44543                                
2026-09-27T00:02:07.138	TEL,246,S4,116830722,2001,44543                                
2026-09-27T00:02:07.138	TEL,247,S4,116840722,2001,44543                                
2026-09-27T00:02:07.760	TEL,248,S4,116850722,2001,44543                                
2026-09-27T00:02:07.760	TEL,249,S4,116860722,2001,44543                                
2026-09-27T00:02:07.760	TEL,250,S4,116870722,2001,44543                                
2026-09-27T00:02:07.760	TEL,251,S4,116880722,2001,44543                                
2026-09-27T00:02:07.760	TEL,252,S4,116890722,2001,44543                                
2026-09-27T00:02:07.760	TEL,253,S4,116900722,2001,44543                                
2026-09-27T00:02:07.760	TEL,254,S4,116910722,2001,44543                                
2026-09-27T00:02:07.760	TEL,255,S4,116920722,2001,44543                                
2026-09-27T00:02:07.760	TEL,256,S4,116930722,2001,44543                                
2026-09-27T00:02:07.760	TEL,257,S4,116940722,2001,44543                                
2026-09-27T00:02:07.760	TEL,258,S4,116950722,2001,44543                                
2026-09-27T00:02:07.760	TEL,259,S4,116960722,2001,44543                                
2026-09-27T00:02:07.760	TEL,260,S4,116970722,2001,44543                                
2026-09-27T00:02:07.760	TEL,261,S4,116980722,2001,44543                                
2026-09-27T00:02:07.760	TEL,262,S4,116990722,2001,44543                                
2026-09-27T00:02:07.760	TEL,263,S4,117000722,2001,44543                                
2026-09-27T00:02:07.760	TEL,264,S4,117010722,2001,44543                                
2026-09-27T00:02:07.760	TEL,265,S4,117020722,2001,44543                                
2026-09-27T00:02:07.760	TEL,266,S4,117030722,2001,44543                                
2026-09-27T00:02:07.760	TEL,267,S4,117040722,2001,44543                                
2026-09-27T00:02:07.760	TEL,268,S4,117050722,2001,44543                                
2026-09-27T00:02:07.760	TEL,269,S4,117060722,2001,44543                                
2026-09-27T00:02:07.760	TEL,270,S4,117070722,2001,44543                                
2026-09-27T00:02:07.760	TEL,271,S4,117080722,2001,44543                                
2026-09-27T00:02:07.760	TEL,272,S4,117090722,2001,44543                                
2026-09-27T00:02:07.760	TEL,273,S4,117100722,2001,44543                                
2026-09-27T00:02:07.760	TEL,274,S4,117110722,2001,44543                                
2026-09-27T00:02:07.760	TEL,275,S4,117120722,2001,44543                                
2026-09-27T00:02:07.760	TEL,276,S4,117130722,2001,44543                                
2026-09-27T00:02:07.760	TEL,277,S4,117140722,2001,44543                                
2026-09-27T00:02:07.760	TEL,278,S4,117150722,2001,44543                                
2026-09-27T00:02:07.760	TEL,279,S4,117160722,2001,44543                                
2026-09-27T00:02:07.760	TEL,280,S4,117170722,2001,44543                                
2026-09-27T00:02:07.760	TEL,281,S4,117180722,2001,44543                                
2026-09-27T00:02:07.760	TEL,282,S4,117190722,2001,44543                                
2026-09-27T00:02:07.760	TEL,283,S4,117200722,2001,44543                                
2026-09-27T00:02:07.760	TEL,284,S4,117210722,2001,44543                                
2026-09-27T00:02:07.760	TEL,285,S4,117220722,2001,44543                                
2026-09-27T00:02:07.760	TEL,286,S4,117230722,2001,44543                                
2026-09-27T00:02:07.760	TEL,287,S4,117240722,2001,44543                                
2026-09-27T00:02:07.760	TEL,288,S4,117250722,2001,44543                                
2026-09-27T00:02:07.760	TEL,289,S4,117260722,2001,44543                                
2026-09-27T00:02:07.760	TEL,290,S4,117270722,2001,44543                                
2026-09-27T00:02:07.760	TEL,291,S4,117280722,2001,44543                                
2026-09-27T00:02:07.760	TEL,292,S4,117290722,2001,44543                                
2026-09-27T00:02:07.760	TEL,293,S4,117300722,2001,44543                                
2026-09-27T00:02:07.760	TEL,294,S4,117310722,2001,44543                                
2026-09-27T00:02:07.760	TEL,295,S4,117320722,2001,44543                                
2026-09-27T00:02:07.760	TEL,296,S4,117330722,2001,44543                                
2026-09-27T00:02:07.760	TEL,297,S4,117340722,2001,44543                                
2026-09-27T00:02:07.760	TEL,298,S4,117350722,2001,44543                                
2026-09-27T00:02:07.760	TEL,299,S4,117360722,2001,44543                                
2026-09-27T00:02:07.760	TEL,300,S4,117370722,2001,44543                                
2026-09-27T00:02:07.760	TEL,301,S4,117380722,2001,44543                                
2026-09-27T00:02:07.760	TEL,302,S4,117390722,2001,44543                                
2026-09-27T00:02:07.760	TEL,303,S4,117400722,2001,44543                                
2026-09-27T00:02:07.760	TEL,304,S4,117410722,2001,44543                                
2026-09-27T00:02:07.760	TEL,305,S4,117420722,2001,44543                                
2026-09-27T00:02:07.760	TEL,306,S4,117430722,2001,44543                                
2026-09-27T00:02:07.760	TEL,307,S4,117440722,2001,44543                                
2026-09-27T00:02:07.760	TEL,308,S4,117450722,2001,44543                                
2026-09-27T00:02:07.760	TEL,309,S4,117460722,2001,44543                                
2026-09-27T00:02:08.374	TEL,310,S4,117470722,2001,44543                                
2026-09-27T00:02:08.374	TEL,311,S4,117480722,2001,44543                                
2026-09-27T00:02:08.374	TEL,312,S4,117490722,2001,44543                                
2026-09-27T00:02:08.374	TEL,313,S4,117500722,2001,44543                                
2026-09-27T00:02:08.374	TEL,314,S4,117510722,2001,44543                                
2026-09-27T00:02:08.374	TEL,315,S4,117520722,2001,44543                                
2026-09-27T00:02:08.374	TEL,316,S4,117530722,2001,44543                                
2026-09-27T00:02:08.374	TEL,317,S4,117540722,2001,44543                                
2026-09-27T00:02:08.374	TEL,318,S4,117550722,2001,44543                                
2026-09-27T00:02:08.374	TEL,319,S4,117560722,2001,44543                                
2026-09-27T00:02:08.374	TEL,320,S4,117570722,2001,44543                                
2026-09-27T00:02:08.374	TEL,321,S4,117580722,2001,44543                                
2026-09-27T00:02:08.374	TEL,322,S4,117590722,2001,44543                                
2026-09-27T00:02:08.374	TEL,323,S4,117600722,2001,44543                                
2026-09-27T00:02:08.374	TEL,324,S4,117610722,2001,44543                                
2026-09-27T00:02:08.374	TEL,325,S4,117620722,2001,44543                                
2026-09-27T00:02:08.374	TEL,326,S4,117630722,2001,44543                                
2026-09-27T00:02:08.374	TEL,327,S4,117640722,2001,44543                                
2026-09-27T00:02:08.374	TEL,328,S4,117650722,2001,44543                                
2026-09-27T00:02:08.374	TEL,329,S4,117660722,2001,44543                                
2026-09-27T00:02:08.374	TEL,330,S4,117670722,2001,44543                                
2026-09-27T00:02:08.374	TEL,331,S4,117680722,2001,44543                                
2026-09-27T00:02:08.374	TEL,332,S4,117690722,2001,44543                                
2026-09-27T00:02:08.374	TEL,333,S4,117700722,2001,44543                                
2026-09-27T00:02:08.374	TEL,334,S4,117710722,2001,44543                                
2026-09-27T00:02:08.374	TEL,335,S4,117720722,2001,44543                                
2026-09-27T00:02:08.374	TEL,336,S4,117730722,2001,44543                                
2026-09-27T00:02:08.374	TEL,337,S4,117740722,2001,44543                                
2026-09-27T00:02:08.374	TEL,338,S4,117750722,2001,44543                                
2026-09-27T00:02:08.374	TEL,339,S4,117760722,2001,44543                                
2026-09-27T00:02:08.374	TEL,340,S4,117770722,2001,44543                                
2026-09-27T00:02:08.374	TEL,341,S4,117780722,2001,44543                                
2026-09-27T00:02:08.374	TEL,342,S4,117790722,2001,44543                                
2026-09-27T00:02:08.374	TEL,343,S4,117800722,2001,44543                                
2026-09-27T00:02:08.374	TEL,344,S4,117810722,2001,44543                                
2026-09-27T00:02:08.374	TEL,345,S4,117820722,2001,44543                                
2026-09-27T00:02:08.374	TEL,346,S4,117830722,2001,44543                                
2026-09-27T00:02:08.374	TEL,347,S4,117840722,2001,44543                                
2026-09-27T00:02:08.374	TEL,348,S4,117850722,2001,44543                                
2026-09-27T00:02:08.374	TEL,349,S4,117860722,2001,44543                                
2026-09-27T00:02:08.374	TEL,350,S4,117870722,2001,44543                                
2026-09-27T00:02:08.374	TEL,351,S4,117880722,2001,44543                                
2026-09-27T00:02:08.374	TEL,352,S4,117890722,2001,44543                                
2026-09-27T00:02:08.374	TEL,353,S4,117900722,2001,44543                                
2026-09-27T00:02:08.374	TEL,354,S4,117910722,2001,44543                                
2026-09-27T00:02:08.374	TEL,355,S4,117920722,2001,44543                                
2026-09-27T00:02:08.374	TEL,356,S4,117930722,2001,44543                                
2026-09-27T00:02:08.374	TEL,357,S4,117940722,2001,44543                                
2026-09-27T00:02:08.374	TEL,358,S4,117950722,2001,44543                                
2026-09-27T00:02:08.374	TEL,359,S4,117960722,2001,44543                                
2026-09-27T00:02:08.374	TEL,360,S4,117970722,2001,44543                                
2026-09-27T00:02:08.374	TEL,361,S4,117980722,2001,44543                                
2026-09-27T00:02:08.374	TEL,362,S4,117990722,2001,44543                                
2026-09-27T00:02:08.374	TEL,363,S4,118000722,2001,44543                                
2026-09-27T00:02:08.374	TEL,364,S4,118010722,2001,44543                                
2026-09-27T00:02:08.374	TEL,365,S4,118020722,2001,44543                                
2026-09-27T00:02:08.374	TEL,366,S4,118030722,2001,44543                                
2026-09-27T00:02:08.374	TEL,367,S4,118040722,2001,44543                                
2026-09-27T00:02:08.374	TEL,368,S4,118050722,2001,44543                                
2026-09-27T00:02:08.374	TEL,369,S4,118060722,2001,44543                                
2026-09-27T00:02:08.374	TEL,370,S4,118070722,2001,44543                                
2026-09-27T00:02:08.374	TEL,371,S4,118080722,2001,44543                                
2026-09-27T00:02:09.000	TEL,372,S4,118090722,2001,44543                                
2026-09-27T00:02:09.000	TEL,373,S4,118100722,2001,44543                                
2026-09-27T00:02:09.000	TEL,374,S4,118110722,2001,44543                                
2026-09-27T00:02:09.000	TEL,375,S4,118120722,2001,44543                                
2026-09-27T00:02:09.000	TEL,376,S4,118130722,2001,44543                                
2026-09-27T00:02:09.000	TEL,377,S4,118140722,2001,44543                                
2026-09-27T00:02:09.000	TEL,378,S4,118150722,2001,44543                                
2026-09-27T00:02:09.000	TEL,379,S4,118160722,2001,44543                                
2026-09-27T00:02:09.000	TEL,380,S4,118170722,2001,44543                                
2026-09-27T00:02:09.000	TEL,381,S4,118180722,2001,44543                                
2026-09-27T00:02:09.000	TEL,382,S4,118190722,2001,44543                                
2026-09-27T00:02:09.000	TEL,383,S4,118200722,2001,44543                                
2026-09-27T00:02:09.000	TEL,384,S4,118210722,2001,44543                                
2026-09-27T00:02:09.000	TEL,385,S4,118220722,2001,44543                                
2026-09-27T00:02:09.000	TEL,386,S4,118230722,2001,44543                                
2026-09-27T00:02:09.000	TEL,387,S4,118240722,2001,44543                                
2026-09-27T00:02:09.000	TEL,388,S4,118250722,2001,44543                                
2026-09-27T00:02:09.000	TEL,389,S4,118260722,2001,44543                                
2026-09-27T00:02:09.000	TEL,390,S4,118270722,2001,44543                                
2026-09-27T00:02:09.000	TEL,391,S4,118280722,2001,44543                                
2026-09-27T00:02:09.000	TEL,392,S4,118290722,2001,44543                                
2026-09-27T00:02:09.000	TEL,393,S4,118300722,2001,44543                                
2026-09-27T00:02:09.000	TEL,394,S4,118310722,2001,44543                                
2026-09-27T00:02:09.000	TEL,395,S4,118320722,2001,44543                                
2026-09-27T00:02:09.000	TEL,396,S4,118330722,2001,44543                                
2026-09-27T00:02:09.000	TEL,397,S4,118340722,2001,44543                                
2026-09-27T00:02:09.000	TEL,398,S4,118350722,2001,44543                                
2026-09-27T00:02:09.000	TEL,399,S4,118360722,2001,44543                                
2026-09-27T00:02:09.000	TEL,400,S4,118370722,2001,44543                                
2026-09-27T00:02:09.000	TEL,401,S4,118380722,2001,44543                                
2026-09-27T00:02:09.000	TEL,402,S4,118390722,2001,44543                                
2026-09-27T00:02:09.000	TEL,403,S4,118400722,2001,44543                                
2026-09-27T00:02:09.000	TEL,404,S4,118410722,2001,44543                                
2026-09-27T00:02:09.000	TEL,405,S4,118420722,2001,44543                                
2026-09-27T00:02:09.000	TEL,406,S4,118430722,2001,44543                                
2026-09-27T00:02:09.000	TEL,407,S4,118440722,2001,44543                                
2026-09-27T00:02:09.000	TEL,408,S4,118450722,2001,44543                                
2026-09-27T00:02:09.000	TEL,409,S4,118460722,2001,44543                                
2026-09-27T00:02:09.000	TEL,410,S4,118470722,2001,44543                                
2026-09-27T00:02:09.000	TEL,411,S4,118480722,2001,44543                                
2026-09-27T00:02:09.000	TEL,412,S4,118490722,2001,44543                                
2026-09-27T00:02:09.000	TEL,413,S4,118500722,2001,44543                                
2026-09-27T00:02:09.000	TEL,414,S4,118510722,2001,44543                                
2026-09-27T00:02:09.000	TEL,415,S4,118520722,2001,44543                                
2026-09-27T00:02:09.000	TEL,416,S4,118530722,2001,44543                                
2026-09-27T00:02:09.000	TEL,417,S4,118540722,2001,44543                                
2026-09-27T00:02:09.000	TEL,418,S4,118550722,2001,44543                                
2026-09-27T00:02:09.000	TEL,419,S4,118560722,2001,44543                                
2026-09-27T00:02:09.000	TEL,420,S4,118570722,2001,44543                                
2026-09-27T00:02:09.000	TEL,421,S4,118580722,2001,44543                                
2026-09-27T00:02:09.000	TEL,422,S4,118590722,2001,44543                                
2026-09-27T00:02:09.000	TEL,423,S4,118600722,2001,44543                                
2026-09-27T00:02:09.000	TEL,424,S4,118610722,2001,44543                                
2026-09-27T00:02:09.000	TEL,425,S4,118620722,2001,44543                                
2026-09-27T00:02:09.000	TEL,426,S4,118630722,2001,44543                                
2026-09-27T00:02:09.000	TEL,427,S4,118640722,2001,44543                                
2026-09-27T00:02:09.000	TEL,428,S4,118650722,2001,44543                                
2026-09-27T00:02:09.000	TEL,429,S4,118660722,2001,44543                                
2026-09-27T00:02:09.000	TEL,430,S4,118670722,2001,44543                                
2026-09-27T00:02:09.000	TEL,431,S4,118680722,2001,44543                                
2026-09-27T00:02:09.000	TEL,432,S4,118690722,2001,44543                                
2026-09-27T00:02:09.000	TEL,433,S4,118700722,2001,44543                                
2026-09-27T00:02:09.620	TEL,434,S4,118710722,2001,44543                                
2026-09-27T00:02:09.620	TEL,435,S4,118720722,2001,44543                                
2026-09-27T00:02:09.620	TEL,436,S4,118730722,2001,44543                                
2026-09-27T00:02:09.620	TEL,437,S4,118740722,2001,44543                                
2026-09-27T00:02:09.620	TEL,438,S4,118750722,2001,44543                                
2026-09-27T00:02:09.620	TEL,439,S4,118760722,2001,44543                                
2026-09-27T00:02:09.620	TEL,440,S4,118770722,2001,44543                                
2026-09-27T00:02:09.620	TEL,441,S4,118780722,2001,44543                                
2026-09-27T00:02:09.620	TEL,442,S4,118790722,2001,44543                                
2026-09-27T00:02:09.620	TEL,443,S4,118800722,2001,44543                                
2026-09-27T00:02:09.620	TEL,444,S4,118810722,2001,44543                                
2026-09-27T00:02:09.620	TEL,445,S4,118820722,2001,44543                                
2026-09-27T00:02:09.620	TEL,446,S4,118830722,2001,44543                                
2026-09-27T00:02:09.620	TEL,447,S4,118840722,2001,44543                                
2026-09-27T00:02:09.620	TEL,448,S4,118850722,2001,44543                                
2026-09-27T00:02:09.620	TEL,449,S4,118860722,2001,44543                                
2026-09-27T00:02:09.620	TEL,450,S4,118870722,2001,44543                                
2026-09-27T00:02:09.620	TEL,451,S4,118880722,2001,44543                                
2026-09-27T00:02:09.620	TEL,452,S4,118890722,2001,44543                                
2026-09-27T00:02:09.620	TEL,453,S4,118900722,2001,44543                                
2026-09-27T00:02:09.620	TEL,454,S4,118910722,2001,44543                                
2026-09-27T00:02:09.620	TEL,455,S4,118920722,2001,44543                                
2026-09-27T00:02:09.620	TEL,456,S4,118930722,2001,44543                                
2026-09-27T00:02:09.620	TEL,457,S4,118940722,2001,44543                                
2026-09-27T00:02:09.620	TEL,458,S4,118950722,2001,44543                                
2026-09-27T00:02:09.620	TEL,459,S4,118960722,2001,44543                                
2026-09-27T00:02:09.620	TEL,460,S4,118970722,2001,44543                                
2026-09-27T00:02:09.620	TEL,461,S4,118980722,2001,44543                                
2026-09-27T00:02:09.620	TEL,462,S4,118990722,2001,44543                                
2026-09-27T00:02:09.620	TEL,463,S4,119000722,2001,44543                                
2026-09-27T00:02:09.620	TEL,464,S4,119010722,2001,44543                                
2026-09-27T00:02:09.620	TEL,465,S4,119020722,2001,44543                                
2026-09-27T00:02:09.620	TEL,466,S4,119030722,2001,44543                                
2026-09-27T00:02:09.620	TEL,467,S4,119040722,2001,44543                                
2026-09-27T00:02:09.620	TEL,468,S4,119050722,2001,44543                                
2026-09-27T00:02:09.620	TEL,469,S4,119060722,2001,44543                                
2026-09-27T00:02:09.620	TEL,470,S4,119070722,2001,44543                                
2026-09-27T00:02:09.620	TEL,471,S4,119080722,2001,44543                                
2026-09-27T00:02:09.620	TEL,472,S4,119090722,2001,44543                                
2026-09-27T00:02:09.620	TEL,473,S4,119100722,2001,44543                                
2026-09-27T00:02:09.620	TEL,474,S4,119110722,2001,44543                                
2026-09-27T00:02:09.620	TEL,475,S4,119120722,2001,44543                                
2026-09-27T00:02:09.620	TEL,476,S4,119130722,2001,44543                                
2026-09-27T00:02:09.620	TEL,477,S4,119140722,2001,44543                                
2026-09-27T00:02:09.620	TEL,478,S4,119150722,2001,44543                                
2026-09-27T00:02:09.620	TEL,479,S4,119160722,2001,44543                                
2026-09-27T00:02:09.620	TEL,480,S4,119170722,2001,44543                                
2026-09-27T00:02:09.620	TEL,481,S4,119180722,2001,44543                                
2026-09-27T00:02:09.620	TEL,482,S4,119190722,2001,44543                                
2026-09-27T00:02:09.620	TEL,483,S4,119200722,2001,44543                                
2026-09-27T00:02:09.620	TEL,484,S4,119210722,2001,44543                                
2026-09-27T00:02:09.620	TEL,485,S4,119220722,2001,44543                                
2026-09-27T00:02:09.620	TEL,486,S4,119230722,2001,44543                                
2026-09-27T00:02:09.620	TEL,487,S4,119240722,2001,44543                                
2026-09-27T00:02:09.620	TEL,488,S4,119250722,2001,44543                                
2026-09-27T00:02:09.620	TEL,489,S4,119260722,2001,44543                                
2026-09-27T00:02:09.620	TEL,490,S4,119270722,2001,44543                                
2026-09-27T00:02:09.620	TEL,491,S4,119280722,2001,44543                                
2026-09-27T00:02:09.620	TEL,492,S4,119290722,2001,44543                                
2026-09-27T00:02:09.620	TEL,493,S4,119300722,2001,44543                                
2026-09-27T00:02:09.620	TEL,494,S4,119310722,2001,44543                                
2026-09-27T00:02:09.620	TEL,495,S4,119320722,2001,44543                                
2026-09-27T00:02:10.238	TEL,496,S4,119330722,2001,44543                                
2026-09-27T00:02:10.238	TEL,497,S4,119340722,2001,44543                                
2026-09-27T00:02:10.238	TEL,498,S4,119350722,2001,44543                                
2026-09-27T00:02:10.238	TEL,499,S4,119360722,2001,44543                                
2026-09-27T00:02:10.238	TEL,500,S4,119370722,2001,44543                                
2026-09-27T00:02:10.238	TEL,501,S4,119380722,2001,44543                                
2026-09-27T00:02:10.238	TEL,502,S4,119390722,2001,44543                                
2026-09-27T00:02:10.238	TEL,503,S4,119400722,2001,44543                                
2026-09-27T00:02:10.238	TEL,504,S4,119410722,2001,44543                                
2026-09-27T00:02:10.238	TEL,505,S4,119420722,2001,44543                                
2026-09-27T00:02:10.238	TEL,506,S4,119430722,2001,44543                                
2026-09-27T00:02:10.238	TEL,507,S4,119440722,2001,44543                                
2026-09-27T00:02:10.238	TEL,508,S4,119450722,2001,44543                                
2026-09-27T00:02:10.238	TEL,509,S4,119460722,2001,44543                                
2026-09-27T00:02:10.238	TEL,510,S4,119470722,2001,44543                                
2026-09-27T00:02:10.238	TEL,511,S4,119480722,2001,44543                                
2026-09-27T00:02:10.238	TEL,512,S4,119490722,2001,44543                                
2026-09-27T00:02:10.238	TEL,513,S4,119500722,2001,44543                                
2026-09-27T00:02:10.238	TEL,514,S4,119510722,2001,44543                                
2026-09-27T00:02:10.238	TEL,515,S4,119520722,2001,44543                                
2026-09-27T00:02:10.238	TEL,516,S4,119530722,2001,44543                                
2026-09-27T00:02:10.238	TEL,517,S4,119540722,2001,44543                                
2026-09-27T00:02:10.238	TEL,518,S4,119550722,2001,44543                                
2026-09-27T00:02:10.238	TEL,519,S4,119560722,2001,44543                                
2026-09-27T00:02:10.238	TEL,520,S4,119570722,2001,44543                                
2026-09-27T00:02:10.238	TEL,521,S4,119580722,2001,44543                                
2026-09-27T00:02:10.238	TEL,522,S4,119590722,2001,44543                                
2026-09-27T00:02:10.238	TEL,523,S4,119600722,2001,44543                                
2026-09-27T00:02:10.238	TEL,524,S4,119610722,2001,44543                                
2026-09-27T00:02:10.238	TEL,525,S4,119620722,2001,44543                                
2026-09-27T00:02:10.238	TEL,526,S4,119630722,2001,44543                                
2026-09-27T00:02:10.238	TEL,527,S4,119640722,2001,44543                                
2026-09-27T00:02:10.238	TEL,528,S4,119650722,2001,44543                                
2026-09-27T00:02:10.238	TEL,529,S4,119660722,2001,44543                                
2026-09-27T00:02:10.238	TEL,530,S4,119670722,2001,44543                                
2026-09-27T00:02:10.238	TEL,531,S4,119680722,2001,44543                                
2026-09-27T00:02:10.238	TEL,532,S4,119690722,2001,44543                                
2026-09-27T00:02:10.238	TEL,533,S4,119700722,2001,44543                                
2026-09-27T00:02:10.238	TEL,534,S4,119710722,2001,44543                                
2026-09-27T00:02:10.238	TEL,535,S4,119720722,2001,44543                                
2026-09-27T00:02:10.238	TEL,536,S4,119730722,2001,44543                                
2026-09-27T00:02:10.238	TEL,537,S4,119740722,2001,44543                                
2026-09-27T00:02:10.238	TEL,538,S4,119750722,2001,44543                                
2026-09-27T00:02:10.238	TEL,539,S4,119760722,2001,44543                                
2026-09-27T00:02:10.238	TEL,540,S4,119770722,2001,44543                                
2026-09-27T00:02:10.238	TEL,541,S4,119780722,2001,44543                                
2026-09-27T00:02:10.238	TEL,542,S4,119790722,2001,44543                                
2026-09-27T00:02:10.238	TEL,543,S4,119800722,2001,44543                                
2026-09-27T00:02:10.238	TEL,544,S4,119810722,2001,44543                                
2026-09-27T00:02:10.238	TEL,545,S4,119820722,2001,44543                                
2026-09-27T00:02:10.238	TEL,546,S4,119830722,2001,44543                                
2026-09-27T00:02:10.238	TEL,547,S4,119840722,2001,44543                                
2026-09-27T00:02:10.238	TEL,548,S4,119850722,2001,44543                                
2026-09-27T00:02:10.238	TEL,549,S4,119860722,2001,44543                                
2026-09-27T00:02:10.238	TEL,550,S4,119870722,2001,44543                                
2026-09-27T00:02:10.238	TEL,551,S4,119880722,2001,44543                                
2026-09-27T00:02:10.238	TEL,552,S4,119890722,2001,44543                                
2026-09-27T00:02:10.238	TEL,553,S4,119900722,2001,44543                                
2026-09-27T00:02:10.238	TEL,554,S4,119910722,2001,44543                                
2026-09-27T00:02:10.238	TEL,555,S4,119920722,2001,44543                                
2026-09-27T00:02:10.238	TEL,556,S4,119930722,2001,44543                                
2026-09-27T00:02:10.238	TEL,557,S4,119940722,2001,44543                                
2026-09-27T00:02:10.854	TEL,558,S4,119950722,2001,44543                                
2026-09-27T00:02:10.854	TEL,559,S4,119960722,2001,44543                                
2026-09-27T00:02:10.854	TEL,560,S4,119970722,2001,44543                                
2026-09-27T00:02:10.854	TEL,561,S4,119980722,2001,44543                                
2026-09-27T00:02:10.854	TEL,562,S4,119990722,2001,44543                                
2026-09-27T00:02:10.854	TEL,563,S4,120000722,2001,44543                                
2026-09-27T00:02:10.854	TEL,564,S4,120010722,2001,44543                                
2026-09-27T00:02:10.854	TEL,565,S4,120020722,2001,44543                                
2026-09-27T00:02:10.854	TEL,566,S4,120030722,2001,44543                                
2026-09-27T00:02:10.854	TEL,567,S4,120040722,2001,44543                                
2026-09-27T00:02:10.854	TEL,568,S4,120050722,2001,44543                                
2026-09-27T00:02:10.854	TEL,569,S4,120060722,2001,44543                                
2026-09-27T00:02:10.854	TEL,570,S4,120070722,2001,44543                                
2026-09-27T00:02:10.854	TEL,571,S4,120080722,2001,44543                                
2026-09-27T00:02:10.854	TEL,572,S4,120090722,2001,44543                                
2026-09-27T00:02:10.854	TEL,573,S4,120100722,2001,44543                                
2026-09-27T00:02:10.854	TEL,574,S4,120110722,2001,44543                                
2026-09-27T00:02:10.854	TEL,575,S4,120120722,2001,44543                                
2026-09-27T00:02:10.854	TEL,576,S4,120130722,2001,44543                                
2026-09-27T00:02:10.854	TEL,577,S4,120140722,2001,44543                                
2026-09-27T00:02:10.854	TEL,578,S4,120150722,2001,44543                                
2026-09-27T00:02:10.854	TEL,579,S4,120160722,2001,44543                                
2026-09-27T00:02:10.854	TEL,580,S4,120170722,2001,44543                                
2026-09-27T00:02:10.854	TEL,581,S4,120180722,2001,44543                                
2026-09-27T00:02:10.854	TEL,582,S4,120190722,2001,44543                                
2026-09-27T00:02:10.854	TEL,583,S4,120200722,2001,44543                                
2026-09-27T00:02:10.854	TEL,584,S4,120210722,2001,44543                                
2026-09-27T00:02:10.854	TEL,585,S4,120220722,2001,44543                                
2026-09-27T00:02:10.854	TEL,586,S4,120230722,2001,44543                                
2026-09-27T00:02:10.854	TEL,587,S4,120240722,2001,44543                                
2026-09-27T00:02:10.854	TEL,588,S4,120250722,2001,44543                                
2026-09-27T00:02:10.854	TEL,589,S4,120260722,2001,44543                                
2026-09-27T00:02:10.854	TEL,590,S4,120270722,2001,44543                                
2026-09-27T00:02:10.854	TEL,591,S4,120280722,2001,44543                                
2026-09-27T00:02:10.854	TEL,592,S4,120290722,2001,44543                                
2026-09-27T00:02:10.854	TEL,593,S4,120300722,2001,44543                                
2026-09-27T00:02:10.854	TEL,594,S4,120310722,2001,44543                                
2026-09-27T00:02:10.854	TEL,595,S4,120320722,2001,44543                                
2026-09-27T00:02:10.854	TEL,596,S4,120330722,2001,44543                                
2026-09-27T00:02:10.854	TEL,597,S4,120340722,2001,44543                                
2026-09-27T00:02:10.854	TEL,598,S4,120350722,2001,44543                                
2026-09-27T00:02:10.854	TEL,599,S4,120360722,2001,44543                                
2026-09-27T00:02:10.854	TEL,600,S4,120370722,2001,44543                                
2026-09-27T00:02:10.854	TEL,601,S4,120380722,2001,44543                                
2026-09-27T00:02:10.854	TEL,602,S4,120390722,2001,44543                                
2026-09-27T00:02:10.854	TEL,603,S4,120400722,2001,44543                                
2026-09-27T00:02:10.854	TEL,604,S4,120410722,2001,44543                                
2026-09-27T00:02:10.854	TEL,605,S4,120420722,2001,44543                                
2026-09-27T00:02:10.854	TEL,606,S4,120430722,2001,44543                                
2026-09-27T00:02:10.854	TEL,607,S4,120440722,2001,44543                                
2026-09-27T00:02:10.854	TEL,608,S4,120450722,2001,44543                                
2026-09-27T00:02:10.854	TEL,609,S4,120460722,2001,44543                                
2026-09-27T00:02:10.854	TEL,610,S4,120470722,2001,44543                                
2026-09-27T00:02:10.854	TEL,611,S4,120480722,2001,44543                                
2026-09-27T00:02:10.854	TEL,612,S4,120490722,2001,44543                                
2026-09-27T00:02:10.854	TEL,613,S4,120500722,2001,44543                                
2026-09-27T00:02:10.854	TEL,614,S4,120510722,2001,44543                                
2026-09-27T00:02:10.854	TEL,615,S4,120520722,2001,44543                                
2026-09-27T00:02:10.854	TEL,616,S4,120530722,2001,44543                                
2026-09-27T00:02:10.854	TEL,617,S4,120540722,2001,44543                                
2026-09-27T00:02:10.854	TEL,618,S4,120550722,2001,44543                                
2026-09-27T00:02:10.854	TEL,619,S4,120560722,2001,44543                                
2026-09-27T00:02:11.470	TEL,620,S4,120570722,2001,44543                                
2026-09-27T00:02:11.470	TEL,621,S4,120580722,2001,44543                                
2026-09-27T00:02:11.470	TEL,622,S4,120590722,2001,44543                                
2026-09-27T00:02:11.470	TEL,623,S4,120600722,2001,44543                                
2026-09-27T00:02:11.470	TEL,624,S4,120610722,2001,44543                                
2026-09-27T00:02:11.470	TEL,625,S4,120620722,2001,44543                                
2026-09-27T00:02:11.470	TEL,626,S4,120630722,2001,44543                                
2026-09-27T00:02:11.470	TEL,627,S4,120640722,2001,44543                                
2026-09-27T00:02:11.470	TEL,628,S4,120650722,2001,44543                                
2026-09-27T00:02:11.470	TEL,629,S4,120660722,2001,44543                                
2026-09-27T00:02:11.470	TEL,630,S4,120670722,2001,44543                                
2026-09-27T00:02:11.470	TEL,631,S4,120680722,2001,44543                                
2026-09-27T00:02:11.470	TEL,632,S4,120690722,2001,44543                                
2026-09-27T00:02:11.470	TEL,633,S4,120700722,2001,44543                                
2026-09-27T00:02:11.470	TEL,634,S4,120710722,2001,44543                                
2026-09-27T00:02:11.470	TEL,635,S4,120720722,2001,44543                                
2026-09-27T00:02:11.470	TEL,636,S4,120730722,2001,44543                                
2026-09-27T00:02:11.470	TEL,637,S4,120740722,2001,44543                                
2026-09-27T00:02:11.470	TEL,638,S4,120750722,2001,44543                                
2026-09-27T00:02:11.470	TEL,639,S4,120760722,2001,44543                                
2026-09-27T00:02:11.470	TEL,640,S4,120770722,2001,44543                                
2026-09-27T00:02:11.470	TEL,641,S4,120780727,2006,44543                                
2026-09-27T00:02:11.470	BTN,1,S4,PRESSED                                               
2026-09-27T00:02:11.470	TEL,642,S4,120790723,2003,44543                                
2026-09-27T00:02:11.470	TEL,643,S4,120800722,2001,44543                                
2026-09-27T00:02:11.470	TEL,644,S4,120810722,2001,44543                                
2026-09-27T00:02:11.470	TEL,645,S4,120820722,2001,44543                                
2026-09-27T00:02:11.470	TEL,646,S4,120830722,2001,44543                                
2026-09-27T00:02:11.470	TEL,647,S4,120840722,2001,44543                                
2026-09-27T00:02:11.470	TEL,648,S4,120850722,2001,44543                                
2026-09-27T00:02:11.470	TEL,649,S4,120860722,2001,44543                                
2026-09-27T00:02:11.470	TEL,650,S4,120870722,2001,44543                                
2026-09-27T00:02:11.470	TEL,651,S4,120880722,2001,44543                                
2026-09-27T00:02:11.471	TEL,652,S4,120890722,2001,44543                                
2026-09-27T00:02:11.471	TEL,653,S4,120900722,2001,44543                                
2026-09-27T00:02:11.471	TEL,654,S4,120910723,2002,44543                                
2026-09-27T00:02:11.471	TEL,655,S4,120920722,2001,44543                                
2026-09-27T00:02:11.471	TEL,656,S4,120930722,2001,44543                                
2026-09-27T00:02:11.471	TEL,657,S4,120940722,2001,44543                                
2026-09-27T00:02:11.471	TEL,658,S4,120950722,2001,44543                                
2026-09-27T00:02:11.471	TEL,659,S4,120960722,2001,44543                                
2026-09-27T00:02:11.471	TEL,660,S4,120970722,2001,44543                                
2026-09-27T00:02:11.471	TEL,661,S4,120980722,2001,44543                                
2026-09-27T00:02:11.471	TEL,662,S4,120990722,2001,44543                                
2026-09-27T00:02:11.471	TEL,663,S4,121000722,2001,44543                                
2026-09-27T00:02:11.471	TEL,664,S4,121010722,2001,44543                                
2026-09-27T00:02:11.471	TEL,665,S4,121020722,2001,44543                                
2026-09-27T00:02:11.471	TEL,666,S4,121030722,2001,44543                                
2026-09-27T00:02:11.471	TEL,667,S4,121040722,2001,44543                                
2026-09-27T00:02:11.471	TEL,668,S4,121050722,2001,44543                                
2026-09-27T00:02:11.471	TEL,669,S4,121060722,2001,44543                                
2026-09-27T00:02:11.471	TEL,670,S4,121070722,2001,44543                                
2026-09-27T00:02:11.471	TEL,671,S4,121080722,2001,44543                                
2026-09-27T00:02:11.471	TEL,672,S4,121090722,2001,44543                                
2026-09-27T00:02:11.471	TEL,673,S4,121100722,2001,44543                                
2026-09-27T00:02:11.471	TEL,674,S4,121110722,2001,44543                                
2026-09-27T00:02:11.471	TEL,675,S4,121120722,2001,44543                                
2026-09-27T00:02:11.471	TEL,676,S4,121130722,2001,44543                                
2026-09-27T00:02:11.471	TEL,677,S4,121140722,2001,44543                                
2026-09-27T00:02:11.471	TEL,678,S4,121150722,2001,44543                                
2026-09-27T00:02:11.471	TEL,679,S4,121160722,2001,44543                                
2026-09-27T00:02:11.471	TEL,680,S4,121170722,2001,44543                                
2026-09-27T00:02:12.081	TEL,681,S4,121180722,2001,44543                                
2026-09-27T00:02:12.081	TEL,682,S4,121190722,2001,44543                                
2026-09-27T00:02:12.081	TEL,683,S4,121200722,2001,44543                                
2026-09-27T00:02:12.081	TEL,684,S4,121210722,2001,44543                                
2026-09-27T00:02:12.081	TEL,685,S4,121220722,2001,44543                                
2026-09-27T00:02:12.081	TEL,686,S4,121230722,2001,44543                                
2026-09-27T00:02:12.081	TEL,687,S4,121240722,2001,44543                                
2026-09-27T00:02:12.081	TEL,688,S4,121250722,2001,44543                                
2026-09-27T00:02:12.081	TEL,689,S4,121260722,2001,44543                                
2026-09-27T00:02:12.081	TEL,690,S4,121270722,2001,44543                                
2026-09-27T00:02:12.081	TEL,691,S4,121280722,2001,44543                                
2026-09-27T00:02:12.081	TEL,692,S4,121290722,2001,44543                                
2026-09-27T00:02:12.081	TEL,693,S4,121300722,2001,44543                                
2026-09-27T00:02:12.081	TEL,694,S4,121310722,2001,44543                                
2026-09-27T00:02:12.081	TEL,695,S4,121320722,2001,44543                                
2026-09-27T00:02:12.081	TEL,696,S4,121330722,2001,44543                                
2026-09-27T00:02:12.081	TEL,697,S4,121340722,2001,44543                                
2026-09-27T00:02:12.081	TEL,698,S4,121350722,2001,44543                                
2026-09-27T00:02:12.081	TEL,699,S4,121360722,2001,44543                                
2026-09-27T00:02:12.081	TEL,700,S4,121370722,2001,44543                                
2026-09-27T00:02:12.081	TEL,701,S4,121380722,2001,44543                                
2026-09-27T00:02:12.081	TEL,702,S4,121390722,2001,44543                                
2026-09-27T00:02:12.081	TEL,703,S4,121400722,2001,44543                                
2026-09-27T00:02:12.081	TEL,704,S4,121410722,2001,44543                                
2026-09-27T00:02:12.081	TEL,705,S4,121420722,2001,44543                                
2026-09-27T00:02:12.081	TEL,706,S4,121430722,2001,44543                                
2026-09-27T00:02:12.081	TEL,707,S4,121440722,2001,44543                                
2026-09-27T00:02:12.081	TEL,708,S4,121450722,2001,44543                                
2026-09-27T00:02:12.081	TEL,709,S4,121460722,2001,44543                                
2026-09-27T00:02:12.081	TEL,710,S4,121470722,2001,44543                                
2026-09-27T00:02:12.081	TEL,711,S4,121480722,2001,44543                                
2026-09-27T00:02:12.081	TEL,712,S4,121490722,2001,44543                                
2026-09-27T00:02:12.081	TEL,713,S4,121500722,2001,44543                                
2026-09-27T00:02:12.081	TEL,714,S4,121510722,2001,44543                                
2026-09-27T00:02:12.081	TEL,715,S4,121520722,2001,44543                                
2026-09-27T00:02:12.081	BTN,2,S4,PRESSED                                               
2026-09-27T00:02:12.081	TEL,716,S4,121530723,2003,44543                                
2026-09-27T00:02:12.081	TEL,717,S4,121540722,2002,44543                                
2026-09-27T00:02:12.081	TEL,718,S4,121550722,2001,44543                                
2026-09-27T00:02:12.081	TEL,719,S4,121560722,2001,44543                                
2026-09-27T00:02:12.081	TEL,720,S4,121570722,2001,44543                                
2026-09-27T00:02:12.081	TEL,721,S4,121580722,2001,44543                                
2026-09-27T00:02:12.081	TEL,722,S4,121590722,2001,44543                                
2026-09-27T00:02:12.081	TEL,723,S4,121600722,2001,44543                                
2026-09-27T00:02:12.081	TEL,724,S4,121610722,2001,44543                                
2026-09-27T00:02:12.081	TEL,725,S4,121620722,2001,44543                                
2026-09-27T00:02:12.081	TEL,726,S4,121630722,2001,44543                                
2026-09-27T00:02:12.081	TEL,727,S4,121640722,2001,44543                                
2026-09-27T00:02:12.081	TEL,728,S4,121650722,2001,44543                                
2026-09-27T00:02:12.081	TEL,729,S4,121660722,2002,44543                                
2026-09-27T00:02:12.081	TEL,730,S4,121670722,2001,44543                                
2026-09-27T00:02:12.081	TEL,731,S4,121680722,2001,44543                                
2026-09-27T00:02:12.081	TEL,732,S4,121690722,2001,44543                                
2026-09-27T00:02:12.081	TEL,733,S4,121700722,2001,44543                                
2026-09-27T00:02:12.081	TEL,734,S4,121710722,2001,44543                                
2026-09-27T00:02:12.081	TEL,735,S4,121720722,2001,44543                                
2026-09-27T00:02:12.081	TEL,736,S4,121730722,2001,44543                                
2026-09-27T00:02:12.081	TEL,737,S4,121740722,2001,44543                                
2026-09-27T00:02:12.081	TEL,738,S4,121750722,2001,44543                                
2026-09-27T00:02:12.081	TEL,739,S4,121760722,2001,44543                                
2026-09-27T00:02:12.081	TEL,740,S4,121770722,2001,44543                                
2026-09-27T00:02:12.081	TEL,741,S4,121780722,2001,44543                                
2026-09-27T00:02:12.689	TEL,742,S4,121790722,2001,44543                                
2026-09-27T00:02:12.689	TEL,743,S4,121800722,2001,44543                                
2026-09-27T00:02:12.689	TEL,744,S4,121810722,2001,44543                                
2026-09-27T00:02:12.689	TEL,745,S4,121820722,2001,44543                                
2026-09-27T00:02:12.689	TEL,746,S4,121830722,2001,44543                                
2026-09-27T00:02:12.689	TEL,747,S4,121840722,2001,44543                                
2026-09-27T00:02:12.689	TEL,748,S4,121850722,2001,44543                                
2026-09-27T00:02:12.689	TEL,749,S4,121860722,2001,44543                                
2026-09-27T00:02:12.689	TEL,750,S4,121870722,2001,44543                                
2026-09-27T00:02:12.689	TEL,751,S4,121880722,2001,44543                                
2026-09-27T00:02:12.689	TEL,752,S4,121890722,2001,44543                                
2026-09-27T00:02:12.689	TEL,753,S4,121900722,2001,44543                                
2026-09-27T00:02:12.689	TEL,754,S4,121910722,2001,44543                                
2026-09-27T00:02:12.689	TEL,755,S4,121920722,2001,44543                                
2026-09-27T00:02:12.689	TEL,756,S4,121930722,2001,44543                                
2026-09-27T00:02:12.689	TEL,757,S4,121940722,2001,44543                                
2026-09-27T00:02:12.689	TEL,758,S4,121950722,2001,44543                                
2026-09-27T00:02:12.689	TEL,759,S4,121960722,2001,44543                                
2026-09-27T00:02:12.689	TEL,760,S4,121970722,2001,44543                                
2026-09-27T00:02:12.689	TEL,761,S4,121980722,2001,44543                                
2026-09-27T00:02:12.689	TEL,762,S4,121990722,2001,44543                                
2026-09-27T00:02:12.689	TEL,763,S4,122000722,2001,44543                                
2026-09-27T00:02:12.689	TEL,764,S4,122010722,2001,44543                                
2026-09-27T00:02:12.689	TEL,765,S4,122020722,2001,44543                                
2026-09-27T00:02:12.689	TEL,766,S4,122030722,2001,44543                                
2026-09-27T00:02:12.689	TEL,767,S4,122040722,2001,44543                                
2026-09-27T00:02:12.689	TEL,768,S4,122050722,2001,44543                                
2026-09-27T00:02:12.689	TEL,769,S4,122060722,2001,44543                                
2026-09-27T00:02:12.689	TEL,770,S4,122070722,2001,44543                                
2026-09-27T00:02:12.689	TEL,771,S4,122080722,2001,44543                                
2026-09-27T00:02:12.689	TEL,772,S4,122090722,2001,44543                                
2026-09-27T00:02:12.689	TEL,773,S4,122100722,2001,44543                                
2026-09-27T00:02:12.689	TEL,774,S4,122110722,2001,44543                                
2026-09-27T00:02:12.689	TEL,775,S4,122120722,2001,44543                                
2026-09-27T00:02:12.689	TEL,776,S4,122130722,2001,44543                                
2026-09-27T00:02:12.689	TEL,777,S4,122140722,2001,44543                                
2026-09-27T00:02:12.689	TEL,778,S4,122150722,2001,44543                                
2026-09-27T00:02:12.689	TEL,779,S4,122160722,2001,44543                                
2026-09-27T00:02:12.691	TEL,780,S4,122170722,2001,44543                                
2026-09-27T00:02:12.691	BTN,3,S4,PRESSED                                               
2026-09-27T00:02:12.691	TEL,781,S4,122180723,2003,44543                                
2026-09-27T00:02:12.691	TEL,782,S4,122190722,2001,44543                                
2026-09-27T00:02:12.691	TEL,783,S4,122200722,2001,44543                                
2026-09-27T00:02:12.691	TEL,784,S4,122210722,2001,44543                                
2026-09-27T00:02:12.691	TEL,785,S4,122220722,2001,44543                                
2026-09-27T00:02:12.691	TEL,786,S4,122230722,2001,44543                                
2026-09-27T00:02:12.691	TEL,787,S4,122240722,2001,44543                                
2026-09-27T00:02:12.691	TEL,788,S4,122250722,2001,44543                                
2026-09-27T00:02:12.691	TEL,789,S4,122260722,2001,44543                                
2026-09-27T00:02:12.691	TEL,790,S4,122270722,2001,44543                                
2026-09-27T00:02:12.691	TEL,791,S4,122280722,2001,44543                                
2026-09-27T00:02:12.691	TEL,792,S4,122290722,2001,44543                                
2026-09-27T00:02:12.691	TEL,793,S4,122300722,2001,44543                                
2026-09-27T00:02:12.691	TEL,794,S4,122310722,2001,44543                                
2026-09-27T00:02:12.691	TEL,795,S4,122320722,2001,44543                                
2026-09-27T00:02:12.691	TEL,796,S4,122330723,2002,44543                                
2026-09-27T00:02:12.691	TEL,797,S4,122340722,2001,44543                                
2026-09-27T00:02:12.691	TEL,798,S4,122350722,2001,44543                                
2026-09-27T00:02:12.691	TEL,799,S4,122360722,2001,44543                                
2026-09-27T00:02:12.691	TEL,800,S4,122370722,2001,44543                                
2026-09-27T00:02:12.691	TEL,801,S4,122380722,2001,44543                                
2026-09-27T00:02:12.691	TEL,802,S4,122390722,2001,44543                                
2026-09-27T00:02:13.285	TEL,803,S4,122400722,2001,44543                                
2026-09-27T00:02:13.285	TEL,804,S4,122410722,2001,44543                                
2026-09-27T00:02:13.285	TEL,805,S4,122420722,2001,44543                                
2026-09-27T00:02:13.285	TEL,806,S4,122430722,2001,44543                                
2026-09-27T00:02:13.285	TEL,807,S4,122440722,2001,44543                                
2026-09-27T00:02:13.285	TEL,808,S4,122450722,2001,44543                                
2026-09-27T00:02:13.285	TEL,809,S4,122460722,2001,44543                                
2026-09-27T00:02:13.285	TEL,810,S4,122470722,2001,44543                                
2026-09-27T00:02:13.285	TEL,811,S4,122480722,2001,44543                                
2026-09-27T00:02:13.285	TEL,812,S4,122490722,2001,44543                                
2026-09-27T00:02:13.285	TEL,813,S4,122500722,2001,44543                                
2026-09-27T00:02:13.285	TEL,814,S4,122510722,2001,44543                                
2026-09-27T00:02:13.285	TEL,815,S4,122520722,2001,44543                                
2026-09-27T00:02:13.285	TEL,816,S4,122530722,2001,44543                                
2026-09-27T00:02:13.285	TEL,817,S4,122540722,2001,44543                                
2026-09-27T00:02:13.285	TEL,818,S4,122550722,2001,44543                                
2026-09-27T00:02:13.285	TEL,819,S4,122560722,2001,44543                                
2026-09-27T00:02:13.285	TEL,820,S4,122570722,2001,44543                                
2026-09-27T00:02:13.285	TEL,821,S4,122580722,2001,44543                                
2026-09-27T00:02:13.285	TEL,822,S4,122590722,2001,44543                                
2026-09-27T00:02:13.285	TEL,823,S4,122600722,2001,44543                                
2026-09-27T00:02:13.285	TEL,824,S4,122610722,2001,44543                                
2026-09-27T00:02:13.285	TEL,825,S4,122620722,2001,44543                                
2026-09-27T00:02:13.285	TEL,826,S4,122630722,2001,44543                                
2026-09-27T00:02:13.285	TEL,827,S4,122640722,2001,44543                                
2026-09-27T00:02:13.285	TEL,828,S4,122650722,2001,44543                                
2026-09-27T00:02:13.285	TEL,829,S4,122660722,2001,44543                                
2026-09-27T00:02:13.285	BTN,4,S4,PRESSED                                               
2026-09-27T00:02:13.285	TEL,830,S4,122670722,2002,44543                                
2026-09-27T00:02:13.285	TEL,831,S4,122680727,2006,44543                                
2026-09-27T00:02:13.285	TEL,832,S4,122690722,2001,44543                                
2026-09-27T00:02:13.285	TEL,833,S4,122700722,2001,44543                                
2026-09-27T00:02:13.285	TEL,834,S4,122710722,2001,44543                                
2026-09-27T00:02:13.285	TEL,835,S4,122720722,2001,44543                                
2026-09-27T00:02:13.285	TEL,836,S4,122730722,2001,44543                                
2026-09-27T00:02:13.285	TEL,837,S4,122740722,2001,44543                                
2026-09-27T00:02:13.285	TEL,838,S4,122750722,2001,44543                                
2026-09-27T00:02:13.285	TEL,839,S4,122760722,2001,44543                                
2026-09-27T00:02:13.285	TEL,840,S4,122770722,2001,44543                                
2026-09-27T00:02:13.285	TEL,841,S4,122780724,2003,44543                                
2026-09-27T00:02:13.285	TEL,842,S4,122790722,2001,44543                                
2026-09-27T00:02:13.285	TEL,843,S4,122800722,2001,44543                                
2026-09-27T00:02:13.285	TEL,844,S4,122810722,2001,44543                                
2026-09-27T00:02:13.285	TEL,845,S4,122820722,2001,44543                                
2026-09-27T00:02:13.285	TEL,846,S4,122830722,2001,44543                                
2026-09-27T00:02:13.285	TEL,847,S4,122840722,2001,44543                                
2026-09-27T00:02:13.285	TEL,848,S4,122850722,2001,44543                                
2026-09-27T00:02:13.285	TEL,849,S4,122860722,2001,44543                                
2026-09-27T00:02:13.285	TEL,850,S4,122870722,2001,44543                                
2026-09-27T00:02:13.285	TEL,851,S4,122880722,2001,44543                                
2026-09-27T00:02:13.285	TEL,852,S4,122890722,2001,44543                                
2026-09-27T00:02:13.285	TEL,853,S4,122900722,2001,44543                                
2026-09-27T00:02:13.285	TEL,854,S4,122910722,2001,44543                                
2026-09-27T00:02:13.285	TEL,855,S4,122920722,2001,44543                                
2026-09-27T00:02:13.285	TEL,856,S4,122930722,2001,44543                                
2026-09-27T00:02:13.285	TEL,857,S4,122940722,2001,44543                                
2026-09-27T00:02:13.285	TEL,858,S4,122950722,2001,44543                                
2026-09-27T00:02:13.285	TEL,859,S4,122960722,2001,44543                                
2026-09-27T00:02:13.285	TEL,860,S4,122970727,2006,44543                                
2026-09-27T00:02:13.285	BTN,5,S4,PRESSED                                               
2026-09-27T00:02:13.285	TEL,861,S4,122980723,2003,44543                                
2026-09-27T00:02:13.285	TEL,862,S4,122990722,2001,44543                                
2026-09-27T00:02:13.891	TEL,863,S4,123000722,2001,44543                                
2026-09-27T00:02:13.891	TEL,864,S4,123010722,2001,44543                                
2026-09-27T00:02:13.891	TEL,865,S4,123020722,2001,44543                                
2026-09-27T00:02:13.891	TEL,866,S4,123030722,2001,44543                                
2026-09-27T00:02:13.891	TEL,867,S4,123040722,2001,44543                                
2026-09-27T00:02:13.891	TEL,868,S4,123050722,2001,44543                                
2026-09-27T00:02:13.891	TEL,869,S4,123060722,2001,44543                                
2026-09-27T00:02:13.891	TEL,870,S4,123070722,2001,44543                                
2026-09-27T00:02:13.891	TEL,871,S4,123080722,2001,44543                                
2026-09-27T00:02:13.891	TEL,872,S4,123090722,2001,44543                                
2026-09-27T00:02:13.891	TEL,873,S4,123100722,2001,44543                                
2026-09-27T00:02:13.891	TEL,874,S4,123110722,2001,44543                                
2026-09-27T00:02:13.891	TEL,875,S4,123120722,2001,44543                                
2026-09-27T00:02:13.891	TEL,876,S4,123130722,2001,44543                                
2026-09-27T00:02:13.891	TEL,877,S4,123140722,2001,44543                                
2026-09-27T00:02:13.891	TEL,878,S4,123150722,2001,44543                                
2026-09-27T00:02:13.891	TEL,879,S4,123160722,2001,44543                                
2026-09-27T00:02:13.891	TEL,880,S4,123170722,2001,44543                                
2026-09-27T00:02:13.891	TEL,881,S4,123180722,2001,44543                                
2026-09-27T00:02:13.891	TEL,882,S4,123190722,2001,44543                                
2026-09-27T00:02:13.891	TEL,883,S4,123200722,2001,44543                                
2026-09-27T00:02:13.891	TEL,884,S4,123210722,2001,44543                                
2026-09-27T00:02:13.891	TEL,885,S4,123220722,2001,44543                                
2026-09-27T00:02:13.891	TEL,886,S4,123230727,2006,44543                                
2026-09-27T00:02:13.891	BTN,6,S4,PRESSED                                               
2026-09-27T00:02:13.891	TEL,887,S4,123240723,2003,44543                                
2026-09-27T00:02:13.891	TEL,888,S4,123250722,2001,44543                                
2026-09-27T00:02:13.891	TEL,889,S4,123260722,2001,44543                                
2026-09-27T00:02:13.891	TEL,890,S4,123270722,2001,44543                                
2026-09-27T00:02:13.891	TEL,891,S4,123280722,2001,44543                                
2026-09-27T00:02:13.891	TEL,892,S4,123290722,2001,44543                                
2026-09-27T00:02:13.891	TEL,893,S4,123300722,2001,44543                                
2026-09-27T00:02:13.891	TEL,894,S4,123310722,2001,44543                                
2026-09-27T00:02:13.891	TEL,895,S4,123320722,2001,44543                                
2026-09-27T00:02:13.891	TEL,896,S4,123330722,2001,44543                                
2026-09-27T00:02:13.891	TEL,897,S4,123340722,2001,44543                                
2026-09-27T00:02:13.891	TEL,898,S4,123350722,2001,44543                                
2026-09-27T00:02:13.891	TEL,899,S4,123360722,2001,44543                                
2026-09-27T00:02:13.891	TEL,900,S4,123370722,2001,44543                                
2026-09-27T00:02:13.891	TEL,901,S4,123380722,2001,44543                                
2026-09-27T00:02:13.891	TEL,902,S4,123390722,2001,44543                                
2026-09-27T00:02:13.891	TEL,903,S4,123400722,2001,44543                                
2026-09-27T00:02:13.891	TEL,904,S4,123410722,2001,44543                                
2026-09-27T00:02:13.891	TEL,905,S4,123420722,2001,44543                                
2026-09-27T00:02:13.891	TEL,906,S4,123430722,2001,44543                                
2026-09-27T00:02:13.891	TEL,907,S4,123440722,2001,44543                                
2026-09-27T00:02:13.891	TEL,908,S4,123450722,2001,44543                                
2026-09-27T00:02:13.891	TEL,909,S4,123460722,2001,44543                                
2026-09-27T00:02:13.891	TEL,910,S4,123470722,2001,44543                                
2026-09-27T00:02:13.891	BTN,7,S4,PRESSED                                               
2026-09-27T00:02:13.891	TEL,911,S4,123480723,2003,44543                                
2026-09-27T00:02:13.891	TEL,912,S4,123490722,2001,44543                                
2026-09-27T00:02:13.891	TEL,913,S4,123500722,2001,44543                                
2026-09-27T00:02:13.891	TEL,914,S4,123510722,2001,44543                                
2026-09-27T00:02:13.891	TEL,915,S4,123520722,2001,44543                                
2026-09-27T00:02:13.891	TEL,916,S4,123530722,2001,44543                                
2026-09-27T00:02:13.891	TEL,917,S4,123540722,2001,44543                                
2026-09-27T00:02:13.891	TEL,918,S4,123550722,2001,44543                                
2026-09-27T00:02:13.891	TEL,919,S4,123560722,2001,44543                                
2026-09-27T00:02:13.891	TEL,920,S4,123570722,2001,44543                                
2026-09-27T00:02:13.891	TEL,921,S4,123580722,2001,44543                                
2026-09-27T00:02:13.891	TEL,922,S4,123590722,2001,44543                                
2026-09-27T00:02:14.488	TEL,923,S4,123600722,2001,44543                                
2026-09-27T00:02:14.488	TEL,924,S4,123610722,2001,44543                                
2026-09-27T00:02:14.488	TEL,925,S4,123620722,2001,44543                                
2026-09-27T00:02:14.488	TEL,926,S4,123630722,2001,44543                                
2026-09-27T00:02:14.488	TEL,927,S4,123640722,2001,44543                                
2026-09-27T00:02:14.488	TEL,928,S4,123650722,2001,44543                                
2026-09-27T00:02:14.488	TEL,929,S4,123660722,2001,44543                                
2026-09-27T00:02:14.488	TEL,930,S4,123670722,2001,44543                                
2026-09-27T00:02:14.488	TEL,931,S4,123680722,2001,44543                                
2026-09-27T00:02:14.488	TEL,932,S4,123690722,2001,44543                                
2026-09-27T00:02:14.488	TEL,933,S4,123700722,2001,44543                                
2026-09-27T00:02:14.488	TEL,934,S4,123710727,2006,44543                                
2026-09-27T00:02:14.488	BTN,8,S4,PRESSED                                               
2026-09-27T00:02:14.488	TEL,935,S4,123720723,2003,44543                                
2026-09-27T00:02:14.488	TEL,936,S4,123730722,2001,44543                                
2026-09-27T00:02:14.488	TEL,937,S4,123740722,2001,44543                                
2026-09-27T00:02:14.488	TEL,938,S4,123750722,2001,44543                                
2026-09-27T00:02:14.488	TEL,939,S4,123760722,2001,44543                                
2026-09-27T00:02:14.488	TEL,940,S4,123770722,2001,44543                                
2026-09-27T00:02:14.488	TEL,941,S4,123780722,2001,44543                                
2026-09-27T00:02:14.488	TEL,942,S4,123790722,2001,44543                                
2026-09-27T00:02:14.488	TEL,943,S4,123800722,2001,44543                                
2026-09-27T00:02:14.488	TEL,944,S4,123810722,2001,44543                                
2026-09-27T00:02:14.488	TEL,945,S4,123820722,2001,44543                                
2026-09-27T00:02:14.488	TEL,946,S4,123830722,2001,44543                                
2026-09-27T00:02:14.488	TEL,947,S4,123840722,2001,44543                                
2026-09-27T00:02:14.488	TEL,948,S4,123850722,2001,44543                                
2026-09-27T00:02:14.488	TEL,949,S4,123860722,2001,44543                                
2026-09-27T00:02:14.488	TEL,950,S4,123870722,2001,44543                                
2026-09-27T00:02:14.488	TEL,951,S4,123880722,2001,44543                                
2026-09-27T00:02:14.488	TEL,952,S4,123890722,2001,44543                                
2026-09-27T00:02:14.488	TEL,953,S4,123900722,2001,44543                                
2026-09-27T00:02:14.488	TEL,954,S4,123910722,2001,44543                                
2026-09-27T00:02:14.488	TEL,955,S4,123920722,2001,44543                                
2026-09-27T00:02:14.488	TEL,956,S4,123930722,2001,44543                                
2026-09-27T00:02:14.488	TEL,957,S4,123940722,2001,44543                                
2026-09-27T00:02:14.488	TEL,958,S4,123950722,2001,44543                                
2026-09-27T00:02:14.488	TEL,959,S4,123960722,2001,44543                                
2026-09-27T00:02:14.488	TEL,960,S4,123970722,2001,44543                                
2026-09-27T00:02:14.488	TEL,961,S4,123980722,2001,44543                                
2026-09-27T00:02:14.488	BTN,9,S4,PRESSED                                               
2026-09-27T00:02:14.488	TEL,962,S4,123990723,2003,44543                                
2026-09-27T00:02:14.488	TEL,963,S4,124000722,2001,44543                                
2026-09-27T00:02:14.488	TEL,964,S4,124010722,2001,44543                                
2026-09-27T00:02:14.488	TEL,965,S4,124020722,2001,44543                                
2026-09-27T00:02:14.488	TEL,966,S4,124030722,2001,44543                                
2026-09-27T00:02:14.488	TEL,967,S4,124040722,2001,44543                                
2026-09-27T00:02:14.488	TEL,968,S4,124050722,2001,44543                                
2026-09-27T00:02:14.488	TEL,969,S4,124060722,2001,44543                                
2026-09-27T00:02:14.488	TEL,970,S4,124070722,2001,44543                                
2026-09-27T00:02:14.488	TEL,971,S4,124080722,2001,44543                                
2026-09-27T00:02:14.488	TEL,972,S4,124090722,2001,44543                                
2026-09-27T00:02:14.488	TEL,973,S4,124100722,2002,44543                                
2026-09-27T00:02:14.488	TEL,974,S4,124110722,2001,44543                                
2026-09-27T00:02:14.488	TEL,975,S4,124120722,2001,44543                                
2026-09-27T00:02:14.488	TEL,976,S4,124130722,2001,44543                                
2026-09-27T00:02:14.488	TEL,977,S4,124140722,2001,44543                                
2026-09-27T00:02:14.488	TEL,978,S4,124150722,2001,44543                                
2026-09-27T00:02:14.488	TEL,979,S4,124160722,2001,44543                                
2026-09-27T00:02:14.488	TEL,980,S4,124170722,2001,44543                                
2026-09-27T00:02:14.488	TEL,981,S4,124180722,2001,44543                                
2026-09-27T00:02:14.488	TEL,982,S4,124190722,2001,44543                                
2026-09-27T00:02:15.090	TEL,983,S4,124200722,2001,44543                                
2026-09-27T00:02:15.090	TEL,984,S4,124210722,2001,44543                                
2026-09-27T00:02:15.090	TEL,985,S4,124220722,2001,44543                                
2026-09-27T00:02:15.090	TEL,986,S4,124230722,2001,44543                                
2026-09-27T00:02:15.090	TEL,987,S4,124240722,2001,44543                                
2026-09-27T00:02:15.090	BTN,10,S4,PRESSED                                              
2026-09-27T00:02:15.090	TEL,988,S4,124250723,2003,44543                                
2026-09-27T00:02:15.090	TEL,989,S4,124260722,2001,44543                                
2026-09-27T00:02:15.090	TEL,990,S4,124270722,2001,44543                                
2026-09-27T00:02:15.090	TEL,991,S4,124280722,2001,44543                                
2026-09-27T00:02:15.090	TEL,992,S4,124290722,2001,44543                                
2026-09-27T00:02:15.090	TEL,993,S4,124300722,2001,44543                                
2026-09-27T00:02:15.090	TEL,994,S4,124310722,2001,44543                                
2026-09-27T00:02:15.090	TEL,995,S4,124320722,2001,44543                                
2026-09-27T00:02:15.090	TEL,996,S4,124330722,2001,44543                                
2026-09-27T00:02:15.090	TEL,997,S4,124340722,2001,44543                                
2026-09-27T00:02:15.090	TEL,998,S4,124350722,2001,44543                                
2026-09-27T00:02:15.090	TEL,999,S4,124360722,2001,44543                                
2026-09-27T00:02:15.090	TEL,1000,S4,124370722,2001,44543                               
2026-09-27T00:02:15.090	TEL,1001,S4,124380722,2001,44543                               
2026-09-27T00:02:15.090	TEL,1002,S4,124390722,2001,44543                               
2026-09-27T00:02:15.090	TEL,1003,S4,124400722,2001,44543                               
2026-09-27T00:02:15.090	TEL,1004,S4,124410722,2001,44543                               
2026-09-27T00:02:15.090	TEL,1005,S4,124420722,2001,44543                               
2026-09-27T00:02:15.090	TEL,1006,S4,124430722,2001,44543                               
2026-09-27T00:02:15.090	TEL,1007,S4,124440722,2001,44543                               
2026-09-27T00:02:15.090	TEL,1008,S4,124450722,2001,44543                               
2026-09-27T00:02:15.090	TEL,1009,S4,124460722,2001,44543                               
2026-09-27T00:02:15.090	TEL,1010,S4,124470722,2001,44543                               
2026-09-27T00:02:15.090	TEL,1011,S4,124480722,2001,44543                               
2026-09-27T00:02:15.090	TEL,1012,S4,124490722,2001,44543                               
2026-09-27T00:02:15.090	TEL,1013,S4,124500722,2001,44543                               
2026-09-27T00:02:15.090	TEL,1014,S4,124510722,2001,44543                               
2026-09-27T00:02:15.090	TEL,1015,S4,124520722,2001,44543                               
2026-09-27T00:02:15.090	TEL,1016,S4,124530722,2001,44543                               
2026-09-27T00:02:15.090	TEL,1017,S4,124540722,2001,44543                               
2026-09-27T00:02:15.090	TEL,1018,S4,124550722,2001,44543                               
2026-09-27T00:02:15.090	TEL,1019,S4,124560722,2001,44543                               
2026-09-27T00:02:15.090	TEL,1020,S4,124570722,2001,44543                               
2026-09-27T00:02:15.090	TEL,1021,S4,124580722,2001,44543                               
2026-09-27T00:02:15.090	TEL,1022,S4,124590722,2001,44543                               
2026-09-27T00:02:15.090	TEL,1023,S4,124600722,2001,44543                               
2026-09-27T00:02:15.090	TEL,1024,S4,124610722,2001,44543                               
2026-09-27T00:02:15.090	TEL,1025,S4,124620722,2001,44543                               
2026-09-27T00:02:15.090	TEL,1026,S4,124630722,2001,44543                               
2026-09-27T00:02:15.090	TEL,1027,S4,124640722,2001,44543                               
2026-09-27T00:02:15.090	BTN,11,S4,PRESSED                                              
2026-09-27T00:02:15.090	TEL,1028,S4,124650724,2003,44543                               
2026-09-27T00:02:15.090	TEL,1029,S4,124660722,2001,44543                               
2026-09-27T00:02:15.090	TEL,1030,S4,124670722,2001,44543                               
2026-09-27T00:02:15.090	TEL,1031,S4,124680722,2001,44543                               
2026-09-27T00:02:15.090	TEL,1032,S4,124690722,2001,44543                               
2026-09-27T00:02:15.090	TEL,1033,S4,124700722,2001,44543                               
2026-09-27T00:02:15.090	TEL,1034,S4,124710722,2001,44543                               
2026-09-27T00:02:15.090	TEL,1035,S4,124720722,2001,44543                               
2026-09-27T00:02:15.090	TEL,1036,S4,124730722,2001,44543                               
2026-09-27T00:02:15.090	TEL,1037,S4,124740722,2001,44543                               
2026-09-27T00:02:15.090	TEL,1038,S4,124750722,2001,44543                               
2026-09-27T00:02:15.090	TEL,1039,S4,124760722,2001,44543                               
2026-09-27T00:02:15.090	TEL,1040,S4,124770722,2001,44543                               
2026-09-27T00:02:15.090	TEL,1041,S4,124780722,2001,44543                               
2026-09-27T00:02:15.090	TEL,1042,S4,124790722,2001,44543                               
2026-09-27T00:02:15.685	TEL,1043,S4,124800722,2001,44543                               
2026-09-27T00:02:15.685	TEL,1044,S4,124810722,2001,44543                               
2026-09-27T00:02:15.685	TEL,1045,S4,124820722,2001,44543                               
2026-09-27T00:02:15.685	TEL,1046,S4,124830722,2001,44543                               
2026-09-27T00:02:15.685	TEL,1047,S4,124840722,2001,44543                               
2026-09-27T00:02:15.685	TEL,1048,S4,124850722,2001,44543                               
2026-09-27T00:02:15.685	TEL,1049,S4,124860722,2001,44543                               
2026-09-27T00:02:15.685	TEL,1050,S4,124870722,2001,44543                               
2026-09-27T00:02:15.685	TEL,1051,S4,124880722,2001,44543                               
2026-09-27T00:02:15.685	TEL,1052,S4,124890722,2001,44543                               
2026-09-27T00:02:15.685	TEL,1053,S4,124900722,2001,44543                               
2026-09-27T00:02:15.685	TEL,1054,S4,124910722,2001,44543                               
2026-09-27T00:02:15.685	TEL,1055,S4,124920722,2001,44543                               
2026-09-27T00:02:15.685	TEL,1056,S4,124930722,2001,44543                               
2026-09-27T00:02:15.685	TEL,1057,S4,124940722,2001,44543                               
2026-09-27T00:02:15.685	TEL,1058,S4,124950722,2001,44543                               
2026-09-27T00:02:15.685	BTN,12,S4,PRESSED                                              
2026-09-27T00:02:15.685	TEL,1059,S4,124960724,2003,44543                               
2026-09-27T00:02:15.685	TEL,1060,S4,124970722,2001,44543                               
2026-09-27T00:02:15.685	TEL,1061,S4,124980722,2001,44543                               
2026-09-27T00:02:15.685	TEL,1062,S4,124990722,2001,44543                               
2026-09-27T00:02:15.685	TEL,1063,S4,125000722,2001,44543                               
2026-09-27T00:02:15.685	TEL,1064,S4,125010722,2001,44543                               
2026-09-27T00:02:15.685	TEL,1065,S4,125020722,2001,44543                               
2026-09-27T00:02:15.685	TEL,1066,S4,125030722,2001,44543                               
2026-09-27T00:02:15.685	TEL,1067,S4,125040722,2001,44543                               
2026-09-27T00:02:15.685	TEL,1068,S4,125050722,2001,44543                               
2026-09-27T00:02:15.685	TEL,1069,S4,125060722,2001,44543                               
2026-09-27T00:02:15.685	TEL,1070,S4,125070722,2001,44543                               
2026-09-27T00:02:15.685	TEL,1071,S4,125080722,2001,44543                               
2026-09-27T00:02:15.685	TEL,1072,S4,125090722,2001,44543                               
2026-09-27T00:02:15.685	TEL,1073,S4,125100722,2001,44543                               
2026-09-27T00:02:15.685	TEL,1074,S4,125110722,2001,44543                               
2026-09-27T00:02:15.685	TEL,1075,S4,125120722,2001,44543                               
2026-09-27T00:02:15.685	TEL,1076,S4,125130722,2001,44543                               
2026-09-27T00:02:15.685	TEL,1077,S4,125140722,2001,44543                               
2026-09-27T00:02:15.685	TEL,1078,S4,125150722,2001,44543                               
2026-09-27T00:02:15.685	TEL,1079,S4,125160722,2001,44543                               
2026-09-27T00:02:15.685	TEL,1080,S4,125170722,2001,44543                               
2026-09-27T00:02:15.685	TEL,1081,S4,125180722,2001,44543                               
2026-09-27T00:02:15.685	TEL,1082,S4,125190722,2001,44543                               
2026-09-27T00:02:15.685	TEL,1083,S4,125200722,2001,44543                               
2026-09-27T00:02:15.685	TEL,1084,S4,125210722,2001,44543                               
2026-09-27T00:02:15.685	TEL,1085,S4,125220722,2001,44543                               
2026-09-27T00:02:15.685	BTN,13,S4,PRESSED                                              
2026-09-27T00:02:15.685	TEL,1086,S4,125230724,2003,44543                               
2026-09-27T00:02:15.685	TEL,1087,S4,125240722,2001,44543                               
2026-09-27T00:02:15.685	TEL,1088,S4,125250722,2001,44543                               
2026-09-27T00:02:15.685	TEL,1089,S4,125260722,2001,44543                               
2026-09-27T00:02:15.685	TEL,1090,S4,125270722,2001,44543                               
2026-09-27T00:02:15.685	TEL,1091,S4,125280722,2001,44543                               
2026-09-27T00:02:15.685	TEL,1092,S4,125290722,2001,44543                               
2026-09-27T00:02:15.685	TEL,1093,S4,125300722,2001,44543                               
2026-09-27T00:02:15.685	TEL,1094,S4,125310722,2001,44543                               
2026-09-27T00:02:15.685	TEL,1095,S4,125320722,2001,44543                               
2026-09-27T00:02:15.685	TEL,1096,S4,125330722,2001,44543                               
2026-09-27T00:02:15.685	TEL,1097,S4,125340722,2001,44543                               
2026-09-27T00:02:15.685	TEL,1098,S4,125350722,2001,44543                               
2026-09-27T00:02:15.685	TEL,1099,S4,125360724,2003,44543                               
2026-09-27T00:02:15.685	TEL,1100,S4,125370722,2001,44543                               
2026-09-27T00:02:15.685	TEL,1101,S4,125380722,2001,44543                               
2026-09-27T00:02:15.685	TEL,1102,S4,125390722,2001,44543                               
2026-09-27T00:02:16.296	TEL,1103,S4,125400722,2001,44543                               
2026-09-27T00:02:16.296	TEL,1104,S4,125410722,2001,44543                               
2026-09-27T00:02:16.296	TEL,1105,S4,125420722,2001,44543                               
2026-09-27T00:02:16.296	TEL,1106,S4,125430722,2001,44543                               
2026-09-27T00:02:16.296	TEL,1107,S4,125440722,2001,44543                               
2026-09-27T00:02:16.296	TEL,1108,S4,125450722,2001,44543                               
2026-09-27T00:02:16.296	TEL,1109,S4,125460722,2001,44543                               
2026-09-27T00:02:16.296	TEL,1110,S4,125470722,2001,44543                               
2026-09-27T00:02:16.296	TEL,1111,S4,125480722,2001,44543                               
2026-09-27T00:02:16.296	TEL,1112,S4,125490722,2001,44543                               
2026-09-27T00:02:16.296	TEL,1113,S4,125500722,2001,44543                               
2026-09-27T00:02:16.296	TEL,1114,S4,125510722,2001,44543                               
2026-09-27T00:02:16.296	TEL,1115,S4,125520722,2001,44543                               
2026-09-27T00:02:16.296	TEL,1116,S4,125530722,2001,44543                               
2026-09-27T00:02:16.296	TEL,1117,S4,125540722,2001,44543                               
2026-09-27T00:02:16.296	TEL,1118,S4,125550722,2001,44543                               
2026-09-27T00:02:16.296	TEL,1119,S4,125560722,2001,44543                               
2026-09-27T00:02:16.296	TEL,1120,S4,125570722,2001,44543                               
2026-09-27T00:02:16.296	BTN,14,S4,PRESSED                                              
2026-09-27T00:02:16.296	TEL,1121,S4,125580723,2002,44543                               
2026-09-27T00:02:16.296	TEL,1122,S4,125590727,2007,44543                               
2026-09-27T00:02:16.296	TEL,1123,S4,125600722,2001,44543                               
2026-09-27T00:02:16.296	TEL,1124,S4,125610722,2001,44543                               
2026-09-27T00:02:16.296	TEL,1125,S4,125620722,2001,44543                               
2026-09-27T00:02:16.296	TEL,1126,S4,125630722,2001,44543                               
2026-09-27T00:02:16.296	TEL,1127,S4,125640722,2001,44543                               
2026-09-27T00:02:16.296	TEL,1128,S4,125650722,2001,44543                               
2026-09-27T00:02:16.296	TEL,1129,S4,125660722,2001,44543                               
2026-09-27T00:02:16.296	TEL,1130,S4,125670722,2001,44543                               
2026-09-27T00:02:16.296	TEL,1131,S4,125680722,2001,44543                               
2026-09-27T00:02:16.296	TEL,1132,S4,125690722,2001,44543                               
2026-09-27T00:02:16.296	TEL,1133,S4,125700722,2001,44543                               
2026-09-27T00:02:16.296	TEL,1134,S4,125710722,2001,44543                               
2026-09-27T00:02:16.296	TEL,1135,S4,125720722,2001,44543                               
2026-09-27T00:02:16.296	TEL,1136,S4,125730722,2001,44543                               
2026-09-27T00:02:16.296	TEL,1137,S4,125740722,2001,44543                               
2026-09-27T00:02:16.296	TEL,1138,S4,125750722,2001,44543                               
2026-09-27T00:02:16.296	TEL,1139,S4,125760722,2001,44543                               
2026-09-27T00:02:16.296	TEL,1140,S4,125770722,2001,44543                               
2026-09-27T00:02:16.296	TEL,1141,S4,125780722,2001,44543                               
2026-09-27T00:02:16.296	TEL,1142,S4,125790722,2001,44543                               
2026-09-27T00:02:16.296	TEL,1143,S4,125800722,2001,44543                               
2026-09-27T00:02:16.296	TEL,1144,S4,125810722,2001,44543                               
2026-09-27T00:02:16.296	TEL,1145,S4,125820722,2001,44543                               
2026-09-27T00:02:16.296	TEL,1146,S4,125830722,2001,44543                               
2026-09-27T00:02:16.296	TEL,1147,S4,125840722,2001,44543                               
2026-09-27T00:02:16.296	TEL,1148,S4,125850722,2001,44543                               
2026-09-27T00:02:16.296	TEL,1149,S4,125860722,2001,44543                               
2026-09-27T00:02:16.296	TEL,1150,S4,125870722,2001,44543                               
2026-09-27T00:02:16.296	TEL,1151,S4,125880722,2001,44543                               
2026-09-27T00:02:16.296	TEL,1152,S4,125890722,2001,44543                               
2026-09-27T00:02:16.296	TEL,1153,S4,125900722,2001,44543                               
2026-09-27T00:02:16.296	TEL,1154,S4,125910722,2001,44543                               
2026-09-27T00:02:16.296	TEL,1155,S4,125920722,2001,44543                               
2026-09-27T00:02:16.296	TEL,1156,S4,125930722,2001,44543                               
2026-09-27T00:02:16.296	TEL,1157,S4,125940722,2001,44543                               
2026-09-27T00:02:16.296	TEL,1158,S4,125950722,2001,44543                               
2026-09-27T00:02:16.296	TEL,1159,S4,125960722,2001,44543                               
2026-09-27T00:02:16.296	TEL,1160,S4,125970722,2001,44543                               
2026-09-27T00:02:16.296	TEL,1161,S4,125980722,2001,44543                               
2026-09-27T00:02:16.296	TEL,1162,S4,125990722,2001,44543                               
2026-09-27T00:02:16.296	TEL,1163,S4,126000722,2001,44543                               
2026-09-27T00:02:16.920	TEL,1164,S4,126010722,2001,44543                               
2026-09-27T00:02:16.920	TEL,1165,S4,126020722,2001,44543                               
2026-09-27T00:02:16.920	TEL,1166,S4,126030722,2001,44543                               
2026-09-27T00:02:16.920	TEL,1167,S4,126040722,2001,44543                               
2026-09-27T00:02:16.920	TEL,1168,S4,126050722,2001,44543                               
2026-09-27T00:02:16.920	TEL,1169,S4,126060722,2001,44543                               
2026-09-27T00:02:16.920	TEL,1170,S4,126070722,2001,44543                               
2026-09-27T00:02:16.920	TEL,1171,S4,126080722,2001,44543                               
2026-09-27T00:02:16.920	TEL,1172,S4,126090722,2001,44543                               
2026-09-27T00:02:16.920	TEL,1173,S4,126100722,2001,44543                               
2026-09-27T00:02:16.920	TEL,1174,S4,126110722,2001,44543                               
2026-09-27T00:02:16.920	TEL,1175,S4,126120722,2001,44543                               
2026-09-27T00:02:16.920	TEL,1176,S4,126130722,2001,44543                               
2026-09-27T00:02:16.920	TEL,1177,S4,126140722,2001,44543                               
2026-09-27T00:02:16.920	TEL,1178,S4,126150722,2001,44543                               
2026-09-27T00:02:16.920	TEL,1179,S4,126160722,2001,44543                               
2026-09-27T00:02:16.920	TEL,1180,S4,126170722,2001,44543                               
2026-09-27T00:02:16.920	TEL,1181,S4,126180722,2001,44543                               
2026-09-27T00:02:16.920	TEL,1182,S4,126190722,2001,44543                               
2026-09-27T00:02:16.920	TEL,1183,S4,126200722,2001,44543                               
2026-09-27T00:02:16.920	TEL,1184,S4,126210722,2001,44543                               
2026-09-27T00:02:16.920	TEL,1185,S4,126220722,2001,44543                               
2026-09-27T00:02:16.920	TEL,1186,S4,126230722,2001,44543                               
2026-09-27T00:02:16.920	TEL,1187,S4,126240722,2001,44543                               
2026-09-27T00:02:16.920	TEL,1188,S4,126250722,2001,44543                               
2026-09-27T00:02:16.920	TEL,1189,S4,126260722,2001,44543                               
2026-09-27T00:02:16.920	TEL,1190,S4,126270722,2001,44543                               
2026-09-27T00:02:16.920	TEL,1191,S4,126280722,2001,44543                               
2026-09-27T00:02:16.920	TEL,1192,S4,126290722,2001,44543                               
2026-09-27T00:02:16.920	TEL,1193,S4,126300722,2001,44543                               
2026-09-27T00:02:16.920	TEL,1194,S4,126310722,2001,44543                               
2026-09-27T00:02:16.920	TEL,1195,S4,126320722,2001,44543                               
2026-09-27T00:02:16.920	TEL,1196,S4,126330722,2001,44543                               
2026-09-27T00:02:16.920	TEL,1197,S4,126340722,2001,44543                               
2026-09-27T00:02:16.920	TEL,1198,S4,126350722,2001,44543                               
2026-09-27T00:02:16.920	TEL,1199,S4,126360722,2001,44543                               
2026-09-27T00:02:16.920	TEL,1200,S4,126370722,2001,44543                               
2026-09-27T00:02:16.920	TEL,1201,S4,126380722,2001,44543                               
2026-09-27T00:02:16.920	TEL,1202,S4,126390722,2001,44543                               
2026-09-27T00:02:16.920	TEL,1203,S4,126400722,2001,44543                               
2026-09-27T00:02:16.920	TEL,1204,S4,126410722,2001,44543                               
2026-09-27T00:02:16.920	TEL,1205,S4,126420722,2001,44543                               
2026-09-27T00:02:16.920	TEL,1206,S4,126430722,2001,44543                               
2026-09-27T00:02:16.920	TEL,1207,S4,126440722,2001,44543                               
2026-09-27T00:02:16.920	TEL,1208,S4,126450722,2001,44543                               
2026-09-27T00:02:16.920	TEL,1209,S4,126460722,2001,44543                               
2026-09-27T00:02:16.920	TEL,1210,S4,126470722,2001,44543                               
2026-09-27T00:02:16.920	TEL,1211,S4,126480722,2001,44543                               
2026-09-27T00:02:16.920	TEL,1212,S4,126490722,2001,44543                               
2026-09-27T00:02:16.920	TEL,1213,S4,126500722,2001,44543                               
2026-09-27T00:02:16.920	TEL,1214,S4,126510722,2001,44543                               
2026-09-27T00:02:16.920	TEL,1215,S4,126520722,2001,44543                               
2026-09-27T00:02:16.920	TEL,1216,S4,126530722,2001,44543                               
2026-09-27T00:02:16.920	TEL,1217,S4,126540722,2001,44543                               
2026-09-27T00:02:16.920	TEL,1218,S4,126550722,2001,44543                               
2026-09-27T00:02:16.920	TEL,1219,S4,126560722,2001,44543                               
2026-09-27T00:02:16.920	TEL,1220,S4,126570722,2001,44543                               
2026-09-27T00:02:16.920	TEL,1221,S4,126580722,2001,44543                               
2026-09-27T00:02:16.920	TEL,1222,S4,126590722,2001,44543                               
2026-09-27T00:02:16.920	TEL,1223,S4,126600722,2001,44543                               
2026-09-27T00:02:16.920	TEL,1224,S4,126610722,2001,44543                               
2026-09-27T00:02:16.920	TEL,1225,S4,126620722,2001,44543                               
2026-09-27T00:02:17.523	TEL,1226,S4,126630722,2001,44543                               
2026-09-27T00:02:17.523	TEL,1227,S4,126640722,2001,44543                               
2026-09-27T00:02:17.523	TEL,1228,S4,126650722,2001,44543                               
2026-09-27T00:02:17.523	TEL,1229,S4,126660722,2001,44543                               
2026-09-27T00:02:17.523	TEL,1230,S4,126670722,2001,44543                               
2026-09-27T00:02:17.523	TEL,1231,S4,126680722,2001,44543                               
2026-09-27T00:02:17.523	TEL,1232,S4,126690722,2001,44543                               
2026-09-27T00:02:17.523	TEL,1233,S4,126700722,2001,44543                               
2026-09-27T00:02:17.523	TEL,1234,S4,126710722,2001,44543                               
2026-09-27T00:02:17.523	TEL,1235,S4,126720722,2001,44543                               
2026-09-27T00:02:17.523	TEL,1236,S4,126730722,2001,44543                               
2026-09-27T00:02:17.523	TEL,1237,S4,126740722,2001,44543                               
2026-09-27T00:02:17.523	TEL,1238,S4,126750722,2001,44543                               
2026-09-27T00:02:17.523	TEL,1239,S4,126760722,2001,44543                               
2026-09-27T00:02:17.523	TEL,1240,S4,126770722,2001,44543                               
2026-09-27T00:02:17.523	TEL,1241,S4,126780722,2001,44543                               
2026-09-27T00:02:17.523	TEL,1242,S4,126790722,2001,44543                               
2026-09-27T00:02:17.523	TEL,1243,S4,126800722,2001,44543                               
2026-09-27T00:02:17.523	TEL,1244,S4,126810722,2001,44543                               
2026-09-27T00:02:17.523	TEL,1245,S4,126820722,2001,44543                               
2026-09-27T00:02:17.523	TEL,1246,S4,126830722,2001,44543                               
2026-09-27T00:02:17.523	TEL,1247,S4,126840722,2001,44543                               
2026-09-27T00:02:17.531	TEL,1248,S4,126850722,2001,44543                               
2026-09-27T00:02:17.531	TEL,1249,S4,126860722,2001,44543                               
2026-09-27T00:02:17.531	TEL,1250,S4,126870722,2001,44543                               
2026-09-27T00:02:17.531	TEL,1251,S4,126880722,2001,44543                               
2026-09-27T00:02:17.531	TEL,1252,S4,126890722,2001,44543                               
2026-09-27T00:02:17.531	TEL,1253,S4,126900722,2001,44543                               
2026-09-27T00:02:17.531	TEL,1254,S4,126910722,2001,44543                               
2026-09-27T00:02:17.531	TEL,1255,S4,126920722,2001,44543                               
2026-09-27T00:02:17.531	TEL,1256,S4,126930722,2001,44543                               
2026-09-27T00:02:17.531	TEL,1257,S4,126940722,2001,44543                               
2026-09-27T00:02:17.531	TEL,1258,S4,126950722,2001,44543                               
2026-09-27T00:02:17.531	TEL,1259,S4,126960722,2001,44543                               
2026-09-27T00:02:17.531	TEL,1260,S4,126970722,2001,44543                               
2026-09-27T00:02:17.531	TEL,1261,S4,126980722,2001,44543                               
2026-09-27T00:02:17.531	TEL,1262,S4,126990722,2001,44543                               
2026-09-27T00:02:17.531	TEL,1263,S4,127000722,2001,44543                               
2026-09-27T00:02:17.531	TEL,1264,S4,127010722,2001,44543                               
2026-09-27T00:02:17.531	TEL,1265,S4,127020722,2001,44543                               
2026-09-27T00:02:17.531	TEL,1266,S4,127030722,2001,44543                               
2026-09-27T00:02:17.531	TEL,1267,S4,127040722,2001,44543                               
2026-09-27T00:02:17.531	TEL,1268,S4,127050722,2001,44543                               
2026-09-27T00:02:17.531	TEL,1269,S4,127060722,2001,44543                               
2026-09-27T00:02:17.531	TEL,1270,S4,127070722,2001,44543                               
2026-09-27T00:02:17.531	TEL,1271,S4,127080722,2001,44543                               
2026-09-27T00:02:17.531	TEL,1272,S4,127090722,2001,44543                               
2026-09-27T00:02:17.531	TEL,1273,S4,127100722,2001,44543                               
2026-09-27T00:02:17.531	TEL,1274,S4,127110722,2001,44543                               
2026-09-27T00:02:17.531	BTN,15,S4,PRESSED                                              
2026-09-27T00:02:17.531	TEL,1275,S4,127120724,2003,44543                               
2026-09-27T00:02:17.531	TEL,1276,S4,127130722,2001,44543                               
2026-09-27T00:02:17.531	TEL,1277,S4,127140722,2001,44543                               
2026-09-27T00:02:17.531	TEL,1278,S4,127150722,2001,44543                               
2026-09-27T00:02:17.531	TEL,1279,S4,127160722,2001,44543                               
2026-09-27T00:02:17.531	TEL,1280,S4,127170722,2001,44543                               
2026-09-27T00:02:17.531	TEL,1281,S4,127180722,2001,44543                               
2026-09-27T00:02:17.531	TEL,1282,S4,127190722,2001,44543                               
2026-09-27T00:02:17.531	TEL,1283,S4,127200722,2001,44543                               
2026-09-27T00:02:17.531	TEL,1284,S4,127210722,2001,44543                               
2026-09-27T00:02:17.531	TEL,1285,S4,127220722,2001,44543                               
2026-09-27T00:02:17.531	TEL,1286,S4,127230722,2001,44543                               
2026-09-27T00:02:18.146	TEL,1287,S4,127240722,2001,44543                               
2026-09-27T00:02:18.146	TEL,1288,S4,127250722,2001,44543                               
2026-09-27T00:02:18.146	TEL,1289,S4,127260722,2001,44543                               
2026-09-27T00:02:18.146	TEL,1290,S4,127270722,2001,44543                               
2026-09-27T00:02:18.146	TEL,1291,S4,127280722,2001,44543                               
2026-09-27T00:02:18.146	TEL,1292,S4,127290722,2001,44543                               
2026-09-27T00:02:18.146	TEL,1293,S4,127300722,2001,44543                               
2026-09-27T00:02:18.146	TEL,1294,S4,127310722,2001,44543                               
2026-09-27T00:02:18.146	TEL,1295,S4,127320722,2001,44543                               
2026-09-27T00:02:18.146	TEL,1296,S4,127330722,2001,44543                               
2026-09-27T00:02:18.146	TEL,1297,S4,127340722,2001,44543                               
2026-09-27T00:02:18.146	TEL,1298,S4,127350722,2001,44543                               
2026-09-27T00:02:18.146	TEL,1299,S4,127360722,2001,44543                               
2026-09-27T00:02:18.146	TEL,1300,S4,127370722,2001,44543                               
2026-09-27T00:02:18.146	TEL,1301,S4,127380722,2001,44543                               
2026-09-27T00:02:18.146	TEL,1302,S4,127390722,2001,44543                               
2026-09-27T00:02:18.146	TEL,1303,S4,127400722,2001,44543                               
2026-09-27T00:02:18.146	TEL,1304,S4,127410722,2001,44543                               
2026-09-27T00:02:18.146	TEL,1305,S4,127420722,2001,44543                               
2026-09-27T00:02:18.146	TEL,1306,S4,127430722,2001,44543                               
2026-09-27T00:02:18.146	TEL,1307,S4,127440722,2001,44543                               
2026-09-27T00:02:18.146	TEL,1308,S4,127450722,2001,44543                               
2026-09-27T00:02:18.146	TEL,1309,S4,127460722,2001,44543                               
2026-09-27T00:02:18.146	TEL,1310,S4,127470722,2001,44543                               
2026-09-27T00:02:18.146	TEL,1311,S4,127480722,2001,44543                               
2026-09-27T00:02:18.146	TEL,1312,S4,127490722,2001,44543                               
2026-09-27T00:02:18.146	TEL,1313,S4,127500722,2001,44543                               
2026-09-27T00:02:18.146	TEL,1314,S4,127510722,2001,44543                               
2026-09-27T00:02:18.146	TEL,1315,S4,127520722,2001,44543                               
2026-09-27T00:02:18.146	TEL,1316,S4,127530722,2001,44543                               
2026-09-27T00:02:18.146	TEL,1317,S4,127540722,2001,44543                               
2026-09-27T00:02:18.146	TEL,1318,S4,127550722,2001,44543                               
2026-09-27T00:02:18.146	TEL,1319,S4,127560722,2001,44543                               
2026-09-27T00:02:18.146	TEL,1320,S4,127570722,2001,44543                               
2026-09-27T00:02:18.146	TEL,1321,S4,127580722,2001,44543                               
2026-09-27T00:02:18.146	TEL,1322,S4,127590722,2001,44543                               
2026-09-27T00:02:18.146	TEL,1323,S4,127600722,2001,44543                               
2026-09-27T00:02:18.146	TEL,1324,S4,127610722,2001,44543                               
2026-09-27T00:02:18.146	TEL,1325,S4,127620722,2001,44543                               
2026-09-27T00:02:18.146	TEL,1326,S4,127630722,2001,44543                               
2026-09-27T00:02:18.146	TEL,1327,S4,127640722,2001,44543                               
2026-09-27T00:02:18.146	TEL,1328,S4,127650722,2001,44543                               
2026-09-27T00:02:18.146	TEL,1329,S4,127660722,2001,44543                               
2026-09-27T00:02:18.146	TEL,1330,S4,127670722,2001,44543                               
2026-09-27T00:02:18.146	TEL,1331,S4,127680722,2001,44543                               
2026-09-27T00:02:18.146	TEL,1332,S4,127690722,2001,44543                               
2026-09-27T00:02:18.146	TEL,1333,S4,127700722,2001,44543                               
2026-09-27T00:02:18.146	TEL,1334,S4,127710722,2001,44543                               
2026-09-27T00:02:18.146	TEL,1335,S4,127720722,2001,44543                               
2026-09-27T00:02:18.146	TEL,1336,S4,127730722,2001,44543                               
2026-09-27T00:02:18.146	TEL,1337,S4,127740722,2001,44543                               
2026-09-27T00:02:18.146	TEL,1338,S4,127750722,2001,44543                               
2026-09-27T00:02:18.146	TEL,1339,S4,127760722,2001,44543                               
2026-09-27T00:02:18.146	TEL,1340,S4,127770722,2001,44543                               
2026-09-27T00:02:18.146	TEL,1341,S4,127780722,2001,44543                               
2026-09-27T00:02:18.146	TEL,1342,S4,127790722,2001,44543                               
2026-09-27T00:02:18.146	TEL,1343,S4,127800722,2001,44543                               
2026-09-27T00:02:18.146	TEL,1344,S4,127810722,2001,44543                               
2026-09-27T00:02:18.146	TEL,1345,S4,127820722,2001,44543                               
2026-09-27T00:02:18.146	TEL,1346,S4,127830722,2001,44543                               
2026-09-27T00:02:18.146	TEL,1347,S4,127840722,2001,44543                               
2026-09-27T00:02:18.146	TEL,1348,S4,127850722,2001,44543                               
2026-09-27T00:02:18.758	TEL,1349,S4,127860722,2001,44543                               
2026-09-27T00:02:18.758	TEL,1350,S4,127870722,2001,44543                               
2026-09-27T00:02:18.758	TEL,1351,S4,127880722,2001,44543                               
2026-09-27T00:02:18.758	TEL,1352,S4,127890722,2001,44543                               
2026-09-27T00:02:18.758	TEL,1353,S4,127900722,2001,44543                               
2026-09-27T00:02:18.758	TEL,1354,S4,127910722,2001,44543                               
2026-09-27T00:02:18.758	TEL,1355,S4,127920722,2001,44543                               
2026-09-27T00:02:18.758	TEL,1356,S4,127930722,2001,44543                               
2026-09-27T00:02:18.758	TEL,1357,S4,127940722,2001,44543                               
2026-09-27T00:02:18.758	TEL,1358,S4,127950722,2001,44543                               
2026-09-27T00:02:18.758	TEL,1359,S4,127960722,2001,44543                               
2026-09-27T00:02:18.758	TEL,1360,S4,127970722,2001,44543                               
2026-09-27T00:02:18.758	TEL,1361,S4,127980722,2001,44543                               
2026-09-27T00:02:18.758	TEL,1362,S4,127990722,2001,44543                               
2026-09-27T00:02:18.758	TEL,1363,S4,128000722,2001,44543                               
2026-09-27T00:02:18.758	TEL,1364,S4,128010722,2001,44543                               
2026-09-27T00:02:18.758	TEL,1365,S4,128020722,2001,44543                               
2026-09-27T00:02:18.758	TEL,1366,S4,128030722,2001,44543                               
2026-09-27T00:02:18.758	BTN,16,S4,PRESSED                                              
2026-09-27T00:02:18.758	TEL,1367,S4,128040724,2003,44543                               
2026-09-27T00:02:18.758	TEL,1368,S4,128050722,2001,44543                               
2026-09-27T00:02:18.758	TEL,1369,S4,128060722,2001,44543                               
2026-09-27T00:02:18.758	TEL,1370,S4,128070722,2001,44543                               
2026-09-27T00:02:18.758	TEL,1371,S4,128080722,2001,44543                               
2026-09-27T00:02:18.758	TEL,1372,S4,128090722,2001,44543                               
2026-09-27T00:02:18.758	TEL,1373,S4,128100722,2001,44543                               
2026-09-27T00:02:18.758	TEL,1374,S4,128110722,2001,44543                               
2026-09-27T00:02:18.758	TEL,1375,S4,128120722,2001,44543                               
2026-09-27T00:02:18.758	TEL,1376,S4,128130722,2001,44543                               
2026-09-27T00:02:18.758	TEL,1377,S4,128140722,2001,44543                               
2026-09-27T00:02:18.758	TEL,1378,S4,128150722,2001,44543                               
2026-09-27T00:02:18.758	TEL,1379,S4,128160722,2001,44543                               
2026-09-27T00:02:18.758	TEL,1380,S4,128170722,2001,44543                               
2026-09-27T00:02:18.758	TEL,1381,S4,128180722,2001,44543                               
2026-09-27T00:02:18.758	TEL,1382,S4,128190722,2001,44543                               
2026-09-27T00:02:18.758	TEL,1383,S4,128200722,2001,44543                               
2026-09-27T00:02:18.758	TEL,1384,S4,128210722,2001,44543                               
2026-09-27T00:02:18.758	TEL,1385,S4,128220722,2001,44543                               
2026-09-27T00:02:18.758	TEL,1386,S4,128230722,2001,44543                               
2026-09-27T00:02:18.758	TEL,1387,S4,128240722,2001,44543                               
2026-09-27T00:02:18.758	TEL,1388,S4,128250722,2001,44543                               
2026-09-27T00:02:18.758	TEL,1389,S4,128260722,2001,44543                               
2026-09-27T00:02:18.758	TEL,1390,S4,128270722,2001,44543                               
2026-09-27T00:02:18.758	TEL,1391,S4,128280722,2001,44543                               
2026-09-27T00:02:18.758	TEL,1392,S4,128290722,2001,44543                               
2026-09-27T00:02:18.758	TEL,1393,S4,128300722,2001,44543                               
2026-09-27T00:02:18.758	TEL,1394,S4,128310722,2001,44543                               
2026-09-27T00:02:18.758	TEL,1395,S4,128320722,2001,44543                               
2026-09-27T00:02:18.758	TEL,1396,S4,128330722,2001,44543                               
2026-09-27T00:02:18.758	TEL,1397,S4,128340722,2001,44543                               
2026-09-27T00:02:18.758	TEL,1398,S4,128350722,2001,44543                               
2026-09-27T00:02:18.758	TEL,1399,S4,128360722,2001,44543                               
2026-09-27T00:02:18.758	TEL,1400,S4,128370722,2001,44543                               
2026-09-27T00:02:18.758	TEL,1401,S4,128380722,2001,44543                               
2026-09-27T00:02:18.758	TEL,1402,S4,128390722,2001,44543                               
2026-09-27T00:02:18.758	TEL,1403,S4,128400722,2001,44543                               
2026-09-27T00:02:18.758	TEL,1404,S4,128410722,2001,44543                               
2026-09-27T00:02:18.758	TEL,1405,S4,128420722,2001,44543                               
2026-09-27T00:02:18.758	TEL,1406,S4,128430722,2001,44543                               
2026-09-27T00:02:18.758	TEL,1407,S4,128440722,2001,44543                               
2026-09-27T00:02:18.758	TEL,1408,S4,128450722,2001,44543                               
2026-09-27T00:02:18.758	TEL,1409,S4,128460722,2001,44543                               
2026-09-27T00:02:19.380	TEL,1410,S4,128470722,2001,44543                               
2026-09-27T00:02:19.380	TEL,1411,S4,128480722,2001,44543                               
2026-09-27T00:02:19.380	TEL,1412,S4,128490722,2001,44543                               
2026-09-27T00:02:19.380	TEL,1413,S4,128500722,2001,44543                               
2026-09-27T00:02:19.380	TEL,1414,S4,128510722,2001,44543                               
2026-09-27T00:02:19.380	TEL,1415,S4,128520722,2001,44543                               
2026-09-27T00:02:19.380	TEL,1416,S4,128530722,2001,44543                               
2026-09-27T00:02:19.380	TEL,1417,S4,128540722,2001,44543                               
2026-09-27T00:02:19.380	TEL,1418,S4,128550722,2001,44543                               
2026-09-27T00:02:19.380	TEL,1419,S4,128560722,2001,44543                               
2026-09-27T00:02:19.380	TEL,1420,S4,128570722,2001,44543                               
2026-09-27T00:02:19.380	TEL,1421,S4,128580722,2001,44543                               
2026-09-27T00:02:19.380	TEL,1422,S4,128590722,2001,44543                               
2026-09-27T00:02:19.380	TEL,1423,S4,128600722,2001,44543                               
2026-09-27T00:02:19.380	TEL,1424,S4,128610722,2001,44543                               
2026-09-27T00:02:19.380	TEL,1425,S4,128620722,2001,44543                               
2026-09-27T00:02:19.380	TEL,1426,S4,128630722,2001,44543                               
2026-09-27T00:02:19.380	TEL,1427,S4,128640722,2001,44543                               
2026-09-27T00:02:19.380	TEL,1428,S4,128650722,2001,44543                               
2026-09-27T00:02:19.380	TEL,1429,S4,128660722,2001,44543                               
2026-09-27T00:02:19.380	TEL,1430,S4,128670722,2001,44543                               
2026-09-27T00:02:19.380	TEL,1431,S4,128680722,2001,44543                               
2026-09-27T00:02:19.380	TEL,1432,S4,128690722,2001,44543                               
2026-09-27T00:02:19.380	TEL,1433,S4,128700722,2001,44543                               
2026-09-27T00:02:19.380	TEL,1434,S4,128710722,2001,44543                               
2026-09-27T00:02:19.380	TEL,1435,S4,128720722,2001,44543                               
2026-09-27T00:02:19.380	TEL,1436,S4,128730722,2001,44543                               
2026-09-27T00:02:19.380	TEL,1437,S4,128740722,2001,44543                               
2026-09-27T00:02:19.380	TEL,1438,S4,128750722,2001,44543                               
2026-09-27T00:02:19.380	TEL,1439,S4,128760722,2001,44543                               
2026-09-27T00:02:19.380	TEL,1440,S4,128770722,2001,44543                               
2026-09-27T00:02:19.380	TEL,1441,S4,128780722,2001,44543                               
2026-09-27T00:02:19.380	TEL,1442,S4,128790722,2001,44543                               
2026-09-27T00:02:19.380	TEL,1443,S4,128800722,2001,44543                               
2026-09-27T00:02:19.380	TEL,1444,S4,128810722,2001,44543                               
2026-09-27T00:02:19.380	TEL,1445,S4,128820722,2001,44543                               
2026-09-27T00:02:19.380	TEL,1446,S4,128830722,2001,44543                               
2026-09-27T00:02:19.380	TEL,1447,S4,128840722,2001,44543                               
2026-09-27T00:02:19.380	TEL,1448,S4,128850722,2001,44543                               
2026-09-27T00:02:19.380	TEL,1449,S4,128860722,2001,44543                               
2026-09-27T00:02:19.380	TEL,1450,S4,128870722,2001,44543                               
2026-09-27T00:02:19.380	TEL,1451,S4,128880722,2001,44543                               
2026-09-27T00:02:19.380	TEL,1452,S4,128890722,2001,44543                               
2026-09-27T00:02:19.380	TEL,1453,S4,128900722,2001,44543                               
2026-09-27T00:02:19.380	TEL,1454,S4,128910722,2001,44543                               
2026-09-27T00:02:19.380	TEL,1455,S4,128920722,2001,44543                               
2026-09-27T00:02:19.380	TEL,1456,S4,128930722,2001,44543                               
2026-09-27T00:02:19.380	TEL,1457,S4,128940722,2001,44543                               
2026-09-27T00:02:19.380	TEL,1458,S4,128950722,2001,44543                               
2026-09-27T00:02:19.380	TEL,1459,S4,128960722,2001,44543                               
2026-09-27T00:02:19.380	TEL,1460,S4,128970722,2001,44543                               
2026-09-27T00:02:19.380	TEL,1461,S4,128980722,2001,44543                               
2026-09-27T00:02:19.380	TEL,1462,S4,128990722,2001,44543                               
2026-09-27T00:02:19.380	TEL,1463,S4,129000722,2001,44543                               
2026-09-27T00:02:19.380	TEL,1464,S4,129010722,2001,44543                               
2026-09-27T00:02:19.380	TEL,1465,S4,129020722,2001,44543                               
2026-09-27T00:02:19.380	TEL,1466,S4,129030722,2001,44543                               
2026-09-27T00:02:19.380	TEL,1467,S4,129040722,2001,44543                               
2026-09-27T00:02:19.380	TEL,1468,S4,129050722,2001,44543                               
2026-09-27T00:02:19.380	TEL,1469,S4,129060722,2001,44543                               
2026-09-27T00:02:19.380	TEL,1470,S4,129070722,2001,44543                               
2026-09-27T00:02:19.380	TEL,1471,S4,129080722,2001,44543                               
2026-09-27T00:02:19.989	TEL,1472,S4,129090722,2001,44543                               
2026-09-27T00:02:19.989	TEL,1473,S4,129100722,2001,44543                               
2026-09-27T00:02:19.989	TEL,1474,S4,129110722,2001,44543                               
2026-09-27T00:02:19.989	TEL,1475,S4,129120722,2001,44543                               
2026-09-27T00:02:19.989	TEL,1476,S4,129130722,2001,44543                               
2026-09-27T00:02:19.989	TEL,1477,S4,129140722,2001,44543                               
2026-09-27T00:02:19.989	TEL,1478,S4,129150722,2001,44543                               
2026-09-27T00:02:19.989	TEL,1479,S4,129160722,2001,44543                               
2026-09-27T00:02:19.989	TEL,1480,S4,129170722,2001,44543                               
2026-09-27T00:02:19.989	TEL,1481,S4,129180722,2001,44543                               
2026-09-27T00:02:19.989	TEL,1482,S4,129190722,2001,44543                               
2026-09-27T00:02:19.989	TEL,1483,S4,129200722,2001,44543                               
2026-09-27T00:02:19.989	TEL,1484,S4,129210722,2001,44543                               
2026-09-27T00:02:19.989	TEL,1485,S4,129220722,2001,44543                               
2026-09-27T00:02:19.989	TEL,1486,S4,129230722,2001,44543                               
2026-09-27T00:02:19.989	TEL,1487,S4,129240722,2001,44543                               
2026-09-27T00:02:19.989	TEL,1488,S4,129250722,2001,44543                               
2026-09-27T00:02:19.989	TEL,1489,S4,129260722,2001,44543                               
2026-09-27T00:02:19.989	TEL,1490,S4,129270722,2001,44543                               
2026-09-27T00:02:19.989	TEL,1491,S4,129280722,2001,44543                               
2026-09-27T00:02:19.989	TEL,1492,S4,129290722,2001,44543                               
2026-09-27T00:02:19.989	TEL,1493,S4,129300722,2001,44543                               
2026-09-27T00:02:19.989	TEL,1494,S4,129310722,2001,44543                               
2026-09-27T00:02:19.989	TEL,1495,S4,129320722,2001,44543                               
2026-09-27T00:02:19.989	TEL,1496,S4,129330722,2001,44543                               
2026-09-27T00:02:19.989	TEL,1497,S4,129340722,2001,44543                               
2026-09-27T00:02:19.989	TEL,1498,S4,129350722,2001,44543                               
2026-09-27T00:02:19.989	TEL,1499,S4,129360722,2001,44543                               
2026-09-27T00:02:19.989	TEL,1500,S4,129370722,2001,44543                               
2026-09-27T00:02:19.989	TEL,1501,S4,129380722,2001,44543                               
2026-09-27T00:02:19.989	TEL,1502,S4,129390722,2001,44543                               
2026-09-27T00:02:19.989	BTN,17,S4,PRESSED                                              
2026-09-27T00:02:19.989	TEL,1503,S4,129400724,2003,44543                               
2026-09-27T00:02:19.989	TEL,1504,S4,129410722,2001,44543                               
2026-09-27T00:02:19.989	TEL,1505,S4,129420722,2001,44543                               
2026-09-27T00:02:19.989	TEL,1506,S4,129430722,2001,44543                               
2026-09-27T00:02:19.989	TEL,1507,S4,129440722,2001,44543                               
2026-09-27T00:02:19.989	TEL,1508,S4,129450722,2001,44543                               
2026-09-27T00:02:19.989	TEL,1509,S4,129460722,2001,44543                               
2026-09-27T00:02:19.989	TEL,1510,S4,129470722,2001,44543                               
2026-09-27T00:02:19.989	TEL,1511,S4,129480722,2001,44543                               
2026-09-27T00:02:19.989	TEL,1512,S4,129490722,2001,44543                               
2026-09-27T00:02:19.989	TEL,1513,S4,129500722,2001,44543                               
2026-09-27T00:02:19.989	TEL,1514,S4,129510722,2001,44543                               
2026-09-27T00:02:19.989	TEL,1515,S4,129520722,2001,44543                               
2026-09-27T00:02:19.989	TEL,1516,S4,129530722,2001,44543                               
2026-09-27T00:02:19.989	TEL,1517,S4,129540722,2001,44543                               
2026-09-27T00:02:19.989	TEL,1518,S4,129550722,2001,44543                               
2026-09-27T00:02:19.989	TEL,1519,S4,129560722,2001,44543                               
2026-09-27T00:02:19.989	TEL,1520,S4,129570722,2001,44543                               
2026-09-27T00:02:19.989	TEL,1521,S4,129580722,2001,44543                               
2026-09-27T00:02:19.989	TEL,1522,S4,129590722,2001,44543                               
2026-09-27T00:02:19.989	TEL,1523,S4,129600722,2001,44543                               
2026-09-27T00:02:19.989	TEL,1524,S4,129610722,2001,44543                               
2026-09-27T00:02:19.989	TEL,1525,S4,129620722,2001,44543                               
2026-09-27T00:02:19.989	TEL,1526,S4,129630722,2001,44543                               
2026-09-27T00:02:19.989	TEL,1527,S4,129640722,2001,44543                               
2026-09-27T00:02:19.989	TEL,1528,S4,129650722,2001,44543                               
2026-09-27T00:02:19.989	TEL,1529,S4,129660722,2001,44543                               
2026-09-27T00:02:19.989	TEL,1530,S4,129670722,2001,44543                               
2026-09-27T00:02:19.989	TEL,1531,S4,129680722,2001,44543                               
2026-09-27T00:02:19.989	TEL,1532,S4,129690722,2001,44543                               
2026-09-27T00:02:20.607	TEL,1533,S4,129700722,2001,44543                               
2026-09-27T00:02:20.607	TEL,1534,S4,129710722,2001,44543                               
2026-09-27T00:02:20.607	TEL,1535,S4,129720722,2001,44543                               
2026-09-27T00:02:20.607	TEL,1536,S4,129730722,2001,44543                               
2026-09-27T00:02:20.607	TEL,1537,S4,129740722,2001,44543                               
2026-09-27T00:02:20.607	TEL,1538,S4,129750722,2001,44543                               
2026-09-27T00:02:20.607	TEL,1539,S4,129760722,2001,44543                               
2026-09-27T00:02:20.607	TEL,1540,S4,129770722,2001,44543                               
2026-09-27T00:02:20.607	TEL,1541,S4,129780722,2001,44543                               
2026-09-27T00:02:20.607	TEL,1542,S4,129790722,2001,44543                               
2026-09-27T00:02:20.607	TEL,1543,S4,129800722,2001,44543                               
2026-09-27T00:02:20.607	TEL,1544,S4,129810722,2001,44543                               
2026-09-27T00:02:20.607	TEL,1545,S4,129820722,2001,44543                               
2026-09-27T00:02:20.607	TEL,1546,S4,129830722,2001,44543                               
2026-09-27T00:02:20.607	TEL,1547,S4,129840722,2001,44543                               
2026-09-27T00:02:20.607	TEL,1548,S4,129850722,2001,44543                               
2026-09-27T00:02:20.607	TEL,1549,S4,129860722,2001,44543                               
2026-09-27T00:02:20.607	TEL,1550,S4,129870722,2001,44543                               
2026-09-27T00:02:20.607	TEL,1551,S4,129880722,2001,44543                               
2026-09-27T00:02:20.607	TEL,1552,S4,129890722,2001,44543                               
2026-09-27T00:02:20.607	TEL,1553,S4,129900722,2001,44543                               
2026-09-27T00:02:20.607	TEL,1554,S4,129910722,2001,44543                               
2026-09-27T00:02:20.607	TEL,1555,S4,129920722,2001,44543                               
2026-09-27T00:02:20.607	TEL,1556,S4,129930722,2001,44543                               
2026-09-27T00:02:20.607	TEL,1557,S4,129940722,2001,44543                               
2026-09-27T00:02:20.607	TEL,1558,S4,129950722,2001,44543                               
2026-09-27T00:02:20.607	TEL,1559,S4,129960722,2001,44543                               
2026-09-27T00:02:20.607	TEL,1560,S4,129970722,2001,44543                               
2026-09-27T00:02:20.607	TEL,1561,S4,129980722,2001,44543                               
2026-09-27T00:02:20.607	TEL,1562,S4,129990722,2001,44543                               
2026-09-27T00:02:20.607	TEL,1563,S4,130000722,2001,44543                               
2026-09-27T00:02:20.607	TEL,1564,S4,130010722,2001,44543                               
2026-09-27T00:02:20.607	TEL,1565,S4,130020722,2001,44543                               
2026-09-27T00:02:20.607	TEL,1566,S4,130030722,2001,44543                               
2026-09-27T00:02:20.607	TEL,1567,S4,130040722,2001,44543                               
2026-09-27T00:02:20.607	TEL,1568,S4,130050722,2001,44543                               
2026-09-27T00:02:20.607	TEL,1569,S4,130060722,2001,44543                               
2026-09-27T00:02:20.607	TEL,1570,S4,130070722,2001,44543                               
2026-09-27T00:02:20.607	TEL,1571,S4,130080722,2001,44543                               
2026-09-27T00:02:20.607	TEL,1572,S4,130090722,2001,44543                               
2026-09-27T00:02:20.607	TEL,1573,S4,130100722,2001,44543                               
2026-09-27T00:02:20.607	TEL,1574,S4,130110722,2001,44543                               
2026-09-27T00:02:20.607	TEL,1575,S4,130120722,2001,44543                               
2026-09-27T00:02:20.607	TEL,1576,S4,130130722,2001,44543                               
2026-09-27T00:02:20.607	TEL,1577,S4,130140722,2001,44543                               
2026-09-27T00:02:20.607	TEL,1578,S4,130150722,2001,44543                               
2026-09-27T00:02:20.607	TEL,1579,S4,130160722,2001,44543                               
2026-09-27T00:02:20.607	TEL,1580,S4,130170722,2001,44543                               
2026-09-27T00:02:20.607	TEL,1581,S4,130180722,2001,44543                               
2026-09-27T00:02:20.607	TEL,1582,S4,130190722,2001,44543                               
2026-09-27T00:02:20.607	TEL,1583,S4,130200722,2001,44543                               
2026-09-27T00:02:20.607	TEL,1584,S4,130210722,2001,44543                               
2026-09-27T00:02:20.607	TEL,1585,S4,130220722,2001,44543                               
2026-09-27T00:02:20.607	TEL,1586,S4,130230722,2001,44543                               
2026-09-27T00:02:20.607	TEL,1587,S4,130240722,2001,44543                               
2026-09-27T00:02:20.607	TEL,1588,S4,130250722,2001,44543                               
2026-09-27T00:02:20.607	TEL,1589,S4,130260722,2001,44543                               
2026-09-27T00:02:20.607	TEL,1590,S4,130270722,2001,44543                               
2026-09-27T00:02:20.607	TEL,1591,S4,130280722,2001,44543                               
2026-09-27T00:02:20.607	TEL,1592,S4,130290722,2001,44543                               
2026-09-27T00:02:20.607	TEL,1593,S4,130300722,2001,44543                               
2026-09-27T00:02:20.607	TEL,1594,S4,130310722,2001,44543                               
2026-09-27T00:02:21.225	TEL,1595,S4,130320722,2001,44543                               
2026-09-27T00:02:21.225	TEL,1596,S4,130330722,2001,44543                               
2026-09-27T00:02:21.225	TEL,1597,S4,130340722,2001,44543                               
2026-09-27T00:02:21.225	TEL,1598,S4,130350722,2001,44543                               
2026-09-27T00:02:21.225	TEL,1599,S4,130360722,2001,44543                               
2026-09-27T00:02:21.225	TEL,1600,S4,130370722,2001,44543                               
2026-09-27T00:02:21.225	TEL,1601,S4,130380722,2001,44543                               
2026-09-27T00:02:21.225	TEL,1602,S4,130390722,2001,44543                               
2026-09-27T00:02:21.225	TEL,1603,S4,130400722,2001,44543                               
2026-09-27T00:02:21.225	TEL,1604,S4,130410722,2001,44543                               
2026-09-27T00:02:21.225	TEL,1605,S4,130420722,2001,44543                               
2026-09-27T00:02:21.225	TEL,1606,S4,130430722,2001,44543                               
2026-09-27T00:02:21.225	TEL,1607,S4,130440722,2001,44543                               
2026-09-27T00:02:21.225	TEL,1608,S4,130450722,2001,44543                               
2026-09-27T00:02:21.225	TEL,1609,S4,130460722,2001,44543                               
2026-09-27T00:02:21.225	TEL,1610,S4,130470722,2001,44543                               
2026-09-27T00:02:21.225	TEL,1611,S4,130480722,2001,44543                               
2026-09-27T00:02:21.225	TEL,1612,S4,130490722,2001,44543                               
2026-09-27T00:02:21.225	TEL,1613,S4,130500722,2001,44543                               
2026-09-27T00:02:21.225	TEL,1614,S4,130510722,2001,44543                               
2026-09-27T00:02:21.225	TEL,1615,S4,130520722,2001,44543                               
2026-09-27T00:02:21.225	TEL,1616,S4,130530722,2001,44543                               
2026-09-27T00:02:21.225	TEL,1617,S4,130540722,2001,44543                               
2026-09-27T00:02:21.225	TEL,1618,S4,130550722,2001,44543                               
2026-09-27T00:02:21.225	TEL,1619,S4,130560722,2001,44543                               
2026-09-27T00:02:21.225	TEL,1620,S4,130570722,2001,44543                               
2026-09-27T00:02:21.225	TEL,1621,S4,130580722,2001,44543                               
2026-09-27T00:02:21.225	TEL,1622,S4,130590722,2001,44543                               
2026-09-27T00:02:21.225	TEL,1623,S4,130600722,2001,44543                               
2026-09-27T00:02:21.225	TEL,1624,S4,130610722,2001,44543                               
2026-09-27T00:02:21.225	TEL,1625,S4,130620722,2001,44543                               
2026-09-27T00:02:21.225	TEL,1626,S4,130630722,2001,44543                               
2026-09-27T00:02:21.225	TEL,1627,S4,130640722,2001,44543                               
2026-09-27T00:02:21.225	TEL,1628,S4,130650722,2001,44543                               
2026-09-27T00:02:21.225	TEL,1629,S4,130660722,2001,44543                               
2026-09-27T00:02:21.225	TEL,1630,S4,130670722,2001,44543                               
2026-09-27T00:02:21.225	TEL,1631,S4,130680722,2001,44543                               
2026-09-27T00:02:21.225	TEL,1632,S4,130690722,2001,44543                               
2026-09-27T00:02:21.225	TEL,1633,S4,130700722,2001,44543                               
2026-09-27T00:02:21.225	TEL,1634,S4,130710722,2001,44543                               
2026-09-27T00:02:21.225	TEL,1635,S4,130720722,2001,44543                               
2026-09-27T00:02:21.225	TEL,1636,S4,130730722,2001,44543                               
2026-09-27T00:02:21.225	TEL,1637,S4,130740722,2001,44543                               
2026-09-27T00:02:21.225	TEL,1638,S4,130750722,2001,44543                               
2026-09-27T00:02:21.225	TEL,1639,S4,130760722,2001,44543                               
2026-09-27T00:02:21.225	TEL,1640,S4,130770722,2001,44543                               
2026-09-27T00:02:21.225	TEL,1641,S4,130780722,2001,44543                               
2026-09-27T00:02:21.225	TEL,1642,S4,130790722,2001,44543                               
2026-09-27T00:02:21.225	TEL,1643,S4,130800722,2001,44543                               
2026-09-27T00:02:21.225	TEL,1644,S4,130810722,2001,44543                               
2026-09-27T00:02:21.225	TEL,1645,S4,130820722,2001,44543                               
2026-09-27T00:02:21.225	TEL,1646,S4,130830722,2001,44543                               
2026-09-27T00:02:21.225	TEL,1647,S4,130840722,2001,44543                               
2026-09-27T00:02:21.225	TEL,1648,S4,130850722,2001,44543                               
2026-09-27T00:02:21.225	TEL,1649,S4,130860722,2001,44543                               
2026-09-27T00:02:21.225	TEL,1650,S4,130870722,2001,44543                               
2026-09-27T00:02:21.225	TEL,1651,S4,130880722,2001,44543                               
2026-09-27T00:02:21.225	TEL,1652,S4,130890722,2001,44543                               
2026-09-27T00:02:21.225	TEL,1653,S4,130900722,2001,44543                               
2026-09-27T00:02:21.225	TEL,1654,S4,130910722,2001,44543                               
2026-09-27T00:02:21.225	TEL,1655,S4,130920722,2001,44543                               
2026-09-27T00:02:21.225	TEL,1656,S4,130930722,2001,44543                               
2026-09-27T00:02:21.850	TEL,1657,S4,130940722,2001,44543                               
2026-09-27T00:02:21.850	TEL,1658,S4,130950722,2001,44543                               
2026-09-27T00:02:21.850	TEL,1659,S4,130960722,2001,44543                               
2026-09-27T00:02:21.850	TEL,1660,S4,130970722,2001,44543                               
2026-09-27T00:02:21.850	TEL,1661,S4,130980722,2001,44543                               
2026-09-27T00:02:21.850	TEL,1662,S4,130990722,2001,44543                               
2026-09-27T00:02:21.850	TEL,1663,S4,131000722,2001,44543                               
2026-09-27T00:02:21.850	TEL,1664,S4,131010722,2001,44543                               
2026-09-27T00:02:21.850	TEL,1665,S4,131020722,2001,44543                               
2026-09-27T00:02:21.850	TEL,1666,S4,131030722,2001,44543                               
2026-09-27T00:02:21.850	TEL,1667,S4,131040722,2001,44543                               
2026-09-27T00:02:21.850	TEL,1668,S4,131050722,2001,44543                               
2026-09-27T00:02:21.850	TEL,1669,S4,131060722,2001,44543                               
2026-09-27T00:02:21.850	TEL,1670,S4,131070722,2001,44543                               
2026-09-27T00:02:21.850	TEL,1671,S4,131080722,2001,44543                               
2026-09-27T00:02:21.850	TEL,1672,S4,131090722,2001,44543                               
2026-09-27T00:02:21.850	TEL,1673,S4,131100722,2001,44543                               
2026-09-27T00:02:21.850	TEL,1674,S4,131110722,2001,44543                               
2026-09-27T00:02:21.850	TEL,1675,S4,131120722,2001,44543                               
2026-09-27T00:02:21.850	TEL,1676,S4,131130722,2001,44543                               
2026-09-27T00:02:21.850	TEL,1677,S4,131140722,2001,44543                               
2026-09-27T00:02:21.850	TEL,1678,S4,131150722,2001,44543                               
2026-09-27T00:02:21.850	TEL,1679,S4,131160722,2001,44543                               
2026-09-27T00:02:21.850	TEL,1680,S4,131170722,2001,44543                               
2026-09-27T00:02:21.850	TEL,1681,S4,131180722,2001,44543                               
2026-09-27T00:02:21.850	TEL,1682,S4,131190722,2001,44543                               
2026-09-27T00:02:21.850	TEL,1683,S4,131200722,2001,44543                               
2026-09-27T00:02:21.850	TEL,1684,S4,131210722,2001,44543                               
2026-09-27T00:02:21.850	TEL,1685,S4,131220722,2001,44543                               
2026-09-27T00:02:21.850	TEL,1686,S4,131230722,2001,44543                               
2026-09-27T00:02:21.850	TEL,1687,S4,131240722,2001,44543                               
2026-09-27T00:02:21.850	TEL,1688,S4,131250722,2001,44543                               
2026-09-27T00:02:21.850	TEL,1689,S4,131260722,2001,44543                               
2026-09-27T00:02:21.850	TEL,1690,S4,131270722,2001,44543                               
2026-09-27T00:02:21.850	TEL,1691,S4,131280722,2001,44543                               
2026-09-27T00:02:21.850	TEL,1692,S4,131290722,2001,44543                               
2026-09-27T00:02:21.850	TEL,1693,S4,131300722,2001,44543                               
2026-09-27T00:02:21.850	TEL,1694,S4,131310722,2001,44543                               
2026-09-27T00:02:21.850	TEL,1695,S4,131320722,2001,44543                               
2026-09-27T00:02:21.850	TEL,1696,S4,131330722,2001,44543                               
2026-09-27T00:02:21.850	TEL,1697,S4,131340722,2001,44543                               
2026-09-27T00:02:21.850	TEL,1698,S4,131350722,2001,44543                               
2026-09-27T00:02:21.850	TEL,1699,S4,131360722,2001,44543                               
2026-09-27T00:02:21.850	TEL,1700,S4,131370722,2001,44543                               
2026-09-27T00:02:21.850	TEL,1701,S4,131380722,2001,44543                               
2026-09-27T00:02:21.850	TEL,1702,S4,131390722,2001,44543                               
2026-09-27T00:02:21.850	TEL,1703,S4,131400722,2001,44543                               
2026-09-27T00:02:21.850	TEL,1704,S4,131410722,2001,44543                               
2026-09-27T00:02:21.850	TEL,1705,S4,131420722,2001,44543                               
2026-09-27T00:02:21.850	TEL,1706,S4,131430722,2001,44543                               
2026-09-27T00:02:21.850	TEL,1707,S4,131440722,2001,44543                               
2026-09-27T00:02:21.850	TEL,1708,S4,131450722,2001,44543                               
2026-09-27T00:02:21.850	TEL,1709,S4,131460722,2001,44543                               
2026-09-27T00:02:21.850	TEL,1710,S4,131470722,2001,44543                               
2026-09-27T00:02:21.850	TEL,1711,S4,131480722,2001,44543                               
2026-09-27T00:02:21.850	TEL,1712,S4,131490722,2001,44543                               
2026-09-27T00:02:21.850	TEL,1713,S4,131500722,2001,44543                               
2026-09-27T00:02:21.850	TEL,1714,S4,131510722,2001,44543                               
2026-09-27T00:02:21.850	TEL,1715,S4,131520722,2001,44543                               
2026-09-27T00:02:21.850	TEL,1716,S4,131530722,2001,44543                               
2026-09-27T00:02:21.850	TEL,1717,S4,131540722,2001,44543                               
2026-09-27T00:02:21.850	TEL,1718,S4,131550722,2001,44543                               
2026-09-27T00:02:22.458	TEL,1719,S4,131560722,2001,44543                               
2026-09-27T00:02:22.458	TEL,1720,S4,131570722,2001,44543                               
2026-09-27T00:02:22.458	TEL,1721,S4,131580722,2001,44543                               
2026-09-27T00:02:22.458	TEL,1722,S4,131590722,2001,44543                               
2026-09-27T00:02:22.458	TEL,1723,S4,131600722,2001,44543                               
2026-09-27T00:02:22.458	TEL,1724,S4,131610722,2001,44543                               
2026-09-27T00:02:22.458	TEL,1725,S4,131620722,2001,44543                               
2026-09-27T00:02:22.458	TEL,1726,S4,131630722,2001,44543                               
2026-09-27T00:02:22.458	TEL,1727,S4,131640722,2001,44543                               
2026-09-27T00:02:22.458	TEL,1728,S4,131650722,2001,44543                               
2026-09-27T00:02:22.458	TEL,1729,S4,131660722,2001,44543                               
2026-09-27T00:02:22.458	TEL,1730,S4,131670722,2001,44543                               
2026-09-27T00:02:22.458	TEL,1731,S4,131680722,2001,44543                               
2026-09-27T00:02:22.458	BTN,18,S4,PRESSED                                              
2026-09-27T00:02:22.458	TEL,1732,S4,131690723,2003,44543                               
2026-09-27T00:02:22.458	TEL,1733,S4,131700723,2002,44543                               
2026-09-27T00:02:22.458	TEL,1734,S4,131710722,2001,44543                               
2026-09-27T00:02:22.458	TEL,1735,S4,131720722,2001,44543                               
2026-09-27T00:02:22.458	TEL,1736,S4,131730722,2001,44543                               
2026-09-27T00:02:22.458	TEL,1737,S4,131740722,2001,44543                               
2026-09-27T00:02:22.458	TEL,1738,S4,131750722,2001,44543                               
2026-09-27T00:02:22.458	TEL,1739,S4,131760722,2001,44543                               
2026-09-27T00:02:22.458	TEL,1740,S4,131770722,2001,44543                               
2026-09-27T00:02:22.458	TEL,1741,S4,131780722,2001,44543                               
2026-09-27T00:02:22.458	TEL,1742,S4,131790722,2001,44543                               
2026-09-27T00:02:22.458	TEL,1743,S4,131800722,2001,44543                               
2026-09-27T00:02:22.458	TEL,1744,S4,131810722,2001,44543                               
2026-09-27T00:02:22.458	TEL,1745,S4,131820722,2001,44543                               
2026-09-27T00:02:22.458	TEL,1746,S4,131830722,2001,44543                               
2026-09-27T00:02:22.458	TEL,1747,S4,131840722,2001,44543                               
2026-09-27T00:02:22.458	TEL,1748,S4,131850722,2001,44543                               
2026-09-27T00:02:22.458	TEL,1749,S4,131860722,2001,44543                               
2026-09-27T00:02:22.458	TEL,1750,S4,131870722,2001,44543                               
2026-09-27T00:02:22.458	TEL,1751,S4,131880722,2001,44543                               
2026-09-27T00:02:22.458	TEL,1752,S4,131890722,2001,44543                               
2026-09-27T00:02:22.458	TEL,1753,S4,131900722,2001,44543                               
2026-09-27T00:02:22.458	TEL,1754,S4,131910722,2001,44543                               
2026-09-27T00:02:22.458	TEL,1755,S4,131920722,2001,44543                               
2026-09-27T00:02:22.458	TEL,1756,S4,131930722,2001,44543                               
2026-09-27T00:02:22.458	TEL,1757,S4,131940722,2001,44543                               
2026-09-27T00:02:22.458	TEL,1758,S4,131950722,2001,44543                               
2026-09-27T00:02:22.458	TEL,1759,S4,131960722,2001,44543                               
2026-09-27T00:02:22.458	TEL,1760,S4,131970722,2001,44543                               
2026-09-27T00:02:22.458	TEL,1761,S4,131980722,2001,44543                               
2026-09-27T00:02:22.458	TEL,1762,S4,131990722,2001,44543                               
2026-09-27T00:02:22.458	TEL,1763,S4,132000722,2001,44543                               
2026-09-27T00:02:22.458	TEL,1764,S4,132010722,2001,44543                               
2026-09-27T00:02:22.458	TEL,1765,S4,132020722,2001,44543                               
2026-09-27T00:02:22.458	TEL,1766,S4,132030722,2001,44543                               
2026-09-27T00:02:22.458	TEL,1767,S4,132040722,2001,44543                               
2026-09-27T00:02:22.458	TEL,1768,S4,132050722,2001,44543                               
2026-09-27T00:02:22.458	TEL,1769,S4,132060722,2001,44543                               
2026-09-27T00:02:22.458	TEL,1770,S4,132070722,2001,44543                               
2026-09-27T00:02:22.458	TEL,1771,S4,132080722,2001,44543                               
2026-09-27T00:02:22.458	TEL,1772,S4,132090722,2001,44543                               
2026-09-27T00:02:22.458	TEL,1773,S4,132100722,2001,44543                               
2026-09-27T00:02:22.458	TEL,1774,S4,132110722,2001,44543                               
2026-09-27T00:02:22.458	TEL,1775,S4,132120722,2001,44543                               
2026-09-27T00:02:22.458	TEL,1776,S4,132130722,2001,44543                               
2026-09-27T00:02:22.458	TEL,1777,S4,132140722,2001,44543                               
2026-09-27T00:02:22.458	TEL,1778,S4,132150722,2001,44543                               
2026-09-27T00:02:22.458	TEL,1779,S4,132160722,2001,44543                               
2026-09-27T00:02:23.080	TEL,1780,S4,132170722,2001,44543                               
2026-09-27T00:02:23.080	TEL,1781,S4,132180722,2001,44543                               
2026-09-27T00:02:23.080	TEL,1782,S4,132190722,2001,44543                               
2026-09-27T00:02:23.080	TEL,1783,S4,132200722,2001,44543                               
2026-09-27T00:02:23.080	TEL,1784,S4,132210722,2001,44543                               
2026-09-27T00:02:23.080	TEL,1785,S4,132220722,2001,44543                               
2026-09-27T00:02:23.080	TEL,1786,S4,132230722,2001,44543                               
2026-09-27T00:02:23.080	TEL,1787,S4,132240722,2001,44543                               
2026-09-27T00:02:23.080	TEL,1788,S4,132250722,2001,44543                               
2026-09-27T00:02:23.080	TEL,1789,S4,132260722,2001,44543                               
2026-09-27T00:02:23.080	TEL,1790,S4,132270722,2001,44543                               
2026-09-27T00:02:23.080	TEL,1791,S4,132280722,2001,44543                               
2026-09-27T00:02:23.080	TEL,1792,S4,132290722,2001,44543                               
2026-09-27T00:02:23.080	TEL,1793,S4,132300722,2001,44543                               
2026-09-27T00:02:23.080	TEL,1794,S4,132310722,2001,44543                               
2026-09-27T00:02:23.080	TEL,1795,S4,132320722,2001,44543                               
2026-09-27T00:02:23.080	TEL,1796,S4,132330722,2001,44543                               
2026-09-27T00:02:23.080	TEL,1797,S4,132340722,2001,44543                               
2026-09-27T00:02:23.080	TEL,1798,S4,132350722,2001,44543                               
2026-09-27T00:02:23.080	TEL,1799,S4,132360722,2001,44543                               
2026-09-27T00:02:23.080	TEL,1800,S4,132370722,2001,44543                               
2026-09-27T00:02:23.080	TEL,1801,S4,132380722,2001,44543                               
2026-09-27T00:02:23.080	TEL,1802,S4,132390722,2001,44543                               
2026-09-27T00:02:23.080	TEL,1803,S4,132400722,2001,44543                               
2026-09-27T00:02:23.080	TEL,1804,S4,132410722,2001,44543                               
2026-09-27T00:02:23.080	TEL,1805,S4,132420722,2001,44543                               
2026-09-27T00:02:23.080	TEL,1806,S4,132430722,2001,44543                               
2026-09-27T00:02:23.080	TEL,1807,S4,132440722,2001,44543                               
2026-09-27T00:02:23.080	TEL,1808,S4,132450722,2001,44543                               
2026-09-27T00:02:23.080	TEL,1809,S4,132460722,2001,44543                               
2026-09-27T00:02:23.080	TEL,1810,S4,132470722,2001,44543                               
2026-09-27T00:02:23.080	TEL,1811,S4,132480722,2001,44543                               
2026-09-27T00:02:23.080	TEL,1812,S4,132490722,2001,44543                               
2026-09-27T00:02:23.080	TEL,1813,S4,132500722,2001,44543                               
2026-09-27T00:02:23.080	TEL,1814,S4,132510722,2001,44543                               
2026-09-27T00:02:23.080	TEL,1815,S4,132520722,2001,44543                               
2026-09-27T00:02:23.080	TEL,1816,S4,132530722,2001,44543                               
2026-09-27T00:02:23.080	TEL,1817,S4,132540722,2001,44543                               
2026-09-27T00:02:23.080	TEL,1818,S4,132550722,2001,44543                               
2026-09-27T00:02:23.080	TEL,1819,S4,132560722,2001,44543                               
2026-09-27T00:02:23.080	TEL,1820,S4,132570722,2001,44543                               
2026-09-27T00:02:23.080	TEL,1821,S4,132580722,2001,44543                               
2026-09-27T00:02:23.080	TEL,1822,S4,132590722,2001,44543                               
2026-09-27T00:02:23.080	TEL,1823,S4,132600722,2001,44543                               
2026-09-27T00:02:23.080	TEL,1824,S4,132610722,2001,44543                               
2026-09-27T00:02:23.080	TEL,1825,S4,132620722,2001,44543                               
2026-09-27T00:02:23.080	TEL,1826,S4,132630722,2001,44543                               
2026-09-27T00:02:23.080	TEL,1827,S4,132640722,2001,44543                               
2026-09-27T00:02:23.080	TEL,1828,S4,132650722,2001,44543                               
2026-09-27T00:02:23.080	TEL,1829,S4,132660722,2001,44543                               
2026-09-27T00:02:23.080	TEL,1830,S4,132670722,2001,44543                               
2026-09-27T00:02:23.080	TEL,1831,S4,132680722,2001,44543                               
2026-09-27T00:02:23.080	TEL,1832,S4,132690722,2001,44543                               
2026-09-27T00:02:23.080	TEL,1833,S4,132700722,2001,44543                               
2026-09-27T00:02:23.080	TEL,1834,S4,132710722,2001,44543                               
2026-09-27T00:02:23.080	TEL,1835,S4,132720722,2001,44543                               
2026-09-27T00:02:23.080	TEL,1836,S4,132730722,2001,44543                               
2026-09-27T00:02:23.080	TEL,1837,S4,132740722,2001,44543                               
2026-09-27T00:02:23.080	TEL,1838,S4,132750722,2001,44543                               
2026-09-27T00:02:23.080	TEL,1839,S4,132760722,2001,44543                               
2026-09-27T00:02:23.080	TEL,1840,S4,132770722,2001,44543                               
2026-09-27T00:02:23.080	TEL,1841,S4,132780722,2001,44543                               
2026-09-27T00:02:23.696	TEL,1842,S4,132790722,2001,44543                               
2026-09-27T00:02:23.696	TEL,1843,S4,132800722,2001,44543                               
2026-09-27T00:02:23.696	TEL,1844,S4,132810722,2001,44543                               
2026-09-27T00:02:23.696	TEL,1845,S4,132820722,2001,44543                               
2026-09-27T00:02:23.696	TEL,1846,S4,132830722,2001,44543                               
2026-09-27T00:02:23.696	TEL,1847,S4,132840722,2001,44543                               
2026-09-27T00:02:23.696	TEL,1848,S4,132850722,2001,44543                               
2026-09-27T00:02:23.696	TEL,1849,S4,132860722,2001,44543                               
2026-09-27T00:02:23.696	TEL,1850,S4,132870722,2001,44543                               
2026-09-27T00:02:23.696	TEL,1851,S4,132880722,2001,44543                               
2026-09-27T00:02:23.696	TEL,1852,S4,132890722,2001,44543                               
2026-09-27T00:02:23.696	TEL,1853,S4,132900722,2001,44543                               
2026-09-27T00:02:23.696	TEL,1854,S4,132910722,2001,44543                               
2026-09-27T00:02:23.696	TEL,1855,S4,132920722,2001,44543                               
2026-09-27T00:02:23.696	TEL,1856,S4,132930722,2001,44543                               
2026-09-27T00:02:23.696	TEL,1857,S4,132940722,2001,44543                               
2026-09-27T00:02:23.696	TEL,1858,S4,132950722,2001,44543                               
2026-09-27T00:02:23.696	TEL,1859,S4,132960722,2001,44543                               
2026-09-27T00:02:23.696	TEL,1860,S4,132970722,2001,44543                               
2026-09-27T00:02:23.696	TEL,1861,S4,132980722,2001,44543                               
2026-09-27T00:02:23.696	TEL,1862,S4,132990722,2001,44543                               
2026-09-27T00:02:23.696	TEL,1863,S4,133000722,2001,44543                               
2026-09-27T00:02:23.696	TEL,1864,S4,133010722,2001,44543                               
2026-09-27T00:02:23.696	TEL,1865,S4,133020722,2001,44543                               
2026-09-27T00:02:23.696	TEL,1866,S4,133030722,2001,44543                               
2026-09-27T00:02:23.696	TEL,1867,S4,133040722,2001,44543                               
2026-09-27T00:02:23.696	TEL,1868,S4,133050722,2001,44543                               
2026-09-27T00:02:23.696	TEL,1869,S4,133060722,2001,44543                               
2026-09-27T00:02:23.696	TEL,1870,S4,133070722,2001,44543                               
2026-09-27T00:02:23.696	TEL,1871,S4,133080722,2001,44543                               
2026-09-27T00:02:23.696	TEL,1872,S4,133090722,2001,44543                               
2026-09-27T00:02:23.696	TEL,1873,S4,133100722,2001,44543                               
2026-09-27T00:02:23.696	TEL,1874,S4,133110722,2001,44543                               
2026-09-27T00:02:23.696	TEL,1875,S4,133120722,2001,44543                               
2026-09-27T00:02:23.696	TEL,1876,S4,133130722,2001,44543                               
2026-09-27T00:02:23.696	TEL,1877,S4,133140722,2001,44543                               
2026-09-27T00:02:23.696	TEL,1878,S4,133150722,2001,44543                               
2026-09-27T00:02:23.696	TEL,1879,S4,133160722,2001,44543                               
2026-09-27T00:02:23.696	TEL,1880,S4,133170722,2001,44543                               
2026-09-27T00:02:23.696	TEL,1881,S4,133180722,2001,44543                               
2026-09-27T00:02:23.696	TEL,1882,S4,133190722,2001,44543                               
2026-09-27T00:02:23.696	TEL,1883,S4,133200722,2001,44543                               
2026-09-27T00:02:23.696	TEL,1884,S4,133210722,2001,44543                               
2026-09-27T00:02:23.696	TEL,1885,S4,133220722,2001,44543                               
2026-09-27T00:02:23.696	TEL,1886,S4,133230722,2001,44543                               
2026-09-27T00:02:23.696	TEL,1887,S4,133240722,2001,44543                               
2026-09-27T00:02:23.696	TEL,1888,S4,133250722,2001,44543                               
2026-09-27T00:02:23.696	TEL,1889,S4,133260722,2001,44543                               
2026-09-27T00:02:23.696	TEL,1890,S4,133270722,2001,44543                               
2026-09-27T00:02:23.696	TEL,1891,S4,133280722,2001,44543                               
2026-09-27T00:02:23.696	TEL,1892,S4,133290722,2001,44543                               
2026-09-27T00:02:23.696	TEL,1893,S4,133300722,2001,44543                               
2026-09-27T00:02:23.696	TEL,1894,S4,133310722,2001,44543                               
2026-09-27T00:02:23.696	TEL,1895,S4,133320722,2001,44543                               
2026-09-27T00:02:23.696	TEL,1896,S4,133330722,2001,44543                               
2026-09-27T00:02:23.696	TEL,1897,S4,133340722,2001,44543                               
2026-09-27T00:02:23.696	TEL,1898,S4,133350722,2001,44543                               
2026-09-27T00:02:23.696	TEL,1899,S4,133360722,2001,44543                               
2026-09-27T00:02:23.696	TEL,1900,S4,133370722,2001,44543                               
2026-09-27T00:02:23.696	TEL,1901,S4,133380722,2001,44543                               
2026-09-27T00:02:23.696	TEL,1902,S4,133390722,2001,44543                               
2026-09-27T00:02:23.696	TEL,1903,S4,133400722,2001,44543                               
2026-09-27T00:02:24.316	TEL,1904,S4,133410722,2001,44543                               
2026-09-27T00:02:24.316	TEL,1905,S4,133420722,2001,44543                               
2026-09-27T00:02:24.316	TEL,1906,S4,133430722,2001,44543                               
2026-09-27T00:02:24.316	TEL,1907,S4,133440722,2001,44543                               
2026-09-27T00:02:24.316	TEL,1908,S4,133450722,2001,44543                               
2026-09-27T00:02:24.316	TEL,1909,S4,133460722,2001,44543                               
2026-09-27T00:02:24.316	TEL,1910,S4,133470722,2001,44543                               
2026-09-27T00:02:24.316	TEL,1911,S4,133480722,2001,44543                               
2026-09-27T00:02:24.316	TEL,1912,S4,133490722,2001,44543                               
2026-09-27T00:02:24.316	TEL,1913,S4,133500722,2001,44543                               
2026-09-27T00:02:24.316	TEL,1914,S4,133510722,2001,44543                               
2026-09-27T00:02:24.316	TEL,1915,S4,133520722,2001,44543                               
2026-09-27T00:02:24.316	TEL,1916,S4,133530722,2001,44543                               
2026-09-27T00:02:24.316	TEL,1917,S4,133540722,2001,44543                               
2026-09-27T00:02:24.316	TEL,1918,S4,133550722,2001,44543                               
2026-09-27T00:02:24.316	TEL,1919,S4,133560722,2001,44543                               
2026-09-27T00:02:24.316	TEL,1920,S4,133570722,2001,44543                               
2026-09-27T00:02:24.316	TEL,1921,S4,133580722,2001,44543                               
2026-09-27T00:02:24.316	TEL,1922,S4,133590722,2001,44543                               
2026-09-27T00:02:24.316	TEL,1923,S4,133600722,2001,44543                               
2026-09-27T00:02:24.316	TEL,1924,S4,133610722,2001,44543                               
2026-09-27T00:02:24.316	TEL,1925,S4,133620722,2001,44543                               
2026-09-27T00:02:24.316	TEL,1926,S4,133630722,2001,44543                               
2026-09-27T00:02:24.316	TEL,1927,S4,133640722,2001,44543                               
2026-09-27T00:02:24.316	TEL,1928,S4,133650722,2001,44543                               
2026-09-27T00:02:24.316	TEL,1929,S4,133660722,2001,44543                               
2026-09-27T00:02:24.316	TEL,1930,S4,133670722,2001,44543                               
2026-09-27T00:02:24.316	TEL,1931,S4,133680722,2001,44543                               
2026-09-27T00:02:24.316	TEL,1932,S4,133690722,2001,44543                               
2026-09-27T00:02:24.316	TEL,1933,S4,133700722,2001,44543                               
2026-09-27T00:02:24.316	TEL,1934,S4,133710722,2001,44543                               
2026-09-27T00:02:24.316	TEL,1935,S4,133720722,2001,44543                               
2026-09-27T00:02:24.316	TEL,1936,S4,133730722,2001,44543                               
2026-09-27T00:02:24.316	TEL,1937,S4,133740722,2001,44543                               
2026-09-27T00:02:24.316	TEL,1938,S4,133750722,2001,44543                               
2026-09-27T00:02:24.316	TEL,1939,S4,133760722,2001,44543                               
2026-09-27T00:02:24.316	TEL,1940,S4,133770722,2001,44543                               
2026-09-27T00:02:24.316	TEL,1941,S4,133780722,2001,44543                               
2026-09-27T00:02:24.316	TEL,1942,S4,133790722,2001,44543                               
2026-09-27T00:02:24.320	TEL,1943,S4,133800722,2001,44543                               
2026-09-27T00:02:24.320	TEL,1944,S4,133810722,2001,44543                               
2026-09-27T00:02:24.320	TEL,1945,S4,133820722,2001,44543                               
2026-09-27T00:02:24.320	TEL,1946,S4,133830722,2001,44543                               
2026-09-27T00:02:24.320	TEL,1947,S4,133840722,2001,44543                               
2026-09-27T00:02:24.320	TEL,1948,S4,133850722,2001,44543                               
2026-09-27T00:02:24.320	TEL,1949,S4,133860722,2001,44543                               
2026-09-27T00:02:24.320	TEL,1950,S4,133870722,2001,44543                               
2026-09-27T00:02:24.320	TEL,1951,S4,133880722,2001,44543                               
2026-09-27T00:02:24.320	TEL,1952,S4,133890722,2001,44543                               
2026-09-27T00:02:24.320	TEL,1953,S4,133900722,2001,44543                               
2026-09-27T00:02:24.320	TEL,1954,S4,133910722,2001,44543                               
2026-09-27T00:02:24.320	TEL,1955,S4,133920722,2001,44543                               
2026-09-27T00:02:24.320	TEL,1956,S4,133930722,2001,44543                               
2026-09-27T00:02:24.320	TEL,1957,S4,133940722,2001,44543                               
2026-09-27T00:02:24.320	TEL,1958,S4,133950722,2001,44543                               
2026-09-27T00:02:24.320	TEL,1959,S4,133960722,2001,44543                               
2026-09-27T00:02:24.320	TEL,1960,S4,133970722,2001,44543                               
2026-09-27T00:02:24.320	TEL,1961,S4,133980722,2001,44543                               
2026-09-27T00:02:24.320	TEL,1962,S4,133990722,2001,44543                               
2026-09-27T00:02:24.320	TEL,1963,S4,134000722,2001,44543                               
2026-09-27T00:02:24.320	TEL,1964,S4,134010722,2001,44543                               
2026-09-27T00:02:24.320	TEL,1965,S4,134020722,2001,44543                               
2026-09-27T00:02:24.927	TEL,1966,S4,134030722,2001,44543                               
2026-09-27T00:02:24.927	TEL,1967,S4,134040722,2001,44543                               
2026-09-27T00:02:24.927	TEL,1968,S4,134050722,2001,44543                               
2026-09-27T00:02:24.927	TEL,1969,S4,134060722,2002,44543                               
2026-09-27T00:02:24.927	TEL,1970,S4,134070722,2001,44543                               
2026-09-27T00:02:24.927	TEL,1971,S4,134080722,2001,44543                               
2026-09-27T00:02:24.927	TEL,1972,S4,134090722,2001,44543                               
2026-09-27T00:02:24.927	TEL,1973,S4,134100722,2001,44543                               
2026-09-27T00:02:24.927	TEL,1974,S4,134110722,2001,44543                               
2026-09-27T00:02:24.927	TEL,1975,S4,134120722,2001,44543                               
2026-09-27T00:02:24.927	TEL,1976,S4,134130722,2001,44543                               
2026-09-27T00:02:24.927	TEL,1977,S4,134140722,2001,44543                               
2026-09-27T00:02:24.927	TEL,1978,S4,134150722,2001,44543                               
2026-09-27T00:02:24.927	TEL,1979,S4,134160722,2001,44543                               
2026-09-27T00:02:24.927	TEL,1980,S4,134170722,2001,44543                               
2026-09-27T00:02:24.927	TEL,1981,S4,134180722,2001,44543                               
2026-09-27T00:02:24.927	TEL,1982,S4,134190722,2001,44543                               
2026-09-27T00:02:24.927	TEL,1983,S4,134200722,2001,44543                               
2026-09-27T00:02:24.927	TEL,1984,S4,134210722,2001,44543                               
2026-09-27T00:02:24.927	TEL,1985,S4,134220722,2001,44543                               
2026-09-27T00:02:24.927	TEL,1986,S4,134230722,2001,44543                               
2026-09-27T00:02:24.927	TEL,1987,S4,134240722,2001,44543                               
2026-09-27T00:02:24.927	TEL,1988,S4,134250722,2001,44543                               
2026-09-27T00:02:24.927	TEL,1989,S4,134260722,2001,44543                               
2026-09-27T00:02:24.927	TEL,1990,S4,134270722,2001,44543                               
2026-09-27T00:02:24.927	TEL,1991,S4,134280722,2001,44543                               
2026-09-27T00:02:24.927	TEL,1992,S4,134290722,2001,44543                               
2026-09-27T00:02:24.927	TEL,1993,S4,134300722,2001,44543                               
2026-09-27T00:02:24.927	TEL,1994,S4,134310722,2001,44543                               
2026-09-27T00:02:24.927	TEL,1995,S4,134320722,2001,44543                               
2026-09-27T00:02:24.927	TEL,1996,S4,134330722,2001,44543                               
2026-09-27T00:02:24.927	TEL,1997,S4,134340722,2001,44543                               
2026-09-27T00:02:24.927	TEL,1998,S4,134350722,2001,44543                               
2026-09-27T00:02:24.927	TEL,1999,S4,134360722,2001,44543                               
2026-09-27T00:02:24.927	TEL,2000,S4,134370722,2001,44543                               
2026-09-27T00:02:24.927	TEL,2001,S4,134380722,2001,44543                               
2026-09-27T00:02:24.927	TEL,2002,S4,134390722,2001,44543                               
2026-09-27T00:02:24.927	BTN,19,S4,PRESSED                                              
2026-09-27T00:02:24.927	TEL,2003,S4,134400723,2002,44543                               
2026-09-27T00:02:24.927	TEL,2004,S4,134410727,2007,44543                               
2026-09-27T00:02:24.927	TEL,2005,S4,134420722,2001,44543                               
2026-09-27T00:02:24.927	TEL,2006,S4,134430722,2001,44543                               
2026-09-27T00:02:24.927	TEL,2007,S4,134440722,2001,44543                               
2026-09-27T00:02:24.927	TEL,2008,S4,134450722,2001,44543                               
2026-09-27T00:02:24.927	TEL,2009,S4,134460722,2001,44543                               
2026-09-27T00:02:24.927	TEL,2010,S4,134470722,2001,44543                               
2026-09-27T00:02:24.927	TEL,2011,S4,134480722,2001,44543                               
2026-09-27T00:02:24.927	TEL,2012,S4,134490722,2001,44543                               
2026-09-27T00:02:24.927	TEL,2013,S4,134500722,2001,44543                               
2026-09-27T00:02:24.927	TEL,2014,S4,134510722,2001,44543                               
2026-09-27T00:02:24.927	TEL,2015,S4,134520722,2001,44543                               
2026-09-27T00:02:24.927	TEL,2016,S4,134530722,2001,44543                               
2026-09-27T00:02:24.927	TEL,2017,S4,134540722,2001,44543                               
2026-09-27T00:02:24.927	TEL,2018,S4,134550722,2001,44543                               
2026-09-27T00:02:24.927	TEL,2019,S4,134560722,2001,44543                               
2026-09-27T00:02:24.927	TEL,2020,S4,134570722,2001,44543                               
2026-09-27T00:02:24.927	TEL,2021,S4,134580722,2001,44543                               
2026-09-27T00:02:24.927	TEL,2022,S4,134590722,2001,44543                               
2026-09-27T00:02:24.927	TEL,2023,S4,134600722,2001,44543                               
2026-09-27T00:02:24.927	TEL,2024,S4,134610722,2001,44543                               
2026-09-27T00:02:24.927	TEL,2025,S4,134620722,2001,44543                               
2026-09-27T00:02:24.927	TEL,2026,S4,134630722,2001,44543                               
2026-09-27T00:02:25.547	TEL,2027,S4,134640722,2001,44543                               
2026-09-27T00:02:25.547	TEL,2028,S4,134650722,2001,44543                               
2026-09-27T00:02:25.547	TEL,2029,S4,134660722,2001,44543                               
2026-09-27T00:02:25.547	TEL,2030,S4,134670722,2001,44543                               
2026-09-27T00:02:25.547	TEL,2031,S4,134680722,2001,44543                               
2026-09-27T00:02:25.547	TEL,2032,S4,134690722,2001,44543                               
2026-09-27T00:02:25.547	TEL,2033,S4,134700722,2001,44543                               
2026-09-27T00:02:25.547	TEL,2034,S4,134710722,2001,44543                               
2026-09-27T00:02:25.547	TEL,2035,S4,134720722,2001,44543                               
2026-09-27T00:02:25.547	TEL,2036,S4,134730722,2001,44543                               
2026-09-27T00:02:25.547	TEL,2037,S4,134740722,2001,44543                               
2026-09-27T00:02:25.547	TEL,2038,S4,134750722,2001,44543                               
2026-09-27T00:02:25.547	TEL,2039,S4,134760722,2001,44543                               
2026-09-27T00:02:25.547	TEL,2040,S4,134770722,2001,44543                               
2026-09-27T00:02:25.547	TEL,2041,S4,134780722,2001,44543                               
2026-09-27T00:02:25.547	TEL,2042,S4,134790722,2001,44543                               
2026-09-27T00:02:25.547	TEL,2043,S4,134800722,2001,44543                               
2026-09-27T00:02:25.547	TEL,2044,S4,134810722,2001,44543                               
2026-09-27T00:02:25.547	TEL,2045,S4,134820722,2001,44543                               
2026-09-27T00:02:25.547	TEL,2046,S4,134830722,2001,44543                               
2026-09-27T00:02:25.547	TEL,2047,S4,134840722,2001,44543                               
2026-09-27T00:02:25.547	TEL,2048,S4,134850722,2001,44543                               
2026-09-27T00:02:25.547	TEL,2049,S4,134860722,2001,44543                               
2026-09-27T00:02:25.547	TEL,2050,S4,134870722,2001,44543                               
2026-09-27T00:02:25.547	TEL,2051,S4,134880722,2001,44543                               
2026-09-27T00:02:25.547	TEL,2052,S4,134890722,2001,44543                               
2026-09-27T00:02:25.547	TEL,2053,S4,134900722,2001,44543                               
2026-09-27T00:02:25.547	TEL,2054,S4,134910722,2001,44543                               
2026-09-27T00:02:25.547	TEL,2055,S4,134920722,2001,44543                               
2026-09-27T00:02:25.547	TEL,2056,S4,134930722,2001,44543                               
2026-09-27T00:02:25.547	TEL,2057,S4,134940722,2001,44543                               
2026-09-27T00:02:25.547	TEL,2058,S4,134950722,2001,44543                               
2026-09-27T00:02:25.547	TEL,2059,S4,134960722,2001,44543                               
2026-09-27T00:02:25.547	TEL,2060,S4,134970722,2001,44543                               
2026-09-27T00:02:25.547	TEL,2061,S4,134980722,2001,44543                               
2026-09-27T00:02:25.547	TEL,2062,S4,134990722,2001,44543                               
2026-09-27T00:02:25.547	TEL,2063,S4,135000722,2001,44543                               
2026-09-27T00:02:25.547	TEL,2064,S4,135010722,2001,44543                               
2026-09-27T00:02:25.547	TEL,2065,S4,135020722,2001,44543                               
2026-09-27T00:02:25.547	TEL,2066,S4,135030722,2001,44543                               
2026-09-27T00:02:25.547	TEL,2067,S4,135040722,2001,44543                               
2026-09-27T00:02:25.547	TEL,2068,S4,135050722,2001,44543                               
2026-09-27T00:02:25.547	TEL,2069,S4,135060722,2001,44543                               
2026-09-27T00:02:25.547	TEL,2070,S4,135070722,2001,44543                               
2026-09-27T00:02:25.547	TEL,2071,S4,135080722,2001,44543                               
2026-09-27T00:02:25.547	TEL,2072,S4,135090722,2001,44543                               
2026-09-27T00:02:25.547	TEL,2073,S4,135100722,2001,44543                               
2026-09-27T00:02:25.547	TEL,2074,S4,135110722,2001,44543                               
2026-09-27T00:02:25.547	TEL,2075,S4,135120722,2001,44543                               
2026-09-27T00:02:25.547	TEL,2076,S4,135130722,2001,44543                               
2026-09-27T00:02:25.547	TEL,2077,S4,135140722,2001,44543                               
2026-09-27T00:02:25.547	TEL,2078,S4,135150722,2001,44543                               
2026-09-27T00:02:25.547	TEL,2079,S4,135160722,2001,44543                               
2026-09-27T00:02:25.547	TEL,2080,S4,135170722,2001,44543                               
2026-09-27T00:02:25.547	TEL,2081,S4,135180722,2001,44543                               
2026-09-27T00:02:25.547	TEL,2082,S4,135190722,2001,44543                               
2026-09-27T00:02:25.547	TEL,2083,S4,135200722,2001,44543                               
2026-09-27T00:02:25.547	TEL,2084,S4,135210722,2001,44543                               
2026-09-27T00:02:25.547	TEL,2085,S4,135220722,2001,44543                               
2026-09-27T00:02:25.547	TEL,2086,S4,135230722,2001,44543                               
2026-09-27T00:02:25.547	TEL,2087,S4,135240722,2001,44543                               
2026-09-27T00:02:25.547	TEL,2088,S4,135250722,2001,44543                               
2026-09-27T00:02:26.158	TEL,2089,S4,135260722,2001,44543                               
2026-09-27T00:02:26.158	TEL,2090,S4,135270722,2001,44543                               
2026-09-27T00:02:26.158	TEL,2091,S4,135280722,2001,44543                               
2026-09-27T00:02:26.158	TEL,2092,S4,135290722,2001,44543                               
2026-09-27T00:02:26.158	TEL,2093,S4,135300722,2001,44543                               
2026-09-27T00:02:26.158	TEL,2094,S4,135310722,2001,44543                               
2026-09-27T00:02:26.158	TEL,2095,S4,135320722,2001,44543                               
2026-09-27T00:02:26.158	TEL,2096,S4,135330722,2001,44543                               
2026-09-27T00:02:26.158	TEL,2097,S4,135340722,2001,44543                               
2026-09-27T00:02:26.158	TEL,2098,S4,135350722,2001,44543                               
2026-09-27T00:02:26.158	TEL,2099,S4,135360722,2001,44543                               
2026-09-27T00:02:26.158	TEL,2100,S4,135370722,2001,44543                               
2026-09-27T00:02:26.158	TEL,2101,S4,135380722,2001,44543                               
2026-09-27T00:02:26.158	TEL,2102,S4,135390722,2001,44543                               
2026-09-27T00:02:26.158	TEL,2103,S4,135400722,2001,44543                               
2026-09-27T00:02:26.158	TEL,2104,S4,135410722,2001,44543                               
2026-09-27T00:02:26.158	TEL,2105,S4,135420722,2001,44543                               
2026-09-27T00:02:26.158	TEL,2106,S4,135430722,2001,44543                               
2026-09-27T00:02:26.158	TEL,2107,S4,135440722,2001,44543                               
2026-09-27T00:02:26.158	TEL,2108,S4,135450722,2001,44543                               
2026-09-27T00:02:26.158	TEL,2109,S4,135460722,2001,44543                               
2026-09-27T00:02:26.158	BTN,20,S4,PRESSED                                              
2026-09-27T00:02:26.158	TEL,2110,S4,135470724,2003,44543                               
2026-09-27T00:02:26.158	TEL,2111,S4,135480722,2001,44543                               
2026-09-27T00:02:26.158	TEL,2112,S4,135490722,2001,44543                               
2026-09-27T00:02:26.158	TEL,2113,S4,135500722,2001,44543                               
2026-09-27T00:02:26.158	TEL,2114,S4,135510722,2001,44543                               
2026-09-27T00:02:26.158	TEL,2115,S4,135520722,2001,44543                               
2026-09-27T00:02:26.158	TEL,2116,S4,135530722,2001,44543                               
2026-09-27T00:02:26.158	TEL,2117,S4,135540722,2001,44543                               
2026-09-27T00:02:26.158	TEL,2118,S4,135550722,2001,44543                               
2026-09-27T00:02:26.158	TEL,2119,S4,135560722,2001,44543                               
2026-09-27T00:02:26.158	TEL,2120,S4,135570722,2001,44543                               
2026-09-27T00:02:26.158	TEL,2121,S4,135580722,2001,44543                               
2026-09-27T00:02:26.158	TEL,2122,S4,135590722,2001,44543                               
2026-09-27T00:02:26.158	TEL,2123,S4,135600722,2001,44543                               
2026-09-27T00:02:26.158	TEL,2124,S4,135610722,2001,44543                               
2026-09-27T00:02:26.158	TEL,2125,S4,135620722,2001,44543                               
2026-09-27T00:02:26.158	TEL,2126,S4,135630722,2001,44543                               
2026-09-27T00:02:26.158	TEL,2127,S4,135640722,2001,44543                               
2026-09-27T00:02:26.158	TEL,2128,S4,135650722,2001,44543                               
2026-09-27T00:02:26.158	TEL,2129,S4,135660722,2001,44543                               
2026-09-27T00:02:26.158	TEL,2130,S4,135670722,2001,44543                               
2026-09-27T00:02:26.158	TEL,2131,S4,135680722,2001,44543                               
2026-09-27T00:02:26.158	TEL,2132,S4,135690722,2001,44543                               
2026-09-27T00:02:26.158	TEL,2133,S4,135700722,2001,44543                               
2026-09-27T00:02:26.158	TEL,2134,S4,135710722,2001,44543                               
2026-09-27T00:02:26.158	TEL,2135,S4,135720722,2001,44543                               
2026-09-27T00:02:26.158	TEL,2136,S4,135730722,2001,44543                               
2026-09-27T00:02:26.158	TEL,2137,S4,135740722,2001,44543                               
2026-09-27T00:02:26.158	TEL,2138,S4,135750722,2001,44543                               
2026-09-27T00:02:26.158	TEL,2139,S4,135760722,2002,44543                               
2026-09-27T00:02:26.158	TEL,2140,S4,135770722,2001,44543                               
2026-09-27T00:02:26.158	TEL,2141,S4,135780722,2001,44543                               
2026-09-27T00:02:26.158	TEL,2142,S4,135790722,2001,44543                               
2026-09-27T00:02:26.158	TEL,2143,S4,135800722,2001,44543                               
2026-09-27T00:02:26.158	TEL,2144,S4,135810722,2001,44543                               
2026-09-27T00:02:26.158	TEL,2145,S4,135820722,2001,44543                               
2026-09-27T00:02:26.158	TEL,2146,S4,135830722,2001,44543                               
2026-09-27T00:02:26.158	TEL,2147,S4,135840722,2001,44543                               
2026-09-27T00:02:26.158	TEL,2148,S4,135850722,2001,44543                               
2026-09-27T00:02:26.158	TEL,2149,S4,135860722,2001,44543                               
2026-09-27T00:02:26.763	TEL,2150,S4,135870722,2001,44543                               
2026-09-27T00:02:26.763	TEL,2151,S4,135880722,2001,44543                               
2026-09-27T00:02:26.763	TEL,2152,S4,135890722,2001,44543                               
2026-09-27T00:02:26.763	TEL,2153,S4,135900722,2001,44543                               
2026-09-27T00:02:26.763	TEL,2154,S4,135910722,2001,44543                               
2026-09-27T00:02:26.763	TEL,2155,S4,135920722,2001,44543                               
2026-09-27T00:02:26.763	TEL,2156,S4,135930722,2001,44543                               
2026-09-27T00:02:26.763	TEL,2157,S4,135940722,2001,44543                               
2026-09-27T00:02:26.763	BTN,21,S4,PRESSED                                              
2026-09-27T00:02:26.763	TEL,2158,S4,135950724,2003,44543                               
2026-09-27T00:02:26.763	TEL,2159,S4,135960722,2001,44543                               
2026-09-27T00:02:26.763	TEL,2160,S4,135970722,2001,44543                               
2026-09-27T00:02:26.763	TEL,2161,S4,135980722,2001,44543                               
2026-09-27T00:02:26.763	TEL,2162,S4,135990722,2001,44543                               
2026-09-27T00:02:26.763	TEL,2163,S4,136000722,2001,44543                               
2026-09-27T00:02:26.763	TEL,2164,S4,136010722,2001,44543                               
2026-09-27T00:02:26.763	TEL,2165,S4,136020722,2001,44543                               
2026-09-27T00:02:26.763	TEL,2166,S4,136030722,2001,44543                               
2026-09-27T00:02:26.763	TEL,2167,S4,136040722,2001,44543                               
2026-09-27T00:02:26.763	TEL,2168,S4,136050722,2001,44543                               
2026-09-27T00:02:26.763	TEL,2169,S4,136060722,2001,44543                               
2026-09-27T00:02:26.770	TEL,2170,S4,136070722,2001,44543                               
2026-09-27T00:02:26.770	TEL,2171,S4,136080722,2001,44543                               
2026-09-27T00:02:26.770	TEL,2172,S4,136090722,2001,44543                               
2026-09-27T00:02:26.770	TEL,2173,S4,136100722,2001,44543                               
2026-09-27T00:02:26.770	TEL,2174,S4,136110722,2001,44543                               
2026-09-27T00:02:26.770	TEL,2175,S4,136120722,2001,44543                               
2026-09-27T00:02:26.770	TEL,2176,S4,136130722,2001,44543                               
2026-09-27T00:02:26.770	TEL,2177,S4,136140722,2001,44543                               
2026-09-27T00:02:26.770	TEL,2178,S4,136150722,2001,44543                               
2026-09-27T00:02:26.770	TEL,2179,S4,136160722,2001,44543                               
2026-09-27T00:02:26.770	TEL,2180,S4,136170722,2001,44543                               
2026-09-27T00:02:26.770	TEL,2181,S4,136180722,2001,44543                               
2026-09-27T00:02:26.770	TEL,2182,S4,136190722,2001,44543                               
2026-09-27T00:02:26.770	TEL,2183,S4,136200722,2001,44543                               
2026-09-27T00:02:26.770	TEL,2184,S4,136210722,2001,44543                               
2026-09-27T00:02:26.770	TEL,2185,S4,136220722,2001,44543                               
2026-09-27T00:02:26.770	TEL,2186,S4,136230722,2001,44543                               
2026-09-27T00:02:26.770	TEL,2187,S4,136240722,2001,44543                               
2026-09-27T00:02:26.770	TEL,2188,S4,136250722,2001,44543                               
2026-09-27T00:02:26.770	TEL,2189,S4,136260722,2001,44543                               
2026-09-27T00:02:26.770	TEL,2190,S4,136270722,2001,44543                               
2026-09-27T00:02:26.770	TEL,2191,S4,136280722,2001,44543                               
2026-09-27T00:02:26.770	TEL,2192,S4,136290722,2001,44543                               
2026-09-27T00:02:26.770	TEL,2193,S4,136300722,2001,44543                               
2026-09-27T00:02:26.770	TEL,2194,S4,136310722,2001,44543                               
2026-09-27T00:02:26.770	TEL,2195,S4,136320722,2001,44543                               
2026-09-27T00:02:26.770	TEL,2196,S4,136330722,2001,44543                               
2026-09-27T00:02:26.770	TEL,2197,S4,136340722,2001,44543                               
2026-09-27T00:02:26.770	TEL,2198,S4,136350722,2001,44543                               
2026-09-27T00:02:26.770	TEL,2199,S4,136360722,2001,44543                               
2026-09-27T00:02:26.770	TEL,2200,S4,136370722,2001,44543                               
2026-09-27T00:02:26.770	TEL,2201,S4,136380722,2001,44543                               
2026-09-27T00:02:26.770	TEL,2202,S4,136390722,2001,44543                               
2026-09-27T00:02:26.770	TEL,2203,S4,136400722,2001,44543                               
2026-09-27T00:02:26.770	TEL,2204,S4,136410722,2001,44543                               
2026-09-27T00:02:26.770	TEL,2205,S4,136420722,2001,44543                               
2026-09-27T00:02:26.770	TEL,2206,S4,136430722,2001,44543                               
2026-09-27T00:02:26.770	TEL,2207,S4,136440722,2001,44543                               
2026-09-27T00:02:26.770	TEL,2208,S4,136450722,2001,44543                               
2026-09-27T00:02:26.770	TEL,2209,S4,136460722,2001,44543                               
2026-09-27T00:02:26.770	TEL,2210,S4,136470722,2001,44543                               
2026-09-27T00:02:27.367	TEL,2211,S4,136480722,2001,44543                               
2026-09-27T00:02:27.367	TEL,2212,S4,136490722,2001,44543                               
2026-09-27T00:02:27.367	TEL,2213,S4,136500722,2001,44543                               
2026-09-27T00:02:27.367	TEL,2214,S4,136510722,2001,44543                               
2026-09-27T00:02:27.367	TEL,2215,S4,136520722,2001,44543                               
2026-09-27T00:02:27.367	TEL,2216,S4,136530722,2001,44543                               
2026-09-27T00:02:27.367	TEL,2217,S4,136540722,2001,44543                               
2026-09-27T00:02:27.367	TEL,2218,S4,136550722,2001,44543                               
2026-09-27T00:02:27.367	TEL,2219,S4,136560722,2001,44543                               
2026-09-27T00:02:27.367	TEL,2220,S4,136570722,2001,44543                               
2026-09-27T00:02:27.367	TEL,2221,S4,136580722,2001,44543                               
2026-09-27T00:02:27.367	TEL,2222,S4,136590722,2001,44543                               
2026-09-27T00:02:27.367	TEL,2223,S4,136600722,2001,44543                               
2026-09-27T00:02:27.367	TEL,2224,S4,136610727,2006,44543                               
2026-09-27T00:02:27.367	BTN,22,S4,PRESSED                                              
2026-09-27T00:02:27.367	TEL,2225,S4,136620724,2003,44543                               
2026-09-27T00:02:27.367	TEL,2226,S4,136630722,2001,44543                               
2026-09-27T00:02:27.367	TEL,2227,S4,136640722,2001,44543                               
2026-09-27T00:02:27.367	TEL,2228,S4,136650722,2001,44543                               
2026-09-27T00:02:27.367	TEL,2229,S4,136660722,2001,44543                               
2026-09-27T00:02:27.367	TEL,2230,S4,136670722,2001,44543                               
2026-09-27T00:02:27.367	TEL,2231,S4,136680722,2001,44543                               
2026-09-27T00:02:27.367	TEL,2232,S4,136690722,2001,44543                               
2026-09-27T00:02:27.367	TEL,2233,S4,136700722,2001,44543                               
2026-09-27T00:02:27.367	TEL,2234,S4,136710722,2001,44543                               
2026-09-27T00:02:27.367	TEL,2235,S4,136720722,2001,44543                               
2026-09-27T00:02:27.367	TEL,2236,S4,136730722,2001,44543                               
2026-09-27T00:02:27.367	TEL,2237,S4,136740722,2001,44543                               
2026-09-27T00:02:27.367	TEL,2238,S4,136750722,2001,44543                               
2026-09-27T00:02:27.367	TEL,2239,S4,136760722,2001,44543                               
2026-09-27T00:02:27.367	TEL,2240,S4,136770722,2001,44543                               
2026-09-27T00:02:27.367	TEL,2241,S4,136780722,2001,44543                               
2026-09-27T00:02:27.367	TEL,2242,S4,136790722,2001,44543                               
2026-09-27T00:02:27.367	TEL,2243,S4,136800722,2001,44543                               
2026-09-27T00:02:27.367	TEL,2244,S4,136810722,2001,44543                               
2026-09-27T00:02:27.367	TEL,2245,S4,136820722,2001,44543                               
2026-09-27T00:02:27.367	TEL,2246,S4,136830722,2001,44543                               
2026-09-27T00:02:27.367	TEL,2247,S4,136840722,2001,44543                               
2026-09-27T00:02:27.367	TEL,2248,S4,136850722,2001,44543                               
2026-09-27T00:02:27.367	TEL,2249,S4,136860722,2001,44543                               
2026-09-27T00:02:27.367	TEL,2250,S4,136870722,2001,44543                               
2026-09-27T00:02:27.367	TEL,2251,S4,136880722,2001,44543                               
2026-09-27T00:02:27.367	TEL,2252,S4,136890722,2001,44543                               
2026-09-27T00:02:27.367	TEL,2253,S4,136900722,2001,44543                               
2026-09-27T00:02:27.367	TEL,2254,S4,136910722,2001,44543                               
2026-09-27T00:02:27.367	TEL,2255,S4,136920722,2001,44543                               
2026-09-27T00:02:27.367	BTN,23,S4,PRESSED                                              
2026-09-27T00:02:27.367	TEL,2256,S4,136930724,2003,44543                               
2026-09-27T00:02:27.367	TEL,2257,S4,136940722,2001,44543                               
2026-09-27T00:02:27.367	TEL,2258,S4,136950722,2001,44543                               
2026-09-27T00:02:27.367	TEL,2259,S4,136960722,2001,44543                               
2026-09-27T00:02:27.367	TEL,2260,S4,136970722,2001,44543                               
2026-09-27T00:02:27.367	TEL,2261,S4,136980722,2001,44543                               
2026-09-27T00:02:27.367	TEL,2262,S4,136990722,2001,44543                               
2026-09-27T00:02:27.367	TEL,2263,S4,137000722,2001,44543                               
2026-09-27T00:02:27.367	TEL,2264,S4,137010722,2001,44543                               
2026-09-27T00:02:27.367	TEL,2265,S4,137020722,2001,44543                               
2026-09-27T00:02:27.367	TEL,2266,S4,137030723,2002,44543                               
2026-09-27T00:02:27.367	TEL,2267,S4,137040722,2001,44543                               
2026-09-27T00:02:27.367	TEL,2268,S4,137050722,2001,44543                               
2026-09-27T00:02:27.367	TEL,2269,S4,137060722,2001,44543                               
2026-09-27T00:02:27.367	TEL,2270,S4,137070722,2001,44543                               
2026-09-27T00:02:27.977	TEL,2271,S4,137080722,2001,44543                               
2026-09-27T00:02:27.977	TEL,2272,S4,137090722,2001,44543                               
2026-09-27T00:02:27.977	TEL,2273,S4,137100722,2001,44543                               
2026-09-27T00:02:27.977	TEL,2274,S4,137110722,2001,44543                               
2026-09-27T00:02:27.977	TEL,2275,S4,137120722,2001,44543                               
2026-09-27T00:02:27.977	TEL,2276,S4,137130722,2001,44543                               
2026-09-27T00:02:27.977	TEL,2277,S4,137140722,2001,44543                               
2026-09-27T00:02:27.977	TEL,2278,S4,137150722,2001,44543                               
2026-09-27T00:02:27.977	TEL,2279,S4,137160722,2001,44543                               
2026-09-27T00:02:27.977	TEL,2280,S4,137170722,2001,44543                               
2026-09-27T00:02:27.977	TEL,2281,S4,137180727,2006,44543                               
2026-09-27T00:02:27.977	BTN,24,S4,PRESSED                                              
2026-09-27T00:02:27.977	TEL,2282,S4,137190724,2003,44543                               
2026-09-27T00:02:27.977	TEL,2283,S4,137200722,2001,44543                               
2026-09-27T00:02:27.977	TEL,2284,S4,137210722,2001,44543                               
2026-09-27T00:02:27.977	TEL,2285,S4,137220722,2001,44543                               
2026-09-27T00:02:27.977	TEL,2286,S4,137230722,2001,44543                               
2026-09-27T00:02:27.977	TEL,2287,S4,137240722,2001,44543                               
2026-09-27T00:02:27.977	TEL,2288,S4,137250722,2001,44543                               
2026-09-27T00:02:27.977	TEL,2289,S4,137260722,2001,44543                               
2026-09-27T00:02:27.977	TEL,2290,S4,137270722,2001,44543                               
2026-09-27T00:02:27.977	TEL,2291,S4,137280722,2001,44543                               
2026-09-27T00:02:27.977	TEL,2292,S4,137290722,2001,44543                               
2026-09-27T00:02:27.977	TEL,2293,S4,137300722,2001,44543                               
2026-09-27T00:02:27.977	TEL,2294,S4,137310722,2001,44543                               
2026-09-27T00:02:27.977	TEL,2295,S4,137320722,2001,44543                               
2026-09-27T00:02:27.977	TEL,2296,S4,137330722,2001,44543                               
2026-09-27T00:02:27.977	TEL,2297,S4,137340722,2001,44543                               
2026-09-27T00:02:27.977	TEL,2298,S4,137350722,2001,44543                               
2026-09-27T00:02:27.977	TEL,2299,S4,137360722,2001,44543                               
2026-09-27T00:02:27.977	TEL,2300,S4,137370722,2001,44543                               
2026-09-27T00:02:27.977	TEL,2301,S4,137380722,2001,44543                               
2026-09-27T00:02:27.977	TEL,2302,S4,137390722,2001,44543                               
2026-09-27T00:02:27.977	TEL,2303,S4,137400722,2001,44543                               
2026-09-27T00:02:27.977	TEL,2304,S4,137410722,2001,44543                               
2026-09-27T00:02:27.977	TEL,2305,S4,137420722,2001,44543                               
2026-09-27T00:02:27.977	TEL,2306,S4,137430722,2001,44543                               
2026-09-27T00:02:27.977	TEL,2307,S4,137440722,2001,44543                               
2026-09-27T00:02:27.977	TEL,2308,S4,137450722,2001,44543                               
2026-09-27T00:02:27.977	TEL,2309,S4,137460722,2001,44543                               
2026-09-27T00:02:27.977	TEL,2310,S4,137470722,2001,44543                               
2026-09-27T00:02:27.977	TEL,2311,S4,137480722,2001,44543                               
2026-09-27T00:02:27.977	TEL,2312,S4,137490722,2001,44543                               
2026-09-27T00:02:27.977	TEL,2313,S4,137500722,2001,44543                               
2026-09-27T00:02:27.977	TEL,2314,S4,137510722,2001,44543                               
2026-09-27T00:02:27.977	TEL,2315,S4,137520722,2001,44543                               
2026-09-27T00:02:27.977	TEL,2316,S4,137530722,2001,44543                               
2026-09-27T00:02:27.977	TEL,2317,S4,137540722,2001,44543                               
2026-09-27T00:02:27.977	TEL,2318,S4,137550722,2001,44543                               
2026-09-27T00:02:27.977	TEL,2319,S4,137560722,2001,44543                               
2026-09-27T00:02:27.977	TEL,2320,S4,137570722,2001,44543                               
2026-09-27T00:02:27.977	TEL,2321,S4,137580722,2001,44543                               
2026-09-27T00:02:27.977	TEL,2322,S4,137590722,2001,44543                               
2026-09-27T00:02:27.977	TEL,2323,S4,137600722,2001,44543                               
2026-09-27T00:02:27.977	TEL,2324,S4,137610722,2001,44543                               
2026-09-27T00:02:27.977	TEL,2325,S4,137620722,2001,44543                               
2026-09-27T00:02:27.977	TEL,2326,S4,137630722,2001,44543                               
2026-09-27T00:02:27.977	TEL,2327,S4,137640722,2001,44543                               
2026-09-27T00:02:27.977	TEL,2328,S4,137650722,2001,44543                               
2026-09-27T00:02:27.977	TEL,2329,S4,137660722,2001,44543                               
2026-09-27T00:02:27.977	TEL,2330,S4,137670722,2001,44543                               
2026-09-27T00:02:27.977	TEL,2331,S4,137680722,2001,44543                               
2026-09-27T00:02:28.578	TEL,2332,S4,137690722,2001,44543                               
2026-09-27T00:02:28.578	TEL,2333,S4,137700722,2001,44543                               
2026-09-27T00:02:28.578	TEL,2334,S4,137710722,2001,44543                               
2026-09-27T00:02:28.578	TEL,2335,S4,137720722,2001,44543                               
2026-09-27T00:02:28.578	TEL,2336,S4,137730722,2001,44543                               
2026-09-27T00:02:28.578	TEL,2337,S4,137740722,2001,44543                               
2026-09-27T00:02:28.578	TEL,2338,S4,137750722,2001,44543                               
2026-09-27T00:02:28.578	TEL,2339,S4,137760722,2001,44543                               
2026-09-27T00:02:28.578	TEL,2340,S4,137770722,2001,44543                               
2026-09-27T00:02:28.578	TEL,2341,S4,137780722,2001,44543                               
2026-09-27T00:02:28.578	TEL,2342,S4,137790722,2001,44543                               
2026-09-27T00:02:28.578	TEL,2343,S4,137800722,2001,44543                               
2026-09-27T00:02:28.578	TEL,2344,S4,137810722,2001,44543                               
2026-09-27T00:02:28.578	TEL,2345,S4,137820722,2001,44543                               
2026-09-27T00:02:28.578	TEL,2346,S4,137830722,2001,44543                               
2026-09-27T00:02:28.578	TEL,2347,S4,137840722,2001,44543                               
2026-09-27T00:02:28.578	TEL,2348,S4,137850722,2001,44543                               
2026-09-27T00:02:28.578	TEL,2349,S4,137860722,2001,44543                               
2026-09-27T00:02:28.578	TEL,2350,S4,137870722,2001,44543                               
2026-09-27T00:02:28.578	TEL,2351,S4,137880722,2001,44543                               
2026-09-27T00:02:28.578	TEL,2352,S4,137890722,2001,44543                               
2026-09-27T00:02:28.578	BTN,25,S4,PRESSED                                              
2026-09-27T00:02:28.578	TEL,2353,S4,137900724,2003,44543                               
2026-09-27T00:02:28.578	TEL,2354,S4,137910723,2002,44543                               
2026-09-27T00:02:28.578	TEL,2355,S4,137920722,2001,44543                               
2026-09-27T00:02:28.578	TEL,2356,S4,137930722,2001,44543                               
2026-09-27T00:02:28.578	TEL,2357,S4,137940722,2001,44543                               
2026-09-27T00:02:28.578	TEL,2358,S4,137950722,2001,44543                               
2026-09-27T00:02:28.578	TEL,2359,S4,137960722,2001,44543                               
2026-09-27T00:02:28.578	TEL,2360,S4,137970722,2001,44543                               
2026-09-27T00:02:28.578	TEL,2361,S4,137980722,2001,44543                               
2026-09-27T00:02:28.578	TEL,2362,S4,137990722,2001,44543                               
2026-09-27T00:02:28.578	TEL,2363,S4,138000722,2001,44543                               
2026-09-27T00:02:28.578	TEL,2364,S4,138010722,2001,44543                               
2026-09-27T00:02:28.578	TEL,2365,S4,138020722,2001,44543                               
2026-09-27T00:02:28.578	TEL,2366,S4,138030722,2002,44543                               
2026-09-27T00:02:28.578	TEL,2367,S4,138040722,2001,44543                               
2026-09-27T00:02:28.578	TEL,2368,S4,138050722,2001,44543                               
2026-09-27T00:02:28.578	TEL,2369,S4,138060722,2001,44543                               
2026-09-27T00:02:28.578	TEL,2370,S4,138070722,2001,44543                               
2026-09-27T00:02:28.578	TEL,2371,S4,138080722,2001,44543                               
2026-09-27T00:02:28.578	TEL,2372,S4,138090722,2001,44543                               
2026-09-27T00:02:28.578	TEL,2373,S4,138100722,2001,44543                               
2026-09-27T00:02:28.578	TEL,2374,S4,138110722,2001,44543                               
2026-09-27T00:02:28.578	TEL,2375,S4,138120722,2001,44543                               
2026-09-27T00:02:28.578	TEL,2376,S4,138130722,2001,44543                               
2026-09-27T00:02:28.578	TEL,2377,S4,138140722,2001,44543                               
2026-09-27T00:02:28.578	TEL,2378,S4,138150722,2001,44543                               
2026-09-27T00:02:28.578	TEL,2379,S4,138160722,2001,44543                               
2026-09-27T00:02:28.578	TEL,2380,S4,138170722,2001,44543                               
2026-09-27T00:02:28.578	TEL,2381,S4,138180722,2001,44543                               
2026-09-27T00:02:28.578	TEL,2382,S4,138190722,2001,44543                               
2026-09-27T00:02:28.578	TEL,2383,S4,138200722,2001,44543                               
2026-09-27T00:02:28.578	TEL,2384,S4,138210722,2001,44543                               
2026-09-27T00:02:28.578	BTN,26,S4,PRESSED                                              
2026-09-27T00:02:28.578	TEL,2385,S4,138220724,2003,44543                               
2026-09-27T00:02:28.578	TEL,2386,S4,138230722,2001,44543                               
2026-09-27T00:02:28.578	TEL,2387,S4,138240722,2001,44543                               
2026-09-27T00:02:28.578	TEL,2388,S4,138250722,2001,44543                               
2026-09-27T00:02:28.578	TEL,2389,S4,138260722,2001,44543                               
2026-09-27T00:02:28.578	TEL,2390,S4,138270722,2001,44543                               
2026-09-27T00:02:28.578	TEL,2391,S4,138280722,2001,44543                               
2026-09-27T00:02:29.169	TEL,2392,S4,138290722,2001,44543                               
2026-09-27T00:02:29.169	TEL,2393,S4,138300722,2001,44543                               
2026-09-27T00:02:29.169	TEL,2394,S4,138310722,2001,44543                               
2026-09-27T00:02:29.169	TEL,2395,S4,138320722,2001,44543                               
2026-09-27T00:02:29.169	TEL,2396,S4,138330722,2001,44543                               
2026-09-27T00:02:29.169	TEL,2397,S4,138340722,2001,44543                               
2026-09-27T00:02:29.169	BTN,27,S4,PRESSED                                              
2026-09-27T00:02:29.169	TEL,2398,S4,138350724,2003,44543                               
2026-09-27T00:02:29.169	TEL,2399,S4,138360722,2001,44543                               
2026-09-27T00:02:29.169	TEL,2400,S4,138370722,2001,44543                               
2026-09-27T00:02:29.169	TEL,2401,S4,138380722,2001,44543                               
2026-09-27T00:02:29.169	TEL,2402,S4,138390722,2001,44543                               
2026-09-27T00:02:29.169	TEL,2403,S4,138400722,2001,44543                               
2026-09-27T00:02:29.169	TEL,2404,S4,138410722,2001,44543                               
2026-09-27T00:02:29.169	TEL,2405,S4,138420722,2001,44543                               
2026-09-27T00:02:29.169	TEL,2406,S4,138430722,2001,44543                               
2026-09-27T00:02:29.169	TEL,2407,S4,138440722,2001,44543                               
2026-09-27T00:02:29.169	TEL,2408,S4,138450722,2001,44543                               
2026-09-27T00:02:29.169	TEL,2409,S4,138460722,2001,44543                               
2026-09-27T00:02:29.169	TEL,2410,S4,138470722,2001,44543                               
2026-09-27T00:02:29.169	TEL,2411,S4,138480722,2001,44543                               
2026-09-27T00:02:29.169	TEL,2412,S4,138490722,2001,44543                               
2026-09-27T00:02:29.169	TEL,2413,S4,138500722,2001,44543                               
2026-09-27T00:02:29.169	TEL,2414,S4,138510722,2001,44543                               
2026-09-27T00:02:29.169	TEL,2415,S4,138520722,2001,44543                               
2026-09-27T00:02:29.169	TEL,2416,S4,138530722,2001,44543                               
2026-09-27T00:02:29.169	TEL,2417,S4,138540722,2001,44543                               
2026-09-27T00:02:29.169	BTN,28,S4,PRESSED                                              
2026-09-27T00:02:29.169	TEL,2418,S4,138550724,2003,44543                               
2026-09-27T00:02:29.169	TEL,2419,S4,138560722,2001,44543                               
2026-09-27T00:02:29.170	TEL,2420,S4,138570722,2001,44543                               
2026-09-27T00:02:29.170	TEL,2421,S4,138580722,2001,44543                               
2026-09-27T00:02:29.170	TEL,2422,S4,138590722,2001,44543                               
2026-09-27T00:02:29.170	TEL,2423,S4,138600722,2001,44543                               
2026-09-27T00:02:29.170	TEL,2424,S4,138610722,2001,44543                               
2026-09-27T00:02:29.170	TEL,2425,S4,138620722,2001,44543                               
2026-09-27T00:02:29.170	TEL,2426,S4,138630722,2001,44543                               
2026-09-27T00:02:29.170	TEL,2427,S4,138640722,2001,44543                               
2026-09-27T00:02:29.170	TEL,2428,S4,138650722,2001,44543                               
2026-09-27T00:02:29.170	TEL,2429,S4,138660722,2001,44543                               
2026-09-27T00:02:29.170	TEL,2430,S4,138670722,2001,44543                               
2026-09-27T00:02:29.170	TEL,2431,S4,138680722,2001,44543                               
2026-09-27T00:02:29.170	TEL,2432,S4,138690722,2001,44543                               
2026-09-27T00:02:29.170	TEL,2433,S4,138700722,2001,44543                               
2026-09-27T00:02:29.170	TEL,2434,S4,138710722,2001,44543                               
2026-09-27T00:02:29.170	TEL,2435,S4,138720722,2001,44543                               
2026-09-27T00:02:29.170	TEL,2436,S4,138730722,2001,44543                               
2026-09-27T00:02:29.170	TEL,2437,S4,138740722,2001,44543                               
2026-09-27T00:02:29.170	TEL,2438,S4,138750722,2001,44543                               
2026-09-27T00:02:29.170	TEL,2439,S4,138760722,2001,44543                               
2026-09-27T00:02:29.170	TEL,2440,S4,138770722,2001,44543                               
2026-09-27T00:02:29.170	TEL,2441,S4,138780722,2001,44543                               
2026-09-27T00:02:29.170	TEL,2442,S4,138790722,2001,44543                               
2026-09-27T00:02:29.170	TEL,2443,S4,138800722,2001,44543                               
2026-09-27T00:02:29.170	TEL,2444,S4,138810722,2001,44543                               
2026-09-27T00:02:29.170	BTN,29,S4,PRESSED                                              
2026-09-27T00:02:29.170	TEL,2445,S4,138820723,2003,44543                               
2026-09-27T00:02:29.170	TEL,2446,S4,138830723,2002,44543                               
2026-09-27T00:02:29.170	TEL,2447,S4,138840722,2001,44543                               
2026-09-27T00:02:29.170	TEL,2448,S4,138850722,2001,44543                               
2026-09-27T00:02:29.170	TEL,2449,S4,138860722,2001,44543                               
2026-09-27T00:02:29.170	TEL,2450,S4,138870722,2001,44543                               
2026-09-27T00:02:29.547	TEL,2451,S4,138880722,2001,44543                               
2026-09-27T00:02:29.547	TEL,2452,S4,138890722,2001,44543                               
2026-09-27T00:02:29.547	TEL,2453,S4,138900722,2001,44543                               
2026-09-27T00:02:29.547	TEL,2454,S4,138910722,2001,44543                               
2026-09-27T00:02:29.547	TEL,2455,S4,138920722,2001,44543                               
2026-09-27T00:02:29.547	TEL,2456,S4,138930723,2002,44543                               
2026-09-27T00:02:29.547	TEL,2457,S4,138940722,2001,44543                               
2026-09-27T00:02:29.547	TEL,2458,S4,138950722,2001,44543                               
2026-09-27T00:02:29.547	TEL,2459,S4,138960722,2001,44543                               
2026-09-27T00:02:29.547	TEL,2460,S4,138970722,2001,44543                               
2026-09-27T00:02:29.547	TEL,2461,S4,138980722,2001,44543                               
2026-09-27T00:02:29.547	TEL,2462,S4,138990722,2001,44543                               
2026-09-27T00:02:29.547	TEL,2463,S4,139000722,2001,44543                               
2026-09-27T00:02:29.547	TEL,2464,S4,139010722,2001,44543                               
2026-09-27T00:02:29.547	TEL,2465,S4,139020722,2001,44543                               
2026-09-27T00:02:29.547	TEL,2466,S4,139030722,2001,44543                               
2026-09-27T00:02:29.547	TEL,2467,S4,139040727,2006,44543                               
2026-09-27T00:02:29.547	BTN,30,S4,PRESSED                                              
2026-09-27T00:02:29.547	TEL,2468,S4,139050724,2003,44543                               
2026-09-27T00:02:29.547	ACK,STOP,S4
2026-09-27T00:02:29.547	LOG,S4,1,120778826,120780744,120780750,120786330,120791883,ok
2026-09-27T00:02:29.547	LOG,S4,2,121527211,121527217,121527224,121527243,121532796,ok
2026-09-27T00:02:29.547	LOG,S4,3,122175545,122175552,122175558,122176307,122181860,ok
2026-09-27T00:02:29.547	LOG,S4,4,122668346,122668353,122668359,122668379,122673936,ok
2026-09-27T00:02:29.547	LOG,S4,5,122970510,122970744,122970751,122976336,122981889,ok
2026-09-27T00:02:29.547	LOG,S4,6,123230253,123230744,123230751,123236336,123241889,ok
2026-09-27T00:02:29.547	LOG,S4,7,123470822,123470828,123470834,123476307,123481860,ok
2026-09-27T00:02:29.547	LOG,S4,8,123709949,123710744,123710751,123716330,123721884,ok
2026-09-27T00:02:29.547	LOG,S4,9,123984139,123984145,123984152,123986306,123991859,ok
2026-09-27T00:02:29.547	LOG,S4,10,124245279,124245285,124245292,124246306,124251859,ok
2026-09-27T00:02:29.547	LOG,S4,11,124640825,124640832,124640838,124646307,124651860,ok
2026-09-27T00:02:29.547	LOG,S4,12,124951375,124951382,124951388,124956305,124961858,ok
2026-09-27T00:02:29.547	LOG,S4,13,125226231,125226238,125226244,125226306,125231860,ok
2026-09-27T00:02:29.547	LOG,S4,14,125578619,125578625,125578632,125578651,125584203,ok
2026-09-27T00:02:29.547	LOG,S4,15,127113640,127113646,127113653,127116307,127121860,ok
2026-09-27T00:02:29.547	LOG,S4,16,128033783,128033789,128033796,128036308,128041862,ok
2026-09-27T00:02:29.547	LOG,S4,17,129391663,129391670,129391676,129396308,129401861,ok
2026-09-27T00:02:29.547	LOG,S4,18,131687001,131687008,131687014,131687034,131692591,ok
2026-09-27T00:02:29.547	LOG,S4,19,134398633,134398639,134398646,134398665,134404218,ok
2026-09-27T00:02:29.547	LOG,S4,20,135465790,135465796,135465803,135466311,135471864,ok
2026-09-27T00:02:29.547	LOG,S4,21,135945330,135945337,135945344,135946306,135951859,ok
2026-09-27T00:02:29.547	LOG,S4,22,136609026,136610744,136610751,136616334,136621888,ok
2026-09-27T00:02:29.547	LOG,S4,23,136924930,136924936,136924943,136926306,136931860,ok
2026-09-27T00:02:29.547	LOG,S4,24,137180225,137180744,137180751,137186332,137191886,ok
2026-09-27T00:02:29.547	LOG,S4,25,137896784,137896790,137896797,137896816,137902370,ok
2026-09-27T00:02:29.547	LOG,S4,26,138214216,138214223,138214229,138216305,138221858,ok
2026-09-27T00:02:29.547	LOG,S4,27,138341191,138341198,138341204,138346305,138351858,ok
2026-09-27T00:02:29.547	LOG,S4,28,138543597,138543604,138543610,138546306,138551859,ok
2026-09-27T00:02:29.547	LOG,S4,29,138817232,138817239,138817245,138817265,138822822,ok
2026-09-27T00:02:29.547	LOG,S4,30,139040079,139040744,139040751,139046340,139051891,ok
2026-09-27T00:02:29.547	CNT,accepted,30
2026-09-27T00:02:29.547	CNT,logged,30
2026-09-27T00:02:29.547	CNT,bounce_rejected,18
2026-09-27T00:02:29.547	CNT,ignored,0
2026-09-27T00:02:29.547	CNT,btn_q_drop,0
2026-09-27T00:02:29.547	CNT,btn_tx_drop,0
2026-09-27T00:02:29.547	CNT,tel_sent,2468
2026-09-27T00:02:29.547	CNT,tel_tx_drop,0
2026-09-27T00:02:29.547	CNT,tx_error,0
2026-09-27T00:02:29.547	CNT,tx_timeout,0
2026-09-27T00:02:29.547	CNT,log_overflow,0
2026-09-27T00:02:29.547	CNT,fmt_error,0
2026-09-27T00:02:29.547	CNT,tel_period_min_us,9597
2026-09-27T00:02:29.547	CNT,tel_period_max_us,10000
2026-09-27T00:02:29.547	CNT,work_min_us,2001
2026-09-27T00:02:29.547	CNT,work_max_us,2007
2026-09-27T00:02:29.547	CNT,hwm_telemetry_w,193
2026-09-27T00:02:29.547	CNT,hwm_uarttx_w,267
2026-09-27T00:02:29.547	CNT,heap_free_min_b,18248
2026-09-27T00:02:29.547	END,DUMP,S4
