# pc_rx_time yaln?zca bilgi ama?l?d?r; gecikme hesab?nda KULLANILMAZ.
2026-09-27T00:04:05.951	ACK,START,S5
2026-09-27T00:04:06.571	TEL,1,S5,235671280,5003,21844                                  
2026-09-27T00:04:06.571	TEL,2,S5,235680728,5008,21844                                  
2026-09-27T00:04:06.571	TEL,3,S5,235690728,5008,21844                                  
2026-09-27T00:04:06.571	TEL,4,S5,235700728,5008,21844                                  
2026-09-27T00:04:06.571	TEL,5,S5,235710728,5008,21844                                  
2026-09-27T00:04:06.571	TEL,6,S5,235720728,5008,21844                                  
2026-09-27T00:04:06.571	TEL,7,S5,235730728,5008,21844                                  
2026-09-27T00:04:06.571	TEL,8,S5,235740728,5008,21844                                  
2026-09-27T00:04:06.571	TEL,9,S5,235750728,5008,21844                                  
2026-09-27T00:04:06.571	TEL,10,S5,235760728,5008,21844                                 
2026-09-27T00:04:06.571	TEL,11,S5,235770728,5008,21844                                 
2026-09-27T00:04:06.571	TEL,12,S5,235780728,5008,21844                                 
2026-09-27T00:04:06.571	TEL,13,S5,235790728,5008,21844                                 
2026-09-27T00:04:06.571	TEL,14,S5,235800728,5008,21844                                 
2026-09-27T00:04:06.571	TEL,15,S5,235810728,5008,21844                                 
2026-09-27T00:04:06.571	TEL,16,S5,235820728,5008,21844                                 
2026-09-27T00:04:06.571	TEL,17,S5,235830728,5008,21844                                 
2026-09-27T00:04:06.571	TEL,18,S5,235840728,5008,21844                                 
2026-09-27T00:04:06.571	TEL,19,S5,235850728,5008,21844                                 
2026-09-27T00:04:06.571	TEL,20,S5,235860728,5008,21844                                 
2026-09-27T00:04:06.571	TEL,21,S5,235870728,5008,21844                                 
2026-09-27T00:04:06.571	TEL,22,S5,235880728,5008,21844                                 
2026-09-27T00:04:06.571	TEL,23,S5,235890728,5008,21844                                 
2026-09-27T00:04:06.571	TEL,24,S5,235900728,5008,21844                                 
2026-09-27T00:04:06.571	TEL,25,S5,235910728,5008,21844                                 
2026-09-27T00:04:06.571	TEL,26,S5,235920728,5008,21844                                 
2026-09-27T00:04:06.571	TEL,27,S5,235930728,5008,21844                                 
2026-09-27T00:04:06.571	TEL,28,S5,235940728,5008,21844                                 
2026-09-27T00:04:06.571	TEL,29,S5,235950728,5008,21844                                 
2026-09-27T00:04:06.571	TEL,30,S5,235960728,5008,21844                                 
2026-09-27T00:04:06.571	TEL,31,S5,235970728,5008,21844                                 
2026-09-27T00:04:06.571	TEL,32,S5,235980728,5008,21844                                 
2026-09-27T00:04:06.571	TEL,33,S5,235990728,5008,21844                                 
2026-09-27T00:04:06.571	TEL,34,S5,236000728,5008,21844                                 
2026-09-27T00:04:06.571	TEL,35,S5,236010728,5008,21844                                 
2026-09-27T00:04:06.571	TEL,36,S5,236020728,5008,21844                                 
2026-09-27T00:04:06.571	TEL,37,S5,236030728,5008,21844                                 
2026-09-27T00:04:06.571	TEL,38,S5,236040728,5008,21844                                 
2026-09-27T00:04:06.571	TEL,39,S5,236050728,5008,21844                                 
2026-09-27T00:04:06.571	TEL,40,S5,236060728,5008,21844                                 
2026-09-27T00:04:06.571	TEL,41,S5,236070728,5008,21844                                 
2026-09-27T00:04:06.571	TEL,42,S5,236080728,5008,21844                                 
2026-09-27T00:04:06.571	TEL,43,S5,236090728,5008,21844                                 
2026-09-27T00:04:06.571	TEL,44,S5,236100728,5008,21844                                 
2026-09-27T00:04:06.571	TEL,45,S5,236110728,5008,21844                                 
2026-09-27T00:04:06.571	TEL,46,S5,236120728,5008,21844                                 
2026-09-27T00:04:06.571	TEL,47,S5,236130728,5008,21844                                 
2026-09-27T00:04:06.571	TEL,48,S5,236140728,5008,21844                                 
2026-09-27T00:04:06.571	TEL,49,S5,236150728,5008,21844                                 
2026-09-27T00:04:06.571	TEL,50,S5,236160728,5008,21844                                 
2026-09-27T00:04:06.571	TEL,51,S5,236170728,5008,21844                                 
2026-09-27T00:04:06.571	TEL,52,S5,236180728,5008,21844                                 
2026-09-27T00:04:06.571	TEL,53,S5,236190728,5008,21844                                 
2026-09-27T00:04:06.571	TEL,54,S5,236200728,5008,21844                                 
2026-09-27T00:04:06.571	TEL,55,S5,236210728,5008,21844                                 
2026-09-27T00:04:06.571	TEL,56,S5,236220728,5008,21844                                 
2026-09-27T00:04:06.571	TEL,57,S5,236230728,5008,21844                                 
2026-09-27T00:04:06.571	TEL,58,S5,236240728,5008,21844                                 
2026-09-27T00:04:06.571	TEL,59,S5,236250728,5008,21844                                 
2026-09-27T00:04:06.571	TEL,60,S5,236260728,5008,21844                                 
2026-09-27T00:04:06.571	TEL,61,S5,236270728,5008,21844                                 
2026-09-27T00:04:06.571	TEL,62,S5,236280728,5008,21844                                 
2026-09-27T00:04:07.191	TEL,63,S5,236290728,5008,21844                                 
2026-09-27T00:04:07.191	TEL,64,S5,236300728,5008,21844                                 
2026-09-27T00:04:07.191	TEL,65,S5,236310728,5008,21844                                 
2026-09-27T00:04:07.191	TEL,66,S5,236320728,5008,21844                                 
2026-09-27T00:04:07.191	TEL,67,S5,236330728,5008,21844                                 
2026-09-27T00:04:07.191	TEL,68,S5,236340728,5008,21844                                 
2026-09-27T00:04:07.191	TEL,69,S5,236350728,5008,21844                                 
2026-09-27T00:04:07.191	TEL,70,S5,236360728,5008,21844                                 
2026-09-27T00:04:07.191	TEL,71,S5,236370728,5008,21844                                 
2026-09-27T00:04:07.191	TEL,72,S5,236380728,5008,21844                                 
2026-09-27T00:04:07.191	TEL,73,S5,236390728,5008,21844                                 
2026-09-27T00:04:07.191	TEL,74,S5,236400728,5008,21844                                 
2026-09-27T00:04:07.191	TEL,75,S5,236410728,5008,21844                                 
2026-09-27T00:04:07.191	TEL,76,S5,236420728,5008,21844                                 
2026-09-27T00:04:07.191	TEL,77,S5,236430728,5008,21844                                 
2026-09-27T00:04:07.191	TEL,78,S5,236440728,5008,21844                                 
2026-09-27T00:04:07.191	TEL,79,S5,236450728,5008,21844                                 
2026-09-27T00:04:07.191	TEL,80,S5,236460728,5008,21844                                 
2026-09-27T00:04:07.191	TEL,81,S5,236470728,5008,21844                                 
2026-09-27T00:04:07.191	TEL,82,S5,236480728,5008,21844                                 
2026-09-27T00:04:07.191	TEL,83,S5,236490728,5008,21844                                 
2026-09-27T00:04:07.191	TEL,84,S5,236500728,5008,21844                                 
2026-09-27T00:04:07.191	TEL,85,S5,236510728,5008,21844                                 
2026-09-27T00:04:07.191	TEL,86,S5,236520728,5008,21844                                 
2026-09-27T00:04:07.191	TEL,87,S5,236530728,5008,21844                                 
2026-09-27T00:04:07.191	TEL,88,S5,236540728,5008,21844                                 
2026-09-27T00:04:07.192	TEL,89,S5,236550728,5008,21844                                 
2026-09-27T00:04:07.192	TEL,90,S5,236560728,5008,21844                                 
2026-09-27T00:04:07.192	TEL,91,S5,236570728,5008,21844                                 
2026-09-27T00:04:07.192	TEL,92,S5,236580728,5008,21844                                 
2026-09-27T00:04:07.192	TEL,93,S5,236590728,5008,21844                                 
2026-09-27T00:04:07.192	TEL,94,S5,236600728,5008,21844                                 
2026-09-27T00:04:07.192	TEL,95,S5,236610728,5008,21844                                 
2026-09-27T00:04:07.192	TEL,96,S5,236620728,5008,21844                                 
2026-09-27T00:04:07.192	TEL,97,S5,236630728,5008,21844                                 
2026-09-27T00:04:07.192	TEL,98,S5,236640728,5008,21844                                 
2026-09-27T00:04:07.192	TEL,99,S5,236650728,5008,21844                                 
2026-09-27T00:04:07.192	TEL,100,S5,236660728,5008,21844                                
2026-09-27T00:04:07.192	TEL,101,S5,236670728,5008,21844                                
2026-09-27T00:04:07.192	TEL,102,S5,236680728,5008,21844                                
2026-09-27T00:04:07.192	TEL,103,S5,236690728,5008,21844                                
2026-09-27T00:04:07.192	TEL,104,S5,236700728,5008,21844                                
2026-09-27T00:04:07.192	TEL,105,S5,236710728,5008,21844                                
2026-09-27T00:04:07.192	TEL,106,S5,236720728,5008,21844                                
2026-09-27T00:04:07.192	TEL,107,S5,236730728,5008,21844                                
2026-09-27T00:04:07.192	TEL,108,S5,236740728,5008,21844                                
2026-09-27T00:04:07.192	TEL,109,S5,236750728,5008,21844                                
2026-09-27T00:04:07.192	TEL,110,S5,236760728,5008,21844                                
2026-09-27T00:04:07.192	TEL,111,S5,236770728,5008,21844                                
2026-09-27T00:04:07.192	TEL,112,S5,236780728,5008,21844                                
2026-09-27T00:04:07.192	TEL,113,S5,236790728,5008,21844                                
2026-09-27T00:04:07.192	TEL,114,S5,236800728,5008,21844                                
2026-09-27T00:04:07.192	TEL,115,S5,236810728,5008,21844                                
2026-09-27T00:04:07.192	TEL,116,S5,236820728,5008,21844                                
2026-09-27T00:04:07.192	TEL,117,S5,236830728,5008,21844                                
2026-09-27T00:04:07.192	TEL,118,S5,236840728,5008,21844                                
2026-09-27T00:04:07.192	TEL,119,S5,236850728,5008,21844                                
2026-09-27T00:04:07.192	TEL,120,S5,236860728,5008,21844                                
2026-09-27T00:04:07.192	TEL,121,S5,236870728,5008,21844                                
2026-09-27T00:04:07.192	TEL,122,S5,236880728,5008,21844                                
2026-09-27T00:04:07.192	TEL,123,S5,236890728,5008,21844                                
2026-09-27T00:04:07.192	TEL,124,S5,236900728,5008,21844                                
2026-09-27T00:04:07.807	TEL,125,S5,236910728,5008,21844                                
2026-09-27T00:04:07.807	TEL,126,S5,236920728,5008,21844                                
2026-09-27T00:04:07.807	TEL,127,S5,236930728,5008,21844                                
2026-09-27T00:04:07.807	TEL,128,S5,236940728,5008,21844                                
2026-09-27T00:04:07.807	TEL,129,S5,236950728,5008,21844                                
2026-09-27T00:04:07.807	TEL,130,S5,236960728,5008,21844                                
2026-09-27T00:04:07.807	TEL,131,S5,236970728,5008,21844                                
2026-09-27T00:04:07.807	TEL,132,S5,236980728,5008,21844                                
2026-09-27T00:04:07.807	TEL,133,S5,236990728,5008,21844                                
2026-09-27T00:04:07.807	TEL,134,S5,237000728,5008,21844                                
2026-09-27T00:04:07.807	TEL,135,S5,237010728,5008,21844                                
2026-09-27T00:04:07.807	TEL,136,S5,237020728,5008,21844                                
2026-09-27T00:04:07.807	TEL,137,S5,237030728,5008,21844                                
2026-09-27T00:04:07.807	TEL,138,S5,237040728,5008,21844                                
2026-09-27T00:04:07.807	TEL,139,S5,237050728,5008,21844                                
2026-09-27T00:04:07.807	TEL,140,S5,237060728,5008,21844                                
2026-09-27T00:04:07.807	TEL,141,S5,237070728,5008,21844                                
2026-09-27T00:04:07.807	TEL,142,S5,237080728,5008,21844                                
2026-09-27T00:04:07.807	TEL,143,S5,237090728,5008,21844                                
2026-09-27T00:04:07.807	TEL,144,S5,237100728,5008,21844                                
2026-09-27T00:04:07.807	TEL,145,S5,237110728,5008,21844                                
2026-09-27T00:04:07.807	TEL,146,S5,237120728,5008,21844                                
2026-09-27T00:04:07.807	TEL,147,S5,237130728,5008,21844                                
2026-09-27T00:04:07.807	TEL,148,S5,237140728,5008,21844                                
2026-09-27T00:04:07.807	TEL,149,S5,237150728,5008,21844                                
2026-09-27T00:04:07.807	TEL,150,S5,237160728,5008,21844                                
2026-09-27T00:04:07.807	TEL,151,S5,237170728,5008,21844                                
2026-09-27T00:04:07.807	TEL,152,S5,237180728,5008,21844                                
2026-09-27T00:04:07.807	TEL,153,S5,237190728,5008,21844                                
2026-09-27T00:04:07.807	TEL,154,S5,237200728,5008,21844                                
2026-09-27T00:04:07.807	TEL,155,S5,237210728,5008,21844                                
2026-09-27T00:04:07.807	TEL,156,S5,237220728,5008,21844                                
2026-09-27T00:04:07.807	TEL,157,S5,237230728,5008,21844                                
2026-09-27T00:04:07.807	TEL,158,S5,237240728,5008,21844                                
2026-09-27T00:04:07.807	TEL,159,S5,237250728,5008,21844                                
2026-09-27T00:04:07.807	TEL,160,S5,237260728,5008,21844                                
2026-09-27T00:04:07.807	TEL,161,S5,237270728,5008,21844                                
2026-09-27T00:04:07.807	TEL,162,S5,237280728,5008,21844                                
2026-09-27T00:04:07.807	TEL,163,S5,237290728,5008,21844                                
2026-09-27T00:04:07.807	TEL,164,S5,237300728,5008,21844                                
2026-09-27T00:04:07.807	TEL,165,S5,237310728,5008,21844                                
2026-09-27T00:04:07.807	TEL,166,S5,237320728,5008,21844                                
2026-09-27T00:04:07.807	TEL,167,S5,237330728,5008,21844                                
2026-09-27T00:04:07.807	TEL,168,S5,237340728,5008,21844                                
2026-09-27T00:04:07.807	TEL,169,S5,237350728,5008,21844                                
2026-09-27T00:04:07.807	TEL,170,S5,237360728,5008,21844                                
2026-09-27T00:04:07.807	TEL,171,S5,237370728,5008,21844                                
2026-09-27T00:04:07.807	TEL,172,S5,237380728,5008,21844                                
2026-09-27T00:04:07.807	TEL,173,S5,237390728,5008,21844                                
2026-09-27T00:04:07.807	TEL,174,S5,237400728,5008,21844                                
2026-09-27T00:04:07.807	TEL,175,S5,237410728,5008,21844                                
2026-09-27T00:04:07.807	TEL,176,S5,237420728,5008,21844                                
2026-09-27T00:04:07.807	TEL,177,S5,237430728,5008,21844                                
2026-09-27T00:04:07.807	TEL,178,S5,237440728,5008,21844                                
2026-09-27T00:04:07.807	TEL,179,S5,237450728,5008,21844                                
2026-09-27T00:04:07.807	TEL,180,S5,237460728,5008,21844                                
2026-09-27T00:04:07.807	TEL,181,S5,237470728,5008,21844                                
2026-09-27T00:04:07.807	TEL,182,S5,237480728,5008,21844                                
2026-09-27T00:04:07.807	TEL,183,S5,237490728,5008,21844                                
2026-09-27T00:04:07.807	TEL,184,S5,237500728,5008,21844                                
2026-09-27T00:04:07.807	TEL,185,S5,237510728,5008,21844                                
2026-09-27T00:04:07.807	TEL,186,S5,237520728,5008,21844                                
2026-09-27T00:04:08.428	TEL,187,S5,237530728,5008,21844                                
2026-09-27T00:04:08.428	TEL,188,S5,237540728,5008,21844                                
2026-09-27T00:04:08.428	TEL,189,S5,237550728,5008,21844                                
2026-09-27T00:04:08.428	TEL,190,S5,237560728,5008,21844                                
2026-09-27T00:04:08.428	TEL,191,S5,237570728,5008,21844                                
2026-09-27T00:04:08.428	TEL,192,S5,237580728,5008,21844                                
2026-09-27T00:04:08.428	TEL,193,S5,237590728,5008,21844                                
2026-09-27T00:04:08.428	TEL,194,S5,237600728,5008,21844                                
2026-09-27T00:04:08.428	TEL,195,S5,237610728,5008,21844                                
2026-09-27T00:04:08.428	TEL,196,S5,237620728,5008,21844                                
2026-09-27T00:04:08.428	TEL,197,S5,237630728,5008,21844                                
2026-09-27T00:04:08.428	TEL,198,S5,237640728,5008,21844                                
2026-09-27T00:04:08.428	TEL,199,S5,237650728,5008,21844                                
2026-09-27T00:04:08.428	TEL,200,S5,237660728,5008,21844                                
2026-09-27T00:04:08.428	TEL,201,S5,237670728,5008,21844                                
2026-09-27T00:04:08.428	TEL,202,S5,237680728,5008,21844                                
2026-09-27T00:04:08.428	TEL,203,S5,237690728,5008,21844                                
2026-09-27T00:04:08.428	TEL,204,S5,237700728,5008,21844                                
2026-09-27T00:04:08.428	TEL,205,S5,237710728,5008,21844                                
2026-09-27T00:04:08.428	TEL,206,S5,237720728,5008,21844                                
2026-09-27T00:04:08.428	TEL,207,S5,237730728,5008,21844                                
2026-09-27T00:04:08.428	TEL,208,S5,237740728,5008,21844                                
2026-09-27T00:04:08.428	TEL,209,S5,237750728,5008,21844                                
2026-09-27T00:04:08.428	TEL,210,S5,237760728,5008,21844                                
2026-09-27T00:04:08.428	TEL,211,S5,237770728,5008,21844                                
2026-09-27T00:04:08.428	TEL,212,S5,237780728,5008,21844                                
2026-09-27T00:04:08.428	TEL,213,S5,237790728,5008,21844                                
2026-09-27T00:04:08.428	TEL,214,S5,237800728,5008,21844                                
2026-09-27T00:04:08.428	TEL,215,S5,237810728,5008,21844                                
2026-09-27T00:04:08.428	TEL,216,S5,237820728,5008,21844                                
2026-09-27T00:04:08.428	TEL,217,S5,237830728,5008,21844                                
2026-09-27T00:04:08.428	TEL,218,S5,237840728,5008,21844                                
2026-09-27T00:04:08.428	TEL,219,S5,237850728,5008,21844                                
2026-09-27T00:04:08.428	TEL,220,S5,237860728,5008,21844                                
2026-09-27T00:04:08.428	TEL,221,S5,237870728,5008,21844                                
2026-09-27T00:04:08.428	TEL,222,S5,237880728,5008,21844                                
2026-09-27T00:04:08.428	TEL,223,S5,237890728,5008,21844                                
2026-09-27T00:04:08.428	TEL,224,S5,237900728,5008,21844                                
2026-09-27T00:04:08.428	TEL,225,S5,237910728,5008,21844                                
2026-09-27T00:04:08.428	TEL,226,S5,237920728,5008,21844                                
2026-09-27T00:04:08.428	TEL,227,S5,237930728,5008,21844                                
2026-09-27T00:04:08.428	TEL,228,S5,237940728,5008,21844                                
2026-09-27T00:04:08.428	TEL,229,S5,237950728,5008,21844                                
2026-09-27T00:04:08.428	TEL,230,S5,237960728,5008,21844                                
2026-09-27T00:04:08.428	TEL,231,S5,237970728,5008,21844                                
2026-09-27T00:04:08.428	TEL,232,S5,237980728,5008,21844                                
2026-09-27T00:04:08.428	TEL,233,S5,237990728,5008,21844                                
2026-09-27T00:04:08.428	TEL,234,S5,238000728,5008,21844                                
2026-09-27T00:04:08.428	TEL,235,S5,238010728,5008,21844                                
2026-09-27T00:04:08.428	TEL,236,S5,238020728,5008,21844                                
2026-09-27T00:04:08.428	TEL,237,S5,238030728,5008,21844                                
2026-09-27T00:04:08.428	TEL,238,S5,238040728,5008,21844                                
2026-09-27T00:04:08.428	TEL,239,S5,238050728,5008,21844                                
2026-09-27T00:04:08.428	TEL,240,S5,238060728,5008,21844                                
2026-09-27T00:04:08.428	TEL,241,S5,238070728,5008,21844                                
2026-09-27T00:04:08.428	TEL,242,S5,238080728,5008,21844                                
2026-09-27T00:04:08.428	TEL,243,S5,238090728,5008,21844                                
2026-09-27T00:04:08.428	TEL,244,S5,238100728,5008,21844                                
2026-09-27T00:04:08.428	TEL,245,S5,238110728,5008,21844                                
2026-09-27T00:04:08.428	TEL,246,S5,238120728,5008,21844                                
2026-09-27T00:04:08.428	TEL,247,S5,238130728,5008,21844                                
2026-09-27T00:04:08.428	TEL,248,S5,238140728,5008,21844                                
2026-09-27T00:04:09.050	TEL,249,S5,238150728,5008,21844                                
2026-09-27T00:04:09.050	TEL,250,S5,238160728,5008,21844                                
2026-09-27T00:04:09.050	TEL,251,S5,238170728,5008,21844                                
2026-09-27T00:04:09.050	TEL,252,S5,238180728,5008,21844                                
2026-09-27T00:04:09.050	TEL,253,S5,238190728,5008,21844                                
2026-09-27T00:04:09.050	TEL,254,S5,238200728,5008,21844                                
2026-09-27T00:04:09.050	TEL,255,S5,238210728,5008,21844                                
2026-09-27T00:04:09.050	TEL,256,S5,238220728,5008,21844                                
2026-09-27T00:04:09.050	TEL,257,S5,238230728,5008,21844                                
2026-09-27T00:04:09.050	TEL,258,S5,238240728,5008,21844                                
2026-09-27T00:04:09.050	TEL,259,S5,238250728,5008,21844                                
2026-09-27T00:04:09.050	TEL,260,S5,238260728,5008,21844                                
2026-09-27T00:04:09.050	TEL,261,S5,238270728,5008,21844                                
2026-09-27T00:04:09.050	TEL,262,S5,238280728,5008,21844                                
2026-09-27T00:04:09.050	TEL,263,S5,238290728,5008,21844                                
2026-09-27T00:04:09.050	TEL,264,S5,238300728,5008,21844                                
2026-09-27T00:04:09.050	TEL,265,S5,238310728,5008,21844                                
2026-09-27T00:04:09.050	TEL,266,S5,238320728,5008,21844                                
2026-09-27T00:04:09.050	TEL,267,S5,238330728,5008,21844                                
2026-09-27T00:04:09.050	TEL,268,S5,238340728,5008,21844                                
2026-09-27T00:04:09.050	TEL,269,S5,238350728,5008,21844                                
2026-09-27T00:04:09.050	TEL,270,S5,238360728,5008,21844                                
2026-09-27T00:04:09.050	TEL,271,S5,238370728,5008,21844                                
2026-09-27T00:04:09.050	TEL,272,S5,238380728,5008,21844                                
2026-09-27T00:04:09.050	TEL,273,S5,238390728,5008,21844                                
2026-09-27T00:04:09.050	TEL,274,S5,238400728,5008,21844                                
2026-09-27T00:04:09.050	TEL,275,S5,238410728,5008,21844                                
2026-09-27T00:04:09.050	TEL,276,S5,238420728,5008,21844                                
2026-09-27T00:04:09.050	TEL,277,S5,238430728,5008,21844                                
2026-09-27T00:04:09.050	TEL,278,S5,238440728,5008,21844                                
2026-09-27T00:04:09.050	TEL,279,S5,238450728,5008,21844                                
2026-09-27T00:04:09.050	TEL,280,S5,238460728,5008,21844                                
2026-09-27T00:04:09.050	TEL,281,S5,238470728,5008,21844                                
2026-09-27T00:04:09.050	TEL,282,S5,238480728,5008,21844                                
2026-09-27T00:04:09.050	TEL,283,S5,238490728,5008,21844                                
2026-09-27T00:04:09.050	TEL,284,S5,238500728,5008,21844                                
2026-09-27T00:04:09.050	TEL,285,S5,238510728,5008,21844                                
2026-09-27T00:04:09.050	TEL,286,S5,238520728,5008,21844                                
2026-09-27T00:04:09.050	TEL,287,S5,238530728,5008,21844                                
2026-09-27T00:04:09.050	TEL,288,S5,238540728,5008,21844                                
2026-09-27T00:04:09.050	TEL,289,S5,238550728,5008,21844                                
2026-09-27T00:04:09.050	TEL,290,S5,238560728,5008,21844                                
2026-09-27T00:04:09.050	TEL,291,S5,238570728,5008,21844                                
2026-09-27T00:04:09.050	TEL,292,S5,238580728,5008,21844                                
2026-09-27T00:04:09.050	TEL,293,S5,238590728,5008,21844                                
2026-09-27T00:04:09.050	TEL,294,S5,238600728,5008,21844                                
2026-09-27T00:04:09.050	TEL,295,S5,238610728,5008,21844                                
2026-09-27T00:04:09.050	TEL,296,S5,238620728,5008,21844                                
2026-09-27T00:04:09.050	TEL,297,S5,238630728,5008,21844                                
2026-09-27T00:04:09.050	TEL,298,S5,238640728,5008,21844                                
2026-09-27T00:04:09.050	TEL,299,S5,238650728,5008,21844                                
2026-09-27T00:04:09.050	TEL,300,S5,238660728,5008,21844                                
2026-09-27T00:04:09.050	TEL,301,S5,238670728,5008,21844                                
2026-09-27T00:04:09.050	TEL,302,S5,238680728,5008,21844                                
2026-09-27T00:04:09.050	TEL,303,S5,238690728,5008,21844                                
2026-09-27T00:04:09.050	TEL,304,S5,238700728,5008,21844                                
2026-09-27T00:04:09.050	TEL,305,S5,238710728,5008,21844                                
2026-09-27T00:04:09.050	TEL,306,S5,238720728,5008,21844                                
2026-09-27T00:04:09.050	TEL,307,S5,238730728,5008,21844                                
2026-09-27T00:04:09.050	TEL,308,S5,238740728,5008,21844                                
2026-09-27T00:04:09.050	TEL,309,S5,238750728,5008,21844                                
2026-09-27T00:04:09.050	TEL,310,S5,238760728,5008,21844                                
2026-09-27T00:04:09.671	TEL,311,S5,238770728,5008,21844                                
2026-09-27T00:04:09.671	TEL,312,S5,238780728,5008,21844                                
2026-09-27T00:04:09.671	TEL,313,S5,238790728,5008,21844                                
2026-09-27T00:04:09.671	TEL,314,S5,238800728,5008,21844                                
2026-09-27T00:04:09.671	TEL,315,S5,238810728,5008,21844                                
2026-09-27T00:04:09.671	TEL,316,S5,238820728,5008,21844                                
2026-09-27T00:04:09.671	TEL,317,S5,238830728,5008,21844                                
2026-09-27T00:04:09.671	TEL,318,S5,238840728,5008,21844                                
2026-09-27T00:04:09.671	TEL,319,S5,238850728,5008,21844                                
2026-09-27T00:04:09.671	TEL,320,S5,238860728,5008,21844                                
2026-09-27T00:04:09.671	TEL,321,S5,238870728,5008,21844                                
2026-09-27T00:04:09.671	TEL,322,S5,238880728,5008,21844                                
2026-09-27T00:04:09.671	TEL,323,S5,238890728,5008,21844                                
2026-09-27T00:04:09.671	TEL,324,S5,238900728,5008,21844                                
2026-09-27T00:04:09.671	TEL,325,S5,238910728,5008,21844                                
2026-09-27T00:04:09.671	TEL,326,S5,238920728,5008,21844                                
2026-09-27T00:04:09.671	TEL,327,S5,238930728,5008,21844                                
2026-09-27T00:04:09.671	TEL,328,S5,238940728,5008,21844                                
2026-09-27T00:04:09.671	TEL,329,S5,238950728,5008,21844                                
2026-09-27T00:04:09.671	TEL,330,S5,238960728,5008,21844                                
2026-09-27T00:04:09.671	TEL,331,S5,238970728,5008,21844                                
2026-09-27T00:04:09.671	TEL,332,S5,238980728,5008,21844                                
2026-09-27T00:04:09.671	TEL,333,S5,238990728,5008,21844                                
2026-09-27T00:04:09.671	TEL,334,S5,239000728,5008,21844                                
2026-09-27T00:04:09.671	TEL,335,S5,239010728,5008,21844                                
2026-09-27T00:04:09.671	TEL,336,S5,239020728,5008,21844                                
2026-09-27T00:04:09.671	TEL,337,S5,239030728,5008,21844                                
2026-09-27T00:04:09.671	TEL,338,S5,239040728,5008,21844                                
2026-09-27T00:04:09.671	TEL,339,S5,239050728,5008,21844                                
2026-09-27T00:04:09.671	TEL,340,S5,239060728,5008,21844                                
2026-09-27T00:04:09.671	TEL,341,S5,239070728,5008,21844                                
2026-09-27T00:04:09.671	TEL,342,S5,239080728,5008,21844                                
2026-09-27T00:04:09.671	TEL,343,S5,239090728,5008,21844                                
2026-09-27T00:04:09.671	TEL,344,S5,239100728,5008,21844                                
2026-09-27T00:04:09.671	TEL,345,S5,239110728,5008,21844                                
2026-09-27T00:04:09.671	TEL,346,S5,239120728,5008,21844                                
2026-09-27T00:04:09.671	TEL,347,S5,239130728,5008,21844                                
2026-09-27T00:04:09.671	TEL,348,S5,239140728,5008,21844                                
2026-09-27T00:04:09.671	TEL,349,S5,239150728,5008,21844                                
2026-09-27T00:04:09.671	TEL,350,S5,239160728,5008,21844                                
2026-09-27T00:04:09.671	TEL,351,S5,239170728,5008,21844                                
2026-09-27T00:04:09.671	TEL,352,S5,239180728,5008,21844                                
2026-09-27T00:04:09.671	TEL,353,S5,239190728,5008,21844                                
2026-09-27T00:04:09.671	TEL,354,S5,239200728,5008,21844                                
2026-09-27T00:04:09.671	TEL,355,S5,239210728,5008,21844                                
2026-09-27T00:04:09.671	TEL,356,S5,239220728,5008,21844                                
2026-09-27T00:04:09.671	TEL,357,S5,239230728,5008,21844                                
2026-09-27T00:04:09.671	TEL,358,S5,239240728,5008,21844                                
2026-09-27T00:04:09.671	TEL,359,S5,239250728,5008,21844                                
2026-09-27T00:04:09.671	TEL,360,S5,239260728,5008,21844                                
2026-09-27T00:04:09.671	TEL,361,S5,239270728,5008,21844                                
2026-09-27T00:04:09.671	TEL,362,S5,239280728,5008,21844                                
2026-09-27T00:04:09.671	TEL,363,S5,239290728,5008,21844                                
2026-09-27T00:04:09.671	TEL,364,S5,239300728,5008,21844                                
2026-09-27T00:04:09.671	TEL,365,S5,239310728,5008,21844                                
2026-09-27T00:04:09.671	TEL,366,S5,239320728,5008,21844                                
2026-09-27T00:04:09.671	TEL,367,S5,239330728,5008,21844                                
2026-09-27T00:04:09.671	TEL,368,S5,239340728,5008,21844                                
2026-09-27T00:04:09.671	TEL,369,S5,239350728,5008,21844                                
2026-09-27T00:04:09.671	TEL,370,S5,239360728,5008,21844                                
2026-09-27T00:04:09.671	TEL,371,S5,239370728,5008,21844                                
2026-09-27T00:04:09.671	TEL,372,S5,239380728,5008,21844                                
2026-09-27T00:04:10.291	TEL,373,S5,239390728,5008,21844                                
2026-09-27T00:04:10.291	TEL,374,S5,239400728,5008,21844                                
2026-09-27T00:04:10.291	TEL,375,S5,239410728,5008,21844                                
2026-09-27T00:04:10.291	TEL,376,S5,239420728,5008,21844                                
2026-09-27T00:04:10.291	TEL,377,S5,239430728,5008,21844                                
2026-09-27T00:04:10.291	TEL,378,S5,239440728,5008,21844                                
2026-09-27T00:04:10.291	TEL,379,S5,239450728,5008,21844                                
2026-09-27T00:04:10.291	TEL,380,S5,239460728,5008,21844                                
2026-09-27T00:04:10.291	TEL,381,S5,239470728,5008,21844                                
2026-09-27T00:04:10.291	TEL,382,S5,239480728,5008,21844                                
2026-09-27T00:04:10.291	TEL,383,S5,239490728,5008,21844                                
2026-09-27T00:04:10.291	TEL,384,S5,239500728,5008,21844                                
2026-09-27T00:04:10.291	TEL,385,S5,239510728,5008,21844                                
2026-09-27T00:04:10.291	TEL,386,S5,239520728,5008,21844                                
2026-09-27T00:04:10.291	TEL,387,S5,239530728,5008,21844                                
2026-09-27T00:04:10.291	TEL,388,S5,239540728,5008,21844                                
2026-09-27T00:04:10.291	TEL,389,S5,239550728,5008,21844                                
2026-09-27T00:04:10.291	TEL,390,S5,239560728,5008,21844                                
2026-09-27T00:04:10.291	TEL,391,S5,239570728,5008,21844                                
2026-09-27T00:04:10.291	TEL,392,S5,239580728,5008,21844                                
2026-09-27T00:04:10.291	TEL,393,S5,239590728,5008,21844                                
2026-09-27T00:04:10.291	TEL,394,S5,239600728,5008,21844                                
2026-09-27T00:04:10.291	TEL,395,S5,239610728,5008,21844                                
2026-09-27T00:04:10.291	TEL,396,S5,239620728,5008,21844                                
2026-09-27T00:04:10.291	TEL,397,S5,239630728,5008,21844                                
2026-09-27T00:04:10.291	TEL,398,S5,239640728,5008,21844                                
2026-09-27T00:04:10.291	TEL,399,S5,239650728,5008,21844                                
2026-09-27T00:04:10.291	TEL,400,S5,239660728,5008,21844                                
2026-09-27T00:04:10.291	TEL,401,S5,239670728,5008,21844                                
2026-09-27T00:04:10.291	TEL,402,S5,239680728,5008,21844                                
2026-09-27T00:04:10.291	TEL,403,S5,239690728,5008,21844                                
2026-09-27T00:04:10.291	TEL,404,S5,239700728,5008,21844                                
2026-09-27T00:04:10.291	TEL,405,S5,239710728,5008,21844                                
2026-09-27T00:04:10.291	TEL,406,S5,239720728,5008,21844                                
2026-09-27T00:04:10.291	TEL,407,S5,239730728,5008,21844                                
2026-09-27T00:04:10.291	TEL,408,S5,239740728,5008,21844                                
2026-09-27T00:04:10.291	TEL,409,S5,239750728,5008,21844                                
2026-09-27T00:04:10.291	TEL,410,S5,239760728,5008,21844                                
2026-09-27T00:04:10.291	TEL,411,S5,239770728,5008,21844                                
2026-09-27T00:04:10.291	TEL,412,S5,239780728,5008,21844                                
2026-09-27T00:04:10.291	TEL,413,S5,239790728,5008,21844                                
2026-09-27T00:04:10.291	TEL,414,S5,239800728,5008,21844                                
2026-09-27T00:04:10.291	TEL,415,S5,239810728,5008,21844                                
2026-09-27T00:04:10.291	TEL,416,S5,239820728,5008,21844                                
2026-09-27T00:04:10.291	TEL,417,S5,239830728,5008,21844                                
2026-09-27T00:04:10.291	TEL,418,S5,239840728,5008,21844                                
2026-09-27T00:04:10.291	TEL,419,S5,239850728,5008,21844                                
2026-09-27T00:04:10.291	TEL,420,S5,239860728,5008,21844                                
2026-09-27T00:04:10.291	TEL,421,S5,239870728,5008,21844                                
2026-09-27T00:04:10.291	TEL,422,S5,239880728,5008,21844                                
2026-09-27T00:04:10.291	TEL,423,S5,239890728,5008,21844                                
2026-09-27T00:04:10.291	TEL,424,S5,239900728,5008,21844                                
2026-09-27T00:04:10.291	TEL,425,S5,239910728,5008,21844                                
2026-09-27T00:04:10.291	TEL,426,S5,239920728,5008,21844                                
2026-09-27T00:04:10.291	TEL,427,S5,239930728,5008,21844                                
2026-09-27T00:04:10.291	TEL,428,S5,239940728,5008,21844                                
2026-09-27T00:04:10.291	TEL,429,S5,239950728,5008,21844                                
2026-09-27T00:04:10.291	TEL,430,S5,239960728,5008,21844                                
2026-09-27T00:04:10.291	TEL,431,S5,239970728,5008,21844                                
2026-09-27T00:04:10.291	TEL,432,S5,239980728,5008,21844                                
2026-09-27T00:04:10.291	TEL,433,S5,239990728,5008,21844                                
2026-09-27T00:04:10.291	TEL,434,S5,240000728,5008,21844                                
2026-09-27T00:04:10.908	TEL,435,S5,240010728,5008,21844                                
2026-09-27T00:04:10.908	TEL,436,S5,240020728,5008,21844                                
2026-09-27T00:04:10.908	TEL,437,S5,240030728,5008,21844                                
2026-09-27T00:04:10.908	TEL,438,S5,240040728,5008,21844                                
2026-09-27T00:04:10.908	TEL,439,S5,240050728,5008,21844                                
2026-09-27T00:04:10.908	TEL,440,S5,240060728,5008,21844                                
2026-09-27T00:04:10.908	TEL,441,S5,240070728,5008,21844                                
2026-09-27T00:04:10.908	TEL,442,S5,240080728,5008,21844                                
2026-09-27T00:04:10.908	TEL,443,S5,240090728,5008,21844                                
2026-09-27T00:04:10.908	TEL,444,S5,240100728,5008,21844                                
2026-09-27T00:04:10.908	TEL,445,S5,240110728,5008,21844                                
2026-09-27T00:04:10.908	TEL,446,S5,240120728,5008,21844                                
2026-09-27T00:04:10.908	TEL,447,S5,240130728,5008,21844                                
2026-09-27T00:04:10.908	TEL,448,S5,240140728,5008,21844                                
2026-09-27T00:04:10.908	TEL,449,S5,240150728,5008,21844                                
2026-09-27T00:04:10.908	TEL,450,S5,240160728,5008,21844                                
2026-09-27T00:04:10.908	TEL,451,S5,240170728,5008,21844                                
2026-09-27T00:04:10.908	TEL,452,S5,240180728,5008,21844                                
2026-09-27T00:04:10.908	TEL,453,S5,240190728,5008,21844                                
2026-09-27T00:04:10.908	TEL,454,S5,240200728,5008,21844                                
2026-09-27T00:04:10.908	TEL,455,S5,240210728,5008,21844                                
2026-09-27T00:04:10.908	TEL,456,S5,240220728,5008,21844                                
2026-09-27T00:04:10.908	TEL,457,S5,240230728,5008,21844                                
2026-09-27T00:04:10.908	TEL,458,S5,240240728,5008,21844                                
2026-09-27T00:04:10.908	TEL,459,S5,240250728,5008,21844                                
2026-09-27T00:04:10.908	TEL,460,S5,240260728,5008,21844                                
2026-09-27T00:04:10.908	TEL,461,S5,240270728,5008,21844                                
2026-09-27T00:04:10.908	TEL,462,S5,240280728,5008,21844                                
2026-09-27T00:04:10.908	TEL,463,S5,240290728,5008,21844                                
2026-09-27T00:04:10.908	TEL,464,S5,240300728,5008,21844                                
2026-09-27T00:04:10.908	TEL,465,S5,240310728,5008,21844                                
2026-09-27T00:04:10.908	TEL,466,S5,240320728,5008,21844                                
2026-09-27T00:04:10.908	TEL,467,S5,240330728,5008,21844                                
2026-09-27T00:04:10.908	TEL,468,S5,240340728,5008,21844                                
2026-09-27T00:04:10.908	TEL,469,S5,240350728,5008,21844                                
2026-09-27T00:04:10.908	TEL,470,S5,240360728,5008,21844                                
2026-09-27T00:04:10.908	TEL,471,S5,240370728,5008,21844                                
2026-09-27T00:04:10.908	TEL,472,S5,240380728,5008,21844                                
2026-09-27T00:04:10.908	TEL,473,S5,240390728,5008,21844                                
2026-09-27T00:04:10.908	TEL,474,S5,240400728,5008,21844                                
2026-09-27T00:04:10.908	TEL,475,S5,240410728,5008,21844                                
2026-09-27T00:04:10.908	TEL,476,S5,240420728,5008,21844                                
2026-09-27T00:04:10.908	TEL,477,S5,240430728,5008,21844                                
2026-09-27T00:04:10.908	TEL,478,S5,240440728,5008,21844                                
2026-09-27T00:04:10.908	TEL,479,S5,240450728,5008,21844                                
2026-09-27T00:04:10.908	TEL,480,S5,240460728,5008,21844                                
2026-09-27T00:04:10.908	TEL,481,S5,240470728,5008,21844                                
2026-09-27T00:04:10.908	TEL,482,S5,240480728,5008,21844                                
2026-09-27T00:04:10.908	TEL,483,S5,240490728,5008,21844                                
2026-09-27T00:04:10.908	TEL,484,S5,240500728,5008,21844                                
2026-09-27T00:04:10.908	TEL,485,S5,240510728,5008,21844                                
2026-09-27T00:04:10.908	TEL,486,S5,240520728,5008,21844                                
2026-09-27T00:04:10.908	TEL,487,S5,240530728,5008,21844                                
2026-09-27T00:04:10.908	TEL,488,S5,240540728,5008,21844                                
2026-09-27T00:04:10.908	TEL,489,S5,240550728,5008,21844                                
2026-09-27T00:04:10.908	TEL,490,S5,240560728,5008,21844                                
2026-09-27T00:04:10.908	TEL,491,S5,240570728,5008,21844                                
2026-09-27T00:04:10.908	TEL,492,S5,240580728,5008,21844                                
2026-09-27T00:04:10.908	TEL,493,S5,240590728,5008,21844                                
2026-09-27T00:04:10.908	TEL,494,S5,240600728,5008,21844                                
2026-09-27T00:04:10.908	TEL,495,S5,240610728,5008,21844                                
2026-09-27T00:04:10.908	TEL,496,S5,240620728,5008,21844                                
2026-09-27T00:04:11.531	TEL,497,S5,240630728,5008,21844                                
2026-09-27T00:04:11.531	TEL,498,S5,240640728,5008,21844                                
2026-09-27T00:04:11.531	TEL,499,S5,240650728,5008,21844                                
2026-09-27T00:04:11.531	TEL,500,S5,240660728,5008,21844                                
2026-09-27T00:04:11.531	TEL,501,S5,240670728,5008,21844                                
2026-09-27T00:04:11.531	TEL,502,S5,240680728,5008,21844                                
2026-09-27T00:04:11.531	TEL,503,S5,240690728,5008,21844                                
2026-09-27T00:04:11.531	TEL,504,S5,240700728,5008,21844                                
2026-09-27T00:04:11.531	TEL,505,S5,240710728,5008,21844                                
2026-09-27T00:04:11.531	TEL,506,S5,240720728,5008,21844                                
2026-09-27T00:04:11.531	TEL,507,S5,240730728,5008,21844                                
2026-09-27T00:04:11.531	TEL,508,S5,240740728,5008,21844                                
2026-09-27T00:04:11.531	TEL,509,S5,240750728,5008,21844                                
2026-09-27T00:04:11.531	TEL,510,S5,240760728,5008,21844                                
2026-09-27T00:04:11.531	TEL,511,S5,240770728,5008,21844                                
2026-09-27T00:04:11.531	TEL,512,S5,240780728,5008,21844                                
2026-09-27T00:04:11.531	TEL,513,S5,240790728,5008,21844                                
2026-09-27T00:04:11.531	TEL,514,S5,240800728,5008,21844                                
2026-09-27T00:04:11.531	TEL,515,S5,240810728,5008,21844                                
2026-09-27T00:04:11.531	TEL,516,S5,240820728,5008,21844                                
2026-09-27T00:04:11.531	TEL,517,S5,240830728,5008,21844                                
2026-09-27T00:04:11.531	TEL,518,S5,240840728,5008,21844                                
2026-09-27T00:04:11.531	TEL,519,S5,240850728,5008,21844                                
2026-09-27T00:04:11.531	TEL,520,S5,240860728,5008,21844                                
2026-09-27T00:04:11.531	TEL,521,S5,240870728,5008,21844                                
2026-09-27T00:04:11.531	TEL,522,S5,240880728,5008,21844                                
2026-09-27T00:04:11.531	TEL,523,S5,240890728,5008,21844                                
2026-09-27T00:04:11.531	TEL,524,S5,240900728,5008,21844                                
2026-09-27T00:04:11.531	TEL,525,S5,240910728,5008,21844                                
2026-09-27T00:04:11.531	TEL,526,S5,240920728,5008,21844                                
2026-09-27T00:04:11.531	TEL,527,S5,240930728,5008,21844                                
2026-09-27T00:04:11.531	TEL,528,S5,240940728,5008,21844                                
2026-09-27T00:04:11.531	TEL,529,S5,240950728,5008,21844                                
2026-09-27T00:04:11.531	TEL,530,S5,240960728,5008,21844                                
2026-09-27T00:04:11.531	TEL,531,S5,240970728,5008,21844                                
2026-09-27T00:04:11.531	TEL,532,S5,240980728,5008,21844                                
2026-09-27T00:04:11.531	TEL,533,S5,240990728,5008,21844                                
2026-09-27T00:04:11.531	TEL,534,S5,241000728,5008,21844                                
2026-09-27T00:04:11.531	TEL,535,S5,241010728,5008,21844                                
2026-09-27T00:04:11.531	TEL,536,S5,241020728,5008,21844                                
2026-09-27T00:04:11.531	TEL,537,S5,241030728,5008,21844                                
2026-09-27T00:04:11.531	TEL,538,S5,241040728,5008,21844                                
2026-09-27T00:04:11.531	TEL,539,S5,241050728,5008,21844                                
2026-09-27T00:04:11.531	TEL,540,S5,241060728,5008,21844                                
2026-09-27T00:04:11.531	TEL,541,S5,241070728,5008,21844                                
2026-09-27T00:04:11.531	TEL,542,S5,241080728,5008,21844                                
2026-09-27T00:04:11.531	TEL,543,S5,241090728,5008,21844                                
2026-09-27T00:04:11.531	TEL,544,S5,241100728,5008,21844                                
2026-09-27T00:04:11.531	TEL,545,S5,241110728,5008,21844                                
2026-09-27T00:04:11.531	TEL,546,S5,241120728,5008,21844                                
2026-09-27T00:04:11.531	TEL,547,S5,241130728,5008,21844                                
2026-09-27T00:04:11.531	TEL,548,S5,241140728,5008,21844                                
2026-09-27T00:04:11.531	TEL,549,S5,241150728,5008,21844                                
2026-09-27T00:04:11.531	TEL,550,S5,241160728,5008,21844                                
2026-09-27T00:04:11.531	TEL,551,S5,241170728,5008,21844                                
2026-09-27T00:04:11.531	TEL,552,S5,241180728,5008,21844                                
2026-09-27T00:04:11.531	TEL,553,S5,241190728,5008,21844                                
2026-09-27T00:04:11.531	TEL,554,S5,241200728,5008,21844                                
2026-09-27T00:04:11.531	TEL,555,S5,241210728,5008,21844                                
2026-09-27T00:04:11.531	TEL,556,S5,241220728,5008,21844                                
2026-09-27T00:04:11.531	TEL,557,S5,241230728,5008,21844                                
2026-09-27T00:04:11.531	TEL,558,S5,241240728,5008,21844                                
2026-09-27T00:04:12.148	TEL,559,S5,241250728,5008,21844                                
2026-09-27T00:04:12.148	TEL,560,S5,241260728,5008,21844                                
2026-09-27T00:04:12.148	TEL,561,S5,241270728,5008,21844                                
2026-09-27T00:04:12.148	TEL,562,S5,241280728,5008,21844                                
2026-09-27T00:04:12.148	TEL,563,S5,241290728,5008,21844                                
2026-09-27T00:04:12.148	TEL,564,S5,241300728,5008,21844                                
2026-09-27T00:04:12.148	TEL,565,S5,241310728,5008,21844                                
2026-09-27T00:04:12.148	TEL,566,S5,241320728,5008,21844                                
2026-09-27T00:04:12.148	TEL,567,S5,241330728,5008,21844                                
2026-09-27T00:04:12.148	TEL,568,S5,241340728,5008,21844                                
2026-09-27T00:04:12.148	TEL,569,S5,241350728,5008,21844                                
2026-09-27T00:04:12.148	TEL,570,S5,241360728,5008,21844                                
2026-09-27T00:04:12.148	TEL,571,S5,241370728,5008,21844                                
2026-09-27T00:04:12.148	TEL,572,S5,241380728,5008,21844                                
2026-09-27T00:04:12.148	TEL,573,S5,241390728,5008,21844                                
2026-09-27T00:04:12.148	TEL,574,S5,241400728,5008,21844                                
2026-09-27T00:04:12.148	TEL,575,S5,241410728,5008,21844                                
2026-09-27T00:04:12.148	TEL,576,S5,241420728,5008,21844                                
2026-09-27T00:04:12.148	TEL,577,S5,241430728,5008,21844                                
2026-09-27T00:04:12.148	TEL,578,S5,241440728,5008,21844                                
2026-09-27T00:04:12.148	TEL,579,S5,241450728,5008,21844                                
2026-09-27T00:04:12.148	TEL,580,S5,241460728,5008,21844                                
2026-09-27T00:04:12.148	TEL,581,S5,241470728,5008,21844                                
2026-09-27T00:04:12.148	TEL,582,S5,241480728,5008,21844                                
2026-09-27T00:04:12.148	TEL,583,S5,241490728,5008,21844                                
2026-09-27T00:04:12.148	TEL,584,S5,241500728,5008,21844                                
2026-09-27T00:04:12.148	TEL,585,S5,241510728,5008,21844                                
2026-09-27T00:04:12.148	TEL,586,S5,241520728,5008,21844                                
2026-09-27T00:04:12.148	TEL,587,S5,241530728,5008,21844                                
2026-09-27T00:04:12.148	TEL,588,S5,241540728,5008,21844                                
2026-09-27T00:04:12.148	TEL,589,S5,241550728,5008,21844                                
2026-09-27T00:04:12.148	TEL,590,S5,241560728,5008,21844                                
2026-09-27T00:04:12.148	TEL,591,S5,241570728,5008,21844                                
2026-09-27T00:04:12.148	TEL,592,S5,241580728,5008,21844                                
2026-09-27T00:04:12.148	TEL,593,S5,241590728,5008,21844                                
2026-09-27T00:04:12.148	TEL,594,S5,241600728,5008,21844                                
2026-09-27T00:04:12.148	TEL,595,S5,241610733,5012,21844                                
2026-09-27T00:04:12.148	BTN,1,S5,PRESSED                                               
2026-09-27T00:04:12.148	TEL,596,S5,241620728,5008,21844                                
2026-09-27T00:04:12.148	TEL,597,S5,241630728,5008,21844                                
2026-09-27T00:04:12.148	TEL,598,S5,241640728,5008,21844                                
2026-09-27T00:04:12.148	TEL,599,S5,241650728,5008,21844                                
2026-09-27T00:04:12.148	TEL,600,S5,241660728,5008,21844                                
2026-09-27T00:04:12.148	TEL,601,S5,241670728,5008,21844                                
2026-09-27T00:04:12.148	TEL,602,S5,241680728,5008,21844                                
2026-09-27T00:04:12.148	TEL,603,S5,241690728,5008,21844                                
2026-09-27T00:04:12.148	TEL,604,S5,241700728,5008,21844                                
2026-09-27T00:04:12.148	TEL,605,S5,241710728,5008,21844                                
2026-09-27T00:04:12.148	TEL,606,S5,241720728,5008,21844                                
2026-09-27T00:04:12.148	TEL,607,S5,241730729,5009,21844                                
2026-09-27T00:04:12.148	TEL,608,S5,241740728,5008,21844                                
2026-09-27T00:04:12.148	TEL,609,S5,241750728,5008,21844                                
2026-09-27T00:04:12.148	TEL,610,S5,241760728,5008,21844                                
2026-09-27T00:04:12.148	TEL,611,S5,241770728,5008,21844                                
2026-09-27T00:04:12.148	TEL,612,S5,241780728,5008,21844                                
2026-09-27T00:04:12.148	TEL,613,S5,241790728,5008,21844                                
2026-09-27T00:04:12.148	TEL,614,S5,241800728,5008,21844                                
2026-09-27T00:04:12.148	TEL,615,S5,241810728,5008,21844                                
2026-09-27T00:04:12.148	TEL,616,S5,241820728,5008,21844                                
2026-09-27T00:04:12.148	TEL,617,S5,241830728,5008,21844                                
2026-09-27T00:04:12.148	TEL,618,S5,241840728,5008,21844                                
2026-09-27T00:04:12.148	TEL,619,S5,241850728,5008,21844                                
2026-09-27T00:04:12.770	TEL,620,S5,241860728,5008,21844                                
2026-09-27T00:04:12.770	TEL,621,S5,241870728,5008,21844                                
2026-09-27T00:04:12.770	TEL,622,S5,241880728,5008,21844                                
2026-09-27T00:04:12.770	TEL,623,S5,241890728,5008,21844                                
2026-09-27T00:04:12.770	TEL,624,S5,241900728,5008,21844                                
2026-09-27T00:04:12.770	TEL,625,S5,241910728,5008,21844                                
2026-09-27T00:04:12.770	TEL,626,S5,241920728,5008,21844                                
2026-09-27T00:04:12.770	TEL,627,S5,241930728,5008,21844                                
2026-09-27T00:04:12.770	TEL,628,S5,241940728,5008,21844                                
2026-09-27T00:04:12.770	TEL,629,S5,241950728,5008,21844                                
2026-09-27T00:04:12.770	TEL,630,S5,241960728,5008,21844                                
2026-09-27T00:04:12.770	TEL,631,S5,241970728,5008,21844                                
2026-09-27T00:04:12.770	TEL,632,S5,241980728,5008,21844                                
2026-09-27T00:04:12.770	TEL,633,S5,241990728,5008,21844                                
2026-09-27T00:04:12.770	TEL,634,S5,242000728,5008,21844                                
2026-09-27T00:04:12.770	TEL,635,S5,242010728,5008,21844                                
2026-09-27T00:04:12.770	TEL,636,S5,242020728,5008,21844                                
2026-09-27T00:04:12.770	TEL,637,S5,242030728,5008,21844                                
2026-09-27T00:04:12.770	TEL,638,S5,242040728,5008,21844                                
2026-09-27T00:04:12.770	TEL,639,S5,242050728,5008,21844                                
2026-09-27T00:04:12.770	TEL,640,S5,242060728,5008,21844                                
2026-09-27T00:04:12.770	TEL,641,S5,242070728,5008,21844                                
2026-09-27T00:04:12.770	TEL,642,S5,242080728,5008,21844                                
2026-09-27T00:04:12.770	TEL,643,S5,242090728,5008,21844                                
2026-09-27T00:04:12.770	TEL,644,S5,242100728,5008,21844                                
2026-09-27T00:04:12.770	TEL,645,S5,242110728,5008,21844                                
2026-09-27T00:04:12.770	TEL,646,S5,242120728,5008,21844                                
2026-09-27T00:04:12.770	TEL,647,S5,242130728,5008,21844                                
2026-09-27T00:04:12.770	TEL,648,S5,242140728,5008,21844                                
2026-09-27T00:04:12.770	TEL,649,S5,242150728,5008,21844                                
2026-09-27T00:04:12.770	TEL,650,S5,242160728,5008,21844                                
2026-09-27T00:04:12.770	TEL,651,S5,242170728,5008,21844                                
2026-09-27T00:04:12.770	TEL,652,S5,242180728,5008,21844                                
2026-09-27T00:04:12.770	TEL,653,S5,242190728,5008,21844                                
2026-09-27T00:04:12.770	TEL,654,S5,242200728,5008,21844                                
2026-09-27T00:04:12.770	TEL,655,S5,242210728,5008,21844                                
2026-09-27T00:04:12.770	TEL,656,S5,242220728,5008,21844                                
2026-09-27T00:04:12.770	TEL,657,S5,242230728,5008,21844                                
2026-09-27T00:04:12.770	TEL,658,S5,242240728,5008,21844                                
2026-09-27T00:04:12.770	TEL,659,S5,242250728,5008,21844                                
2026-09-27T00:04:12.770	TEL,660,S5,242260728,5008,21844                                
2026-09-27T00:04:12.770	TEL,661,S5,242270728,5008,21844                                
2026-09-27T00:04:12.770	TEL,662,S5,242280728,5008,21844                                
2026-09-27T00:04:12.770	TEL,663,S5,242290728,5008,21844                                
2026-09-27T00:04:12.770	TEL,664,S5,242300728,5008,21844                                
2026-09-27T00:04:12.770	TEL,665,S5,242310728,5008,21844                                
2026-09-27T00:04:12.770	TEL,666,S5,242320728,5008,21844                                
2026-09-27T00:04:12.770	TEL,667,S5,242330728,5008,21844                                
2026-09-27T00:04:12.770	TEL,668,S5,242340728,5008,21844                                
2026-09-27T00:04:12.770	TEL,669,S5,242350728,5008,21844                                
2026-09-27T00:04:12.770	TEL,670,S5,242360728,5008,21844                                
2026-09-27T00:04:12.770	TEL,671,S5,242370733,5013,21844                                
2026-09-27T00:04:12.770	BTN,2,S5,PRESSED                                               
2026-09-27T00:04:12.770	TEL,672,S5,242380728,5008,21844                                
2026-09-27T00:04:12.770	TEL,673,S5,242390728,5008,21844                                
2026-09-27T00:04:12.770	TEL,674,S5,242400728,5008,21844                                
2026-09-27T00:04:12.770	TEL,675,S5,242410728,5008,21844                                
2026-09-27T00:04:12.770	TEL,676,S5,242420728,5008,21844                                
2026-09-27T00:04:12.770	TEL,677,S5,242430728,5008,21844                                
2026-09-27T00:04:12.770	TEL,678,S5,242440728,5008,21844                                
2026-09-27T00:04:12.770	TEL,679,S5,242450728,5008,21844                                
2026-09-27T00:04:12.770	TEL,680,S5,242460728,5008,21844                                
2026-09-27T00:04:13.386	TEL,681,S5,242470728,5008,21844                                
2026-09-27T00:04:13.386	TEL,682,S5,242480728,5008,21844                                
2026-09-27T00:04:13.386	TEL,683,S5,242490728,5008,21844                                
2026-09-27T00:04:13.386	TEL,684,S5,242500728,5008,21844                                
2026-09-27T00:04:13.386	TEL,685,S5,242510728,5008,21844                                
2026-09-27T00:04:13.386	TEL,686,S5,242520728,5008,21844                                
2026-09-27T00:04:13.386	TEL,687,S5,242530728,5008,21844                                
2026-09-27T00:04:13.386	TEL,688,S5,242540729,5009,21844                                
2026-09-27T00:04:13.386	TEL,689,S5,242550728,5008,21844                                
2026-09-27T00:04:13.386	TEL,690,S5,242560728,5008,21844                                
2026-09-27T00:04:13.386	TEL,691,S5,242570728,5008,21844                                
2026-09-27T00:04:13.386	TEL,692,S5,242580728,5008,21844                                
2026-09-27T00:04:13.386	TEL,693,S5,242590728,5008,21844                                
2026-09-27T00:04:13.386	TEL,694,S5,242600728,5008,21844                                
2026-09-27T00:04:13.386	TEL,695,S5,242610728,5008,21844                                
2026-09-27T00:04:13.386	TEL,696,S5,242620728,5008,21844                                
2026-09-27T00:04:13.386	TEL,697,S5,242630728,5008,21844                                
2026-09-27T00:04:13.386	TEL,698,S5,242640728,5008,21844                                
2026-09-27T00:04:13.386	TEL,699,S5,242650728,5008,21844                                
2026-09-27T00:04:13.386	TEL,700,S5,242660728,5008,21844                                
2026-09-27T00:04:13.386	TEL,701,S5,242670728,5008,21844                                
2026-09-27T00:04:13.386	TEL,702,S5,242680728,5008,21844                                
2026-09-27T00:04:13.386	TEL,703,S5,242690728,5008,21844                                
2026-09-27T00:04:13.386	TEL,704,S5,242700728,5008,21844                                
2026-09-27T00:04:13.386	TEL,705,S5,242710728,5008,21844                                
2026-09-27T00:04:13.386	TEL,706,S5,242720728,5008,21844                                
2026-09-27T00:04:13.386	TEL,707,S5,242730728,5008,21844                                
2026-09-27T00:04:13.386	TEL,708,S5,242740728,5008,21844                                
2026-09-27T00:04:13.386	TEL,709,S5,242750728,5008,21844                                
2026-09-27T00:04:13.386	TEL,710,S5,242760728,5008,21844                                
2026-09-27T00:04:13.386	TEL,711,S5,242770728,5008,21844                                
2026-09-27T00:04:13.386	TEL,712,S5,242780728,5008,21844                                
2026-09-27T00:04:13.386	TEL,713,S5,242790728,5008,21844                                
2026-09-27T00:04:13.386	TEL,714,S5,242800728,5008,21844                                
2026-09-27T00:04:13.386	TEL,715,S5,242810728,5008,21844                                
2026-09-27T00:04:13.386	TEL,716,S5,242820728,5008,21844                                
2026-09-27T00:04:13.386	TEL,717,S5,242830728,5008,21844                                
2026-09-27T00:04:13.386	TEL,718,S5,242840728,5008,21844                                
2026-09-27T00:04:13.386	TEL,719,S5,242850728,5008,21844                                
2026-09-27T00:04:13.386	TEL,720,S5,242860728,5008,21844                                
2026-09-27T00:04:13.386	TEL,721,S5,242870728,5008,21844                                
2026-09-27T00:04:13.386	TEL,722,S5,242880728,5008,21844                                
2026-09-27T00:04:13.386	TEL,723,S5,242890728,5008,21844                                
2026-09-27T00:04:13.386	TEL,724,S5,242900728,5008,21844                                
2026-09-27T00:04:13.386	TEL,725,S5,242910728,5008,21844                                
2026-09-27T00:04:13.386	TEL,726,S5,242920728,5008,21844                                
2026-09-27T00:04:13.386	TEL,727,S5,242930728,5008,21844                                
2026-09-27T00:04:13.386	TEL,728,S5,242940728,5008,21844                                
2026-09-27T00:04:13.386	TEL,729,S5,242950728,5008,21844                                
2026-09-27T00:04:13.386	TEL,730,S5,242960728,5008,21844                                
2026-09-27T00:04:13.386	TEL,731,S5,242970728,5008,21844                                
2026-09-27T00:04:13.386	TEL,732,S5,242980733,5013,21844                                
2026-09-27T00:04:13.386	BTN,3,S5,PRESSED                                               
2026-09-27T00:04:13.386	TEL,733,S5,242990728,5008,21844                                
2026-09-27T00:04:13.386	TEL,734,S5,243000728,5008,21844                                
2026-09-27T00:04:13.386	TEL,735,S5,243010728,5008,21844                                
2026-09-27T00:04:13.386	TEL,736,S5,243020728,5008,21844                                
2026-09-27T00:04:13.386	TEL,737,S5,243030728,5008,21844                                
2026-09-27T00:04:13.386	TEL,738,S5,243040728,5008,21844                                
2026-09-27T00:04:13.386	TEL,739,S5,243050728,5008,21844                                
2026-09-27T00:04:13.386	TEL,740,S5,243060729,5009,21844                                
2026-09-27T00:04:13.386	TEL,741,S5,243070728,5008,21844                                
2026-09-27T00:04:14.010	TEL,742,S5,243080728,5008,21844                                
2026-09-27T00:04:14.010	TEL,743,S5,243090728,5008,21844                                
2026-09-27T00:04:14.010	TEL,744,S5,243100728,5008,21844                                
2026-09-27T00:04:14.010	TEL,745,S5,243110728,5008,21844                                
2026-09-27T00:04:14.010	TEL,746,S5,243120728,5008,21844                                
2026-09-27T00:04:14.010	TEL,747,S5,243130728,5008,21844                                
2026-09-27T00:04:14.010	TEL,748,S5,243140728,5008,21844                                
2026-09-27T00:04:14.010	TEL,749,S5,243150728,5008,21844                                
2026-09-27T00:04:14.010	TEL,750,S5,243160728,5008,21844                                
2026-09-27T00:04:14.010	TEL,751,S5,243170728,5008,21844                                
2026-09-27T00:04:14.010	TEL,752,S5,243180728,5008,21844                                
2026-09-27T00:04:14.010	TEL,753,S5,243190728,5008,21844                                
2026-09-27T00:04:14.010	TEL,754,S5,243200728,5008,21844                                
2026-09-27T00:04:14.010	TEL,755,S5,243210728,5008,21844                                
2026-09-27T00:04:14.010	TEL,756,S5,243220728,5008,21844                                
2026-09-27T00:04:14.010	TEL,757,S5,243230728,5008,21844                                
2026-09-27T00:04:14.010	TEL,758,S5,243240728,5008,21844                                
2026-09-27T00:04:14.010	TEL,759,S5,243250728,5008,21844                                
2026-09-27T00:04:14.010	TEL,760,S5,243260728,5008,21844                                
2026-09-27T00:04:14.010	BTN,4,S5,PRESSED                                               
2026-09-27T00:04:14.010	TEL,761,S5,243270728,5008,21844                                
2026-09-27T00:04:14.010	TEL,762,S5,243280728,5008,21844                                
2026-09-27T00:04:14.010	TEL,763,S5,243290728,5008,21844                                
2026-09-27T00:04:14.010	TEL,764,S5,243300728,5008,21844                                
2026-09-27T00:04:14.010	TEL,765,S5,243310728,5008,21844                                
2026-09-27T00:04:14.010	TEL,766,S5,243320728,5008,21844                                
2026-09-27T00:04:14.010	TEL,767,S5,243330728,5008,21844                                
2026-09-27T00:04:14.010	TEL,768,S5,243340728,5008,21844                                
2026-09-27T00:04:14.010	TEL,769,S5,243350728,5008,21844                                
2026-09-27T00:04:14.010	TEL,770,S5,243360729,5009,21844                                
2026-09-27T00:04:14.010	TEL,771,S5,243370728,5008,21844                                
2026-09-27T00:04:14.010	TEL,772,S5,243380728,5008,21844                                
2026-09-27T00:04:14.010	TEL,773,S5,243390728,5008,21844                                
2026-09-27T00:04:14.010	TEL,774,S5,243400728,5008,21844                                
2026-09-27T00:04:14.010	TEL,775,S5,243410728,5008,21844                                
2026-09-27T00:04:14.010	TEL,776,S5,243420728,5008,21844                                
2026-09-27T00:04:14.010	TEL,777,S5,243430728,5008,21844                                
2026-09-27T00:04:14.010	TEL,778,S5,243440728,5008,21844                                
2026-09-27T00:04:14.010	TEL,779,S5,243450728,5008,21844                                
2026-09-27T00:04:14.010	TEL,780,S5,243460728,5008,21844                                
2026-09-27T00:04:14.010	TEL,781,S5,243470728,5008,21844                                
2026-09-27T00:04:14.010	TEL,782,S5,243480728,5008,21844                                
2026-09-27T00:04:14.010	TEL,783,S5,243490728,5008,21844                                
2026-09-27T00:04:14.010	TEL,784,S5,243500728,5008,21844                                
2026-09-27T00:04:14.010	TEL,785,S5,243510728,5008,21844                                
2026-09-27T00:04:14.010	BTN,5,S5,PRESSED                                               
2026-09-27T00:04:14.010	TEL,786,S5,243520728,5008,21844                                
2026-09-27T00:04:14.010	TEL,787,S5,243530728,5008,21844                                
2026-09-27T00:04:14.010	TEL,788,S5,243540728,5008,21844                                
2026-09-27T00:04:14.010	TEL,789,S5,243550728,5008,21844                                
2026-09-27T00:04:14.010	TEL,790,S5,243560728,5008,21844                                
2026-09-27T00:04:14.010	TEL,791,S5,243570728,5008,21844                                
2026-09-27T00:04:14.010	TEL,792,S5,243580728,5008,21844                                
2026-09-27T00:04:14.010	TEL,793,S5,243590728,5008,21844                                
2026-09-27T00:04:14.010	TEL,794,S5,243600728,5008,21844                                
2026-09-27T00:04:14.010	TEL,795,S5,243610728,5008,21844                                
2026-09-27T00:04:14.010	TEL,796,S5,243620728,5008,21844                                
2026-09-27T00:04:14.010	TEL,797,S5,243630728,5008,21844                                
2026-09-27T00:04:14.010	TEL,798,S5,243640728,5008,21844                                
2026-09-27T00:04:14.010	TEL,799,S5,243650728,5008,21844                                
2026-09-27T00:04:14.010	TEL,800,S5,243660728,5008,21844                                
2026-09-27T00:04:14.010	TEL,801,S5,243670728,5008,21844                                
2026-09-27T00:04:14.630	TEL,802,S5,243680728,5008,21844                                
2026-09-27T00:04:14.630	TEL,803,S5,243690728,5008,21844                                
2026-09-27T00:04:14.630	TEL,804,S5,243700728,5008,21844                                
2026-09-27T00:04:14.630	TEL,805,S5,243710728,5008,21844                                
2026-09-27T00:04:14.630	TEL,806,S5,243720728,5008,21844                                
2026-09-27T00:04:14.630	TEL,807,S5,243730728,5008,21844                                
2026-09-27T00:04:14.630	TEL,808,S5,243740728,5008,21844                                
2026-09-27T00:04:14.630	TEL,809,S5,243750728,5008,21844                                
2026-09-27T00:04:14.630	TEL,810,S5,243760728,5008,21844                                
2026-09-27T00:04:14.630	TEL,811,S5,243770728,5008,21844                                
2026-09-27T00:04:14.630	TEL,812,S5,243780728,5008,21844                                
2026-09-27T00:04:14.630	TEL,813,S5,243790728,5008,21844                                
2026-09-27T00:04:14.630	TEL,814,S5,243800728,5008,21844                                
2026-09-27T00:04:14.630	TEL,815,S5,243810728,5008,21844                                
2026-09-27T00:04:14.630	TEL,816,S5,243820728,5008,21844                                
2026-09-27T00:04:14.630	TEL,817,S5,243830728,5008,21844                                
2026-09-27T00:04:14.630	TEL,818,S5,243840728,5008,21844                                
2026-09-27T00:04:14.630	TEL,819,S5,243850728,5008,21844                                
2026-09-27T00:04:14.630	TEL,820,S5,243860728,5008,21844                                
2026-09-27T00:04:14.630	TEL,821,S5,243870728,5008,21844                                
2026-09-27T00:04:14.630	TEL,822,S5,243880728,5008,21844                                
2026-09-27T00:04:14.630	TEL,823,S5,243890728,5008,21844                                
2026-09-27T00:04:14.630	TEL,824,S5,243900728,5008,21844                                
2026-09-27T00:04:14.630	TEL,825,S5,243910728,5008,21844                                
2026-09-27T00:04:14.630	TEL,826,S5,243920733,5013,21844                                
2026-09-27T00:04:14.630	BTN,6,S5,PRESSED                                               
2026-09-27T00:04:14.630	TEL,827,S5,243930728,5008,21844                                
2026-09-27T00:04:14.630	TEL,828,S5,243940728,5008,21844                                
2026-09-27T00:04:14.630	TEL,829,S5,243950728,5008,21844                                
2026-09-27T00:04:14.630	TEL,830,S5,243960728,5008,21844                                
2026-09-27T00:04:14.630	TEL,831,S5,243970728,5008,21844                                
2026-09-27T00:04:14.630	TEL,832,S5,243980728,5008,21844                                
2026-09-27T00:04:14.630	TEL,833,S5,243990728,5008,21844                                
2026-09-27T00:04:14.630	TEL,834,S5,244000728,5008,21844                                
2026-09-27T00:04:14.630	TEL,835,S5,244010729,5009,21844                                
2026-09-27T00:04:14.630	TEL,836,S5,244020728,5008,21844                                
2026-09-27T00:04:14.630	TEL,837,S5,244030728,5008,21844                                
2026-09-27T00:04:14.630	TEL,838,S5,244040728,5008,21844                                
2026-09-27T00:04:14.630	TEL,839,S5,244050728,5008,21844                                
2026-09-27T00:04:14.630	TEL,840,S5,244060728,5008,21844                                
2026-09-27T00:04:14.630	TEL,841,S5,244070728,5008,21844                                
2026-09-27T00:04:14.630	TEL,842,S5,244080728,5008,21844                                
2026-09-27T00:04:14.630	TEL,843,S5,244090728,5008,21844                                
2026-09-27T00:04:14.630	TEL,844,S5,244100728,5008,21844                                
2026-09-27T00:04:14.630	TEL,845,S5,244110728,5008,21844                                
2026-09-27T00:04:14.630	TEL,846,S5,244120728,5008,21844                                
2026-09-27T00:04:14.630	BTN,7,S5,PRESSED                                               
2026-09-27T00:04:14.630	TEL,847,S5,244130728,5008,21844                                
2026-09-27T00:04:14.630	TEL,848,S5,244140728,5008,21844                                
2026-09-27T00:04:14.630	TEL,849,S5,244150728,5008,21844                                
2026-09-27T00:04:14.630	TEL,850,S5,244160728,5008,21844                                
2026-09-27T00:04:14.630	TEL,851,S5,244170728,5008,21844                                
2026-09-27T00:04:14.630	TEL,852,S5,244180728,5008,21844                                
2026-09-27T00:04:14.630	TEL,853,S5,244190728,5008,21844                                
2026-09-27T00:04:14.630	TEL,854,S5,244200728,5008,21844                                
2026-09-27T00:04:14.630	TEL,855,S5,244210728,5008,21844                                
2026-09-27T00:04:14.630	TEL,856,S5,244220728,5008,21844                                
2026-09-27T00:04:14.630	TEL,857,S5,244230728,5008,21844                                
2026-09-27T00:04:14.630	TEL,858,S5,244240730,5010,21844                                
2026-09-27T00:04:14.630	TEL,859,S5,244250728,5008,21844                                
2026-09-27T00:04:14.630	TEL,860,S5,244260728,5008,21844                                
2026-09-27T00:04:14.630	TEL,861,S5,244270728,5008,21844                                
2026-09-27T00:04:15.249	TEL,862,S5,244280728,5008,21844                                
2026-09-27T00:04:15.249	TEL,863,S5,244290728,5008,21844                                
2026-09-27T00:04:15.249	TEL,864,S5,244300728,5008,21844                                
2026-09-27T00:04:15.249	TEL,865,S5,244310728,5008,21844                                
2026-09-27T00:04:15.249	TEL,866,S5,244320728,5008,21844                                
2026-09-27T00:04:15.249	BTN,8,S5,PRESSED                                               
2026-09-27T00:04:15.249	TEL,867,S5,244330728,5008,21844                                
2026-09-27T00:04:15.249	TEL,868,S5,244340728,5008,21844                                
2026-09-27T00:04:15.249	TEL,869,S5,244350728,5008,21844                                
2026-09-27T00:04:15.249	TEL,870,S5,244360728,5008,21844                                
2026-09-27T00:04:15.249	TEL,871,S5,244370728,5008,21844                                
2026-09-27T00:04:15.249	TEL,872,S5,244380728,5008,21844                                
2026-09-27T00:04:15.249	TEL,873,S5,244390728,5008,21844                                
2026-09-27T00:04:15.249	TEL,874,S5,244400728,5008,21844                                
2026-09-27T00:04:15.249	TEL,875,S5,244410728,5008,21844                                
2026-09-27T00:04:15.249	TEL,876,S5,244420728,5008,21844                                
2026-09-27T00:04:15.249	TEL,877,S5,244430728,5008,21844                                
2026-09-27T00:04:15.249	TEL,878,S5,244440728,5008,21844                                
2026-09-27T00:04:15.249	TEL,879,S5,244450728,5008,21844                                
2026-09-27T00:04:15.249	TEL,880,S5,244460728,5008,21844                                
2026-09-27T00:04:15.249	TEL,881,S5,244470728,5008,21844                                
2026-09-27T00:04:15.249	TEL,882,S5,244480728,5008,21844                                
2026-09-27T00:04:15.249	TEL,883,S5,244490728,5008,21844                                
2026-09-27T00:04:15.249	TEL,884,S5,244500728,5008,21844                                
2026-09-27T00:04:15.249	TEL,885,S5,244510728,5008,21844                                
2026-09-27T00:04:15.249	TEL,886,S5,244520733,5013,21844                                
2026-09-27T00:04:15.249	BTN,9,S5,PRESSED                                               
2026-09-27T00:04:15.249	TEL,887,S5,244530728,5008,21844                                
2026-09-27T00:04:15.249	TEL,888,S5,244540728,5008,21844                                
2026-09-27T00:04:15.249	TEL,889,S5,244550728,5008,21844                                
2026-09-27T00:04:15.249	TEL,890,S5,244560728,5008,21844                                
2026-09-27T00:04:15.249	TEL,891,S5,244570728,5008,21844                                
2026-09-27T00:04:15.249	TEL,892,S5,244580728,5008,21844                                
2026-09-27T00:04:15.249	TEL,893,S5,244590728,5008,21844                                
2026-09-27T00:04:15.249	TEL,894,S5,244600728,5008,21844                                
2026-09-27T00:04:15.249	TEL,895,S5,244610728,5008,21844                                
2026-09-27T00:04:15.249	TEL,896,S5,244620728,5008,21844                                
2026-09-27T00:04:15.249	TEL,897,S5,244630728,5008,21844                                
2026-09-27T00:04:15.249	TEL,898,S5,244640728,5008,21844                                
2026-09-27T00:04:15.249	TEL,899,S5,244650728,5008,21844                                
2026-09-27T00:04:15.249	TEL,900,S5,244660728,5008,21844                                
2026-09-27T00:04:15.249	TEL,901,S5,244670728,5008,21844                                
2026-09-27T00:04:15.249	TEL,902,S5,244680728,5008,21844                                
2026-09-27T00:04:15.249	TEL,903,S5,244690728,5008,21844                                
2026-09-27T00:04:15.249	TEL,904,S5,244700728,5008,21844                                
2026-09-27T00:04:15.249	TEL,905,S5,244710728,5008,21844                                
2026-09-27T00:04:15.249	TEL,906,S5,244720728,5008,21844                                
2026-09-27T00:04:15.249	TEL,907,S5,244730728,5008,21844                                
2026-09-27T00:04:15.249	TEL,908,S5,244740728,5008,21844                                
2026-09-27T00:04:15.249	TEL,909,S5,244750728,5008,21844                                
2026-09-27T00:04:15.249	TEL,910,S5,244760728,5008,21844                                
2026-09-27T00:04:15.249	TEL,911,S5,244770728,5008,21844                                
2026-09-27T00:04:15.249	TEL,912,S5,244780728,5008,21844                                
2026-09-27T00:04:15.249	TEL,913,S5,244790728,5008,21844                                
2026-09-27T00:04:15.249	TEL,914,S5,244800728,5008,21844                                
2026-09-27T00:04:15.249	TEL,915,S5,244810728,5008,21844                                
2026-09-27T00:04:15.249	TEL,916,S5,244820728,5008,21844                                
2026-09-27T00:04:15.249	TEL,917,S5,244830728,5008,21844                                
2026-09-27T00:04:15.249	TEL,918,S5,244840728,5008,21844                                
2026-09-27T00:04:15.249	BTN,10,S5,PRESSED                                              
2026-09-27T00:04:15.249	TEL,919,S5,244850728,5008,21844                                
2026-09-27T00:04:15.249	TEL,920,S5,244860728,5008,21844                                
2026-09-27T00:04:15.871	TEL,921,S5,244870728,5008,21844                                
2026-09-27T00:04:15.871	TEL,922,S5,244880728,5008,21844                                
2026-09-27T00:04:15.871	TEL,923,S5,244890728,5008,21844                                
2026-09-27T00:04:15.871	TEL,924,S5,244900728,5008,21844                                
2026-09-27T00:04:15.871	TEL,925,S5,244910728,5008,21844                                
2026-09-27T00:04:15.871	TEL,926,S5,244920728,5008,21844                                
2026-09-27T00:04:15.871	TEL,927,S5,244930728,5008,21844                                
2026-09-27T00:04:15.871	TEL,928,S5,244940728,5008,21844                                
2026-09-27T00:04:15.871	TEL,929,S5,244950734,5013,21844                                
2026-09-27T00:04:15.871	BTN,11,S5,PRESSED                                              
2026-09-27T00:04:15.871	TEL,930,S5,244960728,5008,21844                                
2026-09-27T00:04:15.871	TEL,931,S5,244970728,5008,21844                                
2026-09-27T00:04:15.871	TEL,932,S5,244980728,5008,21844                                
2026-09-27T00:04:15.871	TEL,933,S5,244990728,5008,21844                                
2026-09-27T00:04:15.871	TEL,934,S5,245000728,5008,21844                                
2026-09-27T00:04:15.871	TEL,935,S5,245010728,5008,21844                                
2026-09-27T00:04:15.871	TEL,936,S5,245020728,5008,21844                                
2026-09-27T00:04:15.871	TEL,937,S5,245030728,5008,21844                                
2026-09-27T00:04:15.871	TEL,938,S5,245040728,5008,21844                                
2026-09-27T00:04:15.871	TEL,939,S5,245050728,5008,21844                                
2026-09-27T00:04:15.871	TEL,940,S5,245060728,5008,21844                                
2026-09-27T00:04:15.871	TEL,941,S5,245070728,5008,21844                                
2026-09-27T00:04:15.871	TEL,942,S5,245080728,5008,21844                                
2026-09-27T00:04:15.871	TEL,943,S5,245090728,5008,21844                                
2026-09-27T00:04:15.871	TEL,944,S5,245100728,5008,21844                                
2026-09-27T00:04:15.871	TEL,945,S5,245110728,5008,21844                                
2026-09-27T00:04:15.871	TEL,946,S5,245120728,5008,21844                                
2026-09-27T00:04:15.871	TEL,947,S5,245130728,5008,21844                                
2026-09-27T00:04:15.871	TEL,948,S5,245140728,5008,21844                                
2026-09-27T00:04:15.871	TEL,949,S5,245150728,5008,21844                                
2026-09-27T00:04:15.871	TEL,950,S5,245160728,5008,21844                                
2026-09-27T00:04:15.871	TEL,951,S5,245170728,5008,21844                                
2026-09-27T00:04:15.871	TEL,952,S5,245180728,5008,21844                                
2026-09-27T00:04:15.871	TEL,953,S5,245190728,5008,21844                                
2026-09-27T00:04:15.871	BTN,12,S5,PRESSED                                              
2026-09-27T00:04:15.871	TEL,954,S5,245200728,5008,21844                                
2026-09-27T00:04:15.871	TEL,955,S5,245210728,5008,21844                                
2026-09-27T00:04:15.871	TEL,956,S5,245220728,5008,21844                                
2026-09-27T00:04:15.871	TEL,957,S5,245230728,5008,21844                                
2026-09-27T00:04:15.871	TEL,958,S5,245240728,5008,21844                                
2026-09-27T00:04:15.871	TEL,959,S5,245250728,5008,21844                                
2026-09-27T00:04:15.871	TEL,960,S5,245260728,5008,21844                                
2026-09-27T00:04:15.871	TEL,961,S5,245270728,5008,21844                                
2026-09-27T00:04:15.871	TEL,962,S5,245280728,5008,21844                                
2026-09-27T00:04:15.871	TEL,963,S5,245290728,5008,21844                                
2026-09-27T00:04:15.871	TEL,964,S5,245300728,5008,21844                                
2026-09-27T00:04:15.871	TEL,965,S5,245310729,5009,21844                                
2026-09-27T00:04:15.871	TEL,966,S5,245320728,5008,21844                                
2026-09-27T00:04:15.871	TEL,967,S5,245330728,5008,21844                                
2026-09-27T00:04:15.871	TEL,968,S5,245340728,5008,21844                                
2026-09-27T00:04:15.871	TEL,969,S5,245350728,5008,21844                                
2026-09-27T00:04:15.871	TEL,970,S5,245360728,5008,21844                                
2026-09-27T00:04:15.871	TEL,971,S5,245370728,5008,21844                                
2026-09-27T00:04:15.871	TEL,972,S5,245380728,5008,21844                                
2026-09-27T00:04:15.871	TEL,973,S5,245390728,5008,21844                                
2026-09-27T00:04:15.871	TEL,974,S5,245400733,5012,21844                                
2026-09-27T00:04:15.871	BTN,13,S5,PRESSED                                              
2026-09-27T00:04:15.871	TEL,975,S5,245410728,5008,21844                                
2026-09-27T00:04:15.871	TEL,976,S5,245420728,5008,21844                                
2026-09-27T00:04:15.871	TEL,977,S5,245430728,5008,21844                                
2026-09-27T00:04:15.871	TEL,978,S5,245440728,5008,21844                                
2026-09-27T00:04:15.871	TEL,979,S5,245450728,5008,21844                                
2026-09-27T00:04:16.490	TEL,980,S5,245460728,5008,21844                                
2026-09-27T00:04:16.490	TEL,981,S5,245470728,5008,21844                                
2026-09-27T00:04:16.490	TEL,982,S5,245480728,5008,21844                                
2026-09-27T00:04:16.490	TEL,983,S5,245490728,5008,21844                                
2026-09-27T00:04:16.490	TEL,984,S5,245500728,5008,21844                                
2026-09-27T00:04:16.490	TEL,985,S5,245510728,5008,21844                                
2026-09-27T00:04:16.490	TEL,986,S5,245520728,5008,21844                                
2026-09-27T00:04:16.490	TEL,987,S5,245530728,5008,21844                                
2026-09-27T00:04:16.490	TEL,988,S5,245540728,5008,21844                                
2026-09-27T00:04:16.490	TEL,989,S5,245550728,5008,21844                                
2026-09-27T00:04:16.490	TEL,990,S5,245560728,5008,21844                                
2026-09-27T00:04:16.490	TEL,991,S5,245570728,5008,21844                                
2026-09-27T00:04:16.490	TEL,992,S5,245580728,5008,21844                                
2026-09-27T00:04:16.490	BTN,14,S5,PRESSED                                              
2026-09-27T00:04:16.490	TEL,993,S5,245590729,5008,21844                                
2026-09-27T00:04:16.490	TEL,994,S5,245600728,5008,21844                                
2026-09-27T00:04:16.490	TEL,995,S5,245610728,5008,21844                                
2026-09-27T00:04:16.490	TEL,996,S5,245620728,5008,21844                                
2026-09-27T00:04:16.490	TEL,997,S5,245630728,5008,21844                                
2026-09-27T00:04:16.490	TEL,998,S5,245640728,5008,21844                                
2026-09-27T00:04:16.490	TEL,999,S5,245650728,5008,21844                                
2026-09-27T00:04:16.490	TEL,1000,S5,245660729,5008,21844                               
2026-09-27T00:04:16.490	TEL,1001,S5,245670729,5008,21844                               
2026-09-27T00:04:16.490	TEL,1002,S5,245680729,5008,21844                               
2026-09-27T00:04:16.490	TEL,1003,S5,245690729,5008,21844                               
2026-09-27T00:04:16.490	TEL,1004,S5,245700729,5008,21844                               
2026-09-27T00:04:16.490	TEL,1005,S5,245710729,5008,21844                               
2026-09-27T00:04:16.490	TEL,1006,S5,245720729,5008,21844                               
2026-09-27T00:04:16.490	TEL,1007,S5,245730729,5008,21844                               
2026-09-27T00:04:16.490	TEL,1008,S5,245740729,5008,21844                               
2026-09-27T00:04:16.490	TEL,1009,S5,245750729,5008,21844                               
2026-09-27T00:04:16.490	TEL,1010,S5,245760729,5008,21844                               
2026-09-27T00:04:16.490	TEL,1011,S5,245770729,5008,21844                               
2026-09-27T00:04:16.490	TEL,1012,S5,245780729,5008,21844                               
2026-09-27T00:04:16.490	TEL,1013,S5,245790733,5013,21844                               
2026-09-27T00:04:16.490	BTN,15,S5,PRESSED                                              
2026-09-27T00:04:16.490	TEL,1014,S5,245800729,5008,21844                               
2026-09-27T00:04:16.490	TEL,1015,S5,245810729,5008,21844                               
2026-09-27T00:04:16.490	TEL,1016,S5,245820729,5008,21844                               
2026-09-27T00:04:16.490	TEL,1017,S5,245830729,5008,21844                               
2026-09-27T00:04:16.490	TEL,1018,S5,245840729,5008,21844                               
2026-09-27T00:04:16.490	TEL,1019,S5,245850729,5008,21844                               
2026-09-27T00:04:16.490	TEL,1020,S5,245860729,5008,21844                               
2026-09-27T00:04:16.490	TEL,1021,S5,245870729,5008,21844                               
2026-09-27T00:04:16.490	TEL,1022,S5,245880729,5008,21844                               
2026-09-27T00:04:16.490	TEL,1023,S5,245890729,5008,21844                               
2026-09-27T00:04:16.490	TEL,1024,S5,245900729,5008,21844                               
2026-09-27T00:04:16.490	TEL,1025,S5,245910729,5008,21844                               
2026-09-27T00:04:16.490	TEL,1026,S5,245920729,5008,21844                               
2026-09-27T00:04:16.490	TEL,1027,S5,245930729,5008,21844                               
2026-09-27T00:04:16.490	TEL,1028,S5,245940729,5008,21844                               
2026-09-27T00:04:16.490	TEL,1029,S5,245950729,5008,21844                               
2026-09-27T00:04:16.490	TEL,1030,S5,245960729,5008,21844                               
2026-09-27T00:04:16.490	TEL,1031,S5,245970729,5008,21844                               
2026-09-27T00:04:16.490	TEL,1032,S5,245980729,5008,21844                               
2026-09-27T00:04:16.490	TEL,1033,S5,245990729,5008,21844                               
2026-09-27T00:04:16.490	TEL,1034,S5,246000729,5008,21844                               
2026-09-27T00:04:16.490	TEL,1035,S5,246010729,5008,21844                               
2026-09-27T00:04:16.490	TEL,1036,S5,246020733,5013,21844                               
2026-09-27T00:04:16.490	TEL,1037,S5,246030729,5008,21844                               
2026-09-27T00:04:16.490	TEL,1038,S5,246040729,5008,21844                               
2026-09-27T00:04:16.490	TEL,1039,S5,246050729,5008,21844                               
2026-09-27T00:04:17.104	TEL,1040,S5,246060729,5008,21844                               
2026-09-27T00:04:17.104	TEL,1041,S5,246070729,5008,21844                               
2026-09-27T00:04:17.104	TEL,1042,S5,246080729,5008,21844                               
2026-09-27T00:04:17.104	TEL,1043,S5,246090729,5008,21844                               
2026-09-27T00:04:17.104	TEL,1044,S5,246100729,5008,21844                               
2026-09-27T00:04:17.104	TEL,1045,S5,246110729,5008,21844                               
2026-09-27T00:04:17.104	TEL,1046,S5,246120729,5008,21844                               
2026-09-27T00:04:17.104	TEL,1047,S5,246130729,5008,21844                               
2026-09-27T00:04:17.104	TEL,1048,S5,246140729,5008,21844                               
2026-09-27T00:04:17.104	TEL,1049,S5,246150729,5008,21844                               
2026-09-27T00:04:17.104	TEL,1050,S5,246160729,5008,21844                               
2026-09-27T00:04:17.104	TEL,1051,S5,246170729,5008,21844                               
2026-09-27T00:04:17.104	TEL,1052,S5,246180729,5008,21844                               
2026-09-27T00:04:17.104	TEL,1053,S5,246190729,5008,21844                               
2026-09-27T00:04:17.104	TEL,1054,S5,246200729,5008,21844                               
2026-09-27T00:04:17.104	TEL,1055,S5,246210729,5008,21844                               
2026-09-27T00:04:17.104	TEL,1056,S5,246220733,5013,21844                               
2026-09-27T00:04:17.104	TEL,1057,S5,246230729,5008,21844                               
2026-09-27T00:04:17.104	TEL,1058,S5,246240729,5008,21844                               
2026-09-27T00:04:17.104	TEL,1059,S5,246250729,5008,21844                               
2026-09-27T00:04:17.104	TEL,1060,S5,246260729,5008,21844                               
2026-09-27T00:04:17.104	TEL,1061,S5,246270729,5008,21844                               
2026-09-27T00:04:17.104	TEL,1062,S5,246280729,5008,21844                               
2026-09-27T00:04:17.104	TEL,1063,S5,246290729,5008,21844                               
2026-09-27T00:04:17.104	TEL,1064,S5,246300729,5008,21844                               
2026-09-27T00:04:17.104	TEL,1065,S5,246310729,5008,21844                               
2026-09-27T00:04:17.104	TEL,1066,S5,246320729,5008,21844                               
2026-09-27T00:04:17.104	TEL,1067,S5,246330730,5009,21844                               
2026-09-27T00:04:17.104	TEL,1068,S5,246340729,5008,21844                               
2026-09-27T00:04:17.104	TEL,1069,S5,246350729,5008,21844                               
2026-09-27T00:04:17.104	TEL,1070,S5,246360729,5008,21844                               
2026-09-27T00:04:17.104	TEL,1071,S5,246370729,5008,21844                               
2026-09-27T00:04:17.104	TEL,1072,S5,246380729,5008,21844                               
2026-09-27T00:04:17.104	TEL,1073,S5,246390729,5008,21844                               
2026-09-27T00:04:17.104	TEL,1074,S5,246400729,5008,21844                               
2026-09-27T00:04:17.104	TEL,1075,S5,246410729,5008,21844                               
2026-09-27T00:04:17.104	TEL,1076,S5,246420729,5008,21844                               
2026-09-27T00:04:17.104	TEL,1077,S5,246430729,5008,21844                               
2026-09-27T00:04:17.104	TEL,1078,S5,246440729,5008,21844                               
2026-09-27T00:04:17.104	TEL,1079,S5,246450729,5008,21844                               
2026-09-27T00:04:17.104	TEL,1080,S5,246460729,5008,21844                               
2026-09-27T00:04:17.104	TEL,1081,S5,246470729,5008,21844                               
2026-09-27T00:04:17.104	TEL,1082,S5,246480729,5008,21844                               
2026-09-27T00:04:17.104	TEL,1083,S5,246490729,5008,21844                               
2026-09-27T00:04:17.104	TEL,1084,S5,246500729,5008,21844                               
2026-09-27T00:04:17.104	TEL,1085,S5,246510729,5008,21844                               
2026-09-27T00:04:17.104	TEL,1086,S5,246520729,5008,21844                               
2026-09-27T00:04:17.104	TEL,1087,S5,246530729,5008,21844                               
2026-09-27T00:04:17.104	TEL,1088,S5,246540729,5008,21844                               
2026-09-27T00:04:17.104	TEL,1089,S5,246550729,5008,21844                               
2026-09-27T00:04:17.104	TEL,1090,S5,246560729,5008,21844                               
2026-09-27T00:04:17.104	TEL,1091,S5,246570729,5008,21844                               
2026-09-27T00:04:17.104	TEL,1092,S5,246580729,5008,21844                               
2026-09-27T00:04:17.104	TEL,1093,S5,246590729,5008,21844                               
2026-09-27T00:04:17.104	TEL,1094,S5,246600729,5008,21844                               
2026-09-27T00:04:17.104	TEL,1095,S5,246610729,5008,21844                               
2026-09-27T00:04:17.104	TEL,1096,S5,246620729,5008,21844                               
2026-09-27T00:04:17.104	TEL,1097,S5,246630729,5008,21844                               
2026-09-27T00:04:17.104	TEL,1098,S5,246640729,5008,21844                               
2026-09-27T00:04:17.104	TEL,1099,S5,246650729,5008,21844                               
2026-09-27T00:04:17.104	TEL,1100,S5,246660729,5008,21844                               
2026-09-27T00:04:17.104	TEL,1101,S5,246670729,5008,21844                               
2026-09-27T00:04:17.730	TEL,1102,S5,246680729,5008,21844                               
2026-09-27T00:04:17.730	TEL,1103,S5,246690733,5013,21844                               
2026-09-27T00:04:17.730	TEL,1104,S5,246700729,5008,21844                               
2026-09-27T00:04:17.730	TEL,1105,S5,246710729,5008,21844                               
2026-09-27T00:04:17.730	TEL,1106,S5,246720729,5008,21844                               
2026-09-27T00:04:17.730	TEL,1107,S5,246730729,5008,21844                               
2026-09-27T00:04:17.730	TEL,1108,S5,246740729,5008,21844                               
2026-09-27T00:04:17.730	TEL,1109,S5,246750729,5008,21844                               
2026-09-27T00:04:17.730	TEL,1110,S5,246760729,5008,21844                               
2026-09-27T00:04:17.730	TEL,1111,S5,246770729,5008,21844                               
2026-09-27T00:04:17.730	TEL,1112,S5,246780729,5008,21844                               
2026-09-27T00:04:17.730	TEL,1113,S5,246790729,5008,21844                               
2026-09-27T00:04:17.730	TEL,1114,S5,246800729,5008,21844                               
2026-09-27T00:04:17.730	TEL,1115,S5,246810729,5008,21844                               
2026-09-27T00:04:17.730	TEL,1116,S5,246820729,5008,21844                               
2026-09-27T00:04:17.730	TEL,1117,S5,246830729,5008,21844                               
2026-09-27T00:04:17.730	TEL,1118,S5,246840729,5008,21844                               
2026-09-27T00:04:17.730	TEL,1119,S5,246850729,5008,21844                               
2026-09-27T00:04:17.730	TEL,1120,S5,246860729,5008,21844                               
2026-09-27T00:04:17.730	TEL,1121,S5,246870729,5008,21844                               
2026-09-27T00:04:17.730	TEL,1122,S5,246880729,5008,21844                               
2026-09-27T00:04:17.730	TEL,1123,S5,246890729,5008,21844                               
2026-09-27T00:04:17.730	TEL,1124,S5,246900729,5008,21844                               
2026-09-27T00:04:17.730	TEL,1125,S5,246910729,5008,21844                               
2026-09-27T00:04:17.730	TEL,1126,S5,246920729,5008,21844                               
2026-09-27T00:04:17.730	TEL,1127,S5,246930729,5008,21844                               
2026-09-27T00:04:17.730	TEL,1128,S5,246940729,5008,21844                               
2026-09-27T00:04:17.730	TEL,1129,S5,246950729,5008,21844                               
2026-09-27T00:04:17.730	TEL,1130,S5,246960729,5008,21844                               
2026-09-27T00:04:17.730	TEL,1131,S5,246970729,5008,21844                               
2026-09-27T00:04:17.730	TEL,1132,S5,246980729,5008,21844                               
2026-09-27T00:04:17.730	TEL,1133,S5,246990729,5008,21844                               
2026-09-27T00:04:17.730	TEL,1134,S5,247000729,5008,21844                               
2026-09-27T00:04:17.730	TEL,1135,S5,247010729,5008,21844                               
2026-09-27T00:04:17.730	TEL,1136,S5,247020729,5008,21844                               
2026-09-27T00:04:17.730	TEL,1137,S5,247030729,5008,21844                               
2026-09-27T00:04:17.730	TEL,1138,S5,247040729,5008,21844                               
2026-09-27T00:04:17.730	TEL,1139,S5,247050729,5008,21844                               
2026-09-27T00:04:17.730	TEL,1140,S5,247060729,5008,21844                               
2026-09-27T00:04:17.730	TEL,1141,S5,247070729,5008,21844                               
2026-09-27T00:04:17.730	TEL,1142,S5,247080729,5008,21844                               
2026-09-27T00:04:17.730	TEL,1143,S5,247090729,5008,21844                               
2026-09-27T00:04:17.730	TEL,1144,S5,247100729,5008,21844                               
2026-09-27T00:04:17.730	TEL,1145,S5,247110729,5008,21844                               
2026-09-27T00:04:17.730	TEL,1146,S5,247120729,5008,21844                               
2026-09-27T00:04:17.730	TEL,1147,S5,247130729,5008,21844                               
2026-09-27T00:04:17.730	TEL,1148,S5,247140729,5008,21844                               
2026-09-27T00:04:17.730	TEL,1149,S5,247150729,5008,21844                               
2026-09-27T00:04:17.730	TEL,1150,S5,247160729,5008,21844                               
2026-09-27T00:04:17.730	TEL,1151,S5,247170729,5008,21844                               
2026-09-27T00:04:17.730	TEL,1152,S5,247180729,5008,21844                               
2026-09-27T00:04:17.730	TEL,1153,S5,247190729,5008,21844                               
2026-09-27T00:04:17.730	TEL,1154,S5,247200729,5008,21844                               
2026-09-27T00:04:17.730	TEL,1155,S5,247210729,5008,21844                               
2026-09-27T00:04:17.730	TEL,1156,S5,247220729,5008,21844                               
2026-09-27T00:04:17.730	TEL,1157,S5,247230729,5008,21844                               
2026-09-27T00:04:17.730	TEL,1158,S5,247240729,5008,21844                               
2026-09-27T00:04:17.730	TEL,1159,S5,247250729,5008,21844                               
2026-09-27T00:04:17.730	TEL,1160,S5,247260729,5008,21844                               
2026-09-27T00:04:17.730	TEL,1161,S5,247270729,5008,21844                               
2026-09-27T00:04:17.730	TEL,1162,S5,247280729,5008,21844                               
2026-09-27T00:04:17.730	TEL,1163,S5,247290729,5008,21844                               
2026-09-27T00:04:18.350	TEL,1164,S5,247300729,5008,21844                               
2026-09-27T00:04:18.350	TEL,1165,S5,247310729,5008,21844                               
2026-09-27T00:04:18.350	TEL,1166,S5,247320729,5008,21844                               
2026-09-27T00:04:18.350	TEL,1167,S5,247330729,5008,21844                               
2026-09-27T00:04:18.350	TEL,1168,S5,247340729,5008,21844                               
2026-09-27T00:04:18.350	TEL,1169,S5,247350729,5008,21844                               
2026-09-27T00:04:18.350	TEL,1170,S5,247360729,5008,21844                               
2026-09-27T00:04:18.350	TEL,1171,S5,247370729,5008,21844                               
2026-09-27T00:04:18.350	TEL,1172,S5,247380729,5008,21844                               
2026-09-27T00:04:18.350	TEL,1173,S5,247390729,5008,21844                               
2026-09-27T00:04:18.350	TEL,1174,S5,247400729,5008,21844                               
2026-09-27T00:04:18.350	TEL,1175,S5,247410729,5008,21844                               
2026-09-27T00:04:18.350	TEL,1176,S5,247420729,5008,21844                               
2026-09-27T00:04:18.350	TEL,1177,S5,247430729,5008,21844                               
2026-09-27T00:04:18.350	TEL,1178,S5,247440729,5008,21844                               
2026-09-27T00:04:18.350	TEL,1179,S5,247450729,5008,21844                               
2026-09-27T00:04:18.350	TEL,1180,S5,247460729,5008,21844                               
2026-09-27T00:04:18.350	TEL,1181,S5,247470729,5008,21844                               
2026-09-27T00:04:18.350	TEL,1182,S5,247480729,5008,21844                               
2026-09-27T00:04:18.350	TEL,1183,S5,247490729,5008,21844                               
2026-09-27T00:04:18.350	TEL,1184,S5,247500729,5008,21844                               
2026-09-27T00:04:18.350	TEL,1185,S5,247510729,5008,21844                               
2026-09-27T00:04:18.350	TEL,1186,S5,247520729,5008,21844                               
2026-09-27T00:04:18.350	TEL,1187,S5,247530729,5008,21844                               
2026-09-27T00:04:18.350	TEL,1188,S5,247540729,5008,21844                               
2026-09-27T00:04:18.350	TEL,1189,S5,247550729,5008,21844                               
2026-09-27T00:04:18.350	TEL,1190,S5,247560729,5008,21844                               
2026-09-27T00:04:18.350	TEL,1191,S5,247570729,5008,21844                               
2026-09-27T00:04:18.350	TEL,1192,S5,247580729,5008,21844                               
2026-09-27T00:04:18.350	TEL,1193,S5,247590729,5008,21844                               
2026-09-27T00:04:18.350	TEL,1194,S5,247600729,5008,21844                               
2026-09-27T00:04:18.350	TEL,1195,S5,247610729,5008,21844                               
2026-09-27T00:04:18.350	TEL,1196,S5,247620729,5008,21844                               
2026-09-27T00:04:18.350	TEL,1197,S5,247630729,5008,21844                               
2026-09-27T00:04:18.350	TEL,1198,S5,247640729,5008,21844                               
2026-09-27T00:04:18.350	TEL,1199,S5,247650729,5008,21844                               
2026-09-27T00:04:18.350	TEL,1200,S5,247660729,5008,21844                               
2026-09-27T00:04:18.350	TEL,1201,S5,247670729,5008,21844                               
2026-09-27T00:04:18.350	TEL,1202,S5,247680729,5008,21844                               
2026-09-27T00:04:18.350	TEL,1203,S5,247690729,5008,21844                               
2026-09-27T00:04:18.350	TEL,1204,S5,247700729,5008,21844                               
2026-09-27T00:04:18.350	TEL,1205,S5,247710729,5008,21844                               
2026-09-27T00:04:18.350	TEL,1206,S5,247720729,5008,21844                               
2026-09-27T00:04:18.350	TEL,1207,S5,247730729,5008,21844                               
2026-09-27T00:04:18.350	TEL,1208,S5,247740729,5008,21844                               
2026-09-27T00:04:18.350	TEL,1209,S5,247750729,5008,21844                               
2026-09-27T00:04:18.350	TEL,1210,S5,247760729,5008,21844                               
2026-09-27T00:04:18.350	TEL,1211,S5,247770729,5008,21844                               
2026-09-27T00:04:18.350	TEL,1212,S5,247780729,5008,21844                               
2026-09-27T00:04:18.350	TEL,1213,S5,247790729,5008,21844                               
2026-09-27T00:04:18.350	TEL,1214,S5,247800729,5008,21844                               
2026-09-27T00:04:18.350	TEL,1215,S5,247810729,5008,21844                               
2026-09-27T00:04:18.350	TEL,1216,S5,247820729,5008,21844                               
2026-09-27T00:04:18.350	TEL,1217,S5,247830729,5008,21844                               
2026-09-27T00:04:18.350	TEL,1218,S5,247840729,5008,21844                               
2026-09-27T00:04:18.350	TEL,1219,S5,247850729,5008,21844                               
2026-09-27T00:04:18.350	TEL,1220,S5,247860729,5008,21844                               
2026-09-27T00:04:18.350	TEL,1221,S5,247870729,5008,21844                               
2026-09-27T00:04:18.350	TEL,1222,S5,247880729,5008,21844                               
2026-09-27T00:04:18.350	TEL,1223,S5,247890729,5008,21844                               
2026-09-27T00:04:18.350	TEL,1224,S5,247900729,5008,21844                               
2026-09-27T00:04:18.350	TEL,1225,S5,247910729,5008,21844                               
2026-09-27T00:04:18.970	TEL,1226,S5,247920729,5008,21844                               
2026-09-27T00:04:18.970	TEL,1227,S5,247930729,5008,21844                               
2026-09-27T00:04:18.970	TEL,1228,S5,247940729,5008,21844                               
2026-09-27T00:04:18.970	TEL,1229,S5,247950729,5008,21844                               
2026-09-27T00:04:18.970	TEL,1230,S5,247960729,5008,21844                               
2026-09-27T00:04:18.970	TEL,1231,S5,247970729,5008,21844                               
2026-09-27T00:04:18.970	TEL,1232,S5,247980729,5008,21844                               
2026-09-27T00:04:18.970	TEL,1233,S5,247990729,5008,21844                               
2026-09-27T00:04:18.970	TEL,1234,S5,248000729,5008,21844                               
2026-09-27T00:04:18.970	TEL,1235,S5,248010729,5008,21844                               
2026-09-27T00:04:18.970	TEL,1236,S5,248020729,5008,21844                               
2026-09-27T00:04:18.970	TEL,1237,S5,248030729,5008,21844                               
2026-09-27T00:04:18.970	TEL,1238,S5,248040729,5008,21844                               
2026-09-27T00:04:18.970	TEL,1239,S5,248050729,5008,21844                               
2026-09-27T00:04:18.970	TEL,1240,S5,248060729,5008,21844                               
2026-09-27T00:04:18.970	TEL,1241,S5,248070729,5008,21844                               
2026-09-27T00:04:18.970	TEL,1242,S5,248080729,5008,21844                               
2026-09-27T00:04:18.970	TEL,1243,S5,248090729,5008,21844                               
2026-09-27T00:04:18.970	TEL,1244,S5,248100729,5008,21844                               
2026-09-27T00:04:18.970	TEL,1245,S5,248110729,5008,21844                               
2026-09-27T00:04:18.970	TEL,1246,S5,248120729,5008,21844                               
2026-09-27T00:04:18.970	TEL,1247,S5,248130729,5008,21844                               
2026-09-27T00:04:18.970	TEL,1248,S5,248140729,5008,21844                               
2026-09-27T00:04:18.970	TEL,1249,S5,248150729,5008,21844                               
2026-09-27T00:04:18.970	TEL,1250,S5,248160729,5008,21844                               
2026-09-27T00:04:18.970	TEL,1251,S5,248170729,5008,21844                               
2026-09-27T00:04:18.970	TEL,1252,S5,248180729,5008,21844                               
2026-09-27T00:04:18.970	TEL,1253,S5,248190729,5008,21844                               
2026-09-27T00:04:18.970	TEL,1254,S5,248200729,5008,21844                               
2026-09-27T00:04:18.970	TEL,1255,S5,248210729,5008,21844                               
2026-09-27T00:04:18.970	TEL,1256,S5,248220729,5008,21844                               
2026-09-27T00:04:18.970	TEL,1257,S5,248230729,5008,21844                               
2026-09-27T00:04:18.970	TEL,1258,S5,248240733,5013,21844                               
2026-09-27T00:04:18.970	TEL,1259,S5,248250729,5008,21844                               
2026-09-27T00:04:18.970	TEL,1260,S5,248260729,5008,21844                               
2026-09-27T00:04:18.970	TEL,1261,S5,248270729,5008,21844                               
2026-09-27T00:04:18.970	TEL,1262,S5,248280729,5008,21844                               
2026-09-27T00:04:18.970	TEL,1263,S5,248290729,5008,21844                               
2026-09-27T00:04:18.970	TEL,1264,S5,248300729,5008,21844                               
2026-09-27T00:04:18.970	TEL,1265,S5,248310729,5008,21844                               
2026-09-27T00:04:18.970	TEL,1266,S5,248320729,5008,21844                               
2026-09-27T00:04:18.970	TEL,1267,S5,248330729,5008,21844                               
2026-09-27T00:04:18.970	TEL,1268,S5,248340729,5008,21844                               
2026-09-27T00:04:18.970	TEL,1269,S5,248350729,5008,21844                               
2026-09-27T00:04:18.970	TEL,1270,S5,248360729,5008,21844                               
2026-09-27T00:04:18.970	TEL,1271,S5,248370729,5008,21844                               
2026-09-27T00:04:18.970	TEL,1272,S5,248380729,5008,21844                               
2026-09-27T00:04:18.970	TEL,1273,S5,248390729,5008,21844                               
2026-09-27T00:04:18.970	TEL,1274,S5,248400729,5008,21844                               
2026-09-27T00:04:18.970	TEL,1275,S5,248410729,5008,21844                               
2026-09-27T00:04:18.970	TEL,1276,S5,248420729,5008,21844                               
2026-09-27T00:04:18.970	TEL,1277,S5,248430729,5008,21844                               
2026-09-27T00:04:18.970	TEL,1278,S5,248440729,5008,21844                               
2026-09-27T00:04:18.970	TEL,1279,S5,248450729,5008,21844                               
2026-09-27T00:04:18.970	TEL,1280,S5,248460729,5008,21844                               
2026-09-27T00:04:18.970	TEL,1281,S5,248470729,5008,21844                               
2026-09-27T00:04:18.970	TEL,1282,S5,248480729,5008,21844                               
2026-09-27T00:04:18.970	TEL,1283,S5,248490729,5008,21844                               
2026-09-27T00:04:18.970	TEL,1284,S5,248500729,5008,21844                               
2026-09-27T00:04:18.970	TEL,1285,S5,248510729,5008,21844                               
2026-09-27T00:04:18.970	TEL,1286,S5,248520729,5008,21844                               
2026-09-27T00:04:18.970	TEL,1287,S5,248530729,5008,21844                               
2026-09-27T00:04:19.589	TEL,1288,S5,248540729,5008,21844                               
2026-09-27T00:04:19.589	TEL,1289,S5,248550729,5008,21844                               
2026-09-27T00:04:19.589	TEL,1290,S5,248560729,5008,21844                               
2026-09-27T00:04:19.589	TEL,1291,S5,248570729,5008,21844                               
2026-09-27T00:04:19.589	TEL,1292,S5,248580729,5008,21844                               
2026-09-27T00:04:19.589	TEL,1293,S5,248590729,5008,21844                               
2026-09-27T00:04:19.589	TEL,1294,S5,248600729,5008,21844                               
2026-09-27T00:04:19.589	TEL,1295,S5,248610729,5008,21844                               
2026-09-27T00:04:19.589	TEL,1296,S5,248620729,5008,21844                               
2026-09-27T00:04:19.589	TEL,1297,S5,248630729,5008,21844                               
2026-09-27T00:04:19.589	TEL,1298,S5,248640729,5008,21844                               
2026-09-27T00:04:19.589	TEL,1299,S5,248650729,5008,21844                               
2026-09-27T00:04:19.589	TEL,1300,S5,248660729,5008,21844                               
2026-09-27T00:04:19.589	TEL,1301,S5,248670729,5008,21844                               
2026-09-27T00:04:19.589	TEL,1302,S5,248680729,5008,21844                               
2026-09-27T00:04:19.589	TEL,1303,S5,248690729,5008,21844                               
2026-09-27T00:04:19.589	TEL,1304,S5,248700729,5008,21844                               
2026-09-27T00:04:19.589	TEL,1305,S5,248710729,5008,21844                               
2026-09-27T00:04:19.589	TEL,1306,S5,248720729,5008,21844                               
2026-09-27T00:04:19.591	TEL,1307,S5,248730729,5008,21844                               
2026-09-27T00:04:19.591	TEL,1308,S5,248740729,5008,21844                               
2026-09-27T00:04:19.591	TEL,1309,S5,248750729,5008,21844                               
2026-09-27T00:04:19.591	TEL,1310,S5,248760729,5008,21844                               
2026-09-27T00:04:19.591	TEL,1311,S5,248770729,5008,21844                               
2026-09-27T00:04:19.591	TEL,1312,S5,248780729,5008,21844                               
2026-09-27T00:04:19.591	TEL,1313,S5,248790729,5008,21844                               
2026-09-27T00:04:19.591	TEL,1314,S5,248800729,5008,21844                               
2026-09-27T00:04:19.591	TEL,1315,S5,248810729,5008,21844                               
2026-09-27T00:04:19.591	TEL,1316,S5,248820729,5008,21844                               
2026-09-27T00:04:19.591	TEL,1317,S5,248830729,5008,21844                               
2026-09-27T00:04:19.591	TEL,1318,S5,248840729,5008,21844                               
2026-09-27T00:04:19.591	TEL,1319,S5,248850729,5008,21844                               
2026-09-27T00:04:19.591	TEL,1320,S5,248860729,5008,21844                               
2026-09-27T00:04:19.591	TEL,1321,S5,248870729,5008,21844                               
2026-09-27T00:04:19.591	TEL,1322,S5,248880730,5009,21844                               
2026-09-27T00:04:19.591	TEL,1323,S5,248890729,5008,21844                               
2026-09-27T00:04:19.591	TEL,1324,S5,248900729,5008,21844                               
2026-09-27T00:04:19.591	TEL,1325,S5,248910729,5008,21844                               
2026-09-27T00:04:19.591	TEL,1326,S5,248920729,5008,21844                               
2026-09-27T00:04:19.591	TEL,1327,S5,248930729,5008,21844                               
2026-09-27T00:04:19.591	TEL,1328,S5,248940729,5008,21844                               
2026-09-27T00:04:19.591	TEL,1329,S5,248950729,5008,21844                               
2026-09-27T00:04:19.591	TEL,1330,S5,248960729,5008,21844                               
2026-09-27T00:04:19.591	TEL,1331,S5,248970729,5008,21844                               
2026-09-27T00:04:19.591	TEL,1332,S5,248980729,5008,21844                               
2026-09-27T00:04:19.591	TEL,1333,S5,248990729,5008,21844                               
2026-09-27T00:04:19.591	TEL,1334,S5,249000729,5008,21844                               
2026-09-27T00:04:19.591	TEL,1335,S5,249010729,5008,21844                               
2026-09-27T00:04:19.591	TEL,1336,S5,249020729,5008,21844                               
2026-09-27T00:04:19.591	TEL,1337,S5,249030729,5008,21844                               
2026-09-27T00:04:19.591	TEL,1338,S5,249040729,5008,21844                               
2026-09-27T00:04:19.591	TEL,1339,S5,249050729,5008,21844                               
2026-09-27T00:04:19.591	TEL,1340,S5,249060729,5008,21844                               
2026-09-27T00:04:19.591	TEL,1341,S5,249070729,5008,21844                               
2026-09-27T00:04:19.591	TEL,1342,S5,249080729,5008,21844                               
2026-09-27T00:04:19.591	TEL,1343,S5,249090729,5008,21844                               
2026-09-27T00:04:19.591	TEL,1344,S5,249100729,5008,21844                               
2026-09-27T00:04:19.591	TEL,1345,S5,249110729,5008,21844                               
2026-09-27T00:04:19.591	TEL,1346,S5,249120729,5008,21844                               
2026-09-27T00:04:19.591	TEL,1347,S5,249130729,5008,21844                               
2026-09-27T00:04:19.591	TEL,1348,S5,249140729,5008,21844                               
2026-09-27T00:04:19.591	TEL,1349,S5,249150729,5008,21844                               
2026-09-27T00:04:20.206	TEL,1350,S5,249160729,5008,21844                               
2026-09-27T00:04:20.206	TEL,1351,S5,249170729,5008,21844                               
2026-09-27T00:04:20.206	TEL,1352,S5,249180729,5008,21844                               
2026-09-27T00:04:20.206	TEL,1353,S5,249190729,5008,21844                               
2026-09-27T00:04:20.206	TEL,1354,S5,249200729,5008,21844                               
2026-09-27T00:04:20.206	BTN,20,S5,PRESSED                                              
2026-09-27T00:04:20.206	TEL,1356,S5,249220729,5008,21844                               
2026-09-27T00:04:20.206	TEL,1357,S5,249230729,5008,21844                               
2026-09-27T00:04:20.206	TEL,1358,S5,249240729,5008,21844                               
2026-09-27T00:04:20.206	TEL,1359,S5,249250729,5008,21844                               
2026-09-27T00:04:20.206	TEL,1360,S5,249260729,5008,21844                               
2026-09-27T00:04:20.206	TEL,1361,S5,249270729,5008,21844                               
2026-09-27T00:04:20.206	TEL,1362,S5,249280729,5008,21844                               
2026-09-27T00:04:20.206	TEL,1363,S5,249290729,5008,21844                               
2026-09-27T00:04:20.206	TEL,1364,S5,249300729,5008,21844                               
2026-09-27T00:04:20.206	TEL,1365,S5,249310729,5008,21844                               
2026-09-27T00:04:20.206	TEL,1366,S5,249320729,5008,21844                               
2026-09-27T00:04:20.206	TEL,1367,S5,249330729,5008,21844                               
2026-09-27T00:04:20.206	TEL,1368,S5,249340729,5008,21844                               
2026-09-27T00:04:20.206	TEL,1369,S5,249350729,5008,21844                               
2026-09-27T00:04:20.206	TEL,1370,S5,249360729,5008,21844                               
2026-09-27T00:04:20.206	TEL,1371,S5,249370729,5008,21844                               
2026-09-27T00:04:20.206	TEL,1372,S5,249380729,5008,21844                               
2026-09-27T00:04:20.206	TEL,1373,S5,249390729,5008,21844                               
2026-09-27T00:04:20.206	TEL,1374,S5,249400729,5008,21844                               
2026-09-27T00:04:20.206	TEL,1375,S5,249410729,5008,21844                               
2026-09-27T00:04:20.206	TEL,1376,S5,249420729,5008,21844                               
2026-09-27T00:04:20.206	TEL,1377,S5,249430729,5008,21844                               
2026-09-27T00:04:20.206	TEL,1378,S5,249440729,5008,21844                               
2026-09-27T00:04:20.206	TEL,1379,S5,249450729,5008,21844                               
2026-09-27T00:04:20.206	TEL,1380,S5,249460729,5008,21844                               
2026-09-27T00:04:20.206	TEL,1381,S5,249470729,5008,21844                               
2026-09-27T00:04:20.206	TEL,1382,S5,249480729,5008,21844                               
2026-09-27T00:04:20.206	TEL,1383,S5,249490729,5008,21844                               
2026-09-27T00:04:20.206	TEL,1384,S5,249500729,5008,21844                               
2026-09-27T00:04:20.206	TEL,1385,S5,249510729,5008,21844                               
2026-09-27T00:04:20.206	TEL,1386,S5,249520729,5008,21844                               
2026-09-27T00:04:20.206	TEL,1387,S5,249530729,5008,21844                               
2026-09-27T00:04:20.206	TEL,1388,S5,249540729,5008,21844                               
2026-09-27T00:04:20.206	TEL,1389,S5,249550729,5008,21844                               
2026-09-27T00:04:20.206	TEL,1390,S5,249560729,5008,21844                               
2026-09-27T00:04:20.206	TEL,1391,S5,249570729,5008,21844                               
2026-09-27T00:04:20.206	TEL,1392,S5,249580729,5008,21844                               
2026-09-27T00:04:20.206	TEL,1393,S5,249590729,5008,21844                               
2026-09-27T00:04:20.206	TEL,1394,S5,249600729,5008,21844                               
2026-09-27T00:04:20.206	TEL,1395,S5,249610729,5008,21844                               
2026-09-27T00:04:20.206	TEL,1396,S5,249620729,5008,21844                               
2026-09-27T00:04:20.206	TEL,1397,S5,249630729,5008,21844                               
2026-09-27T00:04:20.206	TEL,1398,S5,249640729,5008,21844                               
2026-09-27T00:04:20.206	TEL,1399,S5,249650729,5008,21844                               
2026-09-27T00:04:20.206	TEL,1400,S5,249660729,5008,21844                               
2026-09-27T00:04:20.206	TEL,1401,S5,249670729,5008,21844                               
2026-09-27T00:04:20.206	TEL,1402,S5,249680729,5008,21844                               
2026-09-27T00:04:20.206	TEL,1403,S5,249690729,5008,21844                               
2026-09-27T00:04:20.206	TEL,1404,S5,249700729,5008,21844                               
2026-09-27T00:04:20.206	TEL,1405,S5,249710729,5008,21844                               
2026-09-27T00:04:20.206	TEL,1406,S5,249720729,5008,21844                               
2026-09-27T00:04:20.206	TEL,1407,S5,249730729,5008,21844                               
2026-09-27T00:04:20.206	TEL,1408,S5,249740729,5008,21844                               
2026-09-27T00:04:20.206	TEL,1409,S5,249750729,5008,21844                               
2026-09-27T00:04:20.206	TEL,1410,S5,249760729,5008,21844                               
2026-09-27T00:04:20.206	TEL,1411,S5,249770729,5008,21844                               
2026-09-27T00:04:20.827	TEL,1412,S5,249780729,5008,21844                               
2026-09-27T00:04:20.827	TEL,1413,S5,249790729,5008,21844                               
2026-09-27T00:04:20.827	TEL,1414,S5,249800729,5008,21844                               
2026-09-27T00:04:20.827	TEL,1415,S5,249810729,5008,21844                               
2026-09-27T00:04:20.827	TEL,1416,S5,249820729,5008,21844                               
2026-09-27T00:04:20.827	TEL,1417,S5,249830729,5008,21844                               
2026-09-27T00:04:20.827	TEL,1418,S5,249840729,5008,21844                               
2026-09-27T00:04:20.827	TEL,1419,S5,249850729,5008,21844                               
2026-09-27T00:04:20.827	TEL,1420,S5,249860729,5008,21844                               
2026-09-27T00:04:20.827	TEL,1421,S5,249870729,5008,21844                               
2026-09-27T00:04:20.827	TEL,1422,S5,249880729,5008,21844                               
2026-09-27T00:04:20.827	TEL,1423,S5,249890729,5008,21844                               
2026-09-27T00:04:20.827	TEL,1424,S5,249900729,5008,21844                               
2026-09-27T00:04:20.827	TEL,1425,S5,249910729,5008,21844                               
2026-09-27T00:04:20.827	TEL,1426,S5,249920729,5008,21844                               
2026-09-27T00:04:20.827	TEL,1427,S5,249930729,5008,21844                               
2026-09-27T00:04:20.827	TEL,1428,S5,249940729,5008,21844                               
2026-09-27T00:04:20.827	TEL,1429,S5,249950729,5008,21844                               
2026-09-27T00:04:20.827	TEL,1430,S5,249960729,5008,21844                               
2026-09-27T00:04:20.827	TEL,1431,S5,249970729,5008,21844                               
2026-09-27T00:04:20.827	TEL,1432,S5,249980729,5008,21844                               
2026-09-27T00:04:20.827	TEL,1433,S5,249990729,5008,21844                               
2026-09-27T00:04:20.827	TEL,1434,S5,250000729,5008,21844                               
2026-09-27T00:04:20.827	TEL,1435,S5,250010729,5008,21844                               
2026-09-27T00:04:20.827	TEL,1436,S5,250020729,5008,21844                               
2026-09-27T00:04:20.827	TEL,1437,S5,250030729,5008,21844                               
2026-09-27T00:04:20.827	TEL,1438,S5,250040729,5008,21844                               
2026-09-27T00:04:20.827	TEL,1439,S5,250050729,5008,21844                               
2026-09-27T00:04:20.827	TEL,1440,S5,250060729,5008,21844                               
2026-09-27T00:04:20.827	TEL,1441,S5,250070729,5008,21844                               
2026-09-27T00:04:20.827	TEL,1442,S5,250080729,5008,21844                               
2026-09-27T00:04:20.827	TEL,1443,S5,250090729,5008,21844                               
2026-09-27T00:04:20.827	TEL,1444,S5,250100729,5008,21844                               
2026-09-27T00:04:20.827	TEL,1445,S5,250110729,5008,21844                               
2026-09-27T00:04:20.827	TEL,1446,S5,250120729,5008,21844                               
2026-09-27T00:04:20.827	TEL,1447,S5,250130729,5008,21844                               
2026-09-27T00:04:20.827	TEL,1448,S5,250140729,5008,21844                               
2026-09-27T00:04:20.827	TEL,1449,S5,250150729,5008,21844                               
2026-09-27T00:04:20.827	TEL,1450,S5,250160729,5008,21844                               
2026-09-27T00:04:20.827	TEL,1451,S5,250170729,5008,21844                               
2026-09-27T00:04:20.827	TEL,1452,S5,250180729,5008,21844                               
2026-09-27T00:04:20.827	TEL,1453,S5,250190729,5008,21844                               
2026-09-27T00:04:20.827	TEL,1454,S5,250200729,5008,21844                               
2026-09-27T00:04:20.827	TEL,1455,S5,250210729,5008,21844                               
2026-09-27T00:04:20.827	TEL,1456,S5,250220733,5013,21844                               
2026-09-27T00:04:20.827	TEL,1457,S5,250230729,5008,21844                               
2026-09-27T00:04:20.827	TEL,1458,S5,250240729,5008,21844                               
2026-09-27T00:04:20.827	TEL,1459,S5,250250729,5008,21844                               
2026-09-27T00:04:20.827	TEL,1460,S5,250260729,5008,21844                               
2026-09-27T00:04:20.827	TEL,1461,S5,250270729,5008,21844                               
2026-09-27T00:04:20.827	TEL,1462,S5,250280729,5008,21844                               
2026-09-27T00:04:20.827	TEL,1463,S5,250290729,5008,21844                               
2026-09-27T00:04:20.827	TEL,1464,S5,250300729,5008,21844                               
2026-09-27T00:04:20.827	TEL,1465,S5,250310729,5008,21844                               
2026-09-27T00:04:20.827	TEL,1466,S5,250320729,5008,21844                               
2026-09-27T00:04:20.827	TEL,1467,S5,250330729,5008,21844                               
2026-09-27T00:04:20.827	TEL,1468,S5,250340729,5008,21844                               
2026-09-27T00:04:20.827	TEL,1469,S5,250350729,5008,21844                               
2026-09-27T00:04:20.827	TEL,1470,S5,250360729,5008,21844                               
2026-09-27T00:04:20.827	TEL,1471,S5,250370729,5008,21844                               
2026-09-27T00:04:20.827	TEL,1472,S5,250380729,5008,21844                               
2026-09-27T00:04:20.827	TEL,1473,S5,250390729,5008,21844                               
2026-09-27T00:04:21.449	TEL,1474,S5,250400729,5008,21844                               
2026-09-27T00:04:21.449	TEL,1475,S5,250410729,5008,21844                               
2026-09-27T00:04:21.449	TEL,1476,S5,250420729,5008,21844                               
2026-09-27T00:04:21.449	TEL,1477,S5,250430729,5008,21844                               
2026-09-27T00:04:21.449	TEL,1478,S5,250440729,5008,21844                               
2026-09-27T00:04:21.449	TEL,1479,S5,250450729,5008,21844                               
2026-09-27T00:04:21.449	TEL,1480,S5,250460729,5008,21844                               
2026-09-27T00:04:21.449	TEL,1481,S5,250470729,5008,21844                               
2026-09-27T00:04:21.449	TEL,1482,S5,250480729,5008,21844                               
2026-09-27T00:04:21.449	TEL,1483,S5,250490729,5008,21844                               
2026-09-27T00:04:21.449	TEL,1484,S5,250500729,5008,21844                               
2026-09-27T00:04:21.449	TEL,1485,S5,250510729,5008,21844                               
2026-09-27T00:04:21.449	TEL,1486,S5,250520729,5008,21844                               
2026-09-27T00:04:21.449	TEL,1487,S5,250530729,5008,21844                               
2026-09-27T00:04:21.449	TEL,1488,S5,250540729,5008,21844                               
2026-09-27T00:04:21.449	TEL,1489,S5,250550729,5008,21844                               
2026-09-27T00:04:21.449	TEL,1490,S5,250560729,5008,21844                               
2026-09-27T00:04:21.449	TEL,1491,S5,250570729,5008,21844                               
2026-09-27T00:04:21.449	TEL,1492,S5,250580729,5008,21844                               
2026-09-27T00:04:21.449	TEL,1493,S5,250590729,5008,21844                               
2026-09-27T00:04:21.449	TEL,1494,S5,250600729,5008,21844                               
2026-09-27T00:04:21.449	TEL,1495,S5,250610729,5008,21844                               
2026-09-27T00:04:21.449	TEL,1496,S5,250620729,5008,21844                               
2026-09-27T00:04:21.449	TEL,1497,S5,250630729,5008,21844                               
2026-09-27T00:04:21.449	TEL,1498,S5,250640729,5008,21844                               
2026-09-27T00:04:21.449	TEL,1499,S5,250650729,5008,21844                               
2026-09-27T00:04:21.449	TEL,1500,S5,250660729,5008,21844                               
2026-09-27T00:04:21.449	TEL,1501,S5,250670729,5008,21844                               
2026-09-27T00:04:21.449	TEL,1502,S5,250680729,5008,21844                               
2026-09-27T00:04:21.449	TEL,1503,S5,250690729,5008,21844                               
2026-09-27T00:04:21.449	TEL,1504,S5,250700729,5008,21844                               
2026-09-27T00:04:21.449	TEL,1505,S5,250710729,5008,21844                               
2026-09-27T00:04:21.449	TEL,1506,S5,250720729,5008,21844                               
2026-09-27T00:04:21.449	TEL,1507,S5,250730729,5008,21844                               
2026-09-27T00:04:21.449	TEL,1508,S5,250740729,5008,21844                               
2026-09-27T00:04:21.449	TEL,1509,S5,250750729,5008,21844                               
2026-09-27T00:04:21.449	TEL,1510,S5,250760729,5008,21844                               
2026-09-27T00:04:21.449	TEL,1511,S5,250770729,5008,21844                               
2026-09-27T00:04:21.449	TEL,1512,S5,250780729,5008,21844                               
2026-09-27T00:04:21.449	TEL,1513,S5,250790729,5008,21844                               
2026-09-27T00:04:21.449	TEL,1514,S5,250800729,5008,21844                               
2026-09-27T00:04:21.449	TEL,1515,S5,250810729,5008,21844                               
2026-09-27T00:04:21.449	TEL,1516,S5,250820729,5008,21844                               
2026-09-27T00:04:21.449	TEL,1517,S5,250830729,5008,21844                               
2026-09-27T00:04:21.449	TEL,1518,S5,250840729,5008,21844                               
2026-09-27T00:04:21.449	TEL,1519,S5,250850729,5008,21844                               
2026-09-27T00:04:21.449	TEL,1520,S5,250860729,5008,21844                               
2026-09-27T00:04:21.449	TEL,1521,S5,250870730,5009,21844                               
2026-09-27T00:04:21.449	TEL,1522,S5,250880729,5008,21844                               
2026-09-27T00:04:21.449	TEL,1523,S5,250890729,5008,21844                               
2026-09-27T00:04:21.449	TEL,1524,S5,250900729,5008,21844                               
2026-09-27T00:04:21.449	TEL,1525,S5,250910729,5008,21844                               
2026-09-27T00:04:21.449	TEL,1526,S5,250920729,5008,21844                               
2026-09-27T00:04:21.449	TEL,1527,S5,250930729,5008,21844                               
2026-09-27T00:04:21.449	TEL,1528,S5,250940729,5008,21844                               
2026-09-27T00:04:21.449	TEL,1529,S5,250950729,5008,21844                               
2026-09-27T00:04:21.449	TEL,1530,S5,250960729,5008,21844                               
2026-09-27T00:04:21.449	TEL,1531,S5,250970729,5008,21844                               
2026-09-27T00:04:21.449	TEL,1532,S5,250980729,5008,21844                               
2026-09-27T00:04:21.449	TEL,1533,S5,250990729,5008,21844                               
2026-09-27T00:04:21.449	TEL,1534,S5,251000729,5008,21844                               
2026-09-27T00:04:21.449	TEL,1535,S5,251010729,5008,21844                               
2026-09-27T00:04:22.070	TEL,1536,S5,251020729,5008,21844                               
2026-09-27T00:04:22.070	TEL,1537,S5,251030729,5008,21844                               
2026-09-27T00:04:22.070	TEL,1538,S5,251040729,5008,21844                               
2026-09-27T00:04:22.070	TEL,1539,S5,251050729,5008,21844                               
2026-09-27T00:04:22.070	TEL,1540,S5,251060729,5008,21844                               
2026-09-27T00:04:22.070	TEL,1541,S5,251070729,5008,21844                               
2026-09-27T00:04:22.070	TEL,1542,S5,251080729,5008,21844                               
2026-09-27T00:04:22.070	TEL,1543,S5,251090729,5008,21844                               
2026-09-27T00:04:22.070	TEL,1544,S5,251100729,5008,21844                               
2026-09-27T00:04:22.070	TEL,1545,S5,251110729,5008,21844                               
2026-09-27T00:04:22.070	TEL,1546,S5,251120729,5008,21844                               
2026-09-27T00:04:22.070	TEL,1547,S5,251130729,5008,21844                               
2026-09-27T00:04:22.070	TEL,1548,S5,251140729,5008,21844                               
2026-09-27T00:04:22.070	TEL,1549,S5,251150729,5008,21844                               
2026-09-27T00:04:22.070	TEL,1550,S5,251160729,5008,21844                               
2026-09-27T00:04:22.070	TEL,1551,S5,251170729,5008,21844                               
2026-09-27T00:04:22.070	TEL,1552,S5,251180729,5008,21844                               
2026-09-27T00:04:22.070	TEL,1553,S5,251190729,5008,21844                               
2026-09-27T00:04:22.070	TEL,1554,S5,251200729,5008,21844                               
2026-09-27T00:04:22.070	TEL,1555,S5,251210729,5008,21844                               
2026-09-27T00:04:22.070	TEL,1556,S5,251220729,5008,21844                               
2026-09-27T00:04:22.070	TEL,1557,S5,251230729,5008,21844                               
2026-09-27T00:04:22.070	TEL,1558,S5,251240729,5008,21844                               
2026-09-27T00:04:22.070	TEL,1559,S5,251250729,5008,21844                               
2026-09-27T00:04:22.070	TEL,1560,S5,251260729,5008,21844                               
2026-09-27T00:04:22.070	TEL,1561,S5,251270729,5008,21844                               
2026-09-27T00:04:22.070	TEL,1562,S5,251280729,5008,21844                               
2026-09-27T00:04:22.070	TEL,1563,S5,251290729,5008,21844                               
2026-09-27T00:04:22.070	TEL,1564,S5,251300729,5008,21844                               
2026-09-27T00:04:22.070	TEL,1565,S5,251310729,5008,21844                               
2026-09-27T00:04:22.070	TEL,1566,S5,251320729,5008,21844                               
2026-09-27T00:04:22.070	TEL,1567,S5,251330729,5008,21844                               
2026-09-27T00:04:22.070	TEL,1568,S5,251340729,5008,21844                               
2026-09-27T00:04:22.070	TEL,1569,S5,251350729,5008,21844                               
2026-09-27T00:04:22.070	TEL,1570,S5,251360729,5008,21844                               
2026-09-27T00:04:22.070	TEL,1571,S5,251370729,5008,21844                               
2026-09-27T00:04:22.070	TEL,1572,S5,251380729,5008,21844                               
2026-09-27T00:04:22.070	TEL,1573,S5,251390729,5008,21844                               
2026-09-27T00:04:22.070	TEL,1574,S5,251400729,5008,21844                               
2026-09-27T00:04:22.070	TEL,1575,S5,251410729,5008,21844                               
2026-09-27T00:04:22.070	TEL,1576,S5,251420729,5008,21844                               
2026-09-27T00:04:22.070	TEL,1577,S5,251430729,5008,21844                               
2026-09-27T00:04:22.070	TEL,1578,S5,251440729,5008,21844                               
2026-09-27T00:04:22.070	TEL,1579,S5,251450729,5008,21844                               
2026-09-27T00:04:22.070	TEL,1580,S5,251460729,5008,21844                               
2026-09-27T00:04:22.070	TEL,1581,S5,251470729,5008,21844                               
2026-09-27T00:04:22.070	TEL,1582,S5,251480729,5008,21844                               
2026-09-27T00:04:22.070	TEL,1583,S5,251490729,5008,21844                               
2026-09-27T00:04:22.070	TEL,1584,S5,251500729,5008,21844                               
2026-09-27T00:04:22.070	TEL,1585,S5,251510729,5008,21844                               
2026-09-27T00:04:22.070	TEL,1586,S5,251520729,5008,21844                               
2026-09-27T00:04:22.070	TEL,1587,S5,251530729,5008,21844                               
2026-09-27T00:04:22.070	TEL,1588,S5,251540729,5008,21844                               
2026-09-27T00:04:22.070	TEL,1589,S5,251550729,5008,21844                               
2026-09-27T00:04:22.070	TEL,1590,S5,251560733,5013,21844                               
2026-09-27T00:04:22.070	TEL,1591,S5,251570729,5008,21844                               
2026-09-27T00:04:22.070	TEL,1592,S5,251580729,5008,21844                               
2026-09-27T00:04:22.070	TEL,1593,S5,251590729,5008,21844                               
2026-09-27T00:04:22.070	TEL,1594,S5,251600729,5008,21844                               
2026-09-27T00:04:22.070	TEL,1595,S5,251610729,5008,21844                               
2026-09-27T00:04:22.070	TEL,1596,S5,251620729,5008,21844                               
2026-09-27T00:04:22.070	TEL,1597,S5,251630729,5008,21844                               
2026-09-27T00:04:22.686	TEL,1598,S5,251640729,5008,21844                               
2026-09-27T00:04:22.686	TEL,1599,S5,251650729,5008,21844                               
2026-09-27T00:04:22.686	TEL,1600,S5,251660729,5008,21844                               
2026-09-27T00:04:22.686	TEL,1601,S5,251670729,5008,21844                               
2026-09-27T00:04:22.686	TEL,1602,S5,251680729,5008,21844                               
2026-09-27T00:04:22.686	TEL,1603,S5,251690729,5008,21844                               
2026-09-27T00:04:22.686	TEL,1604,S5,251700729,5008,21844                               
2026-09-27T00:04:22.686	TEL,1605,S5,251710729,5008,21844                               
2026-09-27T00:04:22.686	TEL,1606,S5,251720729,5008,21844                               
2026-09-27T00:04:22.686	TEL,1607,S5,251730729,5008,21844                               
2026-09-27T00:04:22.686	TEL,1608,S5,251740729,5008,21844                               
2026-09-27T00:04:22.686	TEL,1609,S5,251750729,5008,21844                               
2026-09-27T00:04:22.686	TEL,1610,S5,251760729,5008,21844                               
2026-09-27T00:04:22.686	TEL,1611,S5,251770729,5008,21844                               
2026-09-27T00:04:22.686	TEL,1612,S5,251780729,5008,21844                               
2026-09-27T00:04:22.686	TEL,1613,S5,251790729,5008,21844                               
2026-09-27T00:04:22.686	TEL,1614,S5,251800729,5008,21844                               
2026-09-27T00:04:22.686	TEL,1615,S5,251810729,5008,21844                               
2026-09-27T00:04:22.686	TEL,1616,S5,251820729,5008,21844                               
2026-09-27T00:04:22.686	TEL,1617,S5,251830729,5008,21844                               
2026-09-27T00:04:22.686	TEL,1618,S5,251840729,5008,21844                               
2026-09-27T00:04:22.686	TEL,1619,S5,251850729,5008,21844                               
2026-09-27T00:04:22.686	TEL,1620,S5,251860729,5008,21844                               
2026-09-27T00:04:22.686	TEL,1621,S5,251870729,5008,21844                               
2026-09-27T00:04:22.686	TEL,1622,S5,251880729,5008,21844                               
2026-09-27T00:04:22.686	TEL,1623,S5,251890729,5008,21844                               
2026-09-27T00:04:22.686	TEL,1624,S5,251900729,5008,21844                               
2026-09-27T00:04:22.686	TEL,1625,S5,251910729,5008,21844                               
2026-09-27T00:04:22.686	TEL,1626,S5,251920729,5008,21844                               
2026-09-27T00:04:22.686	TEL,1627,S5,251930729,5008,21844                               
2026-09-27T00:04:22.686	TEL,1628,S5,251940729,5008,21844                               
2026-09-27T00:04:22.686	TEL,1629,S5,251950729,5008,21844                               
2026-09-27T00:04:22.686	TEL,1630,S5,251960729,5008,21844                               
2026-09-27T00:04:22.686	TEL,1631,S5,251970729,5008,21844                               
2026-09-27T00:04:22.686	TEL,1632,S5,251980729,5008,21844                               
2026-09-27T00:04:22.686	TEL,1633,S5,251990729,5008,21844                               
2026-09-27T00:04:22.686	TEL,1634,S5,252000729,5008,21844                               
2026-09-27T00:04:22.686	TEL,1635,S5,252010729,5008,21844                               
2026-09-27T00:04:22.686	TEL,1636,S5,252020729,5008,21844                               
2026-09-27T00:04:22.686	TEL,1637,S5,252030729,5008,21844                               
2026-09-27T00:04:22.686	TEL,1638,S5,252040729,5008,21844                               
2026-09-27T00:04:22.686	TEL,1639,S5,252050729,5008,21844                               
2026-09-27T00:04:22.686	TEL,1640,S5,252060729,5008,21844                               
2026-09-27T00:04:22.686	TEL,1641,S5,252070729,5008,21844                               
2026-09-27T00:04:22.686	TEL,1642,S5,252080729,5008,21844                               
2026-09-27T00:04:22.686	TEL,1643,S5,252090729,5008,21844                               
2026-09-27T00:04:22.686	TEL,1644,S5,252100729,5008,21844                               
2026-09-27T00:04:22.686	TEL,1645,S5,252110729,5008,21844                               
2026-09-27T00:04:22.686	TEL,1646,S5,252120729,5008,21844                               
2026-09-27T00:04:22.686	TEL,1647,S5,252130729,5008,21844                               
2026-09-27T00:04:22.686	TEL,1648,S5,252140729,5008,21844                               
2026-09-27T00:04:22.686	TEL,1649,S5,252150729,5008,21844                               
2026-09-27T00:04:22.686	TEL,1650,S5,252160729,5008,21844                               
2026-09-27T00:04:22.686	TEL,1651,S5,252170729,5008,21844                               
2026-09-27T00:04:22.686	TEL,1652,S5,252180729,5008,21844                               
2026-09-27T00:04:22.686	TEL,1653,S5,252190729,5008,21844                               
2026-09-27T00:04:22.686	TEL,1654,S5,252200729,5008,21844                               
2026-09-27T00:04:22.686	TEL,1655,S5,252210729,5008,21844                               
2026-09-27T00:04:22.686	TEL,1656,S5,252220729,5008,21844                               
2026-09-27T00:04:22.686	TEL,1657,S5,252230729,5008,21844                               
2026-09-27T00:04:22.686	TEL,1658,S5,252240729,5008,21844                               
2026-09-27T00:04:22.686	TEL,1659,S5,252250729,5008,21844                               
2026-09-27T00:04:23.302	TEL,1660,S5,252260729,5008,21844                               
2026-09-27T00:04:23.302	TEL,1661,S5,252270729,5008,21844                               
2026-09-27T00:04:23.302	TEL,1662,S5,252280729,5008,21844                               
2026-09-27T00:04:23.302	TEL,1663,S5,252290729,5008,21844                               
2026-09-27T00:04:23.302	TEL,1664,S5,252300729,5008,21844                               
2026-09-27T00:04:23.302	TEL,1665,S5,252310729,5008,21844                               
2026-09-27T00:04:23.302	TEL,1666,S5,252320729,5008,21844                               
2026-09-27T00:04:23.302	TEL,1667,S5,252330729,5008,21844                               
2026-09-27T00:04:23.302	TEL,1668,S5,252340729,5008,21844                               
2026-09-27T00:04:23.302	TEL,1669,S5,252350729,5008,21844                               
2026-09-27T00:04:23.302	TEL,1670,S5,252360729,5008,21844                               
2026-09-27T00:04:23.302	TEL,1671,S5,252370729,5008,21844                               
2026-09-27T00:04:23.302	TEL,1672,S5,252380729,5008,21844                               
2026-09-27T00:04:23.302	TEL,1673,S5,252390729,5008,21844                               
2026-09-27T00:04:23.302	TEL,1674,S5,252400729,5008,21844                               
2026-09-27T00:04:23.302	TEL,1675,S5,252410729,5008,21844                               
2026-09-27T00:04:23.302	TEL,1676,S5,252420729,5008,21844                               
2026-09-27T00:04:23.302	TEL,1677,S5,252430729,5008,21844                               
2026-09-27T00:04:23.302	TEL,1678,S5,252440729,5008,21844                               
2026-09-27T00:04:23.302	TEL,1679,S5,252450729,5008,21844                               
2026-09-27T00:04:23.302	TEL,1680,S5,252460729,5008,21844                               
2026-09-27T00:04:23.302	TEL,1681,S5,252470729,5008,21844                               
2026-09-27T00:04:23.302	TEL,1682,S5,252480729,5008,21844                               
2026-09-27T00:04:23.302	TEL,1683,S5,252490729,5008,21844                               
2026-09-27T00:04:23.302	TEL,1684,S5,252500729,5008,21844                               
2026-09-27T00:04:23.302	TEL,1685,S5,252510729,5008,21844                               
2026-09-27T00:04:23.302	TEL,1686,S5,252520729,5008,21844                               
2026-09-27T00:04:23.302	TEL,1687,S5,252530729,5008,21844                               
2026-09-27T00:04:23.302	TEL,1688,S5,252540729,5008,21844                               
2026-09-27T00:04:23.302	TEL,1689,S5,252550729,5008,21844                               
2026-09-27T00:04:23.302	TEL,1690,S5,252560729,5008,21844                               
2026-09-27T00:04:23.302	TEL,1691,S5,252570729,5008,21844                               
2026-09-27T00:04:23.302	TEL,1692,S5,252580729,5008,21844                               
2026-09-27T00:04:23.302	TEL,1693,S5,252590729,5008,21844                               
2026-09-27T00:04:23.302	TEL,1694,S5,252600729,5008,21844                               
2026-09-27T00:04:23.302	TEL,1695,S5,252610729,5008,21844                               
2026-09-27T00:04:23.302	TEL,1696,S5,252620729,5008,21844                               
2026-09-27T00:04:23.302	TEL,1697,S5,252630729,5008,21844                               
2026-09-27T00:04:23.302	TEL,1698,S5,252640729,5008,21844                               
2026-09-27T00:04:23.302	TEL,1699,S5,252650730,5009,21844                               
2026-09-27T00:04:23.302	TEL,1700,S5,252660729,5008,21844                               
2026-09-27T00:04:23.302	TEL,1701,S5,252670729,5008,21844                               
2026-09-27T00:04:23.302	TEL,1702,S5,252680729,5008,21844                               
2026-09-27T00:04:23.302	TEL,1703,S5,252690729,5008,21844                               
2026-09-27T00:04:23.302	TEL,1704,S5,252700729,5008,21844                               
2026-09-27T00:04:23.302	TEL,1705,S5,252710729,5008,21844                               
2026-09-27T00:04:23.302	TEL,1706,S5,252720729,5008,21844                               
2026-09-27T00:04:23.302	TEL,1707,S5,252730729,5008,21844                               
2026-09-27T00:04:23.302	TEL,1708,S5,252740729,5008,21844                               
2026-09-27T00:04:23.302	TEL,1709,S5,252750729,5008,21844                               
2026-09-27T00:04:23.302	TEL,1710,S5,252760729,5008,21844                               
2026-09-27T00:04:23.302	TEL,1711,S5,252770729,5008,21844                               
2026-09-27T00:04:23.302	TEL,1712,S5,252780729,5008,21844                               
2026-09-27T00:04:23.302	TEL,1713,S5,252790729,5008,21844                               
2026-09-27T00:04:23.302	TEL,1714,S5,252800729,5008,21844                               
2026-09-27T00:04:23.302	TEL,1715,S5,252810729,5008,21844                               
2026-09-27T00:04:23.302	TEL,1716,S5,252820729,5008,21844                               
2026-09-27T00:04:23.302	TEL,1717,S5,252830729,5008,21844                               
2026-09-27T00:04:23.302	TEL,1718,S5,252840729,5008,21844                               
2026-09-27T00:04:23.302	TEL,1719,S5,252850729,5008,21844                               
2026-09-27T00:04:23.302	TEL,1720,S5,252860729,5008,21844                               
2026-09-27T00:04:23.302	TEL,1721,S5,252870729,5008,21844                               
2026-09-27T00:04:23.926	TEL,1722,S5,252880729,5008,21844                               
2026-09-27T00:04:23.926	TEL,1723,S5,252890729,5008,21844                               
2026-09-27T00:04:23.926	TEL,1724,S5,252900729,5008,21844                               
2026-09-27T00:04:23.926	TEL,1725,S5,252910729,5008,21844                               
2026-09-27T00:04:23.926	TEL,1726,S5,252920729,5008,21844                               
2026-09-27T00:04:23.926	TEL,1727,S5,252930729,5008,21844                               
2026-09-27T00:04:23.926	TEL,1728,S5,252940729,5008,21844                               
2026-09-27T00:04:23.926	TEL,1729,S5,252950729,5008,21844                               
2026-09-27T00:04:23.926	TEL,1730,S5,252960729,5008,21844                               
2026-09-27T00:04:23.926	TEL,1731,S5,252970729,5008,21844                               
2026-09-27T00:04:23.926	TEL,1732,S5,252980729,5008,21844                               
2026-09-27T00:04:23.926	TEL,1733,S5,252990729,5008,21844                               
2026-09-27T00:04:23.926	TEL,1734,S5,253000729,5008,21844                               
2026-09-27T00:04:23.926	TEL,1735,S5,253010729,5008,21844                               
2026-09-27T00:04:23.926	TEL,1736,S5,253020729,5008,21844                               
2026-09-27T00:04:23.926	TEL,1737,S5,253030729,5008,21844                               
2026-09-27T00:04:23.926	TEL,1738,S5,253040729,5008,21844                               
2026-09-27T00:04:23.926	TEL,1739,S5,253050729,5008,21844                               
2026-09-27T00:04:23.926	TEL,1740,S5,253060729,5008,21844                               
2026-09-27T00:04:23.926	TEL,1741,S5,253070729,5008,21844                               
2026-09-27T00:04:23.926	TEL,1742,S5,253080729,5008,21844                               
2026-09-27T00:04:23.926	TEL,1743,S5,253090729,5008,21844                               
2026-09-27T00:04:23.926	TEL,1744,S5,253100729,5008,21844                               
2026-09-27T00:04:23.926	TEL,1745,S5,253110729,5008,21844                               
2026-09-27T00:04:23.926	TEL,1746,S5,253120729,5008,21844                               
2026-09-27T00:04:23.926	TEL,1747,S5,253130729,5008,21844                               
2026-09-27T00:04:23.926	TEL,1748,S5,253140729,5008,21844                               
2026-09-27T00:04:23.926	TEL,1749,S5,253150729,5008,21844                               
2026-09-27T00:04:23.926	TEL,1750,S5,253160729,5008,21844                               
2026-09-27T00:04:23.926	TEL,1751,S5,253170729,5008,21844                               
2026-09-27T00:04:23.926	TEL,1752,S5,253180729,5008,21844                               
2026-09-27T00:04:23.926	TEL,1753,S5,253190729,5008,21844                               
2026-09-27T00:04:23.926	TEL,1754,S5,253200729,5008,21844                               
2026-09-27T00:04:23.926	TEL,1755,S5,253210729,5008,21844                               
2026-09-27T00:04:23.926	TEL,1756,S5,253220729,5008,21844                               
2026-09-27T00:04:23.926	TEL,1757,S5,253230729,5008,21844                               
2026-09-27T00:04:23.926	TEL,1758,S5,253240729,5008,21844                               
2026-09-27T00:04:23.926	TEL,1759,S5,253250729,5008,21844                               
2026-09-27T00:04:23.926	TEL,1760,S5,253260729,5008,21844                               
2026-09-27T00:04:23.926	TEL,1761,S5,253270729,5008,21844                               
2026-09-27T00:04:23.926	TEL,1762,S5,253280733,5013,21844                               
2026-09-27T00:04:23.926	TEL,1763,S5,253290729,5008,21844                               
2026-09-27T00:04:23.926	TEL,1764,S5,253300729,5008,21844                               
2026-09-27T00:04:23.926	TEL,1765,S5,253310729,5008,21844                               
2026-09-27T00:04:23.926	TEL,1766,S5,253320729,5008,21844                               
2026-09-27T00:04:23.926	TEL,1767,S5,253330729,5008,21844                               
2026-09-27T00:04:23.926	TEL,1768,S5,253340729,5008,21844                               
2026-09-27T00:04:23.926	TEL,1769,S5,253350729,5008,21844                               
2026-09-27T00:04:23.926	TEL,1770,S5,253360729,5008,21844                               
2026-09-27T00:04:23.926	TEL,1771,S5,253370729,5008,21844                               
2026-09-27T00:04:23.926	TEL,1772,S5,253380729,5008,21844                               
2026-09-27T00:04:23.926	TEL,1773,S5,253390729,5008,21844                               
2026-09-27T00:04:23.926	TEL,1774,S5,253400729,5008,21844                               
2026-09-27T00:04:23.926	TEL,1775,S5,253410729,5008,21844                               
2026-09-27T00:04:23.926	TEL,1776,S5,253420729,5008,21844                               
2026-09-27T00:04:23.926	TEL,1777,S5,253430729,5008,21844                               
2026-09-27T00:04:23.926	TEL,1778,S5,253440729,5008,21844                               
2026-09-27T00:04:23.926	TEL,1779,S5,253450729,5008,21844                               
2026-09-27T00:04:23.926	TEL,1780,S5,253460729,5008,21844                               
2026-09-27T00:04:23.926	TEL,1781,S5,253470729,5008,21844                               
2026-09-27T00:04:23.926	TEL,1782,S5,253480729,5008,21844                               
2026-09-27T00:04:23.926	TEL,1783,S5,253490729,5008,21844                               
2026-09-27T00:04:24.547	TEL,1784,S5,253500729,5008,21844                               
2026-09-27T00:04:24.547	TEL,1785,S5,253510729,5008,21844                               
2026-09-27T00:04:24.547	TEL,1786,S5,253520729,5008,21844                               
2026-09-27T00:04:24.547	TEL,1787,S5,253530729,5008,21844                               
2026-09-27T00:04:24.547	TEL,1788,S5,253540729,5008,21844                               
2026-09-27T00:04:24.547	TEL,1789,S5,253550729,5008,21844                               
2026-09-27T00:04:24.547	TEL,1790,S5,253560729,5008,21844                               
2026-09-27T00:04:24.547	TEL,1791,S5,253570729,5008,21844                               
2026-09-27T00:04:24.547	TEL,1792,S5,253580729,5008,21844                               
2026-09-27T00:04:24.547	TEL,1793,S5,253590729,5008,21844                               
2026-09-27T00:04:24.547	TEL,1794,S5,253600729,5008,21844                               
2026-09-27T00:04:24.547	TEL,1795,S5,253610729,5008,21844                               
2026-09-27T00:04:24.547	TEL,1796,S5,253620729,5008,21844                               
2026-09-27T00:04:24.547	TEL,1797,S5,253630729,5008,21844                               
2026-09-27T00:04:24.547	TEL,1798,S5,253640729,5008,21844                               
2026-09-27T00:04:24.547	TEL,1799,S5,253650729,5008,21844                               
2026-09-27T00:04:24.547	TEL,1800,S5,253660729,5008,21844                               
2026-09-27T00:04:24.547	TEL,1801,S5,253670729,5008,21844                               
2026-09-27T00:04:24.547	TEL,1802,S5,253680729,5008,21844                               
2026-09-27T00:04:24.547	TEL,1803,S5,253690729,5008,21844                               
2026-09-27T00:04:24.547	TEL,1804,S5,253700729,5008,21844                               
2026-09-27T00:04:24.547	TEL,1805,S5,253710729,5008,21844                               
2026-09-27T00:04:24.547	TEL,1806,S5,253720729,5008,21844                               
2026-09-27T00:04:24.547	TEL,1807,S5,253730729,5008,21844                               
2026-09-27T00:04:24.547	TEL,1808,S5,253740729,5008,21844                               
2026-09-27T00:04:24.547	TEL,1809,S5,253750729,5008,21844                               
2026-09-27T00:04:24.547	TEL,1810,S5,253760729,5008,21844                               
2026-09-27T00:04:24.547	TEL,1811,S5,253770729,5008,21844                               
2026-09-27T00:04:24.547	TEL,1812,S5,253780729,5008,21844                               
2026-09-27T00:04:24.547	TEL,1813,S5,253790729,5008,21844                               
2026-09-27T00:04:24.547	TEL,1814,S5,253800729,5008,21844                               
2026-09-27T00:04:24.547	TEL,1815,S5,253810729,5008,21844                               
2026-09-27T00:04:24.547	TEL,1816,S5,253820729,5008,21844                               
2026-09-27T00:04:24.547	TEL,1817,S5,253830729,5008,21844                               
2026-09-27T00:04:24.547	TEL,1818,S5,253840729,5008,21844                               
2026-09-27T00:04:24.547	TEL,1819,S5,253850729,5008,21844                               
2026-09-27T00:04:24.547	TEL,1820,S5,253860729,5008,21844                               
2026-09-27T00:04:24.547	TEL,1821,S5,253870729,5008,21844                               
2026-09-27T00:04:24.547	TEL,1822,S5,253880729,5008,21844                               
2026-09-27T00:04:24.547	TEL,1823,S5,253890729,5008,21844                               
2026-09-27T00:04:24.547	TEL,1824,S5,253900729,5008,21844                               
2026-09-27T00:04:24.547	TEL,1825,S5,253910729,5008,21844                               
2026-09-27T00:04:24.547	TEL,1826,S5,253920729,5008,21844                               
2026-09-27T00:04:24.547	TEL,1827,S5,253930729,5008,21844                               
2026-09-27T00:04:24.547	TEL,1828,S5,253940729,5008,21844                               
2026-09-27T00:04:24.547	TEL,1829,S5,253950729,5008,21844                               
2026-09-27T00:04:24.547	TEL,1830,S5,253960729,5008,21844                               
2026-09-27T00:04:24.547	TEL,1831,S5,253970729,5008,21844                               
2026-09-27T00:04:24.547	TEL,1832,S5,253980729,5008,21844                               
2026-09-27T00:04:24.547	TEL,1833,S5,253990729,5008,21844                               
2026-09-27T00:04:24.547	TEL,1834,S5,254000729,5008,21844                               
2026-09-27T00:04:24.547	TEL,1835,S5,254010729,5008,21844                               
2026-09-27T00:04:24.547	TEL,1836,S5,254020729,5008,21844                               
2026-09-27T00:04:24.547	TEL,1837,S5,254030729,5008,21844                               
2026-09-27T00:04:24.547	TEL,1838,S5,254040729,5008,21844                               
2026-09-27T00:04:24.547	TEL,1839,S5,254050729,5008,21844                               
2026-09-27T00:04:24.547	TEL,1840,S5,254060729,5008,21844                               
2026-09-27T00:04:24.547	TEL,1841,S5,254070729,5008,21844                               
2026-09-27T00:04:24.547	TEL,1842,S5,254080729,5008,21844                               
2026-09-27T00:04:24.547	TEL,1843,S5,254090729,5008,21844                               
2026-09-27T00:04:24.547	TEL,1844,S5,254100729,5008,21844                               
2026-09-27T00:04:24.547	TEL,1845,S5,254110729,5008,21844                               
2026-09-27T00:04:25.167	TEL,1846,S5,254120729,5008,21844                               
2026-09-27T00:04:25.167	TEL,1847,S5,254130729,5008,21844                               
2026-09-27T00:04:25.167	TEL,1848,S5,254140729,5008,21844                               
2026-09-27T00:04:25.167	TEL,1849,S5,254150729,5008,21844                               
2026-09-27T00:04:25.167	TEL,1850,S5,254160729,5008,21844                               
2026-09-27T00:04:25.167	TEL,1851,S5,254170729,5008,21844                               
2026-09-27T00:04:25.167	TEL,1852,S5,254180729,5008,21844                               
2026-09-27T00:04:25.167	TEL,1853,S5,254190729,5008,21844                               
2026-09-27T00:04:25.167	TEL,1854,S5,254200729,5008,21844                               
2026-09-27T00:04:25.167	TEL,1855,S5,254210729,5008,21844                               
2026-09-27T00:04:25.167	TEL,1856,S5,254220731,5010,21844                               
2026-09-27T00:04:25.167	TEL,1857,S5,254230729,5008,21844                               
2026-09-27T00:04:25.167	TEL,1858,S5,254240729,5008,21844                               
2026-09-27T00:04:25.167	TEL,1859,S5,254250729,5008,21844                               
2026-09-27T00:04:25.167	TEL,1860,S5,254260729,5008,21844                               
2026-09-27T00:04:25.167	TEL,1861,S5,254270729,5008,21844                               
2026-09-27T00:04:25.167	TEL,1862,S5,254280729,5008,21844                               
2026-09-27T00:04:25.167	TEL,1863,S5,254290729,5008,21844                               
2026-09-27T00:04:25.167	TEL,1864,S5,254300729,5008,21844                               
2026-09-27T00:04:25.167	TEL,1865,S5,254310729,5008,21844                               
2026-09-27T00:04:25.167	TEL,1866,S5,254320729,5008,21844                               
2026-09-27T00:04:25.167	TEL,1867,S5,254330729,5008,21844                               
2026-09-27T00:04:25.167	TEL,1868,S5,254340729,5008,21844                               
2026-09-27T00:04:25.167	TEL,1869,S5,254350729,5008,21844                               
2026-09-27T00:04:25.167	TEL,1870,S5,254360729,5008,21844                               
2026-09-27T00:04:25.167	TEL,1871,S5,254370729,5008,21844                               
2026-09-27T00:04:25.167	TEL,1872,S5,254380729,5008,21844                               
2026-09-27T00:04:25.167	TEL,1873,S5,254390729,5008,21844                               
2026-09-27T00:04:25.167	TEL,1874,S5,254400729,5008,21844                               
2026-09-27T00:04:25.167	TEL,1875,S5,254410729,5008,21844                               
2026-09-27T00:04:25.167	TEL,1876,S5,254420729,5008,21844                               
2026-09-27T00:04:25.167	TEL,1877,S5,254430729,5008,21844                               
2026-09-27T00:04:25.167	TEL,1878,S5,254440729,5008,21844                               
2026-09-27T00:04:25.167	TEL,1879,S5,254450729,5008,21844                               
2026-09-27T00:04:25.167	TEL,1880,S5,254460729,5008,21844                               
2026-09-27T00:04:25.167	TEL,1881,S5,254470729,5008,21844                               
2026-09-27T00:04:25.167	TEL,1882,S5,254480729,5008,21844                               
2026-09-27T00:04:25.167	TEL,1883,S5,254490729,5008,21844                               
2026-09-27T00:04:25.167	TEL,1884,S5,254500729,5008,21844                               
2026-09-27T00:04:25.167	TEL,1885,S5,254510729,5008,21844                               
2026-09-27T00:04:25.167	TEL,1886,S5,254520729,5008,21844                               
2026-09-27T00:04:25.167	TEL,1887,S5,254530729,5008,21844                               
2026-09-27T00:04:25.167	TEL,1888,S5,254540729,5008,21844                               
2026-09-27T00:04:25.167	TEL,1889,S5,254550729,5008,21844                               
2026-09-27T00:04:25.167	TEL,1890,S5,254560729,5008,21844                               
2026-09-27T00:04:25.167	TEL,1891,S5,254570729,5008,21844                               
2026-09-27T00:04:25.167	TEL,1892,S5,254580729,5008,21844                               
2026-09-27T00:04:25.167	TEL,1893,S5,254590729,5008,21844                               
2026-09-27T00:04:25.167	TEL,1894,S5,254600729,5008,21844                               
2026-09-27T00:04:25.167	TEL,1895,S5,254610729,5008,21844                               
2026-09-27T00:04:25.167	TEL,1896,S5,254620729,5008,21844                               
2026-09-27T00:04:25.167	TEL,1897,S5,254630729,5008,21844                               
2026-09-27T00:04:25.167	TEL,1898,S5,254640729,5008,21844                               
2026-09-27T00:04:25.167	TEL,1899,S5,254650729,5008,21844                               
2026-09-27T00:04:25.167	TEL,1900,S5,254660729,5008,21844                               
2026-09-27T00:04:25.167	TEL,1901,S5,254670729,5008,21844                               
2026-09-27T00:04:25.167	TEL,1902,S5,254680729,5008,21844                               
2026-09-27T00:04:25.167	TEL,1903,S5,254690729,5008,21844                               
2026-09-27T00:04:25.167	TEL,1904,S5,254700729,5008,21844                               
2026-09-27T00:04:25.167	TEL,1905,S5,254710729,5008,21844                               
2026-09-27T00:04:25.167	TEL,1906,S5,254720729,5008,21844                               
2026-09-27T00:04:25.167	TEL,1907,S5,254730729,5008,21844                               
2026-09-27T00:04:25.783	TEL,1908,S5,254740729,5008,21844                               
2026-09-27T00:04:25.783	TEL,1909,S5,254750729,5008,21844                               
2026-09-27T00:04:25.783	TEL,1910,S5,254760729,5008,21844                               
2026-09-27T00:04:25.783	TEL,1911,S5,254770729,5008,21844                               
2026-09-27T00:04:25.783	TEL,1912,S5,254780729,5008,21844                               
2026-09-27T00:04:25.783	TEL,1913,S5,254790729,5008,21844                               
2026-09-27T00:04:25.783	TEL,1914,S5,254800729,5008,21844                               
2026-09-27T00:04:25.783	TEL,1915,S5,254810729,5008,21844                               
2026-09-27T00:04:25.783	TEL,1916,S5,254820729,5008,21844                               
2026-09-27T00:04:25.783	TEL,1917,S5,254830729,5008,21844                               
2026-09-27T00:04:25.783	TEL,1918,S5,254840729,5008,21844                               
2026-09-27T00:04:25.783	TEL,1919,S5,254850729,5008,21844                               
2026-09-27T00:04:25.783	TEL,1920,S5,254860729,5008,21844                               
2026-09-27T00:04:25.783	TEL,1921,S5,254870729,5008,21844                               
2026-09-27T00:04:25.783	TEL,1922,S5,254880729,5008,21844                               
2026-09-27T00:04:25.783	TEL,1923,S5,254890729,5008,21844                               
2026-09-27T00:04:25.783	TEL,1924,S5,254900729,5008,21844                               
2026-09-27T00:04:25.783	TEL,1925,S5,254910729,5008,21844                               
2026-09-27T00:04:25.783	TEL,1926,S5,254920729,5008,21844                               
2026-09-27T00:04:25.783	TEL,1927,S5,254930729,5008,21844                               
2026-09-27T00:04:25.783	TEL,1928,S5,254940729,5008,21844                               
2026-09-27T00:04:25.783	TEL,1929,S5,254950729,5008,21844                               
2026-09-27T00:04:25.783	TEL,1930,S5,254960729,5008,21844                               
2026-09-27T00:04:25.783	TEL,1931,S5,254970729,5008,21844                               
2026-09-27T00:04:25.783	TEL,1932,S5,254980729,5008,21844                               
2026-09-27T00:04:25.783	TEL,1933,S5,254990729,5008,21844                               
2026-09-27T00:04:25.783	TEL,1934,S5,255000729,5008,21844                               
2026-09-27T00:04:25.783	TEL,1935,S5,255010729,5008,21844                               
2026-09-27T00:04:25.783	TEL,1936,S5,255020729,5008,21844                               
2026-09-27T00:04:25.783	TEL,1937,S5,255030729,5008,21844                               
2026-09-27T00:04:25.783	TEL,1938,S5,255040729,5008,21844                               
2026-09-27T00:04:25.783	TEL,1939,S5,255050729,5008,21844                               
2026-09-27T00:04:25.783	TEL,1940,S5,255060729,5008,21844                               
2026-09-27T00:04:25.783	TEL,1941,S5,255070729,5008,21844                               
2026-09-27T00:04:25.783	TEL,1942,S5,255080729,5008,21844                               
2026-09-27T00:04:25.783	TEL,1943,S5,255090729,5008,21844                               
2026-09-27T00:04:25.783	TEL,1944,S5,255100729,5008,21844                               
2026-09-27T00:04:25.783	TEL,1945,S5,255110729,5008,21844                               
2026-09-27T00:04:25.783	TEL,1946,S5,255120729,5008,21844                               
2026-09-27T00:04:25.783	TEL,1947,S5,255130729,5008,21844                               
2026-09-27T00:04:25.783	TEL,1948,S5,255140729,5008,21844                               
2026-09-27T00:04:25.783	TEL,1949,S5,255150729,5008,21844                               
2026-09-27T00:04:25.783	TEL,1950,S5,255160729,5008,21844                               
2026-09-27T00:04:25.783	TEL,1951,S5,255170729,5008,21844                               
2026-09-27T00:04:25.783	TEL,1952,S5,255180729,5008,21844                               
2026-09-27T00:04:25.783	TEL,1953,S5,255190729,5008,21844                               
2026-09-27T00:04:25.783	TEL,1954,S5,255200729,5008,21844                               
2026-09-27T00:04:25.783	TEL,1955,S5,255210733,5013,21844                               
2026-09-27T00:04:25.783	TEL,1956,S5,255220729,5008,21844                               
2026-09-27T00:04:25.783	TEL,1957,S5,255230729,5008,21844                               
2026-09-27T00:04:25.783	TEL,1958,S5,255240729,5008,21844                               
2026-09-27T00:04:25.783	TEL,1959,S5,255250729,5008,21844                               
2026-09-27T00:04:25.783	TEL,1960,S5,255260729,5008,21844                               
2026-09-27T00:04:25.783	TEL,1961,S5,255270729,5008,21844                               
2026-09-27T00:04:25.783	TEL,1962,S5,255280729,5008,21844                               
2026-09-27T00:04:25.783	TEL,1963,S5,255290729,5008,21844                               
2026-09-27T00:04:25.783	TEL,1964,S5,255300729,5008,21844                               
2026-09-27T00:04:25.783	TEL,1965,S5,255310729,5008,21844                               
2026-09-27T00:04:25.783	TEL,1966,S5,255320729,5008,21844                               
2026-09-27T00:04:25.783	TEL,1967,S5,255330729,5008,21844                               
2026-09-27T00:04:25.783	TEL,1968,S5,255340729,5008,21844                               
2026-09-27T00:04:25.783	TEL,1969,S5,255350729,5008,21844                               
2026-09-27T00:04:26.410	TEL,1970,S5,255360729,5008,21844                               
2026-09-27T00:04:26.410	TEL,1971,S5,255370729,5008,21844                               
2026-09-27T00:04:26.410	TEL,1972,S5,255380729,5008,21844                               
2026-09-27T00:04:26.410	TEL,1973,S5,255390729,5008,21844                               
2026-09-27T00:04:26.410	TEL,1974,S5,255400729,5008,21844                               
2026-09-27T00:04:26.410	TEL,1975,S5,255410729,5008,21844                               
2026-09-27T00:04:26.410	TEL,1976,S5,255420729,5008,21844                               
2026-09-27T00:04:26.410	TEL,1977,S5,255430729,5008,21844                               
2026-09-27T00:04:26.410	TEL,1978,S5,255440729,5008,21844                               
2026-09-27T00:04:26.410	TEL,1979,S5,255450729,5008,21844                               
2026-09-27T00:04:26.410	TEL,1980,S5,255460729,5008,21844                               
2026-09-27T00:04:26.410	TEL,1981,S5,255470729,5008,21844                               
2026-09-27T00:04:26.410	TEL,1982,S5,255480729,5008,21844                               
2026-09-27T00:04:26.410	TEL,1983,S5,255490729,5008,21844                               
2026-09-27T00:04:26.410	TEL,1984,S5,255500729,5008,21844                               
2026-09-27T00:04:26.410	TEL,1985,S5,255510729,5008,21844                               
2026-09-27T00:04:26.410	TEL,1986,S5,255520729,5008,21844                               
2026-09-27T00:04:26.410	TEL,1987,S5,255530729,5008,21844                               
2026-09-27T00:04:26.410	TEL,1988,S5,255540729,5008,21844                               
2026-09-27T00:04:26.410	TEL,1989,S5,255550729,5008,21844                               
2026-09-27T00:04:26.410	TEL,1990,S5,255560729,5008,21844                               
2026-09-27T00:04:26.410	TEL,1991,S5,255570729,5008,21844                               
2026-09-27T00:04:26.410	TEL,1992,S5,255580729,5008,21844                               
2026-09-27T00:04:26.410	TEL,1993,S5,255590729,5008,21844                               
2026-09-27T00:04:26.410	TEL,1994,S5,255600729,5008,21844                               
2026-09-27T00:04:26.410	TEL,1995,S5,255610729,5008,21844                               
2026-09-27T00:04:26.410	TEL,1996,S5,255620729,5008,21844                               
2026-09-27T00:04:26.410	TEL,1997,S5,255630729,5008,21844                               
2026-09-27T00:04:26.410	TEL,1998,S5,255640729,5008,21844                               
2026-09-27T00:04:26.410	TEL,1999,S5,255650729,5008,21844                               
2026-09-27T00:04:26.410	TEL,2000,S5,255660729,5008,21844                               
2026-09-27T00:04:26.410	TEL,2001,S5,255670729,5008,21844                               
2026-09-27T00:04:26.410	TEL,2002,S5,255680729,5008,21844                               
2026-09-27T00:04:26.410	TEL,2003,S5,255690729,5008,21844                               
2026-09-27T00:04:26.410	TEL,2004,S5,255700729,5008,21844                               
2026-09-27T00:04:26.410	TEL,2005,S5,255710729,5008,21844                               
2026-09-27T00:04:26.410	TEL,2006,S5,255720729,5008,21844                               
2026-09-27T00:04:26.410	TEL,2007,S5,255730729,5008,21844                               
2026-09-27T00:04:26.410	TEL,2008,S5,255740729,5008,21844                               
2026-09-27T00:04:26.410	TEL,2009,S5,255750729,5008,21844                               
2026-09-27T00:04:26.410	TEL,2010,S5,255760729,5008,21844                               
2026-09-27T00:04:26.410	TEL,2011,S5,255770729,5008,21844                               
2026-09-27T00:04:26.410	TEL,2012,S5,255780729,5008,21844                               
2026-09-27T00:04:26.410	TEL,2013,S5,255790729,5008,21844                               
2026-09-27T00:04:26.410	TEL,2014,S5,255800729,5008,21844                               
2026-09-27T00:04:26.410	TEL,2015,S5,255810729,5008,21844                               
2026-09-27T00:04:26.410	TEL,2016,S5,255820729,5008,21844                               
2026-09-27T00:04:26.410	TEL,2017,S5,255830729,5008,21844                               
2026-09-27T00:04:26.410	TEL,2018,S5,255840729,5008,21844                               
2026-09-27T00:04:26.410	TEL,2019,S5,255850729,5008,21844                               
2026-09-27T00:04:26.410	TEL,2020,S5,255860729,5008,21844                               
2026-09-27T00:04:26.410	TEL,2021,S5,255870729,5008,21844                               
2026-09-27T00:04:26.410	TEL,2022,S5,255880729,5008,21844                               
2026-09-27T00:04:26.410	TEL,2023,S5,255890729,5008,21844                               
2026-09-27T00:04:26.410	TEL,2024,S5,255900729,5008,21844                               
2026-09-27T00:04:26.410	TEL,2025,S5,255910729,5008,21844                               
2026-09-27T00:04:26.410	TEL,2026,S5,255920729,5008,21844                               
2026-09-27T00:04:26.410	TEL,2027,S5,255930729,5008,21844                               
2026-09-27T00:04:26.410	TEL,2028,S5,255940730,5009,21844                               
2026-09-27T00:04:26.410	TEL,2029,S5,255950729,5008,21844                               
2026-09-27T00:04:26.410	TEL,2030,S5,255960729,5008,21844                               
2026-09-27T00:04:26.410	TEL,2031,S5,255970729,5008,21844                               
2026-09-27T00:04:27.030	TEL,2032,S5,255980729,5008,21844                               
2026-09-27T00:04:27.030	TEL,2033,S5,255990729,5008,21844                               
2026-09-27T00:04:27.030	TEL,2034,S5,256000729,5008,21844                               
2026-09-27T00:04:27.030	TEL,2035,S5,256010729,5008,21844                               
2026-09-27T00:04:27.030	TEL,2036,S5,256020729,5008,21844                               
2026-09-27T00:04:27.030	TEL,2037,S5,256030729,5008,21844                               
2026-09-27T00:04:27.030	TEL,2038,S5,256040729,5008,21844                               
2026-09-27T00:04:27.030	TEL,2039,S5,256050729,5008,21844                               
2026-09-27T00:04:27.030	TEL,2040,S5,256060729,5008,21844                               
2026-09-27T00:04:27.030	TEL,2041,S5,256070729,5008,21844                               
2026-09-27T00:04:27.030	TEL,2042,S5,256080729,5008,21844                               
2026-09-27T00:04:27.030	TEL,2043,S5,256090729,5008,21844                               
2026-09-27T00:04:27.030	TEL,2044,S5,256100729,5008,21844                               
2026-09-27T00:04:27.030	TEL,2045,S5,256110729,5008,21844                               
2026-09-27T00:04:27.030	TEL,2046,S5,256120729,5008,21844                               
2026-09-27T00:04:27.030	TEL,2047,S5,256130729,5008,21844                               
2026-09-27T00:04:27.030	TEL,2048,S5,256140729,5008,21844                               
2026-09-27T00:04:27.030	TEL,2049,S5,256150729,5008,21844                               
2026-09-27T00:04:27.030	TEL,2050,S5,256160729,5008,21844                               
2026-09-27T00:04:27.030	TEL,2051,S5,256170729,5008,21844                               
2026-09-27T00:04:27.030	TEL,2052,S5,256180729,5008,21844                               
2026-09-27T00:04:27.030	TEL,2053,S5,256190729,5008,21844                               
2026-09-27T00:04:27.030	TEL,2054,S5,256200729,5008,21844                               
2026-09-27T00:04:27.030	TEL,2055,S5,256210729,5008,21844                               
2026-09-27T00:04:27.030	TEL,2056,S5,256220729,5008,21844                               
2026-09-27T00:04:27.030	TEL,2057,S5,256230729,5008,21844                               
2026-09-27T00:04:27.030	TEL,2058,S5,256240729,5008,21844                               
2026-09-27T00:04:27.030	TEL,2059,S5,256250729,5008,21844                               
2026-09-27T00:04:27.030	TEL,2060,S5,256260729,5008,21844                               
2026-09-27T00:04:27.030	TEL,2061,S5,256270729,5008,21844                               
2026-09-27T00:04:27.030	TEL,2062,S5,256280729,5008,21844                               
2026-09-27T00:04:27.030	TEL,2063,S5,256290729,5008,21844                               
2026-09-27T00:04:27.030	TEL,2064,S5,256300729,5008,21844                               
2026-09-27T00:04:27.030	TEL,2065,S5,256310729,5008,21844                               
2026-09-27T00:04:27.030	TEL,2066,S5,256320729,5008,21844                               
2026-09-27T00:04:27.030	TEL,2067,S5,256330729,5008,21844                               
2026-09-27T00:04:27.030	TEL,2068,S5,256340729,5008,21844                               
2026-09-27T00:04:27.030	TEL,2069,S5,256350729,5008,21844                               
2026-09-27T00:04:27.030	TEL,2070,S5,256360729,5008,21844                               
2026-09-27T00:04:27.030	TEL,2071,S5,256370729,5008,21844                               
2026-09-27T00:04:27.030	TEL,2072,S5,256380729,5008,21844                               
2026-09-27T00:04:27.030	TEL,2073,S5,256390729,5008,21844                               
2026-09-27T00:04:27.030	TEL,2074,S5,256400729,5008,21844                               
2026-09-27T00:04:27.030	TEL,2075,S5,256410729,5008,21844                               
2026-09-27T00:04:27.030	TEL,2076,S5,256420729,5008,21844                               
2026-09-27T00:04:27.030	TEL,2077,S5,256430729,5008,21844                               
2026-09-27T00:04:27.030	TEL,2078,S5,256440729,5008,21844                               
2026-09-27T00:04:27.030	TEL,2079,S5,256450729,5008,21844                               
2026-09-27T00:04:27.030	TEL,2080,S5,256460729,5008,21844                               
2026-09-27T00:04:27.030	TEL,2081,S5,256470729,5008,21844                               
2026-09-27T00:04:27.030	TEL,2082,S5,256480729,5008,21844                               
2026-09-27T00:04:27.030	TEL,2083,S5,256490729,5008,21844                               
2026-09-27T00:04:27.030	TEL,2084,S5,256500729,5008,21844                               
2026-09-27T00:04:27.030	TEL,2085,S5,256510729,5008,21844                               
2026-09-27T00:04:27.030	TEL,2086,S5,256520729,5008,21844                               
2026-09-27T00:04:27.030	TEL,2087,S5,256530729,5008,21844                               
2026-09-27T00:04:27.030	TEL,2088,S5,256540729,5008,21844                               
2026-09-27T00:04:27.030	TEL,2089,S5,256550729,5008,21844                               
2026-09-27T00:04:27.030	TEL,2090,S5,256560729,5008,21844                               
2026-09-27T00:04:27.030	TEL,2091,S5,256570729,5008,21844                               
2026-09-27T00:04:27.030	TEL,2092,S5,256580729,5008,21844                               
2026-09-27T00:04:27.030	TEL,2093,S5,256590729,5008,21844                               
2026-09-27T00:04:27.649	TEL,2094,S5,256600729,5008,21844                               
2026-09-27T00:04:27.649	TEL,2095,S5,256610729,5008,21844                               
2026-09-27T00:04:27.649	TEL,2096,S5,256620729,5008,21844                               
2026-09-27T00:04:27.649	TEL,2097,S5,256630729,5008,21844                               
2026-09-27T00:04:27.649	TEL,2098,S5,256640729,5008,21844                               
2026-09-27T00:04:27.649	TEL,2099,S5,256650729,5008,21844                               
2026-09-27T00:04:27.649	TEL,2100,S5,256660729,5008,21844                               
2026-09-27T00:04:27.649	TEL,2101,S5,256670729,5008,21844                               
2026-09-27T00:04:27.649	TEL,2102,S5,256680729,5008,21844                               
2026-09-27T00:04:27.649	TEL,2103,S5,256690729,5008,21844                               
2026-09-27T00:04:27.649	TEL,2104,S5,256700729,5008,21844                               
2026-09-27T00:04:27.649	TEL,2105,S5,256710729,5008,21844                               
2026-09-27T00:04:27.649	TEL,2106,S5,256720729,5008,21844                               
2026-09-27T00:04:27.649	TEL,2107,S5,256730729,5008,21844                               
2026-09-27T00:04:27.649	TEL,2108,S5,256740729,5008,21844                               
2026-09-27T00:04:27.649	TEL,2109,S5,256750729,5008,21844                               
2026-09-27T00:04:27.649	TEL,2110,S5,256760729,5008,21844                               
2026-09-27T00:04:27.649	TEL,2111,S5,256770733,5012,21844                               
2026-09-27T00:04:27.649	TEL,2112,S5,256780729,5008,21844                               
2026-09-27T00:04:27.649	TEL,2113,S5,256790729,5008,21844                               
2026-09-27T00:04:27.649	TEL,2114,S5,256800729,5008,21844                               
2026-09-27T00:04:27.649	TEL,2115,S5,256810729,5008,21844                               
2026-09-27T00:04:27.649	TEL,2116,S5,256820729,5008,21844                               
2026-09-27T00:04:27.649	TEL,2117,S5,256830729,5008,21844                               
2026-09-27T00:04:27.649	TEL,2118,S5,256840729,5008,21844                               
2026-09-27T00:04:27.649	TEL,2119,S5,256850729,5008,21844                               
2026-09-27T00:04:27.649	TEL,2120,S5,256860729,5008,21844                               
2026-09-27T00:04:27.649	TEL,2121,S5,256870729,5008,21844                               
2026-09-27T00:04:27.649	TEL,2122,S5,256880729,5008,21844                               
2026-09-27T00:04:27.649	TEL,2123,S5,256890729,5008,21844                               
2026-09-27T00:04:27.649	TEL,2124,S5,256900729,5008,21844                               
2026-09-27T00:04:27.649	TEL,2125,S5,256910729,5008,21844                               
2026-09-27T00:04:27.649	TEL,2126,S5,256920729,5008,21844                               
2026-09-27T00:04:27.649	TEL,2127,S5,256930729,5008,21844                               
2026-09-27T00:04:27.649	TEL,2128,S5,256940729,5008,21844                               
2026-09-27T00:04:27.649	TEL,2129,S5,256950729,5008,21844                               
2026-09-27T00:04:27.649	TEL,2130,S5,256960729,5008,21844                               
2026-09-27T00:04:27.649	TEL,2131,S5,256970729,5008,21844                               
2026-09-27T00:04:27.649	TEL,2132,S5,256980729,5008,21844                               
2026-09-27T00:04:27.649	TEL,2133,S5,256990729,5008,21844                               
2026-09-27T00:04:27.649	TEL,2134,S5,257000729,5008,21844                               
2026-09-27T00:04:27.649	TEL,2135,S5,257010729,5008,21844                               
2026-09-27T00:04:27.649	TEL,2136,S5,257020729,5008,21844                               
2026-09-27T00:04:27.649	TEL,2137,S5,257030729,5008,21844                               
2026-09-27T00:04:27.649	TEL,2138,S5,257040729,5008,21844                               
2026-09-27T00:04:27.649	TEL,2139,S5,257050729,5008,21844                               
2026-09-27T00:04:27.649	TEL,2140,S5,257060729,5008,21844                               
2026-09-27T00:04:27.649	TEL,2141,S5,257070729,5008,21844                               
2026-09-27T00:04:27.649	TEL,2142,S5,257080729,5008,21844                               
2026-09-27T00:04:27.649	TEL,2143,S5,257090729,5008,21844                               
2026-09-27T00:04:27.649	TEL,2144,S5,257100729,5008,21844                               
2026-09-27T00:04:27.649	TEL,2145,S5,257110729,5008,21844                               
2026-09-27T00:04:27.649	TEL,2146,S5,257120729,5008,21844                               
2026-09-27T00:04:27.649	TEL,2147,S5,257130729,5008,21844                               
2026-09-27T00:04:27.649	TEL,2148,S5,257140729,5008,21844                               
2026-09-27T00:04:27.649	TEL,2149,S5,257150729,5008,21844                               
2026-09-27T00:04:27.649	TEL,2150,S5,257160729,5008,21844                               
2026-09-27T00:04:27.649	TEL,2151,S5,257170729,5008,21844                               
2026-09-27T00:04:27.649	TEL,2152,S5,257180729,5008,21844                               
2026-09-27T00:04:27.649	TEL,2153,S5,257190729,5008,21844                               
2026-09-27T00:04:27.649	TEL,2154,S5,257200729,5008,21844                               
2026-09-27T00:04:27.649	TEL,2155,S5,257210729,5008,21844                               
2026-09-27T00:04:28.262	TEL,2156,S5,257220729,5008,21844                               
2026-09-27T00:04:28.262	TEL,2157,S5,257230729,5008,21844                               
2026-09-27T00:04:28.262	TEL,2158,S5,257240729,5008,21844                               
2026-09-27T00:04:28.262	TEL,2159,S5,257250729,5008,21844                               
2026-09-27T00:04:28.262	TEL,2160,S5,257260729,5008,21844                               
2026-09-27T00:04:28.262	TEL,2161,S5,257270729,5008,21844                               
2026-09-27T00:04:28.262	TEL,2162,S5,257280729,5008,21844                               
2026-09-27T00:04:28.262	TEL,2163,S5,257290729,5008,21844                               
2026-09-27T00:04:28.262	TEL,2164,S5,257300729,5008,21844                               
2026-09-27T00:04:28.262	TEL,2165,S5,257310729,5008,21844                               
2026-09-27T00:04:28.262	TEL,2166,S5,257320729,5008,21844                               
2026-09-27T00:04:28.262	TEL,2167,S5,257330729,5008,21844                               
2026-09-27T00:04:28.262	TEL,2168,S5,257340729,5008,21844                               
2026-09-27T00:04:28.262	TEL,2169,S5,257350729,5008,21844                               
2026-09-27T00:04:28.262	TEL,2170,S5,257360729,5008,21844                               
2026-09-27T00:04:28.262	TEL,2171,S5,257370729,5008,21844                               
2026-09-27T00:04:28.262	TEL,2172,S5,257380729,5008,21844                               
2026-09-27T00:04:28.262	TEL,2173,S5,257390729,5008,21844                               
2026-09-27T00:04:28.262	TEL,2174,S5,257400729,5008,21844                               
2026-09-27T00:04:28.262	TEL,2175,S5,257410729,5008,21844                               
2026-09-27T00:04:28.262	TEL,2176,S5,257420729,5008,21844                               
2026-09-27T00:04:28.262	TEL,2177,S5,257430729,5008,21844                               
2026-09-27T00:04:28.262	TEL,2178,S5,257440729,5008,21844                               
2026-09-27T00:04:28.262	TEL,2179,S5,257450729,5008,21844                               
2026-09-27T00:04:28.262	TEL,2180,S5,257460729,5008,21844                               
2026-09-27T00:04:28.262	TEL,2181,S5,257470729,5008,21844                               
2026-09-27T00:04:28.262	TEL,2182,S5,257480729,5008,21844                               
2026-09-27T00:04:28.262	TEL,2183,S5,257490729,5008,21844                               
2026-09-27T00:04:28.262	TEL,2184,S5,257500729,5008,21844                               
2026-09-27T00:04:28.262	TEL,2185,S5,257510729,5008,21844                               
2026-09-27T00:04:28.262	TEL,2186,S5,257520729,5008,21844                               
2026-09-27T00:04:28.262	TEL,2187,S5,257530729,5008,21844                               
2026-09-27T00:04:28.262	TEL,2188,S5,257540729,5008,21844                               
2026-09-27T00:04:28.262	TEL,2189,S5,257550729,5008,21844                               
2026-09-27T00:04:28.262	TEL,2190,S5,257560729,5008,21844                               
2026-09-27T00:04:28.262	TEL,2191,S5,257570729,5008,21844                               
2026-09-27T00:04:28.262	TEL,2192,S5,257580729,5008,21844                               
2026-09-27T00:04:28.262	TEL,2193,S5,257590729,5008,21844                               
2026-09-27T00:04:28.270	TEL,2194,S5,257600729,5008,21844                               
2026-09-27T00:04:28.270	TEL,2195,S5,257610729,5008,21844                               
2026-09-27T00:04:28.270	TEL,2196,S5,257620729,5008,21844                               
2026-09-27T00:04:28.270	TEL,2197,S5,257630730,5009,21844                               
2026-09-27T00:04:28.270	TEL,2198,S5,257640729,5008,21844                               
2026-09-27T00:04:28.270	TEL,2199,S5,257650729,5008,21844                               
2026-09-27T00:04:28.270	TEL,2200,S5,257660729,5008,21844                               
2026-09-27T00:04:28.270	TEL,2201,S5,257670729,5008,21844                               
2026-09-27T00:04:28.270	TEL,2202,S5,257680729,5008,21844                               
2026-09-27T00:04:28.270	TEL,2203,S5,257690729,5008,21844                               
2026-09-27T00:04:28.270	TEL,2204,S5,257700729,5008,21844                               
2026-09-27T00:04:28.270	TEL,2205,S5,257710729,5008,21844                               
2026-09-27T00:04:28.270	TEL,2206,S5,257720729,5008,21844                               
2026-09-27T00:04:28.270	TEL,2207,S5,257730729,5008,21844                               
2026-09-27T00:04:28.270	TEL,2208,S5,257740729,5008,21844                               
2026-09-27T00:04:28.270	TEL,2209,S5,257750729,5008,21844                               
2026-09-27T00:04:28.270	TEL,2210,S5,257760729,5008,21844                               
2026-09-27T00:04:28.270	TEL,2211,S5,257770729,5008,21844                               
2026-09-27T00:04:28.270	TEL,2212,S5,257780729,5008,21844                               
2026-09-27T00:04:28.270	TEL,2213,S5,257790729,5008,21844                               
2026-09-27T00:04:28.270	TEL,2214,S5,257800729,5008,21844                               
2026-09-27T00:04:28.270	TEL,2215,S5,257810729,5008,21844                               
2026-09-27T00:04:28.270	TEL,2216,S5,257820729,5008,21844                               
2026-09-27T00:04:28.270	TEL,2217,S5,257830729,5008,21844                               
2026-09-27T00:04:28.883	TEL,2218,S5,257840729,5008,21844                               
2026-09-27T00:04:28.883	TEL,2219,S5,257850729,5008,21844                               
2026-09-27T00:04:28.883	TEL,2220,S5,257860729,5008,21844                               
2026-09-27T00:04:28.883	TEL,2221,S5,257870729,5008,21844                               
2026-09-27T00:04:28.883	TEL,2222,S5,257880729,5008,21844                               
2026-09-27T00:04:28.883	TEL,2223,S5,257890729,5008,21844                               
2026-09-27T00:04:28.883	TEL,2224,S5,257900729,5008,21844                               
2026-09-27T00:04:28.883	TEL,2225,S5,257910729,5008,21844                               
2026-09-27T00:04:28.883	TEL,2226,S5,257920729,5008,21844                               
2026-09-27T00:04:28.883	TEL,2227,S5,257930729,5008,21844                               
2026-09-27T00:04:28.883	TEL,2228,S5,257940729,5008,21844                               
2026-09-27T00:04:28.883	TEL,2229,S5,257950729,5008,21844                               
2026-09-27T00:04:28.883	TEL,2230,S5,257960729,5008,21844                               
2026-09-27T00:04:28.883	TEL,2231,S5,257970729,5008,21844                               
2026-09-27T00:04:28.883	TEL,2232,S5,257980729,5008,21844                               
2026-09-27T00:04:28.883	TEL,2233,S5,257990729,5008,21844                               
2026-09-27T00:04:28.883	TEL,2234,S5,258000729,5008,21844                               
2026-09-27T00:04:28.883	TEL,2235,S5,258010729,5008,21844                               
2026-09-27T00:04:28.883	TEL,2236,S5,258020729,5008,21844                               
2026-09-27T00:04:28.883	TEL,2237,S5,258030729,5008,21844                               
2026-09-27T00:04:28.883	TEL,2238,S5,258040729,5008,21844                               
2026-09-27T00:04:28.883	TEL,2239,S5,258050729,5008,21844                               
2026-09-27T00:04:28.883	TEL,2240,S5,258060729,5008,21844                               
2026-09-27T00:04:28.883	TEL,2241,S5,258070729,5008,21844                               
2026-09-27T00:04:28.883	TEL,2242,S5,258080729,5008,21844                               
2026-09-27T00:04:28.883	TEL,2243,S5,258090729,5008,21844                               
2026-09-27T00:04:28.883	TEL,2244,S5,258100729,5008,21844                               
2026-09-27T00:04:28.883	TEL,2245,S5,258110729,5008,21844                               
2026-09-27T00:04:28.883	TEL,2246,S5,258120729,5008,21844                               
2026-09-27T00:04:28.883	TEL,2247,S5,258130729,5008,21844                               
2026-09-27T00:04:28.883	TEL,2248,S5,258140729,5008,21844                               
2026-09-27T00:04:28.883	TEL,2249,S5,258150729,5008,21844                               
2026-09-27T00:04:28.883	TEL,2250,S5,258160729,5008,21844                               
2026-09-27T00:04:28.883	TEL,2251,S5,258170729,5008,21844                               
2026-09-27T00:04:28.883	TEL,2252,S5,258180729,5008,21844                               
2026-09-27T00:04:28.883	TEL,2253,S5,258190729,5008,21844                               
2026-09-27T00:04:28.883	TEL,2254,S5,258200729,5008,21844                               
2026-09-27T00:04:28.883	TEL,2255,S5,258210729,5008,21844                               
2026-09-27T00:04:28.883	TEL,2256,S5,258220729,5008,21844                               
2026-09-27T00:04:28.883	TEL,2257,S5,258230729,5008,21844                               
2026-09-27T00:04:28.883	TEL,2258,S5,258240729,5008,21844                               
2026-09-27T00:04:28.883	TEL,2259,S5,258250729,5008,21844                               
2026-09-27T00:04:28.883	TEL,2260,S5,258260729,5008,21844                               
2026-09-27T00:04:28.883	TEL,2261,S5,258270729,5008,21844                               
2026-09-27T00:04:28.883	TEL,2262,S5,258280729,5008,21844                               
2026-09-27T00:04:28.883	TEL,2263,S5,258290729,5008,21844                               
2026-09-27T00:04:28.883	TEL,2264,S5,258300729,5008,21844                               
2026-09-27T00:04:28.883	TEL,2265,S5,258310729,5008,21844                               
2026-09-27T00:04:28.883	TEL,2266,S5,258320729,5008,21844                               
2026-09-27T00:04:28.883	TEL,2267,S5,258330729,5008,21844                               
2026-09-27T00:04:28.883	TEL,2268,S5,258340729,5008,21844                               
2026-09-27T00:04:28.883	TEL,2269,S5,258350729,5008,21844                               
2026-09-27T00:04:28.883	TEL,2270,S5,258360729,5008,21844                               
2026-09-27T00:04:28.883	TEL,2271,S5,258370729,5008,21844                               
2026-09-27T00:04:28.883	TEL,2272,S5,258380729,5008,21844                               
2026-09-27T00:04:28.883	TEL,2273,S5,258390729,5008,21844                               
2026-09-27T00:04:28.883	TEL,2274,S5,258400729,5008,21844                               
2026-09-27T00:04:28.883	TEL,2275,S5,258410729,5008,21844                               
2026-09-27T00:04:28.883	TEL,2276,S5,258420729,5008,21844                               
2026-09-27T00:04:28.883	TEL,2277,S5,258430729,5008,21844                               
2026-09-27T00:04:28.883	TEL,2278,S5,258440729,5008,21844                               
2026-09-27T00:04:28.883	TEL,2279,S5,258450729,5008,21844                               
2026-09-27T00:04:29.510	TEL,2280,S5,258460729,5008,21844                               
2026-09-27T00:04:29.510	TEL,2281,S5,258470729,5008,21844                               
2026-09-27T00:04:29.510	TEL,2282,S5,258480729,5008,21844                               
2026-09-27T00:04:29.510	TEL,2283,S5,258490729,5008,21844                               
2026-09-27T00:04:29.510	TEL,2284,S5,258500729,5008,21844                               
2026-09-27T00:04:29.510	TEL,2285,S5,258510729,5008,21844                               
2026-09-27T00:04:29.510	TEL,2286,S5,258520729,5008,21844                               
2026-09-27T00:04:29.510	TEL,2287,S5,258530729,5008,21844                               
2026-09-27T00:04:29.510	TEL,2288,S5,258540729,5008,21844                               
2026-09-27T00:04:29.510	TEL,2289,S5,258550729,5008,21844                               
2026-09-27T00:04:29.510	TEL,2290,S5,258560729,5008,21844                               
2026-09-27T00:04:29.510	TEL,2291,S5,258570729,5008,21844                               
2026-09-27T00:04:29.510	TEL,2292,S5,258580729,5008,21844                               
2026-09-27T00:04:29.510	TEL,2293,S5,258590729,5008,21844                               
2026-09-27T00:04:29.510	TEL,2294,S5,258600729,5008,21844                               
2026-09-27T00:04:29.510	TEL,2295,S5,258610729,5008,21844                               
2026-09-27T00:04:29.510	TEL,2296,S5,258620729,5008,21844                               
2026-09-27T00:04:29.510	TEL,2297,S5,258630729,5008,21844                               
2026-09-27T00:04:29.510	TEL,2298,S5,258640729,5008,21844                               
2026-09-27T00:04:29.510	TEL,2299,S5,258650729,5008,21844                               
2026-09-27T00:04:29.510	TEL,2300,S5,258660729,5008,21844                               
2026-09-27T00:04:29.510	TEL,2301,S5,258670729,5008,21844                               
2026-09-27T00:04:29.510	TEL,2302,S5,258680733,5013,21844                               
2026-09-27T00:04:29.510	TEL,2303,S5,258690729,5008,21844                               
2026-09-27T00:04:29.510	TEL,2304,S5,258700729,5008,21844                               
2026-09-27T00:04:29.510	TEL,2305,S5,258710729,5008,21844                               
2026-09-27T00:04:29.510	TEL,2306,S5,258720729,5008,21844                               
2026-09-27T00:04:29.510	TEL,2307,S5,258730729,5008,21844                               
2026-09-27T00:04:29.510	TEL,2308,S5,258740729,5008,21844                               
2026-09-27T00:04:29.510	TEL,2309,S5,258750729,5008,21844                               
2026-09-27T00:04:29.510	TEL,2310,S5,258760729,5008,21844                               
2026-09-27T00:04:29.510	TEL,2311,S5,258770729,5008,21844                               
2026-09-27T00:04:29.510	TEL,2312,S5,258780729,5008,21844                               
2026-09-27T00:04:29.510	TEL,2313,S5,258790729,5008,21844                               
2026-09-27T00:04:29.510	TEL,2314,S5,258800729,5008,21844                               
2026-09-27T00:04:29.510	TEL,2315,S5,258810729,5008,21844                               
2026-09-27T00:04:29.510	TEL,2316,S5,258820729,5008,21844                               
2026-09-27T00:04:29.510	TEL,2317,S5,258830729,5008,21844                               
2026-09-27T00:04:29.510	TEL,2318,S5,258840729,5008,21844                               
2026-09-27T00:04:29.510	TEL,2319,S5,258850729,5008,21844                               
2026-09-27T00:04:29.510	TEL,2320,S5,258860729,5008,21844                               
2026-09-27T00:04:29.510	TEL,2321,S5,258870729,5009,21844                               
2026-09-27T00:04:29.510	TEL,2322,S5,258880729,5008,21844                               
2026-09-27T00:04:29.510	TEL,2323,S5,258890729,5008,21844                               
2026-09-27T00:04:29.510	TEL,2324,S5,258900729,5008,21844                               
2026-09-27T00:04:29.510	TEL,2325,S5,258910729,5008,21844                               
2026-09-27T00:04:29.510	TEL,2326,S5,258920729,5008,21844                               
2026-09-27T00:04:29.510	TEL,2327,S5,258930729,5008,21844                               
2026-09-27T00:04:29.510	TEL,2328,S5,258940729,5008,21844                               
2026-09-27T00:04:29.510	TEL,2329,S5,258950729,5008,21844                               
2026-09-27T00:04:29.510	TEL,2330,S5,258960729,5008,21844                               
2026-09-27T00:04:29.510	TEL,2331,S5,258970729,5008,21844                               
2026-09-27T00:04:29.510	TEL,2332,S5,258980729,5008,21844                               
2026-09-27T00:04:29.510	TEL,2333,S5,258990729,5008,21844                               
2026-09-27T00:04:29.510	TEL,2334,S5,259000729,5008,21844                               
2026-09-27T00:04:29.510	TEL,2335,S5,259010729,5008,21844                               
2026-09-27T00:04:29.510	TEL,2336,S5,259020729,5008,21844                               
2026-09-27T00:04:29.510	TEL,2337,S5,259030729,5008,21844                               
2026-09-27T00:04:29.510	TEL,2338,S5,259040729,5008,21844                               
2026-09-27T00:04:29.510	TEL,2339,S5,259050729,5008,21844                               
2026-09-27T00:04:29.510	TEL,2340,S5,259060729,5008,21844                               
2026-09-27T00:04:29.510	TEL,2341,S5,259070729,5008,21844                               
2026-09-27T00:04:30.128	TEL,2342,S5,259080729,5008,21844                               
2026-09-27T00:04:30.128	TEL,2343,S5,259090729,5008,21844                               
2026-09-27T00:04:30.128	TEL,2344,S5,259100729,5008,21844                               
2026-09-27T00:04:30.128	TEL,2345,S5,259110729,5008,21844                               
2026-09-27T00:04:30.128	TEL,2346,S5,259120729,5008,21844                               
2026-09-27T00:04:30.128	TEL,2347,S5,259130729,5008,21844                               
2026-09-27T00:04:30.128	TEL,2348,S5,259140729,5008,21844                               
2026-09-27T00:04:30.128	TEL,2349,S5,259150729,5008,21844                               
2026-09-27T00:04:30.128	TEL,2350,S5,259160729,5008,21844                               
2026-09-27T00:04:30.128	TEL,2351,S5,259170729,5008,21844                               
2026-09-27T00:04:30.128	TEL,2352,S5,259180729,5008,21844                               
2026-09-27T00:04:30.128	TEL,2353,S5,259190729,5008,21844                               
2026-09-27T00:04:30.128	TEL,2354,S5,259200729,5008,21844                               
2026-09-27T00:04:30.128	TEL,2355,S5,259210729,5008,21844                               
2026-09-27T00:04:30.128	TEL,2356,S5,259220729,5008,21844                               
2026-09-27T00:04:30.128	TEL,2357,S5,259230729,5008,21844                               
2026-09-27T00:04:30.128	TEL,2358,S5,259240733,5012,21844                               
2026-09-27T00:04:30.128	TEL,2359,S5,259250729,5008,21844                               
2026-09-27T00:04:30.128	TEL,2360,S5,259260729,5008,21844                               
2026-09-27T00:04:30.128	TEL,2361,S5,259270729,5008,21844                               
2026-09-27T00:04:30.128	TEL,2362,S5,259280729,5008,21844                               
2026-09-27T00:04:30.128	TEL,2363,S5,259290729,5008,21844                               
2026-09-27T00:04:30.128	TEL,2364,S5,259300729,5008,21844                               
2026-09-27T00:04:30.128	TEL,2365,S5,259310729,5008,21844                               
2026-09-27T00:04:30.128	TEL,2366,S5,259320729,5008,21844                               
2026-09-27T00:04:30.128	TEL,2367,S5,259330729,5008,21844                               
2026-09-27T00:04:30.128	TEL,2368,S5,259340729,5008,21844                               
2026-09-27T00:04:30.128	TEL,2369,S5,259350729,5008,21844                               
2026-09-27T00:04:30.128	TEL,2370,S5,259360729,5008,21844                               
2026-09-27T00:04:30.128	TEL,2371,S5,259370729,5008,21844                               
2026-09-27T00:04:30.128	TEL,2372,S5,259380729,5008,21844                               
2026-09-27T00:04:30.128	TEL,2373,S5,259390729,5008,21844                               
2026-09-27T00:04:30.128	TEL,2374,S5,259400729,5008,21844                               
2026-09-27T00:04:30.128	TEL,2375,S5,259410729,5008,21844                               
2026-09-27T00:04:30.128	TEL,2376,S5,259420729,5008,21844                               
2026-09-27T00:04:30.128	TEL,2377,S5,259430729,5008,21844                               
2026-09-27T00:04:30.128	TEL,2378,S5,259440729,5008,21844                               
2026-09-27T00:04:30.128	TEL,2379,S5,259450730,5009,21844                               
2026-09-27T00:04:30.128	TEL,2380,S5,259460729,5008,21844                               
2026-09-27T00:04:30.128	TEL,2381,S5,259470729,5008,21844                               
2026-09-27T00:04:30.128	TEL,2382,S5,259480729,5008,21844                               
2026-09-27T00:04:30.128	TEL,2383,S5,259490729,5008,21844                               
2026-09-27T00:04:30.128	TEL,2384,S5,259500729,5008,21844                               
2026-09-27T00:04:30.128	TEL,2385,S5,259510729,5008,21844                               
2026-09-27T00:04:30.128	TEL,2386,S5,259520729,5008,21844                               
2026-09-27T00:04:30.128	TEL,2387,S5,259530729,5008,21844                               
2026-09-27T00:04:30.128	TEL,2388,S5,259540729,5008,21844                               
2026-09-27T00:04:30.128	TEL,2389,S5,259550729,5008,21844                               
2026-09-27T00:04:30.128	TEL,2390,S5,259560729,5008,21844                               
2026-09-27T00:04:30.128	TEL,2391,S5,259570729,5008,21844                               
2026-09-27T00:04:30.128	TEL,2392,S5,259580729,5008,21844                               
2026-09-27T00:04:30.128	TEL,2393,S5,259590729,5008,21844                               
2026-09-27T00:04:30.128	TEL,2394,S5,259600729,5008,21844                               
2026-09-27T00:04:30.128	TEL,2395,S5,259610729,5008,21844                               
2026-09-27T00:04:30.128	TEL,2396,S5,259620729,5008,21844                               
2026-09-27T00:04:30.128	TEL,2397,S5,259630729,5008,21844                               
2026-09-27T00:04:30.128	TEL,2398,S5,259640729,5008,21844                               
2026-09-27T00:04:30.128	TEL,2399,S5,259650729,5008,21844                               
2026-09-27T00:04:30.128	TEL,2400,S5,259660729,5008,21844                               
2026-09-27T00:04:30.128	TEL,2401,S5,259670729,5008,21844                               
2026-09-27T00:04:30.128	TEL,2402,S5,259680729,5008,21844                               
2026-09-27T00:04:30.128	TEL,2403,S5,259690729,5008,21844                               
2026-09-27T00:04:30.749	TEL,2404,S5,259700729,5008,21844                               
2026-09-27T00:04:30.749	TEL,2405,S5,259710729,5008,21844                               
2026-09-27T00:04:30.749	TEL,2406,S5,259720729,5008,21844                               
2026-09-27T00:04:30.749	TEL,2407,S5,259730729,5008,21844                               
2026-09-27T00:04:30.749	TEL,2408,S5,259740729,5008,21844                               
2026-09-27T00:04:30.749	TEL,2409,S5,259750729,5008,21844                               
2026-09-27T00:04:30.749	TEL,2410,S5,259760729,5008,21844                               
2026-09-27T00:04:30.749	TEL,2411,S5,259770729,5008,21844                               
2026-09-27T00:04:30.749	TEL,2412,S5,259780729,5008,21844                               
2026-09-27T00:04:30.749	TEL,2413,S5,259790729,5008,21844                               
2026-09-27T00:04:30.749	TEL,2414,S5,259800729,5008,21844                               
2026-09-27T00:04:30.749	TEL,2415,S5,259810729,5008,21844                               
2026-09-27T00:04:30.749	TEL,2416,S5,259820729,5008,21844                               
2026-09-27T00:04:30.749	TEL,2417,S5,259830729,5008,21844                               
2026-09-27T00:04:30.749	TEL,2418,S5,259840729,5008,21844                               
2026-09-27T00:04:30.749	TEL,2419,S5,259850729,5008,21844                               
2026-09-27T00:04:30.749	TEL,2420,S5,259860729,5008,21844                               
2026-09-27T00:04:30.749	TEL,2421,S5,259870733,5012,21844                               
2026-09-27T00:04:30.749	TEL,2422,S5,259880729,5008,21844                               
2026-09-27T00:04:30.749	TEL,2423,S5,259890729,5008,21844                               
2026-09-27T00:04:30.749	TEL,2424,S5,259900729,5008,21844                               
2026-09-27T00:04:30.749	TEL,2425,S5,259910729,5008,21844                               
2026-09-27T00:04:30.749	TEL,2426,S5,259920729,5008,21844                               
2026-09-27T00:04:30.749	TEL,2427,S5,259930729,5008,21844                               
2026-09-27T00:04:30.749	TEL,2428,S5,259940729,5008,21844                               
2026-09-27T00:04:30.749	TEL,2429,S5,259950729,5008,21844                               
2026-09-27T00:04:30.749	TEL,2430,S5,259960729,5008,21844                               
2026-09-27T00:04:30.749	TEL,2431,S5,259970729,5008,21844                               
2026-09-27T00:04:30.749	TEL,2432,S5,259980729,5008,21844                               
2026-09-27T00:04:30.749	TEL,2433,S5,259990729,5008,21844                               
2026-09-27T00:04:30.749	TEL,2434,S5,260000729,5008,21844                               
2026-09-27T00:04:30.749	TEL,2435,S5,260010729,5008,21844                               
2026-09-27T00:04:30.749	TEL,2436,S5,260020729,5008,21844                               
2026-09-27T00:04:30.749	TEL,2437,S5,260030729,5008,21844                               
2026-09-27T00:04:30.749	TEL,2438,S5,260040729,5008,21844                               
2026-09-27T00:04:30.749	TEL,2439,S5,260050729,5008,21844                               
2026-09-27T00:04:30.749	TEL,2440,S5,260060729,5008,21844                               
2026-09-27T00:04:30.749	TEL,2441,S5,260070729,5008,21844                               
2026-09-27T00:04:30.749	TEL,2442,S5,260080729,5008,21844                               
2026-09-27T00:04:30.749	TEL,2443,S5,260090729,5008,21844                               
2026-09-27T00:04:30.749	TEL,2444,S5,260100729,5008,21844                               
2026-09-27T00:04:30.749	TEL,2445,S5,260110729,5008,21844                               
2026-09-27T00:04:30.749	TEL,2446,S5,260120729,5008,21844                               
2026-09-27T00:04:30.749	TEL,2447,S5,260130729,5008,21844                               
2026-09-27T00:04:30.749	TEL,2448,S5,260140729,5008,21844                               
2026-09-27T00:04:30.749	TEL,2449,S5,260150729,5008,21844                               
2026-09-27T00:04:30.749	TEL,2450,S5,260160729,5008,21844                               
2026-09-27T00:04:30.749	TEL,2451,S5,260170729,5008,21844                               
2026-09-27T00:04:30.749	TEL,2452,S5,260180729,5008,21844                               
2026-09-27T00:04:30.749	TEL,2453,S5,260190729,5008,21844                               
2026-09-27T00:04:30.749	TEL,2454,S5,260200729,5008,21844                               
2026-09-27T00:04:30.749	TEL,2455,S5,260210729,5008,21844                               
2026-09-27T00:04:30.749	TEL,2456,S5,260220729,5008,21844                               
2026-09-27T00:04:30.749	TEL,2457,S5,260230729,5008,21844                               
2026-09-27T00:04:30.749	TEL,2458,S5,260240729,5008,21844                               
2026-09-27T00:04:30.749	TEL,2459,S5,260250729,5008,21844                               
2026-09-27T00:04:30.749	TEL,2460,S5,260260729,5008,21844                               
2026-09-27T00:04:30.749	TEL,2461,S5,260270729,5008,21844                               
2026-09-27T00:04:30.749	TEL,2462,S5,260280729,5008,21844                               
2026-09-27T00:04:30.749	TEL,2463,S5,260290729,5008,21844                               
2026-09-27T00:04:30.749	TEL,2464,S5,260300729,5008,21844                               
2026-09-27T00:04:30.749	TEL,2465,S5,260310729,5008,21844                               
2026-09-27T00:04:31.369	TEL,2466,S5,260320729,5008,21844                               
2026-09-27T00:04:31.369	TEL,2467,S5,260330729,5008,21844                               
2026-09-27T00:04:31.369	TEL,2468,S5,260340729,5008,21844                               
2026-09-27T00:04:31.369	TEL,2469,S5,260350729,5008,21844                               
2026-09-27T00:04:31.369	TEL,2470,S5,260360729,5008,21844                               
2026-09-27T00:04:31.369	TEL,2471,S5,260370729,5008,21844                               
2026-09-27T00:04:31.369	TEL,2472,S5,260380729,5008,21844                               
2026-09-27T00:04:31.369	TEL,2473,S5,260390729,5008,21844                               
2026-09-27T00:04:31.369	TEL,2474,S5,260400729,5008,21844                               
2026-09-27T00:04:31.369	BTN,29,S5,PRESSED                                              
2026-09-27T00:04:31.369	TEL,2476,S5,260420729,5008,21844                               
2026-09-27T00:04:31.369	TEL,2477,S5,260430729,5008,21844                               
2026-09-27T00:04:31.369	TEL,2478,S5,260440729,5008,21844                               
2026-09-27T00:04:31.369	TEL,2479,S5,260450729,5008,21844                               
2026-09-27T00:04:31.369	TEL,2480,S5,260460729,5008,21844                               
2026-09-27T00:04:31.369	TEL,2481,S5,260470729,5008,21844                               
2026-09-27T00:04:31.369	TEL,2482,S5,260480729,5008,21844                               
2026-09-27T00:04:31.369	TEL,2483,S5,260490729,5008,21844                               
2026-09-27T00:04:31.369	TEL,2484,S5,260500729,5008,21844                               
2026-09-27T00:04:31.369	TEL,2485,S5,260510729,5008,21844                               
2026-09-27T00:04:31.369	TEL,2486,S5,260520729,5008,21844                               
2026-09-27T00:04:31.369	TEL,2487,S5,260530729,5008,21844                               
2026-09-27T00:04:31.369	TEL,2488,S5,260540729,5008,21844                               
2026-09-27T00:04:31.369	TEL,2489,S5,260550729,5008,21844                               
2026-09-27T00:04:31.369	TEL,2490,S5,260560729,5008,21844                               
2026-09-27T00:04:31.369	TEL,2491,S5,260570729,5008,21844                               
2026-09-27T00:04:31.369	TEL,2492,S5,260580729,5008,21844                               
2026-09-27T00:04:31.369	TEL,2493,S5,260590729,5008,21844                               
2026-09-27T00:04:31.369	TEL,2494,S5,260600729,5008,21844                               
2026-09-27T00:04:31.369	TEL,2495,S5,260610729,5008,21844                               
2026-09-27T00:04:31.369	TEL,2496,S5,260620729,5008,21844                               
2026-09-27T00:04:31.369	TEL,2497,S5,260630729,5008,21844                               
2026-09-27T00:04:31.369	TEL,2498,S5,260640729,5008,21844                               
2026-09-27T00:04:31.369	TEL,2499,S5,260650729,5008,21844                               
2026-09-27T00:04:31.369	TEL,2500,S5,260660729,5008,21844                               
2026-09-27T00:04:31.369	TEL,2501,S5,260670729,5008,21844                               
2026-09-27T00:04:31.369	TEL,2502,S5,260680729,5008,21844                               
2026-09-27T00:04:31.369	TEL,2503,S5,260690729,5008,21844                               
2026-09-27T00:04:31.369	TEL,2504,S5,260700729,5008,21844                               
2026-09-27T00:04:31.369	TEL,2505,S5,260710729,5008,21844                               
2026-09-27T00:04:31.369	TEL,2506,S5,260720729,5008,21844                               
2026-09-27T00:04:31.369	TEL,2507,S5,260730729,5008,21844                               
2026-09-27T00:04:31.369	TEL,2508,S5,260740729,5008,21844                               
2026-09-27T00:04:31.369	TEL,2509,S5,260750729,5008,21844                               
2026-09-27T00:04:31.369	TEL,2510,S5,260760729,5008,21844                               
2026-09-27T00:04:31.369	TEL,2511,S5,260770729,5008,21844                               
2026-09-27T00:04:31.369	TEL,2512,S5,260780729,5008,21844                               
2026-09-27T00:04:31.369	TEL,2513,S5,260790729,5008,21844                               
2026-09-27T00:04:31.369	TEL,2514,S5,260800729,5008,21844                               
2026-09-27T00:04:31.369	TEL,2515,S5,260810729,5008,21844                               
2026-09-27T00:04:31.369	TEL,2516,S5,260820729,5008,21844                               
2026-09-27T00:04:31.369	TEL,2517,S5,260830729,5008,21844                               
2026-09-27T00:04:31.369	TEL,2518,S5,260840729,5008,21844                               
2026-09-27T00:04:31.369	TEL,2519,S5,260850729,5008,21844                               
2026-09-27T00:04:31.369	TEL,2520,S5,260860729,5008,21844                               
2026-09-27T00:04:31.369	TEL,2521,S5,260870729,5008,21844                               
2026-09-27T00:04:31.369	TEL,2522,S5,260880729,5008,21844                               
2026-09-27T00:04:31.369	TEL,2523,S5,260890729,5008,21844                               
2026-09-27T00:04:31.369	TEL,2524,S5,260900729,5008,21844                               
2026-09-27T00:04:31.369	TEL,2525,S5,260910729,5008,21844                               
2026-09-27T00:04:31.369	TEL,2526,S5,260920729,5008,21844                               
2026-09-27T00:04:31.369	TEL,2527,S5,260930729,5008,21844                               
2026-09-27T00:04:31.761	TEL,2528,S5,260940729,5008,21844                               
2026-09-27T00:04:31.761	TEL,2529,S5,260950729,5008,21844                               
2026-09-27T00:04:31.761	TEL,2530,S5,260960729,5008,21844                               
2026-09-27T00:04:31.761	TEL,2531,S5,260970729,5008,21844                               
2026-09-27T00:04:31.761	TEL,2532,S5,260980729,5008,21844                               
2026-09-27T00:04:31.761	TEL,2533,S5,260990729,5008,21844                               
2026-09-27T00:04:31.761	TEL,2534,S5,261000729,5008,21844                               
2026-09-27T00:04:31.761	TEL,2535,S5,261010729,5008,21844                               
2026-09-27T00:04:31.761	TEL,2536,S5,261020729,5008,21844                               
2026-09-27T00:04:31.761	TEL,2537,S5,261030729,5008,21844                               
2026-09-27T00:04:31.761	BTN,30,S5,PRESSED                                              
2026-09-27T00:04:31.761	TEL,2539,S5,261050729,5008,21844                               
2026-09-27T00:04:31.761	TEL,2540,S5,261060729,5008,21844                               
2026-09-27T00:04:31.761	TEL,2541,S5,261070729,5008,21844                               
2026-09-27T00:04:31.761	TEL,2542,S5,261080729,5008,21844                               
2026-09-27T00:04:31.761	TEL,2543,S5,261090729,5008,21844                               
2026-09-27T00:04:31.761	TEL,2544,S5,261100729,5008,21844                               
2026-09-27T00:04:31.761	TEL,2545,S5,261110729,5008,21844                               
2026-09-27T00:04:31.761	TEL,2546,S5,261120729,5008,21844                               
2026-09-27T00:04:31.761	TEL,2547,S5,261130729,5008,21844                               
2026-09-27T00:04:31.761	TEL,2548,S5,261140729,5008,21844                               
2026-09-27T00:04:31.761	TEL,2549,S5,261150729,5008,21844                               
2026-09-27T00:04:31.761	TEL,2550,S5,261160729,5008,21844                               
2026-09-27T00:04:31.761	TEL,2551,S5,261170729,5008,21844                               
2026-09-27T00:04:31.761	TEL,2552,S5,261180729,5008,21844                               
2026-09-27T00:04:31.761	TEL,2553,S5,261190729,5008,21844                               
2026-09-27T00:04:31.761	TEL,2554,S5,261200729,5008,21844                               
2026-09-27T00:04:31.761	ACK,STOP,S5
2026-09-27T00:04:31.761	LOG,S5,1,241605835,241610749,241610755,241620751,241626302,ok
2026-09-27T00:04:31.761	LOG,S5,2,242368495,242370750,242370756,242390751,242396301,ok
2026-09-27T00:04:31.761	LOG,S5,3,242978916,242980750,242980756,243010751,243016306,ok
2026-09-27T00:04:31.761	LOG,S5,4,243264598,243264605,243264611,243300751,243306301,ok
2026-09-27T00:04:31.761	LOG,S5,5,243513269,243513276,243513282,243560751,243566301,ok
2026-09-27T00:04:31.761	LOG,S5,6,243920577,243920750,243920756,243980751,243986305,ok
2026-09-27T00:04:31.761	LOG,S5,7,244123447,244123453,244123460,244190751,244196307,ok
2026-09-27T00:04:31.761	LOG,S5,8,244322736,244322742,244322749,244400751,244406300,ok
2026-09-27T00:04:31.761	LOG,S5,9,244517282,244520750,244520756,244610751,244616302,ok
2026-09-27T00:04:31.761	LOG,S5,10,244841905,244841912,244841918,244940751,244946303,ok
2026-09-27T00:04:31.761	LOG,S5,11,244949303,244950750,244950757,245060751,245066302,ok
2026-09-27T00:04:31.761	LOG,S5,12,245194196,245194203,245194209,245310752,245316309,ok
2026-09-27T00:04:31.761	LOG,S5,13,245396089,245400749,245400756,245530751,245536304,ok
2026-09-27T00:04:31.761	LOG,S5,14,245585560,245585567,245585573,245720751,245726303,ok
2026-09-27T00:04:31.761	LOG,S5,15,245790027,245790750,245790756,245940751,245946306,ok
2026-09-27T00:04:31.761	LOG,S5,16,246018238,246020750,246020756,,,tx_drop
2026-09-27T00:04:31.761	LOG,S5,17,246218622,246220750,246220756,,,tx_drop
2026-09-27T00:04:31.761	LOG,S5,18,246688136,246690750,246690756,,,tx_drop
2026-09-27T00:04:31.761	LOG,S5,19,248240645,248240750,248240756,,,tx_drop
2026-09-27T00:04:31.761	LOG,S5,20,249202147,249202154,249202160,249360751,249366303,ok
2026-09-27T00:04:31.761	LOG,S5,21,250219387,250220750,250220756,,,tx_drop
2026-09-27T00:04:31.761	LOG,S5,22,251558967,251560750,251560756,,,tx_drop
2026-09-27T00:04:31.761	LOG,S5,23,253279181,253280750,253280756,,,tx_drop
2026-09-27T00:04:31.761	LOG,S5,24,255208833,255210750,255210756,,,tx_drop
2026-09-27T00:04:31.761	LOG,S5,25,256765849,256770749,256770756,,,tx_drop
2026-09-27T00:04:31.761	LOG,S5,26,258677140,258680750,258680756,,,tx_drop
2026-09-27T00:04:31.761	LOG,S5,27,259240716,259240749,259240756,,,tx_drop
2026-09-27T00:04:31.761	LOG,S5,28,259865813,259870749,259870756,,,tx_drop
2026-09-27T00:04:31.761	LOG,S5,29,260404948,260404954,260404961,260560751,260566306,ok
2026-09-27T00:04:31.761	LOG,S5,30,261031144,261031150,261031157,261190753,261196303,ok
2026-09-27T00:04:31.761	CNT,accepted,30
2026-09-27T00:04:31.761	CNT,logged,30
2026-09-27T00:04:31.761	CNT,bounce_rejected,13
2026-09-27T00:04:31.761	CNT,ignored,0
2026-09-27T00:04:31.761	CNT,btn_q_drop,0
2026-09-27T00:04:31.761	CNT,btn_tx_drop,12
2026-09-27T00:04:31.761	CNT,tel_sent,2551
2026-09-27T00:04:31.761	CNT,tel_tx_drop,3
2026-09-27T00:04:31.761	CNT,tx_error,0
2026-09-27T00:04:31.761	CNT,tx_timeout,0
2026-09-27T00:04:31.761	CNT,log_overflow,0
2026-09-27T00:04:31.761	CNT,fmt_error,0
2026-09-27T00:04:31.761	CNT,tel_period_min_us,9443
2026-09-27T00:04:31.761	CNT,tel_period_max_us,10000
2026-09-27T00:04:31.761	CNT,work_min_us,5003
2026-09-27T00:04:31.761	CNT,work_max_us,5013
2026-09-27T00:04:31.761	CNT,hwm_telemetry_w,193
2026-09-27T00:04:31.761	CNT,hwm_uarttx_w,267
2026-09-27T00:04:31.761	CNT,heap_free_min_b,18248
2026-09-27T00:04:31.761	END,DUMP,S5
