# pc_rx_time yaln?zca bilgi ama?l?d?r; gecikme hesab?nda KULLANILMAZ.
2026-10-06T20:23:43.884	ACK,START,S3,A,INJ,50
2026-10-06T20:23:43.884	TEL,1,S3,322041870,0,0,0,436,2932                              
2026-10-06T20:23:43.884	TEL,2,S3,322051724,0,0,0,428,2932                              
2026-10-06T20:23:43.884	TEL,3,S3,322061724,0,0,0,425,2928                              
2026-10-06T20:23:43.884	TEL,4,S3,322071724,0,0,0,430,2928                              
2026-10-06T20:23:43.884	TEL,5,S3,322081724,0,0,0,428,2927                              
2026-10-06T20:23:43.884	TEL,6,S3,322091724,0,0,0,428,2927                              
2026-10-06T20:23:43.884	TEL,7,S3,322101724,0,0,0,430,2928                              
2026-10-06T20:23:43.884	TEL,8,S3,322111724,0,0,0,436,2928                              
2026-10-06T20:23:43.884	TEL,9,S3,322121724,0,0,0,436,2928                              
2026-10-06T20:23:43.884	TEL,10,S3,322131725,0,0,0,433,2928                             
2026-10-06T20:23:43.884	TEL,11,S3,322141725,0,0,0,436,2932                             
2026-10-06T20:23:43.884	TEL,12,S3,322151725,0,0,0,436,2932                             
2026-10-06T20:23:43.884	TEL,13,S3,322161725,0,0,0,433,2930                             
2026-10-06T20:23:43.884	TEL,14,S3,322171725,0,0,0,436,2930                             
2026-10-06T20:23:43.884	TEL,15,S3,322181725,0,0,0,436,2930                             
2026-10-06T20:23:43.884	TEL,16,S3,322191725,0,0,0,430,2930                             
2026-10-06T20:23:43.884	TEL,17,S3,322201725,0,0,0,433,2932                             
2026-10-06T20:23:43.884	TEL,18,S3,322211725,0,0,0,430,2932                             
2026-10-06T20:23:43.884	TEL,19,S3,322221725,0,0,0,425,2925                             
2026-10-06T20:23:43.884	TEL,20,S3,322231725,0,0,0,428,2925                             
2026-10-06T20:23:43.884	TEL,21,S3,322241725,0,0,0,433,2930                             
2026-10-06T20:23:43.884	TEL,22,S3,322251725,0,0,0,436,2930                             
2026-10-06T20:23:43.884	TEL,23,S3,322261725,0,0,0,436,2930                             
2026-10-06T20:23:43.884	TEL,24,S3,322271725,0,0,0,428,2930                             
2026-10-06T20:23:43.884	TEL,25,S3,322281725,0,0,0,430,2933                             
2026-10-06T20:23:43.884	TEL,26,S3,322291725,0,0,0,439,2933                             
2026-10-06T20:23:43.884	TEL,27,S3,322301725,0,0,0,436,2930                             
2026-10-06T20:23:43.884	TEL,28,S3,322311725,0,0,0,430,2930                             
2026-10-06T20:23:43.884	TEL,29,S3,322321725,0,0,0,433,2932                             
2026-10-06T20:23:43.884	TEL,30,S3,322331725,0,0,0,433,2932                             
2026-10-06T20:23:43.884	TEL,31,S3,322341725,0,0,0,430,2930                             
2026-10-06T20:23:43.884	TEL,32,S3,322351725,0,0,0,428,2930                             
2026-10-06T20:23:43.884	TEL,33,S3,322361725,0,0,0,428,2930                             
2026-10-06T20:23:43.884	TEL,34,S3,322371725,0,0,0,428,2930                             
2026-10-06T20:23:43.884	TEL,35,S3,322381725,0,0,0,422,2923                             
2026-10-06T20:23:43.884	TEL,36,S3,322391725,0,0,0,422,2923                             
2026-10-06T20:23:43.884	TEL,37,S3,322401725,0,0,0,428,2930                             
2026-10-06T20:23:43.884	TEL,38,S3,322411725,0,0,0,430,2930                             
2026-10-06T20:23:43.884	TEL,39,S3,322421725,0,0,0,433,2932                             
2026-10-06T20:23:43.884	TEL,40,S3,322431725,0,0,0,433,2932                             
2026-10-06T20:23:43.884	TEL,41,S3,322441725,0,0,0,433,2932                             
2026-10-06T20:23:43.884	TEL,42,S3,322451725,0,0,0,439,2932                             
2026-10-06T20:23:43.884	TEL,43,S3,322461725,0,0,0,439,2932                             
2026-10-06T20:23:43.884	TEL,44,S3,322471725,0,0,0,433,2932                             
2026-10-06T20:23:43.884	TEL,45,S3,322481725,0,0,0,425,2923                             
2026-10-06T20:23:43.884	TEL,46,S3,322491725,0,0,0,425,2923                             
2026-10-06T20:23:43.884	TEL,47,S3,322501725,0,0,0,433,2932                             
2026-10-06T20:23:43.884	TEL,48,S3,322511725,0,0,0,433,2932                             
2026-10-06T20:23:43.884	TEL,49,S3,322521725,0,0,0,430,2930                             
2026-10-06T20:23:43.884	TEL,50,S3,322531725,0,0,0,430,2930                             
2026-10-06T20:23:43.884	TEL,51,S3,322541725,0,0,0,430,2930                             
2026-10-06T20:23:43.884	TEL,52,S3,322551725,0,0,0,430,2930                             
2026-10-06T20:23:43.884	TEL,53,S3,322561725,0,0,0,433,2933                             
2026-10-06T20:23:43.884	TEL,54,S3,322571725,0,0,0,433,2933                             
2026-10-06T20:23:43.884	TEL,55,S3,322581725,0,0,0,428,2930                             
2026-10-06T20:23:43.884	TEL,56,S3,322591725,0,0,0,433,2930                             
2026-10-06T20:23:43.884	TEL,57,S3,322601725,0,0,0,433,2930                             
2026-10-06T20:23:43.884	TEL,58,S3,322611725,0,0,0,430,2930                             
2026-10-06T20:23:43.884	TEL,59,S3,322621725,0,0,0,430,2930                             
2026-10-06T20:23:43.884	TEL,60,S3,322631725,0,0,0,428,2930                             
2026-10-06T20:23:43.884	TEL,61,S3,322641725,0,0,0,430,2932                             
2026-10-06T20:23:44.503	TEL,62,S3,322651725,0,0,0,433,2932                             
2026-10-06T20:23:44.503	TEL,63,S3,322661725,0,0,0,430,2930                             
2026-10-06T20:23:44.503	TEL,64,S3,322671725,0,0,0,428,2930                             
2026-10-06T20:23:44.503	TEL,65,S3,322681725,0,0,0,428,2930                             
2026-10-06T20:23:44.503	TEL,66,S3,322691725,0,0,0,428,2930                             
2026-10-06T20:23:44.503	TEL,67,S3,322701725,0,0,0,430,2932                             
2026-10-06T20:23:44.503	TEL,68,S3,322711725,0,0,0,433,2932                             
2026-10-06T20:23:44.503	TEL,69,S3,322721725,0,0,0,433,2932                             
2026-10-06T20:23:44.503	TEL,70,S3,322731725,0,0,0,430,2932                             
2026-10-06T20:23:44.503	TEL,71,S3,322741725,0,0,0,430,2932                             
2026-10-06T20:23:44.503	TEL,72,S3,322751725,0,0,0,442,2932                             
2026-10-06T20:23:44.503	TEL,73,S3,322761725,0,0,0,442,2930                             
2026-10-06T20:23:44.503	TEL,74,S3,322771725,0,0,0,428,2930                             
2026-10-06T20:23:44.503	TEL,75,S3,322781725,0,0,0,428,2930                             
2026-10-06T20:23:44.503	TEL,76,S3,322791725,0,0,0,430,2930                             
2026-10-06T20:23:44.503	TEL,77,S3,322801725,0,0,0,433,2932                             
2026-10-06T20:23:44.503	TEL,78,S3,322811725,0,0,0,430,2932                             
2026-10-06T20:23:44.503	TEL,79,S3,322821725,0,0,0,428,2930                             
2026-10-06T20:23:44.503	TEL,80,S3,322831725,0,0,0,430,2930                             
2026-10-06T20:23:44.503	TEL,81,S3,322841725,0,0,0,433,2932                             
2026-10-06T20:23:44.503	TEL,82,S3,322851725,0,0,0,430,2932                             
2026-10-06T20:23:44.503	TEL,83,S3,322861725,0,0,0,430,2932                             
2026-10-06T20:23:44.503	TEL,84,S3,322871725,0,0,0,433,2932                             
2026-10-06T20:23:44.503	TEL,85,S3,322881725,0,0,0,430,2930                             
2026-10-06T20:23:44.503	TEL,86,S3,322891725,0,0,0,430,2930                             
2026-10-06T20:23:44.503	TEL,87,S3,322901725,0,0,0,430,2930                             
2026-10-06T20:23:44.503	TEL,88,S3,322911725,0,0,0,430,2930                             
2026-10-06T20:23:44.503	TEL,89,S3,322921725,0,0,0,433,2932                             
2026-10-06T20:23:44.503	TEL,90,S3,322931725,0,0,0,436,2932                             
2026-10-06T20:23:44.503	TEL,91,S3,322941725,0,0,0,436,2932                             
2026-10-06T20:23:44.503	TEL,92,S3,322951725,0,0,0,433,2932                             
2026-10-06T20:23:44.503	TEL,93,S3,322961725,0,0,0,433,2932                             
2026-10-06T20:23:44.503	TEL,94,S3,322971725,0,0,0,433,2932                             
2026-10-06T20:23:44.503	TEL,95,S3,322981725,0,0,0,433,2932                             
2026-10-06T20:23:44.503	TEL,96,S3,322991725,0,0,0,439,2932                             
2026-10-06T20:23:44.503	TEL,97,S3,323001725,0,0,0,439,2932                             
2026-10-06T20:23:44.503	TEL,98,S3,323011725,0,0,0,433,2932                             
2026-10-06T20:23:44.503	TEL,99,S3,323021725,0,0,0,433,2932                             
2026-10-06T20:23:44.503	TEL,100,S3,323031725,0,0,0,433,2932                            
2026-10-06T20:23:44.503	TEL,101,S3,323041725,0,0,0,430,2930                            
2026-10-06T20:23:44.503	TEL,102,S3,323051725,0,0,0,428,2930                            
2026-10-06T20:23:44.503	TEL,103,S3,323061725,0,0,0,428,2930                            
2026-10-06T20:23:44.503	TEL,104,S3,323071725,0,0,0,433,2930                            
2026-10-06T20:23:44.503	TEL,105,S3,323081725,0,0,0,433,2930                            
2026-10-06T20:23:44.503	TEL,106,S3,323091725,0,0,0,439,2930                            
2026-10-06T20:23:44.503	TEL,107,S3,323101725,0,0,0,442,2932                            
2026-10-06T20:23:44.503	TEL,108,S3,323111725,0,0,0,428,2932                            
2026-10-06T20:23:44.503	TEL,109,S3,323121725,0,0,0,428,2932                            
2026-10-06T20:23:44.503	TEL,110,S3,323131725,0,0,0,430,2932                            
2026-10-06T20:23:44.503	TEL,111,S3,323141725,0,0,0,428,2930                            
2026-10-06T20:23:44.503	TEL,112,S3,323151725,0,0,0,430,2930                            
2026-10-06T20:23:44.503	TEL,113,S3,323161725,0,0,0,430,2928                            
2026-10-06T20:23:44.503	TEL,114,S3,323171725,0,0,0,433,2928                            
2026-10-06T20:23:44.503	TEL,115,S3,323181725,0,0,0,433,2930                            
2026-10-06T20:23:44.503	TEL,116,S3,323191725,0,0,0,442,2930                            
2026-10-06T20:23:44.503	TEL,117,S3,323201725,0,0,0,442,2930                            
2026-10-06T20:23:44.503	TEL,118,S3,323211725,0,0,0,430,2930                            
2026-10-06T20:23:44.503	TEL,119,S3,323221725,0,0,0,430,2930                            
2026-10-06T20:23:44.503	TEL,120,S3,323231725,0,0,0,430,2930                            
2026-10-06T20:23:44.503	TEL,121,S3,323241725,0,0,0,430,2930                            
2026-10-06T20:23:44.503	TEL,122,S3,323251725,0,0,0,430,2930                            
2026-10-06T20:23:44.503	TEL,123,S3,323261725,0,0,0,430,2928                            
2026-10-06T20:23:45.122	TEL,124,S3,323271725,0,0,0,433,2928                            
2026-10-06T20:23:45.122	TEL,125,S3,323281725,0,0,0,433,2930                            
2026-10-06T20:23:45.122	TEL,126,S3,323291725,0,0,0,428,2930                            
2026-10-06T20:23:45.122	TEL,127,S3,323301725,0,0,0,428,2930                            
2026-10-06T20:23:45.122	TEL,128,S3,323311725,0,0,0,425,2930                            
2026-10-06T20:23:45.122	TEL,129,S3,323321725,0,0,0,422,2928                            
2026-10-06T20:23:45.122	TEL,130,S3,323331725,0,0,0,430,2928                            
2026-10-06T20:23:45.122	TEL,131,S3,323341725,0,0,0,430,2928                            
2026-10-06T20:23:45.122	TEL,132,S3,323351725,0,0,0,430,2928                            
2026-10-06T20:23:45.122	TEL,133,S3,323361725,0,0,0,433,2932                            
2026-10-06T20:23:45.122	TEL,134,S3,323371725,0,0,0,430,2932                            
2026-10-06T20:23:45.122	TEL,135,S3,323381725,0,0,0,428,2928                            
2026-10-06T20:23:45.122	TEL,136,S3,323391725,0,0,0,425,2928                            
2026-10-06T20:23:45.122	TEL,137,S3,323401725,0,0,0,428,2930                            
2026-10-06T20:23:45.122	TEL,138,S3,323411725,0,0,0,430,2930                            
2026-10-06T20:23:45.122	TEL,139,S3,323421725,0,0,0,430,2930                            
2026-10-06T20:23:45.122	TEL,140,S3,323431725,0,0,0,428,2930                            
2026-10-06T20:23:45.122	TEL,141,S3,323441725,0,0,0,428,2930                            
2026-10-06T20:23:45.122	TEL,142,S3,323451725,0,0,0,430,2930                            
2026-10-06T20:23:45.122	TEL,143,S3,323461725,0,0,0,430,2930                            
2026-10-06T20:23:45.122	TEL,144,S3,323471725,0,0,0,428,2930                            
2026-10-06T20:23:45.122	TEL,145,S3,323481725,0,0,0,428,2930                            
2026-10-06T20:23:45.122	TEL,146,S3,323491725,0,0,0,430,2930                            
2026-10-06T20:23:45.122	TEL,147,S3,323501725,0,0,0,430,2930                            
2026-10-06T20:23:45.122	TEL,148,S3,323511725,0,0,0,430,2930                            
2026-10-06T20:23:45.122	TEL,149,S3,323521725,0,0,0,428,2927                            
2026-10-06T20:23:45.122	TEL,150,S3,323531725,0,0,0,407,2927                            
2026-10-06T20:23:45.122	TEL,151,S3,323541725,0,0,0,410,2930                            
2026-10-06T20:23:45.122	TEL,152,S3,323551725,0,0,0,430,2930                            
2026-10-06T20:23:45.122	TEL,153,S3,323561725,0,0,0,430,2928                            
2026-10-06T20:23:45.122	TEL,154,S3,323571725,0,0,0,436,2928                            
2026-10-06T20:23:45.122	TEL,155,S3,323581725,0,0,0,439,2932                            
2026-10-06T20:23:45.122	TEL,156,S3,323591725,0,0,0,419,2932                            
2026-10-06T20:23:45.122	TEL,157,S3,323601725,0,0,0,419,2930                            
2026-10-06T20:23:45.122	TEL,158,S3,323611725,0,0,0,428,2930                            
2026-10-06T20:23:45.122	TEL,159,S3,323621725,0,0,0,428,2930                            
2026-10-06T20:23:45.122	TEL,160,S3,323631725,0,0,0,436,2930                            
2026-10-06T20:23:45.122	TEL,161,S3,323641725,0,0,0,436,2930                            
2026-10-06T20:23:45.122	TEL,162,S3,323651725,0,0,0,428,2930                            
2026-10-06T20:23:45.122	TEL,163,S3,323661725,0,0,0,430,2932                            
2026-10-06T20:23:45.122	TEL,164,S3,323671725,0,0,0,433,2932                            
2026-10-06T20:23:45.122	TEL,165,S3,323681725,0,0,0,430,2930                            
2026-10-06T20:23:45.122	TEL,166,S3,323691725,0,0,0,425,2930                            
2026-10-06T20:23:45.126	TEL,167,S3,323701725,0,0,0,416,2923                            
2026-10-06T20:23:45.126	TEL,168,S3,323711725,0,0,0,425,2923                            
2026-10-06T20:23:45.126	TEL,169,S3,323721725,0,0,0,425,2923                            
2026-10-06T20:23:45.126	TEL,170,S3,323731725,0,0,0,433,2923                            
2026-10-06T20:23:45.126	TEL,171,S3,323741725,0,0,0,433,2923                            
2026-10-06T20:23:45.126	TEL,172,S3,323751725,0,0,0,419,2923                            
2026-10-06T20:23:45.126	TEL,173,S3,323761725,0,0,0,428,2932                            
2026-10-06T20:23:45.126	TEL,174,S3,323771725,0,0,0,433,2932                            
2026-10-06T20:23:45.126	TEL,175,S3,323781725,0,0,0,430,2930                            
2026-10-06T20:23:45.126	TEL,176,S3,323791725,0,0,0,430,2930                            
2026-10-06T20:23:45.126	TEL,177,S3,323801725,0,0,0,430,2928                            
2026-10-06T20:23:45.126	TEL,178,S3,323811725,0,0,0,430,2928                            
2026-10-06T20:23:45.126	TEL,179,S3,323821725,0,0,0,433,2932                            
2026-10-06T20:23:45.126	TEL,180,S3,323831725,0,0,0,436,2932                            
2026-10-06T20:23:45.126	TEL,181,S3,323841725,0,0,0,433,2928                            
2026-10-06T20:23:45.126	TEL,182,S3,323851725,0,0,0,416,2928                            
2026-10-06T20:23:45.126	TEL,183,S3,323861725,0,0,0,419,2930                            
2026-10-06T20:23:45.126	TEL,184,S3,323871725,0,0,0,430,2930                            
2026-10-06T20:23:45.126	TEL,185,S3,323881725,0,0,0,430,2928                            
2026-10-06T20:23:45.743	TEL,186,S3,323891725,0,0,0,416,2928                            
2026-10-06T20:23:45.743	TEL,187,S3,323901725,0,0,0,419,2930                            
2026-10-06T20:23:45.743	TEL,188,S3,323911725,0,0,0,433,2930                            
2026-10-06T20:23:45.743	TEL,189,S3,323921725,0,0,0,433,2930                            
2026-10-06T20:23:45.743	TEL,190,S3,323931725,0,0,0,428,2930                            
2026-10-06T20:23:45.743	TEL,191,S3,323941725,0,0,0,428,2930                            
2026-10-06T20:23:45.743	TEL,192,S3,323951725,0,0,0,433,2930                            
2026-10-06T20:23:45.743	TEL,193,S3,323961725,0,0,0,433,2930                            
2026-10-06T20:23:45.743	TEL,194,S3,323971725,0,0,0,433,2930                            
2026-10-06T20:23:45.743	TEL,195,S3,323981725,0,0,0,433,2928                            
2026-10-06T20:23:45.743	TEL,196,S3,323991725,0,0,0,430,2928                            
2026-10-06T20:23:45.743	TEL,197,S3,324001725,0,0,0,430,2928                            
2026-10-06T20:23:45.743	TEL,198,S3,324011725,0,0,0,433,2928                            
2026-10-06T20:23:45.743	TEL,199,S3,324021725,0,0,0,433,2928                            
2026-10-06T20:23:45.743	TEL,200,S3,324031725,0,0,0,425,2928                            
2026-10-06T20:23:45.743	TEL,201,S3,324041725,0,0,0,428,2930                            
2026-10-06T20:23:45.743	TEL,202,S3,324051725,0,0,0,430,2930                            
2026-10-06T20:23:45.743	TEL,203,S3,324061725,0,0,0,430,2930                            
2026-10-06T20:23:45.743	TEL,204,S3,324071725,0,0,0,430,2930                            
2026-10-06T20:23:45.743	TEL,205,S3,324081725,0,0,0,430,2930                            
2026-10-06T20:23:45.743	TEL,206,S3,324091725,0,0,0,430,2930                            
2026-10-06T20:23:45.743	TEL,207,S3,324101725,0,0,0,430,2930                            
2026-10-06T20:23:45.743	TEL,208,S3,324111725,0,0,0,428,2930                            
2026-10-06T20:23:45.743	TEL,209,S3,324121725,0,0,0,428,2932                            
2026-10-06T20:23:45.743	TEL,210,S3,324131725,0,0,0,433,2932                            
2026-10-06T20:23:45.743	TEL,211,S3,324141725,0,0,0,430,2928                            
2026-10-06T20:23:45.743	TEL,212,S3,324151725,0,0,0,422,2928                            
2026-10-06T20:23:45.743	TEL,213,S3,324161725,0,0,0,422,2928                            
2026-10-06T20:23:45.743	TEL,214,S3,324171725,0,0,0,430,2928                            
2026-10-06T20:23:45.743	TEL,215,S3,324181725,0,0,0,430,2930                            
2026-10-06T20:23:45.743	TEL,216,S3,324191725,0,0,0,430,2930                            
2026-10-06T20:23:45.743	TEL,217,S3,324201725,0,0,0,428,2925                            
2026-10-06T20:23:45.743	TEL,218,S3,324211725,0,0,0,428,2925                            
2026-10-06T20:23:45.743	TEL,219,S3,324221725,0,0,0,430,2930                            
2026-10-06T20:23:45.743	TEL,220,S3,324231725,0,0,0,439,2930                            
2026-10-06T20:23:45.743	TEL,221,S3,324241725,0,0,0,436,2928                            
2026-10-06T20:23:45.743	TEL,222,S3,324251725,0,0,0,422,2928                            
2026-10-06T20:23:45.743	TEL,223,S3,324261725,0,0,0,422,2928                            
2026-10-06T20:23:45.743	TEL,224,S3,324271725,0,0,0,425,2928                            
2026-10-06T20:23:45.743	TEL,225,S3,324281725,0,0,0,425,2928                            
2026-10-06T20:23:45.743	TEL,226,S3,324291725,0,0,0,436,2928                            
2026-10-06T20:23:45.743	TEL,227,S3,324301725,0,0,0,436,2930                            
2026-10-06T20:23:45.743	TEL,228,S3,324311725,0,0,0,430,2930                            
2026-10-06T20:23:45.743	TEL,229,S3,324321725,0,0,0,430,2930                            
2026-10-06T20:23:45.743	TEL,230,S3,324331725,0,0,0,428,2930                            
2026-10-06T20:23:45.743	TEL,231,S3,324341725,0,0,0,428,2930                            
2026-10-06T20:23:45.743	TEL,232,S3,324351725,0,0,0,430,2930                            
2026-10-06T20:23:45.743	TEL,233,S3,324361725,0,0,0,430,2930                            
2026-10-06T20:23:45.743	TEL,234,S3,324371725,0,0,0,430,2930                            
2026-10-06T20:23:45.743	TEL,235,S3,324381725,0,0,0,430,2928                            
2026-10-06T20:23:45.743	TEL,236,S3,324391725,0,0,0,430,2928                            
2026-10-06T20:23:45.743	TEL,237,S3,324401725,0,0,0,430,2930                            
2026-10-06T20:23:45.743	TEL,238,S3,324411725,0,0,0,430,2930                            
2026-10-06T20:23:45.743	TEL,239,S3,324421725,0,0,0,430,2930                            
2026-10-06T20:23:45.743	TEL,240,S3,324431725,0,0,0,410,2930                            
2026-10-06T20:23:45.743	TEL,241,S3,324441725,0,0,0,410,2930                            
2026-10-06T20:23:45.743	TEL,242,S3,324451725,0,0,0,430,2930                            
2026-10-06T20:23:45.743	TEL,243,S3,324461725,0,0,0,430,2928                            
2026-10-06T20:23:45.743	TEL,244,S3,324471725,0,0,0,436,2928                            
2026-10-06T20:23:45.743	TEL,245,S3,324481725,0,0,0,439,2932                            
2026-10-06T20:23:45.743	TEL,246,S3,324491725,0,0,0,433,2932                            
2026-10-06T20:23:45.743	TEL,247,S3,324501725,0,0,0,430,2930                            
2026-10-06T20:23:46.364	TEL,248,S3,324511725,0,0,0,428,2930                            
2026-10-06T20:23:46.364	TEL,249,S3,324521725,0,0,0,428,2928                            
2026-10-06T20:23:46.364	TEL,250,S3,324531725,0,0,0,433,2928                            
2026-10-06T20:23:46.364	TEL,251,S3,324541725,0,0,0,433,2930                            
2026-10-06T20:23:46.364	TEL,252,S3,324551725,0,0,0,428,2930                            
2026-10-06T20:23:46.364	TEL,253,S3,324561725,0,0,0,428,2930                            
2026-10-06T20:23:46.364	TEL,254,S3,324571725,0,0,0,430,2930                            
2026-10-06T20:23:46.364	TEL,255,S3,324581725,0,0,0,430,2930                            
2026-10-06T20:23:46.364	TEL,256,S3,324591725,0,0,0,430,2930                            
2026-10-06T20:23:46.364	TEL,257,S3,324601725,0,0,0,430,2930                            
2026-10-06T20:23:46.364	TEL,258,S3,324611725,0,0,0,430,2930                            
2026-10-06T20:23:46.364	TEL,259,S3,324621725,0,0,0,425,2923                            
2026-10-06T20:23:46.364	TEL,260,S3,324631725,0,0,0,404,2923                            
2026-10-06T20:23:46.364	TEL,261,S3,324641725,0,0,0,410,2930                            
2026-10-06T20:23:46.364	TEL,262,S3,324651725,0,0,0,436,2930                            
2026-10-06T20:23:46.364	TEL,263,S3,324661725,0,0,0,436,2930                            
2026-10-06T20:23:46.364	TEL,264,S3,324671725,0,0,0,430,2930                            
2026-10-06T20:23:46.364	TEL,265,S3,324681725,0,0,0,430,2930                            
2026-10-06T20:23:46.364	TEL,266,S3,324691725,0,0,0,428,2930                            
2026-10-06T20:23:46.364	TEL,267,S3,324701725,0,0,0,428,2930                            
2026-10-06T20:23:46.364	TEL,268,S3,324711725,0,0,0,430,2930                            
2026-10-06T20:23:46.364	TEL,269,S3,324721725,0,0,0,430,2930                            
2026-10-06T20:23:46.364	TEL,270,S3,324731725,0,0,0,425,2930                            
2026-10-06T20:23:46.364	TEL,271,S3,324741725,0,0,0,422,2928                            
2026-10-06T20:23:46.364	TEL,272,S3,324751725,0,0,0,430,2928                            
2026-10-06T20:23:46.364	TEL,273,S3,324761725,0,0,0,430,2930                            
2026-10-06T20:23:46.364	TEL,274,S3,324771725,0,0,0,439,2930                            
2026-10-06T20:23:46.364	TEL,275,S3,324781725,0,0,0,439,2930                            
2026-10-06T20:23:46.364	TEL,276,S3,324791725,0,0,0,425,2930                            
2026-10-06T20:23:46.364	TEL,277,S3,324801725,0,0,0,422,2928                            
2026-10-06T20:23:46.364	TEL,278,S3,324811725,0,0,0,428,2928                            
2026-10-06T20:23:46.364	TEL,279,S3,324821725,0,0,0,428,2928                            
2026-10-06T20:23:46.364	TEL,280,S3,324831725,0,0,0,425,2928                            
2026-10-06T20:23:46.364	TEL,281,S3,324841725,0,0,0,430,2935                            
2026-10-06T20:23:46.364	TEL,282,S3,324851725,0,0,0,445,2935                            
2026-10-06T20:23:46.364	TEL,283,S3,324861725,0,0,0,442,2932                            
2026-10-06T20:23:46.364	TEL,284,S3,324871725,0,0,0,433,2932                            
2026-10-06T20:23:46.364	TEL,285,S3,324881725,0,0,0,430,2930                            
2026-10-06T20:23:46.364	TEL,286,S3,324891725,0,0,0,428,2930                            
2026-10-06T20:23:46.365	TEL,287,S3,324901725,0,0,0,428,2930                            
2026-10-06T20:23:46.365	TEL,288,S3,324911725,0,0,0,430,2930                            
2026-10-06T20:23:46.365	TEL,289,S3,324921725,0,0,0,430,2930                            
2026-10-06T20:23:46.365	TEL,290,S3,324931725,0,0,0,428,2930                            
2026-10-06T20:23:46.365	TEL,291,S3,324941725,0,0,0,428,2930                            
2026-10-06T20:23:46.365	TEL,292,S3,324951725,0,0,0,430,2930                            
2026-10-06T20:23:46.365	TEL,293,S3,324961725,0,0,0,433,2932                            
2026-10-06T20:23:46.365	TEL,294,S3,324971725,0,0,0,419,2932                            
2026-10-06T20:23:46.365	TEL,295,S3,324981725,0,0,0,419,2930                            
2026-10-06T20:23:46.365	TEL,296,S3,324991725,0,0,0,445,2930                            
2026-10-06T20:23:46.365	TEL,297,S3,325001725,0,0,0,442,2928                            
2026-10-06T20:23:46.365	TEL,298,S3,325011725,0,0,0,428,2928                            
2026-10-06T20:23:46.365	TEL,299,S3,325021725,0,0,0,425,2925                            
2026-10-06T20:23:46.365	TEL,300,S3,325031725,0,0,0,428,2925                            
2026-10-06T20:23:46.365	TEL,301,S3,325041725,0,0,0,433,2930                            
2026-10-06T20:23:46.365	TEL,302,S3,325051725,0,0,0,433,2930                            
2026-10-06T20:23:46.365	TEL,303,S3,325061725,0,0,0,433,2930                            
2026-10-06T20:23:46.365	TEL,304,S3,325071725,0,0,0,428,2930                            
2026-10-06T20:23:46.365	TEL,305,S3,325081725,0,0,0,428,2930                            
2026-10-06T20:23:46.365	TEL,306,S3,325091725,0,0,0,430,2930                            
2026-10-06T20:23:46.365	TEL,307,S3,325101725,0,0,0,428,2927                            
2026-10-06T20:23:46.365	TEL,308,S3,325111725,0,0,0,425,2927                            
2026-10-06T20:23:46.365	TEL,309,S3,325121725,0,0,0,428,2930                            
2026-10-06T20:23:46.984	TEL,310,S3,325131725,0,0,0,430,2930                            
2026-10-06T20:23:46.984	TEL,311,S3,325141725,0,0,0,430,2930                            
2026-10-06T20:23:46.984	TEL,312,S3,325151725,0,0,0,428,2930                            
2026-10-06T20:23:46.984	TEL,313,S3,325161725,0,0,0,428,2930                            
2026-10-06T20:23:46.984	TEL,314,S3,325171725,0,0,0,430,2930                            
2026-10-06T20:23:46.984	TEL,315,S3,325181725,0,0,0,430,2930                            
2026-10-06T20:23:46.984	TEL,316,S3,325191725,0,0,0,425,2930                            
2026-10-06T20:23:46.984	TEL,317,S3,325201725,0,0,0,422,2928                            
2026-10-06T20:23:46.984	TEL,318,S3,325211725,0,0,0,428,2928                            
2026-10-06T20:23:46.984	TEL,319,S3,325221725,0,0,0,428,2928                            
2026-10-06T20:23:46.984	TEL,320,S3,325231725,0,0,0,428,2928                            
2026-10-06T20:23:46.984	TEL,321,S3,325241725,0,0,0,428,2928                            
2026-10-06T20:23:46.984	TEL,322,S3,325251725,0,0,0,410,2928                            
2026-10-06T20:23:46.984	TEL,323,S3,325261725,0,0,0,413,2932                            
2026-10-06T20:23:46.984	TEL,324,S3,325271725,0,0,0,430,2932                            
2026-10-06T20:23:46.984	TEL,325,S3,325281725,0,0,0,428,2930                            
2026-10-06T20:23:46.984	TEL,326,S3,325291725,0,0,0,425,2930                            
2026-10-06T20:23:46.984	TEL,327,S3,325301725,0,0,0,425,2930                            
2026-10-06T20:23:46.984	TEL,328,S3,325311725,0,0,0,428,2930                            
2026-10-06T20:23:46.984	TEL,329,S3,325321725,0,0,0,428,2930                            
2026-10-06T20:23:46.984	TEL,330,S3,325331725,0,0,0,430,2930                            
2026-10-06T20:23:46.984	TEL,331,S3,325341725,0,0,0,430,2928                            
2026-10-06T20:23:46.984	TEL,332,S3,325351725,0,0,0,428,2928                            
2026-10-06T20:23:46.984	TEL,333,S3,325361725,0,0,0,428,2930                            
2026-10-06T20:23:46.984	TEL,334,S3,325371725,0,0,0,428,2930                            
2026-10-06T20:23:46.984	TEL,335,S3,325381725,0,0,0,428,2930                            
2026-10-06T20:23:46.984	TEL,336,S3,325391725,0,0,0,425,2930                            
2026-10-06T20:23:46.984	TEL,337,S3,325401725,0,0,0,425,2930                            
2026-10-06T20:23:46.984	TEL,338,S3,325411725,0,0,0,425,2930                            
2026-10-06T20:23:46.984	TEL,339,S3,325421725,0,0,0,422,2928                            
2026-10-06T20:23:46.984	TEL,340,S3,325431725,0,0,0,425,2928                            
2026-10-06T20:23:46.984	TEL,341,S3,325441725,0,0,0,428,2930                            
2026-10-06T20:23:46.984	TEL,342,S3,325451725,0,0,0,430,2930                            
2026-10-06T20:23:46.984	TEL,343,S3,325461725,0,0,0,433,2932                            
2026-10-06T20:23:46.984	TEL,344,S3,325471725,0,0,0,433,2932                            
2026-10-06T20:23:46.984	TEL,345,S3,325481725,0,0,0,430,2930                            
2026-10-06T20:23:46.984	TEL,346,S3,325491725,0,0,0,430,2930                            
2026-10-06T20:23:46.984	TEL,347,S3,325501725,0,0,0,430,2928                            
2026-10-06T20:23:46.984	TEL,348,S3,325511725,0,0,0,433,2928                            
2026-10-06T20:23:46.984	TEL,349,S3,325521725,0,0,0,433,2930                            
2026-10-06T20:23:46.984	TEL,350,S3,325531725,0,0,0,439,2930                            
2026-10-06T20:23:46.984	TEL,351,S3,325541725,0,0,0,439,2930                            
2026-10-06T20:23:46.984	TEL,352,S3,325551725,0,0,0,428,2930                            
2026-10-06T20:23:46.984	TEL,353,S3,325561725,0,0,0,428,2930                            
2026-10-06T20:23:46.984	TEL,354,S3,325571725,0,0,0,430,2930                            
2026-10-06T20:23:46.984	TEL,355,S3,325581725,0,0,0,430,2930                            
2026-10-06T20:23:46.984	TEL,356,S3,325591725,0,0,0,430,2930                            
2026-10-06T20:23:46.984	TEL,357,S3,325601725,0,0,0,428,2925                            
2026-10-06T20:23:46.984	TEL,358,S3,325611725,0,0,0,428,2925                            
2026-10-06T20:23:46.984	TEL,359,S3,325621725,0,0,0,433,2932                            
2026-10-06T20:23:46.984	TEL,360,S3,325631725,0,0,0,433,2932                            
2026-10-06T20:23:46.984	TEL,361,S3,325641725,0,0,0,430,2930                            
2026-10-06T20:23:46.984	TEL,362,S3,325651725,0,0,0,430,2930                            
2026-10-06T20:23:46.984	TEL,363,S3,325661725,0,0,0,430,2930                            
2026-10-06T20:23:46.984	TEL,364,S3,325671725,0,0,0,425,2930                            
2026-10-06T20:23:46.984	TEL,365,S3,325681725,0,0,0,425,2930                            
2026-10-06T20:23:46.984	TEL,366,S3,325691725,0,0,0,416,2930                            
2026-10-06T20:23:46.984	TEL,367,S3,325701725,0,0,0,416,2930                            
2026-10-06T20:23:46.984	TEL,368,S3,325711725,0,0,0,430,2930                            
2026-10-06T20:23:46.984	TEL,369,S3,325721725,0,0,0,430,2930                            
2026-10-06T20:23:46.984	TEL,370,S3,325731725,0,0,0,430,2930                            
2026-10-06T20:23:46.984	TEL,371,S3,325741725,0,0,0,430,2930                            
2026-10-06T20:23:47.604	TEL,372,S3,325751725,0,0,0,430,2930                            
2026-10-06T20:23:47.604	TEL,373,S3,325761725,0,0,0,430,2930                            
2026-10-06T20:23:47.604	TEL,374,S3,325771725,0,0,0,428,2930                            
2026-10-06T20:23:47.604	TEL,375,S3,325781725,0,0,0,428,2930                            
2026-10-06T20:23:47.604	TEL,376,S3,325791725,0,0,0,428,2930                            
2026-10-06T20:23:47.604	TEL,377,S3,325801725,0,0,0,430,2932                            
2026-10-06T20:23:47.604	TEL,378,S3,325811725,0,0,0,422,2932                            
2026-10-06T20:23:47.604	TEL,379,S3,325821725,0,0,0,422,2930                            
2026-10-06T20:23:47.604	TEL,380,S3,325831725,0,0,0,439,2930                            
2026-10-06T20:23:47.604	TEL,381,S3,325841725,0,0,0,439,2930                            
2026-10-06T20:23:47.604	TEL,382,S3,325851725,0,0,0,430,2930                            
2026-10-06T20:23:47.604	TEL,383,S3,325861725,0,0,0,430,2930                            
2026-10-06T20:23:47.604	TEL,384,S3,325871725,0,0,0,430,2930                            
2026-10-06T20:23:47.604	TEL,385,S3,325881725,0,0,0,430,2928                            
2026-10-06T20:23:47.604	TEL,386,S3,325891725,0,0,0,430,2928                            
2026-10-06T20:23:47.604	TEL,387,S3,325901725,0,0,0,430,2930                            
2026-10-06T20:23:47.604	TEL,388,S3,325911725,0,0,0,425,2930                            
2026-10-06T20:23:47.604	TEL,389,S3,325921725,0,0,0,425,2930                            
2026-10-06T20:23:47.604	TEL,390,S3,325931725,0,0,0,428,2930                            
2026-10-06T20:23:47.604	TEL,391,S3,325941725,0,0,0,428,2932                            
2026-10-06T20:23:47.604	TEL,392,S3,325951725,0,0,0,433,2932                            
2026-10-06T20:23:47.604	TEL,393,S3,325961725,0,0,0,430,2930                            
2026-10-06T20:23:47.604	TEL,394,S3,325971725,0,0,0,430,2930                            
2026-10-06T20:23:47.604	TEL,395,S3,325981725,0,0,0,430,2930                            
2026-10-06T20:23:47.604	TEL,396,S3,325991725,0,0,0,428,2930                            
2026-10-06T20:23:47.604	TEL,397,S3,326001725,0,0,0,428,2930                            
2026-10-06T20:23:47.604	TEL,398,S3,326011725,0,0,0,428,2930                            
2026-10-06T20:23:47.604	TEL,399,S3,326021725,0,0,0,430,2932                            
2026-10-06T20:23:47.604	TEL,400,S3,326031725,0,0,0,433,2932                            
2026-10-06T20:23:47.604	TEL,401,S3,326041725,0,0,0,430,2930                            
2026-10-06T20:23:47.604	TEL,402,S3,326051725,0,0,0,428,2930                            
2026-10-06T20:23:47.604	TEL,403,S3,326061725,0,0,0,425,2928                            
2026-10-06T20:23:47.604	TEL,404,S3,326071725,0,0,0,425,2928                            
2026-10-06T20:23:47.604	TEL,405,S3,326081725,0,0,0,425,2928                            
2026-10-06T20:23:47.604	TEL,406,S3,326091725,0,0,0,425,2928                            
2026-10-06T20:23:47.604	TEL,407,S3,326101725,0,0,0,425,2928                            
2026-10-06T20:23:47.604	TEL,408,S3,326111725,0,0,0,422,2928                            
2026-10-06T20:23:47.604	TEL,409,S3,326121725,0,0,0,425,2930                            
2026-10-06T20:23:47.604	TEL,410,S3,326131725,0,0,0,428,2930                            
2026-10-06T20:23:47.604	TEL,411,S3,326141725,0,0,0,428,2930                            
2026-10-06T20:23:47.604	TEL,412,S3,326151725,0,0,0,419,2930                            
2026-10-06T20:23:47.604	TEL,413,S3,326161725,0,0,0,416,2928                            
2026-10-06T20:23:47.604	TEL,414,S3,326171725,0,0,0,428,2928                            
2026-10-06T20:23:47.604	TEL,415,S3,326181725,0,0,0,428,2928                            
2026-10-06T20:23:47.605	TEL,416,S3,326191725,0,0,0,428,2928                            
2026-10-06T20:23:47.605	TEL,417,S3,326201725,0,0,0,428,2928                            
2026-10-06T20:23:47.605	TEL,418,S3,326211725,0,0,0,428,2928                            
2026-10-06T20:23:47.605	TEL,419,S3,326221725,0,0,0,428,2930                            
2026-10-06T20:23:47.605	TEL,420,S3,326231725,0,0,0,430,2930                            
2026-10-06T20:23:47.605	TEL,421,S3,326241725,0,0,0,430,2928                            
2026-10-06T20:23:47.605	TEL,422,S3,326251725,0,0,0,433,2928                            
2026-10-06T20:23:47.605	TEL,423,S3,326261725,0,0,0,430,2927                            
2026-10-06T20:23:47.605	TEL,424,S3,326271725,0,0,0,428,2927                            
2026-10-06T20:23:47.605	TEL,425,S3,326281725,0,0,0,430,2930                            
2026-10-06T20:23:47.605	TEL,426,S3,326291725,0,0,0,425,2930                            
2026-10-06T20:23:47.605	TEL,427,S3,326301725,0,0,0,425,2930                            
2026-10-06T20:23:47.605	TEL,428,S3,326311725,0,0,0,439,2930                            
2026-10-06T20:23:47.605	TEL,429,S3,326321725,0,0,0,436,2928                            
2026-10-06T20:23:47.605	TEL,430,S3,326331725,0,0,0,430,2928                            
2026-10-06T20:23:47.605	TEL,431,S3,326341725,0,0,0,430,2930                            
2026-10-06T20:23:47.605	TEL,432,S3,326351725,0,0,0,428,2930                            
2026-10-06T20:23:47.605	TEL,433,S3,326361725,0,0,0,428,2930                            
2026-10-06T20:23:48.222	TEL,434,S3,326371725,0,0,0,430,2930                            
2026-10-06T20:23:48.222	TEL,435,S3,326381725,0,0,0,430,2928                            
2026-10-06T20:23:48.222	TEL,436,S3,326391725,0,0,0,428,2928                            
2026-10-06T20:23:48.222	TEL,437,S3,326401725,0,0,0,428,2930                            
2026-10-06T20:23:48.222	TEL,438,S3,326411725,0,0,0,428,2930                            
2026-10-06T20:23:48.222	TEL,439,S3,326421725,0,0,0,428,2930                            
2026-10-06T20:23:48.222	TEL,440,S3,326431725,0,0,0,433,2930                            
2026-10-06T20:23:48.222	TEL,441,S3,326441725,0,0,0,433,2930                            
2026-10-06T20:23:48.222	TEL,442,S3,326451725,0,0,0,430,2930                            
2026-10-06T20:23:48.222	TEL,443,S3,326461725,0,0,0,430,2930                            
2026-10-06T20:23:48.222	TEL,444,S3,326471725,0,0,0,410,2930                            
2026-10-06T20:23:48.222	TEL,445,S3,326481725,0,0,0,413,2932                            
2026-10-06T20:23:48.222	TEL,446,S3,326491725,0,0,0,436,2932                            
2026-10-06T20:23:48.222	TEL,447,S3,326501725,0,0,0,433,2928                            
2026-10-06T20:23:48.222	TEL,448,S3,326511725,0,0,0,428,2928                            
2026-10-06T20:23:48.222	TEL,449,S3,326521725,0,0,0,430,2932                            
2026-10-06T20:23:48.222	TEL,450,S3,326531725,0,0,0,439,2932                            
2026-10-06T20:23:48.222	TEL,451,S3,326541725,0,0,0,436,2930                            
2026-10-06T20:23:48.222	TEL,452,S3,326551725,0,0,0,430,2930                            
2026-10-06T20:23:48.222	TEL,453,S3,326561725,0,0,0,430,2930                            
2026-10-06T20:23:48.222	TEL,454,S3,326571725,0,0,0,430,2930                            
2026-10-06T20:23:48.222	TEL,455,S3,326581725,0,0,0,430,2930                            
2026-10-06T20:23:48.222	TEL,456,S3,326591725,0,0,0,433,2930                            
2026-10-06T20:23:48.222	TEL,457,S3,326601725,0,0,0,433,2930                            
2026-10-06T20:23:48.222	TEL,458,S3,326611725,0,0,0,428,2930                            
2026-10-06T20:23:48.222	TEL,459,S3,326621725,0,0,0,428,2930                            
2026-10-06T20:23:48.222	TEL,460,S3,326631725,0,0,0,433,2930                            
2026-10-06T20:23:48.222	TEL,461,S3,326641725,0,0,0,436,2932                            
2026-10-06T20:23:48.222	TEL,462,S3,326651725,0,0,0,430,2932                            
2026-10-06T20:23:48.222	TEL,463,S3,326661725,0,0,0,428,2928                            
2026-10-06T20:23:48.222	TEL,464,S3,326671725,0,0,0,433,2928                            
2026-10-06T20:23:48.222	TEL,465,S3,326681725,0,0,0,433,2930                            
2026-10-06T20:23:48.222	TEL,466,S3,326691725,0,0,0,425,2930                            
2026-10-06T20:23:48.222	TEL,467,S3,326701725,0,0,0,425,2930                            
2026-10-06T20:23:48.222	TEL,468,S3,326711725,0,0,0,416,2930                            
2026-10-06T20:23:48.222	TEL,469,S3,326721725,0,0,0,413,2928                            
2026-10-06T20:23:48.222	TEL,470,S3,326731725,0,0,0,436,2928                            
2026-10-06T20:23:48.222	TEL,471,S3,326741725,0,0,0,436,2930                            
2026-10-06T20:23:48.222	TEL,472,S3,326751725,0,0,0,430,2930                            
2026-10-06T20:23:48.222	TEL,473,S3,326761725,0,0,0,428,2925                            
2026-10-06T20:23:48.222	TEL,474,S3,326771725,0,0,0,428,2925                            
2026-10-06T20:23:48.222	TEL,475,S3,326781725,0,0,0,430,2930                            
2026-10-06T20:23:48.222	TEL,476,S3,326791725,0,0,0,430,2930                            
2026-10-06T20:23:48.222	TEL,477,S3,326801725,0,0,0,430,2930                            
2026-10-06T20:23:48.222	TEL,478,S3,326811725,0,0,0,425,2930                            
2026-10-06T20:23:48.222	TEL,479,S3,326821725,0,0,0,425,2930                            
2026-10-06T20:23:48.222	TEL,480,S3,326831725,0,0,0,428,2930                            
2026-10-06T20:23:48.222	TEL,481,S3,326841725,0,0,0,428,2928                            
2026-10-06T20:23:48.222	TEL,482,S3,326851725,0,0,0,430,2928                            
2026-10-06T20:23:48.222	TEL,483,S3,326861725,0,0,0,430,2930                            
2026-10-06T20:23:48.222	TEL,484,S3,326871725,0,0,0,428,2930                            
2026-10-06T20:23:48.222	TEL,485,S3,326881725,0,0,0,430,2932                            
2026-10-06T20:23:48.222	TEL,486,S3,326891725,0,0,0,433,2932                            
2026-10-06T20:23:48.222	TEL,487,S3,326901725,0,0,0,430,2930                            
2026-10-06T20:23:48.222	TEL,488,S3,326911725,0,0,0,428,2930                            
2026-10-06T20:23:48.222	TEL,489,S3,326921725,0,0,0,428,2930                            
2026-10-06T20:23:48.222	TEL,490,S3,326931725,0,0,0,428,2930                            
2026-10-06T20:23:48.222	TEL,491,S3,326941725,0,0,0,428,2930                            
2026-10-06T20:23:48.222	TEL,492,S3,326951725,0,0,0,428,2930                            
2026-10-06T20:23:48.222	TEL,493,S3,326961725,0,0,0,425,2928                            
2026-10-06T20:23:48.222	TEL,494,S3,326971725,0,0,0,433,2928                            
2026-10-06T20:23:48.222	TEL,495,S3,326981725,0,0,0,433,2928                            
2026-10-06T20:23:48.833	TEL,496,S3,326991725,0,0,0,422,2928                            
2026-10-06T20:23:48.833	TEL,497,S3,327001725,0,0,0,425,2930                            
2026-10-06T20:23:48.833	TEL,498,S3,327011725,0,0,0,430,2930                            
2026-10-06T20:23:48.833	TEL,499,S3,327021725,0,0,0,430,2928                            
2026-10-06T20:23:48.833	TEL,500,S3,327031725,0,0,0,428,2928                            
2026-10-06T20:23:48.833	TEL,501,S3,327041725,0,0,0,428,2930                            
2026-10-06T20:23:48.833	TEL,502,S3,327051725,0,0,0,433,2930                            
2026-10-06T20:23:48.833	TEL,503,S3,327061725,0,0,0,433,2930                            
2026-10-06T20:23:48.833	TEL,504,S3,327071725,0,0,0,410,2930                            
2026-10-06T20:23:48.833	TEL,505,S3,327081725,0,0,0,410,2930                            
2026-10-06T20:23:48.833	TEL,506,S3,327091725,0,0,0,430,2930                            
2026-10-06T20:23:48.833	TEL,507,S3,327101725,0,0,0,430,2930                            
2026-10-06T20:23:48.833	TEL,508,S3,327111725,0,0,0,428,2930                            
2026-10-06T20:23:48.833	TEL,509,S3,327121725,0,0,0,428,2930                            
2026-10-06T20:23:48.833	TEL,510,S3,327131725,0,0,0,430,2930                            
2026-10-06T20:23:48.833	TEL,511,S3,327141725,0,0,0,433,2932                            
2026-10-06T20:23:48.833	TEL,512,S3,327151725,0,0,0,425,2932                            
2026-10-06T20:23:48.833	TEL,513,S3,327161725,0,0,0,422,2928                            
2026-10-06T20:23:48.833	TEL,514,S3,327171725,0,0,0,430,2928                            
2026-10-06T20:23:48.833	TEL,515,S3,327181725,0,0,0,433,2932                            
2026-10-06T20:23:48.833	TEL,516,S3,327191725,0,0,0,436,2932                            
2026-10-06T20:23:48.833	TEL,517,S3,327201725,0,0,0,433,2928                            
2026-10-06T20:23:48.833	TEL,518,S3,327211725,0,0,0,428,2928                            
2026-10-06T20:23:48.833	TEL,519,S3,327221725,0,0,0,428,2928                            
2026-10-06T20:23:48.833	TEL,520,S3,327231725,0,0,0,430,2928                            
2026-10-06T20:23:48.833	TEL,521,S3,327241725,0,0,0,430,2930                            
2026-10-06T20:23:48.833	TEL,522,S3,327251725,0,0,0,436,2930                            
2026-10-06T20:23:48.833	TEL,523,S3,327261725,0,0,0,436,2930                            
2026-10-06T20:23:48.833	TEL,524,S3,327271725,0,0,0,425,2930                            
2026-10-06T20:23:48.833	TEL,525,S3,327281725,0,0,0,425,2930                            
2026-10-06T20:23:48.833	TEL,526,S3,327291725,0,0,0,428,2930                            
2026-10-06T20:23:48.833	TEL,527,S3,327301725,0,0,0,428,2930                            
2026-10-06T20:23:48.833	TEL,528,S3,327311725,0,0,0,428,2930                            
2026-10-06T20:23:48.833	TEL,529,S3,327321725,0,0,0,428,2932                            
2026-10-06T20:23:48.833	TEL,530,S3,327331725,0,0,0,428,2932                            
2026-10-06T20:23:48.833	TEL,531,S3,327341725,0,0,0,425,2928                            
2026-10-06T20:23:48.833	TEL,532,S3,327351725,0,0,0,428,2928                            
2026-10-06T20:23:48.833	TEL,533,S3,327361725,0,0,0,428,2930                            
2026-10-06T20:23:48.833	TEL,534,S3,327371725,0,0,0,430,2930                            
2026-10-06T20:23:48.833	TEL,535,S3,327381725,0,0,0,430,2928                            
2026-10-06T20:23:48.833	BTN,1,S3,PRESSED,327385889,327385896                           
2026-10-06T20:23:48.833	TEL,536,S3,327391725,0,0,0,416,2928                            
2026-10-06T20:23:48.833	TEL,537,S3,327401725,0,0,0,419,2930                            
2026-10-06T20:23:48.833	TEL,538,S3,327411725,0,0,0,428,2930                            
2026-10-06T20:23:48.833	TEL,539,S3,327421725,0,0,0,428,2930                            
2026-10-06T20:23:48.833	TEL,540,S3,327431725,0,0,0,439,2930                            
2026-10-06T20:23:48.833	TEL,541,S3,327441725,0,0,0,439,2930                            
2026-10-06T20:23:48.833	TEL,542,S3,327451725,0,0,0,428,2930                            
2026-10-06T20:23:48.833	TEL,543,S3,327461725,0,0,0,428,2930                            
2026-10-06T20:23:48.833	TEL,544,S3,327471725,0,0,0,425,2930                            
2026-10-06T20:23:48.833	TEL,545,S3,327481725,0,0,0,422,2928                            
2026-10-06T20:23:48.833	TEL,546,S3,327491725,0,0,0,416,2928                            
2026-10-06T20:23:48.833	TEL,547,S3,327501725,0,0,0,416,2928                            
2026-10-06T20:23:48.833	TEL,548,S3,327511725,0,0,0,428,2928                            
2026-10-06T20:23:48.833	TEL,549,S3,327521725,0,0,0,428,2930                            
2026-10-06T20:23:48.833	TEL,550,S3,327531725,0,0,0,428,2930                            
2026-10-06T20:23:48.833	TEL,551,S3,327541725,0,0,0,428,2930                            
2026-10-06T20:23:48.833	TEL,552,S3,327551725,0,0,0,430,2930                            
2026-10-06T20:23:48.833	TEL,553,S3,327561725,0,0,0,430,2928                            
2026-10-06T20:23:48.833	TEL,554,S3,327571725,0,0,0,430,2928                            
2026-10-06T20:23:48.833	TEL,555,S3,327581725,0,0,0,430,2930                            
2026-10-06T20:23:48.833	TEL,556,S3,327591725,0,0,0,428,2930                            
2026-10-06T20:23:49.444	TEL,557,S3,327601725,0,0,0,428,2928                            
2026-10-06T20:23:49.444	TEL,558,S3,327611725,0,0,0,433,2928                            
2026-10-06T20:23:49.444	TEL,559,S3,327621725,0,0,0,433,2928                            
2026-10-06T20:23:49.444	TEL,560,S3,327631725,0,0,0,430,2928                            
2026-10-06T20:23:49.444	TEL,561,S3,327641725,0,0,0,430,2928                            
2026-10-06T20:23:49.444	TEL,562,S3,327651725,0,0,0,425,2928                            
2026-10-06T20:23:49.444	TEL,563,S3,327661725,0,0,0,428,2930                            
2026-10-06T20:23:49.444	TEL,564,S3,327671725,0,0,0,430,2930                            
2026-10-06T20:23:49.444	TEL,565,S3,327681725,0,0,0,430,2930                            
2026-10-06T20:23:49.444	TEL,566,S3,327691725,0,0,0,430,2930                            
2026-10-06T20:23:49.444	TEL,567,S3,327701725,0,0,0,430,2928                            
2026-10-06T20:23:49.444	TEL,568,S3,327711725,0,0,0,430,2928                            
2026-10-06T20:23:49.444	TEL,569,S3,327721725,0,0,0,430,2930                            
2026-10-06T20:23:49.444	TEL,570,S3,327731725,0,0,0,433,2930                            
2026-10-06T20:23:49.444	TEL,571,S3,327741725,0,0,0,430,2927                            
2026-10-06T20:23:49.444	TEL,572,S3,327751725,0,0,0,422,2927                            
2026-10-06T20:23:49.444	TEL,573,S3,327761725,0,0,0,422,2928                            
2026-10-06T20:23:49.444	TEL,574,S3,327771725,0,0,0,433,2928                            
2026-10-06T20:23:49.444	TEL,575,S3,327781725,0,0,0,433,2928                            
2026-10-06T20:23:49.444	TEL,576,S3,327791725,0,0,0,428,2928                            
2026-10-06T20:23:49.444	TEL,577,S3,327801725,0,0,0,428,2930                            
2026-10-06T20:23:49.444	TEL,578,S3,327811725,0,0,0,433,2930                            
2026-10-06T20:23:49.444	TEL,579,S3,327821725,0,0,0,433,2928                            
2026-10-06T20:23:49.444	TEL,580,S3,327831725,0,0,0,430,2928                            
2026-10-06T20:23:49.444	TEL,581,S3,327841725,0,0,0,430,2928                            
2026-10-06T20:23:49.444	TEL,582,S3,327851725,0,0,0,436,2928                            
2026-10-06T20:23:49.445	TEL,583,S3,327861725,0,0,0,436,2928                            
2026-10-06T20:23:49.445	TEL,584,S3,327871725,0,0,0,422,2928                            
2026-10-06T20:23:49.445	TEL,585,S3,327881725,0,0,0,422,2928                            
2026-10-06T20:23:49.445	TEL,586,S3,327891725,0,0,0,425,2928                            
2026-10-06T20:23:49.445	TEL,587,S3,327901725,0,0,0,425,2928                            
2026-10-06T20:23:49.445	TEL,588,S3,327911725,0,0,0,425,2928                            
2026-10-06T20:23:49.445	TEL,589,S3,327921725,0,0,0,425,2928                            
2026-10-06T20:23:49.445	TEL,590,S3,327931725,0,0,0,428,2928                            
2026-10-06T20:23:49.445	TEL,591,S3,327941725,0,0,0,428,2930                            
2026-10-06T20:23:49.445	TEL,592,S3,327951725,0,0,0,428,2930                            
2026-10-06T20:23:49.445	TEL,593,S3,327961725,0,0,0,428,2930                            
2026-10-06T20:23:49.445	TEL,594,S3,327971725,0,0,0,428,2930                            
2026-10-06T20:23:49.445	TEL,595,S3,327981725,0,0,0,428,2928                            
2026-10-06T20:23:49.445	TEL,596,S3,327991725,0,0,0,428,2928                            
2026-10-06T20:23:49.445	TEL,597,S3,328001725,0,0,0,428,2928                            
2026-10-06T20:23:49.445	TEL,598,S3,328011725,0,0,0,433,2928                            
2026-10-06T20:23:49.445	TEL,599,S3,328021725,0,0,0,433,2930                            
2026-10-06T20:23:49.445	TEL,600,S3,328031725,0,0,0,430,2930                            
2026-10-06T20:23:49.445	TEL,601,S3,328041725,0,0,0,430,2930                            
2026-10-06T20:23:49.445	TEL,602,S3,328051725,0,0,0,430,2930                            
2026-10-06T20:23:49.445	TEL,603,S3,328061725,0,0,0,430,2928                            
2026-10-06T20:23:49.445	TEL,604,S3,328071725,0,0,0,428,2928                            
2026-10-06T20:23:49.445	TEL,605,S3,328081725,0,0,0,428,2930                            
2026-10-06T20:23:49.445	TEL,606,S3,328091725,0,0,0,428,2930                            
2026-10-06T20:23:49.445	TEL,607,S3,328101725,0,0,0,428,2930                            
2026-10-06T20:23:49.445	BTN,2,S3,PRESSED,328101895,328101902                           
2026-10-06T20:23:49.445	TEL,608,S3,328111725,0,0,0,428,2930                            
2026-10-06T20:23:49.445	TEL,609,S3,328121725,0,0,0,428,2928                            
2026-10-06T20:23:49.445	TEL,610,S3,328131725,0,0,0,430,2928                            
2026-10-06T20:23:49.445	TEL,611,S3,328141725,0,0,0,430,2930                            
2026-10-06T20:23:49.445	TEL,612,S3,328151725,0,0,0,428,2930                            
2026-10-06T20:23:49.445	TEL,613,S3,328161725,0,0,0,428,2930                            
2026-10-06T20:23:49.445	TEL,614,S3,328171725,0,0,0,428,2930                            
2026-10-06T20:23:49.445	TEL,615,S3,328181725,0,0,0,428,2930                            
2026-10-06T20:23:49.445	TEL,616,S3,328191725,0,0,0,430,2930                            
2026-10-06T20:23:49.445	TEL,617,S3,328201725,0,0,0,430,2928                            
2026-10-06T20:23:50.056	TEL,618,S3,328211725,0,0,0,425,2928                            
2026-10-06T20:23:50.056	TEL,619,S3,328221725,0,0,0,425,2928                            
2026-10-06T20:23:50.056	TEL,620,S3,328231725,0,0,0,430,2928                            
2026-10-06T20:23:50.056	TEL,621,S3,328241725,0,0,0,430,2930                            
2026-10-06T20:23:50.056	TEL,622,S3,328251725,0,0,0,428,2930                            
2026-10-06T20:23:50.056	TEL,623,S3,328261725,0,0,0,428,2930                            
2026-10-06T20:23:50.056	TEL,624,S3,328271725,0,0,0,430,2930                            
2026-10-06T20:23:50.056	TEL,625,S3,328281725,0,0,0,430,2930                            
2026-10-06T20:23:50.056	TEL,626,S3,328291725,0,0,0,428,2930                            
2026-10-06T20:23:50.056	TEL,627,S3,328301725,0,0,0,428,2930                            
2026-10-06T20:23:50.056	TEL,628,S3,328311725,0,0,0,428,2930                            
2026-10-06T20:23:50.056	TEL,629,S3,328321725,0,0,0,428,2930                            
2026-10-06T20:23:50.056	TEL,630,S3,328331725,0,0,0,430,2930                            
2026-10-06T20:23:50.056	TEL,631,S3,328341725,0,0,0,430,2930                            
2026-10-06T20:23:50.056	TEL,632,S3,328351725,0,0,0,430,2930                            
2026-10-06T20:23:50.056	TEL,633,S3,328361725,0,0,0,428,2925                            
2026-10-06T20:23:50.056	TEL,634,S3,328371725,0,0,0,428,2925                            
2026-10-06T20:23:50.056	TEL,635,S3,328381725,0,0,0,433,2932                            
2026-10-06T20:23:50.056	TEL,636,S3,328391725,0,0,0,433,2932                            
2026-10-06T20:23:50.056	TEL,637,S3,328401725,0,0,0,428,2925                            
2026-10-06T20:23:50.056	TEL,638,S3,328411725,0,0,0,407,2925                            
2026-10-06T20:23:50.056	TEL,639,S3,328421725,0,0,0,410,2930                            
2026-10-06T20:23:50.056	TEL,640,S3,328431725,0,0,0,430,2930                            
2026-10-06T20:23:50.056	TEL,641,S3,328441725,0,0,0,430,2930                            
2026-10-06T20:23:50.056	TEL,642,S3,328451725,0,0,0,428,2930                            
2026-10-06T20:23:50.056	TEL,643,S3,328461725,0,0,0,428,2928                            
2026-10-06T20:23:50.056	TEL,644,S3,328471725,0,0,0,433,2928                            
2026-10-06T20:23:50.056	TEL,645,S3,328481725,0,0,0,433,2930                            
2026-10-06T20:23:50.056	TEL,646,S3,328491725,0,0,0,433,2930                            
2026-10-06T20:23:50.056	TEL,647,S3,328501725,0,0,0,433,2928                            
2026-10-06T20:23:50.056	TEL,648,S3,328511725,0,0,0,433,2928                            
2026-10-06T20:23:50.056	TEL,649,S3,328521725,0,0,0,433,2930                            
2026-10-06T20:23:50.056	TEL,650,S3,328531725,0,0,0,430,2930                            
2026-10-06T20:23:50.056	TEL,651,S3,328541725,0,0,0,430,2930                            
2026-10-06T20:23:50.056	TEL,652,S3,328551725,0,0,0,439,2930                            
2026-10-06T20:23:50.056	TEL,653,S3,328561725,0,0,0,436,2928                            
2026-10-06T20:23:50.056	TEL,654,S3,328571725,0,0,0,430,2928                            
2026-10-06T20:23:50.056	TEL,655,S3,328581725,0,0,0,430,2930                            
2026-10-06T20:23:50.056	TEL,656,S3,328591725,0,0,0,428,2930                            
2026-10-06T20:23:50.056	TEL,657,S3,328601725,0,0,0,428,2930                            
2026-10-06T20:23:50.056	TEL,658,S3,328611725,0,0,0,442,2930                            
2026-10-06T20:23:50.056	TEL,659,S3,328621725,0,0,0,439,2928                            
2026-10-06T20:23:50.056	TEL,660,S3,328631725,0,0,0,428,2928                            
2026-10-06T20:23:50.056	TEL,661,S3,328641725,0,0,0,428,2930                            
2026-10-06T20:23:50.056	TEL,662,S3,328651725,0,0,0,425,2930                            
2026-10-06T20:23:50.056	TEL,663,S3,328661725,0,0,0,425,2930                            
2026-10-06T20:23:50.056	TEL,664,S3,328671725,0,0,0,428,2930                            
2026-10-06T20:23:50.056	TEL,665,S3,328681725,0,0,0,428,2930                            
2026-10-06T20:23:50.056	TEL,666,S3,328691725,0,0,0,430,2930                            
2026-10-06T20:23:50.056	TEL,667,S3,328701725,0,0,0,422,2921                            
2026-10-06T20:23:50.056	TEL,668,S3,328711725,0,0,0,416,2921                            
2026-10-06T20:23:50.056	TEL,669,S3,328721725,0,0,0,425,2930                            
2026-10-06T20:23:50.056	TEL,670,S3,328731725,0,0,0,428,2930                            
2026-10-06T20:23:50.056	TEL,671,S3,328741725,0,0,0,428,2930                            
2026-10-06T20:23:50.056	TEL,672,S3,328751725,0,0,0,430,2930                            
2026-10-06T20:23:50.056	TEL,673,S3,328761725,0,0,0,430,2930                            
2026-10-06T20:23:50.056	TEL,674,S3,328771725,0,0,0,439,2930                            
2026-10-06T20:23:50.056	TEL,675,S3,328781725,0,0,0,439,2930                            
2026-10-06T20:23:50.056	TEL,676,S3,328791725,0,0,0,433,2930                            
2026-10-06T20:23:50.056	TEL,677,S3,328801725,0,0,0,433,2928                            
2026-10-06T20:23:50.056	TEL,678,S3,328811725,0,0,0,430,2928                            
2026-10-06T20:23:50.056	BTN,3,S3,PRESSED,328818900,328818907                           
2026-10-06T20:23:50.671	TEL,679,S3,328821725,0,0,0,430,2930                            
2026-10-06T20:23:50.671	TEL,680,S3,328831725,0,0,0,428,2930                            
2026-10-06T20:23:50.671	TEL,681,S3,328841725,0,0,0,428,2930                            
2026-10-06T20:23:50.671	TEL,682,S3,328851725,0,0,0,430,2930                            
2026-10-06T20:23:50.671	TEL,683,S3,328861725,0,0,0,430,2928                            
2026-10-06T20:23:50.671	TEL,684,S3,328871725,0,0,0,416,2928                            
2026-10-06T20:23:50.671	TEL,685,S3,328881725,0,0,0,413,2925                            
2026-10-06T20:23:50.671	TEL,686,S3,328891725,0,0,0,428,2925                            
2026-10-06T20:23:50.671	TEL,687,S3,328901725,0,0,0,430,2928                            
2026-10-06T20:23:50.671	TEL,688,S3,328911725,0,0,0,428,2928                            
2026-10-06T20:23:50.671	TEL,689,S3,328921725,0,0,0,428,2928                            
2026-10-06T20:23:50.671	TEL,690,S3,328931725,0,0,0,428,2928                            
2026-10-06T20:23:50.671	TEL,691,S3,328941725,0,0,0,425,2925                            
2026-10-06T20:23:50.671	TEL,692,S3,328951725,0,0,0,419,2925                            
2026-10-06T20:23:50.671	TEL,693,S3,328961725,0,0,0,425,2930                            
2026-10-06T20:23:50.671	TEL,694,S3,328971725,0,0,0,430,2930                            
2026-10-06T20:23:50.671	TEL,695,S3,328981725,0,0,0,430,2930                            
2026-10-06T20:23:50.671	TEL,696,S3,328991725,0,0,0,430,2930                            
2026-10-06T20:23:50.671	TEL,697,S3,329001725,0,0,0,430,2928                            
2026-10-06T20:23:50.671	TEL,698,S3,329011725,0,0,0,428,2928                            
2026-10-06T20:23:50.671	TEL,699,S3,329021725,0,0,0,428,2930                            
2026-10-06T20:23:50.671	TEL,700,S3,329031725,0,0,0,430,2930                            
2026-10-06T20:23:50.671	TEL,701,S3,329041725,0,0,0,430,2930                            
2026-10-06T20:23:50.671	TEL,702,S3,329051725,0,0,0,430,2930                            
2026-10-06T20:23:50.671	TEL,703,S3,329061725,0,0,0,430,2930                            
2026-10-06T20:23:50.671	TEL,704,S3,329071725,0,0,0,428,2930                            
2026-10-06T20:23:50.671	TEL,705,S3,329081725,0,0,0,428,2930                            
2026-10-06T20:23:50.671	TEL,706,S3,329091725,0,0,0,425,2930                            
2026-10-06T20:23:50.671	TEL,707,S3,329101725,0,0,0,422,2928                            
2026-10-06T20:23:50.671	TEL,708,S3,329111725,0,0,0,430,2928                            
2026-10-06T20:23:50.671	TEL,709,S3,329121725,0,0,0,428,2927                            
2026-10-06T20:23:50.671	TEL,710,S3,329131725,0,0,0,428,2927                            
2026-10-06T20:23:50.671	TEL,711,S3,329141725,0,0,0,430,2930                            
2026-10-06T20:23:50.671	TEL,712,S3,329151725,0,0,0,430,2930                            
2026-10-06T20:23:50.671	TEL,713,S3,329161725,0,0,0,430,2930                            
2026-10-06T20:23:50.671	TEL,714,S3,329171725,0,0,0,433,2930                            
2026-10-06T20:23:50.671	TEL,715,S3,329181725,0,0,0,433,2930                            
2026-10-06T20:23:50.671	TEL,716,S3,329191725,0,0,0,425,2930                            
2026-10-06T20:23:50.674	TEL,717,S3,329201725,0,0,0,425,2930                            
2026-10-06T20:23:50.674	TEL,718,S3,329211725,0,0,0,425,2930                            
2026-10-06T20:23:50.674	TEL,719,S3,329221725,0,0,0,422,2928                            
2026-10-06T20:23:50.674	TEL,720,S3,329231725,0,0,0,422,2928                            
2026-10-06T20:23:50.674	TEL,721,S3,329241725,0,0,0,422,2928                            
2026-10-06T20:23:50.674	TEL,722,S3,329251725,0,0,0,425,2928                            
2026-10-06T20:23:50.674	TEL,723,S3,329261725,0,0,0,422,2925                            
2026-10-06T20:23:50.674	TEL,724,S3,329271725,0,0,0,422,2925                            
2026-10-06T20:23:50.674	TEL,725,S3,329281725,0,0,0,425,2928                            
2026-10-06T20:23:50.674	TEL,726,S3,329291725,0,0,0,425,2928                            
2026-10-06T20:23:50.674	TEL,727,S3,329301725,0,0,0,428,2930                            
2026-10-06T20:23:50.674	TEL,728,S3,329311725,0,0,0,430,2930                            
2026-10-06T20:23:50.674	TEL,729,S3,329321725,0,0,0,430,2928                            
2026-10-06T20:23:50.674	TEL,730,S3,329331725,0,0,0,439,2928                            
2026-10-06T20:23:50.674	TEL,731,S3,329341725,0,0,0,439,2928                            
2026-10-06T20:23:50.674	TEL,732,S3,329351725,0,0,0,430,2928                            
2026-10-06T20:23:50.674	TEL,733,S3,329361725,0,0,0,430,2930                            
2026-10-06T20:23:50.674	TEL,734,S3,329371725,0,0,0,428,2930                            
2026-10-06T20:23:50.674	TEL,735,S3,329381725,0,0,0,428,2930                            
2026-10-06T20:23:50.674	TEL,736,S3,329391725,0,0,0,425,2930                            
2026-10-06T20:23:50.674	TEL,737,S3,329401725,0,0,0,425,2930                            
2026-10-06T20:23:50.674	TEL,738,S3,329411725,0,0,0,430,2930                            
2026-10-06T20:23:50.674	TEL,739,S3,329421725,0,0,0,430,2930                            
2026-10-06T20:23:50.674	TEL,740,S3,329431725,0,0,0,428,2930                            
2026-10-06T20:23:51.283	TEL,741,S3,329441725,0,0,0,428,2930                            
2026-10-06T20:23:51.283	TEL,742,S3,329451725,0,0,0,430,2930                            
2026-10-06T20:23:51.283	TEL,743,S3,329461725,0,0,0,430,2928                            
2026-10-06T20:23:51.283	TEL,744,S3,329471725,0,0,0,425,2928                            
2026-10-06T20:23:51.283	TEL,745,S3,329481725,0,0,0,428,2930                            
2026-10-06T20:23:51.283	TEL,746,S3,329491725,0,0,0,430,2930                            
2026-10-06T20:23:51.283	TEL,747,S3,329501725,0,0,0,430,2930                            
2026-10-06T20:23:51.283	TEL,748,S3,329511725,0,0,0,428,2930                            
2026-10-06T20:23:51.283	TEL,749,S3,329521725,0,0,0,428,2930                            
2026-10-06T20:23:51.283	TEL,750,S3,329531725,0,0,0,425,2930                            
2026-10-06T20:23:51.283	TEL,751,S3,329541725,0,0,0,422,2928                            
2026-10-06T20:23:51.283	TEL,752,S3,329551725,0,0,0,430,2928                            
2026-10-06T20:23:51.283	TEL,753,S3,329561725,0,0,0,430,2928                            
2026-10-06T20:23:51.283	TEL,754,S3,329571725,0,0,0,430,2928                            
2026-10-06T20:23:51.283	TEL,755,S3,329581725,0,0,0,430,2930                            
2026-10-06T20:23:51.283	TEL,756,S3,329591725,0,0,0,419,2930                            
2026-10-06T20:23:51.283	TEL,757,S3,329601725,0,0,0,419,2930                            
2026-10-06T20:23:51.283	TEL,758,S3,329611725,0,0,0,428,2930                            
2026-10-06T20:23:51.283	TEL,759,S3,329621725,0,0,0,428,2930                            
2026-10-06T20:23:51.283	TEL,760,S3,329631725,0,0,0,425,2930                            
2026-10-06T20:23:51.283	TEL,761,S3,329641725,0,0,0,422,2928                            
2026-10-06T20:23:51.283	TEL,762,S3,329651725,0,0,0,428,2928                            
2026-10-06T20:23:51.283	TEL,763,S3,329661725,0,0,0,428,2928                            
2026-10-06T20:23:51.283	TEL,764,S3,329671725,0,0,0,430,2928                            
2026-10-06T20:23:51.283	TEL,765,S3,329681725,0,0,0,425,2923                            
2026-10-06T20:23:51.283	TEL,766,S3,329691725,0,0,0,422,2923                            
2026-10-06T20:23:51.283	TEL,767,S3,329701725,0,0,0,428,2930                            
2026-10-06T20:23:51.283	TEL,768,S3,329711725,0,0,0,430,2930                            
2026-10-06T20:23:51.283	BTN,4,S3,PRESSED,329713906,329713913                           
2026-10-06T20:23:51.283	TEL,769,S3,329721725,0,0,0,430,2930                            
2026-10-06T20:23:51.283	TEL,770,S3,329731725,0,0,0,428,2930                            
2026-10-06T20:23:51.283	TEL,771,S3,329741725,0,0,0,428,2930                            
2026-10-06T20:23:51.283	TEL,772,S3,329751725,0,0,0,439,2930                            
2026-10-06T20:23:51.283	TEL,773,S3,329761725,0,0,0,439,2930                            
2026-10-06T20:23:51.283	TEL,774,S3,329771725,0,0,0,428,2930                            
2026-10-06T20:23:51.283	TEL,775,S3,329781725,0,0,0,428,2930                            
2026-10-06T20:23:51.283	TEL,776,S3,329791725,0,0,0,410,2930                            
2026-10-06T20:23:51.283	TEL,777,S3,329801725,0,0,0,404,2923                            
2026-10-06T20:23:51.283	TEL,778,S3,329811725,0,0,0,430,2923                            
2026-10-06T20:23:51.283	TEL,779,S3,329821725,0,0,0,436,2928                            
2026-10-06T20:23:51.283	TEL,780,S3,329831725,0,0,0,422,2928                            
2026-10-06T20:23:51.283	TEL,781,S3,329841725,0,0,0,422,2928                            
2026-10-06T20:23:51.283	TEL,782,S3,329851725,0,0,0,428,2928                            
2026-10-06T20:23:51.283	TEL,783,S3,329861725,0,0,0,428,2928                            
2026-10-06T20:23:51.283	TEL,784,S3,329871725,0,0,0,433,2928                            
2026-10-06T20:23:51.283	TEL,785,S3,329881725,0,0,0,433,2928                            
2026-10-06T20:23:51.283	TEL,786,S3,329891725,0,0,0,430,2928                            
2026-10-06T20:23:51.283	TEL,787,S3,329901725,0,0,0,430,2930                            
2026-10-06T20:23:51.283	TEL,788,S3,329911725,0,0,0,436,2930                            
2026-10-06T20:23:51.283	TEL,789,S3,329921725,0,0,0,436,2930                            
2026-10-06T20:23:51.283	TEL,790,S3,329931725,0,0,0,425,2930                            
2026-10-06T20:23:51.283	TEL,791,S3,329941725,0,0,0,425,2930                            
2026-10-06T20:23:51.283	TEL,792,S3,329951725,0,0,0,433,2930                            
2026-10-06T20:23:51.283	TEL,793,S3,329961725,0,0,0,433,2928                            
2026-10-06T20:23:51.283	TEL,794,S3,329971725,0,0,0,425,2928                            
2026-10-06T20:23:51.283	TEL,795,S3,329981725,0,0,0,428,2930                            
2026-10-06T20:23:51.283	TEL,796,S3,329991725,0,0,0,419,2930                            
2026-10-06T20:23:51.283	TEL,797,S3,330001725,0,0,0,419,2930                            
2026-10-06T20:23:51.283	TEL,798,S3,330011725,0,0,0,430,2930                            
2026-10-06T20:23:51.283	TEL,799,S3,330021725,0,0,0,430,2928                            
2026-10-06T20:23:51.283	TEL,800,S3,330031725,0,0,0,433,2928                            
2026-10-06T20:23:51.283	TEL,801,S3,330041725,0,0,0,433,2928                            
2026-10-06T20:23:51.891	TEL,802,S3,330051725,0,0,0,436,2928                            
2026-10-06T20:23:51.891	TEL,803,S3,330061725,0,0,0,436,2930                            
2026-10-06T20:23:51.891	TEL,804,S3,330071725,0,0,0,428,2930                            
2026-10-06T20:23:51.891	TEL,805,S3,330081725,0,0,0,425,2928                            
2026-10-06T20:23:51.891	TEL,806,S3,330091725,0,0,0,430,2928                            
2026-10-06T20:23:51.891	TEL,807,S3,330101725,0,0,0,430,2930                            
2026-10-06T20:23:51.891	TEL,808,S3,330111725,0,0,0,428,2930                            
2026-10-06T20:23:51.891	TEL,809,S3,330121725,0,0,0,428,2930                            
2026-10-06T20:23:51.891	TEL,810,S3,330131725,0,0,0,425,2930                            
2026-10-06T20:23:51.891	TEL,811,S3,330141725,0,0,0,422,2928                            
2026-10-06T20:23:51.891	TEL,812,S3,330151725,0,0,0,430,2928                            
2026-10-06T20:23:51.891	TEL,813,S3,330161725,0,0,0,430,2928                            
2026-10-06T20:23:51.891	TEL,814,S3,330171725,0,0,0,430,2928                            
2026-10-06T20:23:51.891	TEL,815,S3,330181725,0,0,0,430,2930                            
2026-10-06T20:23:51.891	TEL,816,S3,330191725,0,0,0,430,2930                            
2026-10-06T20:23:51.891	TEL,817,S3,330201725,0,0,0,430,2930                            
2026-10-06T20:23:51.891	TEL,818,S3,330211725,0,0,0,433,2930                            
2026-10-06T20:23:51.891	TEL,819,S3,330221725,0,0,0,433,2930                            
2026-10-06T20:23:51.891	TEL,820,S3,330231725,0,0,0,430,2930                            
2026-10-06T20:23:51.891	TEL,821,S3,330241725,0,0,0,430,2930                            
2026-10-06T20:23:51.891	TEL,822,S3,330251725,0,0,0,430,2930                            
2026-10-06T20:23:51.891	TEL,823,S3,330261725,0,0,0,430,2928                            
2026-10-06T20:23:51.891	TEL,824,S3,330271725,0,0,0,433,2928                            
2026-10-06T20:23:51.891	TEL,825,S3,330281725,0,0,0,433,2930                            
2026-10-06T20:23:51.891	TEL,826,S3,330291725,0,0,0,428,2930                            
2026-10-06T20:23:51.891	TEL,827,S3,330301725,0,0,0,428,2930                            
2026-10-06T20:23:51.891	TEL,828,S3,330311725,0,0,0,430,2930                            
2026-10-06T20:23:51.891	TEL,829,S3,330321725,0,0,0,433,2932                            
2026-10-06T20:23:51.891	TEL,830,S3,330331725,0,0,0,430,2932                            
2026-10-06T20:23:51.891	BTN,5,S3,PRESSED,330339911,330339918                           
2026-10-06T20:23:51.891	TEL,831,S3,330341725,0,0,0,428,2928                            
2026-10-06T20:23:51.891	TEL,832,S3,330351725,0,0,0,413,2928                            
2026-10-06T20:23:51.891	TEL,833,S3,330361725,0,0,0,422,2937                            
2026-10-06T20:23:51.891	TEL,834,S3,330371725,0,0,0,436,2937                            
2026-10-06T20:23:51.891	TEL,835,S3,330381725,0,0,0,428,2928                            
2026-10-06T20:23:51.891	TEL,836,S3,330391725,0,0,0,430,2928                            
2026-10-06T20:23:51.891	TEL,837,S3,330401725,0,0,0,430,2930                            
2026-10-06T20:23:51.891	TEL,838,S3,330411725,0,0,0,430,2930                            
2026-10-06T20:23:51.891	TEL,839,S3,330421725,0,0,0,430,2928                            
2026-10-06T20:23:51.891	TEL,840,S3,330431725,0,0,0,410,2928                            
2026-10-06T20:23:51.891	TEL,841,S3,330441725,0,0,0,410,2930                            
2026-10-06T20:23:51.891	TEL,842,S3,330451725,0,0,0,428,2930                            
2026-10-06T20:23:51.891	TEL,843,S3,330461725,0,0,0,425,2927                            
2026-10-06T20:23:51.891	TEL,844,S3,330471725,0,0,0,425,2927                            
2026-10-06T20:23:51.891	TEL,845,S3,330481725,0,0,0,428,2928                            
2026-10-06T20:23:51.891	TEL,846,S3,330491725,0,0,0,428,2928                            
2026-10-06T20:23:51.891	TEL,847,S3,330501725,0,0,0,428,2930                            
2026-10-06T20:23:51.891	TEL,848,S3,330511725,0,0,0,428,2930                            
2026-10-06T20:23:51.891	TEL,849,S3,330521725,0,0,0,428,2928                            
2026-10-06T20:23:51.891	TEL,850,S3,330531725,0,0,0,422,2928                            
2026-10-06T20:23:51.891	TEL,851,S3,330541725,0,0,0,422,2928                            
2026-10-06T20:23:51.891	TEL,852,S3,330551725,0,0,0,422,2928                            
2026-10-06T20:23:51.891	TEL,853,S3,330561725,0,0,0,422,2928                            
2026-10-06T20:23:51.891	TEL,854,S3,330571725,0,0,0,442,2928                            
2026-10-06T20:23:51.891	TEL,855,S3,330581725,0,0,0,445,2930                            
2026-10-06T20:23:51.891	TEL,856,S3,330591725,0,0,0,430,2930                            
2026-10-06T20:23:51.891	TEL,857,S3,330601725,0,0,0,430,2928                            
2026-10-06T20:23:51.891	TEL,858,S3,330611725,0,0,0,428,2928                            
2026-10-06T20:23:51.891	TEL,859,S3,330621725,0,0,0,428,2928                            
2026-10-06T20:23:51.891	TEL,860,S3,330631725,0,0,0,430,2928                            
2026-10-06T20:23:51.891	TEL,861,S3,330641725,0,0,0,428,2927                            
2026-10-06T20:23:51.891	TEL,862,S3,330651725,0,0,0,425,2927                            
2026-10-06T20:23:52.501	TEL,863,S3,330661725,0,0,0,428,2928                            
2026-10-06T20:23:52.501	TEL,864,S3,330671725,0,0,0,422,2928                            
2026-10-06T20:23:52.501	TEL,865,S3,330681725,0,0,0,422,2928                            
2026-10-06T20:23:52.501	TEL,866,S3,330691725,0,0,0,430,2928                            
2026-10-06T20:23:52.501	TEL,867,S3,330701725,0,0,0,430,2930                            
2026-10-06T20:23:52.501	TEL,868,S3,330711725,0,0,0,430,2930                            
2026-10-06T20:23:52.501	TEL,869,S3,330721725,0,0,0,430,2928                            
2026-10-06T20:23:52.501	TEL,870,S3,330731725,0,0,0,436,2928                            
2026-10-06T20:23:52.501	TEL,871,S3,330741725,0,0,0,436,2928                            
2026-10-06T20:23:52.501	TEL,872,S3,330751725,0,0,0,430,2928                            
2026-10-06T20:23:52.501	TEL,873,S3,330761725,0,0,0,430,2930                            
2026-10-06T20:23:52.501	TEL,874,S3,330771725,0,0,0,430,2930                            
2026-10-06T20:23:52.501	TEL,875,S3,330781725,0,0,0,433,2932                            
2026-10-06T20:23:52.501	TEL,876,S3,330791725,0,0,0,428,2932                            
2026-10-06T20:23:52.501	TEL,877,S3,330801725,0,0,0,428,2932                            
2026-10-06T20:23:52.501	TEL,878,S3,330811725,0,0,0,430,2932                            
2026-10-06T20:23:52.501	TEL,879,S3,330821725,0,0,0,428,2928                            
2026-10-06T20:23:52.501	TEL,880,S3,330831725,0,0,0,422,2928                            
2026-10-06T20:23:52.501	TEL,881,S3,330841725,0,0,0,422,2928                            
2026-10-06T20:23:52.501	TEL,882,S3,330851725,0,0,0,422,2928                            
2026-10-06T20:23:52.501	TEL,883,S3,330861725,0,0,0,422,2928                            
2026-10-06T20:23:52.501	TEL,884,S3,330871725,0,0,0,425,2928                            
2026-10-06T20:23:52.501	TEL,885,S3,330881725,0,0,0,422,2925                            
2026-10-06T20:23:52.501	BTN,6,S3,PRESSED,330885916,330885924                           
2026-10-06T20:23:52.501	TEL,886,S3,330891725,0,0,0,425,2925                            
2026-10-06T20:23:52.501	TEL,887,S3,330901725,0,0,0,428,2930                            
2026-10-06T20:23:52.501	TEL,888,S3,330911725,0,0,0,430,2930                            
2026-10-06T20:23:52.501	TEL,889,S3,330921725,0,0,0,430,2930                            
2026-10-06T20:23:52.501	TEL,890,S3,330931725,0,0,0,428,2930                            
2026-10-06T20:23:52.501	TEL,891,S3,330941725,0,0,0,425,2928                            
2026-10-06T20:23:52.501	TEL,892,S3,330951725,0,0,0,428,2928                            
2026-10-06T20:23:52.501	TEL,893,S3,330961725,0,0,0,428,2928                            
2026-10-06T20:23:52.501	TEL,894,S3,330971725,0,0,0,430,2928                            
2026-10-06T20:23:52.501	TEL,895,S3,330981725,0,0,0,430,2930                            
2026-10-06T20:23:52.501	TEL,896,S3,330991725,0,0,0,413,2930                            
2026-10-06T20:23:52.501	TEL,897,S3,331001725,0,0,0,413,2930                            
2026-10-06T20:23:52.501	TEL,898,S3,331011725,0,0,0,428,2930                            
2026-10-06T20:23:52.501	TEL,899,S3,331021725,0,0,0,425,2925                            
2026-10-06T20:23:52.501	TEL,900,S3,331031725,0,0,0,428,2925                            
2026-10-06T20:23:52.501	TEL,901,S3,331041725,0,0,0,430,2928                            
2026-10-06T20:23:52.501	TEL,902,S3,331051725,0,0,0,430,2928                            
2026-10-06T20:23:52.501	TEL,903,S3,331061725,0,0,0,430,2930                            
2026-10-06T20:23:52.501	TEL,904,S3,331071725,0,0,0,428,2930                            
2026-10-06T20:23:52.501	TEL,905,S3,331081725,0,0,0,428,2930                            
2026-10-06T20:23:52.501	TEL,906,S3,331091725,0,0,0,430,2930                            
2026-10-06T20:23:52.501	TEL,907,S3,331101725,0,0,0,430,2930                            
2026-10-06T20:23:52.501	TEL,908,S3,331111725,0,0,0,430,2930                            
2026-10-06T20:23:52.501	TEL,909,S3,331121725,0,0,0,430,2930                            
2026-10-06T20:23:52.501	TEL,910,S3,331131725,0,0,0,428,2930                            
2026-10-06T20:23:52.501	TEL,911,S3,331141725,0,0,0,428,2930                            
2026-10-06T20:23:52.501	TEL,912,S3,331151725,0,0,0,430,2930                            
2026-10-06T20:23:52.501	TEL,913,S3,331161725,0,0,0,430,2928                            
2026-10-06T20:23:52.501	TEL,914,S3,331171725,0,0,0,430,2928                            
2026-10-06T20:23:52.501	TEL,915,S3,331181725,0,0,0,430,2928                            
2026-10-06T20:23:52.501	TEL,916,S3,331191725,0,0,0,425,2928                            
2026-10-06T20:23:52.501	TEL,917,S3,331201725,0,0,0,428,2932                            
2026-10-06T20:23:52.501	TEL,918,S3,331211725,0,0,0,425,2932                            
2026-10-06T20:23:52.501	TEL,919,S3,331221725,0,0,0,425,2930                            
2026-10-06T20:23:52.501	TEL,920,S3,331231725,0,0,0,428,2930                            
2026-10-06T20:23:52.501	TEL,921,S3,331241725,0,0,0,425,2928                            
2026-10-06T20:23:52.501	TEL,922,S3,331251725,0,0,0,422,2928                            
2026-10-06T20:23:52.501	TEL,923,S3,331261725,0,0,0,425,2930                            
2026-10-06T20:23:53.113	TEL,924,S3,331271725,0,0,0,425,2930                            
2026-10-06T20:23:53.113	TEL,925,S3,331281725,0,0,0,425,2930                            
2026-10-06T20:23:53.113	TEL,926,S3,331291725,0,0,0,430,2930                            
2026-10-06T20:23:53.113	TEL,927,S3,331301725,0,0,0,430,2930                            
2026-10-06T20:23:53.113	TEL,928,S3,331311725,0,0,0,410,2930                            
2026-10-06T20:23:53.113	TEL,929,S3,331321725,0,0,0,410,2930                            
2026-10-06T20:23:53.113	TEL,930,S3,331331725,0,0,0,430,2930                            
2026-10-06T20:23:53.113	TEL,931,S3,331341725,0,0,0,430,2928                            
2026-10-06T20:23:53.113	TEL,932,S3,331351725,0,0,0,428,2928                            
2026-10-06T20:23:53.113	TEL,933,S3,331361725,0,0,0,428,2928                            
2026-10-06T20:23:53.113	TEL,934,S3,331371725,0,0,0,425,2928                            
2026-10-06T20:23:53.113	TEL,935,S3,331381725,0,0,0,428,2930                            
2026-10-06T20:23:53.113	TEL,936,S3,331391725,0,0,0,428,2930                            
2026-10-06T20:23:53.113	TEL,937,S3,331401725,0,0,0,428,2930                            
2026-10-06T20:23:53.113	TEL,938,S3,331411725,0,0,0,428,2930                            
2026-10-06T20:23:53.113	TEL,939,S3,331421725,0,0,0,428,2930                            
2026-10-06T20:23:53.113	TEL,940,S3,331431725,0,0,0,428,2930                            
2026-10-06T20:23:53.113	TEL,941,S3,331441725,0,0,0,428,2928                            
2026-10-06T20:23:53.113	TEL,942,S3,331451725,0,0,0,410,2928                            
2026-10-06T20:23:53.113	TEL,943,S3,331461725,0,0,0,410,2930                            
2026-10-06T20:23:53.113	TEL,944,S3,331471725,0,0,0,428,2930                            
2026-10-06T20:23:53.113	TEL,945,S3,331481725,0,0,0,430,2932                            
2026-10-06T20:23:53.113	TEL,946,S3,331491725,0,0,0,439,2932                            
2026-10-06T20:23:53.113	TEL,947,S3,331501725,0,0,0,436,2930                            
2026-10-06T20:23:53.113	TEL,948,S3,331511725,0,0,0,422,2930                            
2026-10-06T20:23:53.113	TEL,949,S3,331521725,0,0,0,419,2928                            
2026-10-06T20:23:53.113	TEL,950,S3,331531725,0,0,0,430,2928                            
2026-10-06T20:23:53.113	TEL,951,S3,331541725,0,0,0,430,2930                            
2026-10-06T20:23:53.113	TEL,952,S3,331551725,0,0,0,428,2930                            
2026-10-06T20:23:53.113	TEL,953,S3,331561725,0,0,0,425,2927                            
2026-10-06T20:23:53.113	TEL,954,S3,331571725,0,0,0,425,2927                            
2026-10-06T20:23:53.113	TEL,955,S3,331581725,0,0,0,428,2928                            
2026-10-06T20:23:53.113	TEL,956,S3,331591725,0,0,0,425,2928                            
2026-10-06T20:23:53.113	TEL,957,S3,331601725,0,0,0,428,2930                            
2026-10-06T20:23:53.113	TEL,958,S3,331611725,0,0,0,433,2930                            
2026-10-06T20:23:53.113	TEL,959,S3,331621725,0,0,0,433,2928                            
2026-10-06T20:23:53.113	TEL,960,S3,331631725,0,0,0,428,2928                            
2026-10-06T20:23:53.114	TEL,961,S3,331641725,0,0,0,428,2930                            
2026-10-06T20:23:53.114	BTN,7,S3,PRESSED,331646922,331646929                           
2026-10-06T20:23:53.114	TEL,962,S3,331651725,0,0,0,428,2930                            
2026-10-06T20:23:53.114	TEL,963,S3,331661725,0,0,0,428,2932                            
2026-10-06T20:23:53.114	TEL,964,S3,331671725,0,0,0,433,2932                            
2026-10-06T20:23:53.114	TEL,965,S3,331681725,0,0,0,430,2928                            
2026-10-06T20:23:53.114	TEL,966,S3,331691725,0,0,0,430,2928                            
2026-10-06T20:23:53.114	TEL,967,S3,331701725,0,0,0,430,2928                            
2026-10-06T20:23:53.114	TEL,968,S3,331711725,0,0,0,430,2928                            
2026-10-06T20:23:53.114	TEL,969,S3,331721725,0,0,0,430,2928                            
2026-10-06T20:23:53.114	TEL,970,S3,331731725,0,0,0,430,2928                            
2026-10-06T20:23:53.114	TEL,971,S3,331741725,0,0,0,430,2928                            
2026-10-06T20:23:53.114	TEL,972,S3,331751725,0,0,0,430,2928                            
2026-10-06T20:23:53.114	TEL,973,S3,331761725,0,0,0,430,2930                            
2026-10-06T20:23:53.114	TEL,974,S3,331771725,0,0,0,428,2930                            
2026-10-06T20:23:53.114	TEL,975,S3,331781725,0,0,0,428,2930                            
2026-10-06T20:23:53.114	TEL,976,S3,331791725,0,0,0,430,2930                            
2026-10-06T20:23:53.114	TEL,977,S3,331801725,0,0,0,430,2928                            
2026-10-06T20:23:53.114	TEL,978,S3,331811725,0,0,0,425,2928                            
2026-10-06T20:23:53.114	TEL,979,S3,331821725,0,0,0,425,2928                            
2026-10-06T20:23:53.114	TEL,980,S3,331831725,0,0,0,430,2928                            
2026-10-06T20:23:53.114	TEL,981,S3,331841725,0,0,0,430,2930                            
2026-10-06T20:23:53.114	TEL,982,S3,331851725,0,0,0,428,2930                            
2026-10-06T20:23:53.114	TEL,983,S3,331861725,0,0,0,428,2928                            
2026-10-06T20:23:53.114	TEL,984,S3,331871725,0,0,0,430,2928                            
2026-10-06T20:23:53.723	TEL,985,S3,331881725,0,0,0,430,2928                            
2026-10-06T20:23:53.723	TEL,986,S3,331891725,0,0,0,422,2928                            
2026-10-06T20:23:53.723	TEL,987,S3,331901725,0,0,0,425,2930                            
2026-10-06T20:23:53.723	TEL,988,S3,331911725,0,0,0,410,2930                            
2026-10-06T20:23:53.723	TEL,989,S3,331921725,0,0,0,404,2923                            
2026-10-06T20:23:53.723	TEL,990,S3,331931725,0,0,0,422,2923                            
2026-10-06T20:23:53.723	TEL,991,S3,331941725,0,0,0,428,2928                            
2026-10-06T20:23:53.723	TEL,992,S3,331951725,0,0,0,425,2928                            
2026-10-06T20:23:53.723	TEL,993,S3,331961725,0,0,0,425,2928                            
2026-10-06T20:23:53.723	TEL,994,S3,331971725,0,0,0,428,2928                            
2026-10-06T20:23:53.723	TEL,995,S3,331981725,0,0,0,428,2930                            
2026-10-06T20:23:53.723	TEL,996,S3,331991725,0,0,0,428,2930                            
2026-10-06T20:23:53.723	TEL,997,S3,332001725,0,0,0,428,2930                            
2026-10-06T20:23:53.723	TEL,998,S3,332011725,0,0,0,425,2930                            
2026-10-06T20:23:53.723	TEL,999,S3,332021725,0,0,0,425,2930                            
2026-10-06T20:23:53.723	TEL,1000,S3,332031725,0,0,0,410,2930                           
2026-10-06T20:23:53.723	TEL,1001,S3,332041725,0,0,0,413,2932                           
2026-10-06T20:23:53.723	TEL,1002,S3,332051725,0,0,0,430,2932                           
2026-10-06T20:23:53.723	TEL,1003,S3,332061725,0,0,0,428,2928                           
2026-10-06T20:23:53.723	TEL,1004,S3,332071725,0,0,0,422,2928                           
2026-10-06T20:23:53.723	TEL,1005,S3,332081725,0,0,0,425,2932                           
2026-10-06T20:23:53.723	TEL,1006,S3,332091725,0,0,0,433,2932                           
2026-10-06T20:23:53.723	TEL,1007,S3,332101725,0,0,0,430,2928                           
2026-10-06T20:23:53.723	TEL,1008,S3,332111725,0,0,0,428,2928                           
2026-10-06T20:23:53.723	TEL,1009,S3,332121725,0,0,0,428,2930                           
2026-10-06T20:23:53.723	TEL,1010,S3,332131725,0,0,0,430,2930                           
2026-10-06T20:23:53.723	TEL,1011,S3,332141725,0,0,0,430,2928                           
2026-10-06T20:23:53.723	TEL,1012,S3,332151725,0,0,0,428,2928                           
2026-10-06T20:23:53.723	TEL,1013,S3,332161725,0,0,0,430,2932                           
2026-10-06T20:23:53.723	TEL,1014,S3,332171725,0,0,0,428,2932                           
2026-10-06T20:23:53.723	TEL,1015,S3,332181725,0,0,0,430,2933                           
2026-10-06T20:23:53.723	TEL,1016,S3,332191725,0,0,0,430,2933                           
2026-10-06T20:23:53.723	BTN,8,S3,PRESSED,332193927,332193935                           
2026-10-06T20:23:53.723	TEL,1017,S3,332201725,0,0,0,428,2932                           
2026-10-06T20:23:53.723	TEL,1018,S3,332211725,0,0,0,425,2932                           
2026-10-06T20:23:53.723	TEL,1019,S3,332221725,0,0,0,425,2930                           
2026-10-06T20:23:53.723	TEL,1020,S3,332231725,0,0,0,428,2930                           
2026-10-06T20:23:53.723	TEL,1021,S3,332241725,0,0,0,428,2932                           
2026-10-06T20:23:53.723	TEL,1022,S3,332251725,0,0,0,430,2932                           
2026-10-06T20:23:53.723	TEL,1023,S3,332261725,0,0,0,428,2928                           
2026-10-06T20:23:53.723	TEL,1024,S3,332271725,0,0,0,428,2928                           
2026-10-06T20:23:53.723	TEL,1025,S3,332281725,0,0,0,430,2932                           
2026-10-06T20:23:53.723	TEL,1026,S3,332291725,0,0,0,430,2932                           
2026-10-06T20:23:53.723	TEL,1027,S3,332301725,0,0,0,430,2932                           
2026-10-06T20:23:53.723	TEL,1028,S3,332311725,0,0,0,430,2932                           
2026-10-06T20:23:53.723	TEL,1029,S3,332321725,0,0,0,430,2932                           
2026-10-06T20:23:53.723	TEL,1030,S3,332331725,0,0,0,430,2932                           
2026-10-06T20:23:53.723	TEL,1031,S3,332341725,0,0,0,428,2928                           
2026-10-06T20:23:53.723	TEL,1032,S3,332351725,0,0,0,428,2928                           
2026-10-06T20:23:53.723	TEL,1033,S3,332361725,0,0,0,430,2932                           
2026-10-06T20:23:53.723	TEL,1034,S3,332371725,0,0,0,430,2932                           
2026-10-06T20:23:53.723	TEL,1035,S3,332381725,0,0,0,430,2932                           
2026-10-06T20:23:53.723	TEL,1036,S3,332391725,0,0,0,430,2932                           
2026-10-06T20:23:53.723	TEL,1037,S3,332401725,0,0,0,428,2928                           
2026-10-06T20:23:53.723	TEL,1038,S3,332411725,0,0,0,428,2928                           
2026-10-06T20:23:53.723	TEL,1039,S3,332421725,0,0,0,428,2928                           
2026-10-06T20:23:53.723	TEL,1040,S3,332431725,0,0,0,428,2928                           
2026-10-06T20:23:53.723	TEL,1041,S3,332441725,0,0,0,428,2928                           
2026-10-06T20:23:53.723	TEL,1042,S3,332451725,0,0,0,428,2928                           
2026-10-06T20:23:53.723	TEL,1043,S3,332461725,0,0,0,428,2928                           
2026-10-06T20:23:53.723	TEL,1044,S3,332471725,0,0,0,428,2928                           
2026-10-06T20:23:53.723	TEL,1045,S3,332481725,0,0,0,428,2930                           
2026-10-06T20:23:54.333	TEL,1046,S3,332491725,0,0,0,425,2930                           
2026-10-06T20:23:54.333	TEL,1047,S3,332501725,0,0,0,428,2933                           
2026-10-06T20:23:54.333	TEL,1048,S3,332511725,0,0,0,433,2933                           
2026-10-06T20:23:54.333	TEL,1049,S3,332521725,0,0,0,430,2932                           
2026-10-06T20:23:54.333	TEL,1050,S3,332531725,0,0,0,433,2932                           
2026-10-06T20:23:54.333	TEL,1051,S3,332541725,0,0,0,430,2928                           
2026-10-06T20:23:54.333	TEL,1052,S3,332551725,0,0,0,425,2928                           
2026-10-06T20:23:54.333	TEL,1053,S3,332561725,0,0,0,430,2933                           
2026-10-06T20:23:54.333	TEL,1054,S3,332571725,0,0,0,430,2933                           
2026-10-06T20:23:54.333	TEL,1055,S3,332581725,0,0,0,425,2928                           
2026-10-06T20:23:54.333	TEL,1056,S3,332591725,0,0,0,428,2928                           
2026-10-06T20:23:54.333	TEL,1057,S3,332601725,0,0,0,428,2928                           
2026-10-06T20:23:54.333	TEL,1058,S3,332611725,0,0,0,425,2928                           
2026-10-06T20:23:54.333	TEL,1059,S3,332621725,0,0,0,428,2930                           
2026-10-06T20:23:54.333	TEL,1060,S3,332631725,0,0,0,428,2930                           
2026-10-06T20:23:54.333	TEL,1061,S3,332641725,0,0,0,428,2928                           
2026-10-06T20:23:54.333	TEL,1062,S3,332651725,0,0,0,428,2928                           
2026-10-06T20:23:54.333	TEL,1063,S3,332661725,0,0,0,428,2928                           
2026-10-06T20:23:54.333	TEL,1064,S3,332671725,0,0,0,430,2928                           
2026-10-06T20:23:54.333	TEL,1065,S3,332681725,0,0,0,433,2932                           
2026-10-06T20:23:54.333	TEL,1066,S3,332691725,0,0,0,430,2932                           
2026-10-06T20:23:54.333	TEL,1067,S3,332701725,0,0,0,430,2932                           
2026-10-06T20:23:54.333	TEL,1068,S3,332711725,0,0,0,425,2932                           
2026-10-06T20:23:54.333	TEL,1069,S3,332721725,0,0,0,425,2932                           
2026-10-06T20:23:54.333	TEL,1070,S3,332731725,0,0,0,430,2932                           
2026-10-06T20:23:54.333	TEL,1071,S3,332741725,0,0,0,428,2928                           
2026-10-06T20:23:54.333	TEL,1072,S3,332751725,0,0,0,428,2928                           
2026-10-06T20:23:54.333	TEL,1073,S3,332761725,0,0,0,428,2928                           
2026-10-06T20:23:54.333	TEL,1074,S3,332771725,0,0,0,428,2928                           
2026-10-06T20:23:54.333	TEL,1075,S3,332781725,0,0,0,428,2930                           
2026-10-06T20:23:54.333	TEL,1076,S3,332791725,0,0,0,428,2930                           
2026-10-06T20:23:54.333	TEL,1077,S3,332801725,0,0,0,428,2928                           
2026-10-06T20:23:54.333	TEL,1078,S3,332811725,0,0,0,428,2928                           
2026-10-06T20:23:54.333	TEL,1079,S3,332821725,0,0,0,428,2928                           
2026-10-06T20:23:54.333	TEL,1080,S3,332831725,0,0,0,430,2928                           
2026-10-06T20:23:54.333	TEL,1081,S3,332841725,0,0,0,430,2928                           
2026-10-06T20:23:54.333	TEL,1082,S3,332851725,0,0,0,428,2928                           
2026-10-06T20:23:54.333	TEL,1083,S3,332861725,0,0,0,430,2932                           
2026-10-06T20:23:54.333	TEL,1084,S3,332871725,0,0,0,430,2932                           
2026-10-06T20:23:54.333	TEL,1085,S3,332881725,0,0,0,430,2932                           
2026-10-06T20:23:54.333	TEL,1086,S3,332891725,0,0,0,430,2932                           
2026-10-06T20:23:54.333	TEL,1087,S3,332901725,0,0,0,430,2932                           
2026-10-06T20:23:54.333	TEL,1088,S3,332911725,0,0,0,430,2932                           
2026-10-06T20:23:54.333	TEL,1089,S3,332921725,0,0,0,430,2932                           
2026-10-06T20:23:54.333	TEL,1090,S3,332931725,0,0,0,430,2932                           
2026-10-06T20:23:54.333	TEL,1091,S3,332941725,0,0,0,428,2928                           
2026-10-06T20:23:54.333	TEL,1092,S3,332951725,0,0,0,428,2928                           
2026-10-06T20:23:54.333	TEL,1093,S3,332961725,0,0,0,428,2928                           
2026-10-06T20:23:54.333	TEL,1094,S3,332971725,0,0,0,422,2928                           
2026-10-06T20:23:54.333	TEL,1095,S3,332981725,0,0,0,422,2928                           
2026-10-06T20:23:54.333	TEL,1096,S3,332991725,0,0,0,428,2928                           
2026-10-06T20:23:54.333	TEL,1097,S3,333001725,0,0,0,428,2928                           
2026-10-06T20:23:54.333	TEL,1098,S3,333011725,0,0,0,425,2928                           
2026-10-06T20:23:54.333	TEL,1099,S3,333021725,0,0,0,428,2932                           
2026-10-06T20:23:54.333	TEL,1100,S3,333031725,0,0,0,430,2932                           
2026-10-06T20:23:54.333	TEL,1101,S3,333041725,0,0,0,433,2933                           
2026-10-06T20:23:54.333	TEL,1102,S3,333051725,0,0,0,433,2933                           
2026-10-06T20:23:54.333	TEL,1103,S3,333061725,0,0,0,430,2932                           
2026-10-06T20:23:54.333	TEL,1104,S3,333071725,0,0,0,428,2932                           
2026-10-06T20:23:54.333	TEL,1105,S3,333081725,0,0,0,422,2927                           
2026-10-06T20:23:54.333	BTN,9,S3,PRESSED,333088933,333088940                           
2026-10-06T20:23:54.333	TEL,1106,S3,333091725,0,0,0,425,2927                           
2026-10-06T20:23:54.943	TEL,1107,S3,333101725,0,0,0,428,2930                           
2026-10-06T20:23:54.943	TEL,1108,S3,333111725,0,0,0,428,2930                           
2026-10-06T20:23:54.943	TEL,1109,S3,333121725,0,0,0,430,2932                           
2026-10-06T20:23:54.943	TEL,1110,S3,333131725,0,0,0,430,2932                           
2026-10-06T20:23:54.944	TEL,1111,S3,333141725,0,0,0,428,2928                           
2026-10-06T20:23:54.944	TEL,1112,S3,333151725,0,0,0,430,2928                           
2026-10-06T20:23:54.944	TEL,1113,S3,333161725,0,0,0,433,2932                           
2026-10-06T20:23:54.944	TEL,1114,S3,333171725,0,0,0,428,2932                           
2026-10-06T20:23:54.944	TEL,1115,S3,333181725,0,0,0,425,2928                           
2026-10-06T20:23:54.944	TEL,1116,S3,333191725,0,0,0,433,2928                           
2026-10-06T20:23:54.944	TEL,1117,S3,333201725,0,0,0,436,2933                           
2026-10-06T20:23:54.944	TEL,1118,S3,333211725,0,0,0,433,2933                           
2026-10-06T20:23:54.944	TEL,1119,S3,333221725,0,0,0,428,2928                           
2026-10-06T20:23:54.944	TEL,1120,S3,333231725,0,0,0,430,2928                           
2026-10-06T20:23:54.944	TEL,1121,S3,333241725,0,0,0,430,2930                           
2026-10-06T20:23:54.944	TEL,1122,S3,333251725,0,0,0,430,2930                           
2026-10-06T20:23:54.944	TEL,1123,S3,333261725,0,0,0,430,2928                           
2026-10-06T20:23:54.944	TEL,1124,S3,333271725,0,0,0,428,2928                           
2026-10-06T20:23:54.944	TEL,1125,S3,333281725,0,0,0,428,2928                           
2026-10-06T20:23:54.944	TEL,1126,S3,333291725,0,0,0,428,2928                           
2026-10-06T20:23:54.944	TEL,1127,S3,333301725,0,0,0,428,2928                           
2026-10-06T20:23:54.944	TEL,1128,S3,333311725,0,0,0,428,2928                           
2026-10-06T20:23:54.944	TEL,1129,S3,333321725,0,0,0,430,2932                           
2026-10-06T20:23:54.944	TEL,1130,S3,333331725,0,0,0,430,2932                           
2026-10-06T20:23:54.944	TEL,1131,S3,333341725,0,0,0,428,2928                           
2026-10-06T20:23:54.944	TEL,1132,S3,333351725,0,0,0,428,2928                           
2026-10-06T20:23:54.944	TEL,1133,S3,333361725,0,0,0,428,2928                           
2026-10-06T20:23:54.944	TEL,1134,S3,333371725,0,0,0,428,2928                           
2026-10-06T20:23:54.944	TEL,1135,S3,333381725,0,0,0,430,2932                           
2026-10-06T20:23:54.944	TEL,1136,S3,333391725,0,0,0,425,2932                           
2026-10-06T20:23:54.944	TEL,1137,S3,333401725,0,0,0,425,2930                           
2026-10-06T20:23:54.944	TEL,1138,S3,333411725,0,0,0,428,2930                           
2026-10-06T20:23:54.944	TEL,1139,S3,333421725,0,0,0,430,2932                           
2026-10-06T20:23:54.944	TEL,1140,S3,333431725,0,0,0,430,2932                           
2026-10-06T20:23:54.944	TEL,1141,S3,333441725,0,0,0,430,2932                           
2026-10-06T20:23:54.944	TEL,1142,S3,333451725,0,0,0,430,2932                           
2026-10-06T20:23:54.944	TEL,1143,S3,333461725,0,0,0,428,2928                           
2026-10-06T20:23:54.944	TEL,1144,S3,333471725,0,0,0,428,2928                           
2026-10-06T20:23:54.944	TEL,1145,S3,333481725,0,0,0,428,2928                           
2026-10-06T20:23:54.944	TEL,1146,S3,333491725,0,0,0,428,2928                           
2026-10-06T20:23:54.944	TEL,1147,S3,333501725,0,0,0,428,2930                           
2026-10-06T20:23:54.944	TEL,1148,S3,333511725,0,0,0,425,2930                           
2026-10-06T20:23:54.944	TEL,1149,S3,333521725,0,0,0,425,2932                           
2026-10-06T20:23:54.944	TEL,1150,S3,333531725,0,0,0,428,2932                           
2026-10-06T20:23:54.944	TEL,1151,S3,333541725,0,0,0,428,2932                           
2026-10-06T20:23:54.945	TEL,1152,S3,333551725,0,0,0,430,2932                           
2026-10-06T20:23:54.945	TEL,1153,S3,333561725,0,0,0,433,2933                           
2026-10-06T20:23:54.945	TEL,1154,S3,333571725,0,0,0,430,2933                           
2026-10-06T20:23:54.945	TEL,1155,S3,333581725,0,0,0,425,2928                           
2026-10-06T20:23:54.945	TEL,1156,S3,333591725,0,0,0,428,2928                           
2026-10-06T20:23:54.945	TEL,1157,S3,333601725,0,0,0,428,2928                           
2026-10-06T20:23:54.945	BTN,10,S3,PRESSED,333603938,333603946                          
2026-10-06T20:23:54.945	TEL,1158,S3,333611725,0,0,0,433,2928                           
2026-10-06T20:23:54.945	TEL,1159,S3,333621725,0,0,0,433,2930                           
2026-10-06T20:23:54.945	TEL,1160,S3,333631725,0,0,0,428,2930                           
2026-10-06T20:23:54.945	TEL,1161,S3,333641725,0,0,0,428,2928                           
2026-10-06T20:23:54.945	TEL,1162,S3,333651725,0,0,0,428,2928                           
2026-10-06T20:23:54.945	TEL,1163,S3,333661725,0,0,0,430,2932                           
2026-10-06T20:23:54.945	TEL,1164,S3,333671725,0,0,0,430,2932                           
2026-10-06T20:23:54.945	TEL,1165,S3,333681725,0,0,0,430,2932                           
2026-10-06T20:23:54.945	TEL,1166,S3,333691725,0,0,0,430,2932                           
2026-10-06T20:23:54.945	TEL,1167,S3,333701725,0,0,0,430,2932                           
2026-10-06T20:23:55.562	TEL,1168,S3,333711725,0,0,0,430,2932                           
2026-10-06T20:23:55.562	TEL,1169,S3,333721725,0,0,0,430,2932                           
2026-10-06T20:23:55.562	TEL,1170,S3,333731725,0,0,0,430,2932                           
2026-10-06T20:23:55.562	TEL,1171,S3,333741725,0,0,0,428,2928                           
2026-10-06T20:23:55.562	TEL,1172,S3,333751725,0,0,0,428,2928                           
2026-10-06T20:23:55.562	TEL,1173,S3,333761725,0,0,0,428,2930                           
2026-10-06T20:23:55.562	TEL,1174,S3,333771725,0,0,0,428,2930                           
2026-10-06T20:23:55.562	TEL,1175,S3,333781725,0,0,0,428,2930                           
2026-10-06T20:23:55.562	TEL,1176,S3,333791725,0,0,0,428,2930                           
2026-10-06T20:23:55.562	TEL,1177,S3,333801725,0,0,0,428,2932                           
2026-10-06T20:23:55.562	TEL,1178,S3,333811725,0,0,0,430,2932                           
2026-10-06T20:23:55.562	TEL,1179,S3,333821725,0,0,0,428,2928                           
2026-10-06T20:23:55.563	TEL,1180,S3,333831725,0,0,0,430,2928                           
2026-10-06T20:23:55.563	TEL,1181,S3,333841725,0,0,0,433,2932                           
2026-10-06T20:23:55.563	TEL,1182,S3,333851725,0,0,0,430,2932                           
2026-10-06T20:23:55.563	TEL,1183,S3,333861725,0,0,0,430,2932                           
2026-10-06T20:23:55.563	TEL,1184,S3,333871725,0,0,0,425,2932                           
2026-10-06T20:23:55.563	TEL,1185,S3,333881725,0,0,0,422,2928                           
2026-10-06T20:23:55.563	TEL,1186,S3,333891725,0,0,0,428,2928                           
2026-10-06T20:23:55.563	TEL,1187,S3,333901725,0,0,0,430,2932                           
2026-10-06T20:23:55.563	TEL,1188,S3,333911725,0,0,0,430,2932                           
2026-10-06T20:23:55.563	TEL,1189,S3,333921725,0,0,0,428,2928                           
2026-10-06T20:23:55.563	TEL,1190,S3,333931725,0,0,0,430,2928                           
2026-10-06T20:23:55.563	TEL,1191,S3,333941725,0,0,0,430,2928                           
2026-10-06T20:23:55.563	TEL,1192,S3,333951725,0,0,0,428,2928                           
2026-10-06T20:23:55.563	TEL,1193,S3,333961725,0,0,0,430,2932                           
2026-10-06T20:23:55.563	TEL,1194,S3,333971725,0,0,0,430,2932                           
2026-10-06T20:23:55.563	TEL,1195,S3,333981725,0,0,0,430,2932                           
2026-10-06T20:23:55.563	TEL,1196,S3,333991725,0,0,0,430,2932                           
2026-10-06T20:23:55.563	TEL,1197,S3,334001725,0,0,0,430,2932                           
2026-10-06T20:23:55.563	TEL,1198,S3,334011725,0,0,0,430,2932                           
2026-10-06T20:23:55.563	TEL,1199,S3,334021725,0,0,0,430,2932                           
2026-10-06T20:23:55.563	TEL,1200,S3,334031725,0,0,0,430,2932                           
2026-10-06T20:23:55.563	TEL,1201,S3,334041725,0,0,0,430,2932                           
2026-10-06T20:23:55.563	TEL,1202,S3,334051725,0,0,0,430,2932                           
2026-10-06T20:23:55.563	TEL,1203,S3,334061725,0,0,0,428,2928                           
2026-10-06T20:23:55.563	TEL,1204,S3,334071725,0,0,0,428,2928                           
2026-10-06T20:23:55.563	TEL,1205,S3,334081725,0,0,0,428,2928                           
2026-10-06T20:23:55.563	TEL,1206,S3,334091725,0,0,0,425,2928                           
2026-10-06T20:23:55.563	TEL,1207,S3,334101725,0,0,0,425,2928                           
2026-10-06T20:23:55.563	TEL,1208,S3,334111725,0,0,0,428,2928                           
2026-10-06T20:23:55.563	TEL,1209,S3,334121725,0,0,0,428,2930                           
2026-10-06T20:23:55.563	TEL,1210,S3,334131725,0,0,0,428,2930                           
2026-10-06T20:23:55.563	TEL,1211,S3,334141725,0,0,0,430,2932                           
2026-10-06T20:23:55.563	TEL,1212,S3,334151725,0,0,0,428,2932                           
2026-10-06T20:23:55.563	TEL,1213,S3,334161725,0,0,0,428,2930                           
2026-10-06T20:23:55.563	TEL,1214,S3,334171725,0,0,0,428,2930                           
2026-10-06T20:23:55.563	TEL,1215,S3,334181725,0,0,0,430,2932                           
2026-10-06T20:23:55.563	TEL,1216,S3,334191725,0,0,0,430,2932                           
2026-10-06T20:23:55.563	TEL,1217,S3,334201725,0,0,0,430,2932                           
2026-10-06T20:23:55.563	TEL,1218,S3,334211725,0,0,0,430,2932                           
2026-10-06T20:23:55.563	TEL,1219,S3,334221725,0,0,0,430,2932                           
2026-10-06T20:23:55.563	TEL,1220,S3,334231725,0,0,0,433,2932                           
2026-10-06T20:23:55.563	TEL,1221,S3,334241725,0,0,0,430,2928                           
2026-10-06T20:23:55.563	TEL,1222,S3,334251725,0,0,0,433,2928                           
2026-10-06T20:23:55.563	TEL,1223,S3,334261725,0,0,0,436,2932                           
2026-10-06T20:23:55.563	TEL,1224,S3,334271725,0,0,0,430,2932                           
2026-10-06T20:23:55.563	TEL,1225,S3,334281725,0,0,0,428,2928                           
2026-10-06T20:23:55.563	TEL,1226,S3,334291725,0,0,0,422,2928                           
2026-10-06T20:23:55.563	TEL,1227,S3,334301725,0,0,0,422,2928                           
2026-10-06T20:23:55.563	TEL,1228,S3,334311725,0,0,0,428,2928                           
2026-10-06T20:23:55.563	TEL,1229,S3,334321725,0,0,0,433,2933                           
2026-10-06T20:23:56.173	TEL,1230,S3,334331725,0,0,0,433,2933                           
2026-10-06T20:23:56.173	TEL,1231,S3,334341725,0,0,0,428,2928                           
2026-10-06T20:23:56.173	TEL,1232,S3,334351725,0,0,0,428,2928                           
2026-10-06T20:23:56.173	TEL,1233,S3,334361725,0,0,0,430,2932                           
2026-10-06T20:23:56.173	TEL,1234,S3,334371725,0,0,0,430,2932                           
2026-10-06T20:23:56.173	TEL,1235,S3,334381725,0,0,0,430,2932                           
2026-10-06T20:23:56.173	TEL,1236,S3,334391725,0,0,0,430,2932                           
2026-10-06T20:23:56.173	TEL,1237,S3,334401725,0,0,0,430,2932                           
2026-10-06T20:23:56.173	TEL,1238,S3,334411725,0,0,0,425,2932                           
2026-10-06T20:23:56.173	TEL,1239,S3,334421725,0,0,0,425,2932                           
2026-10-06T20:23:56.173	TEL,1240,S3,334431725,0,0,0,430,2932                           
2026-10-06T20:23:56.173	TEL,1241,S3,334441725,0,0,0,430,2932                           
2026-10-06T20:23:56.173	TEL,1242,S3,334451725,0,0,0,428,2932                           
2026-10-06T20:23:56.173	TEL,1243,S3,334461725,0,0,0,430,2933                           
2026-10-06T20:23:56.173	TEL,1244,S3,334471725,0,0,0,433,2933                           
2026-10-06T20:23:56.173	BTN,11,S3,PRESSED,334479944,334479951                          
2026-10-06T20:23:56.173	TEL,1245,S3,334481725,0,0,0,430,2928                           
2026-10-06T20:23:56.173	TEL,1246,S3,334491725,0,0,0,413,2928                           
2026-10-06T20:23:56.173	TEL,1247,S3,334501725,0,0,0,428,2942                           
2026-10-06T20:23:56.173	TEL,1248,S3,334511725,0,0,0,442,2942                           
2026-10-06T20:23:56.173	TEL,1249,S3,334521725,0,0,0,433,2932                           
2026-10-06T20:23:56.173	TEL,1250,S3,334531725,0,0,0,430,2932                           
2026-10-06T20:23:56.173	TEL,1251,S3,334541725,0,0,0,428,2928                           
2026-10-06T20:23:56.173	TEL,1252,S3,334551725,0,0,0,428,2928                           
2026-10-06T20:23:56.173	TEL,1253,S3,334561725,0,0,0,430,2932                           
2026-10-06T20:23:56.173	TEL,1254,S3,334571725,0,0,0,428,2932                           
2026-10-06T20:23:56.173	TEL,1255,S3,334581725,0,0,0,428,2932                           
2026-10-06T20:23:56.173	TEL,1256,S3,334591725,0,0,0,428,2932                           
2026-10-06T20:23:56.173	TEL,1257,S3,334601725,0,0,0,428,2932                           
2026-10-06T20:23:56.173	TEL,1258,S3,334611725,0,0,0,436,2932                           
2026-10-06T20:23:56.173	TEL,1259,S3,334621725,0,0,0,433,2928                           
2026-10-06T20:23:56.173	TEL,1260,S3,334631725,0,0,0,425,2928                           
2026-10-06T20:23:56.173	TEL,1261,S3,334641725,0,0,0,428,2932                           
2026-10-06T20:23:56.173	TEL,1262,S3,334651725,0,0,0,430,2932                           
2026-10-06T20:23:56.173	TEL,1263,S3,334661725,0,0,0,430,2932                           
2026-10-06T20:23:56.173	TEL,1264,S3,334671725,0,0,0,428,2932                           
2026-10-06T20:23:56.173	TEL,1265,S3,334681725,0,0,0,425,2928                           
2026-10-06T20:23:56.173	TEL,1266,S3,334691725,0,0,0,428,2928                           
2026-10-06T20:23:56.173	TEL,1267,S3,334701725,0,0,0,430,2932                           
2026-10-06T20:23:56.173	TEL,1268,S3,334711725,0,0,0,428,2932                           
2026-10-06T20:23:56.173	TEL,1269,S3,334721725,0,0,0,422,2925                           
2026-10-06T20:23:56.173	TEL,1270,S3,334731725,0,0,0,425,2925                           
2026-10-06T20:23:56.173	TEL,1271,S3,334741725,0,0,0,428,2930                           
2026-10-06T20:23:56.173	TEL,1272,S3,334751725,0,0,0,428,2930                           
2026-10-06T20:23:56.173	TEL,1273,S3,334761725,0,0,0,430,2932                           
2026-10-06T20:23:56.173	TEL,1274,S3,334771725,0,0,0,430,2932                           
2026-10-06T20:23:56.173	TEL,1275,S3,334781725,0,0,0,428,2928                           
2026-10-06T20:23:56.173	TEL,1276,S3,334791725,0,0,0,428,2928                           
2026-10-06T20:23:56.173	TEL,1277,S3,334801725,0,0,0,428,2928                           
2026-10-06T20:23:56.173	TEL,1278,S3,334811725,0,0,0,425,2928                           
2026-10-06T20:23:56.173	TEL,1279,S3,334821725,0,0,0,428,2932                           
2026-10-06T20:23:56.173	TEL,1280,S3,334831725,0,0,0,430,2932                           
2026-10-06T20:23:56.173	TEL,1281,S3,334841725,0,0,0,430,2932                           
2026-10-06T20:23:56.173	TEL,1282,S3,334851725,0,0,0,430,2932                           
2026-10-06T20:23:56.173	TEL,1283,S3,334861725,0,0,0,428,2928                           
2026-10-06T20:23:56.173	TEL,1284,S3,334871725,0,0,0,430,2928                           
2026-10-06T20:23:56.173	TEL,1285,S3,334881725,0,0,0,430,2930                           
2026-10-06T20:23:56.173	TEL,1286,S3,334891725,0,0,0,428,2930                           
2026-10-06T20:23:56.173	TEL,1287,S3,334901725,0,0,0,428,2928                           
2026-10-06T20:23:56.173	TEL,1288,S3,334911725,0,0,0,425,2928                           
2026-10-06T20:23:56.173	TEL,1289,S3,334921725,0,0,0,425,2928                           
2026-10-06T20:23:56.173	TEL,1290,S3,334931725,0,0,0,428,2928                           
2026-10-06T20:23:56.783	TEL,1291,S3,334941725,0,0,0,428,2928                           
2026-10-06T20:23:56.783	TEL,1292,S3,334951725,0,0,0,428,2928                           
2026-10-06T20:23:56.783	TEL,1293,S3,334961725,0,0,0,430,2932                           
2026-10-06T20:23:56.783	TEL,1294,S3,334971725,0,0,0,430,2932                           
2026-10-06T20:23:56.783	TEL,1295,S3,334981725,0,0,0,428,2928                           
2026-10-06T20:23:56.783	TEL,1296,S3,334991725,0,0,0,428,2928                           
2026-10-06T20:23:56.783	TEL,1297,S3,335001725,0,0,0,430,2932                           
2026-10-06T20:23:56.783	TEL,1298,S3,335011725,0,0,0,428,2932                           
2026-10-06T20:23:56.783	TEL,1299,S3,335021725,0,0,0,428,2932                           
2026-10-06T20:23:56.784	TEL,1300,S3,335031725,0,0,0,430,2932                           
2026-10-06T20:23:56.784	TEL,1301,S3,335041725,0,0,0,430,2932                           
2026-10-06T20:23:56.784	TEL,1302,S3,335051725,0,0,0,425,2932                           
2026-10-06T20:23:56.784	TEL,1303,S3,335061725,0,0,0,425,2930                           
2026-10-06T20:23:56.784	TEL,1304,S3,335071725,0,0,0,428,2930                           
2026-10-06T20:23:56.784	TEL,1305,S3,335081725,0,0,0,428,2928                           
2026-10-06T20:23:56.784	TEL,1306,S3,335091725,0,0,0,428,2928                           
2026-10-06T20:23:56.784	TEL,1307,S3,335101725,0,0,0,425,2925                           
2026-10-06T20:23:56.784	TEL,1308,S3,335111725,0,0,0,428,2925                           
2026-10-06T20:23:56.784	TEL,1309,S3,335121725,0,0,0,433,2932                           
2026-10-06T20:23:56.784	TEL,1310,S3,335131725,0,0,0,425,2932                           
2026-10-06T20:23:56.784	TEL,1311,S3,335141725,0,0,0,422,2928                           
2026-10-06T20:23:56.784	TEL,1312,S3,335151725,0,0,0,430,2928                           
2026-10-06T20:23:56.784	TEL,1313,S3,335161725,0,0,0,433,2932                           
2026-10-06T20:23:56.784	TEL,1314,S3,335171725,0,0,0,430,2932                           
2026-10-06T20:23:56.784	TEL,1315,S3,335181725,0,0,0,430,2932                           
2026-10-06T20:23:56.784	TEL,1316,S3,335191725,0,0,0,430,2932                           
2026-10-06T20:23:56.784	TEL,1317,S3,335201725,0,0,0,433,2933                           
2026-10-06T20:23:56.784	TEL,1318,S3,335211725,0,0,0,430,2933                           
2026-10-06T20:23:56.784	TEL,1319,S3,335221725,0,0,0,425,2928                           
2026-10-06T20:23:56.784	TEL,1320,S3,335231725,0,0,0,428,2928                           
2026-10-06T20:23:56.784	TEL,1321,S3,335241725,0,0,0,430,2932                           
2026-10-06T20:23:56.784	TEL,1322,S3,335251725,0,0,0,430,2932                           
2026-10-06T20:23:56.784	TEL,1323,S3,335261725,0,0,0,428,2928                           
2026-10-06T20:23:56.784	TEL,1324,S3,335271725,0,0,0,425,2928                           
2026-10-06T20:23:56.784	TEL,1325,S3,335281725,0,0,0,425,2928                           
2026-10-06T20:23:56.784	TEL,1326,S3,335291725,0,0,0,425,2928                           
2026-10-06T20:23:56.784	TEL,1327,S3,335301725,0,0,0,428,2932                           
2026-10-06T20:23:56.784	TEL,1328,S3,335311725,0,0,0,436,2932                           
2026-10-06T20:23:56.784	TEL,1329,S3,335321725,0,0,0,433,2928                           
2026-10-06T20:23:56.784	TEL,1330,S3,335331725,0,0,0,428,2928                           
2026-10-06T20:23:56.784	TEL,1331,S3,335341725,0,0,0,428,2928                           
2026-10-06T20:23:56.784	TEL,1332,S3,335351725,0,0,0,430,2928                           
2026-10-06T20:23:56.784	TEL,1333,S3,335361725,0,0,0,433,2932                           
2026-10-06T20:23:56.784	BTN,12,S3,PRESSED,335366949,335366957                          
2026-10-06T20:23:56.784	TEL,1334,S3,335371725,0,0,0,430,2932                           
2026-10-06T20:23:56.784	TEL,1335,S3,335381725,0,0,0,428,2930                           
2026-10-06T20:23:56.784	TEL,1336,S3,335391725,0,0,0,428,2930                           
2026-10-06T20:23:56.784	TEL,1337,S3,335401725,0,0,0,433,2933                           
2026-10-06T20:23:56.784	TEL,1338,S3,335411725,0,0,0,439,2933                           
2026-10-06T20:23:56.784	TEL,1339,S3,335421725,0,0,0,439,2932                           
2026-10-06T20:23:56.784	TEL,1340,S3,335431725,0,0,0,428,2932                           
2026-10-06T20:23:56.784	TEL,1341,S3,335441725,0,0,0,425,2928                           
2026-10-06T20:23:56.784	TEL,1342,S3,335451725,0,0,0,430,2928                           
2026-10-06T20:23:56.784	TEL,1343,S3,335461725,0,0,0,433,2933                           
2026-10-06T20:23:56.784	TEL,1344,S3,335471725,0,0,0,433,2933                           
2026-10-06T20:23:56.784	TEL,1345,S3,335481725,0,0,0,430,2928                           
2026-10-06T20:23:56.784	TEL,1346,S3,335491725,0,0,0,428,2928                           
2026-10-06T20:23:56.784	TEL,1347,S3,335501725,0,0,0,428,2930                           
2026-10-06T20:23:56.784	TEL,1348,S3,335511725,0,0,0,425,2930                           
2026-10-06T20:23:56.784	TEL,1349,S3,335521725,0,0,0,422,2928                           
2026-10-06T20:23:56.784	TEL,1350,S3,335531725,0,0,0,428,2928                           
2026-10-06T20:23:56.784	TEL,1351,S3,335541725,0,0,0,430,2932                           
2026-10-06T20:23:57.391	TEL,1352,S3,335551725,0,0,0,430,2932                           
2026-10-06T20:23:57.391	TEL,1353,S3,335561725,0,0,0,430,2932                           
2026-10-06T20:23:57.391	TEL,1354,S3,335571725,0,0,0,430,2932                           
2026-10-06T20:23:57.391	TEL,1355,S3,335581725,0,0,0,430,2932                           
2026-10-06T20:23:57.391	TEL,1356,S3,335591725,0,0,0,433,2932                           
2026-10-06T20:23:57.391	TEL,1357,S3,335601725,0,0,0,430,2930                           
2026-10-06T20:23:57.391	TEL,1358,S3,335611725,0,0,0,428,2930                           
2026-10-06T20:23:57.391	TEL,1359,S3,335621725,0,0,0,428,2928                           
2026-10-06T20:23:57.391	TEL,1360,S3,335631725,0,0,0,428,2928                           
2026-10-06T20:23:57.391	TEL,1361,S3,335641725,0,0,0,428,2928                           
2026-10-06T20:23:57.391	TEL,1362,S3,335651725,0,0,0,422,2928                           
2026-10-06T20:23:57.391	TEL,1363,S3,335661725,0,0,0,425,2930                           
2026-10-06T20:23:57.391	TEL,1364,S3,335671725,0,0,0,428,2930                           
2026-10-06T20:23:57.391	TEL,1365,S3,335681725,0,0,0,428,2932                           
2026-10-06T20:23:57.391	TEL,1366,S3,335691725,0,0,0,430,2932                           
2026-10-06T20:23:57.391	TEL,1367,S3,335701725,0,0,0,428,2928                           
2026-10-06T20:23:57.391	TEL,1368,S3,335711725,0,0,0,430,2928                           
2026-10-06T20:23:57.391	TEL,1369,S3,335721725,0,0,0,430,2930                           
2026-10-06T20:23:57.391	TEL,1370,S3,335731725,0,0,0,430,2930                           
2026-10-06T20:23:57.391	TEL,1371,S3,335741725,0,0,0,433,2932                           
2026-10-06T20:23:57.391	TEL,1372,S3,335751725,0,0,0,430,2932                           
2026-10-06T20:23:57.391	TEL,1373,S3,335761725,0,0,0,430,2932                           
2026-10-06T20:23:57.391	TEL,1374,S3,335771725,0,0,0,436,2932                           
2026-10-06T20:23:57.391	TEL,1375,S3,335781725,0,0,0,433,2928                           
2026-10-06T20:23:57.391	TEL,1376,S3,335791725,0,0,0,430,2928                           
2026-10-06T20:23:57.391	TEL,1377,S3,335801725,0,0,0,433,2932                           
2026-10-06T20:23:57.391	TEL,1378,S3,335811725,0,0,0,430,2932                           
2026-10-06T20:23:57.391	TEL,1379,S3,335821725,0,0,0,428,2928                           
2026-10-06T20:23:57.391	TEL,1380,S3,335831725,0,0,0,433,2928                           
2026-10-06T20:23:57.391	TEL,1381,S3,335841725,0,0,0,433,2928                           
2026-10-06T20:23:57.391	TEL,1382,S3,335851725,0,0,0,433,2928                           
2026-10-06T20:23:57.391	TEL,1383,S3,335861725,0,0,0,436,2932                           
2026-10-06T20:23:57.391	TEL,1384,S3,335871725,0,0,0,430,2932                           
2026-10-06T20:23:57.391	TEL,1385,S3,335881725,0,0,0,428,2928                           
2026-10-06T20:23:57.391	TEL,1386,S3,335891725,0,0,0,428,2928                           
2026-10-06T20:23:57.391	TEL,1387,S3,335901725,0,0,0,430,2932                           
2026-10-06T20:23:57.391	TEL,1388,S3,335911725,0,0,0,430,2932                           
2026-10-06T20:23:57.391	TEL,1389,S3,335921725,0,0,0,433,2933                           
2026-10-06T20:23:57.391	TEL,1390,S3,335931725,0,0,0,428,2933                           
2026-10-06T20:23:57.391	TEL,1391,S3,335941725,0,0,0,422,2928                           
2026-10-06T20:23:57.391	TEL,1392,S3,335951725,0,0,0,425,2928                           
2026-10-06T20:23:57.391	TEL,1393,S3,335961725,0,0,0,428,2932                           
2026-10-06T20:23:57.391	TEL,1394,S3,335971725,0,0,0,430,2932                           
2026-10-06T20:23:57.391	TEL,1395,S3,335981725,0,0,0,430,2932                           
2026-10-06T20:23:57.391	TEL,1396,S3,335991725,0,0,0,430,2932                           
2026-10-06T20:23:57.391	TEL,1397,S3,336001725,0,0,0,428,2930                           
2026-10-06T20:23:57.391	TEL,1398,S3,336011725,0,0,0,428,2930                           
2026-10-06T20:23:57.391	TEL,1399,S3,336021725,0,0,0,428,2928                           
2026-10-06T20:23:57.391	TEL,1400,S3,336031725,0,0,0,425,2928                           
2026-10-06T20:23:57.391	TEL,1401,S3,336041725,0,0,0,428,2930                           
2026-10-06T20:23:57.391	TEL,1402,S3,336051725,0,0,0,428,2930                           
2026-10-06T20:23:57.391	TEL,1403,S3,336061725,0,0,0,428,2932                           
2026-10-06T20:23:57.391	TEL,1404,S3,336071725,0,0,0,430,2932                           
2026-10-06T20:23:57.391	TEL,1405,S3,336081725,0,0,0,433,2933                           
2026-10-06T20:23:57.391	TEL,1406,S3,336091725,0,0,0,433,2933                           
2026-10-06T20:23:57.391	TEL,1407,S3,336101725,0,0,0,433,2932                           
2026-10-06T20:23:57.391	TEL,1408,S3,336111725,0,0,0,430,2932                           
2026-10-06T20:23:57.391	TEL,1409,S3,336121725,0,0,0,430,2932                           
2026-10-06T20:23:57.391	TEL,1410,S3,336131725,0,0,0,425,2932                           
2026-10-06T20:23:57.391	BTN,13,S3,PRESSED,336132955,336132962                          
2026-10-06T20:23:57.391	TEL,1411,S3,336141725,0,0,0,425,2930                           
2026-10-06T20:23:57.391	TEL,1412,S3,336151725,0,0,0,425,2930                           
2026-10-06T20:23:58.014	TEL,1413,S3,336161725,0,0,0,422,2928                           
2026-10-06T20:23:58.014	TEL,1414,S3,336171725,0,0,0,428,2928                           
2026-10-06T20:23:58.014	TEL,1415,S3,336181725,0,0,0,428,2928                           
2026-10-06T20:23:58.014	TEL,1416,S3,336191725,0,0,0,428,2928                           
2026-10-06T20:23:58.014	TEL,1417,S3,336201725,0,0,0,428,2928                           
2026-10-06T20:23:58.014	TEL,1418,S3,336211725,0,0,0,428,2928                           
2026-10-06T20:23:58.014	TEL,1419,S3,336221725,0,0,0,428,2928                           
2026-10-06T20:23:58.014	TEL,1420,S3,336231725,0,0,0,430,2928                           
2026-10-06T20:23:58.014	TEL,1421,S3,336241725,0,0,0,430,2928                           
2026-10-06T20:23:58.014	TEL,1422,S3,336251725,0,0,0,428,2928                           
2026-10-06T20:23:58.014	TEL,1423,S3,336261725,0,0,0,428,2928                           
2026-10-06T20:23:58.014	TEL,1424,S3,336271725,0,0,0,428,2928                           
2026-10-06T20:23:58.014	TEL,1425,S3,336281725,0,0,0,430,2932                           
2026-10-06T20:23:58.014	TEL,1426,S3,336291725,0,0,0,430,2932                           
2026-10-06T20:23:58.014	TEL,1427,S3,336301725,0,0,0,430,2932                           
2026-10-06T20:23:58.014	TEL,1428,S3,336311725,0,0,0,430,2932                           
2026-10-06T20:23:58.014	TEL,1429,S3,336321725,0,0,0,430,2932                           
2026-10-06T20:23:58.014	TEL,1430,S3,336331725,0,0,0,430,2932                           
2026-10-06T20:23:58.014	TEL,1431,S3,336341725,0,0,0,428,2930                           
2026-10-06T20:23:58.014	TEL,1432,S3,336351725,0,0,0,428,2930                           
2026-10-06T20:23:58.014	TEL,1433,S3,336361725,0,0,0,430,2932                           
2026-10-06T20:23:58.014	TEL,1434,S3,336371725,0,0,0,428,2932                           
2026-10-06T20:23:58.014	TEL,1435,S3,336381725,0,0,0,428,2932                           
2026-10-06T20:23:58.014	TEL,1436,S3,336391725,0,0,0,430,2932                           
2026-10-06T20:23:58.014	TEL,1437,S3,336401725,0,0,0,428,2928                           
2026-10-06T20:23:58.014	TEL,1438,S3,336411725,0,0,0,425,2928                           
2026-10-06T20:23:58.014	TEL,1439,S3,336421725,0,0,0,428,2932                           
2026-10-06T20:23:58.014	TEL,1440,S3,336431725,0,0,0,430,2932                           
2026-10-06T20:23:58.014	TEL,1441,S3,336441725,0,0,0,428,2928                           
2026-10-06T20:23:58.014	TEL,1442,S3,336451725,0,0,0,428,2928                           
2026-10-06T20:23:58.014	TEL,1443,S3,336461725,0,0,0,430,2932                           
2026-10-06T20:23:58.014	TEL,1444,S3,336471725,0,0,0,430,2932                           
2026-10-06T20:23:58.014	TEL,1445,S3,336481725,0,0,0,428,2930                           
2026-10-06T20:23:58.014	TEL,1446,S3,336491725,0,0,0,428,2930                           
2026-10-06T20:23:58.014	TEL,1447,S3,336501725,0,0,0,430,2932                           
2026-10-06T20:23:58.014	TEL,1448,S3,336511725,0,0,0,430,2932                           
2026-10-06T20:23:58.014	TEL,1449,S3,336521725,0,0,0,433,2933                           
2026-10-06T20:23:58.014	TEL,1450,S3,336531725,0,0,0,433,2933                           
2026-10-06T20:23:58.014	TEL,1451,S3,336541725,0,0,0,428,2928                           
2026-10-06T20:23:58.014	TEL,1452,S3,336551725,0,0,0,433,2928                           
2026-10-06T20:23:58.014	TEL,1453,S3,336561725,0,0,0,436,2932                           
2026-10-06T20:23:58.014	TEL,1454,S3,336571725,0,0,0,433,2932                           
2026-10-06T20:23:58.014	TEL,1455,S3,336581725,0,0,0,430,2930                           
2026-10-06T20:23:58.014	TEL,1456,S3,336591725,0,0,0,428,2930                           
2026-10-06T20:23:58.014	TEL,1457,S3,336601725,0,0,0,425,2928                           
2026-10-06T20:23:58.014	TEL,1458,S3,336611725,0,0,0,428,2928                           
2026-10-06T20:23:58.014	TEL,1459,S3,336621725,0,0,0,433,2933                           
2026-10-06T20:23:58.014	TEL,1460,S3,336631725,0,0,0,433,2933                           
2026-10-06T20:23:58.014	TEL,1461,S3,336641725,0,0,0,430,2932                           
2026-10-06T20:23:58.014	TEL,1462,S3,336651725,0,0,0,430,2932                           
2026-10-06T20:23:58.014	TEL,1463,S3,336661725,0,0,0,428,2928                           
2026-10-06T20:23:58.014	TEL,1464,S3,336671725,0,0,0,428,2928                           
2026-10-06T20:23:58.014	TEL,1465,S3,336681725,0,0,0,433,2933                           
2026-10-06T20:23:58.014	TEL,1466,S3,336691725,0,0,0,430,2933                           
2026-10-06T20:23:58.014	TEL,1467,S3,336701725,0,0,0,428,2932                           
2026-10-06T20:23:58.014	TEL,1468,S3,336711725,0,0,0,428,2932                           
2026-10-06T20:23:58.014	TEL,1469,S3,336721725,0,0,0,425,2928                           
2026-10-06T20:23:58.014	TEL,1470,S3,336731725,0,0,0,433,2928                           
2026-10-06T20:23:58.014	TEL,1471,S3,336741725,0,0,0,433,2928                           
2026-10-06T20:23:58.014	TEL,1472,S3,336751725,0,0,0,428,2928                           
2026-10-06T20:23:58.014	TEL,1473,S3,336761725,0,0,0,428,2928                           
2026-10-06T20:23:58.014	TEL,1474,S3,336771725,0,0,0,430,2928                           
2026-10-06T20:23:58.623	TEL,1475,S3,336781725,0,0,0,433,2933                           
2026-10-06T20:23:58.623	TEL,1476,S3,336791725,0,0,0,433,2933                           
2026-10-06T20:23:58.623	TEL,1477,S3,336801725,0,0,0,428,2928                           
2026-10-06T20:23:58.623	TEL,1478,S3,336811725,0,0,0,428,2928                           
2026-10-06T20:23:58.623	BTN,14,S3,PRESSED,336816960,336816968                          
2026-10-06T20:23:58.623	TEL,1479,S3,336821725,0,0,0,430,2932                           
2026-10-06T20:23:58.623	TEL,1480,S3,336831725,0,0,0,428,2932                           
2026-10-06T20:23:58.623	TEL,1481,S3,336841725,0,0,0,430,2933                           
2026-10-06T20:23:58.623	TEL,1482,S3,336851725,0,0,0,433,2933                           
2026-10-06T20:23:58.623	TEL,1483,S3,336861725,0,0,0,428,2928                           
2026-10-06T20:23:58.623	TEL,1484,S3,336871725,0,0,0,428,2928                           
2026-10-06T20:23:58.623	TEL,1485,S3,336881725,0,0,0,430,2932                           
2026-10-06T20:23:58.623	TEL,1486,S3,336891725,0,0,0,430,2932                           
2026-10-06T20:23:58.623	TEL,1487,S3,336901725,0,0,0,430,2932                           
2026-10-06T20:23:58.623	TEL,1488,S3,336911725,0,0,0,428,2932                           
2026-10-06T20:23:58.623	TEL,1489,S3,336921725,0,0,0,428,2932                           
2026-10-06T20:23:58.623	TEL,1490,S3,336931725,0,0,0,428,2932                           
2026-10-06T20:23:58.623	TEL,1491,S3,336941725,0,0,0,430,2933                           
2026-10-06T20:23:58.623	TEL,1492,S3,336951725,0,0,0,433,2933                           
2026-10-06T20:23:58.623	TEL,1493,S3,336961725,0,0,0,430,2932                           
2026-10-06T20:23:58.623	TEL,1494,S3,336971725,0,0,0,430,2932                           
2026-10-06T20:23:58.623	TEL,1495,S3,336981725,0,0,0,428,2928                           
2026-10-06T20:23:58.623	TEL,1496,S3,336991725,0,0,0,428,2928                           
2026-10-06T20:23:58.623	TEL,1497,S3,337001725,0,0,0,430,2932                           
2026-10-06T20:23:58.623	TEL,1498,S3,337011725,0,0,0,430,2932                           
2026-10-06T20:23:58.623	TEL,1499,S3,337021725,0,0,0,430,2932                           
2026-10-06T20:23:58.623	TEL,1500,S3,337031725,0,0,0,428,2932                           
2026-10-06T20:23:58.623	TEL,1501,S3,337041725,0,0,0,430,2933                           
2026-10-06T20:23:58.623	TEL,1502,S3,337051725,0,0,0,430,2933                           
2026-10-06T20:23:58.623	TEL,1503,S3,337061725,0,0,0,430,2933                           
2026-10-06T20:23:58.623	TEL,1504,S3,337071725,0,0,0,430,2933                           
2026-10-06T20:23:58.623	TEL,1505,S3,337081725,0,0,0,428,2932                           
2026-10-06T20:23:58.623	TEL,1506,S3,337091725,0,0,0,428,2932                           
2026-10-06T20:23:58.623	TEL,1507,S3,337101725,0,0,0,430,2933                           
2026-10-06T20:23:58.623	TEL,1508,S3,337111725,0,0,0,433,2933                           
2026-10-06T20:23:58.623	TEL,1509,S3,337121725,0,0,0,430,2932                           
2026-10-06T20:23:58.623	TEL,1510,S3,337131725,0,0,0,430,2932                           
2026-10-06T20:23:58.623	TEL,1511,S3,337141725,0,0,0,428,2928                           
2026-10-06T20:23:58.623	TEL,1512,S3,337151725,0,0,0,430,2928                           
2026-10-06T20:23:58.623	TEL,1513,S3,337161725,0,0,0,433,2932                           
2026-10-06T20:23:58.623	TEL,1514,S3,337171725,0,0,0,430,2932                           
2026-10-06T20:23:58.623	TEL,1515,S3,337181725,0,0,0,430,2932                           
2026-10-06T20:23:58.623	TEL,1516,S3,337191725,0,0,0,430,2932                           
2026-10-06T20:23:58.623	TEL,1517,S3,337201725,0,0,0,430,2932                           
2026-10-06T20:23:58.623	TEL,1518,S3,337211725,0,0,0,430,2932                           
2026-10-06T20:23:58.623	TEL,1519,S3,337221725,0,0,0,428,2928                           
2026-10-06T20:23:58.623	TEL,1520,S3,337231725,0,0,0,428,2928                           
2026-10-06T20:23:58.623	TEL,1521,S3,337241725,0,0,0,433,2933                           
2026-10-06T20:23:58.623	TEL,1522,S3,337251725,0,0,0,433,2933                           
2026-10-06T20:23:58.623	TEL,1523,S3,337261725,0,0,0,428,2928                           
2026-10-06T20:23:58.623	TEL,1524,S3,337271725,0,0,0,428,2928                           
2026-10-06T20:23:58.623	TEL,1525,S3,337281725,0,0,0,428,2928                           
2026-10-06T20:23:58.623	TEL,1526,S3,337291725,0,0,0,430,2928                           
2026-10-06T20:23:58.623	TEL,1527,S3,337301725,0,0,0,430,2930                           
2026-10-06T20:23:58.623	TEL,1528,S3,337311725,0,0,0,425,2930                           
2026-10-06T20:23:58.623	TEL,1529,S3,337321725,0,0,0,425,2932                           
2026-10-06T20:23:58.623	TEL,1530,S3,337331725,0,0,0,428,2932                           
2026-10-06T20:23:58.623	TEL,1531,S3,337341725,0,0,0,428,2932                           
2026-10-06T20:23:58.623	TEL,1532,S3,337351725,0,0,0,430,2932                           
2026-10-06T20:23:58.623	TEL,1533,S3,337361725,0,0,0,430,2932                           
2026-10-06T20:23:58.623	TEL,1534,S3,337371725,0,0,0,430,2932                           
2026-10-06T20:23:58.623	TEL,1535,S3,337381725,0,0,0,430,2932                           
2026-10-06T20:23:59.233	TEL,1536,S3,337391725,0,0,0,425,2932                           
2026-10-06T20:23:59.233	TEL,1537,S3,337401725,0,0,0,425,2932                           
2026-10-06T20:23:59.233	TEL,1538,S3,337411725,0,0,0,430,2932                           
2026-10-06T20:23:59.233	TEL,1539,S3,337421725,0,0,0,430,2932                           
2026-10-06T20:23:59.233	TEL,1540,S3,337431725,0,0,0,430,2932                           
2026-10-06T20:23:59.233	TEL,1541,S3,337441725,0,0,0,428,2928                           
2026-10-06T20:23:59.233	TEL,1542,S3,337451725,0,0,0,428,2928                           
2026-10-06T20:23:59.233	TEL,1543,S3,337461725,0,0,0,430,2932                           
2026-10-06T20:23:59.233	TEL,1544,S3,337471725,0,0,0,430,2932                           
2026-10-06T20:23:59.233	TEL,1545,S3,337481725,0,0,0,428,2928                           
2026-10-06T20:23:59.233	TEL,1546,S3,337491725,0,0,0,422,2928                           
2026-10-06T20:23:59.233	TEL,1547,S3,337501725,0,0,0,425,2930                           
2026-10-06T20:23:59.233	TEL,1548,S3,337511725,0,0,0,428,2930                           
2026-10-06T20:23:59.233	TEL,1549,S3,337521725,0,0,0,430,2932                           
2026-10-06T20:23:59.233	TEL,1550,S3,337531725,0,0,0,430,2932                           
2026-10-06T20:23:59.233	TEL,1551,S3,337541725,0,0,0,430,2932                           
2026-10-06T20:23:59.233	TEL,1552,S3,337551725,0,0,0,430,2932                           
2026-10-06T20:23:59.233	TEL,1553,S3,337561725,0,0,0,428,2930                           
2026-10-06T20:23:59.233	TEL,1554,S3,337571725,0,0,0,428,2930                           
2026-10-06T20:23:59.233	TEL,1555,S3,337581725,0,0,0,430,2932                           
2026-10-06T20:23:59.233	TEL,1556,S3,337591725,0,0,0,430,2932                           
2026-10-06T20:23:59.233	TEL,1557,S3,337601725,0,0,0,433,2933                           
2026-10-06T20:23:59.233	TEL,1558,S3,337611725,0,0,0,430,2933                           
2026-10-06T20:23:59.233	TEL,1559,S3,337621725,0,0,0,430,2933                           
2026-10-06T20:23:59.233	TEL,1560,S3,337631725,0,0,0,433,2933                           
2026-10-06T20:23:59.233	TEL,1561,S3,337641725,0,0,0,433,2933                           
2026-10-06T20:23:59.233	BTN,15,S3,PRESSED,337649966,337649973                          
2026-10-06T20:23:59.233	TEL,1562,S3,337651725,0,0,0,430,2933                           
2026-10-06T20:23:59.233	TEL,1563,S3,337661725,0,0,0,439,2942                           
2026-10-06T20:23:59.233	TEL,1564,S3,337671725,0,0,0,436,2942                           
2026-10-06T20:23:59.233	TEL,1565,S3,337681725,0,0,0,425,2930                           
2026-10-06T20:23:59.233	TEL,1566,S3,337691725,0,0,0,428,2930                           
2026-10-06T20:23:59.233	TEL,1567,S3,337701725,0,0,0,428,2928                           
2026-10-06T20:23:59.233	TEL,1568,S3,337711725,0,0,0,428,2928                           
2026-10-06T20:23:59.233	TEL,1569,S3,337721725,0,0,0,430,2932                           
2026-10-06T20:23:59.233	TEL,1570,S3,337731725,0,0,0,425,2932                           
2026-10-06T20:23:59.233	TEL,1571,S3,337741725,0,0,0,422,2928                           
2026-10-06T20:23:59.233	TEL,1572,S3,337751725,0,0,0,428,2928                           
2026-10-06T20:23:59.233	TEL,1573,S3,337761725,0,0,0,428,2928                           
2026-10-06T20:23:59.233	TEL,1574,S3,337771725,0,0,0,425,2928                           
2026-10-06T20:23:59.233	TEL,1575,S3,337781725,0,0,0,425,2928                           
2026-10-06T20:23:59.233	TEL,1576,S3,337791725,0,0,0,430,2928                           
2026-10-06T20:23:59.233	TEL,1577,S3,337801725,0,0,0,433,2932                           
2026-10-06T20:23:59.233	TEL,1578,S3,337811725,0,0,0,430,2932                           
2026-10-06T20:23:59.233	TEL,1579,S3,337821725,0,0,0,430,2932                           
2026-10-06T20:23:59.233	TEL,1580,S3,337831725,0,0,0,433,2932                           
2026-10-06T20:23:59.233	TEL,1581,S3,337841725,0,0,0,433,2932                           
2026-10-06T20:23:59.233	TEL,1582,S3,337851725,0,0,0,430,2932                           
2026-10-06T20:23:59.233	TEL,1583,S3,337861725,0,0,0,430,2932                           
2026-10-06T20:23:59.233	TEL,1584,S3,337871725,0,0,0,436,2932                           
2026-10-06T20:23:59.233	TEL,1585,S3,337881725,0,0,0,436,2932                           
2026-10-06T20:23:59.233	TEL,1586,S3,337891725,0,0,0,430,2932                           
2026-10-06T20:23:59.233	TEL,1587,S3,337901725,0,0,0,428,2928                           
2026-10-06T20:23:59.233	TEL,1588,S3,337911725,0,0,0,422,2928                           
2026-10-06T20:23:59.233	TEL,1589,S3,337921725,0,0,0,422,2928                           
2026-10-06T20:23:59.233	TEL,1590,S3,337931725,0,0,0,428,2928                           
2026-10-06T20:23:59.233	TEL,1591,S3,337941725,0,0,0,428,2928                           
2026-10-06T20:23:59.233	TEL,1592,S3,337951725,0,0,0,428,2928                           
2026-10-06T20:23:59.233	TEL,1593,S3,337961725,0,0,0,430,2932                           
2026-10-06T20:23:59.233	TEL,1594,S3,337971725,0,0,0,428,2932                           
2026-10-06T20:23:59.233	TEL,1595,S3,337981725,0,0,0,425,2928                           
2026-10-06T20:23:59.233	TEL,1596,S3,337991725,0,0,0,430,2928                           
2026-10-06T20:23:59.841	TEL,1597,S3,338001725,0,0,0,433,2932                           
2026-10-06T20:23:59.841	TEL,1598,S3,338011725,0,0,0,425,2932                           
2026-10-06T20:23:59.841	TEL,1599,S3,338021725,0,0,0,425,2932                           
2026-10-06T20:23:59.843	TEL,1600,S3,338031725,0,0,0,428,2932                           
2026-10-06T20:23:59.843	TEL,1601,S3,338041725,0,0,0,428,2932                           
2026-10-06T20:23:59.843	TEL,1602,S3,338051725,0,0,0,425,2932                           
2026-10-06T20:23:59.843	TEL,1603,S3,338061725,0,0,0,425,2932                           
2026-10-06T20:23:59.843	TEL,1604,S3,338071725,0,0,0,430,2932                           
2026-10-06T20:23:59.843	TEL,1605,S3,338081725,0,0,0,428,2928                           
2026-10-06T20:23:59.843	TEL,1606,S3,338091725,0,0,0,422,2928                           
2026-10-06T20:23:59.843	TEL,1607,S3,338101725,0,0,0,422,2928                           
2026-10-06T20:23:59.843	TEL,1608,S3,338111725,0,0,0,425,2928                           
2026-10-06T20:23:59.843	TEL,1609,S3,338121725,0,0,0,428,2932                           
2026-10-06T20:23:59.843	TEL,1610,S3,338131725,0,0,0,430,2932                           
2026-10-06T20:23:59.843	TEL,1611,S3,338141725,0,0,0,430,2932                           
2026-10-06T20:23:59.843	TEL,1612,S3,338151725,0,0,0,428,2932                           
2026-10-06T20:23:59.843	TEL,1613,S3,338161725,0,0,0,425,2928                           
2026-10-06T20:23:59.843	TEL,1614,S3,338171725,0,0,0,428,2928                           
2026-10-06T20:23:59.843	TEL,1615,S3,338181725,0,0,0,430,2932                           
2026-10-06T20:23:59.843	TEL,1616,S3,338191725,0,0,0,433,2932                           
2026-10-06T20:23:59.843	TEL,1617,S3,338201725,0,0,0,433,2932                           
2026-10-06T20:23:59.843	TEL,1618,S3,338211725,0,0,0,436,2932                           
2026-10-06T20:23:59.843	TEL,1619,S3,338221725,0,0,0,436,2932                           
2026-10-06T20:23:59.843	TEL,1620,S3,338231725,0,0,0,430,2932                           
2026-10-06T20:23:59.843	TEL,1621,S3,338241725,0,0,0,428,2928                           
2026-10-06T20:23:59.843	TEL,1622,S3,338251725,0,0,0,425,2928                           
2026-10-06T20:23:59.843	TEL,1623,S3,338261725,0,0,0,425,2928                           
2026-10-06T20:23:59.843	TEL,1624,S3,338271725,0,0,0,428,2928                           
2026-10-06T20:23:59.843	TEL,1625,S3,338281725,0,0,0,428,2928                           
2026-10-06T20:23:59.843	TEL,1626,S3,338291725,0,0,0,425,2928                           
2026-10-06T20:23:59.843	TEL,1627,S3,338301725,0,0,0,428,2932                           
2026-10-06T20:23:59.843	TEL,1628,S3,338311725,0,0,0,430,2932                           
2026-10-06T20:23:59.843	TEL,1629,S3,338321725,0,0,0,428,2928                           
2026-10-06T20:23:59.843	TEL,1630,S3,338331725,0,0,0,422,2928                           
2026-10-06T20:23:59.843	TEL,1631,S3,338341725,0,0,0,425,2932                           
2026-10-06T20:23:59.843	TEL,1632,S3,338351725,0,0,0,428,2932                           
2026-10-06T20:23:59.843	TEL,1633,S3,338361725,0,0,0,425,2928                           
2026-10-06T20:23:59.843	TEL,1634,S3,338371725,0,0,0,428,2928                           
2026-10-06T20:23:59.843	TEL,1635,S3,338381725,0,0,0,428,2928                           
2026-10-06T20:23:59.843	TEL,1636,S3,338391725,0,0,0,428,2928                           
2026-10-06T20:23:59.843	TEL,1637,S3,338401725,0,0,0,428,2928                           
2026-10-06T20:23:59.843	TEL,1638,S3,338411725,0,0,0,430,2928                           
2026-10-06T20:23:59.843	TEL,1639,S3,338421725,0,0,0,433,2932                           
2026-10-06T20:23:59.843	BTN,16,S3,PRESSED,338421971,338421978                          
2026-10-06T20:23:59.843	TEL,1640,S3,338431725,0,0,0,430,2932                           
2026-10-06T20:23:59.843	TEL,1641,S3,338441725,0,0,0,428,2930                           
2026-10-06T20:23:59.843	TEL,1642,S3,338451725,0,0,0,428,2930                           
2026-10-06T20:23:59.843	TEL,1643,S3,338461725,0,0,0,428,2928                           
2026-10-06T20:23:59.843	TEL,1644,S3,338471725,0,0,0,428,2928                           
2026-10-06T20:23:59.843	TEL,1645,S3,338481725,0,0,0,428,2928                           
2026-10-06T20:23:59.843	TEL,1646,S3,338491725,0,0,0,433,2928                           
2026-10-06T20:23:59.843	TEL,1647,S3,338501725,0,0,0,436,2932                           
2026-10-06T20:23:59.843	TEL,1648,S3,338511725,0,0,0,430,2932                           
2026-10-06T20:23:59.843	TEL,1649,S3,338521725,0,0,0,433,2933                           
2026-10-06T20:23:59.843	TEL,1650,S3,338531725,0,0,0,433,2933                           
2026-10-06T20:23:59.843	TEL,1651,S3,338541725,0,0,0,428,2928                           
2026-10-06T20:23:59.843	TEL,1652,S3,338551725,0,0,0,428,2928                           
2026-10-06T20:23:59.843	TEL,1653,S3,338561725,0,0,0,428,2928                           
2026-10-06T20:23:59.843	TEL,1654,S3,338571725,0,0,0,425,2928                           
2026-10-06T20:23:59.843	TEL,1655,S3,338581725,0,0,0,428,2932                           
2026-10-06T20:23:59.843	TEL,1656,S3,338591725,0,0,0,430,2932                           
2026-10-06T20:23:59.843	TEL,1657,S3,338601725,0,0,0,430,2932                           
2026-10-06T20:24:00.461	TEL,1658,S3,338611725,0,0,0,430,2932                           
2026-10-06T20:24:00.461	TEL,1659,S3,338621725,0,0,0,428,2928                           
2026-10-06T20:24:00.461	TEL,1660,S3,338631725,0,0,0,433,2928                           
2026-10-06T20:24:00.461	TEL,1661,S3,338641725,0,0,0,433,2930                           
2026-10-06T20:24:00.461	TEL,1662,S3,338651725,0,0,0,425,2930                           
2026-10-06T20:24:00.461	TEL,1663,S3,338661725,0,0,0,425,2930                           
2026-10-06T20:24:00.461	TEL,1664,S3,338671725,0,0,0,428,2930                           
2026-10-06T20:24:00.461	TEL,1665,S3,338681725,0,0,0,428,2928                           
2026-10-06T20:24:00.461	TEL,1666,S3,338691725,0,0,0,428,2928                           
2026-10-06T20:24:00.461	TEL,1667,S3,338701725,0,0,0,433,2933                           
2026-10-06T20:24:00.461	TEL,1668,S3,338711725,0,0,0,433,2933                           
2026-10-06T20:24:00.461	TEL,1669,S3,338721725,0,0,0,428,2928                           
2026-10-06T20:24:00.461	TEL,1670,S3,338731725,0,0,0,425,2928                           
2026-10-06T20:24:00.461	TEL,1671,S3,338741725,0,0,0,425,2928                           
2026-10-06T20:24:00.461	TEL,1672,S3,338751725,0,0,0,433,2928                           
2026-10-06T20:24:00.461	TEL,1673,S3,338761725,0,0,0,433,2928                           
2026-10-06T20:24:00.461	TEL,1674,S3,338771725,0,0,0,428,2928                           
2026-10-06T20:24:00.461	TEL,1675,S3,338781725,0,0,0,430,2932                           
2026-10-06T20:24:00.461	TEL,1676,S3,338791725,0,0,0,433,2932                           
2026-10-06T20:24:00.461	TEL,1677,S3,338801725,0,0,0,433,2932                           
2026-10-06T20:24:00.461	TEL,1678,S3,338811725,0,0,0,430,2932                           
2026-10-06T20:24:00.461	TEL,1679,S3,338821725,0,0,0,430,2932                           
2026-10-06T20:24:00.461	TEL,1680,S3,338831725,0,0,0,430,2932                           
2026-10-06T20:24:00.461	TEL,1681,S3,338841725,0,0,0,428,2928                           
2026-10-06T20:24:00.461	TEL,1682,S3,338851725,0,0,0,422,2928                           
2026-10-06T20:24:00.461	TEL,1683,S3,338861725,0,0,0,425,2930                           
2026-10-06T20:24:00.461	TEL,1684,S3,338871725,0,0,0,428,2930                           
2026-10-06T20:24:00.461	TEL,1685,S3,338881725,0,0,0,433,2933                           
2026-10-06T20:24:00.461	TEL,1686,S3,338891725,0,0,0,433,2933                           
2026-10-06T20:24:00.461	TEL,1687,S3,338901725,0,0,0,428,2928                           
2026-10-06T20:24:00.461	TEL,1688,S3,338911725,0,0,0,428,2928                           
2026-10-06T20:24:00.461	TEL,1689,S3,338921725,0,0,0,430,2932                           
2026-10-06T20:24:00.461	TEL,1690,S3,338931725,0,0,0,430,2932                           
2026-10-06T20:24:00.461	TEL,1691,S3,338941725,0,0,0,433,2933                           
2026-10-06T20:24:00.461	TEL,1692,S3,338951725,0,0,0,433,2933                           
2026-10-06T20:24:00.461	TEL,1693,S3,338961725,0,0,0,430,2932                           
2026-10-06T20:24:00.461	TEL,1694,S3,338971725,0,0,0,428,2932                           
2026-10-06T20:24:00.461	TEL,1695,S3,338981725,0,0,0,422,2927                           
2026-10-06T20:24:00.461	TEL,1696,S3,338991725,0,0,0,428,2927                           
2026-10-06T20:24:00.461	TEL,1697,S3,339001725,0,0,0,433,2932                           
2026-10-06T20:24:00.461	TEL,1698,S3,339011725,0,0,0,430,2932                           
2026-10-06T20:24:00.461	TEL,1699,S3,339021725,0,0,0,430,2932                           
2026-10-06T20:24:00.461	TEL,1700,S3,339031725,0,0,0,428,2932                           
2026-10-06T20:24:00.461	TEL,1701,S3,339041725,0,0,0,425,2928                           
2026-10-06T20:24:00.461	TEL,1702,S3,339051725,0,0,0,428,2928                           
2026-10-06T20:24:00.461	TEL,1703,S3,339061725,0,0,0,430,2932                           
2026-10-06T20:24:00.461	TEL,1704,S3,339071725,0,0,0,428,2932                           
2026-10-06T20:24:00.461	TEL,1705,S3,339081725,0,0,0,428,2932                           
2026-10-06T20:24:00.461	TEL,1706,S3,339091725,0,0,0,430,2932                           
2026-10-06T20:24:00.461	TEL,1707,S3,339101725,0,0,0,430,2932                           
2026-10-06T20:24:00.461	TEL,1708,S3,339111725,0,0,0,430,2932                           
2026-10-06T20:24:00.461	TEL,1709,S3,339121725,0,0,0,433,2933                           
2026-10-06T20:24:00.461	TEL,1710,S3,339131725,0,0,0,433,2933                           
2026-10-06T20:24:00.461	TEL,1711,S3,339141725,0,0,0,428,2930                           
2026-10-06T20:24:00.461	TEL,1712,S3,339151725,0,0,0,430,2930                           
2026-10-06T20:24:00.461	TEL,1713,S3,339161725,0,0,0,430,2930                           
2026-10-06T20:24:00.461	TEL,1714,S3,339171725,0,0,0,428,2930                           
2026-10-06T20:24:00.461	TEL,1715,S3,339181725,0,0,0,428,2928                           
2026-10-06T20:24:00.461	TEL,1716,S3,339191725,0,0,0,428,2928                           
2026-10-06T20:24:00.461	TEL,1717,S3,339201725,0,0,0,428,2928                           
2026-10-06T20:24:00.461	TEL,1718,S3,339211725,0,0,0,428,2928                           
2026-10-06T20:24:00.461	TEL,1719,S3,339221725,0,0,0,430,2932                           
2026-10-06T20:24:01.073	TEL,1720,S3,339231725,0,0,0,428,2932                           
2026-10-06T20:24:01.073	TEL,1721,S3,339241725,0,0,0,425,2928                           
2026-10-06T20:24:01.073	TEL,1722,S3,339251725,0,0,0,425,2928                           
2026-10-06T20:24:01.073	TEL,1723,S3,339261725,0,0,0,425,2928                           
2026-10-06T20:24:01.073	TEL,1724,S3,339271725,0,0,0,428,2928                           
2026-10-06T20:24:01.073	TEL,1725,S3,339281725,0,0,0,430,2932                           
2026-10-06T20:24:01.073	TEL,1726,S3,339291725,0,0,0,430,2932                           
2026-10-06T20:24:01.073	TEL,1727,S3,339301725,0,0,0,430,2932                           
2026-10-06T20:24:01.073	TEL,1728,S3,339311725,0,0,0,430,2932                           
2026-10-06T20:24:01.073	BTN,17,S3,PRESSED,339315977,339315984                          
2026-10-06T20:24:01.073	TEL,1729,S3,339321725,0,0,0,428,2928                           
2026-10-06T20:24:01.073	TEL,1730,S3,339331725,0,0,0,428,2928                           
2026-10-06T20:24:01.073	TEL,1731,S3,339341725,0,0,0,428,2928                           
2026-10-06T20:24:01.073	TEL,1732,S3,339351725,0,0,0,425,2928                           
2026-10-06T20:24:01.073	TEL,1733,S3,339361725,0,0,0,428,2932                           
2026-10-06T20:24:01.073	TEL,1734,S3,339371725,0,0,0,436,2932                           
2026-10-06T20:24:01.073	TEL,1735,S3,339381725,0,0,0,433,2928                           
2026-10-06T20:24:01.073	TEL,1736,S3,339391725,0,0,0,433,2928                           
2026-10-06T20:24:01.073	TEL,1737,S3,339401725,0,0,0,433,2928                           
2026-10-06T20:24:01.073	TEL,1738,S3,339411725,0,0,0,428,2928                           
2026-10-06T20:24:01.073	TEL,1739,S3,339421725,0,0,0,430,2932                           
2026-10-06T20:24:01.073	TEL,1740,S3,339431725,0,0,0,430,2932                           
2026-10-06T20:24:01.073	TEL,1741,S3,339441725,0,0,0,428,2928                           
2026-10-06T20:24:01.073	TEL,1742,S3,339451725,0,0,0,428,2928                           
2026-10-06T20:24:01.073	TEL,1743,S3,339461725,0,0,0,428,2928                           
2026-10-06T20:24:01.073	TEL,1744,S3,339471725,0,0,0,430,2928                           
2026-10-06T20:24:01.073	TEL,1745,S3,339481725,0,0,0,433,2932                           
2026-10-06T20:24:01.073	TEL,1746,S3,339491725,0,0,0,425,2932                           
2026-10-06T20:24:01.073	TEL,1747,S3,339501725,0,0,0,428,2933                           
2026-10-06T20:24:01.073	TEL,1748,S3,339511725,0,0,0,433,2933                           
2026-10-06T20:24:01.074	TEL,1749,S3,339521725,0,0,0,428,2928                           
2026-10-06T20:24:01.074	TEL,1750,S3,339531725,0,0,0,428,2928                           
2026-10-06T20:24:01.074	TEL,1751,S3,339541725,0,0,0,428,2928                           
2026-10-06T20:24:01.074	TEL,1752,S3,339551725,0,0,0,428,2928                           
2026-10-06T20:24:01.074	TEL,1753,S3,339561725,0,0,0,433,2933                           
2026-10-06T20:24:01.074	TEL,1754,S3,339571725,0,0,0,433,2933                           
2026-10-06T20:24:01.074	TEL,1755,S3,339581725,0,0,0,428,2928                           
2026-10-06T20:24:01.074	TEL,1756,S3,339591725,0,0,0,428,2928                           
2026-10-06T20:24:01.074	TEL,1757,S3,339601725,0,0,0,430,2932                           
2026-10-06T20:24:01.074	TEL,1758,S3,339611725,0,0,0,430,2932                           
2026-10-06T20:24:01.074	TEL,1759,S3,339621725,0,0,0,428,2928                           
2026-10-06T20:24:01.074	TEL,1760,S3,339631725,0,0,0,425,2928                           
2026-10-06T20:24:01.074	TEL,1761,S3,339641725,0,0,0,425,2928                           
2026-10-06T20:24:01.074	TEL,1762,S3,339651725,0,0,0,428,2928                           
2026-10-06T20:24:01.074	TEL,1763,S3,339661725,0,0,0,428,2928                           
2026-10-06T20:24:01.074	TEL,1764,S3,339671725,0,0,0,428,2928                           
2026-10-06T20:24:01.074	TEL,1765,S3,339681725,0,0,0,428,2928                           
2026-10-06T20:24:01.074	TEL,1766,S3,339691725,0,0,0,428,2928                           
2026-10-06T20:24:01.074	TEL,1767,S3,339701725,0,0,0,430,2932                           
2026-10-06T20:24:01.074	TEL,1768,S3,339711725,0,0,0,430,2932                           
2026-10-06T20:24:01.074	TEL,1769,S3,339721725,0,0,0,430,2932                           
2026-10-06T20:24:01.074	TEL,1770,S3,339731725,0,0,0,428,2932                           
2026-10-06T20:24:01.074	TEL,1771,S3,339741725,0,0,0,428,2932                           
2026-10-06T20:24:01.074	TEL,1772,S3,339751725,0,0,0,430,2932                           
2026-10-06T20:24:01.074	TEL,1773,S3,339761725,0,0,0,428,2928                           
2026-10-06T20:24:01.074	TEL,1774,S3,339771725,0,0,0,433,2928                           
2026-10-06T20:24:01.074	TEL,1775,S3,339781725,0,0,0,436,2933                           
2026-10-06T20:24:01.074	TEL,1776,S3,339791725,0,0,0,436,2933                           
2026-10-06T20:24:01.074	TEL,1777,S3,339801725,0,0,0,433,2928                           
2026-10-06T20:24:01.074	TEL,1778,S3,339811725,0,0,0,428,2928                           
2026-10-06T20:24:01.074	TEL,1779,S3,339821725,0,0,0,428,2928                           
2026-10-06T20:24:01.074	TEL,1780,S3,339831725,0,0,0,428,2928                           
2026-10-06T20:24:01.681	TEL,1781,S3,339841725,0,0,0,430,2932                           
2026-10-06T20:24:01.681	TEL,1782,S3,339851725,0,0,0,430,2932                           
2026-10-06T20:24:01.681	TEL,1783,S3,339861725,0,0,0,433,2933                           
2026-10-06T20:24:01.681	TEL,1784,S3,339871725,0,0,0,433,2933                           
2026-10-06T20:24:01.681	TEL,1785,S3,339881725,0,0,0,430,2932                           
2026-10-06T20:24:01.681	TEL,1786,S3,339891725,0,0,0,430,2932                           
2026-10-06T20:24:01.681	TEL,1787,S3,339901725,0,0,0,428,2928                           
2026-10-06T20:24:01.681	TEL,1788,S3,339911725,0,0,0,428,2928                           
2026-10-06T20:24:01.681	TEL,1789,S3,339921725,0,0,0,430,2932                           
2026-10-06T20:24:01.681	TEL,1790,S3,339931725,0,0,0,430,2932                           
2026-10-06T20:24:01.681	TEL,1791,S3,339941725,0,0,0,425,2927                           
2026-10-06T20:24:01.681	BTN,18,S3,PRESSED,339947982,339947989                          
2026-10-06T20:24:01.681	TEL,1792,S3,339951725,0,0,0,428,2927                           
2026-10-06T20:24:01.681	TEL,1793,S3,339961725,0,0,0,430,2930                           
2026-10-06T20:24:01.681	TEL,1794,S3,339971725,0,0,0,428,2930                           
2026-10-06T20:24:01.681	TEL,1795,S3,339981725,0,0,0,430,2932                           
2026-10-06T20:24:01.681	TEL,1796,S3,339991725,0,0,0,430,2932                           
2026-10-06T20:24:01.681	TEL,1797,S3,340001725,0,0,0,433,2933                           
2026-10-06T20:24:01.681	TEL,1798,S3,340011725,0,0,0,428,2933                           
2026-10-06T20:24:01.681	TEL,1799,S3,340021725,0,0,0,425,2930                           
2026-10-06T20:24:01.681	TEL,1800,S3,340031725,0,0,0,428,2930                           
2026-10-06T20:24:01.681	TEL,1801,S3,340041725,0,0,0,433,2933                           
2026-10-06T20:24:01.681	TEL,1802,S3,340051725,0,0,0,433,2933                           
2026-10-06T20:24:01.681	TEL,1803,S3,340061725,0,0,0,430,2932                           
2026-10-06T20:24:01.681	TEL,1804,S3,340071725,0,0,0,430,2932                           
2026-10-06T20:24:01.681	TEL,1805,S3,340081725,0,0,0,430,2932                           
2026-10-06T20:24:01.681	TEL,1806,S3,340091725,0,0,0,430,2932                           
2026-10-06T20:24:01.681	TEL,1807,S3,340101725,0,0,0,428,2928                           
2026-10-06T20:24:01.681	TEL,1808,S3,340111725,0,0,0,428,2928                           
2026-10-06T20:24:01.681	TEL,1809,S3,340121725,0,0,0,428,2928                           
2026-10-06T20:24:01.681	TEL,1810,S3,340131725,0,0,0,430,2928                           
2026-10-06T20:24:01.681	TEL,1811,S3,340141725,0,0,0,433,2932                           
2026-10-06T20:24:01.681	TEL,1812,S3,340151725,0,0,0,433,2932                           
2026-10-06T20:24:01.681	TEL,1813,S3,340161725,0,0,0,433,2932                           
2026-10-06T20:24:01.681	TEL,1814,S3,340171725,0,0,0,430,2932                           
2026-10-06T20:24:01.681	TEL,1815,S3,340181725,0,0,0,428,2930                           
2026-10-06T20:24:01.681	TEL,1816,S3,340191725,0,0,0,428,2930                           
2026-10-06T20:24:01.681	TEL,1817,S3,340201725,0,0,0,430,2932                           
2026-10-06T20:24:01.681	TEL,1818,S3,340211725,0,0,0,430,2932                           
2026-10-06T20:24:01.681	TEL,1819,S3,340221725,0,0,0,433,2933                           
2026-10-06T20:24:01.681	TEL,1820,S3,340231725,0,0,0,433,2933                           
2026-10-06T20:24:01.681	TEL,1821,S3,340241725,0,0,0,428,2928                           
2026-10-06T20:24:01.681	TEL,1822,S3,340251725,0,0,0,425,2928                           
2026-10-06T20:24:01.681	TEL,1823,S3,340261725,0,0,0,428,2930                           
2026-10-06T20:24:01.681	TEL,1824,S3,340271725,0,0,0,428,2930                           
2026-10-06T20:24:01.681	TEL,1825,S3,340281725,0,0,0,428,2932                           
2026-10-06T20:24:01.681	TEL,1826,S3,340291725,0,0,0,430,2932                           
2026-10-06T20:24:01.681	TEL,1827,S3,340301725,0,0,0,430,2932                           
2026-10-06T20:24:01.681	TEL,1828,S3,340311725,0,0,0,430,2932                           
2026-10-06T20:24:01.681	TEL,1829,S3,340321725,0,0,0,428,2928                           
2026-10-06T20:24:01.681	TEL,1830,S3,340331725,0,0,0,428,2928                           
2026-10-06T20:24:01.681	TEL,1831,S3,340341725,0,0,0,433,2933                           
2026-10-06T20:24:01.681	TEL,1832,S3,340351725,0,0,0,428,2933                           
2026-10-06T20:24:01.681	TEL,1833,S3,340361725,0,0,0,422,2928                           
2026-10-06T20:24:01.681	TEL,1834,S3,340371725,0,0,0,422,2928                           
2026-10-06T20:24:01.681	TEL,1835,S3,340381725,0,0,0,425,2932                           
2026-10-06T20:24:01.681	TEL,1836,S3,340391725,0,0,0,430,2932                           
2026-10-06T20:24:01.681	TEL,1837,S3,340401725,0,0,0,428,2928                           
2026-10-06T20:24:01.681	TEL,1838,S3,340411725,0,0,0,428,2928                           
2026-10-06T20:24:01.681	TEL,1839,S3,340421725,0,0,0,428,2928                           
2026-10-06T20:24:01.681	TEL,1840,S3,340431725,0,0,0,425,2928                           
2026-10-06T20:24:01.681	TEL,1841,S3,340441725,0,0,0,425,2928                           
2026-10-06T20:24:02.292	TEL,1842,S3,340451725,0,0,0,422,2928                           
2026-10-06T20:24:02.292	TEL,1843,S3,340461725,0,0,0,422,2928                           
2026-10-06T20:24:02.292	TEL,1844,S3,340471725,0,0,0,428,2928                           
2026-10-06T20:24:02.292	TEL,1845,S3,340481725,0,0,0,428,2928                           
2026-10-06T20:24:02.292	TEL,1846,S3,340491725,0,0,0,425,2928                           
2026-10-06T20:24:02.292	TEL,1847,S3,340501725,0,0,0,428,2932                           
2026-10-06T20:24:02.292	TEL,1848,S3,340511725,0,0,0,425,2932                           
2026-10-06T20:24:02.292	TEL,1849,S3,340521725,0,0,0,422,2928                           
2026-10-06T20:24:02.292	TEL,1850,S3,340531725,0,0,0,425,2928                           
2026-10-06T20:24:02.292	BTN,19,S3,PRESSED,340539988,340539995                          
2026-10-06T20:24:02.292	TEL,1851,S3,340541725,0,0,0,428,2932                           
2026-10-06T20:24:02.292	TEL,1852,S3,340551725,0,0,0,419,2932                           
2026-10-06T20:24:02.292	TEL,1853,S3,340561725,0,0,0,425,2939                           
2026-10-06T20:24:02.292	TEL,1854,S3,340571725,0,0,0,433,2939                           
2026-10-06T20:24:02.292	TEL,1855,S3,340581725,0,0,0,425,2928                           
2026-10-06T20:24:02.292	TEL,1856,S3,340591725,0,0,0,433,2928                           
2026-10-06T20:24:02.292	TEL,1857,S3,340601725,0,0,0,433,2928                           
2026-10-06T20:24:02.292	TEL,1858,S3,340611725,0,0,0,428,2928                           
2026-10-06T20:24:02.292	TEL,1859,S3,340621725,0,0,0,428,2930                           
2026-10-06T20:24:02.292	TEL,1860,S3,340631725,0,0,0,428,2930                           
2026-10-06T20:24:02.292	TEL,1861,S3,340641725,0,0,0,425,2928                           
2026-10-06T20:24:02.292	TEL,1862,S3,340651725,0,0,0,425,2928                           
2026-10-06T20:24:02.292	TEL,1863,S3,340661725,0,0,0,425,2928                           
2026-10-06T20:24:02.292	TEL,1864,S3,340671725,0,0,0,428,2928                           
2026-10-06T20:24:02.292	TEL,1865,S3,340681725,0,0,0,428,2928                           
2026-10-06T20:24:02.292	TEL,1866,S3,340691725,0,0,0,428,2928                           
2026-10-06T20:24:02.292	TEL,1867,S3,340701725,0,0,0,428,2928                           
2026-10-06T20:24:02.292	TEL,1868,S3,340711725,0,0,0,425,2928                           
2026-10-06T20:24:02.292	TEL,1869,S3,340721725,0,0,0,428,2930                           
2026-10-06T20:24:02.292	TEL,1870,S3,340731725,0,0,0,428,2930                           
2026-10-06T20:24:02.292	TEL,1871,S3,340741725,0,0,0,428,2932                           
2026-10-06T20:24:02.292	TEL,1872,S3,340751725,0,0,0,430,2932                           
2026-10-06T20:24:02.292	TEL,1873,S3,340761725,0,0,0,428,2928                           
2026-10-06T20:24:02.292	TEL,1874,S3,340771725,0,0,0,428,2928                           
2026-10-06T20:24:02.292	TEL,1875,S3,340781725,0,0,0,430,2932                           
2026-10-06T20:24:02.293	TEL,1876,S3,340791725,0,0,0,428,2932                           
2026-10-06T20:24:02.293	TEL,1877,S3,340801725,0,0,0,428,2932                           
2026-10-06T20:24:02.293	TEL,1878,S3,340811725,0,0,0,430,2932                           
2026-10-06T20:24:02.293	TEL,1879,S3,340821725,0,0,0,428,2930                           
2026-10-06T20:24:02.293	TEL,1880,S3,340831725,0,0,0,428,2930                           
2026-10-06T20:24:02.293	TEL,1881,S3,340841725,0,0,0,428,2928                           
2026-10-06T20:24:02.293	TEL,1882,S3,340851725,0,0,0,433,2928                           
2026-10-06T20:24:02.293	TEL,1883,S3,340861725,0,0,0,433,2928                           
2026-10-06T20:24:02.293	TEL,1884,S3,340871725,0,0,0,442,2928                           
2026-10-06T20:24:02.293	TEL,1885,S3,340881725,0,0,0,442,2928                           
2026-10-06T20:24:02.293	TEL,1886,S3,340891725,0,0,0,428,2928                           
2026-10-06T20:24:02.293	TEL,1887,S3,340901725,0,0,0,428,2928                           
2026-10-06T20:24:02.293	TEL,1888,S3,340911725,0,0,0,428,2928                           
2026-10-06T20:24:02.293	TEL,1889,S3,340921725,0,0,0,430,2932                           
2026-10-06T20:24:02.293	TEL,1890,S3,340931725,0,0,0,428,2932                           
2026-10-06T20:24:02.293	TEL,1891,S3,340941725,0,0,0,428,2932                           
2026-10-06T20:24:02.293	TEL,1892,S3,340951725,0,0,0,430,2932                           
2026-10-06T20:24:02.293	TEL,1893,S3,340961725,0,0,0,430,2932                           
2026-10-06T20:24:02.293	TEL,1894,S3,340971725,0,0,0,430,2932                           
2026-10-06T20:24:02.293	TEL,1895,S3,340981725,0,0,0,428,2928                           
2026-10-06T20:24:02.293	TEL,1896,S3,340991725,0,0,0,428,2928                           
2026-10-06T20:24:02.293	TEL,1897,S3,341001725,0,0,0,428,2930                           
2026-10-06T20:24:02.293	TEL,1898,S3,341011725,0,0,0,428,2930                           
2026-10-06T20:24:02.293	TEL,1899,S3,341021725,0,0,0,428,2928                           
2026-10-06T20:24:02.293	TEL,1900,S3,341031725,0,0,0,428,2928                           
2026-10-06T20:24:02.293	TEL,1901,S3,341041725,0,0,0,428,2928                           
2026-10-06T20:24:02.293	TEL,1902,S3,341051725,0,0,0,422,2928                           
2026-10-06T20:24:02.902	TEL,1903,S3,341061725,0,0,0,422,2928                           
2026-10-06T20:24:02.904	TEL,1904,S3,341071725,0,0,0,430,2928                           
2026-10-06T20:24:02.904	TEL,1905,S3,341081725,0,0,0,433,2932                           
2026-10-06T20:24:02.904	TEL,1906,S3,341091725,0,0,0,428,2932                           
2026-10-06T20:24:02.904	TEL,1907,S3,341101725,0,0,0,430,2933                           
2026-10-06T20:24:02.904	TEL,1908,S3,341111725,0,0,0,433,2933                           
2026-10-06T20:24:02.904	TEL,1909,S3,341121725,0,0,0,430,2928                           
2026-10-06T20:24:02.904	TEL,1910,S3,341131725,0,0,0,422,2928                           
2026-10-06T20:24:02.904	TEL,1911,S3,341141725,0,0,0,425,2932                           
2026-10-06T20:24:02.904	TEL,1912,S3,341151725,0,0,0,428,2932                           
2026-10-06T20:24:02.904	TEL,1913,S3,341161725,0,0,0,428,2932                           
2026-10-06T20:24:02.904	TEL,1914,S3,341171725,0,0,0,430,2932                           
2026-10-06T20:24:02.904	TEL,1915,S3,341181725,0,0,0,428,2928                           
2026-10-06T20:24:02.904	TEL,1916,S3,341191725,0,0,0,428,2928                           
2026-10-06T20:24:02.904	TEL,1917,S3,341201725,0,0,0,428,2928                           
2026-10-06T20:24:02.904	TEL,1918,S3,341211725,0,0,0,425,2928                           
2026-10-06T20:24:02.904	TEL,1919,S3,341221725,0,0,0,425,2928                           
2026-10-06T20:24:02.904	TEL,1920,S3,341231725,0,0,0,428,2928                           
2026-10-06T20:24:02.904	TEL,1921,S3,341241725,0,0,0,430,2932                           
2026-10-06T20:24:02.904	TEL,1922,S3,341251725,0,0,0,428,2932                           
2026-10-06T20:24:02.904	TEL,1923,S3,341261725,0,0,0,425,2928                           
2026-10-06T20:24:02.904	TEL,1924,S3,341271725,0,0,0,433,2928                           
2026-10-06T20:24:02.904	TEL,1925,S3,341281725,0,0,0,433,2928                           
2026-10-06T20:24:02.904	TEL,1926,S3,341291725,0,0,0,425,2928                           
2026-10-06T20:24:02.904	TEL,1927,S3,341301725,0,0,0,425,2928                           
2026-10-06T20:24:02.904	TEL,1928,S3,341311725,0,0,0,425,2928                           
2026-10-06T20:24:02.904	TEL,1929,S3,341321725,0,0,0,425,2928                           
2026-10-06T20:24:02.904	TEL,1930,S3,341331725,0,0,0,428,2928                           
2026-10-06T20:24:02.904	TEL,1931,S3,341341725,0,0,0,430,2932                           
2026-10-06T20:24:02.904	BTN,20,S3,PRESSED,341342993,341343000                          
2026-10-06T20:24:02.904	TEL,1932,S3,341351725,0,0,0,433,2932                           
2026-10-06T20:24:02.904	TEL,1933,S3,341361725,0,0,0,430,2928                           
2026-10-06T20:24:02.904	TEL,1934,S3,341371725,0,0,0,428,2928                           
2026-10-06T20:24:02.904	TEL,1935,S3,341381725,0,0,0,430,2932                           
2026-10-06T20:24:02.904	TEL,1936,S3,341391725,0,0,0,425,2932                           
2026-10-06T20:24:02.904	TEL,1937,S3,341401725,0,0,0,425,2932                           
2026-10-06T20:24:02.904	TEL,1938,S3,341411725,0,0,0,430,2932                           
2026-10-06T20:24:02.904	TEL,1939,S3,341421725,0,0,0,430,2932                           
2026-10-06T20:24:02.904	TEL,1940,S3,341431725,0,0,0,428,2932                           
2026-10-06T20:24:02.904	TEL,1941,S3,341441725,0,0,0,425,2928                           
2026-10-06T20:24:02.904	TEL,1942,S3,341451725,0,0,0,425,2928                           
2026-10-06T20:24:02.904	TEL,1943,S3,341461725,0,0,0,430,2933                           
2026-10-06T20:24:02.904	TEL,1944,S3,341471725,0,0,0,433,2933                           
2026-10-06T20:24:02.904	TEL,1945,S3,341481725,0,0,0,428,2930                           
2026-10-06T20:24:02.904	TEL,1946,S3,341491725,0,0,0,425,2930                           
2026-10-06T20:24:02.904	TEL,1947,S3,341501725,0,0,0,422,2928                           
2026-10-06T20:24:02.904	TEL,1948,S3,341511725,0,0,0,425,2928                           
2026-10-06T20:24:02.904	TEL,1949,S3,341521725,0,0,0,428,2932                           
2026-10-06T20:24:02.904	TEL,1950,S3,341531725,0,0,0,425,2932                           
2026-10-06T20:24:02.904	TEL,1951,S3,341541725,0,0,0,425,2932                           
2026-10-06T20:24:02.904	TEL,1952,S3,341551725,0,0,0,430,2932                           
2026-10-06T20:24:02.904	TEL,1953,S3,341561725,0,0,0,428,2928                           
2026-10-06T20:24:02.904	TEL,1954,S3,341571725,0,0,0,430,2928                           
2026-10-06T20:24:02.904	TEL,1955,S3,341581725,0,0,0,433,2932                           
2026-10-06T20:24:02.904	TEL,1956,S3,341591725,0,0,0,430,2932                           
2026-10-06T20:24:02.904	TEL,1957,S3,341601725,0,0,0,428,2930                           
2026-10-06T20:24:02.904	TEL,1958,S3,341611725,0,0,0,428,2930                           
2026-10-06T20:24:02.904	TEL,1959,S3,341621725,0,0,0,430,2932                           
2026-10-06T20:24:02.904	TEL,1960,S3,341631725,0,0,0,430,2932                           
2026-10-06T20:24:02.904	TEL,1961,S3,341641725,0,0,0,430,2932                           
2026-10-06T20:24:02.904	TEL,1962,S3,341651725,0,0,0,428,2932                           
2026-10-06T20:24:02.904	TEL,1963,S3,341661725,0,0,0,428,2932                           
2026-10-06T20:24:03.511	TEL,1964,S3,341671725,0,0,0,428,2932                           
2026-10-06T20:24:03.511	TEL,1965,S3,341681725,0,0,0,425,2928                           
2026-10-06T20:24:03.511	TEL,1966,S3,341691725,0,0,0,422,2928                           
2026-10-06T20:24:03.511	TEL,1967,S3,341701725,0,0,0,425,2932                           
2026-10-06T20:24:03.511	TEL,1968,S3,341711725,0,0,0,425,2932                           
2026-10-06T20:24:03.511	TEL,1969,S3,341721725,0,0,0,422,2928                           
2026-10-06T20:24:03.511	TEL,1970,S3,341731725,0,0,0,428,2928                           
2026-10-06T20:24:03.511	TEL,1971,S3,341741725,0,0,0,428,2930                           
2026-10-06T20:24:03.511	TEL,1972,S3,341751725,0,0,0,428,2930                           
2026-10-06T20:24:03.511	TEL,1973,S3,341761725,0,0,0,430,2932                           
2026-10-06T20:24:03.511	TEL,1974,S3,341771725,0,0,0,428,2932                           
2026-10-06T20:24:03.511	TEL,1975,S3,341781725,0,0,0,428,2932                           
2026-10-06T20:24:03.511	TEL,1976,S3,341791725,0,0,0,428,2932                           
2026-10-06T20:24:03.511	TEL,1977,S3,341801725,0,0,0,428,2932                           
2026-10-06T20:24:03.511	TEL,1978,S3,341811725,0,0,0,430,2932                           
2026-10-06T20:24:03.511	TEL,1979,S3,341821725,0,0,0,430,2932                           
2026-10-06T20:24:03.511	TEL,1980,S3,341831725,0,0,0,430,2932                           
2026-10-06T20:24:03.511	TEL,1981,S3,341841725,0,0,0,428,2928                           
2026-10-06T20:24:03.511	TEL,1982,S3,341851725,0,0,0,428,2928                           
2026-10-06T20:24:03.511	TEL,1983,S3,341861725,0,0,0,430,2932                           
2026-10-06T20:24:03.511	TEL,1984,S3,341871725,0,0,0,428,2932                           
2026-10-06T20:24:03.511	TEL,1985,S3,341881725,0,0,0,428,2930                           
2026-10-06T20:24:03.511	TEL,1986,S3,341891725,0,0,0,425,2930                           
2026-10-06T20:24:03.511	TEL,1987,S3,341901725,0,0,0,422,2928                           
2026-10-06T20:24:03.511	TEL,1988,S3,341911725,0,0,0,428,2928                           
2026-10-06T20:24:03.511	TEL,1989,S3,341921725,0,0,0,428,2928                           
2026-10-06T20:24:03.511	TEL,1990,S3,341931725,0,0,0,425,2928                           
2026-10-06T20:24:03.511	TEL,1991,S3,341941725,0,0,0,428,2932                           
2026-10-06T20:24:03.511	BTN,21,S3,PRESSED,341950999,341951006                          
2026-10-06T20:24:03.511	TEL,1992,S3,341951725,0,0,0,430,2932                           
2026-10-06T20:24:03.511	TEL,1993,S3,341961725,0,0,0,442,2944                           
2026-10-06T20:24:03.511	TEL,1994,S3,341971725,0,0,0,439,2944                           
2026-10-06T20:24:03.511	TEL,1995,S3,341981725,0,0,0,425,2928                           
2026-10-06T20:24:03.511	TEL,1996,S3,341991725,0,0,0,428,2928                           
2026-10-06T20:24:03.511	TEL,1997,S3,342001725,0,0,0,428,2930                           
2026-10-06T20:24:03.511	TEL,1998,S3,342011725,0,0,0,428,2930                           
2026-10-06T20:24:03.511	TEL,1999,S3,342021725,0,0,0,428,2928                           
2026-10-06T20:24:03.511	TEL,2000,S3,342031725,0,0,0,428,2928                           
2026-10-06T20:24:03.511	TEL,2001,S3,342041725,0,0,0,430,2932                           
2026-10-06T20:24:03.511	TEL,2002,S3,342051725,0,0,0,428,2932                           
2026-10-06T20:24:03.511	TEL,2003,S3,342061725,0,0,0,425,2928                           
2026-10-06T20:24:03.511	TEL,2004,S3,342071725,0,0,0,425,2928                           
2026-10-06T20:24:03.511	TEL,2005,S3,342081725,0,0,0,428,2932                           
2026-10-06T20:24:03.511	TEL,2006,S3,342091725,0,0,0,430,2932                           
2026-10-06T20:24:03.511	TEL,2007,S3,342101725,0,0,0,433,2933                           
2026-10-06T20:24:03.511	TEL,2008,S3,342111725,0,0,0,433,2933                           
2026-10-06T20:24:03.511	TEL,2009,S3,342121725,0,0,0,428,2930                           
2026-10-06T20:24:03.511	TEL,2010,S3,342131725,0,0,0,428,2930                           
2026-10-06T20:24:03.511	TEL,2011,S3,342141725,0,0,0,428,2928                           
2026-10-06T20:24:03.511	TEL,2012,S3,342151725,0,0,0,428,2928                           
2026-10-06T20:24:03.511	TEL,2013,S3,342161725,0,0,0,428,2928                           
2026-10-06T20:24:03.511	TEL,2014,S3,342171725,0,0,0,428,2928                           
2026-10-06T20:24:03.511	TEL,2015,S3,342181725,0,0,0,428,2928                           
2026-10-06T20:24:03.511	TEL,2016,S3,342191725,0,0,0,428,2928                           
2026-10-06T20:24:03.511	TEL,2017,S3,342201725,0,0,0,428,2930                           
2026-10-06T20:24:03.511	TEL,2018,S3,342211725,0,0,0,428,2930                           
2026-10-06T20:24:03.511	TEL,2019,S3,342221725,0,0,0,430,2932                           
2026-10-06T20:24:03.511	TEL,2020,S3,342231725,0,0,0,430,2932                           
2026-10-06T20:24:03.511	TEL,2021,S3,342241725,0,0,0,428,2928                           
2026-10-06T20:24:03.511	TEL,2022,S3,342251725,0,0,0,428,2928                           
2026-10-06T20:24:03.511	TEL,2023,S3,342261725,0,0,0,428,2928                           
2026-10-06T20:24:03.511	TEL,2024,S3,342271725,0,0,0,428,2928                           
2026-10-06T20:24:04.122	TEL,2025,S3,342281725,0,0,0,430,2932                           
2026-10-06T20:24:04.122	TEL,2026,S3,342291725,0,0,0,428,2932                           
2026-10-06T20:24:04.122	TEL,2027,S3,342301725,0,0,0,428,2932                           
2026-10-06T20:24:04.122	TEL,2028,S3,342311725,0,0,0,428,2932                           
2026-10-06T20:24:04.122	TEL,2029,S3,342321725,0,0,0,428,2932                           
2026-10-06T20:24:04.122	TEL,2030,S3,342331725,0,0,0,430,2932                           
2026-10-06T20:24:04.122	TEL,2031,S3,342341725,0,0,0,430,2932                           
2026-10-06T20:24:04.122	TEL,2032,S3,342351725,0,0,0,428,2932                           
2026-10-06T20:24:04.122	TEL,2033,S3,342361725,0,0,0,428,2932                           
2026-10-06T20:24:04.122	TEL,2034,S3,342371725,0,0,0,430,2932                           
2026-10-06T20:24:04.122	TEL,2035,S3,342381725,0,0,0,430,2932                           
2026-10-06T20:24:04.122	TEL,2036,S3,342391725,0,0,0,430,2932                           
2026-10-06T20:24:04.122	TEL,2037,S3,342401725,0,0,0,428,2928                           
2026-10-06T20:24:04.122	TEL,2038,S3,342411725,0,0,0,430,2928                           
2026-10-06T20:24:04.122	TEL,2039,S3,342421725,0,0,0,430,2928                           
2026-10-06T20:24:04.122	TEL,2040,S3,342431725,0,0,0,425,2928                           
2026-10-06T20:24:04.122	TEL,2041,S3,342441725,0,0,0,428,2932                           
2026-10-06T20:24:04.122	TEL,2042,S3,342451725,0,0,0,430,2932                           
2026-10-06T20:24:04.122	TEL,2043,S3,342461725,0,0,0,428,2928                           
2026-10-06T20:24:04.122	TEL,2044,S3,342471725,0,0,0,425,2928                           
2026-10-06T20:24:04.122	TEL,2045,S3,342481725,0,0,0,428,2932                           
2026-10-06T20:24:04.122	TEL,2046,S3,342491725,0,0,0,430,2932                           
2026-10-06T20:24:04.122	TEL,2047,S3,342501725,0,0,0,428,2928                           
2026-10-06T20:24:04.122	TEL,2048,S3,342511725,0,0,0,428,2928                           
2026-10-06T20:24:04.122	TEL,2049,S3,342521725,0,0,0,428,2928                           
2026-10-06T20:24:04.122	TEL,2050,S3,342531725,0,0,0,428,2928                           
2026-10-06T20:24:04.122	TEL,2051,S3,342541725,0,0,0,428,2928                           
2026-10-06T20:24:04.122	TEL,2052,S3,342551725,0,0,0,428,2928                           
2026-10-06T20:24:04.123	TEL,2053,S3,342561725,0,0,0,430,2932                           
2026-10-06T20:24:04.123	TEL,2054,S3,342571725,0,0,0,430,2932                           
2026-10-06T20:24:04.123	TEL,2055,S3,342581725,0,0,0,428,2928                           
2026-10-06T20:24:04.123	TEL,2056,S3,342591725,0,0,0,428,2928                           
2026-10-06T20:24:04.123	TEL,2057,S3,342601725,0,0,0,428,2928                           
2026-10-06T20:24:04.123	TEL,2058,S3,342611725,0,0,0,428,2928                           
2026-10-06T20:24:04.123	TEL,2059,S3,342621725,0,0,0,428,2928                           
2026-10-06T20:24:04.123	TEL,2060,S3,342631725,0,0,0,433,2928                           
2026-10-06T20:24:04.123	TEL,2061,S3,342641725,0,0,0,436,2932                           
2026-10-06T20:24:04.123	TEL,2062,S3,342651725,0,0,0,428,2932                           
2026-10-06T20:24:04.123	TEL,2063,S3,342661725,0,0,0,428,2932                           
2026-10-06T20:24:04.123	TEL,2064,S3,342671725,0,0,0,430,2932                           
2026-10-06T20:24:04.123	TEL,2065,S3,342681725,0,0,0,430,2932                           
2026-10-06T20:24:04.123	TEL,2066,S3,342691725,0,0,0,430,2932                           
2026-10-06T20:24:04.123	TEL,2067,S3,342701725,0,0,0,430,2932                           
2026-10-06T20:24:04.123	TEL,2068,S3,342711725,0,0,0,428,2932                           
2026-10-06T20:24:04.123	TEL,2069,S3,342721725,0,0,0,425,2928                           
2026-10-06T20:24:04.123	BTN,22,S3,PRESSED,342726004,342726011                          
2026-10-06T20:24:04.123	TEL,2070,S3,342731725,0,0,0,428,2928                           
2026-10-06T20:24:04.123	TEL,2071,S3,342741725,0,0,0,428,2930                           
2026-10-06T20:24:04.123	TEL,2072,S3,342751725,0,0,0,428,2930                           
2026-10-06T20:24:04.123	TEL,2073,S3,342761725,0,0,0,430,2932                           
2026-10-06T20:24:04.123	TEL,2074,S3,342771725,0,0,0,430,2932                           
2026-10-06T20:24:04.123	TEL,2075,S3,342781725,0,0,0,430,2932                           
2026-10-06T20:24:04.123	TEL,2076,S3,342791725,0,0,0,430,2932                           
2026-10-06T20:24:04.123	TEL,2077,S3,342801725,0,0,0,433,2933                           
2026-10-06T20:24:04.123	TEL,2078,S3,342811725,0,0,0,428,2933                           
2026-10-06T20:24:04.123	TEL,2079,S3,342821725,0,0,0,422,2928                           
2026-10-06T20:24:04.123	TEL,2080,S3,342831725,0,0,0,428,2928                           
2026-10-06T20:24:04.123	TEL,2081,S3,342841725,0,0,0,430,2932                           
2026-10-06T20:24:04.123	TEL,2082,S3,342851725,0,0,0,430,2932                           
2026-10-06T20:24:04.123	TEL,2083,S3,342861725,0,0,0,430,2932                           
2026-10-06T20:24:04.123	TEL,2084,S3,342871725,0,0,0,428,2932                           
2026-10-06T20:24:04.123	TEL,2085,S3,342881725,0,0,0,425,2928                           
2026-10-06T20:24:04.733	TEL,2086,S3,342891725,0,0,0,433,2928                           
2026-10-06T20:24:04.733	TEL,2087,S3,342901725,0,0,0,433,2928                           
2026-10-06T20:24:04.733	TEL,2088,S3,342911725,0,0,0,428,2928                           
2026-10-06T20:24:04.733	TEL,2089,S3,342921725,0,0,0,430,2932                           
2026-10-06T20:24:04.733	TEL,2090,S3,342931725,0,0,0,430,2932                           
2026-10-06T20:24:04.733	TEL,2091,S3,342941725,0,0,0,428,2928                           
2026-10-06T20:24:04.733	TEL,2092,S3,342951725,0,0,0,428,2928                           
2026-10-06T20:24:04.733	TEL,2093,S3,342961725,0,0,0,430,2932                           
2026-10-06T20:24:04.733	TEL,2094,S3,342971725,0,0,0,433,2932                           
2026-10-06T20:24:04.733	TEL,2095,S3,342981725,0,0,0,430,2930                           
2026-10-06T20:24:04.733	TEL,2096,S3,342991725,0,0,0,428,2930                           
2026-10-06T20:24:04.733	TEL,2097,S3,343001725,0,0,0,428,2928                           
2026-10-06T20:24:04.733	TEL,2098,S3,343011725,0,0,0,428,2928                           
2026-10-06T20:24:04.733	TEL,2099,S3,343021725,0,0,0,430,2932                           
2026-10-06T20:24:04.733	TEL,2100,S3,343031725,0,0,0,430,2932                           
2026-10-06T20:24:04.733	TEL,2101,S3,343041725,0,0,0,428,2928                           
2026-10-06T20:24:04.733	TEL,2102,S3,343051725,0,0,0,428,2928                           
2026-10-06T20:24:04.733	TEL,2103,S3,343061725,0,0,0,430,2932                           
2026-10-06T20:24:04.733	TEL,2104,S3,343071725,0,0,0,428,2932                           
2026-10-06T20:24:04.733	TEL,2105,S3,343081725,0,0,0,425,2928                           
2026-10-06T20:24:04.733	TEL,2106,S3,343091725,0,0,0,425,2928                           
2026-10-06T20:24:04.733	TEL,2107,S3,343101725,0,0,0,425,2928                           
2026-10-06T20:24:04.733	TEL,2108,S3,343111725,0,0,0,433,2928                           
2026-10-06T20:24:04.733	TEL,2109,S3,343121725,0,0,0,436,2932                           
2026-10-06T20:24:04.733	TEL,2110,S3,343131725,0,0,0,430,2932                           
2026-10-06T20:24:04.733	TEL,2111,S3,343141725,0,0,0,428,2928                           
2026-10-06T20:24:04.733	TEL,2112,S3,343151725,0,0,0,425,2928                           
2026-10-06T20:24:04.733	TEL,2113,S3,343161725,0,0,0,425,2928                           
2026-10-06T20:24:04.733	TEL,2114,S3,343171725,0,0,0,428,2928                           
2026-10-06T20:24:04.733	TEL,2115,S3,343181725,0,0,0,428,2928                           
2026-10-06T20:24:04.733	TEL,2116,S3,343191725,0,0,0,428,2928                           
2026-10-06T20:24:04.733	TEL,2117,S3,343201725,0,0,0,428,2928                           
2026-10-06T20:24:04.733	TEL,2118,S3,343211725,0,0,0,425,2928                           
2026-10-06T20:24:04.733	TEL,2119,S3,343221725,0,0,0,428,2932                           
2026-10-06T20:24:04.733	TEL,2120,S3,343231725,0,0,0,430,2932                           
2026-10-06T20:24:04.733	TEL,2121,S3,343241725,0,0,0,428,2928                           
2026-10-06T20:24:04.733	TEL,2122,S3,343251725,0,0,0,428,2928                           
2026-10-06T20:24:04.733	TEL,2123,S3,343261725,0,0,0,430,2932                           
2026-10-06T20:24:04.733	TEL,2124,S3,343271725,0,0,0,428,2932                           
2026-10-06T20:24:04.733	TEL,2125,S3,343281725,0,0,0,425,2928                           
2026-10-06T20:24:04.733	TEL,2126,S3,343291725,0,0,0,425,2928                           
2026-10-06T20:24:04.733	TEL,2127,S3,343301725,0,0,0,428,2932                           
2026-10-06T20:24:04.733	TEL,2128,S3,343311725,0,0,0,428,2932                           
2026-10-06T20:24:04.733	TEL,2129,S3,343321725,0,0,0,428,2932                           
2026-10-06T20:24:04.733	TEL,2130,S3,343331725,0,0,0,430,2932                           
2026-10-06T20:24:04.733	BTN,23,S3,PRESSED,343336010,343336017                          
2026-10-06T20:24:04.733	TEL,2131,S3,343341725,0,0,0,428,2928                           
2026-10-06T20:24:04.733	TEL,2132,S3,343351725,0,0,0,430,2928                           
2026-10-06T20:24:04.733	TEL,2133,S3,343361725,0,0,0,433,2932                           
2026-10-06T20:24:04.733	TEL,2134,S3,343371725,0,0,0,430,2932                           
2026-10-06T20:24:04.733	TEL,2135,S3,343381725,0,0,0,428,2930                           
2026-10-06T20:24:04.733	TEL,2136,S3,343391725,0,0,0,428,2930                           
2026-10-06T20:24:04.733	TEL,2137,S3,343401725,0,0,0,428,2928                           
2026-10-06T20:24:04.733	TEL,2138,S3,343411725,0,0,0,425,2928                           
2026-10-06T20:24:04.733	TEL,2139,S3,343421725,0,0,0,425,2928                           
2026-10-06T20:24:04.733	TEL,2140,S3,343431725,0,0,0,428,2928                           
2026-10-06T20:24:04.733	TEL,2141,S3,343441725,0,0,0,428,2928                           
2026-10-06T20:24:04.733	TEL,2142,S3,343451725,0,0,0,422,2928                           
2026-10-06T20:24:04.733	TEL,2143,S3,343461725,0,0,0,425,2930                           
2026-10-06T20:24:04.733	TEL,2144,S3,343471725,0,0,0,428,2930                           
2026-10-06T20:24:04.733	TEL,2145,S3,343481725,0,0,0,430,2932                           
2026-10-06T20:24:04.733	TEL,2146,S3,343491725,0,0,0,428,2932                           
2026-10-06T20:24:05.341	TEL,2147,S3,343501725,0,0,0,425,2928                           
2026-10-06T20:24:05.341	TEL,2148,S3,343511725,0,0,0,428,2928                           
2026-10-06T20:24:05.341	TEL,2149,S3,343521725,0,0,0,430,2932                           
2026-10-06T20:24:05.341	TEL,2150,S3,343531725,0,0,0,433,2932                           
2026-10-06T20:24:05.341	TEL,2151,S3,343541725,0,0,0,430,2928                           
2026-10-06T20:24:05.341	TEL,2152,S3,343551725,0,0,0,425,2928                           
2026-10-06T20:24:05.341	TEL,2153,S3,343561725,0,0,0,425,2928                           
2026-10-06T20:24:05.341	TEL,2154,S3,343571725,0,0,0,428,2928                           
2026-10-06T20:24:05.341	TEL,2155,S3,343581725,0,0,0,428,2928                           
2026-10-06T20:24:05.341	TEL,2156,S3,343591725,0,0,0,428,2928                           
2026-10-06T20:24:05.341	TEL,2157,S3,343601725,0,0,0,428,2928                           
2026-10-06T20:24:05.341	TEL,2158,S3,343611725,0,0,0,428,2928                           
2026-10-06T20:24:05.341	TEL,2159,S3,343621725,0,0,0,428,2928                           
2026-10-06T20:24:05.341	TEL,2160,S3,343631725,0,0,0,422,2928                           
2026-10-06T20:24:05.341	TEL,2161,S3,343641725,0,0,0,422,2928                           
2026-10-06T20:24:05.341	TEL,2162,S3,343651725,0,0,0,428,2928                           
2026-10-06T20:24:05.341	TEL,2163,S3,343661725,0,0,0,430,2932                           
2026-10-06T20:24:05.341	TEL,2164,S3,343671725,0,0,0,428,2932                           
2026-10-06T20:24:05.341	TEL,2165,S3,343681725,0,0,0,425,2928                           
2026-10-06T20:24:05.341	TEL,2166,S3,343691725,0,0,0,428,2928                           
2026-10-06T20:24:05.343	TEL,2167,S3,343701725,0,0,0,430,2932                           
2026-10-06T20:24:05.343	TEL,2168,S3,343711725,0,0,0,430,2932                           
2026-10-06T20:24:05.343	TEL,2169,S3,343721725,0,0,0,430,2932                           
2026-10-06T20:24:05.343	TEL,2170,S3,343731725,0,0,0,425,2932                           
2026-10-06T20:24:05.343	TEL,2171,S3,343741725,0,0,0,425,2932                           
2026-10-06T20:24:05.343	TEL,2172,S3,343751725,0,0,0,428,2932                           
2026-10-06T20:24:05.343	TEL,2173,S3,343761725,0,0,0,428,2932                           
2026-10-06T20:24:05.343	TEL,2174,S3,343771725,0,0,0,428,2932                           
2026-10-06T20:24:05.343	TEL,2175,S3,343781725,0,0,0,428,2932                           
2026-10-06T20:24:05.343	TEL,2176,S3,343791725,0,0,0,430,2932                           
2026-10-06T20:24:05.343	TEL,2177,S3,343801725,0,0,0,428,2928                           
2026-10-06T20:24:05.343	TEL,2178,S3,343811725,0,0,0,428,2928                           
2026-10-06T20:24:05.343	TEL,2179,S3,343821725,0,0,0,428,2928                           
2026-10-06T20:24:05.343	TEL,2180,S3,343831725,0,0,0,428,2928                           
2026-10-06T20:24:05.343	TEL,2181,S3,343841725,0,0,0,428,2928                           
2026-10-06T20:24:05.343	TEL,2182,S3,343851725,0,0,0,428,2928                           
2026-10-06T20:24:05.343	TEL,2183,S3,343861725,0,0,0,428,2928                           
2026-10-06T20:24:05.343	TEL,2184,S3,343871725,0,0,0,428,2928                           
2026-10-06T20:24:05.343	TEL,2185,S3,343881725,0,0,0,428,2928                           
2026-10-06T20:24:05.343	TEL,2186,S3,343891725,0,0,0,428,2928                           
2026-10-06T20:24:05.343	TEL,2187,S3,343901725,0,0,0,430,2932                           
2026-10-06T20:24:05.343	TEL,2188,S3,343911725,0,0,0,425,2932                           
2026-10-06T20:24:05.343	TEL,2189,S3,343921725,0,0,0,422,2928                           
2026-10-06T20:24:05.343	TEL,2190,S3,343931725,0,0,0,428,2928                           
2026-10-06T20:24:05.343	TEL,2191,S3,343941725,0,0,0,430,2932                           
2026-10-06T20:24:05.343	TEL,2192,S3,343951725,0,0,0,428,2932                           
2026-10-06T20:24:05.343	TEL,2193,S3,343961725,0,0,0,425,2928                           
2026-10-06T20:24:05.343	TEL,2194,S3,343971725,0,0,0,425,2928                           
2026-10-06T20:24:05.343	TEL,2195,S3,343981725,0,0,0,425,2928                           
2026-10-06T20:24:05.343	TEL,2196,S3,343991725,0,0,0,425,2928                           
2026-10-06T20:24:05.343	BTN,24,S3,PRESSED,344000015,344000022                          
2026-10-06T20:24:05.343	TEL,2197,S3,344001725,0,0,0,428,2932                           
2026-10-06T20:24:05.343	TEL,2198,S3,344011725,0,0,0,422,2932                           
2026-10-06T20:24:05.343	TEL,2199,S3,344021725,0,0,0,436,2946                           
2026-10-06T20:24:05.343	TEL,2200,S3,344031725,0,0,0,442,2946                           
2026-10-06T20:24:05.343	TEL,2201,S3,344041725,0,0,0,428,2932                           
2026-10-06T20:24:05.343	TEL,2202,S3,344051725,0,0,0,425,2932                           
2026-10-06T20:24:05.343	TEL,2203,S3,344061725,0,0,0,425,2932                           
2026-10-06T20:24:05.343	TEL,2204,S3,344071725,0,0,0,430,2932                           
2026-10-06T20:24:05.343	TEL,2205,S3,344081725,0,0,0,428,2930                           
2026-10-06T20:24:05.343	TEL,2206,S3,344091725,0,0,0,428,2930                           
2026-10-06T20:24:05.343	TEL,2207,S3,344101725,0,0,0,430,2932                           
2026-10-06T20:24:05.953	TEL,2208,S3,344111725,0,0,0,425,2932                           
2026-10-06T20:24:05.953	TEL,2209,S3,344121725,0,0,0,425,2930                           
2026-10-06T20:24:05.953	TEL,2210,S3,344131725,0,0,0,428,2930                           
2026-10-06T20:24:05.953	TEL,2211,S3,344141725,0,0,0,430,2933                           
2026-10-06T20:24:05.953	TEL,2212,S3,344151725,0,0,0,433,2933                           
2026-10-06T20:24:05.953	TEL,2213,S3,344161725,0,0,0,428,2928                           
2026-10-06T20:24:05.953	TEL,2214,S3,344171725,0,0,0,422,2928                           
2026-10-06T20:24:05.953	TEL,2215,S3,344181725,0,0,0,428,2933                           
2026-10-06T20:24:05.953	TEL,2216,S3,344191725,0,0,0,430,2933                           
2026-10-06T20:24:05.953	TEL,2217,S3,344201725,0,0,0,428,2932                           
2026-10-06T20:24:05.953	TEL,2218,S3,344211725,0,0,0,425,2932                           
2026-10-06T20:24:05.953	TEL,2219,S3,344221725,0,0,0,425,2930                           
2026-10-06T20:24:05.953	TEL,2220,S3,344231725,0,0,0,428,2930                           
2026-10-06T20:24:05.953	TEL,2221,S3,344241725,0,0,0,430,2932                           
2026-10-06T20:24:05.953	TEL,2222,S3,344251725,0,0,0,428,2932                           
2026-10-06T20:24:05.953	TEL,2223,S3,344261725,0,0,0,425,2928                           
2026-10-06T20:24:05.953	TEL,2224,S3,344271725,0,0,0,430,2928                           
2026-10-06T20:24:05.953	TEL,2225,S3,344281725,0,0,0,433,2932                           
2026-10-06T20:24:05.953	TEL,2226,S3,344291725,0,0,0,430,2932                           
2026-10-06T20:24:05.953	TEL,2227,S3,344301725,0,0,0,430,2932                           
2026-10-06T20:24:05.953	TEL,2228,S3,344311725,0,0,0,430,2932                           
2026-10-06T20:24:05.953	TEL,2229,S3,344321725,0,0,0,430,2932                           
2026-10-06T20:24:05.953	TEL,2230,S3,344331725,0,0,0,430,2932                           
2026-10-06T20:24:05.953	TEL,2231,S3,344341725,0,0,0,430,2932                           
2026-10-06T20:24:05.953	TEL,2232,S3,344351725,0,0,0,430,2932                           
2026-10-06T20:24:05.953	TEL,2233,S3,344361725,0,0,0,433,2933                           
2026-10-06T20:24:05.953	TEL,2234,S3,344371725,0,0,0,428,2933                           
2026-10-06T20:24:05.953	TEL,2235,S3,344381725,0,0,0,422,2928                           
2026-10-06T20:24:05.953	TEL,2236,S3,344391725,0,0,0,428,2928                           
2026-10-06T20:24:05.953	TEL,2237,S3,344401725,0,0,0,430,2932                           
2026-10-06T20:24:05.953	TEL,2238,S3,344411725,0,0,0,430,2932                           
2026-10-06T20:24:05.953	TEL,2239,S3,344421725,0,0,0,430,2932                           
2026-10-06T20:24:05.953	TEL,2240,S3,344431725,0,0,0,425,2932                           
2026-10-06T20:24:05.953	TEL,2241,S3,344441725,0,0,0,425,2932                           
2026-10-06T20:24:05.953	TEL,2242,S3,344451725,0,0,0,430,2932                           
2026-10-06T20:24:05.953	TEL,2243,S3,344461725,0,0,0,428,2928                           
2026-10-06T20:24:05.953	TEL,2244,S3,344471725,0,0,0,422,2928                           
2026-10-06T20:24:05.953	TEL,2245,S3,344481725,0,0,0,425,2930                           
2026-10-06T20:24:05.953	TEL,2246,S3,344491725,0,0,0,428,2930                           
2026-10-06T20:24:05.953	TEL,2247,S3,344501725,0,0,0,428,2930                           
2026-10-06T20:24:05.953	TEL,2248,S3,344511725,0,0,0,428,2930                           
2026-10-06T20:24:05.953	TEL,2249,S3,344521725,0,0,0,430,2932                           
2026-10-06T20:24:05.953	TEL,2250,S3,344531725,0,0,0,428,2932                           
2026-10-06T20:24:05.953	TEL,2251,S3,344541725,0,0,0,428,2932                           
2026-10-06T20:24:05.953	TEL,2252,S3,344551725,0,0,0,430,2932                           
2026-10-06T20:24:05.953	TEL,2253,S3,344561725,0,0,0,428,2928                           
2026-10-06T20:24:05.953	TEL,2254,S3,344571725,0,0,0,428,2928                           
2026-10-06T20:24:05.953	TEL,2255,S3,344581725,0,0,0,428,2928                           
2026-10-06T20:24:05.953	TEL,2256,S3,344591725,0,0,0,428,2928                           
2026-10-06T20:24:05.953	TEL,2257,S3,344601725,0,0,0,428,2928                           
2026-10-06T20:24:05.954	TEL,2258,S3,344611725,0,0,0,428,2928                           
2026-10-06T20:24:05.954	TEL,2259,S3,344621725,0,0,0,428,2928                           
2026-10-06T20:24:05.954	TEL,2260,S3,344631725,0,0,0,430,2928                           
2026-10-06T20:24:05.954	TEL,2261,S3,344641725,0,0,0,430,2930                           
2026-10-06T20:24:05.954	BTN,25,S3,PRESSED,344651021,344651028                          
2026-10-06T20:24:05.954	TEL,2262,S3,344651725,0,0,0,428,2930                           
2026-10-06T20:24:05.954	TEL,2263,S3,344661725,0,0,0,442,2944                           
2026-10-06T20:24:05.954	TEL,2264,S3,344671725,0,0,0,442,2944                           
2026-10-06T20:24:05.954	TEL,2265,S3,344681725,0,0,0,428,2928                           
2026-10-06T20:24:05.954	TEL,2266,S3,344691725,0,0,0,425,2928                           
2026-10-06T20:24:05.954	TEL,2267,S3,344701725,0,0,0,428,2932                           
2026-10-06T20:24:05.954	TEL,2268,S3,344711725,0,0,0,430,2932                           
2026-10-06T20:24:06.572	TEL,2269,S3,344721725,0,0,0,428,2928                           
2026-10-06T20:24:06.572	TEL,2270,S3,344731725,0,0,0,428,2928                           
2026-10-06T20:24:06.572	TEL,2271,S3,344741725,0,0,0,428,2928                           
2026-10-06T20:24:06.572	TEL,2272,S3,344751725,0,0,0,428,2928                           
2026-10-06T20:24:06.572	TEL,2273,S3,344761725,0,0,0,428,2928                           
2026-10-06T20:24:06.572	TEL,2274,S3,344771725,0,0,0,425,2928                           
2026-10-06T20:24:06.572	TEL,2275,S3,344781725,0,0,0,425,2928                           
2026-10-06T20:24:06.572	TEL,2276,S3,344791725,0,0,0,428,2928                           
2026-10-06T20:24:06.572	TEL,2277,S3,344801725,0,0,0,428,2928                           
2026-10-06T20:24:06.572	TEL,2278,S3,344811725,0,0,0,428,2928                           
2026-10-06T20:24:06.572	TEL,2279,S3,344821725,0,0,0,428,2928                           
2026-10-06T20:24:06.572	TEL,2280,S3,344831725,0,0,0,422,2928                           
2026-10-06T20:24:06.572	TEL,2281,S3,344841725,0,0,0,428,2933                           
2026-10-06T20:24:06.572	TEL,2282,S3,344851725,0,0,0,433,2933                           
2026-10-06T20:24:06.572	TEL,2283,S3,344861725,0,0,0,428,2928                           
2026-10-06T20:24:06.572	TEL,2284,S3,344871725,0,0,0,425,2928                           
2026-10-06T20:24:06.572	TEL,2285,S3,344881725,0,0,0,428,2932                           
2026-10-06T20:24:06.572	TEL,2286,S3,344891725,0,0,0,430,2932                           
2026-10-06T20:24:06.572	TEL,2287,S3,344901725,0,0,0,430,2932                           
2026-10-06T20:24:06.572	TEL,2288,S3,344911725,0,0,0,430,2932                           
2026-10-06T20:24:06.572	TEL,2289,S3,344921725,0,0,0,428,2930                           
2026-10-06T20:24:06.572	TEL,2290,S3,344931725,0,0,0,428,2930                           
2026-10-06T20:24:06.572	TEL,2291,S3,344941725,0,0,0,425,2928                           
2026-10-06T20:24:06.572	TEL,2292,S3,344951725,0,0,0,428,2928                           
2026-10-06T20:24:06.572	TEL,2293,S3,344961725,0,0,0,428,2928                           
2026-10-06T20:24:06.572	TEL,2294,S3,344971725,0,0,0,430,2928                           
2026-10-06T20:24:06.572	TEL,2295,S3,344981725,0,0,0,430,2930                           
2026-10-06T20:24:06.572	TEL,2296,S3,344991725,0,0,0,428,2930                           
2026-10-06T20:24:06.572	TEL,2297,S3,345001725,0,0,0,428,2928                           
2026-10-06T20:24:06.572	TEL,2298,S3,345011725,0,0,0,428,2928                           
2026-10-06T20:24:06.572	TEL,2299,S3,345021725,0,0,0,428,2928                           
2026-10-06T20:24:06.572	TEL,2300,S3,345031725,0,0,0,428,2928                           
2026-10-06T20:24:06.572	TEL,2301,S3,345041725,0,0,0,428,2928                           
2026-10-06T20:24:06.572	TEL,2302,S3,345051725,0,0,0,428,2928                           
2026-10-06T20:24:06.572	TEL,2303,S3,345061725,0,0,0,428,2928                           
2026-10-06T20:24:06.572	TEL,2304,S3,345071725,0,0,0,433,2928                           
2026-10-06T20:24:06.572	TEL,2305,S3,345081725,0,0,0,433,2928                           
2026-10-06T20:24:06.572	TEL,2306,S3,345091725,0,0,0,425,2928                           
2026-10-06T20:24:06.572	TEL,2307,S3,345101725,0,0,0,428,2932                           
2026-10-06T20:24:06.572	TEL,2308,S3,345111725,0,0,0,430,2932                           
2026-10-06T20:24:06.572	TEL,2309,S3,345121725,0,0,0,428,2928                           
2026-10-06T20:24:06.572	TEL,2310,S3,345131725,0,0,0,430,2928                           
2026-10-06T20:24:06.572	TEL,2311,S3,345141725,0,0,0,430,2928                           
2026-10-06T20:24:06.572	TEL,2312,S3,345151725,0,0,0,425,2928                           
2026-10-06T20:24:06.572	TEL,2313,S3,345161725,0,0,0,425,2928                           
2026-10-06T20:24:06.572	TEL,2314,S3,345171725,0,0,0,425,2928                           
2026-10-06T20:24:06.572	TEL,2315,S3,345181725,0,0,0,425,2928                           
2026-10-06T20:24:06.572	TEL,2316,S3,345191725,0,0,0,425,2928                           
2026-10-06T20:24:06.572	TEL,2317,S3,345201725,0,0,0,425,2928                           
2026-10-06T20:24:06.572	TEL,2318,S3,345211725,0,0,0,428,2928                           
2026-10-06T20:24:06.572	TEL,2319,S3,345221725,0,0,0,428,2928                           
2026-10-06T20:24:06.572	TEL,2320,S3,345231725,0,0,0,422,2928                           
2026-10-06T20:24:06.572	TEL,2321,S3,345241725,0,0,0,422,2928                           
2026-10-06T20:24:06.572	TEL,2322,S3,345251725,0,0,0,428,2928                           
2026-10-06T20:24:06.572	TEL,2323,S3,345261725,0,0,0,430,2932                           
2026-10-06T20:24:06.572	TEL,2324,S3,345271725,0,0,0,428,2932                           
2026-10-06T20:24:06.572	TEL,2325,S3,345281725,0,0,0,428,2932                           
2026-10-06T20:24:06.572	TEL,2326,S3,345291725,0,0,0,430,2932                           
2026-10-06T20:24:06.572	TEL,2327,S3,345301725,0,0,0,430,2932                           
2026-10-06T20:24:06.572	TEL,2328,S3,345311725,0,0,0,430,2932                           
2026-10-06T20:24:06.572	TEL,2329,S3,345321725,0,0,0,430,2932                           
2026-10-06T20:24:06.572	TEL,2330,S3,345331725,0,0,0,430,2932                           
2026-10-06T20:24:07.182	TEL,2331,S3,345341725,0,0,0,428,2928                           
2026-10-06T20:24:07.182	TEL,2332,S3,345351725,0,0,0,428,2928                           
2026-10-06T20:24:07.182	TEL,2333,S3,345361725,0,0,0,428,2928                           
2026-10-06T20:24:07.182	TEL,2334,S3,345371725,0,0,0,422,2928                           
2026-10-06T20:24:07.182	TEL,2335,S3,345381725,0,0,0,425,2932                           
2026-10-06T20:24:07.182	TEL,2336,S3,345391725,0,0,0,430,2932                           
2026-10-06T20:24:07.182	TEL,2337,S3,345401725,0,0,0,428,2928                           
2026-10-06T20:24:07.182	TEL,2338,S3,345411725,0,0,0,430,2928                           
2026-10-06T20:24:07.182	TEL,2339,S3,345421725,0,0,0,430,2928                           
2026-10-06T20:24:07.182	TEL,2340,S3,345431725,0,0,0,428,2928                           
2026-10-06T20:24:07.182	TEL,2341,S3,345441725,0,0,0,428,2928                           
2026-10-06T20:24:07.182	TEL,2342,S3,345451725,0,0,0,428,2928                           
2026-10-06T20:24:07.182	TEL,2343,S3,345461725,0,0,0,430,2932                           
2026-10-06T20:24:07.182	TEL,2344,S3,345471725,0,0,0,425,2932                           
2026-10-06T20:24:07.182	TEL,2345,S3,345481725,0,0,0,425,2932                           
2026-10-06T20:24:07.182	BTN,26,S3,PRESSED,345483026,345483033                          
2026-10-06T20:24:07.182	TEL,2346,S3,345491725,0,0,0,430,2932                           
2026-10-06T20:24:07.182	TEL,2347,S3,345501725,0,0,0,428,2930                           
2026-10-06T20:24:07.182	TEL,2348,S3,345511725,0,0,0,428,2930                           
2026-10-06T20:24:07.182	TEL,2349,S3,345521725,0,0,0,428,2928                           
2026-10-06T20:24:07.182	TEL,2350,S3,345531725,0,0,0,430,2928                           
2026-10-06T20:24:07.182	TEL,2351,S3,345541725,0,0,0,430,2928                           
2026-10-06T20:24:07.182	TEL,2352,S3,345551725,0,0,0,422,2928                           
2026-10-06T20:24:07.182	TEL,2353,S3,345561725,0,0,0,425,2932                           
2026-10-06T20:24:07.182	TEL,2354,S3,345571725,0,0,0,430,2932                           
2026-10-06T20:24:07.182	TEL,2355,S3,345581725,0,0,0,428,2930                           
2026-10-06T20:24:07.182	TEL,2356,S3,345591725,0,0,0,428,2930                           
2026-10-06T20:24:07.182	TEL,2357,S3,345601725,0,0,0,428,2930                           
2026-10-06T20:24:07.182	TEL,2358,S3,345611725,0,0,0,428,2930                           
2026-10-06T20:24:07.182	TEL,2359,S3,345621725,0,0,0,428,2928                           
2026-10-06T20:24:07.182	TEL,2360,S3,345631725,0,0,0,428,2928                           
2026-10-06T20:24:07.182	TEL,2361,S3,345641725,0,0,0,428,2928                           
2026-10-06T20:24:07.182	TEL,2362,S3,345651725,0,0,0,425,2928                           
2026-10-06T20:24:07.182	TEL,2363,S3,345661725,0,0,0,428,2932                           
2026-10-06T20:24:07.182	TEL,2364,S3,345671725,0,0,0,428,2932                           
2026-10-06T20:24:07.182	TEL,2365,S3,345681725,0,0,0,425,2928                           
2026-10-06T20:24:07.182	TEL,2366,S3,345691725,0,0,0,428,2928                           
2026-10-06T20:24:07.182	TEL,2367,S3,345701725,0,0,0,430,2932                           
2026-10-06T20:24:07.182	TEL,2368,S3,345711725,0,0,0,430,2932                           
2026-10-06T20:24:07.182	TEL,2369,S3,345721725,0,0,0,428,2930                           
2026-10-06T20:24:07.182	TEL,2370,S3,345731725,0,0,0,428,2930                           
2026-10-06T20:24:07.182	TEL,2371,S3,345741725,0,0,0,433,2933                           
2026-10-06T20:24:07.182	TEL,2372,S3,345751725,0,0,0,433,2933                           
2026-10-06T20:24:07.182	TEL,2373,S3,345761725,0,0,0,428,2928                           
2026-10-06T20:24:07.182	TEL,2374,S3,345771725,0,0,0,428,2928                           
2026-10-06T20:24:07.182	TEL,2375,S3,345781725,0,0,0,428,2928                           
2026-10-06T20:24:07.182	TEL,2376,S3,345791725,0,0,0,428,2928                           
2026-10-06T20:24:07.182	TEL,2377,S3,345801725,0,0,0,428,2930                           
2026-10-06T20:24:07.182	TEL,2378,S3,345811725,0,0,0,428,2930                           
2026-10-06T20:24:07.182	TEL,2379,S3,345821725,0,0,0,428,2930                           
2026-10-06T20:24:07.182	TEL,2380,S3,345831725,0,0,0,428,2930                           
2026-10-06T20:24:07.182	TEL,2381,S3,345841725,0,0,0,428,2928                           
2026-10-06T20:24:07.182	TEL,2382,S3,345851725,0,0,0,433,2928                           
2026-10-06T20:24:07.182	TEL,2383,S3,345861725,0,0,0,436,2932                           
2026-10-06T20:24:07.182	TEL,2384,S3,345871725,0,0,0,436,2932                           
2026-10-06T20:24:07.182	TEL,2385,S3,345881725,0,0,0,436,2932                           
2026-10-06T20:24:07.182	TEL,2386,S3,345891725,0,0,0,430,2932                           
2026-10-06T20:24:07.182	TEL,2387,S3,345901725,0,0,0,428,2928                           
2026-10-06T20:24:07.182	TEL,2388,S3,345911725,0,0,0,428,2928                           
2026-10-06T20:24:07.182	TEL,2389,S3,345921725,0,0,0,428,2928                           
2026-10-06T20:24:07.182	TEL,2390,S3,345931725,0,0,0,425,2928                           
2026-10-06T20:24:07.182	TEL,2391,S3,345941725,0,0,0,428,2932                           
2026-10-06T20:24:07.792	TEL,2392,S3,345951725,0,0,0,430,2932                           
2026-10-06T20:24:07.792	TEL,2393,S3,345961725,0,0,0,430,2932                           
2026-10-06T20:24:07.792	TEL,2394,S3,345971725,0,0,0,436,2932                           
2026-10-06T20:24:07.792	TEL,2395,S3,345981725,0,0,0,436,2932                           
2026-10-06T20:24:07.792	TEL,2396,S3,345991725,0,0,0,425,2932                           
2026-10-06T20:24:07.792	TEL,2397,S3,346001725,0,0,0,425,2932                           
2026-10-06T20:24:07.792	TEL,2398,S3,346011725,0,0,0,430,2932                           
2026-10-06T20:24:07.792	TEL,2399,S3,346021725,0,0,0,430,2932                           
2026-10-06T20:24:07.792	TEL,2400,S3,346031725,0,0,0,430,2932                           
2026-10-06T20:24:07.792	TEL,2401,S3,346041725,0,0,0,428,2930                           
2026-10-06T20:24:07.792	TEL,2402,S3,346051725,0,0,0,428,2930                           
2026-10-06T20:24:07.792	TEL,2403,S3,346061725,0,0,0,428,2928                           
2026-10-06T20:24:07.793	TEL,2404,S3,346071725,0,0,0,428,2928                           
2026-10-06T20:24:07.793	TEL,2405,S3,346081725,0,0,0,433,2933                           
2026-10-06T20:24:07.793	TEL,2406,S3,346091725,0,0,0,433,2933                           
2026-10-06T20:24:07.793	TEL,2407,S3,346101725,0,0,0,428,2928                           
2026-10-06T20:24:07.793	TEL,2408,S3,346111725,0,0,0,425,2928                           
2026-10-06T20:24:07.793	TEL,2409,S3,346121725,0,0,0,428,2932                           
2026-10-06T20:24:07.793	TEL,2410,S3,346131725,0,0,0,433,2932                           
2026-10-06T20:24:07.793	TEL,2411,S3,346141725,0,0,0,430,2928                           
2026-10-06T20:24:07.793	TEL,2412,S3,346151725,0,0,0,422,2928                           
2026-10-06T20:24:07.793	TEL,2413,S3,346161725,0,0,0,422,2928                           
2026-10-06T20:24:07.793	TEL,2414,S3,346171725,0,0,0,425,2928                           
2026-10-06T20:24:07.793	TEL,2415,S3,346181725,0,0,0,425,2928                           
2026-10-06T20:24:07.793	TEL,2416,S3,346191725,0,0,0,422,2928                           
2026-10-06T20:24:07.793	TEL,2417,S3,346201725,0,0,0,425,2930                           
2026-10-06T20:24:07.793	TEL,2418,S3,346211725,0,0,0,428,2930                           
2026-10-06T20:24:07.793	TEL,2419,S3,346221725,0,0,0,430,2932                           
2026-10-06T20:24:07.793	TEL,2420,S3,346231725,0,0,0,430,2932                           
2026-10-06T20:24:07.793	BTN,27,S3,PRESSED,346234031,346234039                          
2026-10-06T20:24:07.793	TEL,2421,S3,346241725,0,0,0,433,2933                           
2026-10-06T20:24:07.793	TEL,2422,S3,346251725,0,0,0,433,2933                           
2026-10-06T20:24:07.793	TEL,2423,S3,346261725,0,0,0,425,2925                           
2026-10-06T20:24:07.793	TEL,2424,S3,346271725,0,0,0,425,2925                           
2026-10-06T20:24:07.793	TEL,2425,S3,346281725,0,0,0,430,2932                           
2026-10-06T20:24:07.793	TEL,2426,S3,346291725,0,0,0,430,2932                           
2026-10-06T20:24:07.793	TEL,2427,S3,346301725,0,0,0,430,2932                           
2026-10-06T20:24:07.793	TEL,2428,S3,346311725,0,0,0,430,2932                           
2026-10-06T20:24:07.793	TEL,2429,S3,346321725,0,0,0,428,2928                           
2026-10-06T20:24:07.793	TEL,2430,S3,346331725,0,0,0,428,2928                           
2026-10-06T20:24:07.793	TEL,2431,S3,346341725,0,0,0,430,2932                           
2026-10-06T20:24:07.793	TEL,2432,S3,346351725,0,0,0,430,2932                           
2026-10-06T20:24:07.793	TEL,2433,S3,346361725,0,0,0,428,2928                           
2026-10-06T20:24:07.793	TEL,2434,S3,346371725,0,0,0,428,2928                           
2026-10-06T20:24:07.793	TEL,2435,S3,346381725,0,0,0,428,2928                           
2026-10-06T20:24:07.793	TEL,2436,S3,346391725,0,0,0,428,2928                           
2026-10-06T20:24:07.793	TEL,2437,S3,346401725,0,0,0,425,2927                           
2026-10-06T20:24:07.793	TEL,2438,S3,346411725,0,0,0,422,2927                           
2026-10-06T20:24:07.793	TEL,2439,S3,346421725,0,0,0,425,2928                           
2026-10-06T20:24:07.793	TEL,2440,S3,346431725,0,0,0,428,2928                           
2026-10-06T20:24:07.793	TEL,2441,S3,346441725,0,0,0,428,2928                           
2026-10-06T20:24:07.793	TEL,2442,S3,346451725,0,0,0,428,2928                           
2026-10-06T20:24:07.793	TEL,2443,S3,346461725,0,0,0,428,2928                           
2026-10-06T20:24:07.793	TEL,2444,S3,346471725,0,0,0,428,2928                           
2026-10-06T20:24:07.793	TEL,2445,S3,346481725,0,0,0,433,2933                           
2026-10-06T20:24:07.793	TEL,2446,S3,346491725,0,0,0,430,2933                           
2026-10-06T20:24:07.793	TEL,2447,S3,346501725,0,0,0,425,2928                           
2026-10-06T20:24:07.793	TEL,2448,S3,346511725,0,0,0,428,2928                           
2026-10-06T20:24:07.793	TEL,2449,S3,346521725,0,0,0,428,2928                           
2026-10-06T20:24:07.793	TEL,2450,S3,346531725,0,0,0,430,2928                           
2026-10-06T20:24:07.793	TEL,2451,S3,346541725,0,0,0,433,2932                           
2026-10-06T20:24:07.793	TEL,2452,S3,346551725,0,0,0,430,2932                           
2026-10-06T20:24:08.401	TEL,2453,S3,346561725,0,0,0,428,2930                           
2026-10-06T20:24:08.401	TEL,2454,S3,346571725,0,0,0,428,2930                           
2026-10-06T20:24:08.401	TEL,2455,S3,346581725,0,0,0,430,2932                           
2026-10-06T20:24:08.401	TEL,2456,S3,346591725,0,0,0,436,2932                           
2026-10-06T20:24:08.401	TEL,2457,S3,346601725,0,0,0,436,2932                           
2026-10-06T20:24:08.401	TEL,2458,S3,346611725,0,0,0,430,2932                           
2026-10-06T20:24:08.401	TEL,2459,S3,346621725,0,0,0,428,2928                           
2026-10-06T20:24:08.401	TEL,2460,S3,346631725,0,0,0,422,2928                           
2026-10-06T20:24:08.401	TEL,2461,S3,346641725,0,0,0,422,2928                           
2026-10-06T20:24:08.401	TEL,2462,S3,346651725,0,0,0,428,2928                           
2026-10-06T20:24:08.401	TEL,2463,S3,346661725,0,0,0,428,2928                           
2026-10-06T20:24:08.401	TEL,2464,S3,346671725,0,0,0,430,2928                           
2026-10-06T20:24:08.401	TEL,2465,S3,346681725,0,0,0,430,2928                           
2026-10-06T20:24:08.401	TEL,2466,S3,346691725,0,0,0,433,2928                           
2026-10-06T20:24:08.401	TEL,2467,S3,346701725,0,0,0,436,2933                           
2026-10-06T20:24:08.401	TEL,2468,S3,346711725,0,0,0,433,2933                           
2026-10-06T20:24:08.401	TEL,2469,S3,346721725,0,0,0,430,2932                           
2026-10-06T20:24:08.401	TEL,2470,S3,346731725,0,0,0,430,2932                           
2026-10-06T20:24:08.401	TEL,2471,S3,346741725,0,0,0,428,2928                           
2026-10-06T20:24:08.401	TEL,2472,S3,346751725,0,0,0,428,2928                           
2026-10-06T20:24:08.401	TEL,2473,S3,346761725,0,0,0,428,2928                           
2026-10-06T20:24:08.401	BTN,28,S3,PRESSED,346768037,346768044                          
2026-10-06T20:24:08.401	TEL,2474,S3,346771725,0,0,0,425,2928                           
2026-10-06T20:24:08.401	TEL,2475,S3,346781725,0,0,0,428,2932                           
2026-10-06T20:24:08.401	TEL,2476,S3,346791725,0,0,0,430,2932                           
2026-10-06T20:24:08.401	TEL,2477,S3,346801725,0,0,0,428,2930                           
2026-10-06T20:24:08.401	TEL,2478,S3,346811725,0,0,0,428,2930                           
2026-10-06T20:24:08.401	TEL,2479,S3,346821725,0,0,0,430,2932                           
2026-10-06T20:24:08.401	TEL,2480,S3,346831725,0,0,0,425,2932                           
2026-10-06T20:24:08.403	TEL,2481,S3,346841725,0,0,0,425,2932                           
2026-10-06T20:24:08.403	TEL,2482,S3,346851725,0,0,0,430,2932                           
2026-10-06T20:24:08.403	TEL,2483,S3,346861725,0,0,0,428,2928                           
2026-10-06T20:24:08.403	TEL,2484,S3,346871725,0,0,0,428,2928                           
2026-10-06T20:24:08.403	TEL,2485,S3,346881725,0,0,0,430,2932                           
2026-10-06T20:24:08.403	TEL,2486,S3,346891725,0,0,0,425,2932                           
2026-10-06T20:24:08.403	TEL,2487,S3,346901725,0,0,0,422,2928                           
2026-10-06T20:24:08.403	TEL,2488,S3,346911725,0,0,0,428,2928                           
2026-10-06T20:24:08.403	TEL,2489,S3,346921725,0,0,0,428,2928                           
2026-10-06T20:24:08.403	TEL,2490,S3,346931725,0,0,0,428,2928                           
2026-10-06T20:24:08.403	TEL,2491,S3,346941725,0,0,0,428,2928                           
2026-10-06T20:24:08.403	TEL,2492,S3,346951725,0,0,0,428,2928                           
2026-10-06T20:24:08.403	TEL,2493,S3,346961725,0,0,0,430,2932                           
2026-10-06T20:24:08.403	TEL,2494,S3,346971725,0,0,0,430,2932                           
2026-10-06T20:24:08.403	TEL,2495,S3,346981725,0,0,0,428,2928                           
2026-10-06T20:24:08.403	TEL,2496,S3,346991725,0,0,0,428,2928                           
2026-10-06T20:24:08.403	TEL,2497,S3,347001725,0,0,0,428,2928                           
2026-10-06T20:24:08.403	TEL,2498,S3,347011725,0,0,0,428,2928                           
2026-10-06T20:24:08.403	TEL,2499,S3,347021725,0,0,0,433,2933                           
2026-10-06T20:24:08.403	TEL,2500,S3,347031725,0,0,0,433,2933                           
2026-10-06T20:24:08.403	TEL,2501,S3,347041725,0,0,0,430,2932                           
2026-10-06T20:24:08.403	TEL,2502,S3,347051725,0,0,0,430,2932                           
2026-10-06T20:24:08.403	TEL,2503,S3,347061725,0,0,0,430,2932                           
2026-10-06T20:24:08.403	TEL,2504,S3,347071725,0,0,0,428,2932                           
2026-10-06T20:24:08.403	TEL,2505,S3,347081725,0,0,0,428,2932                           
2026-10-06T20:24:08.403	TEL,2506,S3,347091725,0,0,0,428,2932                           
2026-10-06T20:24:08.403	TEL,2507,S3,347101725,0,0,0,428,2932                           
2026-10-06T20:24:08.403	TEL,2508,S3,347111725,0,0,0,430,2932                           
2026-10-06T20:24:08.403	TEL,2509,S3,347121725,0,0,0,428,2928                           
2026-10-06T20:24:08.403	TEL,2510,S3,347131725,0,0,0,428,2928                           
2026-10-06T20:24:08.403	TEL,2511,S3,347141725,0,0,0,428,2930                           
2026-10-06T20:24:08.403	TEL,2512,S3,347151725,0,0,0,428,2930                           
2026-10-06T20:24:08.403	TEL,2513,S3,347161725,0,0,0,428,2928                           
2026-10-06T20:24:09.011	TEL,2514,S3,347171725,0,0,0,428,2928                           
2026-10-06T20:24:09.011	TEL,2515,S3,347181725,0,0,0,430,2932                           
2026-10-06T20:24:09.011	TEL,2516,S3,347191725,0,0,0,430,2932                           
2026-10-06T20:24:09.011	TEL,2517,S3,347201725,0,0,0,430,2932                           
2026-10-06T20:24:09.011	TEL,2518,S3,347211725,0,0,0,430,2932                           
2026-10-06T20:24:09.011	TEL,2519,S3,347221725,0,0,0,428,2930                           
2026-10-06T20:24:09.011	TEL,2520,S3,347231725,0,0,0,428,2930                           
2026-10-06T20:24:09.011	TEL,2521,S3,347241725,0,0,0,425,2928                           
2026-10-06T20:24:09.011	TEL,2522,S3,347251725,0,0,0,425,2928                           
2026-10-06T20:24:09.011	TEL,2523,S3,347261725,0,0,0,425,2928                           
2026-10-06T20:24:09.011	TEL,2524,S3,347271725,0,0,0,428,2928                           
2026-10-06T20:24:09.011	TEL,2525,S3,347281725,0,0,0,430,2932                           
2026-10-06T20:24:09.011	TEL,2526,S3,347291725,0,0,0,436,2932                           
2026-10-06T20:24:09.011	TEL,2527,S3,347301725,0,0,0,433,2928                           
2026-10-06T20:24:09.011	TEL,2528,S3,347311725,0,0,0,428,2928                           
2026-10-06T20:24:09.011	TEL,2529,S3,347321725,0,0,0,428,2928                           
2026-10-06T20:24:09.011	TEL,2530,S3,347331725,0,0,0,430,2928                           
2026-10-06T20:24:09.011	TEL,2531,S3,347341725,0,0,0,430,2928                           
2026-10-06T20:24:09.011	TEL,2532,S3,347351725,0,0,0,425,2928                           
2026-10-06T20:24:09.011	TEL,2533,S3,347361725,0,0,0,428,2930                           
2026-10-06T20:24:09.011	TEL,2534,S3,347371725,0,0,0,428,2930                           
2026-10-06T20:24:09.011	TEL,2535,S3,347381725,0,0,0,425,2928                           
2026-10-06T20:24:09.011	TEL,2536,S3,347391725,0,0,0,428,2928                           
2026-10-06T20:24:09.011	TEL,2537,S3,347401725,0,0,0,430,2932                           
2026-10-06T20:24:09.011	TEL,2538,S3,347411725,0,0,0,428,2932                           
2026-10-06T20:24:09.011	TEL,2539,S3,347421725,0,0,0,428,2932                           
2026-10-06T20:24:09.011	TEL,2540,S3,347431725,0,0,0,430,2932                           
2026-10-06T20:24:09.011	BTN,29,S3,PRESSED,347436042,347436050                          
2026-10-06T20:24:09.011	TEL,2541,S3,347441725,0,0,0,428,2930                           
2026-10-06T20:24:09.011	TEL,2542,S3,347451725,0,0,0,428,2930                           
2026-10-06T20:24:09.011	TEL,2543,S3,347461725,0,0,0,425,2928                           
2026-10-06T20:24:09.011	TEL,2544,S3,347471725,0,0,0,428,2928                           
2026-10-06T20:24:09.011	TEL,2545,S3,347481725,0,0,0,428,2928                           
2026-10-06T20:24:09.011	TEL,2546,S3,347491725,0,0,0,428,2928                           
2026-10-06T20:24:09.011	TEL,2547,S3,347501725,0,0,0,428,2928                           
2026-10-06T20:24:09.011	TEL,2548,S3,347511725,0,0,0,428,2928                           
2026-10-06T20:24:09.011	TEL,2549,S3,347521725,0,0,0,428,2928                           
2026-10-06T20:24:09.011	TEL,2550,S3,347531725,0,0,0,428,2928                           
2026-10-06T20:24:09.011	TEL,2551,S3,347541725,0,0,0,428,2930                           
2026-10-06T20:24:09.011	TEL,2552,S3,347551725,0,0,0,430,2930                           
2026-10-06T20:24:09.011	TEL,2553,S3,347561725,0,0,0,430,2928                           
2026-10-06T20:24:09.011	TEL,2554,S3,347571725,0,0,0,428,2928                           
2026-10-06T20:24:09.011	TEL,2555,S3,347581725,0,0,0,428,2928                           
2026-10-06T20:24:09.011	TEL,2556,S3,347591725,0,0,0,425,2928                           
2026-10-06T20:24:09.011	TEL,2557,S3,347601725,0,0,0,425,2928                           
2026-10-06T20:24:09.011	TEL,2558,S3,347611725,0,0,0,425,2928                           
2026-10-06T20:24:09.011	TEL,2559,S3,347621725,0,0,0,425,2928                           
2026-10-06T20:24:09.011	TEL,2560,S3,347631725,0,0,0,428,2928                           
2026-10-06T20:24:09.011	TEL,2561,S3,347641725,0,0,0,428,2928                           
2026-10-06T20:24:09.011	TEL,2562,S3,347651725,0,0,0,430,2928                           
2026-10-06T20:24:09.011	TEL,2563,S3,347661725,0,0,0,430,2928                           
2026-10-06T20:24:09.011	TEL,2564,S3,347671725,0,0,0,428,2928                           
2026-10-06T20:24:09.011	TEL,2565,S3,347681725,0,0,0,428,2928                           
2026-10-06T20:24:09.011	TEL,2566,S3,347691725,0,0,0,422,2928                           
2026-10-06T20:24:09.011	TEL,2567,S3,347701725,0,0,0,425,2932                           
2026-10-06T20:24:09.011	TEL,2568,S3,347711725,0,0,0,425,2932                           
2026-10-06T20:24:09.011	TEL,2569,S3,347721725,0,0,0,425,2930                           
2026-10-06T20:24:09.011	TEL,2570,S3,347731725,0,0,0,428,2930                           
2026-10-06T20:24:09.011	TEL,2571,S3,347741725,0,0,0,428,2928                           
2026-10-06T20:24:09.011	TEL,2572,S3,347751725,0,0,0,428,2928                           
2026-10-06T20:24:09.011	TEL,2573,S3,347761725,0,0,0,428,2928                           
2026-10-06T20:24:09.011	TEL,2574,S3,347771725,0,0,0,430,2928                           
2026-10-06T20:24:09.621	TEL,2575,S3,347781725,0,0,0,430,2928                           
2026-10-06T20:24:09.621	TEL,2576,S3,347791725,0,0,0,428,2928                           
2026-10-06T20:24:09.621	TEL,2577,S3,347801725,0,0,0,433,2933                           
2026-10-06T20:24:09.621	TEL,2578,S3,347811725,0,0,0,433,2933                           
2026-10-06T20:24:09.621	TEL,2579,S3,347821725,0,0,0,425,2925                           
2026-10-06T20:24:09.621	TEL,2580,S3,347831725,0,0,0,425,2925                           
2026-10-06T20:24:09.621	TEL,2581,S3,347841725,0,0,0,428,2928                           
2026-10-06T20:24:09.621	TEL,2582,S3,347851725,0,0,0,428,2928                           
2026-10-06T20:24:09.621	TEL,2583,S3,347861725,0,0,0,428,2928                           
2026-10-06T20:24:09.621	TEL,2584,S3,347871725,0,0,0,428,2928                           
2026-10-06T20:24:09.621	TEL,2585,S3,347881725,0,0,0,428,2928                           
2026-10-06T20:24:09.621	TEL,2586,S3,347891725,0,0,0,425,2928                           
2026-10-06T20:24:09.621	TEL,2587,S3,347901725,0,0,0,428,2932                           
2026-10-06T20:24:09.621	TEL,2588,S3,347911725,0,0,0,430,2932                           
2026-10-06T20:24:09.621	TEL,2589,S3,347921725,0,0,0,428,2928                           
2026-10-06T20:24:09.621	TEL,2590,S3,347931725,0,0,0,425,2928                           
2026-10-06T20:24:09.621	TEL,2591,S3,347941725,0,0,0,425,2928                           
2026-10-06T20:24:09.621	TEL,2592,S3,347951725,0,0,0,430,2928                           
2026-10-06T20:24:09.621	TEL,2593,S3,347961725,0,0,0,430,2928                           
2026-10-06T20:24:09.621	TEL,2594,S3,347971725,0,0,0,428,2928                           
2026-10-06T20:24:09.621	BTN,30,S3,PRESSED,347974048,347974055                          
2026-10-06T20:24:09.621	TEL,2595,S3,347981725,0,0,0,428,2928                           
2026-10-06T20:24:09.621	TEL,2596,S3,347991725,0,0,0,428,2928                           
2026-10-06T20:24:09.621	TEL,2597,S3,348001725,0,0,0,428,2928                           
2026-10-06T20:24:09.621	TEL,2598,S3,348011725,0,0,0,428,2928                           
2026-10-06T20:24:09.621	TEL,2599,S3,348021725,0,0,0,433,2933                           
2026-10-06T20:24:09.621	TEL,2600,S3,348031725,0,0,0,433,2933                           
2026-10-06T20:24:09.621	TEL,2601,S3,348041725,0,0,0,430,2932                           
2026-10-06T20:24:09.621	TEL,2602,S3,348051725,0,0,0,430,2932                           
2026-10-06T20:24:09.621	TEL,2603,S3,348061725,0,0,0,430,2932                           
2026-10-06T20:24:09.621	TEL,2604,S3,348071725,0,0,0,430,2932                           
2026-10-06T20:24:09.621	TEL,2605,S3,348081725,0,0,0,430,2932                           
2026-10-06T20:24:09.621	TEL,2606,S3,348091725,0,0,0,430,2932                           
2026-10-06T20:24:09.621	TEL,2607,S3,348101725,0,0,0,428,2928                           
2026-10-06T20:24:09.621	TEL,2608,S3,348111725,0,0,0,425,2928                           
2026-10-06T20:24:09.621	TEL,2609,S3,348121725,0,0,0,428,2930                           
2026-10-06T20:24:09.621	TEL,2610,S3,348131725,0,0,0,428,2930                           
2026-10-06T20:24:09.621	TEL,2611,S3,348141725,0,0,0,430,2932                           
2026-10-06T20:24:09.621	TEL,2612,S3,348151725,0,0,0,430,2932                           
2026-10-06T20:24:09.621	TEL,2613,S3,348161725,0,0,0,428,2930                           
2026-10-06T20:24:09.621	TEL,2614,S3,348171725,0,0,0,428,2930                           
2026-10-06T20:24:09.621	TEL,2615,S3,348181725,0,0,0,428,2928                           
2026-10-06T20:24:09.621	TEL,2616,S3,348191725,0,0,0,428,2928                           
2026-10-06T20:24:09.621	TEL,2617,S3,348201725,0,0,0,428,2928                           
2026-10-06T20:24:09.623	TEL,2618,S3,348211725,0,0,0,433,2928                           
2026-10-06T20:24:09.623	TEL,2619,S3,348221725,0,0,0,436,2932                           
2026-10-06T20:24:09.623	TEL,2620,S3,348231725,0,0,0,430,2932                           
2026-10-06T20:24:09.623	TEL,2621,S3,348241725,0,0,0,428,2930                           
2026-10-06T20:24:09.623	TEL,2622,S3,348251725,0,0,0,430,2930                           
2026-10-06T20:24:09.623	TEL,2623,S3,348261725,0,0,0,433,2932                           
2026-10-06T20:24:09.623	TEL,2624,S3,348271725,0,0,0,428,2932                           
2026-10-06T20:24:09.623	TEL,2625,S3,348281725,0,0,0,428,2932                           
2026-10-06T20:24:09.623	TEL,2626,S3,348291725,0,0,0,425,2932                           
2026-10-06T20:24:09.623	TEL,2627,S3,348301725,0,0,0,422,2928                           
2026-10-06T20:24:09.623	TEL,2628,S3,348311725,0,0,0,428,2928                           
2026-10-06T20:24:09.623	TEL,2629,S3,348321725,0,0,0,428,2928                           
2026-10-06T20:24:09.623	TEL,2630,S3,348331725,0,0,0,425,2928                           
2026-10-06T20:24:09.623	TEL,2631,S3,348341725,0,0,0,428,2932                           
2026-10-06T20:24:09.623	TEL,2632,S3,348351725,0,0,0,430,2932                           
2026-10-06T20:24:09.623	TEL,2633,S3,348361725,0,0,0,428,2928                           
2026-10-06T20:24:09.623	TEL,2634,S3,348371725,0,0,0,425,2928                           
2026-10-06T20:24:09.623	TEL,2635,S3,348381725,0,0,0,425,2928                           
2026-10-06T20:24:10.232	TEL,2636,S3,348391725,0,0,0,425,2928                           
2026-10-06T20:24:10.232	TEL,2637,S3,348401725,0,0,0,428,2930                           
2026-10-06T20:24:10.232	TEL,2638,S3,348411725,0,0,0,425,2930                           
2026-10-06T20:24:10.232	TEL,2639,S3,348421725,0,0,0,422,2928                           
2026-10-06T20:24:10.232	TEL,2640,S3,348431725,0,0,0,428,2928                           
2026-10-06T20:24:10.232	TEL,2641,S3,348441725,0,0,0,428,2928                           
2026-10-06T20:24:10.232	TEL,2642,S3,348451725,0,0,0,430,2928                           
2026-10-06T20:24:10.232	TEL,2643,S3,348461725,0,0,0,433,2932                           
2026-10-06T20:24:10.232	TEL,2644,S3,348471725,0,0,0,442,2932                           
2026-10-06T20:24:10.232	TEL,2645,S3,348481725,0,0,0,442,2932                           
2026-10-06T20:24:10.232	TEL,2646,S3,348491725,0,0,0,430,2932                           
2026-10-06T20:24:10.232	TEL,2647,S3,348501725,0,0,0,428,2928                           
2026-10-06T20:24:10.232	TEL,2648,S3,348511725,0,0,0,428,2928                           
2026-10-06T20:24:10.232	TEL,2649,S3,348521725,0,0,0,430,2932                           
2026-10-06T20:24:10.232	TEL,2650,S3,348531725,0,0,0,425,2932                           
2026-10-06T20:24:10.232	TEL,2651,S3,348541725,0,0,0,422,2928                           
2026-10-06T20:24:10.232	TEL,2652,S3,348551725,0,0,0,422,2928                           
2026-10-06T20:24:10.232	TEL,2653,S3,348561725,0,0,0,422,2928                           
2026-10-06T20:24:10.232	TEL,2654,S3,348571725,0,0,0,428,2928                           
2026-10-06T20:24:10.232	TEL,2655,S3,348581725,0,0,0,428,2928                           
2026-10-06T20:24:10.232	TEL,2656,S3,348591725,0,0,0,428,2928                           
2026-10-06T20:24:10.232	TEL,2657,S3,348601725,0,0,0,428,2928                           
2026-10-06T20:24:10.232	TEL,2658,S3,348611725,0,0,0,425,2928                           
2026-10-06T20:24:10.232	TEL,2659,S3,348621725,0,0,0,425,2928                           
2026-10-06T20:24:10.232	TEL,2660,S3,348631725,0,0,0,433,2928                           
2026-10-06T20:24:10.232	TEL,2661,S3,348641725,0,0,0,433,2928                           
2026-10-06T20:24:10.232	TEL,2662,S3,348651725,0,0,0,422,2928                           
2026-10-06T20:24:10.232	TEL,2663,S3,348661725,0,0,0,425,2932                           
2026-10-06T20:24:10.232	TEL,2664,S3,348671725,0,0,0,436,2932                           
2026-10-06T20:24:10.232	TEL,2665,S3,348681725,0,0,0,433,2928                           
2026-10-06T20:24:10.232	TEL,2666,S3,348691725,0,0,0,428,2928                           
2026-10-06T20:24:10.232	TEL,2667,S3,348701725,0,0,0,428,2928                           
2026-10-06T20:24:10.232	TEL,2668,S3,348711725,0,0,0,428,2928                           
2026-10-06T20:24:10.232	TEL,2669,S3,348721725,0,0,0,428,2928                           
2026-10-06T20:24:10.232	TEL,2670,S3,348731725,0,0,0,428,2928                           
2026-10-06T20:24:10.232	TEL,2671,S3,348741725,0,0,0,430,2932                           
2026-10-06T20:24:10.232	TEL,2672,S3,348751725,0,0,0,430,2932                           
2026-10-06T20:24:10.232	TEL,2673,S3,348761725,0,0,0,428,2928                           
2026-10-06T20:24:10.232	TEL,2674,S3,348771725,0,0,0,428,2928                           
2026-10-06T20:24:10.232	TEL,2675,S3,348781725,0,0,0,428,2930                           
2026-10-06T20:24:10.232	TEL,2676,S3,348791725,0,0,0,433,2930                           
2026-10-06T20:24:10.232	TEL,2677,S3,348801725,0,0,0,436,2932                           
2026-10-06T20:24:10.232	TEL,2678,S3,348811725,0,0,0,430,2932                           
2026-10-06T20:24:10.232	TEL,2679,S3,348821725,0,0,0,428,2928                           
2026-10-06T20:24:10.232	TEL,2680,S3,348831725,0,0,0,428,2928                           
2026-10-06T20:24:10.232	TEL,2681,S3,348841725,0,0,0,428,2930                           
2026-10-06T20:24:10.232	TEL,2682,S3,348851725,0,0,0,428,2930                           
2026-10-06T20:24:10.232	BTN,31,S3,PRESSED,348856053,348856061                          
2026-10-06T20:24:10.232	TEL,2683,S3,348861725,0,0,0,428,2928                           
2026-10-06T20:24:10.232	TEL,2684,S3,348871725,0,0,0,425,2928                           
2026-10-06T20:24:10.232	TEL,2685,S3,348881725,0,0,0,425,2928                           
2026-10-06T20:24:10.232	TEL,2686,S3,348891725,0,0,0,428,2928                           
2026-10-06T20:24:10.232	TEL,2687,S3,348901725,0,0,0,428,2930                           
2026-10-06T20:24:10.232	TEL,2688,S3,348911725,0,0,0,428,2930                           
2026-10-06T20:24:10.232	TEL,2689,S3,348921725,0,0,0,428,2928                           
2026-10-06T20:24:10.232	TEL,2690,S3,348931725,0,0,0,425,2928                           
2026-10-06T20:24:10.232	TEL,2691,S3,348941725,0,0,0,428,2932                           
2026-10-06T20:24:10.232	TEL,2692,S3,348951725,0,0,0,430,2932                           
2026-10-06T20:24:10.232	TEL,2693,S3,348961725,0,0,0,428,2928                           
2026-10-06T20:24:10.232	TEL,2694,S3,348971725,0,0,0,425,2928                           
2026-10-06T20:24:10.232	TEL,2695,S3,348981725,0,0,0,425,2928                           
2026-10-06T20:24:10.232	TEL,2696,S3,348991725,0,0,0,430,2928                           
2026-10-06T20:24:10.852	TEL,2697,S3,349001725,0,0,0,430,2928                           
2026-10-06T20:24:10.852	TEL,2698,S3,349011725,0,0,0,428,2928                           
2026-10-06T20:24:10.852	TEL,2699,S3,349021725,0,0,0,428,2928                           
2026-10-06T20:24:10.852	TEL,2700,S3,349031725,0,0,0,428,2928                           
2026-10-06T20:24:10.852	TEL,2701,S3,349041725,0,0,0,428,2928                           
2026-10-06T20:24:10.852	TEL,2702,S3,349051725,0,0,0,425,2928                           
2026-10-06T20:24:10.852	TEL,2703,S3,349061725,0,0,0,425,2928                           
2026-10-06T20:24:10.852	TEL,2704,S3,349071725,0,0,0,428,2928                           
2026-10-06T20:24:10.852	TEL,2705,S3,349081725,0,0,0,428,2928                           
2026-10-06T20:24:10.852	TEL,2706,S3,349091725,0,0,0,428,2928                           
2026-10-06T20:24:10.852	TEL,2707,S3,349101725,0,0,0,430,2932                           
2026-10-06T20:24:10.852	TEL,2708,S3,349111725,0,0,0,430,2932                           
2026-10-06T20:24:10.852	TEL,2709,S3,349121725,0,0,0,428,2930                           
2026-10-06T20:24:10.852	TEL,2710,S3,349131725,0,0,0,428,2930                           
2026-10-06T20:24:10.852	TEL,2711,S3,349141725,0,0,0,428,2928                           
2026-10-06T20:24:10.852	TEL,2712,S3,349151725,0,0,0,428,2928                           
2026-10-06T20:24:10.852	TEL,2713,S3,349161725,0,0,0,428,2928                           
2026-10-06T20:24:10.852	TEL,2714,S3,349171725,0,0,0,428,2928                           
2026-10-06T20:24:10.852	TEL,2715,S3,349181725,0,0,0,428,2928                           
2026-10-06T20:24:10.852	TEL,2716,S3,349191725,0,0,0,428,2928                           
2026-10-06T20:24:10.852	TEL,2717,S3,349201725,0,0,0,428,2930                           
2026-10-06T20:24:10.852	TEL,2718,S3,349211725,0,0,0,428,2930                           
2026-10-06T20:24:10.852	TEL,2719,S3,349221725,0,0,0,428,2928                           
2026-10-06T20:24:10.852	TEL,2720,S3,349231725,0,0,0,428,2928                           
2026-10-06T20:24:10.852	TEL,2721,S3,349241725,0,0,0,430,2932                           
2026-10-06T20:24:10.852	TEL,2722,S3,349251725,0,0,0,430,2932                           
2026-10-06T20:24:10.852	TEL,2723,S3,349261725,0,0,0,428,2928                           
2026-10-06T20:24:10.852	TEL,2724,S3,349271725,0,0,0,430,2928                           
2026-10-06T20:24:10.852	TEL,2725,S3,349281725,0,0,0,430,2928                           
2026-10-06T20:24:10.852	TEL,2726,S3,349291725,0,0,0,425,2928                           
2026-10-06T20:24:10.852	TEL,2727,S3,349301725,0,0,0,425,2928                           
2026-10-06T20:24:10.852	TEL,2728,S3,349311725,0,0,0,428,2928                           
2026-10-06T20:24:10.852	TEL,2729,S3,349321725,0,0,0,428,2928                           
2026-10-06T20:24:10.852	TEL,2730,S3,349331725,0,0,0,428,2928                           
2026-10-06T20:24:10.852	TEL,2731,S3,349341725,0,0,0,430,2932                           
2026-10-06T20:24:10.852	TEL,2732,S3,349351725,0,0,0,430,2932                           
2026-10-06T20:24:10.852	TEL,2733,S3,349361725,0,0,0,428,2928                           
2026-10-06T20:24:10.852	TEL,2734,S3,349371725,0,0,0,428,2928                           
2026-10-06T20:24:10.852	TEL,2735,S3,349381725,0,0,0,430,2932                           
2026-10-06T20:24:10.852	TEL,2736,S3,349391725,0,0,0,430,2932                           
2026-10-06T20:24:10.852	TEL,2737,S3,349401725,0,0,0,428,2930                           
2026-10-06T20:24:10.852	TEL,2738,S3,349411725,0,0,0,428,2930                           
2026-10-06T20:24:10.852	TEL,2739,S3,349421725,0,0,0,430,2932                           
2026-10-06T20:24:10.852	TEL,2740,S3,349431725,0,0,0,430,2932                           
2026-10-06T20:24:10.852	TEL,2741,S3,349441725,0,0,0,430,2932                           
2026-10-06T20:24:10.852	TEL,2742,S3,349451725,0,0,0,430,2932                           
2026-10-06T20:24:10.852	TEL,2743,S3,349461725,0,0,0,428,2928                           
2026-10-06T20:24:10.852	TEL,2744,S3,349471725,0,0,0,428,2928                           
2026-10-06T20:24:10.852	TEL,2745,S3,349481725,0,0,0,428,2928                           
2026-10-06T20:24:10.852	TEL,2746,S3,349491725,0,0,0,425,2928                           
2026-10-06T20:24:10.852	TEL,2747,S3,349501725,0,0,0,425,2928                           
2026-10-06T20:24:10.852	TEL,2748,S3,349511725,0,0,0,428,2928                           
2026-10-06T20:24:10.852	TEL,2749,S3,349521725,0,0,0,428,2930                           
2026-10-06T20:24:10.852	TEL,2750,S3,349531725,0,0,0,428,2930                           
2026-10-06T20:24:10.852	TEL,2751,S3,349541725,0,0,0,428,2928                           
2026-10-06T20:24:10.852	TEL,2752,S3,349551725,0,0,0,425,2928                           
2026-10-06T20:24:10.852	TEL,2753,S3,349561725,0,0,0,430,2933                           
2026-10-06T20:24:10.852	TEL,2754,S3,349571725,0,0,0,433,2933                           
2026-10-06T20:24:10.852	TEL,2755,S3,349581725,0,0,0,428,2928                           
2026-10-06T20:24:10.852	TEL,2756,S3,349591725,0,0,0,425,2928                           
2026-10-06T20:24:10.852	TEL,2757,S3,349601725,0,0,0,425,2928                           
2026-10-06T20:24:10.852	TEL,2758,S3,349611725,0,0,0,422,2928                           
2026-10-06T20:24:11.461	TEL,2759,S3,349621725,0,0,0,422,2928                           
2026-10-06T20:24:11.461	TEL,2760,S3,349631725,0,0,0,428,2928                           
2026-10-06T20:24:11.461	TEL,2761,S3,349641725,0,0,0,430,2932                           
2026-10-06T20:24:11.461	TEL,2762,S3,349651725,0,0,0,430,2932                           
2026-10-06T20:24:11.461	TEL,2763,S3,349661725,0,0,0,428,2928                           
2026-10-06T20:24:11.461	TEL,2764,S3,349671725,0,0,0,428,2928                           
2026-10-06T20:24:11.461	TEL,2765,S3,349681725,0,0,0,428,2928                           
2026-10-06T20:24:11.461	TEL,2766,S3,349691725,0,0,0,425,2928                           
2026-10-06T20:24:11.461	TEL,2767,S3,349701725,0,0,0,425,2928                           
2026-10-06T20:24:11.461	TEL,2768,S3,349711725,0,0,0,425,2928                           
2026-10-06T20:24:11.461	TEL,2769,S3,349721725,0,0,0,425,2928                           
2026-10-06T20:24:11.461	TEL,2770,S3,349731725,0,0,0,428,2928                           
2026-10-06T20:24:11.461	BTN,32,S3,PRESSED,349735059,349735066                          
2026-10-06T20:24:11.461	TEL,2771,S3,349741725,0,0,0,430,2932                           
2026-10-06T20:24:11.461	TEL,2772,S3,349751725,0,0,0,430,2932                           
2026-10-06T20:24:11.461	TEL,2773,S3,349761725,0,0,0,428,2928                           
2026-10-06T20:24:11.461	TEL,2774,S3,349771725,0,0,0,428,2928                           
2026-10-06T20:24:11.461	TEL,2775,S3,349781725,0,0,0,428,2928                           
2026-10-06T20:24:11.461	TEL,2776,S3,349791725,0,0,0,428,2928                           
2026-10-06T20:24:11.461	TEL,2777,S3,349801725,0,0,0,428,2928                           
2026-10-06T20:24:11.461	TEL,2778,S3,349811725,0,0,0,428,2928                           
2026-10-06T20:24:11.461	TEL,2779,S3,349821725,0,0,0,433,2933                           
2026-10-06T20:24:11.461	TEL,2780,S3,349831725,0,0,0,433,2933                           
2026-10-06T20:24:11.461	TEL,2781,S3,349841725,0,0,0,428,2928                           
2026-10-06T20:24:11.461	TEL,2782,S3,349851725,0,0,0,428,2928                           
2026-10-06T20:24:11.461	TEL,2783,S3,349861725,0,0,0,428,2928                           
2026-10-06T20:24:11.461	TEL,2784,S3,349871725,0,0,0,425,2928                           
2026-10-06T20:24:11.461	TEL,2785,S3,349881725,0,0,0,425,2928                           
2026-10-06T20:24:11.461	TEL,2786,S3,349891725,0,0,0,428,2928                           
2026-10-06T20:24:11.461	TEL,2787,S3,349901725,0,0,0,428,2930                           
2026-10-06T20:24:11.461	TEL,2788,S3,349911725,0,0,0,425,2930                           
2026-10-06T20:24:11.461	TEL,2789,S3,349921725,0,0,0,422,2928                           
2026-10-06T20:24:11.461	TEL,2790,S3,349931725,0,0,0,428,2928                           
2026-10-06T20:24:11.461	TEL,2791,S3,349941725,0,0,0,428,2930                           
2026-10-06T20:24:11.461	TEL,2792,S3,349951725,0,0,0,428,2930                           
2026-10-06T20:24:11.461	TEL,2793,S3,349961725,0,0,0,433,2933                           
2026-10-06T20:24:11.461	TEL,2794,S3,349971725,0,0,0,428,2933                           
2026-10-06T20:24:11.461	TEL,2795,S3,349981725,0,0,0,425,2932                           
2026-10-06T20:24:11.461	TEL,2796,S3,349991725,0,0,0,428,2932                           
2026-10-06T20:24:11.461	TEL,2797,S3,350001725,0,0,0,428,2932                           
2026-10-06T20:24:11.461	TEL,2798,S3,350011725,0,0,0,428,2932                           
2026-10-06T20:24:11.461	TEL,2799,S3,350021725,0,0,0,428,2932                           
2026-10-06T20:24:11.461	TEL,2800,S3,350031725,0,0,0,428,2932                           
2026-10-06T20:24:11.461	TEL,2801,S3,350041725,0,0,0,430,2933                           
2026-10-06T20:24:11.461	TEL,2802,S3,350051725,0,0,0,433,2933                           
2026-10-06T20:24:11.461	TEL,2803,S3,350061725,0,0,0,433,2933                           
2026-10-06T20:24:11.461	TEL,2804,S3,350071725,0,0,0,430,2933                           
2026-10-06T20:24:11.461	TEL,2805,S3,350081725,0,0,0,428,2932                           
2026-10-06T20:24:11.461	TEL,2806,S3,350091725,0,0,0,425,2932                           
2026-10-06T20:24:11.461	TEL,2807,S3,350101725,0,0,0,422,2928                           
2026-10-06T20:24:11.461	TEL,2808,S3,350111725,0,0,0,430,2928                           
2026-10-06T20:24:11.461	TEL,2809,S3,350121725,0,0,0,430,2930                           
2026-10-06T20:24:11.461	TEL,2810,S3,350131725,0,0,0,428,2930                           
2026-10-06T20:24:11.461	TEL,2811,S3,350141725,0,0,0,430,2932                           
2026-10-06T20:24:11.461	TEL,2812,S3,350151725,0,0,0,428,2932                           
2026-10-06T20:24:11.461	TEL,2813,S3,350161725,0,0,0,428,2932                           
2026-10-06T20:24:11.461	TEL,2814,S3,350171725,0,0,0,428,2932                           
2026-10-06T20:24:11.461	TEL,2815,S3,350181725,0,0,0,428,2930                           
2026-10-06T20:24:11.461	TEL,2816,S3,350191725,0,0,0,428,2930                           
2026-10-06T20:24:11.461	TEL,2817,S3,350201725,0,0,0,428,2928                           
2026-10-06T20:24:11.461	TEL,2818,S3,350211725,0,0,0,428,2928                           
2026-10-06T20:24:11.461	TEL,2819,S3,350221725,0,0,0,433,2933                           
2026-10-06T20:24:12.071	TEL,2820,S3,350231725,0,0,0,433,2933                           
2026-10-06T20:24:12.071	TEL,2821,S3,350241725,0,0,0,430,2932                           
2026-10-06T20:24:12.071	TEL,2822,S3,350251725,0,0,0,430,2932                           
2026-10-06T20:24:12.071	TEL,2823,S3,350261725,0,0,0,430,2932                           
2026-10-06T20:24:12.071	TEL,2824,S3,350271725,0,0,0,428,2932                           
2026-10-06T20:24:12.071	TEL,2825,S3,350281725,0,0,0,428,2932                           
2026-10-06T20:24:12.071	TEL,2826,S3,350291725,0,0,0,428,2932                           
2026-10-06T20:24:12.071	TEL,2827,S3,350301725,0,0,0,425,2928                           
2026-10-06T20:24:12.071	TEL,2828,S3,350311725,0,0,0,422,2928                           
2026-10-06T20:24:12.071	TEL,2829,S3,350321725,0,0,0,422,2928                           
2026-10-06T20:24:12.071	TEL,2830,S3,350331725,0,0,0,428,2928                           
2026-10-06T20:24:12.071	TEL,2831,S3,350341725,0,0,0,428,2928                           
2026-10-06T20:24:12.071	TEL,2832,S3,350351725,0,0,0,422,2928                           
2026-10-06T20:24:12.071	TEL,2833,S3,350361725,0,0,0,422,2928                           
2026-10-06T20:24:12.071	TEL,2834,S3,350371725,0,0,0,428,2928                           
2026-10-06T20:24:12.071	TEL,2835,S3,350381725,0,0,0,430,2932                           
2026-10-06T20:24:12.071	TEL,2836,S3,350391725,0,0,0,430,2932                           
2026-10-06T20:24:12.071	TEL,2837,S3,350401725,0,0,0,430,2932                           
2026-10-06T20:24:12.071	TEL,2838,S3,350411725,0,0,0,428,2932                           
2026-10-06T20:24:12.071	TEL,2839,S3,350421725,0,0,0,425,2928                           
2026-10-06T20:24:12.071	TEL,2840,S3,350431725,0,0,0,428,2928                           
2026-10-06T20:24:12.071	TEL,2841,S3,350441725,0,0,0,428,2928                           
2026-10-06T20:24:12.072	BTN,33,S3,PRESSED,350442064,350442072                          
2026-10-06T20:24:12.072	TEL,2842,S3,350451725,0,0,0,425,2928                           
2026-10-06T20:24:12.072	TEL,2843,S3,350461725,0,0,0,425,2928                           
2026-10-06T20:24:12.072	TEL,2844,S3,350471725,0,0,0,428,2928                           
2026-10-06T20:24:12.072	TEL,2845,S3,350481725,0,0,0,428,2928                           
2026-10-06T20:24:12.072	TEL,2846,S3,350491725,0,0,0,428,2928                           
2026-10-06T20:24:12.072	TEL,2847,S3,350501725,0,0,0,430,2932                           
2026-10-06T20:24:12.072	TEL,2848,S3,350511725,0,0,0,430,2932                           
2026-10-06T20:24:12.072	TEL,2849,S3,350521725,0,0,0,428,2928                           
2026-10-06T20:24:12.072	TEL,2850,S3,350531725,0,0,0,428,2928                           
2026-10-06T20:24:12.072	TEL,2851,S3,350541725,0,0,0,428,2928                           
2026-10-06T20:24:12.072	TEL,2852,S3,350551725,0,0,0,425,2928                           
2026-10-06T20:24:12.072	TEL,2853,S3,350561725,0,0,0,428,2932                           
2026-10-06T20:24:12.072	TEL,2854,S3,350571725,0,0,0,433,2932                           
2026-10-06T20:24:12.072	TEL,2855,S3,350581725,0,0,0,433,2932                           
2026-10-06T20:24:12.072	TEL,2856,S3,350591725,0,0,0,430,2932                           
2026-10-06T20:24:12.072	TEL,2857,S3,350601725,0,0,0,428,2928                           
2026-10-06T20:24:12.072	TEL,2858,S3,350611725,0,0,0,422,2928                           
2026-10-06T20:24:12.072	TEL,2859,S3,350621725,0,0,0,425,2930                           
2026-10-06T20:24:12.072	TEL,2860,S3,350631725,0,0,0,428,2930                           
2026-10-06T20:24:12.072	TEL,2861,S3,350641725,0,0,0,428,2930                           
2026-10-06T20:24:12.072	TEL,2862,S3,350651725,0,0,0,428,2930                           
2026-10-06T20:24:12.072	TEL,2863,S3,350661725,0,0,0,428,2928                           
2026-10-06T20:24:12.072	TEL,2864,S3,350671725,0,0,0,433,2928                           
2026-10-06T20:24:12.072	TEL,2865,S3,350681725,0,0,0,433,2930                           
2026-10-06T20:24:12.072	TEL,2866,S3,350691725,0,0,0,428,2930                           
2026-10-06T20:24:12.072	TEL,2867,S3,350701725,0,0,0,430,2932                           
2026-10-06T20:24:12.072	TEL,2868,S3,350711725,0,0,0,425,2932                           
2026-10-06T20:24:12.072	TEL,2869,S3,350721725,0,0,0,422,2928                           
2026-10-06T20:24:12.072	TEL,2870,S3,350731725,0,0,0,422,2928                           
2026-10-06T20:24:12.072	TEL,2871,S3,350741725,0,0,0,422,2928                           
2026-10-06T20:24:12.072	TEL,2872,S3,350751725,0,0,0,428,2928                           
2026-10-06T20:24:12.072	TEL,2873,S3,350761725,0,0,0,430,2932                           
2026-10-06T20:24:12.072	TEL,2874,S3,350771725,0,0,0,428,2932                           
2026-10-06T20:24:12.072	TEL,2875,S3,350781725,0,0,0,428,2932                           
2026-10-06T20:24:12.072	TEL,2876,S3,350791725,0,0,0,430,2932                           
2026-10-06T20:24:12.072	TEL,2877,S3,350801725,0,0,0,430,2932                           
2026-10-06T20:24:12.072	TEL,2878,S3,350811725,0,0,0,433,2932                           
2026-10-06T20:24:12.072	TEL,2879,S3,350821725,0,0,0,430,2930                           
2026-10-06T20:24:12.072	TEL,2880,S3,350831725,0,0,0,428,2930                           
2026-10-06T20:24:12.682	TEL,2881,S3,350841725,0,0,0,428,2928                           
2026-10-06T20:24:12.682	TEL,2882,S3,350851725,0,0,0,428,2928                           
2026-10-06T20:24:12.682	TEL,2883,S3,350861725,0,0,0,428,2930                           
2026-10-06T20:24:12.682	TEL,2884,S3,350871725,0,0,0,425,2930                           
2026-10-06T20:24:12.682	TEL,2885,S3,350881725,0,0,0,422,2928                           
2026-10-06T20:24:12.682	TEL,2886,S3,350891725,0,0,0,428,2928                           
2026-10-06T20:24:12.682	TEL,2887,S3,350901725,0,0,0,428,2928                           
2026-10-06T20:24:12.682	TEL,2888,S3,350911725,0,0,0,428,2928                           
2026-10-06T20:24:12.682	TEL,2889,S3,350921725,0,0,0,428,2928                           
2026-10-06T20:24:12.682	TEL,2890,S3,350931725,0,0,0,430,2928                           
2026-10-06T20:24:12.682	TEL,2891,S3,350941725,0,0,0,433,2932                           
2026-10-06T20:24:12.682	TEL,2892,S3,350951725,0,0,0,430,2932                           
2026-10-06T20:24:12.682	TEL,2893,S3,350961725,0,0,0,428,2928                           
2026-10-06T20:24:12.682	TEL,2894,S3,350971725,0,0,0,425,2928                           
2026-10-06T20:24:12.682	TEL,2895,S3,350981725,0,0,0,425,2928                           
2026-10-06T20:24:12.682	TEL,2896,S3,350991725,0,0,0,430,2928                           
2026-10-06T20:24:12.682	TEL,2897,S3,351001725,0,0,0,433,2932                           
2026-10-06T20:24:12.682	TEL,2898,S3,351011725,0,0,0,428,2932                           
2026-10-06T20:24:12.682	TEL,2899,S3,351021725,0,0,0,428,2932                           
2026-10-06T20:24:12.682	TEL,2900,S3,351031725,0,0,0,430,2932                           
2026-10-06T20:24:12.682	TEL,2901,S3,351041725,0,0,0,428,2928                           
2026-10-06T20:24:12.682	BTN,34,S3,PRESSED,351045070,351045077                          
2026-10-06T20:24:12.682	TEL,2902,S3,351051725,0,0,0,428,2928                           
2026-10-06T20:24:12.682	TEL,2903,S3,351061725,0,0,0,428,2930                           
2026-10-06T20:24:12.682	TEL,2904,S3,351071725,0,0,0,428,2930                           
2026-10-06T20:24:12.682	TEL,2905,S3,351081725,0,0,0,430,2932                           
2026-10-06T20:24:12.682	TEL,2906,S3,351091725,0,0,0,430,2932                           
2026-10-06T20:24:12.682	TEL,2907,S3,351101725,0,0,0,428,2928                           
2026-10-06T20:24:12.682	TEL,2908,S3,351111725,0,0,0,428,2928                           
2026-10-06T20:24:12.682	TEL,2909,S3,351121725,0,0,0,430,2932                           
2026-10-06T20:24:12.682	TEL,2910,S3,351131725,0,0,0,425,2932                           
2026-10-06T20:24:12.682	TEL,2911,S3,351141725,0,0,0,425,2932                           
2026-10-06T20:24:12.682	TEL,2912,S3,351151725,0,0,0,430,2932                           
2026-10-06T20:24:12.682	TEL,2913,S3,351161725,0,0,0,428,2928                           
2026-10-06T20:24:12.682	TEL,2914,S3,351171725,0,0,0,428,2928                           
2026-10-06T20:24:12.682	TEL,2915,S3,351181725,0,0,0,430,2932                           
2026-10-06T20:24:12.682	TEL,2916,S3,351191725,0,0,0,430,2932                           
2026-10-06T20:24:12.682	TEL,2917,S3,351201725,0,0,0,430,2932                           
2026-10-06T20:24:12.682	TEL,2918,S3,351211725,0,0,0,428,2932                           
2026-10-06T20:24:12.682	TEL,2919,S3,351221725,0,0,0,425,2928                           
2026-10-06T20:24:12.682	TEL,2920,S3,351231725,0,0,0,425,2928                           
2026-10-06T20:24:12.682	TEL,2921,S3,351241725,0,0,0,430,2933                           
2026-10-06T20:24:12.682	TEL,2922,S3,351251725,0,0,0,433,2933                           
2026-10-06T20:24:12.682	TEL,2923,S3,351261725,0,0,0,428,2928                           
2026-10-06T20:24:12.682	TEL,2924,S3,351271725,0,0,0,428,2928                           
2026-10-06T20:24:12.682	TEL,2925,S3,351281725,0,0,0,430,2932                           
2026-10-06T20:24:12.682	TEL,2926,S3,351291725,0,0,0,430,2932                           
2026-10-06T20:24:12.682	TEL,2927,S3,351301725,0,0,0,428,2928                           
2026-10-06T20:24:12.682	TEL,2928,S3,351311725,0,0,0,422,2928                           
2026-10-06T20:24:12.682	TEL,2929,S3,351321725,0,0,0,425,2930                           
2026-10-06T20:24:12.682	TEL,2930,S3,351331725,0,0,0,430,2930                           
2026-10-06T20:24:12.682	TEL,2931,S3,351341725,0,0,0,433,2932                           
2026-10-06T20:24:12.682	TEL,2932,S3,351351725,0,0,0,430,2932                           
2026-10-06T20:24:12.682	TEL,2933,S3,351361725,0,0,0,428,2928                           
2026-10-06T20:24:12.682	TEL,2934,S3,351371725,0,0,0,428,2928                           
2026-10-06T20:24:12.682	TEL,2935,S3,351381725,0,0,0,428,2928                           
2026-10-06T20:24:12.682	TEL,2936,S3,351391725,0,0,0,428,2928                           
2026-10-06T20:24:12.682	TEL,2937,S3,351401725,0,0,0,430,2932                           
2026-10-06T20:24:12.682	TEL,2938,S3,351411725,0,0,0,430,2932                           
2026-10-06T20:24:12.682	TEL,2939,S3,351421725,0,0,0,428,2928                           
2026-10-06T20:24:12.682	TEL,2940,S3,351431725,0,0,0,422,2928                           
2026-10-06T20:24:12.682	TEL,2941,S3,351441725,0,0,0,422,2928                           
2026-10-06T20:24:13.292	TEL,2942,S3,351451725,0,0,0,428,2928                           
2026-10-06T20:24:13.292	TEL,2943,S3,351461725,0,0,0,430,2932                           
2026-10-06T20:24:13.292	TEL,2944,S3,351471725,0,0,0,425,2932                           
2026-10-06T20:24:13.292	TEL,2945,S3,351481725,0,0,0,422,2928                           
2026-10-06T20:24:13.292	TEL,2946,S3,351491725,0,0,0,428,2928                           
2026-10-06T20:24:13.292	TEL,2947,S3,351501725,0,0,0,430,2932                           
2026-10-06T20:24:13.292	TEL,2948,S3,351511725,0,0,0,428,2932                           
2026-10-06T20:24:13.292	TEL,2949,S3,351521725,0,0,0,428,2930                           
2026-10-06T20:24:13.292	TEL,2950,S3,351531725,0,0,0,428,2930                           
2026-10-06T20:24:13.292	TEL,2951,S3,351541725,0,0,0,428,2928                           
2026-10-06T20:24:13.292	TEL,2952,S3,351551725,0,0,0,422,2928                           
2026-10-06T20:24:13.292	TEL,2953,S3,351561725,0,0,0,425,2932                           
2026-10-06T20:24:13.292	TEL,2954,S3,351571725,0,0,0,430,2932                           
2026-10-06T20:24:13.292	TEL,2955,S3,351581725,0,0,0,433,2933                           
2026-10-06T20:24:13.292	TEL,2956,S3,351591725,0,0,0,433,2933                           
2026-10-06T20:24:13.292	TEL,2957,S3,351601725,0,0,0,430,2932                           
2026-10-06T20:24:13.292	TEL,2958,S3,351611725,0,0,0,430,2932                           
2026-10-06T20:24:13.292	TEL,2959,S3,351621725,0,0,0,428,2928                           
2026-10-06T20:24:13.292	TEL,2960,S3,351631725,0,0,0,425,2928                           
2026-10-06T20:24:13.292	TEL,2961,S3,351641725,0,0,0,428,2932                           
2026-10-06T20:24:13.292	TEL,2962,S3,351651725,0,0,0,430,2932                           
2026-10-06T20:24:13.292	TEL,2963,S3,351661725,0,0,0,428,2928                           
2026-10-06T20:24:13.292	TEL,2964,S3,351671725,0,0,0,428,2928                           
2026-10-06T20:24:13.292	TEL,2965,S3,351681725,0,0,0,433,2933                           
2026-10-06T20:24:13.292	TEL,2966,S3,351691725,0,0,0,433,2933                           
2026-10-06T20:24:13.292	TEL,2967,S3,351701725,0,0,0,428,2928                           
2026-10-06T20:24:13.292	TEL,2968,S3,351711725,0,0,0,425,2928                           
2026-10-06T20:24:13.292	TEL,2969,S3,351721725,0,0,0,425,2928                           
2026-10-06T20:24:13.292	BTN,35,S3,PRESSED,351726075,351726083                          
2026-10-06T20:24:13.292	TEL,2970,S3,351731725,0,0,0,428,2928                           
2026-10-06T20:24:13.292	TEL,2971,S3,351741725,0,0,0,428,2930                           
2026-10-06T20:24:13.292	TEL,2972,S3,351751725,0,0,0,428,2930                           
2026-10-06T20:24:13.292	TEL,2973,S3,351761725,0,0,0,430,2932                           
2026-10-06T20:24:13.292	TEL,2974,S3,351771725,0,0,0,430,2932                           
2026-10-06T20:24:13.292	TEL,2975,S3,351781725,0,0,0,430,2932                           
2026-10-06T20:24:13.292	TEL,2976,S3,351791725,0,0,0,428,2932                           
2026-10-06T20:24:13.292	TEL,2977,S3,351801725,0,0,0,428,2932                           
2026-10-06T20:24:13.292	TEL,2978,S3,351811725,0,0,0,430,2932                           
2026-10-06T20:24:13.292	TEL,2979,S3,351821725,0,0,0,430,2932                           
2026-10-06T20:24:13.292	TEL,2980,S3,351831725,0,0,0,430,2932                           
2026-10-06T20:24:13.292	TEL,2981,S3,351841725,0,0,0,430,2932                           
2026-10-06T20:24:13.292	TEL,2982,S3,351851725,0,0,0,430,2932                           
2026-10-06T20:24:13.292	TEL,2983,S3,351861725,0,0,0,430,2932                           
2026-10-06T20:24:13.292	TEL,2984,S3,351871725,0,0,0,428,2932                           
2026-10-06T20:24:13.292	TEL,2985,S3,351881725,0,0,0,428,2932                           
2026-10-06T20:24:13.292	TEL,2986,S3,351891725,0,0,0,430,2932                           
2026-10-06T20:24:13.292	TEL,2987,S3,351901725,0,0,0,428,2928                           
2026-10-06T20:24:13.292	TEL,2988,S3,351911725,0,0,0,428,2928                           
2026-10-06T20:24:13.292	TEL,2989,S3,351921725,0,0,0,430,2932                           
2026-10-06T20:24:13.292	TEL,2990,S3,351931725,0,0,0,425,2932                           
2026-10-06T20:24:13.292	TEL,2991,S3,351941725,0,0,0,422,2928                           
2026-10-06T20:24:13.292	TEL,2992,S3,351951725,0,0,0,428,2928                           
2026-10-06T20:24:13.292	TEL,2993,S3,351961725,0,0,0,428,2928                           
2026-10-06T20:24:13.292	TEL,2994,S3,351971725,0,0,0,422,2928                           
2026-10-06T20:24:13.292	TEL,2995,S3,351981725,0,0,0,425,2932                           
2026-10-06T20:24:13.292	TEL,2996,S3,351991725,0,0,0,428,2932                           
2026-10-06T20:24:13.292	TEL,2997,S3,352001725,0,0,0,428,2932                           
2026-10-06T20:24:13.292	TEL,2998,S3,352011725,0,0,0,430,2932                           
2026-10-06T20:24:13.292	TEL,2999,S3,352021725,0,0,0,428,2928                           
2026-10-06T20:24:13.292	TEL,3000,S3,352031725,0,0,0,428,2928                           
2026-10-06T20:24:13.292	TEL,3001,S3,352041725,0,0,0,428,2928                           
2026-10-06T20:24:13.292	TEL,3002,S3,352051725,0,0,0,428,2928                           
2026-10-06T20:24:13.903	TEL,3003,S3,352061725,0,0,0,428,2930                           
2026-10-06T20:24:13.903	TEL,3004,S3,352071725,0,0,0,428,2930                           
2026-10-06T20:24:13.903	TEL,3005,S3,352081725,0,0,0,428,2928                           
2026-10-06T20:24:13.903	TEL,3006,S3,352091725,0,0,0,428,2928                           
2026-10-06T20:24:13.903	TEL,3007,S3,352101725,0,0,0,430,2932                           
2026-10-06T20:24:13.903	TEL,3008,S3,352111725,0,0,0,425,2932                           
2026-10-06T20:24:13.903	TEL,3009,S3,352121725,0,0,0,425,2932                           
2026-10-06T20:24:13.903	TEL,3010,S3,352131725,0,0,0,430,2932                           
2026-10-06T20:24:13.903	TEL,3011,S3,352141725,0,0,0,430,2932                           
2026-10-06T20:24:13.903	TEL,3012,S3,352151725,0,0,0,430,2932                           
2026-10-06T20:24:13.903	TEL,3013,S3,352161725,0,0,0,428,2928                           
2026-10-06T20:24:13.903	TEL,3014,S3,352171725,0,0,0,428,2928                           
2026-10-06T20:24:13.903	TEL,3015,S3,352181725,0,0,0,428,2928                           
2026-10-06T20:24:13.903	TEL,3016,S3,352191725,0,0,0,428,2928                           
2026-10-06T20:24:13.903	TEL,3017,S3,352201725,0,0,0,428,2930                           
2026-10-06T20:24:13.903	TEL,3018,S3,352211725,0,0,0,428,2930                           
2026-10-06T20:24:13.903	TEL,3019,S3,352221725,0,0,0,430,2932                           
2026-10-06T20:24:13.903	BTN,36,S3,PRESSED,352230081,352230088                          
2026-10-06T20:24:13.903	TEL,3020,S3,352231725,0,0,0,436,2932                           
2026-10-06T20:24:13.903	TEL,3021,S3,352241725,0,0,0,448,2944                           
2026-10-06T20:24:13.903	TEL,3022,S3,352251725,0,0,0,430,2944                           
2026-10-06T20:24:13.903	TEL,3023,S3,352261725,0,0,0,419,2932                           
2026-10-06T20:24:13.903	TEL,3024,S3,352271725,0,0,0,425,2932                           
2026-10-06T20:24:13.903	TEL,3025,S3,352281725,0,0,0,425,2932                           
2026-10-06T20:24:13.903	TEL,3026,S3,352291725,0,0,0,425,2932                           
2026-10-06T20:24:13.903	TEL,3027,S3,352301725,0,0,0,425,2930                           
2026-10-06T20:24:13.903	TEL,3028,S3,352311725,0,0,0,428,2930                           
2026-10-06T20:24:13.903	TEL,3029,S3,352321725,0,0,0,433,2933                           
2026-10-06T20:24:13.903	TEL,3030,S3,352331725,0,0,0,433,2933                           
2026-10-06T20:24:13.903	TEL,3031,S3,352341725,0,0,0,430,2932                           
2026-10-06T20:24:13.903	TEL,3032,S3,352351725,0,0,0,430,2932                           
2026-10-06T20:24:13.903	TEL,3033,S3,352361725,0,0,0,428,2928                           
2026-10-06T20:24:13.903	TEL,3034,S3,352371725,0,0,0,422,2928                           
2026-10-06T20:24:13.903	TEL,3035,S3,352381725,0,0,0,425,2932                           
2026-10-06T20:24:13.903	TEL,3036,S3,352391725,0,0,0,430,2932                           
2026-10-06T20:24:13.903	TEL,3037,S3,352401725,0,0,0,430,2932                           
2026-10-06T20:24:13.904	TEL,3038,S3,352411725,0,0,0,430,2932                           
2026-10-06T20:24:13.904	TEL,3039,S3,352421725,0,0,0,430,2932                           
2026-10-06T20:24:13.904	TEL,3040,S3,352431725,0,0,0,425,2932                           
2026-10-06T20:24:13.904	TEL,3041,S3,352441725,0,0,0,422,2928                           
2026-10-06T20:24:13.904	TEL,3042,S3,352451725,0,0,0,428,2928                           
2026-10-06T20:24:13.904	TEL,3043,S3,352461725,0,0,0,430,2932                           
2026-10-06T20:24:13.904	TEL,3044,S3,352471725,0,0,0,428,2932                           
2026-10-06T20:24:13.904	TEL,3045,S3,352481725,0,0,0,428,2932                           
2026-10-06T20:24:13.904	TEL,3046,S3,352491725,0,0,0,430,2932                           
2026-10-06T20:24:13.904	TEL,3047,S3,352501725,0,0,0,430,2932                           
2026-10-06T20:24:13.904	TEL,3048,S3,352511725,0,0,0,430,2932                           
2026-10-06T20:24:13.904	TEL,3049,S3,352521725,0,0,0,428,2928                           
2026-10-06T20:24:13.904	TEL,3050,S3,352531725,0,0,0,430,2928                           
2026-10-06T20:24:13.904	TEL,3051,S3,352541725,0,0,0,433,2933                           
2026-10-06T20:24:13.904	TEL,3052,S3,352551725,0,0,0,433,2933                           
2026-10-06T20:24:13.904	TEL,3053,S3,352561725,0,0,0,433,2933                           
2026-10-06T20:24:13.904	TEL,3054,S3,352571725,0,0,0,433,2933                           
2026-10-06T20:24:13.904	TEL,3055,S3,352581725,0,0,0,428,2928                           
2026-10-06T20:24:13.904	TEL,3056,S3,352591725,0,0,0,422,2928                           
2026-10-06T20:24:13.904	TEL,3057,S3,352601725,0,0,0,425,2932                           
2026-10-06T20:24:13.904	TEL,3058,S3,352611725,0,0,0,430,2932                           
2026-10-06T20:24:13.904	TEL,3059,S3,352621725,0,0,0,430,2932                           
2026-10-06T20:24:13.904	TEL,3060,S3,352631725,0,0,0,425,2932                           
2026-10-06T20:24:13.904	TEL,3061,S3,352641725,0,0,0,425,2932                           
2026-10-06T20:24:13.904	TEL,3062,S3,352651725,0,0,0,430,2932                           
2026-10-06T20:24:13.904	TEL,3063,S3,352661725,0,0,0,430,2932                           
2026-10-06T20:24:14.511	TEL,3064,S3,352671725,0,0,0,430,2932                           
2026-10-06T20:24:14.511	TEL,3065,S3,352681725,0,0,0,430,2932                           
2026-10-06T20:24:14.511	TEL,3066,S3,352691725,0,0,0,428,2932                           
2026-10-06T20:24:14.511	TEL,3067,S3,352701725,0,0,0,425,2928                           
2026-10-06T20:24:14.511	TEL,3068,S3,352711725,0,0,0,425,2928                           
2026-10-06T20:24:14.511	TEL,3069,S3,352721725,0,0,0,425,2928                           
2026-10-06T20:24:14.511	TEL,3070,S3,352731725,0,0,0,428,2928                           
2026-10-06T20:24:14.511	TEL,3071,S3,352741725,0,0,0,430,2932                           
2026-10-06T20:24:14.511	TEL,3072,S3,352751725,0,0,0,430,2932                           
2026-10-06T20:24:14.511	TEL,3073,S3,352761725,0,0,0,428,2928                           
2026-10-06T20:24:14.511	TEL,3074,S3,352771725,0,0,0,425,2928                           
2026-10-06T20:24:14.511	TEL,3075,S3,352781725,0,0,0,425,2928                           
2026-10-06T20:24:14.511	TEL,3076,S3,352791725,0,0,0,422,2928                           
2026-10-06T20:24:14.511	TEL,3077,S3,352801725,0,0,0,425,2932                           
2026-10-06T20:24:14.511	TEL,3078,S3,352811725,0,0,0,430,2932                           
2026-10-06T20:24:14.511	TEL,3079,S3,352821725,0,0,0,430,2932                           
2026-10-06T20:24:14.511	TEL,3080,S3,352831725,0,0,0,430,2932                           
2026-10-06T20:24:14.511	TEL,3081,S3,352841725,0,0,0,430,2932                           
2026-10-06T20:24:14.511	TEL,3082,S3,352851725,0,0,0,430,2932                           
2026-10-06T20:24:14.511	TEL,3083,S3,352861725,0,0,0,428,2930                           
2026-10-06T20:24:14.511	TEL,3084,S3,352871725,0,0,0,428,2930                           
2026-10-06T20:24:14.511	TEL,3085,S3,352881725,0,0,0,428,2932                           
2026-10-06T20:24:14.511	TEL,3086,S3,352891725,0,0,0,433,2932                           
2026-10-06T20:24:14.511	TEL,3087,S3,352901725,0,0,0,430,2928                           
2026-10-06T20:24:14.511	TEL,3088,S3,352911725,0,0,0,428,2928                           
2026-10-06T20:24:14.511	TEL,3089,S3,352921725,0,0,0,428,2928                           
2026-10-06T20:24:14.511	TEL,3090,S3,352931725,0,0,0,428,2928                           
2026-10-06T20:24:14.511	TEL,3091,S3,352941725,0,0,0,428,2928                           
2026-10-06T20:24:14.511	TEL,3092,S3,352951725,0,0,0,428,2928                           
2026-10-06T20:24:14.511	TEL,3093,S3,352961725,0,0,0,428,2928                           
2026-10-06T20:24:14.511	TEL,3094,S3,352971725,0,0,0,425,2928                           
2026-10-06T20:24:14.511	TEL,3095,S3,352981725,0,0,0,428,2932                           
2026-10-06T20:24:14.511	TEL,3096,S3,352991725,0,0,0,430,2932                           
2026-10-06T20:24:14.511	TEL,3097,S3,353001725,0,0,0,430,2932                           
2026-10-06T20:24:14.511	TEL,3098,S3,353011725,0,0,0,428,2932                           
2026-10-06T20:24:14.511	TEL,3099,S3,353021725,0,0,0,425,2928                           
2026-10-06T20:24:14.511	TEL,3100,S3,353031725,0,0,0,425,2928                           
2026-10-06T20:24:14.511	TEL,3101,S3,353041725,0,0,0,425,2928                           
2026-10-06T20:24:14.511	TEL,3102,S3,353051725,0,0,0,425,2928                           
2026-10-06T20:24:14.511	TEL,3103,S3,353061725,0,0,0,425,2928                           
2026-10-06T20:24:14.511	TEL,3104,S3,353071725,0,0,0,428,2928                           
2026-10-06T20:24:14.511	TEL,3105,S3,353081725,0,0,0,433,2933                           
2026-10-06T20:24:14.511	TEL,3106,S3,353091725,0,0,0,433,2933                           
2026-10-06T20:24:14.511	TEL,3107,S3,353101725,0,0,0,430,2932                           
2026-10-06T20:24:14.511	TEL,3108,S3,353111725,0,0,0,430,2932                           
2026-10-06T20:24:14.511	TEL,3109,S3,353121725,0,0,0,428,2928                           
2026-10-06T20:24:14.511	BTN,37,S3,PRESSED,353129086,353129093                          
2026-10-06T20:24:14.511	TEL,3110,S3,353131725,0,0,0,422,2928                           
2026-10-06T20:24:14.511	TEL,3111,S3,353141725,0,0,0,436,2942                           
2026-10-06T20:24:14.511	TEL,3112,S3,353151725,0,0,0,436,2942                           
2026-10-06T20:24:14.511	TEL,3113,S3,353161725,0,0,0,419,2925                           
2026-10-06T20:24:14.511	TEL,3114,S3,353171725,0,0,0,433,2925                           
2026-10-06T20:24:14.511	TEL,3115,S3,353181725,0,0,0,442,2932                           
2026-10-06T20:24:14.511	TEL,3116,S3,353191725,0,0,0,425,2932                           
2026-10-06T20:24:14.511	TEL,3117,S3,353201725,0,0,0,422,2928                           
2026-10-06T20:24:14.511	TEL,3118,S3,353211725,0,0,0,422,2928                           
2026-10-06T20:24:14.511	TEL,3119,S3,353221725,0,0,0,425,2932                           
2026-10-06T20:24:14.511	TEL,3120,S3,353231725,0,0,0,436,2932                           
2026-10-06T20:24:14.511	TEL,3121,S3,353241725,0,0,0,433,2928                           
2026-10-06T20:24:14.511	TEL,3122,S3,353251725,0,0,0,428,2928                           
2026-10-06T20:24:14.511	TEL,3123,S3,353261725,0,0,0,430,2932                           
2026-10-06T20:24:14.511	TEL,3124,S3,353271725,0,0,0,430,2932                           
2026-10-06T20:24:15.122	TEL,3125,S3,353281725,0,0,0,425,2925                           
2026-10-06T20:24:15.122	TEL,3126,S3,353291725,0,0,0,425,2925                           
2026-10-06T20:24:15.122	TEL,3127,S3,353301725,0,0,0,433,2933                           
2026-10-06T20:24:15.122	TEL,3128,S3,353311725,0,0,0,433,2933                           
2026-10-06T20:24:15.122	TEL,3129,S3,353321725,0,0,0,428,2928                           
2026-10-06T20:24:15.122	TEL,3130,S3,353331725,0,0,0,422,2928                           
2026-10-06T20:24:15.122	TEL,3131,S3,353341725,0,0,0,425,2932                           
2026-10-06T20:24:15.122	TEL,3132,S3,353351725,0,0,0,430,2932                           
2026-10-06T20:24:15.122	TEL,3133,S3,353361725,0,0,0,428,2928                           
2026-10-06T20:24:15.122	TEL,3134,S3,353371725,0,0,0,428,2928                           
2026-10-06T20:24:15.122	TEL,3135,S3,353381725,0,0,0,428,2928                           
2026-10-06T20:24:15.122	TEL,3136,S3,353391725,0,0,0,428,2928                           
2026-10-06T20:24:15.122	TEL,3137,S3,353401725,0,0,0,428,2928                           
2026-10-06T20:24:15.122	TEL,3138,S3,353411725,0,0,0,430,2928                           
2026-10-06T20:24:15.122	TEL,3139,S3,353421725,0,0,0,430,2930                           
2026-10-06T20:24:15.122	TEL,3140,S3,353431725,0,0,0,428,2930                           
2026-10-06T20:24:15.122	TEL,3141,S3,353441725,0,0,0,425,2928                           
2026-10-06T20:24:15.122	TEL,3142,S3,353451725,0,0,0,428,2928                           
2026-10-06T20:24:15.122	TEL,3143,S3,353461725,0,0,0,430,2932                           
2026-10-06T20:24:15.122	TEL,3144,S3,353471725,0,0,0,430,2932                           
2026-10-06T20:24:15.122	TEL,3145,S3,353481725,0,0,0,428,2928                           
2026-10-06T20:24:15.122	TEL,3146,S3,353491725,0,0,0,428,2928                           
2026-10-06T20:24:15.122	TEL,3147,S3,353501725,0,0,0,428,2928                           
2026-10-06T20:24:15.122	TEL,3148,S3,353511725,0,0,0,430,2928                           
2026-10-06T20:24:15.122	TEL,3149,S3,353521725,0,0,0,433,2932                           
2026-10-06T20:24:15.122	TEL,3150,S3,353531725,0,0,0,425,2932                           
2026-10-06T20:24:15.122	TEL,3151,S3,353541725,0,0,0,425,2932                           
2026-10-06T20:24:15.122	TEL,3152,S3,353551725,0,0,0,428,2932                           
2026-10-06T20:24:15.122	TEL,3153,S3,353561725,0,0,0,425,2928                           
2026-10-06T20:24:15.122	TEL,3154,S3,353571725,0,0,0,428,2928                           
2026-10-06T20:24:15.122	TEL,3155,S3,353581725,0,0,0,428,2930                           
2026-10-06T20:24:15.122	TEL,3156,S3,353591725,0,0,0,428,2930                           
2026-10-06T20:24:15.122	TEL,3157,S3,353601725,0,0,0,430,2932                           
2026-10-06T20:24:15.122	TEL,3158,S3,353611725,0,0,0,428,2932                           
2026-10-06T20:24:15.122	TEL,3159,S3,353621725,0,0,0,425,2928                           
2026-10-06T20:24:15.122	TEL,3160,S3,353631725,0,0,0,428,2928                           
2026-10-06T20:24:15.122	TEL,3161,S3,353641725,0,0,0,428,2928                           
2026-10-06T20:24:15.122	TEL,3162,S3,353651725,0,0,0,422,2928                           
2026-10-06T20:24:15.122	TEL,3163,S3,353661725,0,0,0,425,2932                           
2026-10-06T20:24:15.122	TEL,3164,S3,353671725,0,0,0,430,2932                           
2026-10-06T20:24:15.122	TEL,3165,S3,353681725,0,0,0,430,2932                           
2026-10-06T20:24:15.122	TEL,3166,S3,353691725,0,0,0,433,2932                           
2026-10-06T20:24:15.122	TEL,3167,S3,353701725,0,0,0,433,2933                           
2026-10-06T20:24:15.122	TEL,3168,S3,353711725,0,0,0,433,2933                           
2026-10-06T20:24:15.122	BTN,38,S3,PRESSED,353718092,353718099                          
2026-10-06T20:24:15.122	TEL,3169,S3,353721725,0,0,0,428,2928                           
2026-10-06T20:24:15.122	TEL,3170,S3,353731725,0,0,0,428,2928                           
2026-10-06T20:24:15.122	TEL,3171,S3,353741725,0,0,0,428,2928                           
2026-10-06T20:24:15.122	TEL,3172,S3,353751725,0,0,0,428,2928                           
2026-10-06T20:24:15.122	TEL,3173,S3,353761725,0,0,0,428,2930                           
2026-10-06T20:24:15.122	TEL,3174,S3,353771725,0,0,0,428,2930                           
2026-10-06T20:24:15.122	TEL,3175,S3,353781725,0,0,0,428,2928                           
2026-10-06T20:24:15.122	TEL,3176,S3,353791725,0,0,0,425,2928                           
2026-10-06T20:24:15.122	TEL,3177,S3,353801725,0,0,0,428,2932                           
2026-10-06T20:24:15.122	TEL,3178,S3,353811725,0,0,0,430,2932                           
2026-10-06T20:24:15.122	TEL,3179,S3,353821725,0,0,0,430,2932                           
2026-10-06T20:24:15.122	TEL,3180,S3,353831725,0,0,0,425,2932                           
2026-10-06T20:24:15.122	TEL,3181,S3,353841725,0,0,0,422,2928                           
2026-10-06T20:24:15.122	TEL,3182,S3,353851725,0,0,0,425,2928                           
2026-10-06T20:24:15.122	TEL,3183,S3,353861725,0,0,0,428,2932                           
2026-10-06T20:24:15.122	TEL,3184,S3,353871725,0,0,0,433,2932                           
2026-10-06T20:24:15.122	TEL,3185,S3,353881725,0,0,0,433,2932                           
2026-10-06T20:24:15.742	TEL,3186,S3,353891725,0,0,0,430,2932                           
2026-10-06T20:24:15.742	TEL,3187,S3,353901725,0,0,0,428,2930                           
2026-10-06T20:24:15.742	TEL,3188,S3,353911725,0,0,0,428,2930                           
2026-10-06T20:24:15.742	TEL,3189,S3,353921725,0,0,0,433,2933                           
2026-10-06T20:24:15.742	TEL,3190,S3,353931725,0,0,0,433,2933                           
2026-10-06T20:24:15.742	TEL,3191,S3,353941725,0,0,0,428,2928                           
2026-10-06T20:24:15.742	TEL,3192,S3,353951725,0,0,0,425,2928                           
2026-10-06T20:24:15.742	TEL,3193,S3,353961725,0,0,0,428,2932                           
2026-10-06T20:24:15.742	TEL,3194,S3,353971725,0,0,0,425,2932                           
2026-10-06T20:24:15.742	TEL,3195,S3,353981725,0,0,0,425,2932                           
2026-10-06T20:24:15.742	TEL,3196,S3,353991725,0,0,0,430,2932                           
2026-10-06T20:24:15.742	TEL,3197,S3,354001725,0,0,0,428,2930                           
2026-10-06T20:24:15.742	TEL,3198,S3,354011725,0,0,0,425,2930                           
2026-10-06T20:24:15.742	TEL,3199,S3,354021725,0,0,0,425,2932                           
2026-10-06T20:24:15.742	TEL,3200,S3,354031725,0,0,0,430,2932                           
2026-10-06T20:24:15.742	TEL,3201,S3,354041725,0,0,0,430,2932                           
2026-10-06T20:24:15.742	TEL,3202,S3,354051725,0,0,0,430,2932                           
2026-10-06T20:24:15.742	TEL,3203,S3,354061725,0,0,0,428,2928                           
2026-10-06T20:24:15.742	TEL,3204,S3,354071725,0,0,0,428,2928                           
2026-10-06T20:24:15.742	TEL,3205,S3,354081725,0,0,0,428,2928                           
2026-10-06T20:24:15.742	TEL,3206,S3,354091725,0,0,0,428,2928                           
2026-10-06T20:24:15.742	TEL,3207,S3,354101725,0,0,0,430,2932                           
2026-10-06T20:24:15.742	TEL,3208,S3,354111725,0,0,0,428,2932                           
2026-10-06T20:24:15.742	TEL,3209,S3,354121725,0,0,0,425,2928                           
2026-10-06T20:24:15.742	TEL,3210,S3,354131725,0,0,0,428,2928                           
2026-10-06T20:24:15.742	TEL,3211,S3,354141725,0,0,0,430,2932                           
2026-10-06T20:24:15.742	TEL,3212,S3,354151725,0,0,0,428,2932                           
2026-10-06T20:24:15.742	TEL,3213,S3,354161725,0,0,0,428,2932                           
2026-10-06T20:24:15.742	TEL,3214,S3,354171725,0,0,0,430,2932                           
2026-10-06T20:24:15.742	TEL,3215,S3,354181725,0,0,0,430,2932                           
2026-10-06T20:24:15.742	TEL,3216,S3,354191725,0,0,0,428,2932                           
2026-10-06T20:24:15.742	TEL,3217,S3,354201725,0,0,0,428,2932                           
2026-10-06T20:24:15.742	TEL,3218,S3,354211725,0,0,0,428,2932                           
2026-10-06T20:24:15.742	TEL,3219,S3,354221725,0,0,0,428,2932                           
2026-10-06T20:24:15.742	TEL,3220,S3,354231725,0,0,0,430,2932                           
2026-10-06T20:24:15.742	TEL,3221,S3,354241725,0,0,0,428,2930                           
2026-10-06T20:24:15.742	TEL,3222,S3,354251725,0,0,0,428,2930                           
2026-10-06T20:24:15.742	TEL,3223,S3,354261725,0,0,0,430,2932                           
2026-10-06T20:24:15.742	TEL,3224,S3,354271725,0,0,0,430,2932                           
2026-10-06T20:24:15.743	TEL,3225,S3,354281725,0,0,0,428,2928                           
2026-10-06T20:24:15.743	TEL,3226,S3,354291725,0,0,0,425,2928                           
2026-10-06T20:24:15.743	TEL,3227,S3,354301725,0,0,0,425,2928                           
2026-10-06T20:24:15.743	TEL,3228,S3,354311725,0,0,0,430,2928                           
2026-10-06T20:24:15.743	TEL,3229,S3,354321725,0,0,0,433,2932                           
2026-10-06T20:24:15.743	TEL,3230,S3,354331725,0,0,0,433,2932                           
2026-10-06T20:24:15.743	TEL,3231,S3,354341725,0,0,0,433,2933                           
2026-10-06T20:24:15.743	TEL,3232,S3,354351725,0,0,0,433,2933                           
2026-10-06T20:24:15.743	TEL,3233,S3,354361725,0,0,0,430,2928                           
2026-10-06T20:24:15.743	TEL,3234,S3,354371725,0,0,0,428,2928                           
2026-10-06T20:24:15.743	TEL,3235,S3,354381725,0,0,0,428,2928                           
2026-10-06T20:24:15.743	TEL,3236,S3,354391725,0,0,0,428,2928                           
2026-10-06T20:24:15.743	TEL,3237,S3,354401725,0,0,0,433,2933                           
2026-10-06T20:24:15.743	TEL,3238,S3,354411725,0,0,0,433,2933                           
2026-10-06T20:24:15.743	TEL,3239,S3,354421725,0,0,0,433,2933                           
2026-10-06T20:24:15.743	TEL,3240,S3,354431725,0,0,0,433,2933                           
2026-10-06T20:24:15.743	TEL,3241,S3,354441725,0,0,0,430,2932                           
2026-10-06T20:24:15.743	TEL,3242,S3,354451725,0,0,0,430,2932                           
2026-10-06T20:24:15.743	TEL,3243,S3,354461725,0,0,0,428,2928                           
2026-10-06T20:24:15.743	TEL,3244,S3,354471725,0,0,0,428,2928                           
2026-10-06T20:24:15.743	TEL,3245,S3,354481725,0,0,0,430,2932                           
2026-10-06T20:24:15.743	TEL,3246,S3,354491725,0,0,0,433,2932                           
2026-10-06T20:24:15.743	TEL,3247,S3,354501725,0,0,0,433,2932                           
2026-10-06T20:24:16.351	TEL,3248,S3,354511725,0,0,0,430,2932                           
2026-10-06T20:24:16.351	TEL,3249,S3,354521725,0,0,0,430,2932                           
2026-10-06T20:24:16.351	TEL,3250,S3,354531725,0,0,0,430,2932                           
2026-10-06T20:24:16.351	TEL,3251,S3,354541725,0,0,0,428,2928                           
2026-10-06T20:24:16.351	TEL,3252,S3,354551725,0,0,0,433,2928                           
2026-10-06T20:24:16.351	TEL,3253,S3,354561725,0,0,0,436,2932                           
2026-10-06T20:24:16.351	TEL,3254,S3,354571725,0,0,0,430,2932                           
2026-10-06T20:24:16.351	TEL,3255,S3,354581725,0,0,0,428,2930                           
2026-10-06T20:24:16.351	TEL,3256,S3,354591725,0,0,0,428,2930                           
2026-10-06T20:24:16.351	BTN,39,S3,PRESSED,354592097,354592104                          
2026-10-06T20:24:16.351	TEL,3257,S3,354601725,0,0,0,428,2932                           
2026-10-06T20:24:16.351	TEL,3258,S3,354611725,0,0,0,433,2932                           
2026-10-06T20:24:16.351	TEL,3259,S3,354621725,0,0,0,433,2932                           
2026-10-06T20:24:16.351	TEL,3260,S3,354631725,0,0,0,428,2932                           
2026-10-06T20:24:16.351	TEL,3261,S3,354641725,0,0,0,425,2928                           
2026-10-06T20:24:16.351	TEL,3262,S3,354651725,0,0,0,430,2928                           
2026-10-06T20:24:16.351	TEL,3263,S3,354661725,0,0,0,430,2928                           
2026-10-06T20:24:16.351	TEL,3264,S3,354671725,0,0,0,433,2928                           
2026-10-06T20:24:16.351	TEL,3265,S3,354681725,0,0,0,433,2928                           
2026-10-06T20:24:16.351	TEL,3266,S3,354691725,0,0,0,433,2928                           
2026-10-06T20:24:16.351	TEL,3267,S3,354701725,0,0,0,433,2928                           
2026-10-06T20:24:16.351	TEL,3268,S3,354711725,0,0,0,422,2928                           
2026-10-06T20:24:16.351	TEL,3269,S3,354721725,0,0,0,422,2928                           
2026-10-06T20:24:16.351	TEL,3270,S3,354731725,0,0,0,428,2928                           
2026-10-06T20:24:16.351	TEL,3271,S3,354741725,0,0,0,433,2933                           
2026-10-06T20:24:16.351	TEL,3272,S3,354751725,0,0,0,433,2933                           
2026-10-06T20:24:16.351	TEL,3273,S3,354761725,0,0,0,428,2928                           
2026-10-06T20:24:16.351	TEL,3274,S3,354771725,0,0,0,428,2928                           
2026-10-06T20:24:16.351	TEL,3275,S3,354781725,0,0,0,430,2932                           
2026-10-06T20:24:16.351	TEL,3276,S3,354791725,0,0,0,433,2932                           
2026-10-06T20:24:16.351	TEL,3277,S3,354801725,0,0,0,428,2925                           
2026-10-06T20:24:16.351	TEL,3278,S3,354811725,0,0,0,428,2925                           
2026-10-06T20:24:16.351	TEL,3279,S3,354821725,0,0,0,433,2932                           
2026-10-06T20:24:16.351	TEL,3280,S3,354831725,0,0,0,430,2932                           
2026-10-06T20:24:16.351	TEL,3281,S3,354841725,0,0,0,433,2933                           
2026-10-06T20:24:16.351	TEL,3282,S3,354851725,0,0,0,428,2933                           
2026-10-06T20:24:16.351	TEL,3283,S3,354861725,0,0,0,419,2925                           
2026-10-06T20:24:16.351	TEL,3284,S3,354871725,0,0,0,425,2925                           
2026-10-06T20:24:16.351	TEL,3285,S3,354881725,0,0,0,428,2928                           
2026-10-06T20:24:16.351	TEL,3286,S3,354891725,0,0,0,428,2928                           
2026-10-06T20:24:16.351	TEL,3287,S3,354901725,0,0,0,428,2928                           
2026-10-06T20:24:16.351	TEL,3288,S3,354911725,0,0,0,428,2928                           
2026-10-06T20:24:16.351	TEL,3289,S3,354921725,0,0,0,428,2928                           
2026-10-06T20:24:16.351	TEL,3290,S3,354931725,0,0,0,430,2928                           
2026-10-06T20:24:16.351	TEL,3291,S3,354941725,0,0,0,430,2930                           
2026-10-06T20:24:16.351	TEL,3292,S3,354951725,0,0,0,428,2930                           
2026-10-06T20:24:16.351	TEL,3293,S3,354961725,0,0,0,430,2932                           
2026-10-06T20:24:16.351	TEL,3294,S3,354971725,0,0,0,430,2932                           
2026-10-06T20:24:16.351	TEL,3295,S3,354981725,0,0,0,428,2928                           
2026-10-06T20:24:16.351	TEL,3296,S3,354991725,0,0,0,428,2928                           
2026-10-06T20:24:16.351	TEL,3297,S3,355001725,0,0,0,428,2928                           
2026-10-06T20:24:16.351	TEL,3298,S3,355011725,0,0,0,422,2928                           
2026-10-06T20:24:16.351	TEL,3299,S3,355021725,0,0,0,428,2933                           
2026-10-06T20:24:16.351	TEL,3300,S3,355031725,0,0,0,436,2933                           
2026-10-06T20:24:16.351	TEL,3301,S3,355041725,0,0,0,433,2930                           
2026-10-06T20:24:16.351	TEL,3302,S3,355051725,0,0,0,428,2930                           
2026-10-06T20:24:16.351	TEL,3303,S3,355061725,0,0,0,428,2928                           
2026-10-06T20:24:16.351	TEL,3304,S3,355071725,0,0,0,422,2928                           
2026-10-06T20:24:16.351	TEL,3305,S3,355081725,0,0,0,422,2928                           
2026-10-06T20:24:16.351	TEL,3306,S3,355091725,0,0,0,428,2928                           
2026-10-06T20:24:16.351	TEL,3307,S3,355101725,0,0,0,428,2928                           
2026-10-06T20:24:16.351	TEL,3308,S3,355111725,0,0,0,422,2928                           
2026-10-06T20:24:16.962	TEL,3309,S3,355121725,0,0,0,425,2932                           
2026-10-06T20:24:16.962	TEL,3310,S3,355131725,0,0,0,428,2932                           
2026-10-06T20:24:16.962	TEL,3311,S3,355141725,0,0,0,425,2928                           
2026-10-06T20:24:16.962	TEL,3312,S3,355151725,0,0,0,428,2928                           
2026-10-06T20:24:16.962	TEL,3313,S3,355161725,0,0,0,430,2932                           
2026-10-06T20:24:16.962	TEL,3314,S3,355171725,0,0,0,428,2932                           
2026-10-06T20:24:16.962	TEL,3315,S3,355181725,0,0,0,428,2932                           
2026-10-06T20:24:16.962	TEL,3316,S3,355191725,0,0,0,430,2932                           
2026-10-06T20:24:16.962	TEL,3317,S3,355201725,0,0,0,428,2928                           
2026-10-06T20:24:16.962	TEL,3318,S3,355211725,0,0,0,428,2928                           
2026-10-06T20:24:16.962	TEL,3319,S3,355221725,0,0,0,430,2932                           
2026-10-06T20:24:16.962	TEL,3320,S3,355231725,0,0,0,430,2932                           
2026-10-06T20:24:16.962	TEL,3321,S3,355241725,0,0,0,430,2932                           
2026-10-06T20:24:16.962	TEL,3322,S3,355251725,0,0,0,430,2932                           
2026-10-06T20:24:16.962	TEL,3323,S3,355261725,0,0,0,428,2928                           
2026-10-06T20:24:16.962	TEL,3324,S3,355271725,0,0,0,428,2928                           
2026-10-06T20:24:16.962	TEL,3325,S3,355281725,0,0,0,430,2932                           
2026-10-06T20:24:16.962	TEL,3326,S3,355291725,0,0,0,425,2932                           
2026-10-06T20:24:16.962	TEL,3327,S3,355301725,0,0,0,425,2932                           
2026-10-06T20:24:16.962	TEL,3328,S3,355311725,0,0,0,425,2932                           
2026-10-06T20:24:16.962	TEL,3329,S3,355321725,0,0,0,422,2928                           
2026-10-06T20:24:16.962	BTN,40,S3,PRESSED,355326103,355326110                          
2026-10-06T20:24:16.962	TEL,3330,S3,355331725,0,0,0,422,2928                           
2026-10-06T20:24:16.962	TEL,3331,S3,355341725,0,0,0,425,2932                           
2026-10-06T20:24:16.962	TEL,3332,S3,355351725,0,0,0,425,2932                           
2026-10-06T20:24:16.962	TEL,3333,S3,355361725,0,0,0,422,2928                           
2026-10-06T20:24:16.962	TEL,3334,S3,355371725,0,0,0,428,2928                           
2026-10-06T20:24:16.962	TEL,3335,S3,355381725,0,0,0,430,2932                           
2026-10-06T20:24:16.962	TEL,3336,S3,355391725,0,0,0,428,2932                           
2026-10-06T20:24:16.962	TEL,3337,S3,355401725,0,0,0,425,2928                           
2026-10-06T20:24:16.962	TEL,3338,S3,355411725,0,0,0,428,2928                           
2026-10-06T20:24:16.962	TEL,3339,S3,355421725,0,0,0,430,2932                           
2026-10-06T20:24:16.962	TEL,3340,S3,355431725,0,0,0,430,2932                           
2026-10-06T20:24:16.962	TEL,3341,S3,355441725,0,0,0,433,2933                           
2026-10-06T20:24:16.962	TEL,3342,S3,355451725,0,0,0,433,2933                           
2026-10-06T20:24:16.962	TEL,3343,S3,355461725,0,0,0,428,2928                           
2026-10-06T20:24:16.962	TEL,3344,S3,355471725,0,0,0,428,2928                           
2026-10-06T20:24:16.962	TEL,3345,S3,355481725,0,0,0,428,2928                           
2026-10-06T20:24:16.962	TEL,3346,S3,355491725,0,0,0,430,2928                           
2026-10-06T20:24:16.962	TEL,3347,S3,355501725,0,0,0,433,2932                           
2026-10-06T20:24:16.962	TEL,3348,S3,355511725,0,0,0,430,2932                           
2026-10-06T20:24:16.962	TEL,3349,S3,355521725,0,0,0,430,2932                           
2026-10-06T20:24:16.962	TEL,3350,S3,355531725,0,0,0,430,2932                           
2026-10-06T20:24:16.962	TEL,3351,S3,355541725,0,0,0,430,2932                           
2026-10-06T20:24:16.962	TEL,3352,S3,355551725,0,0,0,430,2932                           
2026-10-06T20:24:16.962	TEL,3353,S3,355561725,0,0,0,430,2932                           
2026-10-06T20:24:16.962	TEL,3354,S3,355571725,0,0,0,436,2932                           
2026-10-06T20:24:16.962	TEL,3355,S3,355581725,0,0,0,436,2932                           
2026-10-06T20:24:16.962	TEL,3356,S3,355591725,0,0,0,430,2932                           
2026-10-06T20:24:16.962	TEL,3357,S3,355601725,0,0,0,430,2932                           
2026-10-06T20:24:16.962	TEL,3358,S3,355611725,0,0,0,430,2932                           
2026-10-06T20:24:16.962	TEL,3359,S3,355621725,0,0,0,430,2932                           
2026-10-06T20:24:16.962	TEL,3360,S3,355631725,0,0,0,430,2932                           
2026-10-06T20:24:16.962	TEL,3361,S3,355641725,0,0,0,428,2928                           
2026-10-06T20:24:16.962	TEL,3362,S3,355651725,0,0,0,428,2928                           
2026-10-06T20:24:16.962	TEL,3363,S3,355661725,0,0,0,430,2932                           
2026-10-06T20:24:16.962	TEL,3364,S3,355671725,0,0,0,428,2932                           
2026-10-06T20:24:16.962	TEL,3365,S3,355681725,0,0,0,430,2933                           
2026-10-06T20:24:16.962	TEL,3366,S3,355691725,0,0,0,430,2933                           
2026-10-06T20:24:16.962	TEL,3367,S3,355701725,0,0,0,428,2932                           
2026-10-06T20:24:16.962	TEL,3368,S3,355711725,0,0,0,430,2932                           
2026-10-06T20:24:16.962	TEL,3369,S3,355721725,0,0,0,430,2932                           
2026-10-06T20:24:17.571	TEL,3370,S3,355731725,0,0,0,436,2932                           
2026-10-06T20:24:17.571	TEL,3371,S3,355741725,0,0,0,436,2932                           
2026-10-06T20:24:17.571	TEL,3372,S3,355751725,0,0,0,430,2932                           
2026-10-06T20:24:17.571	TEL,3373,S3,355761725,0,0,0,430,2932                           
2026-10-06T20:24:17.571	TEL,3374,S3,355771725,0,0,0,430,2932                           
2026-10-06T20:24:17.571	TEL,3375,S3,355781725,0,0,0,430,2932                           
2026-10-06T20:24:17.571	TEL,3376,S3,355791725,0,0,0,428,2932                           
2026-10-06T20:24:17.571	TEL,3377,S3,355801725,0,0,0,428,2932                           
2026-10-06T20:24:17.571	TEL,3378,S3,355811725,0,0,0,430,2932                           
2026-10-06T20:24:17.571	TEL,3379,S3,355821725,0,0,0,430,2932                           
2026-10-06T20:24:17.571	TEL,3380,S3,355831725,0,0,0,430,2932                           
2026-10-06T20:24:17.571	TEL,3381,S3,355841725,0,0,0,428,2930                           
2026-10-06T20:24:17.571	TEL,3382,S3,355851725,0,0,0,425,2930                           
2026-10-06T20:24:17.571	TEL,3383,S3,355861725,0,0,0,425,2932                           
2026-10-06T20:24:17.571	TEL,3384,S3,355871725,0,0,0,428,2932                           
2026-10-06T20:24:17.571	TEL,3385,S3,355881725,0,0,0,428,2932                           
2026-10-06T20:24:17.571	TEL,3386,S3,355891725,0,0,0,430,2932                           
2026-10-06T20:24:17.571	TEL,3387,S3,355901725,0,0,0,430,2932                           
2026-10-06T20:24:17.571	TEL,3388,S3,355911725,0,0,0,425,2932                           
2026-10-06T20:24:17.571	TEL,3389,S3,355921725,0,0,0,425,2932                           
2026-10-06T20:24:17.571	TEL,3390,S3,355931725,0,0,0,425,2932                           
2026-10-06T20:24:17.571	TEL,3391,S3,355941725,0,0,0,425,2932                           
2026-10-06T20:24:17.571	TEL,3392,S3,355951725,0,0,0,430,2932                           
2026-10-06T20:24:17.571	TEL,3393,S3,355961725,0,0,0,428,2930                           
2026-10-06T20:24:17.571	TEL,3394,S3,355971725,0,0,0,425,2930                           
2026-10-06T20:24:17.571	TEL,3395,S3,355981725,0,0,0,425,2930                           
2026-10-06T20:24:17.571	TEL,3396,S3,355991725,0,0,0,428,2930                           
2026-10-06T20:24:17.571	TEL,3397,S3,356001725,0,0,0,430,2932                           
2026-10-06T20:24:17.571	TEL,3398,S3,356011725,0,0,0,428,2932                           
2026-10-06T20:24:17.571	TEL,3399,S3,356021725,0,0,0,425,2928                           
2026-10-06T20:24:17.571	TEL,3400,S3,356031725,0,0,0,428,2928                           
2026-10-06T20:24:17.571	TEL,3401,S3,356041725,0,0,0,430,2932                           
2026-10-06T20:24:17.571	TEL,3402,S3,356051725,0,0,0,433,2932                           
2026-10-06T20:24:17.571	TEL,3403,S3,356061725,0,0,0,430,2928                           
2026-10-06T20:24:17.571	BTN,41,S3,PRESSED,356069108,356069115                          
2026-10-06T20:24:17.571	TEL,3404,S3,356071725,0,0,0,430,2928                           
2026-10-06T20:24:17.571	TEL,3405,S3,356081725,0,0,0,442,2941                           
2026-10-06T20:24:17.571	TEL,3406,S3,356091725,0,0,0,439,2941                           
2026-10-06T20:24:17.571	TEL,3407,S3,356101725,0,0,0,428,2930                           
2026-10-06T20:24:17.571	TEL,3408,S3,356111725,0,0,0,428,2930                           
2026-10-06T20:24:17.571	TEL,3409,S3,356121725,0,0,0,428,2930                           
2026-10-06T20:24:17.571	TEL,3410,S3,356131725,0,0,0,428,2930                           
2026-10-06T20:24:17.571	TEL,3411,S3,356141725,0,0,0,425,2928                           
2026-10-06T20:24:17.571	TEL,3412,S3,356151725,0,0,0,428,2928                           
2026-10-06T20:24:17.571	TEL,3413,S3,356161725,0,0,0,428,2928                           
2026-10-06T20:24:17.571	TEL,3414,S3,356171725,0,0,0,428,2928                           
2026-10-06T20:24:17.571	TEL,3415,S3,356181725,0,0,0,428,2928                           
2026-10-06T20:24:17.571	TEL,3416,S3,356191725,0,0,0,428,2928                           
2026-10-06T20:24:17.571	TEL,3417,S3,356201725,0,0,0,428,2928                           
2026-10-06T20:24:17.571	TEL,3418,S3,356211725,0,0,0,430,2928                           
2026-10-06T20:24:17.571	TEL,3419,S3,356221725,0,0,0,430,2928                           
2026-10-06T20:24:17.571	TEL,3420,S3,356231725,0,0,0,428,2928                           
2026-10-06T20:24:17.571	TEL,3421,S3,356241725,0,0,0,430,2932                           
2026-10-06T20:24:17.571	TEL,3422,S3,356251725,0,0,0,430,2932                           
2026-10-06T20:24:17.571	TEL,3423,S3,356261725,0,0,0,428,2928                           
2026-10-06T20:24:17.571	TEL,3424,S3,356271725,0,0,0,428,2928                           
2026-10-06T20:24:17.571	TEL,3425,S3,356281725,0,0,0,428,2928                           
2026-10-06T20:24:17.571	TEL,3426,S3,356291725,0,0,0,428,2928                           
2026-10-06T20:24:17.571	TEL,3427,S3,356301725,0,0,0,428,2928                           
2026-10-06T20:24:17.571	TEL,3428,S3,356311725,0,0,0,422,2928                           
2026-10-06T20:24:17.571	TEL,3429,S3,356321725,0,0,0,422,2928                           
2026-10-06T20:24:17.571	TEL,3430,S3,356331725,0,0,0,428,2928                           
2026-10-06T20:24:18.181	TEL,3431,S3,356341725,0,0,0,430,2932                           
2026-10-06T20:24:18.181	TEL,3432,S3,356351725,0,0,0,430,2932                           
2026-10-06T20:24:18.181	TEL,3433,S3,356361725,0,0,0,433,2933                           
2026-10-06T20:24:18.181	TEL,3434,S3,356371725,0,0,0,433,2933                           
2026-10-06T20:24:18.181	TEL,3435,S3,356381725,0,0,0,430,2932                           
2026-10-06T20:24:18.181	TEL,3436,S3,356391725,0,0,0,430,2932                           
2026-10-06T20:24:18.181	TEL,3437,S3,356401725,0,0,0,430,2932                           
2026-10-06T20:24:18.181	TEL,3438,S3,356411725,0,0,0,425,2932                           
2026-10-06T20:24:18.181	TEL,3439,S3,356421725,0,0,0,422,2928                           
2026-10-06T20:24:18.181	TEL,3440,S3,356431725,0,0,0,428,2928                           
2026-10-06T20:24:18.181	TEL,3441,S3,356441725,0,0,0,430,2932                           
2026-10-06T20:24:18.181	TEL,3442,S3,356451725,0,0,0,430,2932                           
2026-10-06T20:24:18.181	TEL,3443,S3,356461725,0,0,0,430,2932                           
2026-10-06T20:24:18.181	TEL,3444,S3,356471725,0,0,0,430,2932                           
2026-10-06T20:24:18.181	TEL,3445,S3,356481725,0,0,0,428,2928                           
2026-10-06T20:24:18.181	TEL,3446,S3,356491725,0,0,0,425,2928                           
2026-10-06T20:24:18.181	TEL,3447,S3,356501725,0,0,0,430,2933                           
2026-10-06T20:24:18.181	TEL,3448,S3,356511725,0,0,0,430,2933                           
2026-10-06T20:24:18.181	TEL,3449,S3,356521725,0,0,0,428,2932                           
2026-10-06T20:24:18.181	TEL,3450,S3,356531725,0,0,0,430,2932                           
2026-10-06T20:24:18.181	TEL,3451,S3,356541725,0,0,0,430,2932                           
2026-10-06T20:24:18.181	TEL,3452,S3,356551725,0,0,0,425,2932                           
2026-10-06T20:24:18.181	TEL,3453,S3,356561725,0,0,0,422,2928                           
2026-10-06T20:24:18.181	TEL,3454,S3,356571725,0,0,0,425,2928                           
2026-10-06T20:24:18.181	TEL,3455,S3,356581725,0,0,0,425,2928                           
2026-10-06T20:24:18.181	TEL,3456,S3,356591725,0,0,0,428,2928                           
2026-10-06T20:24:18.181	TEL,3457,S3,356601725,0,0,0,428,2928                           
2026-10-06T20:24:18.181	TEL,3458,S3,356611725,0,0,0,425,2928                           
2026-10-06T20:24:18.181	TEL,3459,S3,356621725,0,0,0,425,2928                           
2026-10-06T20:24:18.181	TEL,3460,S3,356631725,0,0,0,428,2928                           
2026-10-06T20:24:18.181	TEL,3461,S3,356641725,0,0,0,430,2932                           
2026-10-06T20:24:18.181	TEL,3462,S3,356651725,0,0,0,433,2932                           
2026-10-06T20:24:18.181	TEL,3463,S3,356661725,0,0,0,430,2928                           
2026-10-06T20:24:18.181	TEL,3464,S3,356671725,0,0,0,428,2928                           
2026-10-06T20:24:18.181	TEL,3465,S3,356681725,0,0,0,428,2928                           
2026-10-06T20:24:18.181	TEL,3466,S3,356691725,0,0,0,422,2928                           
2026-10-06T20:24:18.181	TEL,3467,S3,356701725,0,0,0,428,2933                           
2026-10-06T20:24:18.181	TEL,3468,S3,356711725,0,0,0,433,2933                           
2026-10-06T20:24:18.181	TEL,3469,S3,356721725,0,0,0,430,2932                           
2026-10-06T20:24:18.181	TEL,3470,S3,356731725,0,0,0,430,2932                           
2026-10-06T20:24:18.181	TEL,3471,S3,356741725,0,0,0,430,2932                           
2026-10-06T20:24:18.181	TEL,3472,S3,356751725,0,0,0,425,2932                           
2026-10-06T20:24:18.181	TEL,3473,S3,356761725,0,0,0,422,2928                           
2026-10-06T20:24:18.181	TEL,3474,S3,356771725,0,0,0,425,2928                           
2026-10-06T20:24:18.181	TEL,3475,S3,356781725,0,0,0,428,2932                           
2026-10-06T20:24:18.181	TEL,3476,S3,356791725,0,0,0,430,2932                           
2026-10-06T20:24:18.181	TEL,3477,S3,356801725,0,0,0,430,2932                           
2026-10-06T20:24:18.181	TEL,3478,S3,356811725,0,0,0,430,2932                           
2026-10-06T20:24:18.181	TEL,3479,S3,356821725,0,0,0,428,2928                           
2026-10-06T20:24:18.181	TEL,3480,S3,356831725,0,0,0,425,2928                           
2026-10-06T20:24:18.181	TEL,3481,S3,356841725,0,0,0,425,2928                           
2026-10-06T20:24:18.181	TEL,3482,S3,356851725,0,0,0,428,2928                           
2026-10-06T20:24:18.181	TEL,3483,S3,356861725,0,0,0,428,2928                           
2026-10-06T20:24:18.181	TEL,3484,S3,356871725,0,0,0,428,2928                           
2026-10-06T20:24:18.181	TEL,3485,S3,356881725,0,0,0,425,2927                           
2026-10-06T20:24:18.181	TEL,3486,S3,356891725,0,0,0,422,2927                           
2026-10-06T20:24:18.181	TEL,3487,S3,356901725,0,0,0,422,2928                           
2026-10-06T20:24:18.181	TEL,3488,S3,356911725,0,0,0,433,2928                           
2026-10-06T20:24:18.181	TEL,3489,S3,356921725,0,0,0,436,2932                           
2026-10-06T20:24:18.181	TEL,3490,S3,356931725,0,0,0,428,2932                           
2026-10-06T20:24:18.181	TEL,3491,S3,356941725,0,0,0,425,2928                           
2026-10-06T20:24:18.181	BTN,42,S3,PRESSED,356946114,356946121                          
2026-10-06T20:24:18.791	TEL,3492,S3,356951725,0,0,0,428,2928                           
2026-10-06T20:24:18.791	TEL,3493,S3,356961725,0,0,0,428,2930                           
2026-10-06T20:24:18.791	TEL,3494,S3,356971725,0,0,0,428,2930                           
2026-10-06T20:24:18.791	TEL,3495,S3,356981725,0,0,0,428,2928                           
2026-10-06T20:24:18.791	TEL,3496,S3,356991725,0,0,0,428,2928                           
2026-10-06T20:24:18.791	TEL,3497,S3,357001725,0,0,0,433,2933                           
2026-10-06T20:24:18.791	TEL,3498,S3,357011725,0,0,0,433,2933                           
2026-10-06T20:24:18.791	TEL,3499,S3,357021725,0,0,0,428,2928                           
2026-10-06T20:24:18.791	TEL,3500,S3,357031725,0,0,0,428,2928                           
2026-10-06T20:24:18.791	TEL,3501,S3,357041725,0,0,0,428,2928                           
2026-10-06T20:24:18.791	TEL,3502,S3,357051725,0,0,0,428,2928                           
2026-10-06T20:24:18.791	TEL,3503,S3,357061725,0,0,0,430,2932                           
2026-10-06T20:24:18.791	TEL,3504,S3,357071725,0,0,0,433,2932                           
2026-10-06T20:24:18.791	TEL,3505,S3,357081725,0,0,0,433,2932                           
2026-10-06T20:24:18.791	TEL,3506,S3,357091725,0,0,0,428,2932                           
2026-10-06T20:24:18.791	TEL,3507,S3,357101725,0,0,0,430,2933                           
2026-10-06T20:24:18.791	TEL,3508,S3,357111725,0,0,0,430,2933                           
2026-10-06T20:24:18.791	TEL,3509,S3,357121725,0,0,0,428,2932                           
2026-10-06T20:24:18.791	TEL,3510,S3,357131725,0,0,0,430,2932                           
2026-10-06T20:24:18.791	TEL,3511,S3,357141725,0,0,0,428,2928                           
2026-10-06T20:24:18.791	TEL,3512,S3,357151725,0,0,0,428,2928                           
2026-10-06T20:24:18.791	TEL,3513,S3,357161725,0,0,0,428,2928                           
2026-10-06T20:24:18.791	TEL,3514,S3,357171725,0,0,0,425,2928                           
2026-10-06T20:24:18.791	TEL,3515,S3,357181725,0,0,0,425,2928                           
2026-10-06T20:24:18.791	TEL,3516,S3,357191725,0,0,0,428,2928                           
2026-10-06T20:24:18.791	TEL,3517,S3,357201725,0,0,0,428,2928                           
2026-10-06T20:24:18.791	TEL,3518,S3,357211725,0,0,0,428,2928                           
2026-10-06T20:24:18.791	TEL,3519,S3,357221725,0,0,0,428,2928                           
2026-10-06T20:24:18.791	TEL,3520,S3,357231725,0,0,0,425,2928                           
2026-10-06T20:24:18.791	TEL,3521,S3,357241725,0,0,0,428,2932                           
2026-10-06T20:24:18.791	TEL,3522,S3,357251725,0,0,0,428,2932                           
2026-10-06T20:24:18.791	TEL,3523,S3,357261725,0,0,0,425,2928                           
2026-10-06T20:24:18.791	TEL,3524,S3,357271725,0,0,0,428,2928                           
2026-10-06T20:24:18.791	TEL,3525,S3,357281725,0,0,0,428,2930                           
2026-10-06T20:24:18.791	TEL,3526,S3,357291725,0,0,0,428,2930                           
2026-10-06T20:24:18.791	TEL,3527,S3,357301725,0,0,0,428,2930                           
2026-10-06T20:24:18.791	TEL,3528,S3,357311725,0,0,0,428,2930                           
2026-10-06T20:24:18.791	TEL,3529,S3,357321725,0,0,0,430,2932                           
2026-10-06T20:24:18.791	TEL,3530,S3,357331725,0,0,0,430,2932                           
2026-10-06T20:24:18.791	TEL,3531,S3,357341725,0,0,0,430,2932                           
2026-10-06T20:24:18.791	TEL,3532,S3,357351725,0,0,0,430,2932                           
2026-10-06T20:24:18.791	TEL,3533,S3,357361725,0,0,0,428,2928                           
2026-10-06T20:24:18.791	TEL,3534,S3,357371725,0,0,0,428,2928                           
2026-10-06T20:24:18.791	TEL,3535,S3,357381725,0,0,0,428,2928                           
2026-10-06T20:24:18.791	TEL,3536,S3,357391725,0,0,0,428,2928                           
2026-10-06T20:24:18.791	TEL,3537,S3,357401725,0,0,0,430,2932                           
2026-10-06T20:24:18.791	TEL,3538,S3,357411725,0,0,0,430,2932                           
2026-10-06T20:24:18.791	TEL,3539,S3,357421725,0,0,0,428,2930                           
2026-10-06T20:24:18.791	TEL,3540,S3,357431725,0,0,0,430,2930                           
2026-10-06T20:24:18.792	TEL,3541,S3,357441725,0,0,0,428,2925                           
2026-10-06T20:24:18.792	TEL,3542,S3,357451725,0,0,0,428,2925                           
2026-10-06T20:24:18.792	TEL,3543,S3,357461725,0,0,0,436,2932                           
2026-10-06T20:24:18.792	TEL,3544,S3,357471725,0,0,0,430,2932                           
2026-10-06T20:24:18.792	TEL,3545,S3,357481725,0,0,0,430,2932                           
2026-10-06T20:24:18.792	TEL,3546,S3,357491725,0,0,0,430,2932                           
2026-10-06T20:24:18.792	TEL,3547,S3,357501725,0,0,0,428,2928                           
2026-10-06T20:24:18.792	BTN,43,S3,PRESSED,357509119,357509126                          
2026-10-06T20:24:18.792	TEL,3548,S3,357511725,0,0,0,430,2928                           
2026-10-06T20:24:18.792	TEL,3549,S3,357521725,0,0,0,442,2942                           
2026-10-06T20:24:18.792	TEL,3550,S3,357531725,0,0,0,442,2942                           
2026-10-06T20:24:18.792	TEL,3551,S3,357541725,0,0,0,428,2928                           
2026-10-06T20:24:18.792	TEL,3552,S3,357551725,0,0,0,428,2928                           
2026-10-06T20:24:19.406	TEL,3553,S3,357561725,0,0,0,430,2932                           
2026-10-06T20:24:19.407	TEL,3554,S3,357571725,0,0,0,430,2932                           
2026-10-06T20:24:19.407	TEL,3555,S3,357581725,0,0,0,430,2932                           
2026-10-06T20:24:19.407	TEL,3556,S3,357591725,0,0,0,433,2932                           
2026-10-06T20:24:19.407	TEL,3557,S3,357601725,0,0,0,430,2928                           
2026-10-06T20:24:19.407	TEL,3558,S3,357611725,0,0,0,428,2928                           
2026-10-06T20:24:19.407	TEL,3559,S3,357621725,0,0,0,430,2932                           
2026-10-06T20:24:19.407	TEL,3560,S3,357631725,0,0,0,425,2932                           
2026-10-06T20:24:19.407	TEL,3561,S3,357641725,0,0,0,425,2932                           
2026-10-06T20:24:19.407	TEL,3562,S3,357651725,0,0,0,433,2932                           
2026-10-06T20:24:19.407	TEL,3563,S3,357661725,0,0,0,430,2928                           
2026-10-06T20:24:19.407	TEL,3564,S3,357671725,0,0,0,428,2928                           
2026-10-06T20:24:19.407	TEL,3565,S3,357681725,0,0,0,428,2928                           
2026-10-06T20:24:19.407	TEL,3566,S3,357691725,0,0,0,428,2928                           
2026-10-06T20:24:19.407	TEL,3567,S3,357701725,0,0,0,428,2928                           
2026-10-06T20:24:19.407	TEL,3568,S3,357711725,0,0,0,428,2928                           
2026-10-06T20:24:19.407	TEL,3569,S3,357721725,0,0,0,430,2932                           
2026-10-06T20:24:19.407	TEL,3570,S3,357731725,0,0,0,430,2932                           
2026-10-06T20:24:19.407	TEL,3571,S3,357741725,0,0,0,430,2932                           
2026-10-06T20:24:19.407	TEL,3572,S3,357751725,0,0,0,430,2932                           
2026-10-06T20:24:19.407	TEL,3573,S3,357761725,0,0,0,428,2928                           
2026-10-06T20:24:19.407	TEL,3574,S3,357771725,0,0,0,428,2928                           
2026-10-06T20:24:19.407	TEL,3575,S3,357781725,0,0,0,428,2928                           
2026-10-06T20:24:19.407	TEL,3576,S3,357791725,0,0,0,428,2928                           
2026-10-06T20:24:19.407	TEL,3577,S3,357801725,0,0,0,428,2928                           
2026-10-06T20:24:19.407	TEL,3578,S3,357811725,0,0,0,428,2928                           
2026-10-06T20:24:19.407	TEL,3579,S3,357821725,0,0,0,430,2932                           
2026-10-06T20:24:19.407	TEL,3580,S3,357831725,0,0,0,430,2932                           
2026-10-06T20:24:19.407	TEL,3581,S3,357841725,0,0,0,428,2928                           
2026-10-06T20:24:19.407	TEL,3582,S3,357851725,0,0,0,428,2928                           
2026-10-06T20:24:19.407	TEL,3583,S3,357861725,0,0,0,428,2928                           
2026-10-06T20:24:19.407	TEL,3584,S3,357871725,0,0,0,430,2928                           
2026-10-06T20:24:19.407	TEL,3585,S3,357881725,0,0,0,430,2928                           
2026-10-06T20:24:19.407	TEL,3586,S3,357891725,0,0,0,422,2928                           
2026-10-06T20:24:19.407	TEL,3587,S3,357901725,0,0,0,422,2928                           
2026-10-06T20:24:19.407	TEL,3588,S3,357911725,0,0,0,422,2928                           
2026-10-06T20:24:19.407	TEL,3589,S3,357921725,0,0,0,422,2928                           
2026-10-06T20:24:19.407	TEL,3590,S3,357931725,0,0,0,422,2928                           
2026-10-06T20:24:19.407	TEL,3591,S3,357941725,0,0,0,422,2928                           
2026-10-06T20:24:19.407	TEL,3592,S3,357951725,0,0,0,428,2928                           
2026-10-06T20:24:19.407	TEL,3593,S3,357961725,0,0,0,430,2932                           
2026-10-06T20:24:19.407	TEL,3594,S3,357971725,0,0,0,430,2932                           
2026-10-06T20:24:19.407	TEL,3595,S3,357981725,0,0,0,428,2928                           
2026-10-06T20:24:19.407	TEL,3596,S3,357991725,0,0,0,428,2928                           
2026-10-06T20:24:19.407	TEL,3597,S3,358001725,0,0,0,433,2933                           
2026-10-06T20:24:19.407	TEL,3598,S3,358011725,0,0,0,430,2933                           
2026-10-06T20:24:19.407	TEL,3599,S3,358021725,0,0,0,428,2932                           
2026-10-06T20:24:19.407	TEL,3600,S3,358031725,0,0,0,430,2932                           
2026-10-06T20:24:19.407	TEL,3601,S3,358041725,0,0,0,428,2930                           
2026-10-06T20:24:19.407	TEL,3602,S3,358051725,0,0,0,428,2930                           
2026-10-06T20:24:19.407	TEL,3603,S3,358061725,0,0,0,428,2928                           
2026-10-06T20:24:19.407	TEL,3604,S3,358071725,0,0,0,428,2928                           
2026-10-06T20:24:19.407	TEL,3605,S3,358081725,0,0,0,428,2928                           
2026-10-06T20:24:19.407	TEL,3606,S3,358091725,0,0,0,428,2928                           
2026-10-06T20:24:19.407	TEL,3607,S3,358101725,0,0,0,428,2928                           
2026-10-06T20:24:19.407	TEL,3608,S3,358111725,0,0,0,428,2928                           
2026-10-06T20:24:19.407	TEL,3609,S3,358121725,0,0,0,428,2928                           
2026-10-06T20:24:19.407	TEL,3610,S3,358131725,0,0,0,425,2928                           
2026-10-06T20:24:19.407	TEL,3611,S3,358141725,0,0,0,425,2928                           
2026-10-06T20:24:19.407	TEL,3612,S3,358151725,0,0,0,422,2928                           
2026-10-06T20:24:19.407	TEL,3613,S3,358161725,0,0,0,425,2932                           
2026-10-06T20:24:19.407	TEL,3614,S3,358171725,0,0,0,433,2932                           
2026-10-06T20:24:20.022	BTN,44,S3,PRESSED,358177125,358177132                          
2026-10-06T20:24:20.022	TEL,3615,S3,358181725,0,0,0,433,2932                           
2026-10-06T20:24:20.022	TEL,3616,S3,358191725,0,0,0,430,2932                           
2026-10-06T20:24:20.022	TEL,3617,S3,358201725,0,0,0,428,2928                           
2026-10-06T20:24:20.022	TEL,3618,S3,358211725,0,0,0,428,2928                           
2026-10-06T20:24:20.022	TEL,3619,S3,358221725,0,0,0,428,2928                           
2026-10-06T20:24:20.022	TEL,3620,S3,358231725,0,0,0,428,2928                           
2026-10-06T20:24:20.022	TEL,3621,S3,358241725,0,0,0,428,2928                           
2026-10-06T20:24:20.022	TEL,3622,S3,358251725,0,0,0,425,2928                           
2026-10-06T20:24:20.022	TEL,3623,S3,358261725,0,0,0,425,2928                           
2026-10-06T20:24:20.022	TEL,3624,S3,358271725,0,0,0,428,2928                           
2026-10-06T20:24:20.022	TEL,3625,S3,358281725,0,0,0,430,2932                           
2026-10-06T20:24:20.022	TEL,3626,S3,358291725,0,0,0,430,2932                           
2026-10-06T20:24:20.022	TEL,3627,S3,358301725,0,0,0,425,2927                           
2026-10-06T20:24:20.022	TEL,3628,S3,358311725,0,0,0,425,2927                           
2026-10-06T20:24:20.022	TEL,3629,S3,358321725,0,0,0,428,2928                           
2026-10-06T20:24:20.022	TEL,3630,S3,358331725,0,0,0,428,2928                           
2026-10-06T20:24:20.022	TEL,3631,S3,358341725,0,0,0,430,2932                           
2026-10-06T20:24:20.022	TEL,3632,S3,358351725,0,0,0,430,2932                           
2026-10-06T20:24:20.022	TEL,3633,S3,358361725,0,0,0,430,2932                           
2026-10-06T20:24:20.022	TEL,3634,S3,358371725,0,0,0,428,2932                           
2026-10-06T20:24:20.022	TEL,3635,S3,358381725,0,0,0,430,2933                           
2026-10-06T20:24:20.022	TEL,3636,S3,358391725,0,0,0,430,2933                           
2026-10-06T20:24:20.022	TEL,3637,S3,358401725,0,0,0,428,2932                           
2026-10-06T20:24:20.022	TEL,3638,S3,358411725,0,0,0,430,2932                           
2026-10-06T20:24:20.022	TEL,3639,S3,358421725,0,0,0,428,2928                           
2026-10-06T20:24:20.022	TEL,3640,S3,358431725,0,0,0,425,2928                           
2026-10-06T20:24:20.022	TEL,3641,S3,358441725,0,0,0,425,2928                           
2026-10-06T20:24:20.022	TEL,3642,S3,358451725,0,0,0,428,2928                           
2026-10-06T20:24:20.022	TEL,3643,S3,358461725,0,0,0,428,2928                           
2026-10-06T20:24:20.022	TEL,3644,S3,358471725,0,0,0,425,2928                           
2026-10-06T20:24:20.022	TEL,3645,S3,358481725,0,0,0,425,2928                           
2026-10-06T20:24:20.022	TEL,3646,S3,358491725,0,0,0,428,2928                           
2026-10-06T20:24:20.022	TEL,3647,S3,358501725,0,0,0,428,2928                           
2026-10-06T20:24:20.022	TEL,3648,S3,358511725,0,0,0,430,2928                           
2026-10-06T20:24:20.022	TEL,3649,S3,358521725,0,0,0,430,2928                           
2026-10-06T20:24:20.022	TEL,3650,S3,358531725,0,0,0,433,2928                           
2026-10-06T20:24:20.022	TEL,3651,S3,358541725,0,0,0,436,2932                           
2026-10-06T20:24:20.022	TEL,3652,S3,358551725,0,0,0,430,2932                           
2026-10-06T20:24:20.022	TEL,3653,S3,358561725,0,0,0,428,2928                           
2026-10-06T20:24:20.022	TEL,3654,S3,358571725,0,0,0,428,2928                           
2026-10-06T20:24:20.022	TEL,3655,S3,358581725,0,0,0,428,2928                           
2026-10-06T20:24:20.022	TEL,3656,S3,358591725,0,0,0,430,2928                           
2026-10-06T20:24:20.022	TEL,3657,S3,358601725,0,0,0,430,2928                           
2026-10-06T20:24:20.022	TEL,3658,S3,358611725,0,0,0,428,2928                           
2026-10-06T20:24:20.022	TEL,3659,S3,358621725,0,0,0,430,2932                           
2026-10-06T20:24:20.022	TEL,3660,S3,358631725,0,0,0,430,2932                           
2026-10-06T20:24:20.022	TEL,3661,S3,358641725,0,0,0,428,2928                           
2026-10-06T20:24:20.022	TEL,3662,S3,358651725,0,0,0,433,2928                           
2026-10-06T20:24:20.022	TEL,3663,S3,358661725,0,0,0,436,2932                           
2026-10-06T20:24:20.022	TEL,3664,S3,358671725,0,0,0,425,2932                           
2026-10-06T20:24:20.022	TEL,3665,S3,358681725,0,0,0,425,2932                           
2026-10-06T20:24:20.022	TEL,3666,S3,358691725,0,0,0,430,2932                           
2026-10-06T20:24:20.022	TEL,3667,S3,358701725,0,0,0,428,2928                           
2026-10-06T20:24:20.022	TEL,3668,S3,358711725,0,0,0,428,2928                           
2026-10-06T20:24:20.022	TEL,3669,S3,358721725,0,0,0,433,2933                           
2026-10-06T20:24:20.022	TEL,3670,S3,358731725,0,0,0,433,2933                           
2026-10-06T20:24:20.022	TEL,3671,S3,358741725,0,0,0,430,2932                           
2026-10-06T20:24:20.022	TEL,3672,S3,358751725,0,0,0,430,2932                           
2026-10-06T20:24:20.022	TEL,3673,S3,358761725,0,0,0,430,2932                           
2026-10-06T20:24:20.022	TEL,3674,S3,358771725,0,0,0,428,2932                           
2026-10-06T20:24:20.022	TEL,3675,S3,358781725,0,0,0,425,2928                           
2026-10-06T20:24:20.631	TEL,3676,S3,358791725,0,0,0,428,2928                           
2026-10-06T20:24:20.631	BTN,45,S3,PRESSED,358796130,358796137                          
2026-10-06T20:24:20.631	TEL,3677,S3,358801725,0,0,0,428,2928                           
2026-10-06T20:24:20.631	TEL,3678,S3,358811725,0,0,0,428,2928                           
2026-10-06T20:24:20.631	TEL,3679,S3,358821725,0,0,0,428,2928                           
2026-10-06T20:24:20.631	TEL,3680,S3,358831725,0,0,0,425,2928                           
2026-10-06T20:24:20.631	TEL,3681,S3,358841725,0,0,0,428,2932                           
2026-10-06T20:24:20.631	TEL,3682,S3,358851725,0,0,0,430,2932                           
2026-10-06T20:24:20.631	TEL,3683,S3,358861725,0,0,0,428,2928                           
2026-10-06T20:24:20.631	TEL,3684,S3,358871725,0,0,0,428,2928                           
2026-10-06T20:24:20.631	TEL,3685,S3,358881725,0,0,0,428,2928                           
2026-10-06T20:24:20.631	TEL,3686,S3,358891725,0,0,0,428,2928                           
2026-10-06T20:24:20.631	TEL,3687,S3,358901725,0,0,0,433,2933                           
2026-10-06T20:24:20.631	TEL,3688,S3,358911725,0,0,0,430,2933                           
2026-10-06T20:24:20.631	TEL,3689,S3,358921725,0,0,0,425,2928                           
2026-10-06T20:24:20.631	TEL,3690,S3,358931725,0,0,0,428,2928                           
2026-10-06T20:24:20.631	TEL,3691,S3,358941725,0,0,0,428,2928                           
2026-10-06T20:24:20.631	TEL,3692,S3,358951725,0,0,0,428,2928                           
2026-10-06T20:24:20.631	TEL,3693,S3,358961725,0,0,0,428,2928                           
2026-10-06T20:24:20.631	TEL,3694,S3,358971725,0,0,0,428,2928                           
2026-10-06T20:24:20.631	TEL,3695,S3,358981725,0,0,0,433,2933                           
2026-10-06T20:24:20.631	TEL,3696,S3,358991725,0,0,0,430,2933                           
2026-10-06T20:24:20.631	TEL,3697,S3,359001725,0,0,0,428,2932                           
2026-10-06T20:24:20.631	TEL,3698,S3,359011725,0,0,0,428,2932                           
2026-10-06T20:24:20.631	TEL,3699,S3,359021725,0,0,0,428,2932                           
2026-10-06T20:24:20.631	TEL,3700,S3,359031725,0,0,0,430,2932                           
2026-10-06T20:24:20.631	TEL,3701,S3,359041725,0,0,0,430,2932                           
2026-10-06T20:24:20.631	TEL,3702,S3,359051725,0,0,0,436,2932                           
2026-10-06T20:24:20.631	TEL,3703,S3,359061725,0,0,0,433,2928                           
2026-10-06T20:24:20.631	TEL,3704,S3,359071725,0,0,0,430,2928                           
2026-10-06T20:24:20.631	TEL,3705,S3,359081725,0,0,0,430,2930                           
2026-10-06T20:24:20.631	TEL,3706,S3,359091725,0,0,0,430,2930                           
2026-10-06T20:24:20.631	TEL,3707,S3,359101725,0,0,0,433,2932                           
2026-10-06T20:24:20.631	TEL,3708,S3,359111725,0,0,0,430,2932                           
2026-10-06T20:24:20.631	TEL,3709,S3,359121725,0,0,0,428,2928                           
2026-10-06T20:24:20.631	TEL,3710,S3,359131725,0,0,0,425,2928                           
2026-10-06T20:24:20.631	TEL,3711,S3,359141725,0,0,0,425,2928                           
2026-10-06T20:24:20.631	TEL,3712,S3,359151725,0,0,0,425,2928                           
2026-10-06T20:24:20.631	TEL,3713,S3,359161725,0,0,0,428,2932                           
2026-10-06T20:24:20.631	TEL,3714,S3,359171725,0,0,0,430,2932                           
2026-10-06T20:24:20.631	TEL,3715,S3,359181725,0,0,0,430,2932                           
2026-10-06T20:24:20.631	TEL,3716,S3,359191725,0,0,0,430,2932                           
2026-10-06T20:24:20.631	TEL,3717,S3,359201725,0,0,0,430,2932                           
2026-10-06T20:24:20.631	TEL,3718,S3,359211725,0,0,0,428,2932                           
2026-10-06T20:24:20.631	TEL,3719,S3,359221725,0,0,0,428,2932                           
2026-10-06T20:24:20.631	TEL,3720,S3,359231725,0,0,0,428,2932                           
2026-10-06T20:24:20.631	TEL,3721,S3,359241725,0,0,0,428,2932                           
2026-10-06T20:24:20.631	TEL,3722,S3,359251725,0,0,0,430,2932                           
2026-10-06T20:24:20.631	TEL,3723,S3,359261725,0,0,0,430,2932                           
2026-10-06T20:24:20.631	TEL,3724,S3,359271725,0,0,0,430,2932                           
2026-10-06T20:24:20.631	TEL,3725,S3,359281725,0,0,0,430,2932                           
2026-10-06T20:24:20.631	TEL,3726,S3,359291725,0,0,0,428,2932                           
2026-10-06T20:24:20.631	TEL,3727,S3,359301725,0,0,0,428,2932                           
2026-10-06T20:24:20.631	TEL,3728,S3,359311725,0,0,0,428,2932                           
2026-10-06T20:24:20.631	TEL,3729,S3,359321725,0,0,0,425,2928                           
2026-10-06T20:24:20.631	TEL,3730,S3,359331725,0,0,0,433,2928                           
2026-10-06T20:24:20.631	TEL,3731,S3,359341725,0,0,0,433,2928                           
2026-10-06T20:24:20.631	TEL,3732,S3,359351725,0,0,0,428,2928                           
2026-10-06T20:24:20.631	TEL,3733,S3,359361725,0,0,0,428,2928                           
2026-10-06T20:24:20.631	TEL,3734,S3,359371725,0,0,0,425,2928                           
2026-10-06T20:24:20.631	TEL,3735,S3,359381725,0,0,0,425,2928                           
2026-10-06T20:24:20.631	TEL,3736,S3,359391725,0,0,0,430,2928                           
2026-10-06T20:24:21.241	TEL,3737,S3,359401725,0,0,0,430,2928                           
2026-10-06T20:24:21.241	TEL,3738,S3,359411725,0,0,0,425,2928                           
2026-10-06T20:24:21.241	TEL,3739,S3,359421725,0,0,0,428,2932                           
2026-10-06T20:24:21.241	TEL,3740,S3,359431725,0,0,0,430,2932                           
2026-10-06T20:24:21.241	TEL,3741,S3,359441725,0,0,0,428,2928                           
2026-10-06T20:24:21.241	TEL,3742,S3,359451725,0,0,0,428,2928                           
2026-10-06T20:24:21.241	TEL,3743,S3,359461725,0,0,0,428,2928                           
2026-10-06T20:24:21.241	TEL,3744,S3,359471725,0,0,0,422,2928                           
2026-10-06T20:24:21.241	TEL,3745,S3,359481725,0,0,0,422,2928                           
2026-10-06T20:24:21.241	TEL,3746,S3,359491725,0,0,0,425,2928                           
2026-10-06T20:24:21.241	TEL,3747,S3,359501725,0,0,0,425,2928                           
2026-10-06T20:24:21.241	TEL,3748,S3,359511725,0,0,0,433,2928                           
2026-10-06T20:24:21.241	TEL,3749,S3,359521725,0,0,0,433,2928                           
2026-10-06T20:24:21.241	TEL,3750,S3,359531725,0,0,0,428,2928                           
2026-10-06T20:24:21.241	TEL,3751,S3,359541725,0,0,0,430,2932                           
2026-10-06T20:24:21.241	TEL,3752,S3,359551725,0,0,0,428,2932                           
2026-10-06T20:24:21.241	TEL,3753,S3,359561725,0,0,0,425,2928                           
2026-10-06T20:24:21.241	TEL,3754,S3,359571725,0,0,0,433,2928                           
2026-10-06T20:24:21.241	BTN,46,S3,PRESSED,359579135,359579143                          
2026-10-06T20:24:21.241	TEL,3755,S3,359581725,0,0,0,433,2928                           
2026-10-06T20:24:21.241	TEL,3756,S3,359591725,0,0,0,419,2928                           
2026-10-06T20:24:21.241	TEL,3757,S3,359601725,0,0,0,422,2932                           
2026-10-06T20:24:21.241	TEL,3758,S3,359611725,0,0,0,425,2932                           
2026-10-06T20:24:21.241	TEL,3759,S3,359621725,0,0,0,422,2928                           
2026-10-06T20:24:21.241	TEL,3760,S3,359631725,0,0,0,428,2928                           
2026-10-06T20:24:21.241	TEL,3761,S3,359641725,0,0,0,430,2932                           
2026-10-06T20:24:21.241	TEL,3762,S3,359651725,0,0,0,425,2932                           
2026-10-06T20:24:21.241	TEL,3763,S3,359661725,0,0,0,425,2932                           
2026-10-06T20:24:21.241	TEL,3764,S3,359671725,0,0,0,430,2932                           
2026-10-06T20:24:21.241	TEL,3765,S3,359681725,0,0,0,428,2928                           
2026-10-06T20:24:21.241	TEL,3766,S3,359691725,0,0,0,428,2928                           
2026-10-06T20:24:21.241	TEL,3767,S3,359701725,0,0,0,430,2932                           
2026-10-06T20:24:21.241	TEL,3768,S3,359711725,0,0,0,428,2932                           
2026-10-06T20:24:21.241	TEL,3769,S3,359721725,0,0,0,428,2932                           
2026-10-06T20:24:21.241	TEL,3770,S3,359731725,0,0,0,430,2932                           
2026-10-06T20:24:21.241	TEL,3771,S3,359741725,0,0,0,430,2932                           
2026-10-06T20:24:21.241	TEL,3772,S3,359751725,0,0,0,428,2932                           
2026-10-06T20:24:21.241	TEL,3773,S3,359761725,0,0,0,425,2928                           
2026-10-06T20:24:21.241	TEL,3774,S3,359771725,0,0,0,430,2928                           
2026-10-06T20:24:21.241	TEL,3775,S3,359781725,0,0,0,433,2932                           
2026-10-06T20:24:21.241	TEL,3776,S3,359791725,0,0,0,430,2932                           
2026-10-06T20:24:21.241	TEL,3777,S3,359801725,0,0,0,428,2928                           
2026-10-06T20:24:21.241	TEL,3778,S3,359811725,0,0,0,428,2928                           
2026-10-06T20:24:21.241	TEL,3779,S3,359821725,0,0,0,430,2932                           
2026-10-06T20:24:21.241	TEL,3780,S3,359831725,0,0,0,430,2932                           
2026-10-06T20:24:21.241	TEL,3781,S3,359841725,0,0,0,430,2932                           
2026-10-06T20:24:21.241	TEL,3782,S3,359851725,0,0,0,436,2932                           
2026-10-06T20:24:21.241	TEL,3783,S3,359861725,0,0,0,436,2932                           
2026-10-06T20:24:21.241	TEL,3784,S3,359871725,0,0,0,433,2932                           
2026-10-06T20:24:21.241	TEL,3785,S3,359881725,0,0,0,433,2933                           
2026-10-06T20:24:21.241	TEL,3786,S3,359891725,0,0,0,433,2933                           
2026-10-06T20:24:21.241	TEL,3787,S3,359901725,0,0,0,433,2933                           
2026-10-06T20:24:21.241	TEL,3788,S3,359911725,0,0,0,433,2933                           
2026-10-06T20:24:21.241	TEL,3789,S3,359921725,0,0,0,430,2932                           
2026-10-06T20:24:21.241	TEL,3790,S3,359931725,0,0,0,430,2932                           
2026-10-06T20:24:21.241	TEL,3791,S3,359941725,0,0,0,430,2932                           
2026-10-06T20:24:21.241	TEL,3792,S3,359951725,0,0,0,428,2932                           
2026-10-06T20:24:21.241	TEL,3793,S3,359961725,0,0,0,425,2928                           
2026-10-06T20:24:21.241	TEL,3794,S3,359971725,0,0,0,422,2928                           
2026-10-06T20:24:21.243	TEL,3795,S3,359981725,0,0,0,422,2928                           
2026-10-06T20:24:21.243	TEL,3796,S3,359991725,0,0,0,428,2928                           
2026-10-06T20:24:21.243	TEL,3797,S3,360001725,0,0,0,430,2932                           
2026-10-06T20:24:21.851	TEL,3798,S3,360011725,0,0,0,430,2932                           
2026-10-06T20:24:21.851	TEL,3799,S3,360021725,0,0,0,430,2932                           
2026-10-06T20:24:21.851	TEL,3800,S3,360031725,0,0,0,428,2932                           
2026-10-06T20:24:21.851	TEL,3801,S3,360041725,0,0,0,428,2932                           
2026-10-06T20:24:21.851	TEL,3802,S3,360051725,0,0,0,425,2932                           
2026-10-06T20:24:21.851	TEL,3803,S3,360061725,0,0,0,422,2928                           
2026-10-06T20:24:21.851	TEL,3804,S3,360071725,0,0,0,428,2928                           
2026-10-06T20:24:21.851	TEL,3805,S3,360081725,0,0,0,428,2928                           
2026-10-06T20:24:21.851	TEL,3806,S3,360091725,0,0,0,425,2928                           
2026-10-06T20:24:21.851	TEL,3807,S3,360101725,0,0,0,428,2932                           
2026-10-06T20:24:21.851	TEL,3808,S3,360111725,0,0,0,430,2932                           
2026-10-06T20:24:21.851	TEL,3809,S3,360121725,0,0,0,428,2928                           
2026-10-06T20:24:21.851	TEL,3810,S3,360131725,0,0,0,422,2928                           
2026-10-06T20:24:21.851	TEL,3811,S3,360141725,0,0,0,425,2932                           
2026-10-06T20:24:21.851	TEL,3812,S3,360151725,0,0,0,428,2932                           
2026-10-06T20:24:21.851	TEL,3813,S3,360161725,0,0,0,425,2928                           
2026-10-06T20:24:21.851	TEL,3814,S3,360171725,0,0,0,422,2928                           
2026-10-06T20:24:21.851	TEL,3815,S3,360181725,0,0,0,425,2930                           
2026-10-06T20:24:21.851	TEL,3816,S3,360191725,0,0,0,428,2930                           
2026-10-06T20:24:21.851	TEL,3817,S3,360201725,0,0,0,428,2932                           
2026-10-06T20:24:21.851	TEL,3818,S3,360211725,0,0,0,428,2932                           
2026-10-06T20:24:21.851	BTN,47,S3,PRESSED,360216141,360216148                          
2026-10-06T20:24:21.851	TEL,3819,S3,360221725,0,0,0,428,2932                           
2026-10-06T20:24:21.851	TEL,3820,S3,360231725,0,0,0,428,2932                           
2026-10-06T20:24:21.851	TEL,3821,S3,360241725,0,0,0,425,2928                           
2026-10-06T20:24:21.851	TEL,3822,S3,360251725,0,0,0,428,2928                           
2026-10-06T20:24:21.851	TEL,3823,S3,360261725,0,0,0,433,2933                           
2026-10-06T20:24:21.851	TEL,3824,S3,360271725,0,0,0,433,2933                           
2026-10-06T20:24:21.851	TEL,3825,S3,360281725,0,0,0,430,2932                           
2026-10-06T20:24:21.851	TEL,3826,S3,360291725,0,0,0,425,2932                           
2026-10-06T20:24:21.851	TEL,3827,S3,360301725,0,0,0,425,2932                           
2026-10-06T20:24:21.851	TEL,3828,S3,360311725,0,0,0,430,2932                           
2026-10-06T20:24:21.851	TEL,3829,S3,360321725,0,0,0,428,2928                           
2026-10-06T20:24:21.851	TEL,3830,S3,360331725,0,0,0,422,2928                           
2026-10-06T20:24:21.851	TEL,3831,S3,360341725,0,0,0,422,2928                           
2026-10-06T20:24:21.851	TEL,3832,S3,360351725,0,0,0,428,2928                           
2026-10-06T20:24:21.851	TEL,3833,S3,360361725,0,0,0,428,2928                           
2026-10-06T20:24:21.851	TEL,3834,S3,360371725,0,0,0,428,2928                           
2026-10-06T20:24:21.851	TEL,3835,S3,360381725,0,0,0,428,2930                           
2026-10-06T20:24:21.851	TEL,3836,S3,360391725,0,0,0,430,2930                           
2026-10-06T20:24:21.851	TEL,3837,S3,360401725,0,0,0,430,2928                           
2026-10-06T20:24:21.851	TEL,3838,S3,360411725,0,0,0,425,2928                           
2026-10-06T20:24:21.851	TEL,3839,S3,360421725,0,0,0,428,2930                           
2026-10-06T20:24:21.851	TEL,3840,S3,360431725,0,0,0,430,2930                           
2026-10-06T20:24:21.851	TEL,3841,S3,360441725,0,0,0,433,2932                           
2026-10-06T20:24:21.851	TEL,3842,S3,360451725,0,0,0,425,2932                           
2026-10-06T20:24:21.851	TEL,3843,S3,360461725,0,0,0,422,2928                           
2026-10-06T20:24:21.851	TEL,3844,S3,360471725,0,0,0,428,2928                           
2026-10-06T20:24:21.851	TEL,3845,S3,360481725,0,0,0,428,2928                           
2026-10-06T20:24:21.851	TEL,3846,S3,360491725,0,0,0,425,2928                           
2026-10-06T20:24:21.851	TEL,3847,S3,360501725,0,0,0,430,2933                           
2026-10-06T20:24:21.851	TEL,3848,S3,360511725,0,0,0,430,2933                           
2026-10-06T20:24:21.851	TEL,3849,S3,360521725,0,0,0,430,2933                           
2026-10-06T20:24:21.851	TEL,3850,S3,360531725,0,0,0,428,2933                           
2026-10-06T20:24:21.851	TEL,3851,S3,360541725,0,0,0,422,2928                           
2026-10-06T20:24:21.851	TEL,3852,S3,360551725,0,0,0,428,2928                           
2026-10-06T20:24:21.851	TEL,3853,S3,360561725,0,0,0,430,2932                           
2026-10-06T20:24:21.851	TEL,3854,S3,360571725,0,0,0,428,2932                           
2026-10-06T20:24:21.851	TEL,3855,S3,360581725,0,0,0,425,2928                           
2026-10-06T20:24:21.851	TEL,3856,S3,360591725,0,0,0,428,2928                           
2026-10-06T20:24:21.851	TEL,3857,S3,360601725,0,0,0,428,2928                           
2026-10-06T20:24:21.851	TEL,3858,S3,360611725,0,0,0,428,2928                           
2026-10-06T20:24:22.461	TEL,3859,S3,360621725,0,0,0,430,2932                           
2026-10-06T20:24:22.461	TEL,3860,S3,360631725,0,0,0,428,2932                           
2026-10-06T20:24:22.461	TEL,3861,S3,360641725,0,0,0,425,2928                           
2026-10-06T20:24:22.461	TEL,3862,S3,360651725,0,0,0,425,2928                           
2026-10-06T20:24:22.461	TEL,3863,S3,360661725,0,0,0,425,2928                           
2026-10-06T20:24:22.461	TEL,3864,S3,360671725,0,0,0,425,2928                           
2026-10-06T20:24:22.461	TEL,3865,S3,360681725,0,0,0,428,2932                           
2026-10-06T20:24:22.461	TEL,3866,S3,360691725,0,0,0,430,2932                           
2026-10-06T20:24:22.461	TEL,3867,S3,360701725,0,0,0,428,2928                           
2026-10-06T20:24:22.461	TEL,3868,S3,360711725,0,0,0,428,2928                           
2026-10-06T20:24:22.461	TEL,3869,S3,360721725,0,0,0,428,2928                           
2026-10-06T20:24:22.461	TEL,3870,S3,360731725,0,0,0,433,2928                           
2026-10-06T20:24:22.461	TEL,3871,S3,360741725,0,0,0,436,2932                           
2026-10-06T20:24:22.461	TEL,3872,S3,360751725,0,0,0,430,2932                           
2026-10-06T20:24:22.461	TEL,3873,S3,360761725,0,0,0,428,2928                           
2026-10-06T20:24:22.461	TEL,3874,S3,360771725,0,0,0,425,2928                           
2026-10-06T20:24:22.461	TEL,3875,S3,360781725,0,0,0,425,2928                           
2026-10-06T20:24:22.461	TEL,3876,S3,360791725,0,0,0,422,2928                           
2026-10-06T20:24:22.461	TEL,3877,S3,360801725,0,0,0,422,2928                           
2026-10-06T20:24:22.461	TEL,3878,S3,360811725,0,0,0,422,2928                           
2026-10-06T20:24:22.461	TEL,3879,S3,360821725,0,0,0,422,2928                           
2026-10-06T20:24:22.461	TEL,3880,S3,360831725,0,0,0,428,2928                           
2026-10-06T20:24:22.461	TEL,3881,S3,360841725,0,0,0,430,2932                           
2026-10-06T20:24:22.461	TEL,3882,S3,360851725,0,0,0,433,2932                           
2026-10-06T20:24:22.461	TEL,3883,S3,360861725,0,0,0,430,2930                           
2026-10-06T20:24:22.461	TEL,3884,S3,360871725,0,0,0,428,2930                           
2026-10-06T20:24:22.461	TEL,3885,S3,360881725,0,0,0,430,2932                           
2026-10-06T20:24:22.461	TEL,3886,S3,360891725,0,0,0,430,2932                           
2026-10-06T20:24:22.461	TEL,3887,S3,360901725,0,0,0,428,2928                           
2026-10-06T20:24:22.461	TEL,3888,S3,360911725,0,0,0,428,2928                           
2026-10-06T20:24:22.461	TEL,3889,S3,360921725,0,0,0,430,2932                           
2026-10-06T20:24:22.461	TEL,3890,S3,360931725,0,0,0,430,2932                           
2026-10-06T20:24:22.461	TEL,3891,S3,360941725,0,0,0,430,2932                           
2026-10-06T20:24:22.461	TEL,3892,S3,360951725,0,0,0,428,2932                           
2026-10-06T20:24:22.461	TEL,3893,S3,360961725,0,0,0,428,2932                           
2026-10-06T20:24:22.461	BTN,48,S3,PRESSED,360966146,360966154                          
2026-10-06T20:24:22.461	TEL,3894,S3,360971725,0,0,0,430,2932                           
2026-10-06T20:24:22.461	TEL,3895,S3,360981725,0,0,0,428,2930                           
2026-10-06T20:24:22.461	TEL,3896,S3,360991725,0,0,0,428,2930                           
2026-10-06T20:24:22.461	TEL,3897,S3,361001725,0,0,0,430,2932                           
2026-10-06T20:24:22.461	TEL,3898,S3,361011725,0,0,0,425,2932                           
2026-10-06T20:24:22.461	TEL,3899,S3,361021725,0,0,0,425,2932                           
2026-10-06T20:24:22.461	TEL,3900,S3,361031725,0,0,0,430,2932                           
2026-10-06T20:24:22.461	TEL,3901,S3,361041725,0,0,0,430,2932                           
2026-10-06T20:24:22.461	TEL,3902,S3,361051725,0,0,0,430,2932                           
2026-10-06T20:24:22.461	TEL,3903,S3,361061725,0,0,0,428,2930                           
2026-10-06T20:24:22.461	TEL,3904,S3,361071725,0,0,0,428,2930                           
2026-10-06T20:24:22.461	TEL,3905,S3,361081725,0,0,0,428,2932                           
2026-10-06T20:24:22.461	TEL,3906,S3,361091725,0,0,0,428,2932                           
2026-10-06T20:24:22.461	TEL,3907,S3,361101725,0,0,0,428,2932                           
2026-10-06T20:24:22.461	TEL,3908,S3,361111725,0,0,0,430,2932                           
2026-10-06T20:24:22.461	TEL,3909,S3,361121725,0,0,0,433,2933                           
2026-10-06T20:24:22.461	TEL,3910,S3,361131725,0,0,0,430,2933                           
2026-10-06T20:24:22.461	TEL,3911,S3,361141725,0,0,0,430,2933                           
2026-10-06T20:24:22.461	TEL,3912,S3,361151725,0,0,0,428,2933                           
2026-10-06T20:24:22.461	TEL,3913,S3,361161725,0,0,0,425,2932                           
2026-10-06T20:24:22.461	TEL,3914,S3,361171725,0,0,0,430,2932                           
2026-10-06T20:24:22.461	TEL,3915,S3,361181725,0,0,0,428,2928                           
2026-10-06T20:24:22.461	TEL,3916,S3,361191725,0,0,0,428,2928                           
2026-10-06T20:24:22.461	TEL,3917,S3,361201725,0,0,0,428,2928                           
2026-10-06T20:24:22.461	TEL,3918,S3,361211725,0,0,0,428,2928                           
2026-10-06T20:24:22.461	TEL,3919,S3,361221725,0,0,0,428,2928                           
2026-10-06T20:24:23.071	TEL,3920,S3,361231725,0,0,0,425,2928                           
2026-10-06T20:24:23.071	TEL,3921,S3,361241725,0,0,0,425,2928                           
2026-10-06T20:24:23.071	TEL,3922,S3,361251725,0,0,0,425,2928                           
2026-10-06T20:24:23.071	TEL,3923,S3,361261725,0,0,0,428,2932                           
2026-10-06T20:24:23.071	TEL,3924,S3,361271725,0,0,0,430,2932                           
2026-10-06T20:24:23.071	TEL,3925,S3,361281725,0,0,0,428,2930                           
2026-10-06T20:24:23.071	TEL,3926,S3,361291725,0,0,0,433,2930                           
2026-10-06T20:24:23.071	TEL,3927,S3,361301725,0,0,0,436,2932                           
2026-10-06T20:24:23.071	TEL,3928,S3,361311725,0,0,0,430,2932                           
2026-10-06T20:24:23.071	TEL,3929,S3,361321725,0,0,0,430,2932                           
2026-10-06T20:24:23.071	TEL,3930,S3,361331725,0,0,0,428,2932                           
2026-10-06T20:24:23.071	TEL,3931,S3,361341725,0,0,0,428,2932                           
2026-10-06T20:24:23.071	TEL,3932,S3,361351725,0,0,0,430,2932                           
2026-10-06T20:24:23.071	TEL,3933,S3,361361725,0,0,0,433,2933                           
2026-10-06T20:24:23.071	TEL,3934,S3,361371725,0,0,0,436,2933                           
2026-10-06T20:24:23.071	TEL,3935,S3,361381725,0,0,0,433,2928                           
2026-10-06T20:24:23.071	TEL,3936,S3,361391725,0,0,0,428,2928                           
2026-10-06T20:24:23.071	TEL,3937,S3,361401725,0,0,0,428,2930                           
2026-10-06T20:24:23.071	TEL,3938,S3,361411725,0,0,0,428,2930                           
2026-10-06T20:24:23.071	TEL,3939,S3,361421725,0,0,0,430,2932                           
2026-10-06T20:24:23.071	TEL,3940,S3,361431725,0,0,0,428,2932                           
2026-10-06T20:24:23.071	TEL,3941,S3,361441725,0,0,0,428,2932                           
2026-10-06T20:24:23.071	TEL,3942,S3,361451725,0,0,0,430,2932                           
2026-10-06T20:24:23.071	TEL,3943,S3,361461725,0,0,0,430,2932                           
2026-10-06T20:24:23.071	TEL,3944,S3,361471725,0,0,0,428,2932                           
2026-10-06T20:24:23.071	TEL,3945,S3,361481725,0,0,0,428,2930                           
2026-10-06T20:24:23.071	TEL,3946,S3,361491725,0,0,0,428,2930                           
2026-10-06T20:24:23.071	TEL,3947,S3,361501725,0,0,0,428,2928                           
2026-10-06T20:24:23.071	TEL,3948,S3,361511725,0,0,0,428,2928                           
2026-10-06T20:24:23.071	TEL,3949,S3,361521725,0,0,0,430,2932                           
2026-10-06T20:24:23.071	TEL,3950,S3,361531725,0,0,0,430,2932                           
2026-10-06T20:24:23.071	TEL,3951,S3,361541725,0,0,0,428,2928                           
2026-10-06T20:24:23.071	TEL,3952,S3,361551725,0,0,0,428,2928                           
2026-10-06T20:24:23.071	TEL,3953,S3,361561725,0,0,0,428,2928                           
2026-10-06T20:24:23.071	TEL,3954,S3,361571725,0,0,0,425,2928                           
2026-10-06T20:24:23.071	TEL,3955,S3,361581725,0,0,0,428,2932                           
2026-10-06T20:24:23.071	TEL,3956,S3,361591725,0,0,0,433,2932                           
2026-10-06T20:24:23.071	TEL,3957,S3,361601725,0,0,0,430,2928                           
2026-10-06T20:24:23.071	TEL,3958,S3,361611725,0,0,0,422,2928                           
2026-10-06T20:24:23.071	TEL,3959,S3,361621725,0,0,0,422,2928                           
2026-10-06T20:24:23.071	TEL,3960,S3,361631725,0,0,0,425,2928                           
2026-10-06T20:24:23.071	TEL,3961,S3,361641725,0,0,0,428,2932                           
2026-10-06T20:24:23.071	TEL,3962,S3,361651725,0,0,0,433,2932                           
2026-10-06T20:24:23.071	TEL,3963,S3,361661725,0,0,0,433,2932                           
2026-10-06T20:24:23.071	TEL,3964,S3,361671725,0,0,0,430,2932                           
2026-10-06T20:24:23.071	TEL,3965,S3,361681725,0,0,0,430,2932                           
2026-10-06T20:24:23.071	TEL,3966,S3,361691725,0,0,0,428,2932                           
2026-10-06T20:24:23.071	TEL,3967,S3,361701725,0,0,0,425,2928                           
2026-10-06T20:24:23.071	TEL,3968,S3,361711725,0,0,0,430,2928                           
2026-10-06T20:24:23.071	TEL,3969,S3,361721725,0,0,0,430,2928                           
2026-10-06T20:24:23.071	TEL,3970,S3,361731725,0,0,0,422,2928                           
2026-10-06T20:24:23.071	TEL,3971,S3,361741725,0,0,0,425,2932                           
2026-10-06T20:24:23.071	TEL,3972,S3,361751725,0,0,0,428,2932                           
2026-10-06T20:24:23.071	TEL,3973,S3,361761725,0,0,0,428,2932                           
2026-10-06T20:24:23.071	TEL,3974,S3,361771725,0,0,0,430,2932                           
2026-10-06T20:24:23.071	TEL,3975,S3,361781725,0,0,0,430,2932                           
2026-10-06T20:24:23.071	TEL,3976,S3,361791725,0,0,0,425,2932                           
2026-10-06T20:24:23.071	TEL,3977,S3,361801725,0,0,0,422,2928                           
2026-10-06T20:24:23.071	TEL,3978,S3,361811725,0,0,0,428,2928                           
2026-10-06T20:24:23.071	TEL,3979,S3,361821725,0,0,0,430,2932                           
2026-10-06T20:24:23.071	BTN,49,S3,PRESSED,361831152,361831159                          
2026-10-06T20:24:23.071	TEL,3980,S3,361831725,0,0,0,430,2932                           
2026-10-06T20:24:23.646	TEL,3981,S3,361841725,0,0,0,442,2942                           
2026-10-06T20:24:23.646	TEL,3982,S3,361851725,0,0,0,439,2942                           
2026-10-06T20:24:23.646	TEL,3983,S3,361861725,0,0,0,430,2933                           
2026-10-06T20:24:23.646	TEL,3984,S3,361871725,0,0,0,433,2933                           
2026-10-06T20:24:23.646	TEL,3985,S3,361881725,0,0,0,428,2928                           
2026-10-06T20:24:23.646	TEL,3986,S3,361891725,0,0,0,428,2928                           
2026-10-06T20:24:23.646	TEL,3987,S3,361901725,0,0,0,430,2932                           
2026-10-06T20:24:23.646	TEL,3988,S3,361911725,0,0,0,430,2932                           
2026-10-06T20:24:23.646	TEL,3989,S3,361921725,0,0,0,428,2930                           
2026-10-06T20:24:23.646	TEL,3990,S3,361931725,0,0,0,428,2930                           
2026-10-06T20:24:23.646	TEL,3991,S3,361941725,0,0,0,428,2928                           
2026-10-06T20:24:23.646	TEL,3992,S3,361951725,0,0,0,428,2928                           
2026-10-06T20:24:23.646	TEL,3993,S3,361961725,0,0,0,428,2928                           
2026-10-06T20:24:23.646	TEL,3994,S3,361971725,0,0,0,428,2928                           
2026-10-06T20:24:23.646	TEL,3995,S3,361981725,0,0,0,428,2928                           
2026-10-06T20:24:23.646	TEL,3996,S3,361991725,0,0,0,425,2928                           
2026-10-06T20:24:23.646	TEL,3997,S3,362001725,0,0,0,428,2932                           
2026-10-06T20:24:23.646	TEL,3998,S3,362011725,0,0,0,430,2932                           
2026-10-06T20:24:23.646	TEL,3999,S3,362021725,0,0,0,430,2932                           
2026-10-06T20:24:23.646	TEL,4000,S3,362031725,0,0,0,430,2932                           
2026-10-06T20:24:23.646	TEL,4001,S3,362041725,0,0,0,430,2932                           
2026-10-06T20:24:23.646	TEL,4002,S3,362051725,0,0,0,430,2932                           
2026-10-06T20:24:23.646	TEL,4003,S3,362061725,0,0,0,428,2930                           
2026-10-06T20:24:23.646	TEL,4004,S3,362071725,0,0,0,428,2930                           
2026-10-06T20:24:23.646	TEL,4005,S3,362081725,0,0,0,428,2928                           
2026-10-06T20:24:23.646	TEL,4006,S3,362091725,0,0,0,428,2928                           
2026-10-06T20:24:23.646	TEL,4007,S3,362101725,0,0,0,428,2928                           
2026-10-06T20:24:23.646	TEL,4008,S3,362111725,0,0,0,422,2928                           
2026-10-06T20:24:23.646	TEL,4009,S3,362121725,0,0,0,425,2932                           
2026-10-06T20:24:23.646	TEL,4010,S3,362131725,0,0,0,430,2932                           
2026-10-06T20:24:23.646	TEL,4011,S3,362141725,0,0,0,428,2928                           
2026-10-06T20:24:23.646	TEL,4012,S3,362151725,0,0,0,425,2928                           
2026-10-06T20:24:23.646	TEL,4013,S3,362161725,0,0,0,430,2933                           
2026-10-06T20:24:23.646	TEL,4014,S3,362171725,0,0,0,436,2933                           
2026-10-06T20:24:23.646	TEL,4015,S3,362181725,0,0,0,433,2928                           
2026-10-06T20:24:23.646	TEL,4016,S3,362191725,0,0,0,428,2928                           
2026-10-06T20:24:23.646	TEL,4017,S3,362201725,0,0,0,430,2932                           
2026-10-06T20:24:23.646	TEL,4018,S3,362211725,0,0,0,430,2932                           
2026-10-06T20:24:23.646	TEL,4019,S3,362221725,0,0,0,428,2928                           
2026-10-06T20:24:23.646	TEL,4020,S3,362231725,0,0,0,428,2928                           
2026-10-06T20:24:23.646	TEL,4021,S3,362241725,0,0,0,428,2928                           
2026-10-06T20:24:23.646	TEL,4022,S3,362251725,0,0,0,428,2928                           
2026-10-06T20:24:23.646	TEL,4023,S3,362261725,0,0,0,433,2933                           
2026-10-06T20:24:23.646	TEL,4024,S3,362271725,0,0,0,428,2933                           
2026-10-06T20:24:23.646	TEL,4025,S3,362281725,0,0,0,425,2932                           
2026-10-06T20:24:23.646	TEL,4026,S3,362291725,0,0,0,430,2932                           
2026-10-06T20:24:23.646	TEL,4027,S3,362301725,0,0,0,428,2928                           
2026-10-06T20:24:23.646	TEL,4028,S3,362311725,0,0,0,428,2928                           
2026-10-06T20:24:23.646	TEL,4029,S3,362321725,0,0,0,430,2932                           
2026-10-06T20:24:23.646	TEL,4030,S3,362331725,0,0,0,430,2932                           
2026-10-06T20:24:23.646	TEL,4031,S3,362341725,0,0,0,428,2928                           
2026-10-06T20:24:23.646	TEL,4032,S3,362351725,0,0,0,428,2928                           
2026-10-06T20:24:23.646	BTN,50,S3,PRESSED,362361157,362361165                          
2026-10-06T20:24:23.646	TEL,4033,S3,362361725,0,0,0,428,2930                           
2026-10-06T20:24:23.646	ACK,STOP,S3
2026-10-06T20:24:23.646	LOG,S3,1,327385889,327385896,327385906,327387315,327392866,ok
2026-10-06T20:24:23.646	LOG,S3,2,328101895,328101902,328101911,328107316,328112867,ok
2026-10-06T20:24:23.646	LOG,S3,3,328818900,328818907,328818917,328818938,328824487,ok
2026-10-06T20:24:23.646	LOG,S3,4,329713906,329713913,329713922,329717314,329722865,ok
2026-10-06T20:24:23.646	LOG,S3,5,330339911,330339918,330339928,330339949,330345504,ok
2026-10-06T20:24:23.646	LOG,S3,6,330885916,330885924,330885933,330887314,330892865,ok
2026-10-06T20:24:23.646	LOG,S3,7,331646922,331646929,331646938,331647319,331652871,ok
2026-10-06T20:24:23.646	LOG,S3,8,332193927,332193935,332193944,332197315,332202866,ok
2026-10-06T20:24:23.921	LOG,S3,9,333088933,333088940,333088949,333088971,333094528,ok
2026-10-06T20:24:23.921	LOG,S3,10,333603938,333603946,333603955,333607321,333612872,ok
2026-10-06T20:24:23.921	LOG,S3,11,334479944,334479951,334479960,334479982,334485536,ok
2026-10-06T20:24:23.921	LOG,S3,12,335366949,335366957,335366966,335367313,335372864,ok
2026-10-06T20:24:23.921	LOG,S3,13,336132955,336132962,336132971,336137320,336142872,ok
2026-10-06T20:24:23.921	LOG,S3,14,336816960,336816968,336816977,336817315,336822867,ok
2026-10-06T20:24:23.921	LOG,S3,15,337649966,337649973,337649982,337650004,337655560,ok
2026-10-06T20:24:23.921	LOG,S3,16,338421971,338421978,338421988,338427314,338432865,ok
2026-10-06T20:24:23.921	LOG,S3,17,339315977,339315984,339315993,339317320,339322871,ok
2026-10-06T20:24:23.921	LOG,S3,18,339947982,339947989,339947999,339948020,339953570,ok
2026-10-06T20:24:23.921	LOG,S3,19,340539988,340539995,340540004,340540025,340545582,ok
2026-10-06T20:24:23.921	LOG,S3,20,341342993,341343000,341343010,341347313,341352864,ok
2026-10-06T20:24:23.921	LOG,S3,21,341950999,341951006,341951015,341951036,341956593,ok
2026-10-06T20:24:23.921	LOG,S3,22,342726004,342726011,342726021,342727315,342732866,ok
2026-10-06T20:24:23.921	LOG,S3,23,343336010,343336017,343336026,343337318,343342870,ok
2026-10-06T20:24:23.921	LOG,S3,24,344000015,344000022,344000032,344000053,344005610,ok
2026-10-06T20:24:23.921	LOG,S3,25,344651021,344651028,344651037,344651058,344656615,ok
2026-10-06T20:24:23.921	LOG,S3,26,345483026,345483033,345483043,345487319,345492870,ok
2026-10-06T20:24:23.921	LOG,S3,27,346234031,346234039,346234048,346237315,346242866,ok
2026-10-06T20:24:23.921	LOG,S3,28,346768037,346768044,346768054,346768075,346773630,ok
2026-10-06T20:24:23.921	LOG,S3,29,347436042,347436050,347436059,347437319,347442870,ok
2026-10-06T20:24:23.921	LOG,S3,30,347974048,347974055,347974064,347977313,347982864,ok
2026-10-06T20:24:23.921	LOG,S3,31,348856053,348856061,348856070,348857318,348862869,ok
2026-10-06T20:24:23.921	LOG,S3,32,349735059,349735066,349735075,349737314,349742865,ok
2026-10-06T20:24:23.921	LOG,S3,33,350442064,350442072,350442081,350447313,350452864,ok
2026-10-06T20:24:23.921	LOG,S3,34,351045070,351045077,351045086,351047315,351052866,ok
2026-10-06T20:24:23.921	LOG,S3,35,351726075,351726083,351726092,351727319,351732870,ok
2026-10-06T20:24:23.921	LOG,S3,36,352230081,352230088,352230097,352230119,352235676,ok
2026-10-06T20:24:23.921	LOG,S3,37,353129086,353129093,353129103,353129124,353134678,ok
2026-10-06T20:24:23.921	LOG,S3,38,353718092,353718099,353718108,353718129,353723682,ok
2026-10-06T20:24:23.921	LOG,S3,39,354592097,354592104,354592114,354597320,354602872,ok
2026-10-06T20:24:23.921	LOG,S3,40,355326103,355326110,355326119,355327314,355332865,ok
2026-10-06T20:24:23.921	LOG,S3,41,356069108,356069115,356069125,356069146,356074697,ok
2026-10-06T20:24:23.921	LOG,S3,42,356946114,356946121,356946130,356947313,356952864,ok
2026-10-06T20:24:23.921	LOG,S3,43,357509119,357509126,357509136,357509157,357514707,ok
2026-10-06T20:24:23.921	LOG,S3,44,358177125,358177132,358177143,358177321,358182872,ok
2026-10-06T20:24:23.921	LOG,S3,45,358796130,358796137,358796147,358797317,358802868,ok
2026-10-06T20:24:23.921	LOG,S3,46,359579135,359579143,359579152,359579173,359584723,ok
2026-10-06T20:24:23.921	LOG,S3,47,360216141,360216148,360216158,360217316,360222867,ok
2026-10-06T20:24:23.921	LOG,S3,48,360966146,360966154,360966163,360967320,360972872,ok
2026-10-06T20:24:23.921	LOG,S3,49,361831152,361831159,361831168,361831190,361836739,ok
2026-10-06T20:24:23.921	LOG,S3,50,362361157,362361165,362361174,362361195,362366749,ok
2026-10-06T20:24:23.921	CNT,accepted,50
2026-10-06T20:24:23.921	CNT,logged,50
2026-10-06T20:24:23.921	CNT,bounce_rejected,0
2026-10-06T20:24:23.921	CNT,ignored,0
2026-10-06T20:24:23.921	CNT,btn_q_drop,0
2026-10-06T20:24:23.921	CNT,btn_tx_drop,0
2026-10-06T20:24:23.921	CNT,tel_sent,4033
2026-10-06T20:24:23.921	CNT,tel_tx_drop,0
2026-10-06T20:24:23.921	CNT,tx_error,0
2026-10-06T20:24:23.921	CNT,tx_timeout,0
2026-10-06T20:24:23.921	CNT,log_overflow,0
2026-10-06T20:24:23.921	CNT,fmt_error,0
2026-10-06T20:24:23.921	CNT,tel_period_min_us,9855
2026-10-06T20:24:23.921	CNT,tel_period_max_us,10000
2026-10-06T20:24:23.921	CNT,work_min_us,0
2026-10-06T20:24:23.921	CNT,work_max_us,0
2026-10-06T20:24:23.921	CNT,hwm_telemetry_w,187
2026-10-06T20:24:23.921	CNT,hwm_uarttx_w,265
2026-10-06T20:24:23.921	CNT,heap_free_min_b,17512
2026-10-06T20:24:23.921	INF,variant,A
2026-10-06T20:24:23.921	INF,source,INJ
2026-10-06T20:24:23.921	INF,events,50
2026-10-06T20:24:23.921	END,DUMP,S3
