# pc_rx_time yaln?zca bilgi ama?l?d?r; gecikme hesab?nda KULLANILMAZ.
2026-10-06T20:24:25.626	ACK,START,S4,A,INJ,50
2026-10-06T20:24:25.626	TEL,1,S4,363787871,2002,44543,0,416,2930                       
2026-10-06T20:24:25.626	TEL,2,S4,363797726,2002,44543,0,422,2935                       
2026-10-06T20:24:25.626	TEL,3,S4,363807726,2001,44543,0,430,2935                       
2026-10-06T20:24:25.626	TEL,4,S4,363817726,2001,44543,0,430,2933                       
2026-10-06T20:24:25.626	TEL,5,S4,363827726,2001,44543,0,430,2933                       
2026-10-06T20:24:25.626	TEL,6,S4,363837726,2001,44543,0,433,2939                       
2026-10-06T20:24:25.626	TEL,7,S4,363847726,2001,44543,0,433,2939                       
2026-10-06T20:24:25.626	TEL,8,S4,363857726,2001,44543,0,430,2935                       
2026-10-06T20:24:25.626	TEL,9,S4,363867726,2001,44543,0,430,2935                       
2026-10-06T20:24:25.626	TEL,10,S4,363877726,2001,44543,0,433,2939                      
2026-10-06T20:24:25.626	TEL,11,S4,363887726,2001,44543,0,445,2939                      
2026-10-06T20:24:25.626	TEL,12,S4,363897726,2001,44543,0,436,2930                      
2026-10-06T20:24:25.626	TEL,13,S4,363907726,2001,44543,0,436,2930                      
2026-10-06T20:24:25.626	TEL,14,S4,363917726,2001,44543,0,436,2930                      
2026-10-06T20:24:25.626	TEL,15,S4,363927726,2001,44543,0,433,2930                      
2026-10-06T20:24:25.626	TEL,16,S4,363937726,2001,44543,0,436,2932                      
2026-10-06T20:24:25.626	TEL,17,S4,363947726,2001,44543,0,436,2932                      
2026-10-06T20:24:25.626	TEL,18,S4,363957726,2001,44543,0,428,2925                      
2026-10-06T20:24:25.626	TEL,19,S4,363967726,2001,44543,0,430,2925                      
2026-10-06T20:24:25.626	TEL,20,S4,363977726,2001,44543,0,439,2932                      
2026-10-06T20:24:25.626	TEL,21,S4,363987726,2001,44543,0,436,2932                      
2026-10-06T20:24:25.626	TEL,22,S4,363997726,2001,44543,0,436,2932                      
2026-10-06T20:24:25.626	TEL,23,S4,364007726,2001,44543,0,436,2932                      
2026-10-06T20:24:25.626	TEL,24,S4,364017726,2001,44543,0,436,2932                      
2026-10-06T20:24:25.626	TEL,25,S4,364027726,2001,44543,0,436,2932                      
2026-10-06T20:24:25.626	TEL,26,S4,364037726,2001,44543,0,433,2930                      
2026-10-06T20:24:25.626	TEL,27,S4,364047726,2001,44543,0,433,2930                      
2026-10-06T20:24:25.626	TEL,28,S4,364057726,2001,44543,0,436,2933                      
2026-10-06T20:24:25.626	TEL,29,S4,364067726,2001,44543,0,436,2933                      
2026-10-06T20:24:25.626	TEL,30,S4,364077726,2001,44543,0,433,2930                      
2026-10-06T20:24:25.626	TEL,31,S4,364087726,2001,44543,0,433,2930                      
2026-10-06T20:24:25.626	TEL,32,S4,364097726,2001,44543,0,436,2933                      
2026-10-06T20:24:25.626	TEL,33,S4,364107726,2001,44543,0,436,2933                      
2026-10-06T20:24:25.626	TEL,34,S4,364117726,2001,44543,0,433,2930                      
2026-10-06T20:24:25.626	TEL,35,S4,364127726,2001,44543,0,433,2930                      
2026-10-06T20:24:25.626	TEL,36,S4,364137726,2001,44543,0,436,2932                      
2026-10-06T20:24:25.626	TEL,37,S4,364147726,2001,44543,0,436,2932                      
2026-10-06T20:24:25.626	TEL,38,S4,364157726,2001,44543,0,436,2932                      
2026-10-06T20:24:25.626	TEL,39,S4,364167726,2001,44543,0,436,2932                      
2026-10-06T20:24:25.626	TEL,40,S4,364177726,2001,44543,0,436,2933                      
2026-10-06T20:24:25.626	TEL,41,S4,364187726,2001,44543,0,439,2933                      
2026-10-06T20:24:25.626	TEL,42,S4,364197726,2001,44543,0,439,2933                      
2026-10-06T20:24:25.626	TEL,43,S4,364207726,2001,44543,0,433,2933                      
2026-10-06T20:24:25.626	TEL,44,S4,364217726,2001,44543,0,428,2927                      
2026-10-06T20:24:25.626	TEL,45,S4,364227726,2001,44543,0,433,2927                      
2026-10-06T20:24:25.626	TEL,46,S4,364237726,2001,44543,0,439,2933                      
2026-10-06T20:24:25.626	TEL,47,S4,364247726,2001,44543,0,436,2933                      
2026-10-06T20:24:25.626	TEL,48,S4,364257726,2001,44543,0,433,2928                      
2026-10-06T20:24:25.626	TEL,49,S4,364267726,2001,44543,0,433,2928                      
2026-10-06T20:24:25.626	TEL,50,S4,364277726,2001,44543,0,433,2930                      
2026-10-06T20:24:25.626	TEL,51,S4,364287726,2001,44543,0,433,2930                      
2026-10-06T20:24:25.626	TEL,52,S4,364297726,2001,44543,0,436,2932                      
2026-10-06T20:24:25.626	TEL,53,S4,364307726,2001,44543,0,436,2932                      
2026-10-06T20:24:25.626	TEL,54,S4,364317726,2001,44543,0,436,2932                      
2026-10-06T20:24:25.626	TEL,55,S4,364327726,2001,44543,0,436,2932                      
2026-10-06T20:24:25.626	TEL,56,S4,364337726,2001,44543,0,433,2930                      
2026-10-06T20:24:25.626	TEL,57,S4,364347726,2001,44543,0,433,2930                      
2026-10-06T20:24:25.626	TEL,58,S4,364357726,2001,44543,0,433,2930                      
2026-10-06T20:24:25.626	TEL,59,S4,364367726,2001,44543,0,433,2930                      
2026-10-06T20:24:25.626	TEL,60,S4,364377726,2001,44543,0,436,2933                      
2026-10-06T20:24:25.626	TEL,61,S4,364387726,2001,44543,0,430,2933                      
2026-10-06T20:24:26.246	TEL,62,S4,364397726,2001,44543,0,430,2933                      
2026-10-06T20:24:26.246	TEL,63,S4,364407726,2001,44543,0,436,2933                      
2026-10-06T20:24:26.246	TEL,64,S4,364417726,2001,44543,0,436,2932                      
2026-10-06T20:24:26.246	TEL,65,S4,364427726,2001,44543,0,433,2932                      
2026-10-06T20:24:26.246	TEL,66,S4,364437726,2001,44543,0,430,2930                      
2026-10-06T20:24:26.246	TEL,67,S4,364447726,2001,44543,0,436,2930                      
2026-10-06T20:24:26.246	TEL,68,S4,364457726,2001,44543,0,439,2933                      
2026-10-06T20:24:26.246	TEL,69,S4,364467726,2001,44543,0,436,2933                      
2026-10-06T20:24:26.246	TEL,70,S4,364477726,2001,44543,0,428,2925                      
2026-10-06T20:24:26.246	TEL,71,S4,364487726,2001,44543,0,428,2925                      
2026-10-06T20:24:26.246	TEL,72,S4,364497726,2001,44543,0,436,2933                      
2026-10-06T20:24:26.246	TEL,73,S4,364507726,2001,44543,0,439,2933                      
2026-10-06T20:24:26.246	TEL,74,S4,364517726,2001,44543,0,439,2933                      
2026-10-06T20:24:26.246	TEL,75,S4,364527726,2001,44543,0,436,2933                      
2026-10-06T20:24:26.246	TEL,76,S4,364537726,2001,44543,0,439,2935                      
2026-10-06T20:24:26.246	TEL,77,S4,364547726,2001,44543,0,442,2935                      
2026-10-06T20:24:26.246	TEL,78,S4,364557726,2001,44543,0,433,2927                      
2026-10-06T20:24:26.246	TEL,79,S4,364567726,2001,44543,0,430,2927                      
2026-10-06T20:24:26.246	TEL,80,S4,364577726,2001,44543,0,439,2935                      
2026-10-06T20:24:26.246	TEL,81,S4,364587726,2001,44543,0,439,2935                      
2026-10-06T20:24:26.246	TEL,82,S4,364597726,2001,44543,0,436,2932                      
2026-10-06T20:24:26.246	TEL,83,S4,364607726,2001,44543,0,439,2932                      
2026-10-06T20:24:26.246	TEL,84,S4,364617726,2001,44543,0,439,2932                      
2026-10-06T20:24:26.246	TEL,85,S4,364627726,2001,44543,0,439,2932                      
2026-10-06T20:24:26.246	TEL,86,S4,364637726,2001,44543,0,439,2932                      
2026-10-06T20:24:26.246	TEL,87,S4,364647726,2001,44543,0,436,2932                      
2026-10-06T20:24:26.246	TEL,88,S4,364657726,2001,44543,0,436,2933                      
2026-10-06T20:24:26.246	TEL,89,S4,364667726,2001,44543,0,436,2933                      
2026-10-06T20:24:26.246	TEL,90,S4,364677726,2001,44543,0,433,2930                      
2026-10-06T20:24:26.246	TEL,91,S4,364687726,2001,44543,0,428,2930                      
2026-10-06T20:24:26.246	TEL,92,S4,364697726,2001,44543,0,428,2930                      
2026-10-06T20:24:26.246	TEL,93,S4,364707726,2001,44543,0,433,2930                      
2026-10-06T20:24:26.246	TEL,94,S4,364717726,2001,44543,0,433,2930                      
2026-10-06T20:24:26.246	TEL,95,S4,364727726,2001,44543,0,436,2930                      
2026-10-06T20:24:26.246	TEL,96,S4,364737726,2001,44543,0,439,2933                      
2026-10-06T20:24:26.246	TEL,97,S4,364747726,2001,44543,0,436,2933                      
2026-10-06T20:24:26.246	TEL,98,S4,364757726,2001,44543,0,433,2928                      
2026-10-06T20:24:26.246	TEL,99,S4,364767726,2001,44543,0,430,2928                      
2026-10-06T20:24:26.246	TEL,100,S4,364777726,2001,44543,0,433,2933                     
2026-10-06T20:24:26.246	TEL,101,S4,364787726,2001,44543,0,433,2933                     
2026-10-06T20:24:26.246	TEL,102,S4,364797726,2001,44543,0,428,2927                     
2026-10-06T20:24:26.246	TEL,103,S4,364807726,2001,44543,0,436,2927                     
2026-10-06T20:24:26.246	TEL,104,S4,364817726,2001,44543,0,436,2928                     
2026-10-06T20:24:26.246	TEL,105,S4,364827726,2001,44543,0,433,2928                     
2026-10-06T20:24:26.246	TEL,106,S4,364837726,2001,44543,0,433,2928                     
2026-10-06T20:24:26.246	TEL,107,S4,364847726,2001,44543,0,433,2928                     
2026-10-06T20:24:26.246	TEL,108,S4,364857726,2001,44543,0,433,2928                     
2026-10-06T20:24:26.246	TEL,109,S4,364867726,2001,44543,0,436,2928                     
2026-10-06T20:24:26.246	TEL,110,S4,364877726,2001,44543,0,436,2928                     
2026-10-06T20:24:26.246	TEL,111,S4,364887726,2001,44543,0,433,2928                     
2026-10-06T20:24:26.246	TEL,112,S4,364897726,2001,44543,0,428,2925                     
2026-10-06T20:24:26.246	TEL,113,S4,364907726,2001,44543,0,428,2925                     
2026-10-06T20:24:26.246	TEL,114,S4,364917726,2001,44543,0,433,2930                     
2026-10-06T20:24:26.246	TEL,115,S4,364927726,2001,44543,0,433,2930                     
2026-10-06T20:24:26.246	TEL,116,S4,364937726,2001,44543,0,433,2928                     
2026-10-06T20:24:26.246	TEL,117,S4,364947726,2001,44543,0,428,2928                     
2026-10-06T20:24:26.246	TEL,118,S4,364957726,2001,44543,0,425,2927                     
2026-10-06T20:24:26.246	TEL,119,S4,364967726,2001,44543,0,430,2927                     
2026-10-06T20:24:26.246	TEL,120,S4,364977726,2001,44543,0,433,2928                     
2026-10-06T20:24:26.246	TEL,121,S4,364987726,2001,44543,0,433,2928                     
2026-10-06T20:24:26.246	TEL,122,S4,364997726,2001,44543,0,428,2925                     
2026-10-06T20:24:26.246	TEL,123,S4,365007726,2001,44543,0,428,2925                     
2026-10-06T20:24:26.866	TEL,124,S4,365017726,2001,44543,0,433,2928                     
2026-10-06T20:24:26.866	TEL,125,S4,365027726,2001,44543,0,430,2928                     
2026-10-06T20:24:26.866	TEL,126,S4,365037726,2001,44543,0,428,2927                     
2026-10-06T20:24:26.866	TEL,127,S4,365047726,2001,44543,0,433,2927                     
2026-10-06T20:24:26.866	TEL,128,S4,365057726,2001,44543,0,433,2927                     
2026-10-06T20:24:26.866	TEL,129,S4,365067726,2001,44543,0,430,2927                     
2026-10-06T20:24:26.866	TEL,130,S4,365077726,2001,44543,0,433,2928                     
2026-10-06T20:24:26.866	TEL,131,S4,365087726,2001,44543,0,436,2928                     
2026-10-06T20:24:26.866	TEL,132,S4,365097726,2001,44543,0,436,2930                     
2026-10-06T20:24:26.866	TEL,133,S4,365107726,2001,44543,0,436,2930                     
2026-10-06T20:24:26.866	TEL,134,S4,365117726,2001,44543,0,436,2928                     
2026-10-06T20:24:26.866	TEL,135,S4,365127726,2001,44543,0,433,2928                     
2026-10-06T20:24:26.866	TEL,136,S4,365137726,2001,44543,0,430,2927                     
2026-10-06T20:24:26.866	TEL,137,S4,365147726,2001,44543,0,430,2927                     
2026-10-06T20:24:26.866	TEL,138,S4,365157726,2001,44543,0,425,2921                     
2026-10-06T20:24:26.866	TEL,139,S4,365167726,2001,44543,0,425,2921                     
2026-10-06T20:24:26.866	TEL,140,S4,365177726,2001,44543,0,430,2927                     
2026-10-06T20:24:26.866	TEL,141,S4,365187726,2001,44543,0,430,2927                     
2026-10-06T20:24:26.866	TEL,142,S4,365197726,2001,44543,0,433,2928                     
2026-10-06T20:24:26.866	TEL,143,S4,365207726,2001,44543,0,433,2928                     
2026-10-06T20:24:26.866	TEL,144,S4,365217726,2001,44543,0,433,2928                     
2026-10-06T20:24:26.866	TEL,145,S4,365227726,2001,44543,0,433,2928                     
2026-10-06T20:24:26.866	TEL,146,S4,365237726,2001,44543,0,433,2928                     
2026-10-06T20:24:26.866	TEL,147,S4,365247726,2001,44543,0,442,2928                     
2026-10-06T20:24:26.866	TEL,148,S4,365257726,2001,44543,0,442,2928                     
2026-10-06T20:24:26.866	TEL,149,S4,365267726,2001,44543,0,433,2928                     
2026-10-06T20:24:26.866	TEL,150,S4,365277726,2001,44543,0,439,2935                     
2026-10-06T20:24:26.866	TEL,151,S4,365287726,2001,44543,0,433,2935                     
2026-10-06T20:24:26.866	TEL,152,S4,365297726,2001,44543,0,430,2932                     
2026-10-06T20:24:26.866	TEL,153,S4,365307726,2001,44543,0,430,2932                     
2026-10-06T20:24:26.866	TEL,154,S4,365317726,2001,44543,0,428,2928                     
2026-10-06T20:24:26.866	TEL,155,S4,365327726,2001,44543,0,433,2928                     
2026-10-06T20:24:26.866	TEL,156,S4,365337726,2001,44543,0,430,2927                     
2026-10-06T20:24:26.866	TEL,157,S4,365347726,2001,44543,0,445,2927                     
2026-10-06T20:24:26.866	TEL,158,S4,365357726,2001,44543,0,445,2928                     
2026-10-06T20:24:26.866	TEL,159,S4,365367726,2001,44543,0,433,2928                     
2026-10-06T20:24:26.866	TEL,160,S4,365377726,2001,44543,0,433,2928                     
2026-10-06T20:24:26.866	TEL,161,S4,365387726,2001,44543,0,436,2928                     
2026-10-06T20:24:26.866	TEL,162,S4,365397726,2001,44543,0,436,2927                     
2026-10-06T20:24:26.866	TEL,163,S4,365407726,2001,44543,0,428,2927                     
2026-10-06T20:24:26.866	TEL,164,S4,365417726,2001,44543,0,428,2925                     
2026-10-06T20:24:26.866	TEL,165,S4,365427726,2001,44543,0,428,2925                     
2026-10-06T20:24:26.866	TEL,166,S4,365437726,2001,44543,0,428,2925                     
2026-10-06T20:24:26.866	TEL,167,S4,365447726,2001,44543,0,428,2925                     
2026-10-06T20:24:26.866	TEL,168,S4,365457726,2001,44543,0,433,2928                     
2026-10-06T20:24:26.866	TEL,169,S4,365467726,2001,44543,0,428,2928                     
2026-10-06T20:24:26.866	TEL,170,S4,365477726,2001,44543,0,428,2928                     
2026-10-06T20:24:26.866	TEL,171,S4,365487726,2001,44543,0,430,2928                     
2026-10-06T20:24:26.866	TEL,172,S4,365497726,2001,44543,0,430,2928                     
2026-10-06T20:24:26.866	TEL,173,S4,365507726,2001,44543,0,433,2928                     
2026-10-06T20:24:26.866	TEL,174,S4,365517726,2001,44543,0,433,2928                     
2026-10-06T20:24:26.866	TEL,175,S4,365527726,2001,44543,0,433,2928                     
2026-10-06T20:24:26.866	TEL,176,S4,365537726,2001,44543,0,433,2928                     
2026-10-06T20:24:26.866	TEL,177,S4,365547726,2001,44543,0,436,2928                     
2026-10-06T20:24:26.866	TEL,178,S4,365557726,2001,44543,0,436,2928                     
2026-10-06T20:24:26.866	TEL,179,S4,365567726,2001,44543,0,428,2928                     
2026-10-06T20:24:26.866	TEL,180,S4,365577726,2001,44543,0,428,2928                     
2026-10-06T20:24:26.866	TEL,181,S4,365587726,2001,44543,0,436,2928                     
2026-10-06T20:24:26.866	TEL,182,S4,365597726,2001,44543,0,433,2925                     
2026-10-06T20:24:26.866	TEL,183,S4,365607726,2001,44543,0,430,2925                     
2026-10-06T20:24:26.866	TEL,184,S4,365617726,2001,44543,0,436,2928                     
2026-10-06T20:24:26.866	TEL,185,S4,365627726,2001,44543,0,433,2928                     
2026-10-06T20:24:27.486	TEL,186,S4,365637726,2001,44543,0,433,2928                     
2026-10-06T20:24:27.486	TEL,187,S4,365647726,2001,44543,0,433,2928                     
2026-10-06T20:24:27.486	TEL,188,S4,365657726,2001,44543,0,433,2928                     
2026-10-06T20:24:27.486	TEL,189,S4,365667726,2001,44543,0,433,2928                     
2026-10-06T20:24:27.486	TEL,190,S4,365677726,2001,44543,0,433,2928                     
2026-10-06T20:24:27.486	TEL,191,S4,365687726,2001,44543,0,433,2928                     
2026-10-06T20:24:27.486	TEL,192,S4,365697726,2001,44543,0,433,2928                     
2026-10-06T20:24:27.486	TEL,193,S4,365707726,2001,44543,0,433,2928                     
2026-10-06T20:24:27.486	TEL,194,S4,365717726,2001,44543,0,433,2928                     
2026-10-06T20:24:27.486	TEL,195,S4,365727726,2001,44543,0,433,2928                     
2026-10-06T20:24:27.486	TEL,196,S4,365737726,2001,44543,0,433,2928                     
2026-10-06T20:24:27.486	TEL,197,S4,365747726,2001,44543,0,433,2928                     
2026-10-06T20:24:27.486	TEL,198,S4,365757726,2001,44543,0,433,2928                     
2026-10-06T20:24:27.486	TEL,199,S4,365767726,2001,44543,0,433,2928                     
2026-10-06T20:24:27.486	TEL,200,S4,365777726,2001,44543,0,430,2927                     
2026-10-06T20:24:27.486	TEL,201,S4,365787726,2001,44543,0,433,2927                     
2026-10-06T20:24:27.486	TEL,202,S4,365797726,2001,44543,0,436,2930                     
2026-10-06T20:24:27.486	TEL,203,S4,365807726,2001,44543,0,433,2930                     
2026-10-06T20:24:27.486	TEL,204,S4,365817726,2001,44543,0,433,2928                     
2026-10-06T20:24:27.486	TEL,205,S4,365827726,2001,44543,0,428,2928                     
2026-10-06T20:24:27.486	TEL,206,S4,365837726,2001,44543,0,425,2927                     
2026-10-06T20:24:27.486	TEL,207,S4,365847726,2001,44543,0,430,2927                     
2026-10-06T20:24:27.486	TEL,208,S4,365857726,2001,44543,0,433,2928                     
2026-10-06T20:24:27.486	TEL,209,S4,365867726,2001,44543,0,430,2928                     
2026-10-06T20:24:27.486	TEL,210,S4,365877726,2001,44543,0,430,2928                     
2026-10-06T20:24:27.486	TEL,211,S4,365887726,2001,44543,0,428,2928                     
2026-10-06T20:24:27.486	TEL,212,S4,365897726,2001,44543,0,428,2928                     
2026-10-06T20:24:27.486	TEL,213,S4,365907726,2001,44543,0,433,2928                     
2026-10-06T20:24:27.486	TEL,214,S4,365917726,2001,44543,0,433,2930                     
2026-10-06T20:24:27.486	TEL,215,S4,365927726,2001,44543,0,433,2930                     
2026-10-06T20:24:27.486	TEL,216,S4,365937726,2001,44543,0,430,2927                     
2026-10-06T20:24:27.486	TEL,217,S4,365947726,2001,44543,0,433,2927                     
2026-10-06T20:24:27.486	TEL,218,S4,365957726,2001,44543,0,430,2925                     
2026-10-06T20:24:27.486	TEL,219,S4,365967726,2001,44543,0,428,2925                     
2026-10-06T20:24:27.486	TEL,220,S4,365977726,2001,44543,0,428,2925                     
2026-10-06T20:24:27.486	TEL,221,S4,365987726,2001,44543,0,428,2925                     
2026-10-06T20:24:27.486	TEL,222,S4,365997726,2001,44543,0,433,2928                     
2026-10-06T20:24:27.486	TEL,223,S4,366007726,2001,44543,0,433,2928                     
2026-10-06T20:24:27.487	TEL,224,S4,366017726,2001,44543,0,430,2927                     
2026-10-06T20:24:27.487	TEL,225,S4,366027726,2001,44543,0,430,2927                     
2026-10-06T20:24:27.487	TEL,226,S4,366037726,2001,44543,0,433,2928                     
2026-10-06T20:24:27.487	TEL,227,S4,366047726,2001,44543,0,430,2928                     
2026-10-06T20:24:27.487	TEL,228,S4,366057726,2001,44543,0,430,2928                     
2026-10-06T20:24:27.487	TEL,229,S4,366067726,2001,44543,0,433,2928                     
2026-10-06T20:24:27.487	TEL,230,S4,366077726,2001,44543,0,433,2928                     
2026-10-06T20:24:27.487	TEL,231,S4,366087726,2001,44543,0,433,2928                     
2026-10-06T20:24:27.487	TEL,232,S4,366097726,2001,44543,0,433,2928                     
2026-10-06T20:24:27.487	TEL,233,S4,366107726,2001,44543,0,433,2928                     
2026-10-06T20:24:27.487	TEL,234,S4,366117726,2001,44543,0,433,2928                     
2026-10-06T20:24:27.487	TEL,235,S4,366127726,2001,44543,0,433,2928                     
2026-10-06T20:24:27.487	TEL,236,S4,366137726,2001,44543,0,433,2928                     
2026-10-06T20:24:27.487	TEL,237,S4,366147726,2001,44543,0,433,2928                     
2026-10-06T20:24:27.487	TEL,238,S4,366157726,2001,44543,0,433,2928                     
2026-10-06T20:24:27.487	TEL,239,S4,366167726,2001,44543,0,433,2928                     
2026-10-06T20:24:27.487	TEL,240,S4,366177726,2001,44543,0,433,2928                     
2026-10-06T20:24:27.487	TEL,241,S4,366187726,2001,44543,0,428,2928                     
2026-10-06T20:24:27.487	TEL,242,S4,366197726,2001,44543,0,428,2928                     
2026-10-06T20:24:27.487	TEL,243,S4,366207726,2001,44543,0,433,2928                     
2026-10-06T20:24:27.487	TEL,244,S4,366217726,2001,44543,0,433,2928                     
2026-10-06T20:24:27.487	TEL,245,S4,366227726,2001,44543,0,436,2928                     
2026-10-06T20:24:27.487	TEL,246,S4,366237726,2001,44543,0,436,2928                     
2026-10-06T20:24:27.487	TEL,247,S4,366247726,2001,44543,0,433,2928                     
2026-10-06T20:24:28.104	TEL,248,S4,366257726,2001,44543,0,430,2927                     
2026-10-06T20:24:28.104	TEL,249,S4,366267726,2001,44543,0,430,2927                     
2026-10-06T20:24:28.104	TEL,250,S4,366277726,2001,44543,0,433,2928                     
2026-10-06T20:24:28.104	TEL,251,S4,366287726,2001,44543,0,433,2928                     
2026-10-06T20:24:28.104	TEL,252,S4,366297726,2001,44543,0,433,2928                     
2026-10-06T20:24:28.104	TEL,253,S4,366307726,2001,44543,0,436,2928                     
2026-10-06T20:24:28.104	TEL,254,S4,366317726,2001,44543,0,436,2928                     
2026-10-06T20:24:28.104	TEL,255,S4,366327726,2001,44543,0,436,2928                     
2026-10-06T20:24:28.104	TEL,256,S4,366337726,2001,44543,0,436,2928                     
2026-10-06T20:24:28.104	TEL,257,S4,366347726,2001,44543,0,433,2928                     
2026-10-06T20:24:28.104	TEL,258,S4,366357726,2001,44543,0,430,2927                     
2026-10-06T20:24:28.104	TEL,259,S4,366367726,2001,44543,0,422,2927                     
2026-10-06T20:24:28.104	TEL,260,S4,366377726,2001,44543,0,425,2928                     
2026-10-06T20:24:28.104	TEL,261,S4,366387726,2001,44543,0,436,2928                     
2026-10-06T20:24:28.104	TEL,262,S4,366397726,2001,44543,0,436,2928                     
2026-10-06T20:24:28.104	TEL,263,S4,366407726,2001,44543,0,433,2928                     
2026-10-06T20:24:28.104	TEL,264,S4,366417726,2001,44543,0,430,2927                     
2026-10-06T20:24:28.104	TEL,265,S4,366427726,2001,44543,0,428,2927                     
2026-10-06T20:24:28.104	TEL,266,S4,366437726,2001,44543,0,430,2928                     
2026-10-06T20:24:28.104	TEL,267,S4,366447726,2001,44543,0,413,2928                     
2026-10-06T20:24:28.104	TEL,268,S4,366457726,2001,44543,0,413,2927                     
2026-10-06T20:24:28.104	TEL,269,S4,366467726,2001,44543,0,428,2927                     
2026-10-06T20:24:28.104	TEL,270,S4,366477726,2001,44543,0,428,2927                     
2026-10-06T20:24:28.104	TEL,271,S4,366487726,2001,44543,0,430,2927                     
2026-10-06T20:24:28.104	TEL,272,S4,366497726,2001,44543,0,428,2925                     
2026-10-06T20:24:28.104	TEL,273,S4,366507726,2001,44543,0,428,2925                     
2026-10-06T20:24:28.104	TEL,274,S4,366517726,2001,44543,0,433,2928                     
2026-10-06T20:24:28.104	TEL,275,S4,366527726,2001,44543,0,436,2928                     
2026-10-06T20:24:28.104	TEL,276,S4,366537726,2001,44543,0,436,2928                     
2026-10-06T20:24:28.104	TEL,277,S4,366547726,2001,44543,0,430,2928                     
2026-10-06T20:24:28.104	TEL,278,S4,366557726,2001,44543,0,430,2928                     
2026-10-06T20:24:28.104	TEL,279,S4,366567726,2001,44543,0,433,2928                     
2026-10-06T20:24:28.104	TEL,280,S4,366577726,2001,44543,0,433,2928                     
2026-10-06T20:24:28.104	TEL,281,S4,366587726,2001,44543,0,433,2928                     
2026-10-06T20:24:28.104	TEL,282,S4,366597726,2001,44543,0,433,2928                     
2026-10-06T20:24:28.104	TEL,283,S4,366607726,2001,44543,0,428,2928                     
2026-10-06T20:24:28.104	TEL,284,S4,366617726,2001,44543,0,428,2930                     
2026-10-06T20:24:28.104	TEL,285,S4,366627726,2001,44543,0,430,2930                     
2026-10-06T20:24:28.104	TEL,286,S4,366637726,2001,44543,0,430,2930                     
2026-10-06T20:24:28.104	TEL,287,S4,366647726,2001,44543,0,428,2930                     
2026-10-06T20:24:28.104	TEL,288,S4,366657726,2001,44543,0,425,2928                     
2026-10-06T20:24:28.104	TEL,289,S4,366667726,2001,44543,0,436,2928                     
2026-10-06T20:24:28.104	TEL,290,S4,366677726,2001,44543,0,436,2928                     
2026-10-06T20:24:28.104	TEL,291,S4,366687726,2001,44543,0,433,2928                     
2026-10-06T20:24:28.104	TEL,292,S4,366697726,2001,44543,0,433,2928                     
2026-10-06T20:24:28.104	TEL,293,S4,366707726,2001,44543,0,433,2928                     
2026-10-06T20:24:28.104	TEL,294,S4,366717726,2001,44543,0,433,2930                     
2026-10-06T20:24:28.104	TEL,295,S4,366727726,2001,44543,0,425,2930                     
2026-10-06T20:24:28.104	TEL,296,S4,366737726,2001,44543,0,422,2928                     
2026-10-06T20:24:28.104	TEL,297,S4,366747726,2001,44543,0,433,2928                     
2026-10-06T20:24:28.104	TEL,298,S4,366757726,2001,44543,0,433,2928                     
2026-10-06T20:24:28.104	TEL,299,S4,366767726,2001,44543,0,436,2928                     
2026-10-06T20:24:28.104	TEL,300,S4,366777726,2001,44543,0,436,2930                     
2026-10-06T20:24:28.104	TEL,301,S4,366787726,2001,44543,0,433,2930                     
2026-10-06T20:24:28.104	TEL,302,S4,366797726,2001,44543,0,433,2928                     
2026-10-06T20:24:28.104	TEL,303,S4,366807726,2001,44543,0,428,2928                     
2026-10-06T20:24:28.104	TEL,304,S4,366817726,2001,44543,0,428,2928                     
2026-10-06T20:24:28.104	TEL,305,S4,366827726,2001,44543,0,433,2928                     
2026-10-06T20:24:28.104	TEL,306,S4,366837726,2001,44543,0,433,2928                     
2026-10-06T20:24:28.104	TEL,307,S4,366847726,2001,44543,0,433,2928                     
2026-10-06T20:24:28.104	TEL,308,S4,366857726,2001,44543,0,433,2928                     
2026-10-06T20:24:28.104	TEL,309,S4,366867726,2001,44543,0,433,2928                     
2026-10-06T20:24:28.725	TEL,310,S4,366877726,2001,44543,0,433,2930                     
2026-10-06T20:24:28.725	TEL,311,S4,366887726,2001,44543,0,428,2930                     
2026-10-06T20:24:28.725	TEL,312,S4,366897726,2001,44543,0,428,2928                     
2026-10-06T20:24:28.725	TEL,313,S4,366907726,2001,44543,0,428,2928                     
2026-10-06T20:24:28.725	TEL,314,S4,366917726,2001,44543,0,428,2928                     
2026-10-06T20:24:28.725	TEL,315,S4,366927726,2001,44543,0,433,2928                     
2026-10-06T20:24:28.725	TEL,316,S4,366937726,2001,44543,0,433,2928                     
2026-10-06T20:24:28.725	TEL,317,S4,366947726,2001,44543,0,436,2928                     
2026-10-06T20:24:28.725	TEL,318,S4,366957726,2001,44543,0,436,2928                     
2026-10-06T20:24:28.725	TEL,319,S4,366967726,2001,44543,0,436,2928                     
2026-10-06T20:24:28.725	TEL,320,S4,366977726,2001,44543,0,436,2930                     
2026-10-06T20:24:28.725	TEL,321,S4,366987726,2001,44543,0,433,2930                     
2026-10-06T20:24:28.725	TEL,322,S4,366997726,2001,44543,0,433,2930                     
2026-10-06T20:24:28.725	TEL,323,S4,367007726,2001,44543,0,433,2930                     
2026-10-06T20:24:28.725	TEL,324,S4,367017726,2001,44543,0,430,2927                     
2026-10-06T20:24:28.725	TEL,325,S4,367027726,2001,44543,0,430,2927                     
2026-10-06T20:24:28.725	TEL,326,S4,367037726,2001,44543,0,433,2928                     
2026-10-06T20:24:28.725	TEL,327,S4,367047726,2001,44543,0,433,2928                     
2026-10-06T20:24:28.725	TEL,328,S4,367057726,2001,44543,0,428,2925                     
2026-10-06T20:24:28.725	TEL,329,S4,367067726,2001,44543,0,428,2925                     
2026-10-06T20:24:28.725	TEL,330,S4,367077726,2001,44543,0,433,2928                     
2026-10-06T20:24:28.725	TEL,331,S4,367087726,2001,44543,0,425,2928                     
2026-10-06T20:24:28.725	TEL,332,S4,367097726,2001,44543,0,425,2928                     
2026-10-06T20:24:28.725	TEL,333,S4,367107726,2001,44543,0,428,2928                     
2026-10-06T20:24:28.725	TEL,334,S4,367117726,2001,44543,0,428,2930                     
2026-10-06T20:24:28.725	TEL,335,S4,367127726,2001,44543,0,433,2930                     
2026-10-06T20:24:28.725	TEL,336,S4,367137726,2001,44543,0,433,2928                     
2026-10-06T20:24:28.725	TEL,337,S4,367147726,2001,44543,0,433,2928                     
2026-10-06T20:24:28.725	TEL,338,S4,367157726,2001,44543,0,433,2928                     
2026-10-06T20:24:28.725	TEL,339,S4,367167726,2001,44543,0,433,2928                     
2026-10-06T20:24:28.725	TEL,340,S4,367177726,2001,44543,0,433,2928                     
2026-10-06T20:24:28.725	TEL,341,S4,367187726,2001,44543,0,433,2928                     
2026-10-06T20:24:28.725	TEL,342,S4,367197726,2001,44543,0,433,2928                     
2026-10-06T20:24:28.725	TEL,343,S4,367207726,2001,44543,0,433,2928                     
2026-10-06T20:24:28.725	TEL,344,S4,367217726,2001,44543,0,433,2928                     
2026-10-06T20:24:28.725	TEL,345,S4,367227726,2001,44543,0,433,2928                     
2026-10-06T20:24:28.725	TEL,346,S4,367237726,2001,44543,0,433,2928                     
2026-10-06T20:24:28.725	TEL,347,S4,367247726,2001,44543,0,436,2928                     
2026-10-06T20:24:28.725	TEL,348,S4,367257726,2001,44543,0,436,2928                     
2026-10-06T20:24:28.725	TEL,349,S4,367267726,2001,44543,0,433,2928                     
2026-10-06T20:24:28.725	TEL,350,S4,367277726,2001,44543,0,428,2925                     
2026-10-06T20:24:28.725	TEL,351,S4,367287726,2001,44543,0,428,2925                     
2026-10-06T20:24:28.726	TEL,352,S4,367297726,2001,44543,0,428,2927                     
2026-10-06T20:24:28.726	TEL,353,S4,367307726,2001,44543,0,430,2927                     
2026-10-06T20:24:28.726	TEL,354,S4,367317726,2001,44543,0,433,2930                     
2026-10-06T20:24:28.726	TEL,355,S4,367327726,2001,44543,0,436,2930                     
2026-10-06T20:24:28.726	TEL,356,S4,367337726,2001,44543,0,433,2927                     
2026-10-06T20:24:28.726	TEL,357,S4,367347726,2001,44543,0,430,2927                     
2026-10-06T20:24:28.726	TEL,358,S4,367357726,2001,44543,0,433,2928                     
2026-10-06T20:24:28.726	TEL,359,S4,367367726,2001,44543,0,428,2928                     
2026-10-06T20:24:28.726	TEL,360,S4,367377726,2001,44543,0,425,2927                     
2026-10-06T20:24:28.726	TEL,361,S4,367387726,2001,44543,0,430,2927                     
2026-10-06T20:24:28.726	TEL,362,S4,367397726,2001,44543,0,430,2927                     
2026-10-06T20:24:28.726	TEL,363,S4,367407726,2001,44543,0,425,2927                     
2026-10-06T20:24:28.726	TEL,364,S4,367417726,2001,44543,0,425,2927                     
2026-10-06T20:24:28.726	TEL,365,S4,367427726,2001,44543,0,428,2927                     
2026-10-06T20:24:28.726	TEL,366,S4,367437726,2001,44543,0,430,2928                     
2026-10-06T20:24:28.726	TEL,367,S4,367447726,2001,44543,0,433,2928                     
2026-10-06T20:24:28.726	TEL,368,S4,367457726,2001,44543,0,430,2927                     
2026-10-06T20:24:28.726	TEL,369,S4,367467726,2001,44543,0,422,2927                     
2026-10-06T20:24:28.726	TEL,370,S4,367477726,2001,44543,0,422,2927                     
2026-10-06T20:24:28.726	TEL,371,S4,367487726,2001,44543,0,430,2927                     
2026-10-06T20:24:29.344	TEL,372,S4,367497726,2001,44543,0,430,2927                     
2026-10-06T20:24:29.344	TEL,373,S4,367507726,2001,44543,0,430,2927                     
2026-10-06T20:24:29.344	TEL,374,S4,367517726,2001,44543,0,433,2928                     
2026-10-06T20:24:29.344	TEL,375,S4,367527726,2001,44543,0,433,2928                     
2026-10-06T20:24:29.344	TEL,376,S4,367537726,2001,44543,0,425,2921                     
2026-10-06T20:24:29.344	TEL,377,S4,367547726,2001,44543,0,422,2921                     
2026-10-06T20:24:29.344	TEL,378,S4,367557726,2001,44543,0,430,2928                     
2026-10-06T20:24:29.344	TEL,379,S4,367567726,2001,44543,0,439,2928                     
2026-10-06T20:24:29.344	TEL,380,S4,367577726,2001,44543,0,439,2928                     
2026-10-06T20:24:29.344	TEL,381,S4,367587726,2001,44543,0,428,2928                     
2026-10-06T20:24:29.344	TEL,382,S4,367597726,2001,44543,0,428,2928                     
2026-10-06T20:24:29.344	TEL,383,S4,367607726,2001,44543,0,425,2928                     
2026-10-06T20:24:29.344	TEL,384,S4,367617726,2001,44543,0,425,2928                     
2026-10-06T20:24:29.344	TEL,385,S4,367627726,2001,44543,0,433,2928                     
2026-10-06T20:24:29.344	TEL,386,S4,367637726,2001,44543,0,430,2927                     
2026-10-06T20:24:29.344	TEL,387,S4,367647726,2001,44543,0,433,2927                     
2026-10-06T20:24:29.344	TEL,388,S4,367657726,2001,44543,0,436,2928                     
2026-10-06T20:24:29.344	TEL,389,S4,367667726,2001,44543,0,436,2928                     
2026-10-06T20:24:29.344	TEL,390,S4,367677726,2001,44543,0,436,2928                     
2026-10-06T20:24:29.344	TEL,391,S4,367687726,2001,44543,0,433,2928                     
2026-10-06T20:24:29.344	TEL,392,S4,367697726,2001,44543,0,433,2928                     
2026-10-06T20:24:29.344	TEL,393,S4,367707726,2001,44543,0,433,2928                     
2026-10-06T20:24:29.344	TEL,394,S4,367717726,2001,44543,0,433,2928                     
2026-10-06T20:24:29.344	TEL,395,S4,367727726,2001,44543,0,433,2928                     
2026-10-06T20:24:29.344	TEL,396,S4,367737726,2001,44543,0,433,2928                     
2026-10-06T20:24:29.344	TEL,397,S4,367747726,2001,44543,0,419,2928                     
2026-10-06T20:24:29.344	TEL,398,S4,367757726,2001,44543,0,419,2927                     
2026-10-06T20:24:29.344	TEL,399,S4,367767726,2001,44543,0,430,2927                     
2026-10-06T20:24:29.344	TEL,400,S4,367777726,2001,44543,0,430,2927                     
2026-10-06T20:24:29.344	TEL,401,S4,367787726,2001,44543,0,428,2927                     
2026-10-06T20:24:29.344	TEL,402,S4,367797726,2001,44543,0,433,2933                     
2026-10-06T20:24:29.344	TEL,403,S4,367807726,2001,44543,0,436,2933                     
2026-10-06T20:24:29.344	TEL,404,S4,367817726,2001,44543,0,430,2927                     
2026-10-06T20:24:29.344	TEL,405,S4,367827726,2001,44543,0,430,2927                     
2026-10-06T20:24:29.344	TEL,406,S4,367837726,2001,44543,0,433,2928                     
2026-10-06T20:24:29.344	TEL,407,S4,367847726,2001,44543,0,436,2928                     
2026-10-06T20:24:29.344	TEL,408,S4,367857726,2001,44543,0,436,2928                     
2026-10-06T20:24:29.344	TEL,409,S4,367867726,2001,44543,0,430,2928                     
2026-10-06T20:24:29.344	TEL,410,S4,367877726,2001,44543,0,428,2927                     
2026-10-06T20:24:29.344	TEL,411,S4,367887726,2001,44543,0,430,2927                     
2026-10-06T20:24:29.344	TEL,412,S4,367897726,2001,44543,0,430,2927                     
2026-10-06T20:24:29.344	TEL,413,S4,367907726,2001,44543,0,430,2927                     
2026-10-06T20:24:29.344	TEL,414,S4,367917726,2001,44543,0,433,2928                     
2026-10-06T20:24:29.344	TEL,415,S4,367927726,2001,44543,0,428,2928                     
2026-10-06T20:24:29.344	TEL,416,S4,367937726,2001,44543,0,428,2928                     
2026-10-06T20:24:29.344	TEL,417,S4,367947726,2001,44543,0,428,2928                     
2026-10-06T20:24:29.344	TEL,418,S4,367957726,2001,44543,0,428,2928                     
2026-10-06T20:24:29.344	TEL,419,S4,367967726,2001,44543,0,433,2928                     
2026-10-06T20:24:29.344	TEL,420,S4,367977726,2001,44543,0,433,2928                     
2026-10-06T20:24:29.344	TEL,421,S4,367987726,2001,44543,0,439,2928                     
2026-10-06T20:24:29.344	TEL,422,S4,367997726,2001,44543,0,439,2927                     
2026-10-06T20:24:29.344	TEL,423,S4,368007726,2001,44543,0,430,2927                     
2026-10-06T20:24:29.344	TEL,424,S4,368017726,2001,44543,0,433,2928                     
2026-10-06T20:24:29.344	TEL,425,S4,368027726,2001,44543,0,442,2928                     
2026-10-06T20:24:29.344	TEL,426,S4,368037726,2001,44543,0,442,2928                     
2026-10-06T20:24:29.344	TEL,427,S4,368047726,2001,44543,0,428,2928                     
2026-10-06T20:24:29.344	TEL,428,S4,368057726,2001,44543,0,425,2927                     
2026-10-06T20:24:29.344	TEL,429,S4,368067726,2001,44543,0,425,2927                     
2026-10-06T20:24:29.344	TEL,430,S4,368077726,2001,44543,0,428,2928                     
2026-10-06T20:24:29.344	TEL,431,S4,368087726,2001,44543,0,430,2928                     
2026-10-06T20:24:29.344	TEL,432,S4,368097726,2001,44543,0,430,2928                     
2026-10-06T20:24:29.344	TEL,433,S4,368107726,2001,44543,0,433,2928                     
2026-10-06T20:24:29.965	TEL,434,S4,368117726,2001,44543,0,430,2927                     
2026-10-06T20:24:29.965	TEL,435,S4,368127726,2001,44543,0,428,2927                     
2026-10-06T20:24:29.965	TEL,436,S4,368137726,2001,44543,0,430,2928                     
2026-10-06T20:24:29.965	TEL,437,S4,368147726,2001,44543,0,433,2928                     
2026-10-06T20:24:29.965	TEL,438,S4,368157726,2001,44543,0,433,2928                     
2026-10-06T20:24:29.965	TEL,439,S4,368167726,2001,44543,0,433,2928                     
2026-10-06T20:24:29.965	TEL,440,S4,368177726,2001,44543,0,433,2928                     
2026-10-06T20:24:29.965	TEL,441,S4,368187726,2001,44543,0,433,2928                     
2026-10-06T20:24:29.965	TEL,442,S4,368197726,2001,44543,0,430,2927                     
2026-10-06T20:24:29.965	TEL,443,S4,368207726,2001,44543,0,430,2927                     
2026-10-06T20:24:29.965	TEL,444,S4,368217726,2001,44543,0,430,2927                     
2026-10-06T20:24:29.965	TEL,445,S4,368227726,2001,44543,0,425,2927                     
2026-10-06T20:24:29.966	TEL,446,S4,368237726,2001,44543,0,425,2925                     
2026-10-06T20:24:29.966	TEL,447,S4,368247726,2001,44543,0,428,2925                     
2026-10-06T20:24:29.966	TEL,448,S4,368257726,2001,44543,0,428,2927                     
2026-10-06T20:24:29.966	TEL,449,S4,368267726,2001,44543,0,430,2927                     
2026-10-06T20:24:29.966	TEL,450,S4,368277726,2001,44543,0,430,2927                     
2026-10-06T20:24:29.966	TEL,451,S4,368287726,2001,44543,0,430,2927                     
2026-10-06T20:24:29.966	TEL,452,S4,368297726,2001,44543,0,433,2928                     
2026-10-06T20:24:29.966	TEL,453,S4,368307726,2001,44543,0,433,2928                     
2026-10-06T20:24:29.966	TEL,454,S4,368317726,2001,44543,0,433,2928                     
2026-10-06T20:24:29.966	TEL,455,S4,368327726,2001,44543,0,430,2928                     
2026-10-06T20:24:29.966	TEL,456,S4,368337726,2001,44543,0,430,2928                     
2026-10-06T20:24:29.966	TEL,457,S4,368347726,2001,44543,0,433,2928                     
2026-10-06T20:24:29.966	TEL,458,S4,368357726,2001,44543,0,430,2927                     
2026-10-06T20:24:29.966	TEL,459,S4,368367726,2001,44543,0,425,2927                     
2026-10-06T20:24:29.966	TEL,460,S4,368377726,2001,44543,0,428,2928                     
2026-10-06T20:24:29.966	TEL,461,S4,368387726,2001,44543,0,428,2928                     
2026-10-06T20:24:29.966	TEL,462,S4,368397726,2001,44543,0,425,2927                     
2026-10-06T20:24:29.966	TEL,463,S4,368407726,2001,44543,0,425,2927                     
2026-10-06T20:24:29.966	TEL,464,S4,368417726,2001,44543,0,428,2928                     
2026-10-06T20:24:29.966	TEL,465,S4,368427726,2001,44543,0,433,2928                     
2026-10-06T20:24:29.966	TEL,466,S4,368437726,2001,44543,0,428,2925                     
2026-10-06T20:24:29.966	TEL,467,S4,368447726,2001,44543,0,428,2925                     
2026-10-06T20:24:29.966	TEL,468,S4,368457726,2001,44543,0,428,2923                     
2026-10-06T20:24:29.966	TEL,469,S4,368467726,2001,44543,0,422,2923                     
2026-10-06T20:24:29.966	TEL,470,S4,368477726,2001,44543,0,428,2928                     
2026-10-06T20:24:29.966	TEL,471,S4,368487726,2001,44543,0,428,2928                     
2026-10-06T20:24:29.966	TEL,472,S4,368497726,2001,44543,0,428,2928                     
2026-10-06T20:24:29.966	TEL,473,S4,368507726,2001,44543,0,433,2928                     
2026-10-06T20:24:29.966	TEL,474,S4,368517726,2001,44543,0,433,2928                     
2026-10-06T20:24:29.966	TEL,475,S4,368527726,2001,44543,0,436,2928                     
2026-10-06T20:24:29.966	TEL,476,S4,368537726,2001,44543,0,436,2928                     
2026-10-06T20:24:29.966	TEL,477,S4,368547726,2001,44543,0,433,2928                     
2026-10-06T20:24:29.966	TEL,478,S4,368557726,2001,44543,0,428,2925                     
2026-10-06T20:24:29.966	TEL,479,S4,368567726,2001,44543,0,428,2925                     
2026-10-06T20:24:29.966	TEL,480,S4,368577726,2001,44543,0,433,2930                     
2026-10-06T20:24:29.966	TEL,481,S4,368587726,2001,44543,0,439,2930                     
2026-10-06T20:24:29.966	TEL,482,S4,368597726,2001,44543,0,436,2928                     
2026-10-06T20:24:29.966	TEL,483,S4,368607726,2001,44543,0,430,2928                     
2026-10-06T20:24:29.966	TEL,484,S4,368617726,2001,44543,0,430,2928                     
2026-10-06T20:24:29.966	TEL,485,S4,368627726,2001,44543,0,428,2928                     
2026-10-06T20:24:29.966	TEL,486,S4,368637726,2001,44543,0,425,2927                     
2026-10-06T20:24:29.966	TEL,487,S4,368647726,2001,44543,0,430,2927                     
2026-10-06T20:24:29.966	TEL,488,S4,368657726,2001,44543,0,439,2935                     
2026-10-06T20:24:29.966	TEL,489,S4,368667726,2001,44543,0,439,2935                     
2026-10-06T20:24:29.966	TEL,490,S4,368677726,2001,44543,0,430,2927                     
2026-10-06T20:24:29.966	TEL,491,S4,368687726,2001,44543,0,430,2927                     
2026-10-06T20:24:29.966	TEL,492,S4,368697726,2001,44543,0,433,2928                     
2026-10-06T20:24:29.966	TEL,493,S4,368707726,2001,44543,0,433,2928                     
2026-10-06T20:24:29.966	TEL,494,S4,368717726,2001,44543,0,430,2927                     
2026-10-06T20:24:29.966	TEL,495,S4,368727726,2001,44543,0,428,2927                     
2026-10-06T20:24:30.575	TEL,496,S4,368737726,2001,44543,0,430,2930                     
2026-10-06T20:24:30.575	TEL,497,S4,368747726,2001,44543,0,433,2930                     
2026-10-06T20:24:30.575	TEL,498,S4,368757726,2001,44543,0,433,2928                     
2026-10-06T20:24:30.575	TEL,499,S4,368767726,2001,44543,0,430,2928                     
2026-10-06T20:24:30.575	TEL,500,S4,368777726,2001,44543,0,436,2935                     
2026-10-06T20:24:30.575	TEL,501,S4,368787726,2001,44543,0,439,2935                     
2026-10-06T20:24:30.575	TEL,502,S4,368797726,2001,44543,0,428,2925                     
2026-10-06T20:24:30.575	TEL,503,S4,368807726,2001,44543,0,428,2925                     
2026-10-06T20:24:30.575	TEL,504,S4,368817726,2001,44543,0,430,2928                     
2026-10-06T20:24:30.575	TEL,505,S4,368827726,2001,44543,0,433,2928                     
2026-10-06T20:24:30.575	TEL,506,S4,368837726,2001,44543,0,430,2927                     
2026-10-06T20:24:30.575	TEL,507,S4,368847726,2001,44543,0,425,2927                     
2026-10-06T20:24:30.575	TEL,508,S4,368857726,2001,44543,0,428,2928                     
2026-10-06T20:24:30.575	TEL,509,S4,368867726,2001,44543,0,430,2928                     
2026-10-06T20:24:30.575	TEL,510,S4,368877726,2001,44543,0,430,2928                     
2026-10-06T20:24:30.575	TEL,511,S4,368887726,2001,44543,0,433,2928                     
2026-10-06T20:24:30.575	TEL,512,S4,368897726,2001,44543,0,433,2928                     
2026-10-06T20:24:30.575	TEL,513,S4,368907726,2001,44543,0,433,2928                     
2026-10-06T20:24:30.575	TEL,514,S4,368917726,2001,44543,0,433,2928                     
2026-10-06T20:24:30.576	TEL,515,S4,368927726,2001,44543,0,433,2928                     
2026-10-06T20:24:30.576	TEL,516,S4,368937726,2001,44543,0,430,2927                     
2026-10-06T20:24:30.576	TEL,517,S4,368947726,2001,44543,0,428,2927                     
2026-10-06T20:24:30.576	TEL,518,S4,368957726,2001,44543,0,430,2928                     
2026-10-06T20:24:30.576	TEL,519,S4,368967726,2001,44543,0,430,2928                     
2026-10-06T20:24:30.576	TEL,520,S4,368977726,2001,44543,0,428,2927                     
2026-10-06T20:24:30.576	TEL,521,S4,368987726,2001,44543,0,413,2927                     
2026-10-06T20:24:30.576	TEL,522,S4,368997726,2001,44543,0,413,2928                     
2026-10-06T20:24:30.576	TEL,523,S4,369007726,2001,44543,0,433,2928                     
2026-10-06T20:24:30.576	TEL,524,S4,369017726,2001,44543,0,428,2925                     
2026-10-06T20:24:30.576	TEL,525,S4,369027726,2001,44543,0,425,2925                     
2026-10-06T20:24:30.576	TEL,526,S4,369037726,2001,44543,0,428,2928                     
2026-10-06T20:24:30.576	TEL,527,S4,369047726,2001,44543,0,433,2928                     
2026-10-06T20:24:30.576	TEL,528,S4,369057726,2001,44543,0,439,2935                     
2026-10-06T20:24:30.576	TEL,529,S4,369067726,2001,44543,0,439,2935                     
2026-10-06T20:24:30.576	TEL,530,S4,369077726,2001,44543,0,433,2928                     
2026-10-06T20:24:30.576	TEL,531,S4,369087732,2007,44543,0,428,2928                     
2026-10-06T20:24:30.576	BTN,1,S4,PRESSED,369085892,369087753                           
2026-10-06T20:24:30.576	TEL,532,S4,369097728,2003,44543,0,430,2932                     
2026-10-06T20:24:30.576	TEL,533,S4,369107726,2001,44543,0,425,2932                     
2026-10-06T20:24:30.576	TEL,534,S4,369117726,2001,44543,0,422,2928                     
2026-10-06T20:24:30.576	TEL,535,S4,369127726,2001,44543,0,433,2928                     
2026-10-06T20:24:30.576	TEL,536,S4,369137726,2001,44543,0,433,2928                     
2026-10-06T20:24:30.576	TEL,537,S4,369147726,2001,44543,0,416,2928                     
2026-10-06T20:24:30.576	TEL,538,S4,369157726,2001,44543,0,416,2928                     
2026-10-06T20:24:30.576	TEL,539,S4,369167726,2001,44543,0,433,2928                     
2026-10-06T20:24:30.576	TEL,540,S4,369177726,2001,44543,0,433,2928                     
2026-10-06T20:24:30.576	TEL,541,S4,369187726,2001,44543,0,436,2928                     
2026-10-06T20:24:30.576	TEL,542,S4,369197726,2001,44543,0,439,2933                     
2026-10-06T20:24:30.576	TEL,543,S4,369207726,2001,44543,0,433,2933                     
2026-10-06T20:24:30.576	TEL,544,S4,369217726,2001,44543,0,425,2927                     
2026-10-06T20:24:30.576	TEL,545,S4,369227726,2001,44543,0,430,2927                     
2026-10-06T20:24:30.576	TEL,546,S4,369237726,2001,44543,0,430,2927                     
2026-10-06T20:24:30.576	TEL,547,S4,369247726,2001,44543,0,428,2927                     
2026-10-06T20:24:30.576	TEL,548,S4,369257726,2001,44543,0,428,2925                     
2026-10-06T20:24:30.576	TEL,549,S4,369267726,2001,44543,0,425,2925                     
2026-10-06T20:24:30.576	TEL,550,S4,369277726,2001,44543,0,425,2927                     
2026-10-06T20:24:30.576	TEL,551,S4,369287726,2001,44543,0,428,2927                     
2026-10-06T20:24:30.576	TEL,552,S4,369297726,2001,44543,0,430,2928                     
2026-10-06T20:24:30.576	TEL,553,S4,369307726,2001,44543,0,433,2928                     
2026-10-06T20:24:30.576	TEL,554,S4,369317726,2001,44543,0,433,2928                     
2026-10-06T20:24:30.576	TEL,555,S4,369327726,2001,44543,0,430,2928                     
2026-10-06T20:24:30.576	TEL,556,S4,369337726,2001,44543,0,428,2927                     
2026-10-06T20:24:31.181	TEL,557,S4,369347726,2001,44543,0,428,2927                     
2026-10-06T20:24:31.181	TEL,558,S4,369357726,2001,44543,0,428,2927                     
2026-10-06T20:24:31.181	TEL,559,S4,369367726,2001,44543,0,425,2927                     
2026-10-06T20:24:31.181	TEL,560,S4,369377726,2001,44543,0,428,2928                     
2026-10-06T20:24:31.181	TEL,561,S4,369387726,2001,44543,0,433,2928                     
2026-10-06T20:24:31.181	TEL,562,S4,369397726,2001,44543,0,428,2925                     
2026-10-06T20:24:31.181	TEL,563,S4,369407726,2001,44543,0,428,2925                     
2026-10-06T20:24:31.181	TEL,564,S4,369417726,2001,44543,0,430,2927                     
2026-10-06T20:24:31.181	TEL,565,S4,369427726,2001,44543,0,430,2927                     
2026-10-06T20:24:31.181	TEL,566,S4,369437726,2001,44543,0,433,2928                     
2026-10-06T20:24:31.181	TEL,567,S4,369447726,2001,44543,0,433,2928                     
2026-10-06T20:24:31.181	TEL,568,S4,369457726,2001,44543,0,433,2928                     
2026-10-06T20:24:31.181	TEL,569,S4,369467726,2001,44543,0,436,2928                     
2026-10-06T20:24:31.181	TEL,570,S4,369477726,2001,44543,0,433,2927                     
2026-10-06T20:24:31.181	TEL,571,S4,369487726,2001,44543,0,430,2927                     
2026-10-06T20:24:31.181	TEL,572,S4,369497726,2001,44543,0,430,2927                     
2026-10-06T20:24:31.181	TEL,573,S4,369507726,2001,44543,0,430,2927                     
2026-10-06T20:24:31.181	TEL,574,S4,369517726,2001,44543,0,430,2927                     
2026-10-06T20:24:31.181	TEL,575,S4,369527726,2001,44543,0,430,2927                     
2026-10-06T20:24:31.181	TEL,576,S4,369537726,2001,44543,0,433,2928                     
2026-10-06T20:24:31.181	TEL,577,S4,369547726,2001,44543,0,428,2928                     
2026-10-06T20:24:31.181	TEL,578,S4,369557726,2001,44543,0,428,2928                     
2026-10-06T20:24:31.181	TEL,579,S4,369567726,2001,44543,0,425,2928                     
2026-10-06T20:24:31.181	TEL,580,S4,369577726,2001,44543,0,422,2925                     
2026-10-06T20:24:31.181	TEL,581,S4,369587726,2001,44543,0,425,2925                     
2026-10-06T20:24:31.181	TEL,582,S4,369597726,2001,44543,0,425,2925                     
2026-10-06T20:24:31.181	TEL,583,S4,369607726,2001,44543,0,425,2925                     
2026-10-06T20:24:31.181	TEL,584,S4,369617726,2001,44543,0,428,2928                     
2026-10-06T20:24:31.181	TEL,585,S4,369627726,2001,44543,0,433,2928                     
2026-10-06T20:24:31.181	TEL,586,S4,369637726,2001,44543,0,428,2925                     
2026-10-06T20:24:31.181	TEL,587,S4,369647726,2001,44543,0,428,2925                     
2026-10-06T20:24:31.181	TEL,588,S4,369657726,2001,44543,0,430,2928                     
2026-10-06T20:24:31.181	TEL,589,S4,369667726,2001,44543,0,436,2928                     
2026-10-06T20:24:31.181	TEL,590,S4,369677726,2001,44543,0,436,2928                     
2026-10-06T20:24:31.181	TEL,591,S4,369687726,2001,44543,0,428,2928                     
2026-10-06T20:24:31.181	TEL,592,S4,369697726,2001,44543,0,428,2928                     
2026-10-06T20:24:31.181	TEL,593,S4,369707726,2001,44543,0,433,2928                     
2026-10-06T20:24:31.181	TEL,594,S4,369717726,2001,44543,0,433,2928                     
2026-10-06T20:24:31.181	TEL,595,S4,369727726,2001,44543,0,413,2928                     
2026-10-06T20:24:31.181	TEL,596,S4,369737726,2001,44543,0,413,2928                     
2026-10-06T20:24:31.181	TEL,597,S4,369747726,2001,44543,0,430,2928                     
2026-10-06T20:24:31.181	TEL,598,S4,369757726,2001,44543,0,430,2928                     
2026-10-06T20:24:31.181	TEL,599,S4,369767726,2001,44543,0,433,2928                     
2026-10-06T20:24:31.181	TEL,600,S4,369777726,2001,44543,0,430,2927                     
2026-10-06T20:24:31.181	TEL,601,S4,369787732,2007,44543,0,425,2927                     
2026-10-06T20:24:31.181	BTN,2,S4,PRESSED,369785897,369787753                           
2026-10-06T20:24:31.181	TEL,602,S4,369797728,2003,44543,0,430,2932                     
2026-10-06T20:24:31.181	TEL,603,S4,369807726,2001,44543,0,425,2932                     
2026-10-06T20:24:31.181	TEL,604,S4,369817726,2001,44543,0,422,2927                     
2026-10-06T20:24:31.181	TEL,605,S4,369827726,2001,44543,0,430,2927                     
2026-10-06T20:24:31.181	TEL,606,S4,369837726,2001,44543,0,433,2928                     
2026-10-06T20:24:31.181	TEL,607,S4,369847726,2001,44543,0,433,2928                     
2026-10-06T20:24:31.181	TEL,608,S4,369857726,2001,44543,0,436,2933                     
2026-10-06T20:24:31.181	TEL,609,S4,369867726,2001,44543,0,436,2933                     
2026-10-06T20:24:31.181	TEL,610,S4,369877726,2001,44543,0,433,2928                     
2026-10-06T20:24:31.181	TEL,611,S4,369887726,2001,44543,0,433,2928                     
2026-10-06T20:24:31.181	TEL,612,S4,369897726,2001,44543,0,433,2928                     
2026-10-06T20:24:31.181	TEL,613,S4,369907726,2001,44543,0,428,2928                     
2026-10-06T20:24:31.181	TEL,614,S4,369917726,2001,44543,0,433,2933                     
2026-10-06T20:24:31.181	TEL,615,S4,369927726,2001,44543,0,419,2933                     
2026-10-06T20:24:31.181	TEL,616,S4,369937726,2001,44543,0,416,2930                     
2026-10-06T20:24:31.181	TEL,617,S4,369947726,2001,44543,0,425,2930                     
2026-10-06T20:24:31.793	TEL,618,S4,369957726,2001,44543,0,422,2927                     
2026-10-06T20:24:31.793	TEL,619,S4,369967726,2001,44543,0,425,2927                     
2026-10-06T20:24:31.793	TEL,620,S4,369977726,2001,44543,0,425,2925                     
2026-10-06T20:24:31.793	TEL,621,S4,369987726,2001,44543,0,428,2925                     
2026-10-06T20:24:31.793	TEL,622,S4,369997726,2001,44543,0,428,2925                     
2026-10-06T20:24:31.793	TEL,623,S4,370007726,2001,44543,0,428,2925                     
2026-10-06T20:24:31.793	TEL,624,S4,370017726,2001,44543,0,433,2928                     
2026-10-06T20:24:31.793	TEL,625,S4,370027726,2001,44543,0,433,2928                     
2026-10-06T20:24:31.793	TEL,626,S4,370037726,2001,44543,0,433,2928                     
2026-10-06T20:24:31.793	TEL,627,S4,370047726,2001,44543,0,430,2928                     
2026-10-06T20:24:31.793	TEL,628,S4,370057726,2001,44543,0,428,2927                     
2026-10-06T20:24:31.793	TEL,629,S4,370067726,2001,44543,0,430,2927                     
2026-10-06T20:24:31.793	TEL,630,S4,370077726,2001,44543,0,433,2928                     
2026-10-06T20:24:31.793	TEL,631,S4,370087726,2001,44543,0,433,2928                     
2026-10-06T20:24:31.793	TEL,632,S4,370097726,2001,44543,0,433,2928                     
2026-10-06T20:24:31.793	TEL,633,S4,370107726,2001,44543,0,416,2928                     
2026-10-06T20:24:31.793	TEL,634,S4,370117726,2001,44543,0,416,2928                     
2026-10-06T20:24:31.793	TEL,635,S4,370127726,2001,44543,0,433,2928                     
2026-10-06T20:24:31.793	TEL,636,S4,370137726,2001,44543,0,433,2928                     
2026-10-06T20:24:31.793	TEL,637,S4,370147726,2001,44543,0,436,2928                     
2026-10-06T20:24:31.793	TEL,638,S4,370157726,2001,44543,0,436,2928                     
2026-10-06T20:24:31.793	TEL,639,S4,370167726,2001,44543,0,433,2928                     
2026-10-06T20:24:31.793	TEL,640,S4,370177726,2001,44543,0,433,2928                     
2026-10-06T20:24:31.793	TEL,641,S4,370187726,2001,44543,0,433,2928                     
2026-10-06T20:24:31.793	TEL,642,S4,370197726,2001,44543,0,433,2928                     
2026-10-06T20:24:31.793	TEL,643,S4,370207726,2001,44543,0,433,2928                     
2026-10-06T20:24:31.793	TEL,644,S4,370217726,2001,44543,0,439,2935                     
2026-10-06T20:24:31.793	TEL,645,S4,370227726,2001,44543,0,433,2935                     
2026-10-06T20:24:31.793	TEL,646,S4,370237726,2001,44543,0,428,2928                     
2026-10-06T20:24:31.793	TEL,647,S4,370247726,2001,44543,0,433,2928                     
2026-10-06T20:24:31.793	TEL,648,S4,370257726,2001,44543,0,433,2928                     
2026-10-06T20:24:31.793	TEL,649,S4,370267726,2001,44543,0,433,2928                     
2026-10-06T20:24:31.793	TEL,650,S4,370277726,2001,44543,0,433,2928                     
2026-10-06T20:24:31.793	TEL,651,S4,370287726,2001,44543,0,433,2928                     
2026-10-06T20:24:31.793	TEL,652,S4,370297726,2001,44543,0,433,2928                     
2026-10-06T20:24:31.793	TEL,653,S4,370307726,2001,44543,0,428,2928                     
2026-10-06T20:24:31.793	TEL,654,S4,370317726,2001,44543,0,425,2927                     
2026-10-06T20:24:31.793	TEL,655,S4,370327726,2001,44543,0,430,2927                     
2026-10-06T20:24:31.793	TEL,656,S4,370337726,2001,44543,0,433,2930                     
2026-10-06T20:24:31.793	TEL,657,S4,370347726,2001,44543,0,430,2930                     
2026-10-06T20:24:31.793	TEL,658,S4,370357726,2001,44543,0,430,2928                     
2026-10-06T20:24:31.793	TEL,659,S4,370367726,2001,44543,0,433,2928                     
2026-10-06T20:24:31.793	TEL,660,S4,370377726,2001,44543,0,430,2927                     
2026-10-06T20:24:31.793	TEL,661,S4,370387726,2001,44543,0,430,2927                     
2026-10-06T20:24:31.793	TEL,662,S4,370397726,2001,44543,0,428,2925                     
2026-10-06T20:24:31.793	TEL,663,S4,370407726,2001,44543,0,422,2925                     
2026-10-06T20:24:31.793	BTN,3,S4,PRESSED,370413902,370413910                           
2026-10-06T20:24:31.793	TEL,664,S4,370417728,2003,44543,0,425,2928                     
2026-10-06T20:24:31.793	TEL,665,S4,370427727,2002,44543,0,422,2928                     
2026-10-06T20:24:31.793	TEL,666,S4,370437726,2001,44543,0,422,2928                     
2026-10-06T20:24:31.793	TEL,667,S4,370447726,2001,44543,0,433,2928                     
2026-10-06T20:24:31.793	TEL,668,S4,370457726,2001,44543,0,433,2928                     
2026-10-06T20:24:31.793	TEL,669,S4,370467726,2001,44543,0,433,2928                     
2026-10-06T20:24:31.793	TEL,670,S4,370477726,2001,44543,0,430,2927                     
2026-10-06T20:24:31.793	TEL,671,S4,370487726,2001,44543,0,430,2927                     
2026-10-06T20:24:31.793	TEL,672,S4,370497726,2001,44543,0,430,2927                     
2026-10-06T20:24:31.793	TEL,673,S4,370507726,2001,44543,0,425,2927                     
2026-10-06T20:24:31.793	TEL,674,S4,370517726,2001,44543,0,428,2928                     
2026-10-06T20:24:31.793	TEL,675,S4,370527726,2001,44543,0,428,2928                     
2026-10-06T20:24:31.793	TEL,676,S4,370537726,2001,44543,0,428,2930                     
2026-10-06T20:24:31.793	TEL,677,S4,370547726,2001,44543,0,433,2930                     
2026-10-06T20:24:31.793	TEL,678,S4,370557726,2001,44543,0,428,2925                     
2026-10-06T20:24:32.405	TEL,679,S4,370567726,2001,44543,0,425,2925                     
2026-10-06T20:24:32.405	TEL,680,S4,370577726,2001,44543,0,425,2925                     
2026-10-06T20:24:32.405	TEL,681,S4,370587726,2001,44543,0,430,2925                     
2026-10-06T20:24:32.405	TEL,682,S4,370597726,2001,44543,0,433,2927                     
2026-10-06T20:24:32.405	TEL,683,S4,370607726,2001,44543,0,422,2927                     
2026-10-06T20:24:32.405	TEL,684,S4,370617726,2001,44543,0,425,2928                     
2026-10-06T20:24:32.405	TEL,685,S4,370627726,2001,44543,0,425,2928                     
2026-10-06T20:24:32.405	TEL,686,S4,370637726,2001,44543,0,428,2930                     
2026-10-06T20:24:32.405	TEL,687,S4,370647726,2001,44543,0,433,2930                     
2026-10-06T20:24:32.405	TEL,688,S4,370657726,2001,44543,0,430,2927                     
2026-10-06T20:24:32.405	TEL,689,S4,370667726,2001,44543,0,430,2927                     
2026-10-06T20:24:32.405	TEL,690,S4,370677726,2001,44543,0,428,2925                     
2026-10-06T20:24:32.405	TEL,691,S4,370687726,2001,44543,0,428,2925                     
2026-10-06T20:24:32.405	TEL,692,S4,370697726,2001,44543,0,433,2928                     
2026-10-06T20:24:32.405	TEL,693,S4,370707726,2001,44543,0,428,2928                     
2026-10-06T20:24:32.405	TEL,694,S4,370717726,2001,44543,0,428,2928                     
2026-10-06T20:24:32.405	TEL,695,S4,370727726,2001,44543,0,428,2928                     
2026-10-06T20:24:32.405	TEL,696,S4,370737726,2001,44543,0,428,2928                     
2026-10-06T20:24:32.405	TEL,697,S4,370747726,2001,44543,0,428,2928                     
2026-10-06T20:24:32.405	TEL,698,S4,370757726,2001,44543,0,428,2928                     
2026-10-06T20:24:32.405	TEL,699,S4,370767726,2001,44543,0,428,2928                     
2026-10-06T20:24:32.405	TEL,700,S4,370777726,2001,44543,0,425,2927                     
2026-10-06T20:24:32.405	TEL,701,S4,370787726,2001,44543,0,430,2927                     
2026-10-06T20:24:32.405	TEL,702,S4,370797726,2001,44543,0,433,2928                     
2026-10-06T20:24:32.405	TEL,703,S4,370807726,2001,44543,0,433,2928                     
2026-10-06T20:24:32.406	TEL,704,S4,370817726,2001,44543,0,430,2927                     
2026-10-06T20:24:32.406	TEL,705,S4,370827726,2001,44543,0,422,2927                     
2026-10-06T20:24:32.406	TEL,706,S4,370837726,2001,44543,0,422,2927                     
2026-10-06T20:24:32.406	TEL,707,S4,370847726,2001,44543,0,430,2927                     
2026-10-06T20:24:32.406	TEL,708,S4,370857726,2001,44543,0,433,2928                     
2026-10-06T20:24:32.406	TEL,709,S4,370867726,2001,44543,0,416,2928                     
2026-10-06T20:24:32.406	TEL,710,S4,370877726,2001,44543,0,416,2928                     
2026-10-06T20:24:32.406	TEL,711,S4,370887726,2001,44543,0,416,2928                     
2026-10-06T20:24:32.406	TEL,712,S4,370897726,2001,44543,0,416,2928                     
2026-10-06T20:24:32.406	TEL,713,S4,370907726,2001,44543,0,425,2928                     
2026-10-06T20:24:32.406	TEL,714,S4,370917726,2001,44543,0,425,2928                     
2026-10-06T20:24:32.406	TEL,715,S4,370927726,2001,44543,0,428,2928                     
2026-10-06T20:24:32.406	TEL,716,S4,370937726,2001,44543,0,433,2935                     
2026-10-06T20:24:32.406	TEL,717,S4,370947726,2001,44543,0,439,2935                     
2026-10-06T20:24:32.406	TEL,718,S4,370957726,2001,44543,0,425,2921                     
2026-10-06T20:24:32.406	TEL,719,S4,370967726,2001,44543,0,430,2921                     
2026-10-06T20:24:32.406	TEL,720,S4,370977726,2001,44543,0,436,2928                     
2026-10-06T20:24:32.406	TEL,721,S4,370987726,2001,44543,0,433,2928                     
2026-10-06T20:24:32.406	TEL,722,S4,370997726,2001,44543,0,433,2928                     
2026-10-06T20:24:32.406	TEL,723,S4,371007726,2001,44543,0,433,2928                     
2026-10-06T20:24:32.406	TEL,724,S4,371017726,2001,44543,0,433,2928                     
2026-10-06T20:24:32.406	TEL,725,S4,371027726,2001,44543,0,433,2928                     
2026-10-06T20:24:32.406	TEL,726,S4,371037726,2001,44543,0,433,2930                     
2026-10-06T20:24:32.406	TEL,727,S4,371047726,2001,44543,0,433,2930                     
2026-10-06T20:24:32.406	TEL,728,S4,371057726,2001,44543,0,433,2928                     
2026-10-06T20:24:32.406	TEL,729,S4,371067726,2001,44543,0,428,2928                     
2026-10-06T20:24:32.406	TEL,730,S4,371077726,2001,44543,0,428,2928                     
2026-10-06T20:24:32.406	TEL,731,S4,371087726,2001,44543,0,433,2928                     
2026-10-06T20:24:32.406	TEL,732,S4,371097726,2001,44543,0,433,2928                     
2026-10-06T20:24:32.406	TEL,733,S4,371107726,2001,44543,0,428,2928                     
2026-10-06T20:24:32.406	TEL,734,S4,371117726,2001,44543,0,428,2928                     
2026-10-06T20:24:32.406	TEL,735,S4,371127726,2001,44543,0,433,2928                     
2026-10-06T20:24:32.406	TEL,736,S4,371137726,2001,44543,0,425,2921                     
2026-10-06T20:24:32.406	TEL,737,S4,371147726,2001,44543,0,407,2921                     
2026-10-06T20:24:32.406	TEL,738,S4,371157726,2001,44543,0,413,2928                     
2026-10-06T20:24:32.406	BTN,4,S4,PRESSED,371161908,371161915                           
2026-10-06T20:24:32.406	TEL,739,S4,371167728,2003,44543,0,430,2928                     
2026-10-06T20:24:33.016	TEL,740,S4,371177726,2001,44543,0,433,2933                     
2026-10-06T20:24:33.016	TEL,741,S4,371187726,2001,44543,0,416,2933                     
2026-10-06T20:24:33.016	TEL,742,S4,371197726,2001,44543,0,413,2928                     
2026-10-06T20:24:33.016	TEL,743,S4,371207726,2001,44543,0,433,2928                     
2026-10-06T20:24:33.016	TEL,744,S4,371217726,2001,44543,0,433,2928                     
2026-10-06T20:24:33.016	TEL,745,S4,371227726,2001,44543,0,436,2928                     
2026-10-06T20:24:33.016	TEL,746,S4,371237726,2001,44543,0,433,2927                     
2026-10-06T20:24:33.016	TEL,747,S4,371247726,2001,44543,0,430,2927                     
2026-10-06T20:24:33.016	TEL,748,S4,371257726,2001,44543,0,433,2928                     
2026-10-06T20:24:33.016	TEL,749,S4,371267726,2001,44543,0,428,2928                     
2026-10-06T20:24:33.016	TEL,750,S4,371277726,2001,44543,0,425,2925                     
2026-10-06T20:24:33.016	TEL,751,S4,371287726,2001,44543,0,428,2925                     
2026-10-06T20:24:33.016	TEL,752,S4,371297726,2001,44543,0,430,2927                     
2026-10-06T20:24:33.016	TEL,753,S4,371307726,2001,44543,0,430,2927                     
2026-10-06T20:24:33.016	TEL,754,S4,371317726,2001,44543,0,433,2928                     
2026-10-06T20:24:33.016	TEL,755,S4,371327726,2001,44543,0,425,2928                     
2026-10-06T20:24:33.016	TEL,756,S4,371337726,2001,44543,0,428,2930                     
2026-10-06T20:24:33.016	TEL,757,S4,371347726,2001,44543,0,433,2930                     
2026-10-06T20:24:33.016	TEL,758,S4,371357726,2001,44543,0,433,2928                     
2026-10-06T20:24:33.016	TEL,759,S4,371367726,2001,44543,0,433,2928                     
2026-10-06T20:24:33.016	TEL,760,S4,371377726,2001,44543,0,433,2928                     
2026-10-06T20:24:33.016	TEL,761,S4,371387726,2001,44543,0,439,2928                     
2026-10-06T20:24:33.016	TEL,762,S4,371397726,2001,44543,0,439,2928                     
2026-10-06T20:24:33.016	TEL,763,S4,371407726,2001,44543,0,433,2928                     
2026-10-06T20:24:33.016	TEL,764,S4,371417726,2001,44543,0,433,2928                     
2026-10-06T20:24:33.016	TEL,765,S4,371427726,2001,44543,0,433,2928                     
2026-10-06T20:24:33.016	TEL,766,S4,371437726,2001,44543,0,433,2928                     
2026-10-06T20:24:33.016	TEL,767,S4,371447726,2001,44543,0,433,2928                     
2026-10-06T20:24:33.016	TEL,768,S4,371457726,2001,44543,0,436,2933                     
2026-10-06T20:24:33.016	TEL,769,S4,371467726,2001,44543,0,436,2933                     
2026-10-06T20:24:33.016	TEL,770,S4,371477726,2001,44543,0,430,2927                     
2026-10-06T20:24:33.016	TEL,771,S4,371487726,2001,44543,0,430,2927                     
2026-10-06T20:24:33.016	TEL,772,S4,371497726,2001,44543,0,433,2928                     
2026-10-06T20:24:33.016	TEL,773,S4,371507726,2001,44543,0,430,2928                     
2026-10-06T20:24:33.016	TEL,774,S4,371517726,2001,44543,0,430,2928                     
2026-10-06T20:24:33.016	TEL,775,S4,371527726,2001,44543,0,433,2928                     
2026-10-06T20:24:33.016	TEL,776,S4,371537726,2001,44543,0,433,2928                     
2026-10-06T20:24:33.016	TEL,777,S4,371547726,2001,44543,0,433,2928                     
2026-10-06T20:24:33.016	TEL,778,S4,371557726,2001,44543,0,433,2928                     
2026-10-06T20:24:33.016	TEL,779,S4,371567726,2001,44543,0,430,2928                     
2026-10-06T20:24:33.016	TEL,780,S4,371577726,2001,44543,0,430,2928                     
2026-10-06T20:24:33.016	TEL,781,S4,371587726,2001,44543,0,433,2928                     
2026-10-06T20:24:33.016	TEL,782,S4,371597726,2001,44543,0,433,2928                     
2026-10-06T20:24:33.016	TEL,783,S4,371607726,2001,44543,0,428,2928                     
2026-10-06T20:24:33.016	TEL,784,S4,371617726,2001,44543,0,428,2928                     
2026-10-06T20:24:33.016	TEL,785,S4,371627726,2001,44543,0,430,2928                     
2026-10-06T20:24:33.016	TEL,786,S4,371637726,2001,44543,0,428,2927                     
2026-10-06T20:24:33.016	TEL,787,S4,371647726,2001,44543,0,422,2927                     
2026-10-06T20:24:33.016	TEL,788,S4,371657726,2001,44543,0,425,2928                     
2026-10-06T20:24:33.016	TEL,789,S4,371667726,2001,44543,0,413,2928                     
2026-10-06T20:24:33.016	TEL,790,S4,371677726,2001,44543,0,413,2928                     
2026-10-06T20:24:33.016	TEL,791,S4,371687726,2001,44543,0,433,2928                     
2026-10-06T20:24:33.016	TEL,792,S4,371697726,2001,44543,0,430,2927                     
2026-10-06T20:24:33.016	TEL,793,S4,371707726,2001,44543,0,436,2927                     
2026-10-06T20:24:33.016	TEL,794,S4,371717726,2001,44543,0,436,2928                     
2026-10-06T20:24:33.016	TEL,795,S4,371727726,2001,44543,0,433,2928                     
2026-10-06T20:24:33.016	TEL,796,S4,371737726,2001,44543,0,433,2928                     
2026-10-06T20:24:33.016	TEL,797,S4,371747726,2001,44543,0,430,2928                     
2026-10-06T20:24:33.016	TEL,798,S4,371757726,2001,44543,0,430,2928                     
2026-10-06T20:24:33.016	TEL,799,S4,371767726,2001,44543,0,433,2928                     
2026-10-06T20:24:33.016	TEL,800,S4,371777726,2001,44543,0,430,2927                     
2026-10-06T20:24:33.016	BTN,5,S4,PRESSED,371782913,371782921                           
2026-10-06T20:24:33.635	TEL,801,S4,371787728,2003,44543,0,425,2927                     
2026-10-06T20:24:33.635	TEL,802,S4,371797726,2001,44543,0,433,2933                     
2026-10-06T20:24:33.635	TEL,803,S4,371807726,2001,44543,0,436,2933                     
2026-10-06T20:24:33.635	TEL,804,S4,371817726,2001,44543,0,430,2927                     
2026-10-06T20:24:33.635	TEL,805,S4,371827726,2001,44543,0,430,2927                     
2026-10-06T20:24:33.635	TEL,806,S4,371837726,2001,44543,0,433,2928                     
2026-10-06T20:24:33.635	TEL,807,S4,371847726,2001,44543,0,433,2928                     
2026-10-06T20:24:33.635	TEL,808,S4,371857726,2001,44543,0,433,2928                     
2026-10-06T20:24:33.635	TEL,809,S4,371867726,2001,44543,0,433,2928                     
2026-10-06T20:24:33.635	TEL,810,S4,371877726,2001,44543,0,433,2928                     
2026-10-06T20:24:33.635	TEL,811,S4,371887726,2001,44543,0,430,2928                     
2026-10-06T20:24:33.635	TEL,812,S4,371897726,2001,44543,0,430,2928                     
2026-10-06T20:24:33.635	TEL,813,S4,371907726,2001,44543,0,436,2928                     
2026-10-06T20:24:33.635	TEL,814,S4,371917726,2001,44543,0,436,2928                     
2026-10-06T20:24:33.635	TEL,815,S4,371927726,2001,44543,0,430,2928                     
2026-10-06T20:24:33.635	TEL,816,S4,371937726,2001,44543,0,428,2927                     
2026-10-06T20:24:33.635	TEL,817,S4,371947726,2001,44543,0,428,2927                     
2026-10-06T20:24:33.635	TEL,818,S4,371957726,2001,44543,0,428,2927                     
2026-10-06T20:24:33.635	TEL,819,S4,371967726,2001,44543,0,425,2927                     
2026-10-06T20:24:33.635	TEL,820,S4,371977726,2001,44543,0,428,2928                     
2026-10-06T20:24:33.635	TEL,821,S4,371987726,2001,44543,0,428,2928                     
2026-10-06T20:24:33.635	TEL,822,S4,371997726,2001,44543,0,425,2925                     
2026-10-06T20:24:33.635	TEL,823,S4,372007726,2001,44543,0,425,2925                     
2026-10-06T20:24:33.635	TEL,824,S4,372017726,2001,44543,0,428,2928                     
2026-10-06T20:24:33.635	TEL,825,S4,372027726,2001,44543,0,428,2928                     
2026-10-06T20:24:33.635	TEL,826,S4,372037726,2001,44543,0,428,2928                     
2026-10-06T20:24:33.635	TEL,827,S4,372047726,2001,44543,0,433,2928                     
2026-10-06T20:24:33.635	TEL,828,S4,372057726,2001,44543,0,430,2927                     
2026-10-06T20:24:33.635	TEL,829,S4,372067726,2001,44543,0,430,2927                     
2026-10-06T20:24:33.635	TEL,830,S4,372077726,2001,44543,0,433,2928                     
2026-10-06T20:24:33.635	TEL,831,S4,372087726,2001,44543,0,425,2928                     
2026-10-06T20:24:33.635	TEL,832,S4,372097726,2001,44543,0,422,2927                     
2026-10-06T20:24:33.635	TEL,833,S4,372107726,2001,44543,0,430,2927                     
2026-10-06T20:24:33.635	TEL,834,S4,372117726,2001,44543,0,433,2928                     
2026-10-06T20:24:33.635	TEL,835,S4,372127726,2001,44543,0,413,2928                     
2026-10-06T20:24:33.635	TEL,836,S4,372137726,2001,44543,0,410,2925                     
2026-10-06T20:24:33.635	TEL,837,S4,372147726,2001,44543,0,428,2925                     
2026-10-06T20:24:33.635	TEL,838,S4,372157726,2001,44543,0,433,2928                     
2026-10-06T20:24:33.635	TEL,839,S4,372167726,2001,44543,0,428,2928                     
2026-10-06T20:24:33.635	TEL,840,S4,372177726,2001,44543,0,428,2928                     
2026-10-06T20:24:33.635	TEL,841,S4,372187726,2001,44543,0,433,2928                     
2026-10-06T20:24:33.635	TEL,842,S4,372197726,2001,44543,0,430,2927                     
2026-10-06T20:24:33.635	TEL,843,S4,372207726,2001,44543,0,428,2927                     
2026-10-06T20:24:33.635	TEL,844,S4,372217726,2001,44543,0,428,2927                     
2026-10-06T20:24:33.635	TEL,845,S4,372227726,2001,44543,0,430,2927                     
2026-10-06T20:24:33.635	TEL,846,S4,372237726,2001,44543,0,433,2928                     
2026-10-06T20:24:33.635	TEL,847,S4,372247726,2001,44543,0,433,2928                     
2026-10-06T20:24:33.635	TEL,848,S4,372257726,2001,44543,0,433,2928                     
2026-10-06T20:24:33.635	TEL,849,S4,372267726,2001,44543,0,433,2928                     
2026-10-06T20:24:33.635	TEL,850,S4,372277726,2001,44543,0,433,2928                     
2026-10-06T20:24:33.635	TEL,851,S4,372287726,2001,44543,0,430,2928                     
2026-10-06T20:24:33.635	TEL,852,S4,372297726,2001,44543,0,430,2928                     
2026-10-06T20:24:33.635	TEL,853,S4,372307726,2001,44543,0,433,2928                     
2026-10-06T20:24:33.635	TEL,854,S4,372317726,2001,44543,0,433,2928                     
2026-10-06T20:24:33.635	TEL,855,S4,372327726,2001,44543,0,433,2928                     
2026-10-06T20:24:33.635	TEL,856,S4,372337726,2001,44543,0,433,2928                     
2026-10-06T20:24:33.635	TEL,857,S4,372347726,2001,44543,0,422,2928                     
2026-10-06T20:24:33.635	TEL,858,S4,372357726,2001,44543,0,428,2935                     
2026-10-06T20:24:33.635	TEL,859,S4,372367726,2001,44543,0,439,2935                     
2026-10-06T20:24:33.635	TEL,860,S4,372377726,2001,44543,0,433,2928                     
2026-10-06T20:24:33.635	TEL,861,S4,372387726,2001,44543,0,428,2928                     
2026-10-06T20:24:33.635	TEL,862,S4,372397726,2001,44543,0,428,2928                     
2026-10-06T20:24:34.245	TEL,863,S4,372407726,2001,44543,0,428,2928                     
2026-10-06T20:24:34.245	TEL,864,S4,372417726,2001,44543,0,428,2928                     
2026-10-06T20:24:34.245	TEL,865,S4,372427726,2001,44543,0,430,2928                     
2026-10-06T20:24:34.245	TEL,866,S4,372437726,2001,44543,0,430,2928                     
2026-10-06T20:24:34.245	TEL,867,S4,372447726,2001,44543,0,430,2928                     
2026-10-06T20:24:34.245	TEL,868,S4,372457726,2001,44543,0,428,2925                     
2026-10-06T20:24:34.245	TEL,869,S4,372467726,2001,44543,0,428,2925                     
2026-10-06T20:24:34.245	TEL,870,S4,372477726,2001,44543,0,430,2928                     
2026-10-06T20:24:34.245	TEL,871,S4,372487726,2001,44543,0,428,2928                     
2026-10-06T20:24:34.245	TEL,872,S4,372497726,2001,44543,0,428,2928                     
2026-10-06T20:24:34.245	TEL,873,S4,372507726,2001,44543,0,428,2928                     
2026-10-06T20:24:34.245	TEL,874,S4,372517726,2001,44543,0,428,2928                     
2026-10-06T20:24:34.245	TEL,875,S4,372527726,2001,44543,0,433,2928                     
2026-10-06T20:24:34.245	BTN,6,S4,PRESSED,372532919,372532926                           
2026-10-06T20:24:34.245	TEL,876,S4,372537728,2003,44543,0,430,2927                     
2026-10-06T20:24:34.245	TEL,877,S4,372547726,2001,44543,0,422,2927                     
2026-10-06T20:24:34.245	TEL,878,S4,372557726,2001,44543,0,422,2928                     
2026-10-06T20:24:34.245	TEL,879,S4,372567726,2001,44543,0,425,2928                     
2026-10-06T20:24:34.245	TEL,880,S4,372577726,2001,44543,0,425,2928                     
2026-10-06T20:24:34.245	TEL,881,S4,372587726,2001,44543,0,428,2928                     
2026-10-06T20:24:34.245	TEL,882,S4,372597726,2001,44543,0,428,2928                     
2026-10-06T20:24:34.245	TEL,883,S4,372607726,2001,44543,0,428,2928                     
2026-10-06T20:24:34.245	TEL,884,S4,372617726,2001,44543,0,425,2925                     
2026-10-06T20:24:34.245	TEL,885,S4,372627726,2001,44543,0,428,2925                     
2026-10-06T20:24:34.245	TEL,886,S4,372637726,2001,44543,0,430,2927                     
2026-10-06T20:24:34.245	TEL,887,S4,372647726,2001,44543,0,430,2927                     
2026-10-06T20:24:34.245	TEL,888,S4,372657726,2001,44543,0,433,2928                     
2026-10-06T20:24:34.245	TEL,889,S4,372667726,2001,44543,0,430,2928                     
2026-10-06T20:24:34.245	TEL,890,S4,372677726,2001,44543,0,430,2928                     
2026-10-06T20:24:34.245	TEL,891,S4,372687726,2001,44543,0,430,2928                     
2026-10-06T20:24:34.245	TEL,892,S4,372697726,2001,44543,0,430,2928                     
2026-10-06T20:24:34.245	TEL,893,S4,372707726,2001,44543,0,428,2928                     
2026-10-06T20:24:34.245	TEL,894,S4,372717726,2001,44543,0,428,2928                     
2026-10-06T20:24:34.245	TEL,895,S4,372727726,2001,44543,0,428,2928                     
2026-10-06T20:24:34.245	TEL,896,S4,372737726,2001,44543,0,428,2930                     
2026-10-06T20:24:34.245	TEL,897,S4,372747726,2001,44543,0,428,2930                     
2026-10-06T20:24:34.245	TEL,898,S4,372757726,2001,44543,0,422,2927                     
2026-10-06T20:24:34.245	TEL,899,S4,372767726,2001,44543,0,430,2927                     
2026-10-06T20:24:34.245	TEL,900,S4,372777726,2001,44543,0,433,2928                     
2026-10-06T20:24:34.245	TEL,901,S4,372787726,2001,44543,0,428,2928                     
2026-10-06T20:24:34.245	TEL,902,S4,372797726,2001,44543,0,428,2928                     
2026-10-06T20:24:34.245	TEL,903,S4,372807726,2001,44543,0,433,2928                     
2026-10-06T20:24:34.245	TEL,904,S4,372817726,2001,44543,0,433,2928                     
2026-10-06T20:24:34.245	TEL,905,S4,372827726,2001,44543,0,428,2928                     
2026-10-06T20:24:34.245	TEL,906,S4,372837726,2001,44543,0,425,2927                     
2026-10-06T20:24:34.245	TEL,907,S4,372847726,2001,44543,0,428,2927                     
2026-10-06T20:24:34.245	TEL,908,S4,372857726,2001,44543,0,430,2928                     
2026-10-06T20:24:34.245	TEL,909,S4,372867726,2001,44543,0,433,2928                     
2026-10-06T20:24:34.245	TEL,910,S4,372877726,2001,44543,0,430,2927                     
2026-10-06T20:24:34.245	TEL,911,S4,372887726,2001,44543,0,430,2927                     
2026-10-06T20:24:34.245	TEL,912,S4,372897726,2001,44543,0,433,2928                     
2026-10-06T20:24:34.245	TEL,913,S4,372907726,2001,44543,0,433,2928                     
2026-10-06T20:24:34.245	TEL,914,S4,372917726,2001,44543,0,433,2928                     
2026-10-06T20:24:34.245	TEL,915,S4,372927726,2001,44543,0,433,2928                     
2026-10-06T20:24:34.245	TEL,916,S4,372937726,2001,44543,0,436,2933                     
2026-10-06T20:24:34.245	TEL,917,S4,372947726,2001,44543,0,433,2933                     
2026-10-06T20:24:34.245	TEL,918,S4,372957726,2001,44543,0,428,2928                     
2026-10-06T20:24:34.245	TEL,919,S4,372967726,2001,44543,0,430,2928                     
2026-10-06T20:24:34.245	TEL,920,S4,372977726,2001,44543,0,430,2928                     
2026-10-06T20:24:34.245	TEL,921,S4,372987726,2001,44543,0,428,2928                     
2026-10-06T20:24:34.245	TEL,922,S4,372997726,2001,44543,0,433,2933                     
2026-10-06T20:24:34.245	TEL,923,S4,373007726,2001,44543,0,436,2933                     
2026-10-06T20:24:34.855	TEL,924,S4,373017726,2001,44543,0,433,2930                     
2026-10-06T20:24:34.855	TEL,925,S4,373027726,2001,44543,0,433,2930                     
2026-10-06T20:24:34.855	TEL,926,S4,373037726,2001,44543,0,433,2928                     
2026-10-06T20:24:34.855	TEL,927,S4,373047726,2001,44543,0,433,2928                     
2026-10-06T20:24:34.855	TEL,928,S4,373057726,2001,44543,0,430,2927                     
2026-10-06T20:24:34.855	TEL,929,S4,373067726,2001,44543,0,430,2927                     
2026-10-06T20:24:34.855	TEL,930,S4,373077726,2001,44543,0,433,2928                     
2026-10-06T20:24:34.855	TEL,931,S4,373087726,2001,44543,0,413,2928                     
2026-10-06T20:24:34.855	TEL,932,S4,373097726,2001,44543,0,413,2928                     
2026-10-06T20:24:34.855	TEL,933,S4,373107726,2001,44543,0,428,2928                     
2026-10-06T20:24:34.855	TEL,934,S4,373117726,2001,44543,0,425,2927                     
2026-10-06T20:24:34.855	TEL,935,S4,373127726,2001,44543,0,425,2927                     
2026-10-06T20:24:34.855	TEL,936,S4,373137726,2001,44543,0,425,2927                     
2026-10-06T20:24:34.855	TEL,937,S4,373147726,2001,44543,0,430,2927                     
2026-10-06T20:24:34.855	TEL,938,S4,373157726,2001,44543,0,430,2927                     
2026-10-06T20:24:34.855	TEL,939,S4,373167726,2001,44543,0,430,2927                     
2026-10-06T20:24:34.855	TEL,940,S4,373177726,2001,44543,0,433,2928                     
2026-10-06T20:24:34.855	TEL,941,S4,373187726,2001,44543,0,433,2928                     
2026-10-06T20:24:34.855	TEL,942,S4,373197726,2001,44543,0,433,2928                     
2026-10-06T20:24:34.855	TEL,943,S4,373207726,2001,44543,0,425,2928                     
2026-10-06T20:24:34.855	TEL,944,S4,373217726,2001,44543,0,425,2928                     
2026-10-06T20:24:34.855	TEL,945,S4,373227726,2001,44543,0,433,2928                     
2026-10-06T20:24:34.855	TEL,946,S4,373237726,2001,44543,0,436,2933                     
2026-10-06T20:24:34.855	TEL,947,S4,373247726,2001,44543,0,433,2933                     
2026-10-06T20:24:34.855	TEL,948,S4,373257726,2001,44543,0,428,2928                     
2026-10-06T20:24:34.855	TEL,949,S4,373267726,2001,44543,0,433,2928                     
2026-10-06T20:24:34.855	TEL,950,S4,373277726,2001,44543,0,430,2927                     
2026-10-06T20:24:34.855	BTN,7,S4,PRESSED,373281924,373281932                           
2026-10-06T20:24:34.855	TEL,951,S4,373287728,2003,44543,0,430,2927                     
2026-10-06T20:24:34.855	TEL,952,S4,373297726,2001,44543,0,436,2933                     
2026-10-06T20:24:34.855	TEL,953,S4,373307726,2001,44543,0,433,2933                     
2026-10-06T20:24:34.855	TEL,954,S4,373317726,2001,44543,0,428,2927                     
2026-10-06T20:24:34.855	TEL,955,S4,373327726,2001,44543,0,425,2927                     
2026-10-06T20:24:34.855	TEL,956,S4,373337726,2001,44543,0,428,2928                     
2026-10-06T20:24:34.855	TEL,957,S4,373347726,2001,44543,0,433,2928                     
2026-10-06T20:24:34.855	TEL,958,S4,373357726,2001,44543,0,433,2928                     
2026-10-06T20:24:34.855	TEL,959,S4,373367726,2001,44543,0,433,2928                     
2026-10-06T20:24:34.855	TEL,960,S4,373377726,2001,44543,0,433,2928                     
2026-10-06T20:24:34.855	TEL,961,S4,373387726,2001,44543,0,436,2928                     
2026-10-06T20:24:34.855	TEL,962,S4,373397726,2001,44543,0,436,2928                     
2026-10-06T20:24:34.855	TEL,963,S4,373407726,2001,44543,0,430,2928                     
2026-10-06T20:24:34.855	TEL,964,S4,373417726,2001,44543,0,428,2927                     
2026-10-06T20:24:34.855	TEL,965,S4,373427726,2001,44543,0,425,2927                     
2026-10-06T20:24:34.856	TEL,966,S4,373437726,2001,44543,0,428,2928                     
2026-10-06T20:24:34.856	TEL,967,S4,373447726,2001,44543,0,425,2928                     
2026-10-06T20:24:34.856	TEL,968,S4,373457726,2001,44543,0,422,2925                     
2026-10-06T20:24:34.856	TEL,969,S4,373467726,2001,44543,0,430,2925                     
2026-10-06T20:24:34.856	TEL,970,S4,373477726,2001,44543,0,436,2928                     
2026-10-06T20:24:34.856	TEL,971,S4,373487726,2001,44543,0,428,2928                     
2026-10-06T20:24:34.856	TEL,972,S4,373497726,2001,44543,0,425,2925                     
2026-10-06T20:24:34.856	TEL,973,S4,373507726,2001,44543,0,428,2925                     
2026-10-06T20:24:34.856	TEL,974,S4,373517726,2001,44543,0,433,2928                     
2026-10-06T20:24:34.856	TEL,975,S4,373527726,2001,44543,0,433,2928                     
2026-10-06T20:24:34.856	TEL,976,S4,373537726,2001,44543,0,430,2927                     
2026-10-06T20:24:34.856	TEL,977,S4,373547726,2001,44543,0,422,2927                     
2026-10-06T20:24:34.856	TEL,978,S4,373557726,2001,44543,0,422,2928                     
2026-10-06T20:24:34.856	TEL,979,S4,373567726,2001,44543,0,433,2928                     
2026-10-06T20:24:34.856	TEL,980,S4,373577726,2001,44543,0,433,2928                     
2026-10-06T20:24:34.856	TEL,981,S4,373587726,2001,44543,0,428,2928                     
2026-10-06T20:24:34.856	TEL,982,S4,373597726,2001,44543,0,428,2928                     
2026-10-06T20:24:34.856	TEL,983,S4,373607726,2001,44543,0,425,2928                     
2026-10-06T20:24:34.856	TEL,984,S4,373617726,2001,44543,0,422,2927                     
2026-10-06T20:24:35.462	TEL,985,S4,373627726,2001,44543,0,428,2927                     
2026-10-06T20:24:35.462	TEL,986,S4,373637726,2001,44543,0,430,2928                     
2026-10-06T20:24:35.462	TEL,987,S4,373647726,2001,44543,0,428,2928                     
2026-10-06T20:24:35.462	TEL,988,S4,373657726,2001,44543,0,425,2927                     
2026-10-06T20:24:35.462	TEL,989,S4,373667726,2001,44543,0,422,2927                     
2026-10-06T20:24:35.462	TEL,990,S4,373677726,2001,44543,0,425,2928                     
2026-10-06T20:24:35.462	TEL,991,S4,373687726,2001,44543,0,433,2928                     
2026-10-06T20:24:35.462	TEL,992,S4,373697726,2001,44543,0,430,2927                     
2026-10-06T20:24:35.462	TEL,993,S4,373707726,2001,44543,0,430,2927                     
2026-10-06T20:24:35.462	TEL,994,S4,373717726,2001,44543,0,433,2928                     
2026-10-06T20:24:35.462	TEL,995,S4,373727726,2001,44543,0,413,2928                     
2026-10-06T20:24:35.462	TEL,996,S4,373737726,2001,44543,0,413,2928                     
2026-10-06T20:24:35.462	TEL,997,S4,373747726,2001,44543,0,433,2928                     
2026-10-06T20:24:35.462	TEL,998,S4,373757726,2001,44543,0,430,2927                     
2026-10-06T20:24:35.462	TEL,999,S4,373767726,2001,44543,0,422,2927                     
2026-10-06T20:24:35.462	TEL,1000,S4,373777727,2001,44543,0,419,2925                    
2026-10-06T20:24:35.462	TEL,1001,S4,373787727,2001,44543,0,428,2925                    
2026-10-06T20:24:35.462	TEL,1002,S4,373797727,2001,44543,0,436,2932                    
2026-10-06T20:24:35.462	TEL,1003,S4,373807727,2001,44543,0,419,2932                    
2026-10-06T20:24:35.462	TEL,1004,S4,373817727,2001,44543,0,416,2928                    
2026-10-06T20:24:35.462	TEL,1005,S4,373827727,2001,44543,0,428,2928                    
2026-10-06T20:24:35.462	TEL,1006,S4,373837727,2001,44543,0,428,2928                    
2026-10-06T20:24:35.462	TEL,1007,S4,373847727,2001,44543,0,425,2928                    
2026-10-06T20:24:35.462	TEL,1008,S4,373857727,2001,44543,0,428,2932                    
2026-10-06T20:24:35.462	TEL,1009,S4,373867727,2001,44543,0,425,2932                    
2026-10-06T20:24:35.462	TEL,1010,S4,373877727,2001,44543,0,425,2932                    
2026-10-06T20:24:35.462	TEL,1011,S4,373887727,2001,44543,0,428,2932                    
2026-10-06T20:24:35.462	TEL,1012,S4,373897727,2001,44543,0,428,2932                    
2026-10-06T20:24:35.462	TEL,1013,S4,373907727,2001,44543,0,430,2932                    
2026-10-06T20:24:35.462	TEL,1014,S4,373917727,2001,44543,0,430,2932                    
2026-10-06T20:24:35.462	TEL,1015,S4,373927727,2001,44543,0,425,2932                    
2026-10-06T20:24:35.462	TEL,1016,S4,373937727,2001,44543,0,425,2932                    
2026-10-06T20:24:35.462	TEL,1017,S4,373947727,2001,44543,0,436,2932                    
2026-10-06T20:24:35.462	TEL,1018,S4,373957727,2001,44543,0,436,2932                    
2026-10-06T20:24:35.462	TEL,1019,S4,373967727,2001,44543,0,428,2932                    
2026-10-06T20:24:35.462	TEL,1020,S4,373977727,2001,44543,0,428,2932                    
2026-10-06T20:24:35.462	TEL,1021,S4,373987727,2001,44543,0,430,2932                    
2026-10-06T20:24:35.462	TEL,1022,S4,373997727,2001,44543,0,428,2928                    
2026-10-06T20:24:35.462	TEL,1023,S4,374007727,2001,44543,0,428,2928                    
2026-10-06T20:24:35.462	TEL,1024,S4,374017727,2001,44543,0,433,2935                    
2026-10-06T20:24:35.462	TEL,1025,S4,374027727,2001,44543,0,433,2935                    
2026-10-06T20:24:35.462	TEL,1026,S4,374037727,2001,44543,0,428,2928                    
2026-10-06T20:24:35.462	TEL,1027,S4,374047727,2001,44543,0,422,2928                    
2026-10-06T20:24:35.462	TEL,1028,S4,374057727,2001,44543,0,425,2932                    
2026-10-06T20:24:35.462	TEL,1029,S4,374067727,2001,44543,0,428,2932                    
2026-10-06T20:24:35.462	TEL,1030,S4,374077727,2001,44543,0,428,2932                    
2026-10-06T20:24:35.462	TEL,1031,S4,374087727,2001,44543,0,428,2932                    
2026-10-06T20:24:35.462	TEL,1032,S4,374097727,2001,44543,0,430,2935                    
2026-10-06T20:24:35.462	TEL,1033,S4,374107727,2001,44543,0,433,2935                    
2026-10-06T20:24:35.462	TEL,1034,S4,374117727,2001,44543,0,430,2932                    
2026-10-06T20:24:35.462	TEL,1035,S4,374127727,2001,44543,0,428,2932                    
2026-10-06T20:24:35.462	TEL,1036,S4,374137727,2001,44543,0,430,2935                    
2026-10-06T20:24:35.462	TEL,1037,S4,374147727,2001,44543,0,430,2935                    
2026-10-06T20:24:35.462	TEL,1038,S4,374157727,2001,44543,0,430,2933                    
2026-10-06T20:24:35.462	TEL,1039,S4,374167732,2007,44543,0,428,2933                    
2026-10-06T20:24:35.462	BTN,8,S4,PRESSED,374165930,374167753                           
2026-10-06T20:24:35.462	TEL,1040,S4,374177728,2003,44543,0,425,2932                    
2026-10-06T20:24:35.462	TEL,1041,S4,374187727,2001,44543,0,425,2932                    
2026-10-06T20:24:35.462	TEL,1042,S4,374197727,2001,44543,0,428,2935                    
2026-10-06T20:24:35.462	TEL,1043,S4,374207727,2001,44543,0,430,2935                    
2026-10-06T20:24:35.462	TEL,1044,S4,374217727,2001,44543,0,430,2935                    
2026-10-06T20:24:35.462	TEL,1045,S4,374227727,2001,44543,0,428,2935                    
2026-10-06T20:24:36.085	TEL,1046,S4,374237727,2001,44543,0,425,2932                    
2026-10-06T20:24:36.085	TEL,1047,S4,374247727,2001,44543,0,425,2932                    
2026-10-06T20:24:36.085	TEL,1048,S4,374257727,2001,44543,0,428,2935                    
2026-10-06T20:24:36.085	TEL,1049,S4,374267727,2001,44543,0,430,2935                    
2026-10-06T20:24:36.085	TEL,1050,S4,374277727,2001,44543,0,425,2928                    
2026-10-06T20:24:36.085	TEL,1051,S4,374287727,2001,44543,0,425,2928                    
2026-10-06T20:24:36.085	TEL,1052,S4,374297727,2001,44543,0,428,2932                    
2026-10-06T20:24:36.085	TEL,1053,S4,374307727,2001,44543,0,428,2932                    
2026-10-06T20:24:36.085	TEL,1054,S4,374317727,2001,44543,0,428,2932                    
2026-10-06T20:24:36.085	TEL,1055,S4,374327727,2001,44543,0,436,2932                    
2026-10-06T20:24:36.085	TEL,1056,S4,374337727,2001,44543,0,436,2932                    
2026-10-06T20:24:36.085	TEL,1057,S4,374347727,2001,44543,0,430,2932                    
2026-10-06T20:24:36.085	TEL,1058,S4,374357727,2001,44543,0,433,2933                    
2026-10-06T20:24:36.085	TEL,1059,S4,374367727,2001,44543,0,430,2933                    
2026-10-06T20:24:36.085	TEL,1060,S4,374377727,2001,44543,0,428,2932                    
2026-10-06T20:24:36.085	TEL,1061,S4,374387727,2001,44543,0,436,2932                    
2026-10-06T20:24:36.085	TEL,1062,S4,374397727,2001,44543,0,433,2928                    
2026-10-06T20:24:36.085	TEL,1063,S4,374407727,2001,44543,0,419,2928                    
2026-10-06T20:24:36.085	TEL,1064,S4,374417727,2001,44543,0,428,2935                    
2026-10-06T20:24:36.085	TEL,1065,S4,374427727,2001,44543,0,439,2935                    
2026-10-06T20:24:36.085	TEL,1066,S4,374437727,2001,44543,0,439,2935                    
2026-10-06T20:24:36.085	TEL,1067,S4,374447727,2001,44543,0,430,2935                    
2026-10-06T20:24:36.085	TEL,1068,S4,374457727,2001,44543,0,428,2932                    
2026-10-06T20:24:36.085	TEL,1069,S4,374467727,2001,44543,0,425,2932                    
2026-10-06T20:24:36.085	TEL,1070,S4,374477727,2001,44543,0,428,2935                    
2026-10-06T20:24:36.085	TEL,1071,S4,374487727,2001,44543,0,428,2935                    
2026-10-06T20:24:36.085	TEL,1072,S4,374497727,2001,44543,0,422,2928                    
2026-10-06T20:24:36.085	TEL,1073,S4,374507727,2001,44543,0,425,2928                    
2026-10-06T20:24:36.085	TEL,1074,S4,374517727,2001,44543,0,428,2932                    
2026-10-06T20:24:36.085	TEL,1075,S4,374527727,2001,44543,0,433,2932                    
2026-10-06T20:24:36.085	TEL,1076,S4,374537727,2001,44543,0,436,2935                    
2026-10-06T20:24:36.085	TEL,1077,S4,374547727,2001,44543,0,430,2935                    
2026-10-06T20:24:36.085	TEL,1078,S4,374557727,2001,44543,0,428,2932                    
2026-10-06T20:24:36.085	TEL,1079,S4,374567727,2001,44543,0,436,2932                    
2026-10-06T20:24:36.085	TEL,1080,S4,374577727,2001,44543,0,439,2935                    
2026-10-06T20:24:36.085	TEL,1081,S4,374587727,2001,44543,0,433,2935                    
2026-10-06T20:24:36.085	TEL,1082,S4,374597727,2001,44543,0,433,2935                    
2026-10-06T20:24:36.085	TEL,1083,S4,374607727,2001,44543,0,428,2935                    
2026-10-06T20:24:36.085	TEL,1084,S4,374617727,2001,44543,0,425,2932                    
2026-10-06T20:24:36.085	TEL,1085,S4,374627727,2001,44543,0,430,2932                    
2026-10-06T20:24:36.085	TEL,1086,S4,374637727,2001,44543,0,433,2935                    
2026-10-06T20:24:36.085	TEL,1087,S4,374647727,2001,44543,0,433,2935                    
2026-10-06T20:24:36.085	TEL,1088,S4,374657727,2001,44543,0,430,2932                    
2026-10-06T20:24:36.085	TEL,1089,S4,374667727,2001,44543,0,425,2932                    
2026-10-06T20:24:36.085	TEL,1090,S4,374677727,2001,44543,0,428,2935                    
2026-10-06T20:24:36.085	TEL,1091,S4,374687727,2001,44543,0,439,2935                    
2026-10-06T20:24:36.085	TEL,1092,S4,374697727,2001,44543,0,436,2932                    
2026-10-06T20:24:36.085	TEL,1093,S4,374707727,2001,44543,0,430,2932                    
2026-10-06T20:24:36.085	TEL,1094,S4,374717727,2001,44543,0,433,2935                    
2026-10-06T20:24:36.085	TEL,1095,S4,374727727,2001,44543,0,433,2935                    
2026-10-06T20:24:36.085	TEL,1096,S4,374737727,2001,44543,0,430,2932                    
2026-10-06T20:24:36.085	TEL,1097,S4,374747727,2001,44543,0,430,2932                    
2026-10-06T20:24:36.085	TEL,1098,S4,374757727,2001,44543,0,433,2935                    
2026-10-06T20:24:36.085	TEL,1099,S4,374767727,2001,44543,0,430,2935                    
2026-10-06T20:24:36.085	TEL,1100,S4,374777727,2001,44543,0,430,2935                    
2026-10-06T20:24:36.085	TEL,1101,S4,374787727,2001,44543,0,428,2935                    
2026-10-06T20:24:36.085	TEL,1102,S4,374797727,2001,44543,0,428,2935                    
2026-10-06T20:24:36.085	TEL,1103,S4,374807727,2001,44543,0,439,2935                    
2026-10-06T20:24:36.085	TEL,1104,S4,374817727,2001,44543,0,436,2932                    
2026-10-06T20:24:36.085	TEL,1105,S4,374827727,2001,44543,0,430,2932                    
2026-10-06T20:24:36.085	TEL,1106,S4,374837727,2001,44543,0,430,2932                    
2026-10-06T20:24:36.085	TEL,1107,S4,374847727,2001,44543,0,439,2932                    
2026-10-06T20:24:36.691	TEL,1108,S4,374857727,2001,44543,0,439,2932                    
2026-10-06T20:24:36.691	TEL,1109,S4,374867727,2001,44543,0,428,2932                    
2026-10-06T20:24:36.691	TEL,1110,S4,374877727,2001,44543,0,428,2932                    
2026-10-06T20:24:36.691	TEL,1111,S4,374887727,2001,44543,0,428,2932                    
2026-10-06T20:24:36.691	TEL,1112,S4,374897727,2001,44543,0,425,2928                    
2026-10-06T20:24:36.691	TEL,1113,S4,374907727,2001,44543,0,433,2928                    
2026-10-06T20:24:36.691	TEL,1114,S4,374917727,2001,44543,0,439,2935                    
2026-10-06T20:24:36.691	TEL,1115,S4,374927727,2001,44543,0,428,2935                    
2026-10-06T20:24:36.691	TEL,1116,S4,374937727,2001,44543,0,422,2928                    
2026-10-06T20:24:36.691	TEL,1117,S4,374947727,2001,44543,0,428,2928                    
2026-10-06T20:24:36.691	TEL,1118,S4,374957727,2001,44543,0,430,2932                    
2026-10-06T20:24:36.691	TEL,1119,S4,374967727,2001,44543,0,430,2932                    
2026-10-06T20:24:36.691	TEL,1120,S4,374977727,2001,44543,0,433,2935                    
2026-10-06T20:24:36.691	TEL,1121,S4,374987727,2001,44543,0,433,2935                    
2026-10-06T20:24:36.691	TEL,1122,S4,374997727,2001,44543,0,430,2932                    
2026-10-06T20:24:36.691	BTN,9,S4,PRESSED,374998935,374998942                           
2026-10-06T20:24:36.691	TEL,1123,S4,375007728,2003,44543,0,436,2932                    
2026-10-06T20:24:36.691	TEL,1124,S4,375017727,2001,44543,0,436,2932                    
2026-10-06T20:24:36.691	TEL,1125,S4,375027727,2001,44543,0,430,2932                    
2026-10-06T20:24:36.691	TEL,1126,S4,375037727,2001,44543,0,428,2928                    
2026-10-06T20:24:36.691	TEL,1127,S4,375047727,2001,44543,0,422,2928                    
2026-10-06T20:24:36.691	TEL,1128,S4,375057727,2001,44543,0,422,2928                    
2026-10-06T20:24:36.691	TEL,1129,S4,375067727,2001,44543,0,428,2928                    
2026-10-06T20:24:36.691	TEL,1130,S4,375077727,2001,44543,0,428,2928                    
2026-10-06T20:24:36.691	TEL,1131,S4,375087727,2001,44543,0,428,2928                    
2026-10-06T20:24:36.691	TEL,1132,S4,375097727,2001,44543,0,430,2932                    
2026-10-06T20:24:36.691	TEL,1133,S4,375107727,2001,44543,0,425,2932                    
2026-10-06T20:24:36.691	TEL,1134,S4,375117727,2001,44543,0,425,2932                    
2026-10-06T20:24:36.691	TEL,1135,S4,375127727,2001,44543,0,425,2932                    
2026-10-06T20:24:36.691	TEL,1136,S4,375137727,2001,44543,0,425,2932                    
2026-10-06T20:24:36.691	TEL,1137,S4,375147727,2001,44543,0,433,2932                    
2026-10-06T20:24:36.691	TEL,1138,S4,375157727,2001,44543,0,433,2932                    
2026-10-06T20:24:36.691	TEL,1139,S4,375167727,2001,44543,0,430,2932                    
2026-10-06T20:24:36.691	TEL,1140,S4,375177727,2001,44543,0,430,2932                    
2026-10-06T20:24:36.691	TEL,1141,S4,375187727,2001,44543,0,425,2932                    
2026-10-06T20:24:36.691	TEL,1142,S4,375197727,2001,44543,0,428,2935                    
2026-10-06T20:24:36.691	TEL,1143,S4,375207727,2001,44543,0,433,2935                    
2026-10-06T20:24:36.691	TEL,1144,S4,375217727,2001,44543,0,433,2935                    
2026-10-06T20:24:36.691	TEL,1145,S4,375227727,2001,44543,0,430,2935                    
2026-10-06T20:24:36.691	TEL,1146,S4,375237727,2001,44543,0,430,2935                    
2026-10-06T20:24:36.691	TEL,1147,S4,375247727,2001,44543,0,433,2935                    
2026-10-06T20:24:36.691	TEL,1148,S4,375257727,2001,44543,0,430,2932                    
2026-10-06T20:24:36.691	TEL,1149,S4,375267727,2001,44543,0,425,2932                    
2026-10-06T20:24:36.691	TEL,1150,S4,375277727,2001,44543,0,422,2928                    
2026-10-06T20:24:36.691	TEL,1151,S4,375287727,2001,44543,0,436,2928                    
2026-10-06T20:24:36.691	TEL,1152,S4,375297727,2001,44543,0,442,2935                    
2026-10-06T20:24:36.691	TEL,1153,S4,375307727,2001,44543,0,433,2935                    
2026-10-06T20:24:36.691	TEL,1154,S4,375317727,2001,44543,0,430,2932                    
2026-10-06T20:24:36.691	TEL,1155,S4,375327727,2001,44543,0,428,2932                    
2026-10-06T20:24:36.691	TEL,1156,S4,375337727,2001,44543,0,425,2928                    
2026-10-06T20:24:36.691	TEL,1157,S4,375347727,2001,44543,0,433,2928                    
2026-10-06T20:24:36.691	TEL,1158,S4,375357727,2001,44543,0,436,2932                    
2026-10-06T20:24:36.691	TEL,1159,S4,375367727,2001,44543,0,419,2932                    
2026-10-06T20:24:36.691	TEL,1160,S4,375377727,2001,44543,0,419,2932                    
2026-10-06T20:24:36.691	TEL,1161,S4,375387727,2001,44543,0,430,2932                    
2026-10-06T20:24:36.691	TEL,1162,S4,375397727,2001,44543,0,428,2928                    
2026-10-06T20:24:36.691	TEL,1163,S4,375407727,2001,44543,0,422,2928                    
2026-10-06T20:24:36.691	TEL,1164,S4,375417727,2001,44543,0,425,2932                    
2026-10-06T20:24:36.691	TEL,1165,S4,375427727,2001,44543,0,428,2932                    
2026-10-06T20:24:36.691	TEL,1166,S4,375437727,2001,44543,0,430,2935                    
2026-10-06T20:24:36.691	TEL,1167,S4,375447727,2001,44543,0,433,2935                    
2026-10-06T20:24:36.691	TEL,1168,S4,375457727,2001,44543,0,430,2932                    
2026-10-06T20:24:37.302	TEL,1169,S4,375467727,2001,44543,0,436,2932                    
2026-10-06T20:24:37.306	TEL,1170,S4,375477727,2001,44543,0,436,2932                    
2026-10-06T20:24:37.306	TEL,1171,S4,375487727,2001,44543,0,425,2932                    
2026-10-06T20:24:37.306	TEL,1172,S4,375497727,2001,44543,0,428,2935                    
2026-10-06T20:24:37.306	TEL,1173,S4,375507727,2001,44543,0,439,2935                    
2026-10-06T20:24:37.306	TEL,1174,S4,375517727,2001,44543,0,436,2932                    
2026-10-06T20:24:37.306	TEL,1175,S4,375527727,2001,44543,0,428,2932                    
2026-10-06T20:24:37.306	TEL,1176,S4,375537727,2001,44543,0,428,2930                    
2026-10-06T20:24:37.306	TEL,1177,S4,375547727,2001,44543,0,428,2930                    
2026-10-06T20:24:37.306	TEL,1178,S4,375557727,2001,44543,0,430,2935                    
2026-10-06T20:24:37.306	TEL,1179,S4,375567727,2001,44543,0,442,2935                    
2026-10-06T20:24:37.306	TEL,1180,S4,375577727,2001,44543,0,448,2942                    
2026-10-06T20:24:37.306	TEL,1181,S4,375587727,2001,44543,0,436,2942                    
2026-10-06T20:24:37.306	TEL,1182,S4,375597727,2001,44543,0,425,2932                    
2026-10-06T20:24:37.306	TEL,1183,S4,375607727,2001,44543,0,428,2932                    
2026-10-06T20:24:37.306	TEL,1184,S4,375617727,2001,44543,0,425,2928                    
2026-10-06T20:24:37.306	TEL,1185,S4,375627727,2001,44543,0,428,2928                    
2026-10-06T20:24:37.306	TEL,1186,S4,375637727,2001,44543,0,430,2932                    
2026-10-06T20:24:37.306	TEL,1187,S4,375647727,2001,44543,0,430,2932                    
2026-10-06T20:24:37.306	TEL,1188,S4,375657727,2001,44543,0,430,2932                    
2026-10-06T20:24:37.306	TEL,1189,S4,375667727,2001,44543,0,425,2932                    
2026-10-06T20:24:37.306	TEL,1190,S4,375677727,2001,44543,0,428,2935                    
2026-10-06T20:24:37.306	TEL,1191,S4,375687727,2001,44543,0,428,2935                    
2026-10-06T20:24:37.306	TEL,1192,S4,375697727,2001,44543,0,425,2932                    
2026-10-06T20:24:37.306	TEL,1193,S4,375707727,2001,44543,0,428,2932                    
2026-10-06T20:24:37.306	TEL,1194,S4,375717727,2001,44543,0,430,2935                    
2026-10-06T20:24:37.306	TEL,1195,S4,375727727,2001,44543,0,428,2935                    
2026-10-06T20:24:37.306	TEL,1196,S4,375737732,2007,44543,0,425,2932                    
2026-10-06T20:24:37.306	BTN,10,S4,PRESSED,375735941,375737753                          
2026-10-06T20:24:37.306	TEL,1197,S4,375747728,2003,44543,0,436,2932                    
2026-10-06T20:24:37.306	TEL,1198,S4,375757727,2001,44543,0,436,2932                    
2026-10-06T20:24:37.306	TEL,1199,S4,375767727,2001,44543,0,428,2932                    
2026-10-06T20:24:37.306	TEL,1200,S4,375777727,2001,44543,0,428,2932                    
2026-10-06T20:24:37.306	TEL,1201,S4,375787727,2001,44543,0,430,2932                    
2026-10-06T20:24:37.306	TEL,1202,S4,375797727,2001,44543,0,430,2932                    
2026-10-06T20:24:37.306	TEL,1203,S4,375807727,2001,44543,0,425,2932                    
2026-10-06T20:24:37.306	TEL,1204,S4,375817727,2001,44543,0,422,2928                    
2026-10-06T20:24:37.306	TEL,1205,S4,375827727,2001,44543,0,425,2928                    
2026-10-06T20:24:37.306	TEL,1206,S4,375837727,2001,44543,0,428,2932                    
2026-10-06T20:24:37.306	TEL,1207,S4,375847727,2001,44543,0,425,2932                    
2026-10-06T20:24:37.306	TEL,1208,S4,375857727,2001,44543,0,425,2932                    
2026-10-06T20:24:37.306	TEL,1209,S4,375867727,2001,44543,0,425,2932                    
2026-10-06T20:24:37.306	TEL,1210,S4,375877727,2001,44543,0,425,2932                    
2026-10-06T20:24:37.306	TEL,1211,S4,375887727,2001,44543,0,430,2932                    
2026-10-06T20:24:37.306	TEL,1212,S4,375897727,2001,44543,0,433,2935                    
2026-10-06T20:24:37.306	TEL,1213,S4,375907727,2001,44543,0,430,2935                    
2026-10-06T20:24:37.306	TEL,1214,S4,375917727,2001,44543,0,428,2932                    
2026-10-06T20:24:37.306	TEL,1215,S4,375927727,2001,44543,0,428,2932                    
2026-10-06T20:24:37.306	TEL,1216,S4,375937727,2001,44543,0,428,2932                    
2026-10-06T20:24:37.306	TEL,1217,S4,375947727,2001,44543,0,436,2932                    
2026-10-06T20:24:37.306	TEL,1218,S4,375957727,2001,44543,0,433,2928                    
2026-10-06T20:24:37.306	TEL,1219,S4,375967727,2001,44543,0,422,2928                    
2026-10-06T20:24:37.306	TEL,1220,S4,375977727,2001,44543,0,425,2932                    
2026-10-06T20:24:37.306	TEL,1221,S4,375987727,2001,44543,0,428,2932                    
2026-10-06T20:24:37.306	TEL,1222,S4,375997727,2001,44543,0,428,2932                    
2026-10-06T20:24:37.306	TEL,1223,S4,376007727,2001,44543,0,425,2932                    
2026-10-06T20:24:37.306	TEL,1224,S4,376017727,2001,44543,0,425,2932                    
2026-10-06T20:24:37.306	TEL,1225,S4,376027727,2001,44543,0,425,2932                    
2026-10-06T20:24:37.306	TEL,1226,S4,376037727,2001,44543,0,425,2932                    
2026-10-06T20:24:37.306	TEL,1227,S4,376047727,2001,44543,0,433,2932                    
2026-10-06T20:24:37.306	TEL,1228,S4,376057727,2001,44543,0,433,2932                    
2026-10-06T20:24:37.306	TEL,1229,S4,376067727,2001,44543,0,430,2932                    
2026-10-06T20:24:37.914	TEL,1230,S4,376077727,2001,44543,0,430,2932                    
2026-10-06T20:24:37.914	TEL,1231,S4,376087727,2001,44543,0,436,2932                    
2026-10-06T20:24:37.914	TEL,1232,S4,376097727,2001,44543,0,439,2935                    
2026-10-06T20:24:37.914	TEL,1233,S4,376107727,2001,44543,0,433,2935                    
2026-10-06T20:24:37.914	TEL,1234,S4,376117727,2001,44543,0,428,2928                    
2026-10-06T20:24:37.914	TEL,1235,S4,376127727,2001,44543,0,433,2928                    
2026-10-06T20:24:37.914	TEL,1236,S4,376137727,2001,44543,0,439,2935                    
2026-10-06T20:24:37.914	TEL,1237,S4,376147727,2001,44543,0,428,2935                    
2026-10-06T20:24:37.914	TEL,1238,S4,376157727,2001,44543,0,428,2935                    
2026-10-06T20:24:37.914	TEL,1239,S4,376167727,2001,44543,0,433,2935                    
2026-10-06T20:24:37.914	TEL,1240,S4,376177727,2001,44543,0,433,2935                    
2026-10-06T20:24:37.914	TEL,1241,S4,376187727,2001,44543,0,430,2935                    
2026-10-06T20:24:37.914	TEL,1242,S4,376197727,2001,44543,0,428,2932                    
2026-10-06T20:24:37.914	TEL,1243,S4,376207727,2001,44543,0,428,2932                    
2026-10-06T20:24:37.914	TEL,1244,S4,376217727,2001,44543,0,428,2932                    
2026-10-06T20:24:37.914	TEL,1245,S4,376227727,2001,44543,0,430,2932                    
2026-10-06T20:24:37.914	TEL,1246,S4,376237727,2001,44543,0,428,2928                    
2026-10-06T20:24:37.914	TEL,1247,S4,376247727,2001,44543,0,422,2928                    
2026-10-06T20:24:37.914	TEL,1248,S4,376257727,2001,44543,0,425,2932                    
2026-10-06T20:24:37.914	TEL,1249,S4,376267727,2001,44543,0,430,2932                    
2026-10-06T20:24:37.914	TEL,1250,S4,376277727,2001,44543,0,430,2932                    
2026-10-06T20:24:37.914	TEL,1251,S4,376287727,2001,44543,0,428,2932                    
2026-10-06T20:24:37.914	TEL,1252,S4,376297727,2001,44543,0,425,2928                    
2026-10-06T20:24:37.914	TEL,1253,S4,376307727,2001,44543,0,416,2928                    
2026-10-06T20:24:37.914	TEL,1254,S4,376317727,2001,44543,0,419,2932                    
2026-10-06T20:24:37.914	TEL,1255,S4,376327727,2001,44543,0,430,2932                    
2026-10-06T20:24:37.914	TEL,1256,S4,376337727,2001,44543,0,428,2928                    
2026-10-06T20:24:37.914	TEL,1257,S4,376347727,2001,44543,0,425,2928                    
2026-10-06T20:24:37.914	TEL,1258,S4,376357727,2001,44543,0,428,2932                    
2026-10-06T20:24:37.914	TEL,1259,S4,376367727,2001,44543,0,436,2932                    
2026-10-06T20:24:37.914	BTN,11,S4,PRESSED,376373946,376373953                          
2026-10-06T20:24:37.914	TEL,1260,S4,376377728,2003,44543,0,436,2932                    
2026-10-06T20:24:37.914	TEL,1261,S4,376387727,2002,44543,0,425,2932                    
2026-10-06T20:24:37.914	TEL,1262,S4,376397727,2001,44543,0,425,2932                    
2026-10-06T20:24:37.914	TEL,1263,S4,376407727,2001,44543,0,430,2932                    
2026-10-06T20:24:37.914	TEL,1264,S4,376417727,2001,44543,0,428,2928                    
2026-10-06T20:24:37.915	TEL,1265,S4,376427727,2001,44543,0,433,2928                    
2026-10-06T20:24:37.915	TEL,1266,S4,376437727,2001,44543,0,436,2932                    
2026-10-06T20:24:37.915	TEL,1267,S4,376447727,2001,44543,0,425,2932                    
2026-10-06T20:24:37.915	TEL,1268,S4,376457727,2001,44543,0,428,2935                    
2026-10-06T20:24:37.915	TEL,1269,S4,376467727,2001,44543,0,433,2935                    
2026-10-06T20:24:37.915	TEL,1270,S4,376477727,2001,44543,0,430,2932                    
2026-10-06T20:24:37.915	TEL,1271,S4,376487727,2001,44543,0,428,2932                    
2026-10-06T20:24:37.915	TEL,1272,S4,376497727,2001,44543,0,430,2935                    
2026-10-06T20:24:37.915	TEL,1273,S4,376507727,2001,44543,0,433,2935                    
2026-10-06T20:24:37.915	TEL,1274,S4,376517727,2001,44543,0,430,2932                    
2026-10-06T20:24:37.915	TEL,1275,S4,376527727,2001,44543,0,436,2932                    
2026-10-06T20:24:37.915	TEL,1276,S4,376537727,2001,44543,0,433,2928                    
2026-10-06T20:24:37.915	TEL,1277,S4,376547727,2001,44543,0,428,2928                    
2026-10-06T20:24:37.915	TEL,1278,S4,376557727,2001,44543,0,430,2932                    
2026-10-06T20:24:37.915	TEL,1279,S4,376567727,2001,44543,0,425,2932                    
2026-10-06T20:24:37.915	TEL,1280,S4,376577727,2001,44543,0,425,2932                    
2026-10-06T20:24:37.915	TEL,1281,S4,376587727,2001,44543,0,436,2932                    
2026-10-06T20:24:37.915	TEL,1282,S4,376597727,2001,44543,0,439,2935                    
2026-10-06T20:24:37.915	TEL,1283,S4,376607727,2001,44543,0,430,2935                    
2026-10-06T20:24:37.915	TEL,1284,S4,376617727,2001,44543,0,428,2932                    
2026-10-06T20:24:37.915	TEL,1285,S4,376627727,2001,44543,0,436,2932                    
2026-10-06T20:24:37.915	TEL,1286,S4,376637727,2001,44543,0,439,2935                    
2026-10-06T20:24:37.915	TEL,1287,S4,376647727,2001,44543,0,433,2935                    
2026-10-06T20:24:37.915	TEL,1288,S4,376657727,2001,44543,0,430,2932                    
2026-10-06T20:24:37.915	TEL,1289,S4,376667727,2001,44543,0,430,2932                    
2026-10-06T20:24:37.915	TEL,1290,S4,376677727,2001,44543,0,430,2932                    
2026-10-06T20:24:38.521	TEL,1291,S4,376687727,2001,44543,0,425,2932                    
2026-10-06T20:24:38.521	TEL,1292,S4,376697727,2001,44543,0,425,2932                    
2026-10-06T20:24:38.521	TEL,1293,S4,376707727,2001,44543,0,428,2932                    
2026-10-06T20:24:38.521	TEL,1294,S4,376717727,2001,44543,0,428,2932                    
2026-10-06T20:24:38.521	TEL,1295,S4,376727727,2001,44543,0,425,2932                    
2026-10-06T20:24:38.521	TEL,1296,S4,376737727,2001,44543,0,425,2932                    
2026-10-06T20:24:38.521	TEL,1297,S4,376747727,2001,44543,0,428,2932                    
2026-10-06T20:24:38.521	TEL,1298,S4,376757727,2001,44543,0,430,2935                    
2026-10-06T20:24:38.521	TEL,1299,S4,376767727,2001,44543,0,433,2935                    
2026-10-06T20:24:38.521	TEL,1300,S4,376777727,2001,44543,0,430,2932                    
2026-10-06T20:24:38.521	TEL,1301,S4,376787727,2001,44543,0,425,2932                    
2026-10-06T20:24:38.521	TEL,1302,S4,376797727,2001,44543,0,428,2935                    
2026-10-06T20:24:38.521	TEL,1303,S4,376807727,2001,44543,0,445,2935                    
2026-10-06T20:24:38.521	TEL,1304,S4,376817727,2001,44543,0,442,2932                    
2026-10-06T20:24:38.521	TEL,1305,S4,376827727,2001,44543,0,436,2932                    
2026-10-06T20:24:38.521	TEL,1306,S4,376837727,2001,44543,0,436,2932                    
2026-10-06T20:24:38.521	TEL,1307,S4,376847727,2001,44543,0,425,2932                    
2026-10-06T20:24:38.521	TEL,1308,S4,376857727,2001,44543,0,425,2932                    
2026-10-06T20:24:38.521	TEL,1309,S4,376867727,2001,44543,0,436,2932                    
2026-10-06T20:24:38.521	TEL,1310,S4,376877727,2001,44543,0,439,2935                    
2026-10-06T20:24:38.521	TEL,1311,S4,376887727,2001,44543,0,428,2935                    
2026-10-06T20:24:38.521	TEL,1312,S4,376897727,2001,44543,0,425,2932                    
2026-10-06T20:24:38.521	TEL,1313,S4,376907727,2001,44543,0,425,2932                    
2026-10-06T20:24:38.521	TEL,1314,S4,376917727,2001,44543,0,428,2935                    
2026-10-06T20:24:38.521	BTN,12,S4,PRESSED,376921951,376921959                          
2026-10-06T20:24:38.521	TEL,1315,S4,376927728,2003,44543,0,428,2935                    
2026-10-06T20:24:38.521	TEL,1316,S4,376937727,2001,44543,0,425,2932                    
2026-10-06T20:24:38.521	TEL,1317,S4,376947727,2001,44543,0,425,2932                    
2026-10-06T20:24:38.521	TEL,1318,S4,376957727,2001,44543,0,422,2928                    
2026-10-06T20:24:38.521	TEL,1319,S4,376967727,2001,44543,0,422,2928                    
2026-10-06T20:24:38.521	TEL,1320,S4,376977727,2001,44543,0,422,2928                    
2026-10-06T20:24:38.521	TEL,1321,S4,376987727,2001,44543,0,436,2928                    
2026-10-06T20:24:38.521	TEL,1322,S4,376997727,2001,44543,0,445,2935                    
2026-10-06T20:24:38.521	TEL,1323,S4,377007727,2001,44543,0,422,2935                    
2026-10-06T20:24:38.521	TEL,1324,S4,377017727,2001,44543,0,419,2932                    
2026-10-06T20:24:38.521	TEL,1325,S4,377027727,2001,44543,0,428,2932                    
2026-10-06T20:24:38.521	TEL,1326,S4,377037727,2001,44543,0,428,2932                    
2026-10-06T20:24:38.521	TEL,1327,S4,377047727,2001,44543,0,425,2932                    
2026-10-06T20:24:38.521	TEL,1328,S4,377057727,2001,44543,0,422,2928                    
2026-10-06T20:24:38.521	TEL,1329,S4,377067727,2001,44543,0,433,2928                    
2026-10-06T20:24:38.521	TEL,1330,S4,377077727,2001,44543,0,436,2932                    
2026-10-06T20:24:38.521	TEL,1331,S4,377087727,2001,44543,0,425,2932                    
2026-10-06T20:24:38.521	TEL,1332,S4,377097727,2001,44543,0,425,2932                    
2026-10-06T20:24:38.521	TEL,1333,S4,377107727,2001,44543,0,428,2932                    
2026-10-06T20:24:38.521	TEL,1334,S4,377117727,2001,44543,0,428,2932                    
2026-10-06T20:24:38.521	TEL,1335,S4,377127727,2001,44543,0,428,2932                    
2026-10-06T20:24:38.521	TEL,1336,S4,377137727,2001,44543,0,428,2932                    
2026-10-06T20:24:38.521	TEL,1337,S4,377147727,2001,44543,0,430,2932                    
2026-10-06T20:24:38.521	TEL,1338,S4,377157727,2001,44543,0,430,2932                    
2026-10-06T20:24:38.521	TEL,1339,S4,377167727,2001,44543,0,436,2932                    
2026-10-06T20:24:38.521	TEL,1340,S4,377177727,2001,44543,0,436,2932                    
2026-10-06T20:24:38.521	TEL,1341,S4,377187727,2001,44543,0,430,2932                    
2026-10-06T20:24:38.521	TEL,1342,S4,377197727,2001,44543,0,430,2932                    
2026-10-06T20:24:38.521	TEL,1343,S4,377207727,2001,44543,0,425,2932                    
2026-10-06T20:24:38.521	TEL,1344,S4,377217727,2001,44543,0,425,2932                    
2026-10-06T20:24:38.521	TEL,1345,S4,377227727,2001,44543,0,430,2932                    
2026-10-06T20:24:38.521	TEL,1346,S4,377237727,2001,44543,0,428,2928                    
2026-10-06T20:24:38.521	TEL,1347,S4,377247727,2001,44543,0,416,2928                    
2026-10-06T20:24:38.521	TEL,1348,S4,377257727,2001,44543,0,419,2932                    
2026-10-06T20:24:38.521	TEL,1349,S4,377267727,2001,44543,0,428,2932                    
2026-10-06T20:24:38.521	TEL,1350,S4,377277727,2001,44543,0,428,2932                    
2026-10-06T20:24:38.521	TEL,1351,S4,377287727,2001,44543,0,436,2932                    
2026-10-06T20:24:39.134	TEL,1352,S4,377297727,2001,44543,0,436,2932                    
2026-10-06T20:24:39.134	TEL,1353,S4,377307727,2001,44543,0,430,2932                    
2026-10-06T20:24:39.134	TEL,1354,S4,377317727,2001,44543,0,430,2932                    
2026-10-06T20:24:39.134	TEL,1355,S4,377327727,2001,44543,0,425,2932                    
2026-10-06T20:24:39.134	TEL,1356,S4,377337727,2001,44543,0,428,2935                    
2026-10-06T20:24:39.134	TEL,1357,S4,377347727,2001,44543,0,433,2935                    
2026-10-06T20:24:39.134	TEL,1358,S4,377357727,2001,44543,0,428,2928                    
2026-10-06T20:24:39.134	TEL,1359,S4,377367727,2001,44543,0,422,2928                    
2026-10-06T20:24:39.134	TEL,1360,S4,377377727,2001,44543,0,422,2928                    
2026-10-06T20:24:39.134	TEL,1361,S4,377387727,2001,44543,0,433,2928                    
2026-10-06T20:24:39.134	TEL,1362,S4,377397727,2001,44543,0,439,2935                    
2026-10-06T20:24:39.134	TEL,1363,S4,377407727,2001,44543,0,428,2935                    
2026-10-06T20:24:39.134	TEL,1364,S4,377417727,2001,44543,0,428,2935                    
2026-10-06T20:24:39.134	TEL,1365,S4,377427727,2001,44543,0,433,2935                    
2026-10-06T20:24:39.134	TEL,1366,S4,377437727,2001,44543,0,430,2932                    
2026-10-06T20:24:39.134	TEL,1367,S4,377447727,2001,44543,0,439,2932                    
2026-10-06T20:24:39.134	TEL,1368,S4,377457727,2001,44543,0,439,2932                    
2026-10-06T20:24:39.134	TEL,1369,S4,377467727,2001,44543,0,442,2932                    
2026-10-06T20:24:39.134	TEL,1370,S4,377477727,2001,44543,0,442,2932                    
2026-10-06T20:24:39.134	TEL,1371,S4,377487727,2001,44543,0,428,2932                    
2026-10-06T20:24:39.134	TEL,1372,S4,377497727,2001,44543,0,430,2935                    
2026-10-06T20:24:39.134	TEL,1373,S4,377507727,2001,44543,0,430,2935                    
2026-10-06T20:24:39.134	TEL,1374,S4,377517727,2001,44543,0,428,2932                    
2026-10-06T20:24:39.134	TEL,1375,S4,377527727,2001,44543,0,442,2932                    
2026-10-06T20:24:39.134	TEL,1376,S4,377537727,2001,44543,0,442,2932                    
2026-10-06T20:24:39.134	TEL,1377,S4,377547727,2001,44543,0,416,2932                    
2026-10-06T20:24:39.134	TEL,1378,S4,377557727,2001,44543,0,419,2935                    
2026-10-06T20:24:39.134	TEL,1379,S4,377567727,2001,44543,0,433,2935                    
2026-10-06T20:24:39.134	TEL,1380,S4,377577727,2001,44543,0,430,2932                    
2026-10-06T20:24:39.134	TEL,1381,S4,377587727,2001,44543,0,428,2932                    
2026-10-06T20:24:39.134	TEL,1382,S4,377597727,2001,44543,0,430,2935                    
2026-10-06T20:24:39.134	TEL,1383,S4,377607727,2001,44543,0,433,2935                    
2026-10-06T20:24:39.134	TEL,1384,S4,377617727,2001,44543,0,430,2932                    
2026-10-06T20:24:39.134	TEL,1385,S4,377627727,2001,44543,0,430,2932                    
2026-10-06T20:24:39.134	TEL,1386,S4,377637732,2007,44543,0,430,2932                    
2026-10-06T20:24:39.134	BTN,13,S4,PRESSED,377636957,377637753                          
2026-10-06T20:24:39.134	TEL,1387,S4,377647728,2003,44543,0,442,2932                    
2026-10-06T20:24:39.134	TEL,1388,S4,377657727,2001,44543,0,442,2933                    
2026-10-06T20:24:39.134	TEL,1389,S4,377667727,2001,44543,0,433,2933                    
2026-10-06T20:24:39.134	TEL,1390,S4,377677727,2001,44543,0,430,2932                    
2026-10-06T20:24:39.134	TEL,1391,S4,377687727,2001,44543,0,425,2932                    
2026-10-06T20:24:39.134	TEL,1392,S4,377697727,2001,44543,0,425,2932                    
2026-10-06T20:24:39.134	TEL,1393,S4,377707727,2001,44543,0,428,2932                    
2026-10-06T20:24:39.134	TEL,1394,S4,377717727,2001,44543,0,430,2935                    
2026-10-06T20:24:39.134	TEL,1395,S4,377727727,2001,44543,0,439,2935                    
2026-10-06T20:24:39.134	TEL,1396,S4,377737727,2001,44543,0,439,2935                    
2026-10-06T20:24:39.134	TEL,1397,S4,377747727,2001,44543,0,433,2935                    
2026-10-06T20:24:39.134	TEL,1398,S4,377757727,2001,44543,0,433,2935                    
2026-10-06T20:24:39.134	TEL,1399,S4,377767727,2001,44543,0,433,2935                    
2026-10-06T20:24:39.134	TEL,1400,S4,377777727,2001,44543,0,430,2932                    
2026-10-06T20:24:39.134	TEL,1401,S4,377787727,2001,44543,0,430,2932                    
2026-10-06T20:24:39.134	TEL,1402,S4,377797727,2001,44543,0,433,2935                    
2026-10-06T20:24:39.134	TEL,1403,S4,377807727,2001,44543,0,433,2935                    
2026-10-06T20:24:39.134	TEL,1404,S4,377817727,2001,44543,0,428,2928                    
2026-10-06T20:24:39.134	TEL,1405,S4,377827727,2001,44543,0,422,2928                    
2026-10-06T20:24:39.134	TEL,1406,S4,377837727,2001,44543,0,425,2932                    
2026-10-06T20:24:39.134	TEL,1407,S4,377847727,2001,44543,0,436,2932                    
2026-10-06T20:24:39.134	TEL,1408,S4,377857727,2001,44543,0,436,2932                    
2026-10-06T20:24:39.134	TEL,1409,S4,377867727,2001,44543,0,430,2932                    
2026-10-06T20:24:39.134	TEL,1410,S4,377877727,2001,44543,0,430,2932                    
2026-10-06T20:24:39.134	TEL,1411,S4,377887727,2001,44543,0,425,2932                    
2026-10-06T20:24:39.134	TEL,1412,S4,377897727,2001,44543,0,425,2932                    
2026-10-06T20:24:39.745	TEL,1413,S4,377907727,2001,44543,0,428,2932                    
2026-10-06T20:24:39.745	TEL,1414,S4,377917727,2001,44543,0,428,2932                    
2026-10-06T20:24:39.745	TEL,1415,S4,377927727,2001,44543,0,425,2932                    
2026-10-06T20:24:39.745	TEL,1416,S4,377937727,2001,44543,0,425,2932                    
2026-10-06T20:24:39.745	TEL,1417,S4,377947727,2001,44543,0,436,2932                    
2026-10-06T20:24:39.745	TEL,1418,S4,377957727,2001,44543,0,436,2933                    
2026-10-06T20:24:39.745	TEL,1419,S4,377967727,2001,44543,0,428,2933                    
2026-10-06T20:24:39.745	TEL,1420,S4,377977727,2001,44543,0,425,2932                    
2026-10-06T20:24:39.745	TEL,1421,S4,377987727,2001,44543,0,430,2932                    
2026-10-06T20:24:39.745	TEL,1422,S4,377997727,2001,44543,0,430,2932                    
2026-10-06T20:24:39.745	TEL,1423,S4,378007727,2001,44543,0,428,2932                    
2026-10-06T20:24:39.745	TEL,1424,S4,378017727,2001,44543,0,428,2932                    
2026-10-06T20:24:39.745	TEL,1425,S4,378027727,2001,44543,0,430,2932                    
2026-10-06T20:24:39.745	TEL,1426,S4,378037727,2001,44543,0,430,2932                    
2026-10-06T20:24:39.745	TEL,1427,S4,378047727,2001,44543,0,428,2932                    
2026-10-06T20:24:39.745	TEL,1428,S4,378057727,2001,44543,0,428,2932                    
2026-10-06T20:24:39.745	TEL,1429,S4,378067727,2001,44543,0,425,2932                    
2026-10-06T20:24:39.745	TEL,1430,S4,378077727,2001,44543,0,428,2935                    
2026-10-06T20:24:39.745	TEL,1431,S4,378087727,2001,44543,0,428,2935                    
2026-10-06T20:24:39.745	TEL,1432,S4,378097727,2001,44543,0,428,2935                    
2026-10-06T20:24:39.745	TEL,1433,S4,378107727,2001,44543,0,430,2935                    
2026-10-06T20:24:39.745	TEL,1434,S4,378117727,2001,44543,0,430,2935                    
2026-10-06T20:24:39.745	TEL,1435,S4,378127727,2001,44543,0,428,2935                    
2026-10-06T20:24:39.745	TEL,1436,S4,378137727,2001,44543,0,425,2932                    
2026-10-06T20:24:39.745	TEL,1437,S4,378147727,2001,44543,0,428,2932                    
2026-10-06T20:24:39.745	TEL,1438,S4,378157727,2001,44543,0,428,2932                    
2026-10-06T20:24:39.745	TEL,1439,S4,378167727,2001,44543,0,439,2932                    
2026-10-06T20:24:39.745	TEL,1440,S4,378177727,2001,44543,0,436,2928                    
2026-10-06T20:24:39.745	TEL,1441,S4,378187727,2001,44543,0,422,2928                    
2026-10-06T20:24:39.745	TEL,1442,S4,378197727,2001,44543,0,422,2928                    
2026-10-06T20:24:39.745	BTN,14,S4,PRESSED,378199962,378199970                          
2026-10-06T20:24:39.745	TEL,1443,S4,378207728,2003,44543,0,425,2928                    
2026-10-06T20:24:39.745	TEL,1444,S4,378217727,2001,44543,0,430,2933                    
2026-10-06T20:24:39.745	TEL,1445,S4,378227727,2001,44543,0,433,2933                    
2026-10-06T20:24:39.745	TEL,1446,S4,378237727,2001,44543,0,430,2932                    
2026-10-06T20:24:39.745	TEL,1447,S4,378247727,2001,44543,0,433,2932                    
2026-10-06T20:24:39.745	TEL,1448,S4,378257727,2001,44543,0,433,2932                    
2026-10-06T20:24:39.745	TEL,1449,S4,378267727,2001,44543,0,436,2932                    
2026-10-06T20:24:39.745	TEL,1450,S4,378277727,2001,44543,0,436,2932                    
2026-10-06T20:24:39.745	TEL,1451,S4,378287727,2001,44543,0,425,2932                    
2026-10-06T20:24:39.745	TEL,1452,S4,378297727,2001,44543,0,425,2932                    
2026-10-06T20:24:39.745	TEL,1453,S4,378307727,2001,44543,0,430,2932                    
2026-10-06T20:24:39.745	TEL,1454,S4,378317727,2001,44543,0,430,2932                    
2026-10-06T20:24:39.745	TEL,1455,S4,378327727,2001,44543,0,428,2932                    
2026-10-06T20:24:39.745	TEL,1456,S4,378337727,2001,44543,0,428,2932                    
2026-10-06T20:24:39.745	TEL,1457,S4,378347727,2001,44543,0,425,2932                    
2026-10-06T20:24:39.745	TEL,1458,S4,378357727,2001,44543,0,425,2932                    
2026-10-06T20:24:39.745	TEL,1459,S4,378367727,2001,44543,0,436,2932                    
2026-10-06T20:24:39.745	TEL,1460,S4,378377727,2001,44543,0,439,2935                    
2026-10-06T20:24:39.745	TEL,1461,S4,378387727,2001,44543,0,433,2935                    
2026-10-06T20:24:39.745	TEL,1462,S4,378397727,2001,44543,0,433,2935                    
2026-10-06T20:24:39.745	TEL,1463,S4,378407727,2001,44543,0,433,2935                    
2026-10-06T20:24:39.745	TEL,1464,S4,378417727,2001,44543,0,428,2928                    
2026-10-06T20:24:39.745	TEL,1465,S4,378427727,2001,44543,0,428,2928                    
2026-10-06T20:24:39.746	TEL,1466,S4,378437727,2001,44543,0,430,2932                    
2026-10-06T20:24:39.746	TEL,1467,S4,378447727,2001,44543,0,430,2932                    
2026-10-06T20:24:39.746	TEL,1468,S4,378457727,2001,44543,0,430,2932                    
2026-10-06T20:24:39.746	TEL,1469,S4,378467727,2001,44543,0,430,2932                    
2026-10-06T20:24:39.746	TEL,1470,S4,378477727,2001,44543,0,430,2932                    
2026-10-06T20:24:39.746	TEL,1471,S4,378487727,2001,44543,0,428,2932                    
2026-10-06T20:24:39.746	TEL,1472,S4,378497727,2001,44543,0,425,2928                    
2026-10-06T20:24:39.746	TEL,1473,S4,378507727,2001,44543,0,425,2928                    
2026-10-06T20:24:40.352	TEL,1474,S4,378517727,2001,44543,0,428,2932                    
2026-10-06T20:24:40.352	TEL,1475,S4,378527727,2001,44543,0,430,2932                    
2026-10-06T20:24:40.352	TEL,1476,S4,378537727,2001,44543,0,428,2928                    
2026-10-06T20:24:40.352	TEL,1477,S4,378547727,2001,44543,0,428,2928                    
2026-10-06T20:24:40.352	TEL,1478,S4,378557727,2001,44543,0,430,2932                    
2026-10-06T20:24:40.352	TEL,1479,S4,378567727,2001,44543,0,430,2932                    
2026-10-06T20:24:40.352	TEL,1480,S4,378577727,2001,44543,0,430,2932                    
2026-10-06T20:24:40.352	TEL,1481,S4,378587727,2001,44543,0,428,2932                    
2026-10-06T20:24:40.352	TEL,1482,S4,378597727,2001,44543,0,430,2935                    
2026-10-06T20:24:40.352	TEL,1483,S4,378607727,2001,44543,0,433,2935                    
2026-10-06T20:24:40.352	TEL,1484,S4,378617727,2001,44543,0,430,2932                    
2026-10-06T20:24:40.352	TEL,1485,S4,378627727,2001,44543,0,425,2932                    
2026-10-06T20:24:40.352	TEL,1486,S4,378637727,2001,44543,0,422,2928                    
2026-10-06T20:24:40.352	TEL,1487,S4,378647727,2001,44543,0,422,2928                    
2026-10-06T20:24:40.352	TEL,1488,S4,378657727,2001,44543,0,425,2932                    
2026-10-06T20:24:40.352	TEL,1489,S4,378667727,2001,44543,0,428,2932                    
2026-10-06T20:24:40.352	TEL,1490,S4,378677727,2001,44543,0,425,2928                    
2026-10-06T20:24:40.352	TEL,1491,S4,378687727,2001,44543,0,428,2928                    
2026-10-06T20:24:40.352	TEL,1492,S4,378697727,2001,44543,0,433,2935                    
2026-10-06T20:24:40.352	TEL,1493,S4,378707727,2001,44543,0,428,2935                    
2026-10-06T20:24:40.352	TEL,1494,S4,378717727,2001,44543,0,425,2932                    
2026-10-06T20:24:40.352	TEL,1495,S4,378727727,2001,44543,0,430,2932                    
2026-10-06T20:24:40.352	TEL,1496,S4,378737727,2001,44543,0,430,2932                    
2026-10-06T20:24:40.352	TEL,1497,S4,378747727,2001,44543,0,436,2932                    
2026-10-06T20:24:40.352	TEL,1498,S4,378757727,2001,44543,0,436,2932                    
2026-10-06T20:24:40.352	TEL,1499,S4,378767727,2001,44543,0,436,2932                    
2026-10-06T20:24:40.352	TEL,1500,S4,378777727,2001,44543,0,436,2932                    
2026-10-06T20:24:40.352	TEL,1501,S4,378787727,2001,44543,0,430,2932                    
2026-10-06T20:24:40.352	TEL,1502,S4,378797727,2001,44543,0,433,2935                    
2026-10-06T20:24:40.352	TEL,1503,S4,378807727,2001,44543,0,433,2935                    
2026-10-06T20:24:40.352	TEL,1504,S4,378817727,2001,44543,0,433,2935                    
2026-10-06T20:24:40.352	TEL,1505,S4,378827727,2001,44543,0,430,2935                    
2026-10-06T20:24:40.352	TEL,1506,S4,378837727,2001,44543,0,428,2932                    
2026-10-06T20:24:40.352	TEL,1507,S4,378847727,2001,44543,0,425,2932                    
2026-10-06T20:24:40.352	TEL,1508,S4,378857727,2001,44543,0,428,2935                    
2026-10-06T20:24:40.352	TEL,1509,S4,378867727,2001,44543,0,439,2935                    
2026-10-06T20:24:40.352	TEL,1510,S4,378877727,2001,44543,0,436,2932                    
2026-10-06T20:24:40.352	TEL,1511,S4,378887727,2001,44543,0,442,2932                    
2026-10-06T20:24:40.352	TEL,1512,S4,378897727,2001,44543,0,436,2928                    
2026-10-06T20:24:40.352	TEL,1513,S4,378907727,2001,44543,0,428,2928                    
2026-10-06T20:24:40.352	TEL,1514,S4,378917732,2007,44543,0,428,2928                    
2026-10-06T20:24:40.352	BTN,15,S4,PRESSED,378916968,378917753                          
2026-10-06T20:24:40.352	TEL,1515,S4,378927728,2003,44543,0,430,2928                    
2026-10-06T20:24:40.352	TEL,1516,S4,378937727,2001,44543,0,433,2932                    
2026-10-06T20:24:40.352	TEL,1517,S4,378947727,2001,44543,0,442,2932                    
2026-10-06T20:24:40.352	TEL,1518,S4,378957727,2001,44543,0,442,2932                    
2026-10-06T20:24:40.352	TEL,1519,S4,378967727,2001,44543,0,436,2932                    
2026-10-06T20:24:40.352	TEL,1520,S4,378977727,2001,44543,0,436,2932                    
2026-10-06T20:24:40.352	TEL,1521,S4,378987727,2001,44543,0,436,2932                    
2026-10-06T20:24:40.352	TEL,1522,S4,378997727,2001,44543,0,433,2928                    
2026-10-06T20:24:40.352	TEL,1523,S4,379007727,2001,44543,0,425,2928                    
2026-10-06T20:24:40.352	TEL,1524,S4,379017727,2001,44543,0,430,2935                    
2026-10-06T20:24:40.352	TEL,1525,S4,379027727,2001,44543,0,439,2935                    
2026-10-06T20:24:40.352	TEL,1526,S4,379037727,2001,44543,0,433,2928                    
2026-10-06T20:24:40.352	TEL,1527,S4,379047727,2001,44543,0,425,2928                    
2026-10-06T20:24:40.352	TEL,1528,S4,379057727,2001,44543,0,430,2935                    
2026-10-06T20:24:40.352	TEL,1529,S4,379067727,2001,44543,0,439,2935                    
2026-10-06T20:24:40.352	TEL,1530,S4,379077727,2001,44543,0,436,2932                    
2026-10-06T20:24:40.352	TEL,1531,S4,379087727,2001,44543,0,430,2932                    
2026-10-06T20:24:40.352	TEL,1532,S4,379097727,2001,44543,0,433,2933                    
2026-10-06T20:24:40.352	TEL,1533,S4,379107727,2001,44543,0,419,2933                    
2026-10-06T20:24:40.352	TEL,1534,S4,379117727,2001,44543,0,419,2932                    
2026-10-06T20:24:40.986	TEL,1535,S4,379127727,2001,44543,0,430,2932                    
2026-10-06T20:24:40.986	TEL,1536,S4,379137727,2001,44543,0,433,2933                    
2026-10-06T20:24:40.986	TEL,1537,S4,379147727,2001,44543,0,428,2933                    
2026-10-06T20:24:40.986	TEL,1538,S4,379157727,2001,44543,0,425,2932                    
2026-10-06T20:24:40.986	TEL,1539,S4,379167727,2001,44543,0,430,2932                    
2026-10-06T20:24:40.986	TEL,1540,S4,379177727,2001,44543,0,433,2933                    
2026-10-06T20:24:40.986	TEL,1541,S4,379187727,2001,44543,0,430,2933                    
2026-10-06T20:24:40.986	TEL,1542,S4,379197727,2001,44543,0,428,2932                    
2026-10-06T20:24:40.986	TEL,1543,S4,379207727,2001,44543,0,430,2932                    
2026-10-06T20:24:40.986	TEL,1544,S4,379217727,2001,44543,0,430,2932                    
2026-10-06T20:24:40.986	TEL,1545,S4,379227727,2001,44543,0,428,2932                    
2026-10-06T20:24:40.986	TEL,1546,S4,379237727,2001,44543,0,428,2932                    
2026-10-06T20:24:40.986	TEL,1547,S4,379247727,2001,44543,0,419,2932                    
2026-10-06T20:24:40.986	TEL,1548,S4,379257727,2001,44543,0,422,2933                    
2026-10-06T20:24:40.987	TEL,1549,S4,379267727,2001,44543,0,436,2933                    
2026-10-06T20:24:40.987	TEL,1550,S4,379277727,2001,44543,0,436,2932                    
2026-10-06T20:24:40.987	TEL,1551,S4,379287727,2001,44543,0,425,2932                    
2026-10-06T20:24:40.987	TEL,1552,S4,379297727,2001,44543,0,428,2935                    
2026-10-06T20:24:40.987	TEL,1553,S4,379307727,2001,44543,0,436,2935                    
2026-10-06T20:24:40.987	TEL,1554,S4,379317727,2001,44543,0,433,2932                    
2026-10-06T20:24:40.987	TEL,1555,S4,379327727,2001,44543,0,430,2932                    
2026-10-06T20:24:40.987	TEL,1556,S4,379337727,2001,44543,0,428,2928                    
2026-10-06T20:24:40.987	TEL,1557,S4,379347727,2001,44543,0,428,2928                    
2026-10-06T20:24:40.987	TEL,1558,S4,379357727,2001,44543,0,430,2932                    
2026-10-06T20:24:40.987	TEL,1559,S4,379367727,2001,44543,0,430,2932                    
2026-10-06T20:24:40.987	TEL,1560,S4,379377727,2001,44543,0,430,2932                    
2026-10-06T20:24:40.987	TEL,1561,S4,379387727,2001,44543,0,436,2932                    
2026-10-06T20:24:40.987	TEL,1562,S4,379397727,2001,44543,0,436,2932                    
2026-10-06T20:24:40.987	TEL,1563,S4,379407727,2001,44543,0,419,2932                    
2026-10-06T20:24:40.987	TEL,1564,S4,379417727,2001,44543,0,425,2935                    
2026-10-06T20:24:40.987	TEL,1565,S4,379427727,2001,44543,0,428,2935                    
2026-10-06T20:24:40.987	TEL,1566,S4,379437727,2001,44543,0,425,2932                    
2026-10-06T20:24:40.987	TEL,1567,S4,379447727,2001,44543,0,425,2932                    
2026-10-06T20:24:40.987	TEL,1568,S4,379457727,2001,44543,0,425,2932                    
2026-10-06T20:24:40.987	TEL,1569,S4,379467727,2001,44543,0,436,2932                    
2026-10-06T20:24:40.987	TEL,1570,S4,379477727,2001,44543,0,433,2928                    
2026-10-06T20:24:40.987	TEL,1571,S4,379487727,2001,44543,0,433,2928                    
2026-10-06T20:24:40.987	TEL,1572,S4,379497727,2001,44543,0,439,2935                    
2026-10-06T20:24:40.987	TEL,1573,S4,379507727,2001,44543,0,433,2935                    
2026-10-06T20:24:40.987	TEL,1574,S4,379517727,2001,44543,0,430,2932                    
2026-10-06T20:24:40.987	TEL,1575,S4,379527727,2001,44543,0,425,2932                    
2026-10-06T20:24:40.987	BTN,16,S4,PRESSED,379533973,379533980                          
2026-10-06T20:24:40.987	TEL,1576,S4,379537728,2003,44543,0,422,2928                    
2026-10-06T20:24:40.987	TEL,1577,S4,379547727,2002,44543,0,422,2928                    
2026-10-06T20:24:40.987	TEL,1578,S4,379557727,2001,44543,0,428,2935                    
2026-10-06T20:24:40.987	TEL,1579,S4,379567727,2001,44543,0,433,2935                    
2026-10-06T20:24:40.987	TEL,1580,S4,379577727,2001,44543,0,428,2928                    
2026-10-06T20:24:40.987	TEL,1581,S4,379587727,2001,44543,0,425,2928                    
2026-10-06T20:24:40.987	TEL,1582,S4,379597727,2001,44543,0,428,2932                    
2026-10-06T20:24:40.987	TEL,1583,S4,379607727,2001,44543,0,428,2932                    
2026-10-06T20:24:40.987	TEL,1584,S4,379617727,2001,44543,0,428,2932                    
2026-10-06T20:24:40.987	TEL,1585,S4,379627727,2001,44543,0,436,2932                    
2026-10-06T20:24:40.987	TEL,1586,S4,379637727,2001,44543,0,436,2932                    
2026-10-06T20:24:40.987	TEL,1587,S4,379647727,2001,44543,0,430,2932                    
2026-10-06T20:24:40.987	TEL,1588,S4,379657727,2001,44543,0,430,2932                    
2026-10-06T20:24:40.987	TEL,1589,S4,379667727,2001,44543,0,425,2932                    
2026-10-06T20:24:40.987	TEL,1590,S4,379677727,2001,44543,0,425,2932                    
2026-10-06T20:24:40.987	TEL,1591,S4,379687727,2001,44543,0,425,2932                    
2026-10-06T20:24:40.987	TEL,1592,S4,379697727,2001,44543,0,425,2932                    
2026-10-06T20:24:40.987	TEL,1593,S4,379707727,2001,44543,0,428,2932                    
2026-10-06T20:24:40.987	TEL,1594,S4,379717727,2001,44543,0,430,2935                    
2026-10-06T20:24:40.987	TEL,1595,S4,379727727,2001,44543,0,428,2935                    
2026-10-06T20:24:41.585	TEL,1596,S4,379737727,2001,44543,0,425,2932                    
2026-10-06T20:24:41.585	TEL,1597,S4,379747727,2001,44543,0,428,2932                    
2026-10-06T20:24:41.585	TEL,1598,S4,379757727,2001,44543,0,430,2935                    
2026-10-06T20:24:41.585	TEL,1599,S4,379767727,2001,44543,0,428,2935                    
2026-10-06T20:24:41.585	TEL,1600,S4,379777727,2001,44543,0,425,2932                    
2026-10-06T20:24:41.585	TEL,1601,S4,379787727,2001,44543,0,439,2932                    
2026-10-06T20:24:41.585	TEL,1602,S4,379797727,2001,44543,0,442,2935                    
2026-10-06T20:24:41.585	TEL,1603,S4,379807727,2001,44543,0,428,2935                    
2026-10-06T20:24:41.585	TEL,1604,S4,379817727,2001,44543,0,425,2932                    
2026-10-06T20:24:41.585	TEL,1605,S4,379827727,2001,44543,0,428,2932                    
2026-10-06T20:24:41.585	TEL,1606,S4,379837727,2001,44543,0,430,2935                    
2026-10-06T20:24:41.585	TEL,1607,S4,379847727,2001,44543,0,439,2935                    
2026-10-06T20:24:41.585	TEL,1608,S4,379857727,2001,44543,0,436,2932                    
2026-10-06T20:24:41.585	TEL,1609,S4,379867727,2001,44543,0,430,2932                    
2026-10-06T20:24:41.585	TEL,1610,S4,379877727,2001,44543,0,430,2932                    
2026-10-06T20:24:41.585	TEL,1611,S4,379887727,2001,44543,0,430,2932                    
2026-10-06T20:24:41.585	TEL,1612,S4,379897727,2001,44543,0,430,2932                    
2026-10-06T20:24:41.585	TEL,1613,S4,379907727,2001,44543,0,428,2932                    
2026-10-06T20:24:41.585	TEL,1614,S4,379917727,2001,44543,0,428,2932                    
2026-10-06T20:24:41.585	TEL,1615,S4,379927727,2001,44543,0,428,2932                    
2026-10-06T20:24:41.585	TEL,1616,S4,379937727,2001,44543,0,430,2935                    
2026-10-06T20:24:41.585	TEL,1617,S4,379947727,2001,44543,0,439,2935                    
2026-10-06T20:24:41.585	TEL,1618,S4,379957727,2001,44543,0,436,2932                    
2026-10-06T20:24:41.585	TEL,1619,S4,379967727,2001,44543,0,430,2932                    
2026-10-06T20:24:41.585	TEL,1620,S4,379977727,2001,44543,0,430,2932                    
2026-10-06T20:24:41.585	TEL,1621,S4,379987727,2001,44543,0,425,2932                    
2026-10-06T20:24:41.585	TEL,1622,S4,379997727,2001,44543,0,425,2932                    
2026-10-06T20:24:41.585	TEL,1623,S4,380007727,2001,44543,0,430,2932                    
2026-10-06T20:24:41.585	TEL,1624,S4,380017727,2001,44543,0,430,2932                    
2026-10-06T20:24:41.585	TEL,1625,S4,380027727,2001,44543,0,430,2932                    
2026-10-06T20:24:41.585	TEL,1626,S4,380037727,2001,44543,0,430,2932                    
2026-10-06T20:24:41.585	TEL,1627,S4,380047727,2001,44543,0,430,2932                    
2026-10-06T20:24:41.585	TEL,1628,S4,380057727,2001,44543,0,430,2932                    
2026-10-06T20:24:41.585	TEL,1629,S4,380067727,2001,44543,0,430,2932                    
2026-10-06T20:24:41.585	TEL,1630,S4,380077727,2001,44543,0,430,2932                    
2026-10-06T20:24:41.585	TEL,1631,S4,380087727,2001,44543,0,428,2932                    
2026-10-06T20:24:41.585	TEL,1632,S4,380097727,2001,44543,0,428,2932                    
2026-10-06T20:24:41.585	TEL,1633,S4,380107727,2001,44543,0,430,2932                    
2026-10-06T20:24:41.585	TEL,1634,S4,380117727,2001,44543,0,428,2928                    
2026-10-06T20:24:41.585	TEL,1635,S4,380127727,2001,44543,0,428,2928                    
2026-10-06T20:24:41.585	TEL,1636,S4,380137727,2001,44543,0,430,2932                    
2026-10-06T20:24:41.585	TEL,1637,S4,380147727,2001,44543,0,425,2932                    
2026-10-06T20:24:41.585	TEL,1638,S4,380157727,2001,44543,0,425,2932                    
2026-10-06T20:24:41.585	TEL,1639,S4,380167727,2001,44543,0,430,2932                    
2026-10-06T20:24:41.585	TEL,1640,S4,380177727,2001,44543,0,430,2932                    
2026-10-06T20:24:41.585	TEL,1641,S4,380187727,2001,44543,0,430,2932                    
2026-10-06T20:24:41.585	TEL,1642,S4,380197727,2001,44543,0,433,2935                    
2026-10-06T20:24:41.585	TEL,1643,S4,380207727,2001,44543,0,430,2935                    
2026-10-06T20:24:41.585	TEL,1644,S4,380217727,2001,44543,0,425,2928                    
2026-10-06T20:24:41.585	TEL,1645,S4,380227727,2001,44543,0,433,2928                    
2026-10-06T20:24:41.585	TEL,1646,S4,380237727,2001,44543,0,436,2932                    
2026-10-06T20:24:41.585	TEL,1647,S4,380247727,2001,44543,0,425,2932                    
2026-10-06T20:24:41.585	TEL,1648,S4,380257727,2001,44543,0,425,2932                    
2026-10-06T20:24:41.585	TEL,1649,S4,380267727,2001,44543,0,425,2932                    
2026-10-06T20:24:41.585	TEL,1650,S4,380277727,2001,44543,0,425,2932                    
2026-10-06T20:24:41.585	TEL,1651,S4,380287727,2001,44543,0,425,2932                    
2026-10-06T20:24:41.585	TEL,1652,S4,380297727,2001,44543,0,425,2932                    
2026-10-06T20:24:41.585	TEL,1653,S4,380307727,2001,44543,0,428,2932                    
2026-10-06T20:24:41.585	TEL,1654,S4,380317727,2001,44543,0,428,2932                    
2026-10-06T20:24:41.585	TEL,1655,S4,380327727,2001,44543,0,439,2932                    
2026-10-06T20:24:41.585	TEL,1656,S4,380337727,2001,44543,0,442,2935                    
2026-10-06T20:24:41.585	TEL,1657,S4,380347727,2001,44543,0,433,2935                    
2026-10-06T20:24:42.195	TEL,1658,S4,380357727,2001,44543,0,430,2932                    
2026-10-06T20:24:42.195	TEL,1659,S4,380367727,2001,44543,0,436,2932                    
2026-10-06T20:24:42.195	TEL,1660,S4,380377727,2001,44543,0,436,2932                    
2026-10-06T20:24:42.195	TEL,1661,S4,380387727,2001,44543,0,428,2932                    
2026-10-06T20:24:42.195	TEL,1662,S4,380397727,2001,44543,0,428,2932                    
2026-10-06T20:24:42.195	TEL,1663,S4,380407727,2001,44543,0,425,2932                    
2026-10-06T20:24:42.195	TEL,1664,S4,380417727,2001,44543,0,425,2932                    
2026-10-06T20:24:42.195	BTN,17,S4,PRESSED,380422978,380422986                          
2026-10-06T20:24:42.195	TEL,1665,S4,380427728,2003,44543,0,428,2932                    
2026-10-06T20:24:42.195	TEL,1666,S4,380437727,2001,44543,0,430,2933                    
2026-10-06T20:24:42.195	TEL,1667,S4,380447727,2001,44543,0,433,2933                    
2026-10-06T20:24:42.195	TEL,1668,S4,380457727,2001,44543,0,433,2933                    
2026-10-06T20:24:42.195	TEL,1669,S4,380467727,2001,44543,0,436,2933                    
2026-10-06T20:24:42.195	TEL,1670,S4,380477727,2001,44543,0,436,2932                    
2026-10-06T20:24:42.195	TEL,1671,S4,380487727,2001,44543,0,430,2932                    
2026-10-06T20:24:42.195	TEL,1672,S4,380497727,2001,44543,0,430,2932                    
2026-10-06T20:24:42.195	TEL,1673,S4,380507727,2001,44543,0,425,2932                    
2026-10-06T20:24:42.195	TEL,1674,S4,380517727,2001,44543,0,422,2928                    
2026-10-06T20:24:42.195	TEL,1675,S4,380527727,2001,44543,0,422,2928                    
2026-10-06T20:24:42.195	TEL,1676,S4,380537727,2001,44543,0,425,2932                    
2026-10-06T20:24:42.195	TEL,1677,S4,380547727,2001,44543,0,428,2932                    
2026-10-06T20:24:42.195	TEL,1678,S4,380557727,2001,44543,0,422,2925                    
2026-10-06T20:24:42.195	TEL,1679,S4,380567727,2001,44543,0,425,2925                    
2026-10-06T20:24:42.195	TEL,1680,S4,380577727,2001,44543,0,428,2928                    
2026-10-06T20:24:42.195	TEL,1681,S4,380587727,2001,44543,0,425,2928                    
2026-10-06T20:24:42.195	TEL,1682,S4,380597727,2001,44543,0,428,2932                    
2026-10-06T20:24:42.195	TEL,1683,S4,380607727,2001,44543,0,430,2932                    
2026-10-06T20:24:42.195	TEL,1684,S4,380617727,2001,44543,0,430,2932                    
2026-10-06T20:24:42.195	TEL,1685,S4,380627727,2001,44543,0,425,2932                    
2026-10-06T20:24:42.195	TEL,1686,S4,380637727,2001,44543,0,428,2935                    
2026-10-06T20:24:42.195	TEL,1687,S4,380647727,2001,44543,0,430,2935                    
2026-10-06T20:24:42.195	TEL,1688,S4,380657727,2001,44543,0,428,2932                    
2026-10-06T20:24:42.195	TEL,1689,S4,380667727,2001,44543,0,430,2932                    
2026-10-06T20:24:42.195	TEL,1690,S4,380677727,2001,44543,0,433,2935                    
2026-10-06T20:24:42.195	TEL,1691,S4,380687727,2001,44543,0,428,2935                    
2026-10-06T20:24:42.195	TEL,1692,S4,380697727,2001,44543,0,428,2935                    
2026-10-06T20:24:42.195	TEL,1693,S4,380707727,2001,44543,0,433,2935                    
2026-10-06T20:24:42.195	TEL,1694,S4,380717727,2001,44543,0,433,2935                    
2026-10-06T20:24:42.195	TEL,1695,S4,380727727,2001,44543,0,428,2935                    
2026-10-06T20:24:42.195	TEL,1696,S4,380737727,2001,44543,0,428,2935                    
2026-10-06T20:24:42.195	TEL,1697,S4,380747727,2001,44543,0,442,2935                    
2026-10-06T20:24:42.195	TEL,1698,S4,380757727,2001,44543,0,442,2935                    
2026-10-06T20:24:42.195	TEL,1699,S4,380767727,2001,44543,0,436,2935                    
2026-10-06T20:24:42.195	TEL,1700,S4,380777727,2001,44543,0,436,2935                    
2026-10-06T20:24:42.195	TEL,1701,S4,380787727,2001,44543,0,433,2935                    
2026-10-06T20:24:42.195	TEL,1702,S4,380797727,2001,44543,0,433,2935                    
2026-10-06T20:24:42.195	TEL,1703,S4,380807727,2001,44543,0,428,2935                    
2026-10-06T20:24:42.195	TEL,1704,S4,380817727,2001,44543,0,422,2928                    
2026-10-06T20:24:42.195	TEL,1705,S4,380827727,2001,44543,0,419,2928                    
2026-10-06T20:24:42.195	TEL,1706,S4,380837727,2001,44543,0,422,2932                    
2026-10-06T20:24:42.195	TEL,1707,S4,380847727,2001,44543,0,428,2932                    
2026-10-06T20:24:42.195	TEL,1708,S4,380857727,2001,44543,0,428,2932                    
2026-10-06T20:24:42.195	TEL,1709,S4,380867727,2001,44543,0,436,2932                    
2026-10-06T20:24:42.195	TEL,1710,S4,380877727,2001,44543,0,439,2935                    
2026-10-06T20:24:42.195	TEL,1711,S4,380887727,2001,44543,0,433,2935                    
2026-10-06T20:24:42.195	TEL,1712,S4,380897727,2001,44543,0,430,2932                    
2026-10-06T20:24:42.195	TEL,1713,S4,380907727,2001,44543,0,430,2932                    
2026-10-06T20:24:42.195	TEL,1714,S4,380917727,2001,44543,0,430,2932                    
2026-10-06T20:24:42.195	TEL,1715,S4,380927727,2001,44543,0,430,2932                    
2026-10-06T20:24:42.195	TEL,1716,S4,380937727,2001,44543,0,430,2932                    
2026-10-06T20:24:42.195	TEL,1717,S4,380947727,2001,44543,0,436,2932                    
2026-10-06T20:24:42.195	TEL,1718,S4,380957727,2001,44543,0,433,2928                    
2026-10-06T20:24:42.805	TEL,1719,S4,380967727,2001,44543,0,433,2928                    
2026-10-06T20:24:42.805	TEL,1720,S4,380977727,2001,44543,0,439,2935                    
2026-10-06T20:24:42.805	TEL,1721,S4,380987727,2001,44543,0,430,2935                    
2026-10-06T20:24:42.805	TEL,1722,S4,380997727,2001,44543,0,428,2932                    
2026-10-06T20:24:42.805	TEL,1723,S4,381007727,2001,44543,0,425,2932                    
2026-10-06T20:24:42.805	TEL,1724,S4,381017727,2001,44543,0,428,2935                    
2026-10-06T20:24:42.805	TEL,1725,S4,381027727,2001,44543,0,433,2935                    
2026-10-06T20:24:42.805	TEL,1726,S4,381037727,2001,44543,0,433,2935                    
2026-10-06T20:24:42.805	TEL,1727,S4,381047727,2001,44543,0,428,2935                    
2026-10-06T20:24:42.805	TEL,1728,S4,381057727,2001,44543,0,425,2932                    
2026-10-06T20:24:42.805	TEL,1729,S4,381067727,2001,44543,0,425,2932                    
2026-10-06T20:24:42.805	TEL,1730,S4,381077727,2001,44543,0,428,2935                    
2026-10-06T20:24:42.805	TEL,1731,S4,381087727,2001,44543,0,433,2935                    
2026-10-06T20:24:42.805	TEL,1732,S4,381097727,2001,44543,0,433,2935                    
2026-10-06T20:24:42.805	TEL,1733,S4,381107727,2001,44543,0,430,2935                    
2026-10-06T20:24:42.805	TEL,1734,S4,381117727,2001,44543,0,430,2935                    
2026-10-06T20:24:42.805	TEL,1735,S4,381127727,2001,44543,0,433,2935                    
2026-10-06T20:24:42.805	TEL,1736,S4,381137727,2001,44543,0,433,2935                    
2026-10-06T20:24:42.805	TEL,1737,S4,381147727,2001,44543,0,430,2935                    
2026-10-06T20:24:42.805	TEL,1738,S4,381157727,2001,44543,0,428,2932                    
2026-10-06T20:24:42.805	TEL,1739,S4,381167727,2001,44543,0,436,2932                    
2026-10-06T20:24:42.805	TEL,1740,S4,381177727,2001,44543,0,436,2932                    
2026-10-06T20:24:42.805	TEL,1741,S4,381187727,2001,44543,0,428,2932                    
2026-10-06T20:24:42.805	TEL,1742,S4,381197727,2001,44543,0,428,2932                    
2026-10-06T20:24:42.805	BTN,18,S4,PRESSED,381200984,381200991                          
2026-10-06T20:24:42.805	TEL,1743,S4,381207728,2003,44543,0,428,2932                    
2026-10-06T20:24:42.805	TEL,1744,S4,381217727,2001,44543,0,428,2932                    
2026-10-06T20:24:42.805	TEL,1745,S4,381227727,2001,44543,0,436,2932                    
2026-10-06T20:24:42.805	TEL,1746,S4,381237727,2001,44543,0,436,2932                    
2026-10-06T20:24:42.805	TEL,1747,S4,381247727,2001,44543,0,436,2932                    
2026-10-06T20:24:42.805	TEL,1748,S4,381257727,2001,44543,0,436,2932                    
2026-10-06T20:24:42.805	TEL,1749,S4,381267727,2001,44543,0,425,2932                    
2026-10-06T20:24:42.805	TEL,1750,S4,381277727,2001,44543,0,425,2932                    
2026-10-06T20:24:42.805	TEL,1751,S4,381287727,2001,44543,0,430,2932                    
2026-10-06T20:24:42.805	TEL,1752,S4,381297727,2001,44543,0,430,2932                    
2026-10-06T20:24:42.805	TEL,1753,S4,381307727,2001,44543,0,430,2932                    
2026-10-06T20:24:42.805	TEL,1754,S4,381317727,2001,44543,0,428,2928                    
2026-10-06T20:24:42.805	TEL,1755,S4,381327727,2001,44543,0,425,2928                    
2026-10-06T20:24:42.805	TEL,1756,S4,381337727,2001,44543,0,428,2932                    
2026-10-06T20:24:42.805	TEL,1757,S4,381347727,2001,44543,0,430,2932                    
2026-10-06T20:24:42.805	TEL,1758,S4,381357727,2001,44543,0,433,2935                    
2026-10-06T20:24:42.805	TEL,1759,S4,381367727,2001,44543,0,428,2935                    
2026-10-06T20:24:42.805	TEL,1760,S4,381377727,2001,44543,0,425,2932                    
2026-10-06T20:24:42.805	TEL,1761,S4,381387727,2001,44543,0,436,2932                    
2026-10-06T20:24:42.805	TEL,1762,S4,381397727,2001,44543,0,436,2932                    
2026-10-06T20:24:42.805	TEL,1763,S4,381407727,2001,44543,0,430,2932                    
2026-10-06T20:24:42.805	TEL,1764,S4,381417727,2001,44543,0,430,2932                    
2026-10-06T20:24:42.805	TEL,1765,S4,381427727,2001,44543,0,428,2932                    
2026-10-06T20:24:42.805	TEL,1766,S4,381437727,2001,44543,0,430,2935                    
2026-10-06T20:24:42.805	TEL,1767,S4,381447727,2001,44543,0,430,2935                    
2026-10-06T20:24:42.805	TEL,1768,S4,381457727,2001,44543,0,430,2935                    
2026-10-06T20:24:42.805	TEL,1769,S4,381467727,2001,44543,0,428,2935                    
2026-10-06T20:24:42.805	TEL,1770,S4,381477727,2001,44543,0,422,2928                    
2026-10-06T20:24:42.805	TEL,1771,S4,381487727,2001,44543,0,433,2928                    
2026-10-06T20:24:42.805	TEL,1772,S4,381497727,2001,44543,0,436,2932                    
2026-10-06T20:24:42.805	TEL,1773,S4,381507727,2001,44543,0,442,2932                    
2026-10-06T20:24:42.805	TEL,1774,S4,381517727,2001,44543,0,445,2935                    
2026-10-06T20:24:42.805	TEL,1775,S4,381527727,2001,44543,0,428,2935                    
2026-10-06T20:24:42.805	TEL,1776,S4,381537727,2001,44543,0,425,2932                    
2026-10-06T20:24:42.805	TEL,1777,S4,381547727,2001,44543,0,433,2932                    
2026-10-06T20:24:42.805	TEL,1778,S4,381557727,2001,44543,0,436,2935                    
2026-10-06T20:24:42.805	TEL,1779,S4,381567727,2001,44543,0,430,2935                    
2026-10-06T20:24:43.414	TEL,1780,S4,381577727,2001,44543,0,428,2932                    
2026-10-06T20:24:43.414	TEL,1781,S4,381587727,2001,44543,0,436,2932                    
2026-10-06T20:24:43.414	TEL,1782,S4,381597727,2001,44543,0,436,2932                    
2026-10-06T20:24:43.414	TEL,1783,S4,381607727,2001,44543,0,430,2932                    
2026-10-06T20:24:43.414	TEL,1784,S4,381617727,2001,44543,0,428,2928                    
2026-10-06T20:24:43.414	TEL,1785,S4,381627727,2001,44543,0,425,2928                    
2026-10-06T20:24:43.414	TEL,1786,S4,381637727,2001,44543,0,428,2932                    
2026-10-06T20:24:43.414	TEL,1787,S4,381647727,2001,44543,0,428,2932                    
2026-10-06T20:24:43.414	TEL,1788,S4,381657727,2001,44543,0,430,2935                    
2026-10-06T20:24:43.414	TEL,1789,S4,381667727,2001,44543,0,433,2935                    
2026-10-06T20:24:43.414	TEL,1790,S4,381677727,2001,44543,0,428,2928                    
2026-10-06T20:24:43.414	TEL,1791,S4,381687727,2001,44543,0,422,2928                    
2026-10-06T20:24:43.414	TEL,1792,S4,381697727,2001,44543,0,422,2928                    
2026-10-06T20:24:43.414	TEL,1793,S4,381707727,2001,44543,0,425,2928                    
2026-10-06T20:24:43.414	BTN,19,S4,PRESSED,381710989,381710997                          
2026-10-06T20:24:43.414	TEL,1794,S4,381717728,2003,44543,0,428,2932                    
2026-10-06T20:24:43.414	TEL,1795,S4,381727727,2001,44543,0,425,2932                    
2026-10-06T20:24:43.414	TEL,1796,S4,381737727,2001,44543,0,428,2935                    
2026-10-06T20:24:43.414	TEL,1797,S4,381747727,2001,44543,0,439,2935                    
2026-10-06T20:24:43.414	TEL,1798,S4,381757727,2001,44543,0,439,2935                    
2026-10-06T20:24:43.414	TEL,1799,S4,381767727,2001,44543,0,430,2935                    
2026-10-06T20:24:43.414	TEL,1800,S4,381777727,2001,44543,0,425,2928                    
2026-10-06T20:24:43.414	TEL,1801,S4,381787727,2001,44543,0,425,2928                    
2026-10-06T20:24:43.414	TEL,1802,S4,381797727,2001,44543,0,428,2932                    
2026-10-06T20:24:43.414	TEL,1803,S4,381807727,2001,44543,0,430,2932                    
2026-10-06T20:24:43.414	TEL,1804,S4,381817727,2001,44543,0,430,2932                    
2026-10-06T20:24:43.414	TEL,1805,S4,381827727,2001,44543,0,428,2932                    
2026-10-06T20:24:43.414	TEL,1806,S4,381837727,2001,44543,0,425,2928                    
2026-10-06T20:24:43.414	TEL,1807,S4,381847727,2001,44543,0,422,2928                    
2026-10-06T20:24:43.414	TEL,1808,S4,381857727,2001,44543,0,425,2932                    
2026-10-06T20:24:43.414	TEL,1809,S4,381867727,2001,44543,0,430,2932                    
2026-10-06T20:24:43.414	TEL,1810,S4,381877727,2001,44543,0,430,2932                    
2026-10-06T20:24:43.414	TEL,1811,S4,381887727,2001,44543,0,428,2932                    
2026-10-06T20:24:43.414	TEL,1812,S4,381897727,2001,44543,0,425,2928                    
2026-10-06T20:24:43.414	TEL,1813,S4,381907727,2001,44543,0,428,2928                    
2026-10-06T20:24:43.414	TEL,1814,S4,381917727,2001,44543,0,433,2935                    
2026-10-06T20:24:43.414	TEL,1815,S4,381927727,2001,44543,0,430,2935                    
2026-10-06T20:24:43.414	TEL,1816,S4,381937727,2001,44543,0,428,2932                    
2026-10-06T20:24:43.414	TEL,1817,S4,381947727,2001,44543,0,430,2932                    
2026-10-06T20:24:43.414	TEL,1818,S4,381957727,2001,44543,0,428,2928                    
2026-10-06T20:24:43.414	TEL,1819,S4,381967727,2001,44543,0,422,2928                    
2026-10-06T20:24:43.414	TEL,1820,S4,381977727,2001,44543,0,425,2932                    
2026-10-06T20:24:43.414	TEL,1821,S4,381987727,2001,44543,0,430,2932                    
2026-10-06T20:24:43.414	TEL,1822,S4,381997727,2001,44543,0,430,2932                    
2026-10-06T20:24:43.414	TEL,1823,S4,382007727,2001,44543,0,436,2932                    
2026-10-06T20:24:43.414	TEL,1824,S4,382017727,2001,44543,0,436,2932                    
2026-10-06T20:24:43.414	TEL,1825,S4,382027727,2001,44543,0,430,2932                    
2026-10-06T20:24:43.414	TEL,1826,S4,382037727,2001,44543,0,430,2932                    
2026-10-06T20:24:43.414	TEL,1827,S4,382047727,2001,44543,0,436,2932                    
2026-10-06T20:24:43.414	TEL,1828,S4,382057727,2001,44543,0,436,2932                    
2026-10-06T20:24:43.414	TEL,1829,S4,382067727,2001,44543,0,428,2932                    
2026-10-06T20:24:43.414	TEL,1830,S4,382077727,2001,44543,0,430,2935                    
2026-10-06T20:24:43.414	TEL,1831,S4,382087727,2001,44543,0,430,2935                    
2026-10-06T20:24:43.414	TEL,1832,S4,382097727,2001,44543,0,428,2930                    
2026-10-06T20:24:43.414	TEL,1833,S4,382107727,2001,44543,0,425,2930                    
2026-10-06T20:24:43.414	TEL,1834,S4,382117727,2001,44543,0,428,2935                    
2026-10-06T20:24:43.414	TEL,1835,S4,382127727,2001,44543,0,430,2935                    
2026-10-06T20:24:43.414	TEL,1836,S4,382137727,2001,44543,0,428,2932                    
2026-10-06T20:24:43.414	TEL,1837,S4,382147727,2001,44543,0,436,2932                    
2026-10-06T20:24:43.414	TEL,1838,S4,382157727,2001,44543,0,439,2935                    
2026-10-06T20:24:43.414	TEL,1839,S4,382167727,2001,44543,0,428,2935                    
2026-10-06T20:24:43.414	TEL,1840,S4,382177727,2001,44543,0,425,2932                    
2026-10-06T20:24:44.023	TEL,1841,S4,382187727,2001,44543,0,428,2932                    
2026-10-06T20:24:44.023	TEL,1842,S4,382197727,2001,44543,0,425,2928                    
2026-10-06T20:24:44.023	TEL,1843,S4,382207727,2001,44543,0,422,2928                    
2026-10-06T20:24:44.023	TEL,1844,S4,382217727,2001,44543,0,425,2932                    
2026-10-06T20:24:44.023	TEL,1845,S4,382227727,2001,44543,0,430,2932                    
2026-10-06T20:24:44.023	TEL,1846,S4,382237727,2001,44543,0,430,2932                    
2026-10-06T20:24:44.023	TEL,1847,S4,382247727,2001,44543,0,430,2932                    
2026-10-06T20:24:44.023	TEL,1848,S4,382257727,2001,44543,0,430,2932                    
2026-10-06T20:24:44.023	TEL,1849,S4,382267727,2001,44543,0,425,2932                    
2026-10-06T20:24:44.023	TEL,1850,S4,382277727,2001,44543,0,425,2932                    
2026-10-06T20:24:44.023	BTN,20,S4,PRESSED,382279995,382280002                          
2026-10-06T20:24:44.023	TEL,1851,S4,382287728,2003,44543,0,428,2932                    
2026-10-06T20:24:44.023	TEL,1852,S4,382297727,2001,44543,0,428,2932                    
2026-10-06T20:24:44.023	TEL,1853,S4,382307727,2001,44543,0,430,2932                    
2026-10-06T20:24:44.023	TEL,1854,S4,382317727,2001,44543,0,428,2928                    
2026-10-06T20:24:44.025	TEL,1855,S4,382327727,2001,44543,0,425,2928                    
2026-10-06T20:24:44.025	TEL,1856,S4,382337727,2001,44543,0,430,2933                    
2026-10-06T20:24:44.025	TEL,1857,S4,382347727,2001,44543,0,428,2933                    
2026-10-06T20:24:44.025	TEL,1858,S4,382357727,2001,44543,0,425,2932                    
2026-10-06T20:24:44.025	TEL,1859,S4,382367727,2001,44543,0,428,2932                    
2026-10-06T20:24:44.025	TEL,1860,S4,382377727,2001,44543,0,428,2932                    
2026-10-06T20:24:44.025	TEL,1861,S4,382387727,2001,44543,0,436,2932                    
2026-10-06T20:24:44.025	TEL,1862,S4,382397727,2001,44543,0,436,2933                    
2026-10-06T20:24:44.025	TEL,1863,S4,382407727,2001,44543,0,428,2933                    
2026-10-06T20:24:44.025	TEL,1864,S4,382417727,2001,44543,0,425,2932                    
2026-10-06T20:24:44.025	TEL,1865,S4,382427727,2001,44543,0,439,2932                    
2026-10-06T20:24:44.025	TEL,1866,S4,382437727,2001,44543,0,439,2932                    
2026-10-06T20:24:44.025	TEL,1867,S4,382447727,2001,44543,0,436,2932                    
2026-10-06T20:24:44.025	TEL,1868,S4,382457727,2001,44543,0,433,2928                    
2026-10-06T20:24:44.025	TEL,1869,S4,382467727,2001,44543,0,425,2928                    
2026-10-06T20:24:44.025	TEL,1870,S4,382477727,2001,44543,0,428,2932                    
2026-10-06T20:24:44.025	TEL,1871,S4,382487727,2001,44543,0,436,2932                    
2026-10-06T20:24:44.025	TEL,1872,S4,382497727,2001,44543,0,436,2932                    
2026-10-06T20:24:44.025	TEL,1873,S4,382507727,2001,44543,0,425,2932                    
2026-10-06T20:24:44.025	TEL,1874,S4,382517727,2001,44543,0,425,2932                    
2026-10-06T20:24:44.025	TEL,1875,S4,382527727,2001,44543,0,425,2932                    
2026-10-06T20:24:44.025	TEL,1876,S4,382537727,2001,44543,0,428,2935                    
2026-10-06T20:24:44.025	TEL,1877,S4,382547727,2001,44543,0,428,2935                    
2026-10-06T20:24:44.025	TEL,1878,S4,382557727,2001,44543,0,422,2928                    
2026-10-06T20:24:44.025	TEL,1879,S4,382567727,2001,44543,0,425,2928                    
2026-10-06T20:24:44.025	TEL,1880,S4,382577727,2001,44543,0,428,2932                    
2026-10-06T20:24:44.025	TEL,1881,S4,382587727,2001,44543,0,436,2932                    
2026-10-06T20:24:44.025	TEL,1882,S4,382597727,2001,44543,0,436,2932                    
2026-10-06T20:24:44.025	TEL,1883,S4,382607727,2001,44543,0,425,2932                    
2026-10-06T20:24:44.025	TEL,1884,S4,382617727,2001,44543,0,422,2928                    
2026-10-06T20:24:44.025	TEL,1885,S4,382627727,2001,44543,0,428,2928                    
2026-10-06T20:24:44.025	TEL,1886,S4,382637727,2001,44543,0,428,2928                    
2026-10-06T20:24:44.025	TEL,1887,S4,382647727,2001,44543,0,425,2928                    
2026-10-06T20:24:44.025	TEL,1888,S4,382657727,2001,44543,0,428,2932                    
2026-10-06T20:24:44.025	TEL,1889,S4,382667727,2001,44543,0,425,2932                    
2026-10-06T20:24:44.025	TEL,1890,S4,382677727,2001,44543,0,428,2935                    
2026-10-06T20:24:44.025	TEL,1891,S4,382687727,2001,44543,0,428,2935                    
2026-10-06T20:24:44.025	TEL,1892,S4,382697727,2001,44543,0,425,2932                    
2026-10-06T20:24:44.025	TEL,1893,S4,382707727,2001,44543,0,425,2932                    
2026-10-06T20:24:44.025	TEL,1894,S4,382717727,2001,44543,0,425,2932                    
2026-10-06T20:24:44.025	TEL,1895,S4,382727727,2001,44543,0,430,2932                    
2026-10-06T20:24:44.025	TEL,1896,S4,382737727,2001,44543,0,433,2933                    
2026-10-06T20:24:44.025	TEL,1897,S4,382747727,2001,44543,0,433,2933                    
2026-10-06T20:24:44.025	TEL,1898,S4,382757727,2001,44543,0,430,2932                    
2026-10-06T20:24:44.025	TEL,1899,S4,382767727,2001,44543,0,425,2932                    
2026-10-06T20:24:44.025	TEL,1900,S4,382777727,2001,44543,0,425,2932                    
2026-10-06T20:24:44.025	TEL,1901,S4,382787727,2001,44543,0,433,2932                    
2026-10-06T20:24:44.631	TEL,1902,S4,382797727,2001,44543,0,430,2928                    
2026-10-06T20:24:44.631	TEL,1903,S4,382807727,2001,44543,0,422,2928                    
2026-10-06T20:24:44.631	TEL,1904,S4,382817727,2001,44543,0,428,2935                    
2026-10-06T20:24:44.631	TEL,1905,S4,382827727,2001,44543,0,430,2935                    
2026-10-06T20:24:44.631	TEL,1906,S4,382837727,2001,44543,0,425,2928                    
2026-10-06T20:24:44.631	TEL,1907,S4,382847727,2001,44543,0,425,2928                    
2026-10-06T20:24:44.631	TEL,1908,S4,382857727,2001,44543,0,430,2935                    
2026-10-06T20:24:44.631	TEL,1909,S4,382867727,2001,44543,0,428,2935                    
2026-10-06T20:24:44.631	TEL,1910,S4,382877727,2001,44543,0,425,2932                    
2026-10-06T20:24:44.631	TEL,1911,S4,382887727,2001,44543,0,442,2932                    
2026-10-06T20:24:44.631	TEL,1912,S4,382897727,2001,44543,0,442,2933                    
2026-10-06T20:24:44.631	TEL,1913,S4,382907727,2001,44543,0,433,2933                    
2026-10-06T20:24:44.631	TEL,1914,S4,382917727,2001,44543,0,433,2935                    
2026-10-06T20:24:44.631	TEL,1915,S4,382927727,2001,44543,0,430,2935                    
2026-10-06T20:24:44.631	TEL,1916,S4,382937727,2001,44543,0,425,2928                    
2026-10-06T20:24:44.631	TEL,1917,S4,382947727,2001,44543,0,422,2928                    
2026-10-06T20:24:44.631	TEL,1918,S4,382957727,2001,44543,0,425,2932                    
2026-10-06T20:24:44.631	TEL,1919,S4,382967727,2001,44543,0,436,2932                    
2026-10-06T20:24:44.631	TEL,1920,S4,382977727,2001,44543,0,436,2932                    
2026-10-06T20:24:44.631	TEL,1921,S4,382987727,2001,44543,0,436,2932                    
2026-10-06T20:24:44.631	TEL,1922,S4,382997727,2001,44543,0,436,2932                    
2026-10-06T20:24:44.631	TEL,1923,S4,383007727,2001,44543,0,439,2932                    
2026-10-06T20:24:44.631	TEL,1924,S4,383017727,2001,44543,0,442,2935                    
2026-10-06T20:24:44.631	TEL,1925,S4,383027727,2001,44543,0,433,2935                    
2026-10-06T20:24:44.631	TEL,1926,S4,383037727,2001,44543,0,433,2935                    
2026-10-06T20:24:44.631	TEL,1927,S4,383047727,2001,44543,0,433,2935                    
2026-10-06T20:24:44.631	TEL,1928,S4,383057727,2001,44543,0,428,2928                    
2026-10-06T20:24:44.631	BTN,21,S4,PRESSED,383058000,383058008                          
2026-10-06T20:24:44.631	TEL,1929,S4,383067728,2003,44543,0,422,2928                    
2026-10-06T20:24:44.631	TEL,1930,S4,383077727,2001,44543,0,425,2932                    
2026-10-06T20:24:44.631	TEL,1931,S4,383087727,2001,44543,0,428,2932                    
2026-10-06T20:24:44.631	TEL,1932,S4,383097727,2001,44543,0,428,2932                    
2026-10-06T20:24:44.631	TEL,1933,S4,383107727,2001,44543,0,430,2932                    
2026-10-06T20:24:44.631	TEL,1934,S4,383117727,2001,44543,0,428,2928                    
2026-10-06T20:24:44.631	TEL,1935,S4,383127727,2001,44543,0,428,2928                    
2026-10-06T20:24:44.631	TEL,1936,S4,383137727,2001,44543,0,430,2932                    
2026-10-06T20:24:44.631	TEL,1937,S4,383147727,2001,44543,0,428,2932                    
2026-10-06T20:24:44.631	TEL,1938,S4,383157727,2001,44543,0,430,2935                    
2026-10-06T20:24:44.631	TEL,1939,S4,383167727,2001,44543,0,436,2935                    
2026-10-06T20:24:44.631	TEL,1940,S4,383177727,2001,44543,0,430,2928                    
2026-10-06T20:24:44.631	TEL,1941,S4,383187727,2001,44543,0,425,2928                    
2026-10-06T20:24:44.631	TEL,1942,S4,383197727,2001,44543,0,428,2932                    
2026-10-06T20:24:44.631	TEL,1943,S4,383207727,2001,44543,0,430,2932                    
2026-10-06T20:24:44.631	TEL,1944,S4,383217727,2001,44543,0,430,2932                    
2026-10-06T20:24:44.631	TEL,1945,S4,383227727,2001,44543,0,436,2932                    
2026-10-06T20:24:44.631	TEL,1946,S4,383237727,2001,44543,0,439,2935                    
2026-10-06T20:24:44.631	TEL,1947,S4,383247727,2001,44543,0,439,2935                    
2026-10-06T20:24:44.631	TEL,1948,S4,383257727,2001,44543,0,439,2935                    
2026-10-06T20:24:44.631	TEL,1949,S4,383267727,2001,44543,0,428,2935                    
2026-10-06T20:24:44.631	TEL,1950,S4,383277727,2001,44543,0,425,2932                    
2026-10-06T20:24:44.631	TEL,1951,S4,383287727,2001,44543,0,425,2932                    
2026-10-06T20:24:44.631	TEL,1952,S4,383297727,2001,44543,0,425,2932                    
2026-10-06T20:24:44.631	TEL,1953,S4,383307727,2001,44543,0,436,2932                    
2026-10-06T20:24:44.631	TEL,1954,S4,383317727,2001,44543,0,433,2928                    
2026-10-06T20:24:44.631	TEL,1955,S4,383327727,2001,44543,0,433,2928                    
2026-10-06T20:24:44.631	TEL,1956,S4,383337727,2001,44543,0,436,2932                    
2026-10-06T20:24:44.631	TEL,1957,S4,383347727,2001,44543,0,436,2932                    
2026-10-06T20:24:44.631	TEL,1958,S4,383357727,2001,44543,0,436,2932                    
2026-10-06T20:24:44.631	TEL,1959,S4,383367727,2001,44543,0,428,2932                    
2026-10-06T20:24:44.631	TEL,1960,S4,383377727,2001,44543,0,428,2932                    
2026-10-06T20:24:44.631	TEL,1961,S4,383387727,2001,44543,0,436,2932                    
2026-10-06T20:24:44.631	TEL,1962,S4,383397727,2001,44543,0,436,2932                    
2026-10-06T20:24:45.244	TEL,1963,S4,383407727,2001,44543,0,430,2932                    
2026-10-06T20:24:45.244	TEL,1964,S4,383417727,2001,44543,0,430,2932                    
2026-10-06T20:24:45.244	TEL,1965,S4,383427727,2001,44543,0,428,2932                    
2026-10-06T20:24:45.244	TEL,1966,S4,383437727,2001,44543,0,428,2932                    
2026-10-06T20:24:45.244	TEL,1967,S4,383447727,2001,44543,0,428,2932                    
2026-10-06T20:24:45.244	TEL,1968,S4,383457727,2001,44543,0,425,2928                    
2026-10-06T20:24:45.244	TEL,1969,S4,383467727,2001,44543,0,428,2928                    
2026-10-06T20:24:45.244	TEL,1970,S4,383477727,2001,44543,0,430,2932                    
2026-10-06T20:24:45.244	TEL,1971,S4,383487727,2001,44543,0,430,2932                    
2026-10-06T20:24:45.244	TEL,1972,S4,383497727,2001,44543,0,430,2932                    
2026-10-06T20:24:45.244	TEL,1973,S4,383507727,2001,44543,0,428,2932                    
2026-10-06T20:24:45.244	TEL,1974,S4,383517727,2001,44543,0,425,2928                    
2026-10-06T20:24:45.244	TEL,1975,S4,383527727,2001,44543,0,428,2928                    
2026-10-06T20:24:45.244	TEL,1976,S4,383537727,2001,44543,0,433,2935                    
2026-10-06T20:24:45.244	TEL,1977,S4,383547727,2001,44543,0,433,2935                    
2026-10-06T20:24:45.244	TEL,1978,S4,383557727,2001,44543,0,430,2932                    
2026-10-06T20:24:45.244	TEL,1979,S4,383567727,2001,44543,0,436,2932                    
2026-10-06T20:24:45.244	TEL,1980,S4,383577727,2001,44543,0,436,2932                    
2026-10-06T20:24:45.244	TEL,1981,S4,383587727,2001,44543,0,436,2932                    
2026-10-06T20:24:45.244	TEL,1982,S4,383597727,2001,44543,0,436,2932                    
2026-10-06T20:24:45.244	TEL,1983,S4,383607727,2001,44543,0,419,2932                    
2026-10-06T20:24:45.244	TEL,1984,S4,383617727,2001,44543,0,419,2932                    
2026-10-06T20:24:45.244	TEL,1985,S4,383627727,2001,44543,0,425,2932                    
2026-10-06T20:24:45.244	TEL,1986,S4,383637727,2001,44543,0,425,2932                    
2026-10-06T20:24:45.244	BTN,22,S4,PRESSED,383641006,383641013                          
2026-10-06T20:24:45.244	TEL,1987,S4,383647728,2003,44543,0,430,2932                    
2026-10-06T20:24:45.244	TEL,1988,S4,383657727,2001,44543,0,433,2933                    
2026-10-06T20:24:45.244	TEL,1989,S4,383667727,2001,44543,0,428,2933                    
2026-10-06T20:24:45.244	TEL,1990,S4,383677727,2001,44543,0,428,2933                    
2026-10-06T20:24:45.244	TEL,1991,S4,383687727,2001,44543,0,428,2933                    
2026-10-06T20:24:45.244	TEL,1992,S4,383697727,2001,44543,0,425,2932                    
2026-10-06T20:24:45.244	TEL,1993,S4,383707727,2001,44543,0,428,2932                    
2026-10-06T20:24:45.244	TEL,1994,S4,383717727,2001,44543,0,430,2935                    
2026-10-06T20:24:45.244	TEL,1995,S4,383727727,2001,44543,0,442,2935                    
2026-10-06T20:24:45.244	TEL,1996,S4,383737727,2001,44543,0,439,2932                    
2026-10-06T20:24:45.244	TEL,1997,S4,383747727,2001,44543,0,436,2932                    
2026-10-06T20:24:45.244	TEL,1998,S4,383757727,2001,44543,0,436,2932                    
2026-10-06T20:24:45.244	TEL,1999,S4,383767727,2001,44543,0,430,2932                    
2026-10-06T20:24:45.244	TEL,2000,S4,383777727,2001,44543,0,430,2932                    
2026-10-06T20:24:45.244	TEL,2001,S4,383787727,2001,44543,0,425,2932                    
2026-10-06T20:24:45.244	TEL,2002,S4,383797727,2001,44543,0,425,2932                    
2026-10-06T20:24:45.244	TEL,2003,S4,383807727,2001,44543,0,430,2932                    
2026-10-06T20:24:45.244	TEL,2004,S4,383817727,2001,44543,0,428,2928                    
2026-10-06T20:24:45.244	TEL,2005,S4,383827727,2001,44543,0,425,2928                    
2026-10-06T20:24:45.244	TEL,2006,S4,383837727,2001,44543,0,428,2932                    
2026-10-06T20:24:45.244	TEL,2007,S4,383847727,2001,44543,0,425,2932                    
2026-10-06T20:24:45.244	TEL,2008,S4,383857727,2001,44543,0,425,2932                    
2026-10-06T20:24:45.244	TEL,2009,S4,383867727,2001,44543,0,425,2932                    
2026-10-06T20:24:45.244	TEL,2010,S4,383877727,2001,44543,0,425,2932                    
2026-10-06T20:24:45.244	TEL,2011,S4,383887727,2001,44543,0,430,2932                    
2026-10-06T20:24:45.244	TEL,2012,S4,383897727,2001,44543,0,430,2932                    
2026-10-06T20:24:45.244	TEL,2013,S4,383907727,2001,44543,0,425,2932                    
2026-10-06T20:24:45.244	TEL,2014,S4,383917727,2001,44543,0,425,2932                    
2026-10-06T20:24:45.244	TEL,2015,S4,383927727,2001,44543,0,436,2932                    
2026-10-06T20:24:45.244	TEL,2016,S4,383937727,2001,44543,0,436,2932                    
2026-10-06T20:24:45.244	TEL,2017,S4,383947727,2001,44543,0,430,2932                    
2026-10-06T20:24:45.244	TEL,2018,S4,383957727,2001,44543,0,430,2932                    
2026-10-06T20:24:45.244	TEL,2019,S4,383967727,2001,44543,0,425,2932                    
2026-10-06T20:24:45.244	TEL,2020,S4,383977727,2001,44543,0,425,2932                    
2026-10-06T20:24:45.244	TEL,2021,S4,383987727,2001,44543,0,425,2932                    
2026-10-06T20:24:45.244	TEL,2022,S4,383997727,2001,44543,0,425,2932                    
2026-10-06T20:24:45.244	TEL,2023,S4,384007727,2001,44543,0,428,2932                    
2026-10-06T20:24:45.854	TEL,2024,S4,384017727,2001,44543,0,428,2932                    
2026-10-06T20:24:45.854	TEL,2025,S4,384027727,2001,44543,0,425,2932                    
2026-10-06T20:24:45.854	TEL,2026,S4,384037727,2001,44543,0,425,2932                    
2026-10-06T20:24:45.854	TEL,2027,S4,384047727,2001,44543,0,428,2932                    
2026-10-06T20:24:45.854	TEL,2028,S4,384057727,2001,44543,0,428,2932                    
2026-10-06T20:24:45.854	TEL,2029,S4,384067727,2001,44543,0,436,2932                    
2026-10-06T20:24:45.854	TEL,2030,S4,384077727,2001,44543,0,436,2932                    
2026-10-06T20:24:45.854	TEL,2031,S4,384087727,2001,44543,0,428,2932                    
2026-10-06T20:24:45.854	TEL,2032,S4,384097727,2001,44543,0,428,2932                    
2026-10-06T20:24:45.854	TEL,2033,S4,384107727,2001,44543,0,428,2932                    
2026-10-06T20:24:45.854	TEL,2034,S4,384117727,2001,44543,0,430,2935                    
2026-10-06T20:24:45.854	TEL,2035,S4,384127727,2001,44543,0,428,2935                    
2026-10-06T20:24:45.854	TEL,2036,S4,384137727,2001,44543,0,422,2928                    
2026-10-06T20:24:45.854	TEL,2037,S4,384147727,2001,44543,0,428,2928                    
2026-10-06T20:24:45.854	TEL,2038,S4,384157727,2001,44543,0,430,2932                    
2026-10-06T20:24:45.854	TEL,2039,S4,384167727,2001,44543,0,425,2932                    
2026-10-06T20:24:45.854	TEL,2040,S4,384177727,2001,44543,0,425,2932                    
2026-10-06T20:24:45.854	TEL,2041,S4,384187727,2001,44543,0,428,2932                    
2026-10-06T20:24:45.854	TEL,2042,S4,384197727,2001,44543,0,428,2932                    
2026-10-06T20:24:45.854	TEL,2043,S4,384207727,2001,44543,0,428,2932                    
2026-10-06T20:24:45.854	TEL,2044,S4,384217727,2001,44543,0,428,2930                    
2026-10-06T20:24:45.854	TEL,2045,S4,384227727,2001,44543,0,422,2930                    
2026-10-06T20:24:45.854	TEL,2046,S4,384237727,2001,44543,0,428,2935                    
2026-10-06T20:24:45.854	TEL,2047,S4,384247727,2001,44543,0,430,2935                    
2026-10-06T20:24:45.854	TEL,2048,S4,384257727,2001,44543,0,428,2932                    
2026-10-06T20:24:45.854	TEL,2049,S4,384267727,2001,44543,0,428,2932                    
2026-10-06T20:24:45.854	TEL,2050,S4,384277727,2001,44543,0,428,2932                    
2026-10-06T20:24:45.854	TEL,2051,S4,384287727,2001,44543,0,425,2932                    
2026-10-06T20:24:45.854	TEL,2052,S4,384297727,2001,44543,0,428,2935                    
2026-10-06T20:24:45.854	TEL,2053,S4,384307727,2001,44543,0,428,2935                    
2026-10-06T20:24:45.854	TEL,2054,S4,384317727,2001,44543,0,428,2935                    
2026-10-06T20:24:45.854	TEL,2055,S4,384327727,2001,44543,0,430,2935                    
2026-10-06T20:24:45.854	TEL,2056,S4,384337727,2001,44543,0,430,2935                    
2026-10-06T20:24:45.854	TEL,2057,S4,384347727,2001,44543,0,428,2935                    
2026-10-06T20:24:45.854	TEL,2058,S4,384357727,2001,44543,0,428,2935                    
2026-10-06T20:24:45.854	TEL,2059,S4,384367727,2001,44543,0,430,2935                    
2026-10-06T20:24:45.854	TEL,2060,S4,384377727,2001,44543,0,425,2928                    
2026-10-06T20:24:45.854	TEL,2061,S4,384387727,2001,44543,0,425,2928                    
2026-10-06T20:24:45.854	TEL,2062,S4,384397727,2001,44543,0,428,2932                    
2026-10-06T20:24:45.854	TEL,2063,S4,384407727,2001,44543,0,428,2932                    
2026-10-06T20:24:45.854	TEL,2064,S4,384417727,2001,44543,0,428,2932                    
2026-10-06T20:24:45.854	TEL,2065,S4,384427727,2001,44543,0,430,2932                    
2026-10-06T20:24:45.854	TEL,2066,S4,384437727,2001,44543,0,430,2932                    
2026-10-06T20:24:45.854	TEL,2067,S4,384447727,2001,44543,0,428,2932                    
2026-10-06T20:24:45.854	BTN,23,S4,PRESSED,384454011,384454019                          
2026-10-06T20:24:45.854	TEL,2068,S4,384457728,2003,44543,0,428,2932                    
2026-10-06T20:24:45.854	TEL,2069,S4,384467727,2002,44543,0,428,2932                    
2026-10-06T20:24:45.854	TEL,2070,S4,384477727,2001,44543,0,428,2932                    
2026-10-06T20:24:45.854	TEL,2071,S4,384487727,2001,44543,0,430,2932                    
2026-10-06T20:24:45.854	TEL,2072,S4,384497727,2001,44543,0,430,2932                    
2026-10-06T20:24:45.854	TEL,2073,S4,384507727,2001,44543,0,425,2932                    
2026-10-06T20:24:45.854	TEL,2074,S4,384517727,2001,44543,0,422,2928                    
2026-10-06T20:24:45.854	TEL,2075,S4,384527727,2001,44543,0,428,2928                    
2026-10-06T20:24:45.854	TEL,2076,S4,384537727,2001,44543,0,430,2932                    
2026-10-06T20:24:45.854	TEL,2077,S4,384547727,2001,44543,0,428,2932                    
2026-10-06T20:24:45.854	TEL,2078,S4,384557727,2001,44543,0,428,2932                    
2026-10-06T20:24:45.854	TEL,2079,S4,384567727,2001,44543,0,428,2932                    
2026-10-06T20:24:45.854	TEL,2080,S4,384577727,2001,44543,0,430,2935                    
2026-10-06T20:24:45.854	TEL,2081,S4,384587727,2001,44543,0,442,2935                    
2026-10-06T20:24:45.854	TEL,2082,S4,384597727,2001,44543,0,439,2932                    
2026-10-06T20:24:45.854	TEL,2083,S4,384607727,2001,44543,0,430,2932                    
2026-10-06T20:24:45.854	TEL,2084,S4,384617727,2001,44543,0,433,2935                    
2026-10-06T20:24:46.474	TEL,2085,S4,384627727,2001,44543,0,439,2935                    
2026-10-06T20:24:46.474	TEL,2086,S4,384637727,2001,44543,0,439,2935                    
2026-10-06T20:24:46.474	TEL,2087,S4,384647727,2001,44543,0,428,2935                    
2026-10-06T20:24:46.474	TEL,2088,S4,384657727,2001,44543,0,425,2932                    
2026-10-06T20:24:46.474	TEL,2089,S4,384667727,2001,44543,0,425,2932                    
2026-10-06T20:24:46.474	TEL,2090,S4,384677727,2001,44543,0,425,2932                    
2026-10-06T20:24:46.474	TEL,2091,S4,384687727,2001,44543,0,433,2932                    
2026-10-06T20:24:46.474	TEL,2092,S4,384697727,2001,44543,0,433,2932                    
2026-10-06T20:24:46.474	TEL,2093,S4,384707727,2001,44543,0,430,2932                    
2026-10-06T20:24:46.474	TEL,2094,S4,384717727,2001,44543,0,430,2932                    
2026-10-06T20:24:46.474	TEL,2095,S4,384727727,2001,44543,0,430,2932                    
2026-10-06T20:24:46.474	TEL,2096,S4,384737727,2001,44543,0,430,2932                    
2026-10-06T20:24:46.474	TEL,2097,S4,384747727,2001,44543,0,430,2932                    
2026-10-06T20:24:46.474	TEL,2098,S4,384757727,2001,44543,0,428,2928                    
2026-10-06T20:24:46.474	TEL,2099,S4,384767727,2001,44543,0,428,2928                    
2026-10-06T20:24:46.474	TEL,2100,S4,384777727,2001,44543,0,430,2932                    
2026-10-06T20:24:46.474	TEL,2101,S4,384787727,2001,44543,0,430,2932                    
2026-10-06T20:24:46.474	TEL,2102,S4,384797727,2001,44543,0,433,2935                    
2026-10-06T20:24:46.474	TEL,2103,S4,384807727,2001,44543,0,433,2935                    
2026-10-06T20:24:46.474	TEL,2104,S4,384817727,2001,44543,0,430,2932                    
2026-10-06T20:24:46.474	TEL,2105,S4,384827727,2001,44543,0,436,2932                    
2026-10-06T20:24:46.474	TEL,2106,S4,384837727,2001,44543,0,439,2935                    
2026-10-06T20:24:46.474	TEL,2107,S4,384847727,2001,44543,0,433,2935                    
2026-10-06T20:24:46.474	TEL,2108,S4,384857727,2001,44543,0,428,2928                    
2026-10-06T20:24:46.474	TEL,2109,S4,384867727,2001,44543,0,422,2928                    
2026-10-06T20:24:46.474	TEL,2110,S4,384877727,2001,44543,0,422,2928                    
2026-10-06T20:24:46.474	TEL,2111,S4,384887727,2001,44543,0,425,2928                    
2026-10-06T20:24:46.474	TEL,2112,S4,384897727,2001,44543,0,428,2932                    
2026-10-06T20:24:46.474	TEL,2113,S4,384907727,2001,44543,0,425,2932                    
2026-10-06T20:24:46.474	TEL,2114,S4,384917727,2001,44543,0,425,2932                    
2026-10-06T20:24:46.474	TEL,2115,S4,384927727,2001,44543,0,428,2932                    
2026-10-06T20:24:46.474	TEL,2116,S4,384937727,2001,44543,0,430,2935                    
2026-10-06T20:24:46.474	TEL,2117,S4,384947727,2001,44543,0,428,2935                    
2026-10-06T20:24:46.474	TEL,2118,S4,384957727,2001,44543,0,428,2935                    
2026-10-06T20:24:46.474	TEL,2119,S4,384967727,2001,44543,0,439,2935                    
2026-10-06T20:24:46.474	TEL,2120,S4,384977727,2001,44543,0,436,2932                    
2026-10-06T20:24:46.474	TEL,2121,S4,384987727,2001,44543,0,436,2932                    
2026-10-06T20:24:46.474	TEL,2122,S4,384997727,2001,44543,0,433,2928                    
2026-10-06T20:24:46.474	TEL,2123,S4,385007727,2001,44543,0,436,2928                    
2026-10-06T20:24:46.474	TEL,2124,S4,385017727,2001,44543,0,442,2932                    
2026-10-06T20:24:46.474	TEL,2125,S4,385027727,2001,44543,0,425,2932                    
2026-10-06T20:24:46.474	TEL,2126,S4,385037727,2001,44543,0,422,2928                    
2026-10-06T20:24:46.474	TEL,2127,S4,385047727,2001,44543,0,422,2928                    
2026-10-06T20:24:46.474	TEL,2128,S4,385057727,2001,44543,0,428,2935                    
2026-10-06T20:24:46.474	TEL,2129,S4,385067727,2001,44543,0,428,2935                    
2026-10-06T20:24:46.474	TEL,2130,S4,385077727,2001,44543,0,428,2935                    
2026-10-06T20:24:46.474	TEL,2131,S4,385087727,2001,44543,0,445,2935                    
2026-10-06T20:24:46.474	TEL,2132,S4,385097727,2001,44543,0,442,2932                    
2026-10-06T20:24:46.474	TEL,2133,S4,385107727,2001,44543,0,428,2932                    
2026-10-06T20:24:46.474	TEL,2134,S4,385117727,2001,44543,0,425,2928                    
2026-10-06T20:24:46.474	TEL,2135,S4,385127727,2001,44543,0,422,2928                    
2026-10-06T20:24:46.474	TEL,2136,S4,385137727,2001,44543,0,428,2933                    
2026-10-06T20:24:46.474	TEL,2137,S4,385147727,2001,44543,0,428,2933                    
2026-10-06T20:24:46.474	TEL,2138,S4,385157727,2001,44543,0,425,2932                    
2026-10-06T20:24:46.474	TEL,2139,S4,385167727,2001,44543,0,425,2932                    
2026-10-06T20:24:46.474	TEL,2140,S4,385177727,2001,44543,0,425,2932                    
2026-10-06T20:24:46.474	TEL,2141,S4,385187727,2001,44543,0,436,2932                    
2026-10-06T20:24:46.474	TEL,2142,S4,385197727,2001,44543,0,436,2932                    
2026-10-06T20:24:46.474	TEL,2143,S4,385207727,2001,44543,0,425,2932                    
2026-10-06T20:24:46.474	TEL,2144,S4,385217727,2001,44543,0,422,2928                    
2026-10-06T20:24:46.474	TEL,2145,S4,385227727,2001,44543,0,428,2928                    
2026-10-06T20:24:46.474	TEL,2146,S4,385237727,2001,44543,0,430,2932                    
2026-10-06T20:24:47.084	TEL,2147,S4,385247727,2001,44543,0,430,2932                    
2026-10-06T20:24:47.084	TEL,2148,S4,385257727,2001,44543,0,428,2928                    
2026-10-06T20:24:47.084	BTN,24,S4,PRESSED,385262017,385262024                          
2026-10-06T20:24:47.084	TEL,2149,S4,385267728,2003,44543,0,428,2928                    
2026-10-06T20:24:47.084	TEL,2150,S4,385277727,2001,44543,0,433,2933                    
2026-10-06T20:24:47.084	TEL,2151,S4,385287727,2001,44543,0,430,2933                    
2026-10-06T20:24:47.084	TEL,2152,S4,385297727,2001,44543,0,428,2932                    
2026-10-06T20:24:47.084	TEL,2153,S4,385307727,2001,44543,0,425,2932                    
2026-10-06T20:24:47.084	TEL,2154,S4,385317727,2001,44543,0,428,2935                    
2026-10-06T20:24:47.084	TEL,2155,S4,385327727,2001,44543,0,430,2935                    
2026-10-06T20:24:47.084	TEL,2156,S4,385337727,2001,44543,0,430,2933                    
2026-10-06T20:24:47.084	TEL,2157,S4,385347727,2001,44543,0,428,2933                    
2026-10-06T20:24:47.084	TEL,2158,S4,385357727,2001,44543,0,428,2935                    
2026-10-06T20:24:47.084	TEL,2159,S4,385367727,2001,44543,0,433,2935                    
2026-10-06T20:24:47.084	TEL,2160,S4,385377727,2001,44543,0,430,2932                    
2026-10-06T20:24:47.084	TEL,2161,S4,385387727,2001,44543,0,425,2932                    
2026-10-06T20:24:47.084	TEL,2162,S4,385397727,2001,44543,0,428,2935                    
2026-10-06T20:24:47.084	TEL,2163,S4,385407727,2001,44543,0,428,2935                    
2026-10-06T20:24:47.084	TEL,2164,S4,385417727,2001,44543,0,422,2928                    
2026-10-06T20:24:47.084	TEL,2165,S4,385427727,2001,44543,0,428,2928                    
2026-10-06T20:24:47.084	TEL,2166,S4,385437727,2001,44543,0,430,2932                    
2026-10-06T20:24:47.084	TEL,2167,S4,385447727,2001,44543,0,425,2932                    
2026-10-06T20:24:47.084	TEL,2168,S4,385457727,2001,44543,0,425,2932                    
2026-10-06T20:24:47.084	TEL,2169,S4,385467727,2001,44543,0,425,2932                    
2026-10-06T20:24:47.084	TEL,2170,S4,385477727,2001,44543,0,428,2935                    
2026-10-06T20:24:47.084	TEL,2171,S4,385487727,2001,44543,0,439,2935                    
2026-10-06T20:24:47.084	TEL,2172,S4,385497727,2001,44543,0,433,2928                    
2026-10-06T20:24:47.084	TEL,2173,S4,385507727,2001,44543,0,425,2928                    
2026-10-06T20:24:47.084	TEL,2174,S4,385517727,2001,44543,0,425,2928                    
2026-10-06T20:24:47.084	TEL,2175,S4,385527727,2001,44543,0,422,2928                    
2026-10-06T20:24:47.084	TEL,2176,S4,385537727,2001,44543,0,422,2928                    
2026-10-06T20:24:47.084	TEL,2177,S4,385547727,2001,44543,0,436,2928                    
2026-10-06T20:24:47.084	TEL,2178,S4,385557727,2001,44543,0,442,2935                    
2026-10-06T20:24:47.084	TEL,2179,S4,385567727,2001,44543,0,430,2935                    
2026-10-06T20:24:47.084	TEL,2180,S4,385577727,2001,44543,0,430,2935                    
2026-10-06T20:24:47.084	TEL,2181,S4,385587727,2001,44543,0,439,2935                    
2026-10-06T20:24:47.084	TEL,2182,S4,385597727,2001,44543,0,436,2932                    
2026-10-06T20:24:47.084	TEL,2183,S4,385607727,2001,44543,0,428,2932                    
2026-10-06T20:24:47.084	TEL,2184,S4,385617727,2001,44543,0,425,2928                    
2026-10-06T20:24:47.084	TEL,2185,S4,385627727,2001,44543,0,425,2928                    
2026-10-06T20:24:47.084	TEL,2186,S4,385637727,2001,44543,0,428,2932                    
2026-10-06T20:24:47.084	TEL,2187,S4,385647727,2001,44543,0,425,2932                    
2026-10-06T20:24:47.084	TEL,2188,S4,385657727,2001,44543,0,422,2928                    
2026-10-06T20:24:47.084	TEL,2189,S4,385667727,2001,44543,0,422,2928                    
2026-10-06T20:24:47.084	TEL,2190,S4,385677727,2001,44543,0,425,2932                    
2026-10-06T20:24:47.084	TEL,2191,S4,385687727,2001,44543,0,436,2932                    
2026-10-06T20:24:47.084	TEL,2192,S4,385697727,2001,44543,0,436,2933                    
2026-10-06T20:24:47.084	TEL,2193,S4,385707727,2001,44543,0,430,2933                    
2026-10-06T20:24:47.084	TEL,2194,S4,385717727,2001,44543,0,428,2932                    
2026-10-06T20:24:47.084	TEL,2195,S4,385727727,2001,44543,0,425,2932                    
2026-10-06T20:24:47.084	TEL,2196,S4,385737727,2001,44543,0,428,2935                    
2026-10-06T20:24:47.084	TEL,2197,S4,385747727,2001,44543,0,428,2935                    
2026-10-06T20:24:47.084	TEL,2198,S4,385757727,2001,44543,0,425,2932                    
2026-10-06T20:24:47.084	TEL,2199,S4,385767727,2001,44543,0,430,2932                    
2026-10-06T20:24:47.084	TEL,2200,S4,385777727,2001,44543,0,430,2932                    
2026-10-06T20:24:47.084	TEL,2201,S4,385787727,2001,44543,0,436,2932                    
2026-10-06T20:24:47.084	TEL,2202,S4,385797727,2001,44543,0,436,2932                    
2026-10-06T20:24:47.084	TEL,2203,S4,385807727,2001,44543,0,425,2932                    
2026-10-06T20:24:47.084	TEL,2204,S4,385817727,2001,44543,0,425,2932                    
2026-10-06T20:24:47.084	TEL,2205,S4,385827727,2001,44543,0,428,2932                    
2026-10-06T20:24:47.084	TEL,2206,S4,385837727,2001,44543,0,425,2928                    
2026-10-06T20:24:47.084	TEL,2207,S4,385847727,2001,44543,0,428,2928                    
2026-10-06T20:24:47.694	TEL,2208,S4,385857727,2001,44543,0,430,2932                    
2026-10-06T20:24:47.694	TEL,2209,S4,385867727,2001,44543,0,425,2932                    
2026-10-06T20:24:47.694	TEL,2210,S4,385877727,2001,44543,0,425,2932                    
2026-10-06T20:24:47.694	TEL,2211,S4,385887727,2001,44543,0,428,2932                    
2026-10-06T20:24:47.694	TEL,2212,S4,385897727,2001,44543,0,428,2932                    
2026-10-06T20:24:47.694	TEL,2213,S4,385907727,2001,44543,0,425,2932                    
2026-10-06T20:24:47.694	TEL,2214,S4,385917727,2001,44543,0,425,2932                    
2026-10-06T20:24:47.694	TEL,2215,S4,385927727,2001,44543,0,428,2932                    
2026-10-06T20:24:47.694	TEL,2216,S4,385937727,2001,44543,0,425,2928                    
2026-10-06T20:24:47.694	TEL,2217,S4,385947727,2001,44543,0,422,2928                    
2026-10-06T20:24:47.694	TEL,2218,S4,385957727,2001,44543,0,428,2935                    
2026-10-06T20:24:47.694	TEL,2219,S4,385967727,2001,44543,0,433,2935                    
2026-10-06T20:24:47.694	TEL,2220,S4,385977727,2001,44543,0,433,2935                    
2026-10-06T20:24:47.694	TEL,2221,S4,385987727,2001,44543,0,428,2935                    
2026-10-06T20:24:47.694	TEL,2222,S4,385997727,2001,44543,0,422,2928                    
2026-10-06T20:24:47.694	BTN,25,S4,PRESSED,386002022,386002030                          
2026-10-06T20:24:47.694	TEL,2223,S4,386007728,2003,44543,0,422,2928                    
2026-10-06T20:24:47.694	TEL,2224,S4,386017727,2001,44543,0,428,2933                    
2026-10-06T20:24:47.694	TEL,2225,S4,386027727,2001,44543,0,439,2933                    
2026-10-06T20:24:47.694	TEL,2226,S4,386037727,2001,44543,0,439,2932                    
2026-10-06T20:24:47.694	TEL,2227,S4,386047727,2001,44543,0,428,2932                    
2026-10-06T20:24:47.694	TEL,2228,S4,386057727,2001,44543,0,428,2932                    
2026-10-06T20:24:47.694	TEL,2229,S4,386067727,2001,44543,0,433,2932                    
2026-10-06T20:24:47.694	TEL,2230,S4,386077727,2001,44543,0,436,2935                    
2026-10-06T20:24:47.695	TEL,2231,S4,386087727,2001,44543,0,439,2935                    
2026-10-06T20:24:47.695	TEL,2232,S4,386097727,2001,44543,0,436,2932                    
2026-10-06T20:24:47.695	TEL,2233,S4,386107727,2001,44543,0,425,2932                    
2026-10-06T20:24:47.695	TEL,2234,S4,386117727,2001,44543,0,425,2932                    
2026-10-06T20:24:47.695	TEL,2235,S4,386127727,2001,44543,0,428,2932                    
2026-10-06T20:24:47.695	TEL,2236,S4,386137727,2001,44543,0,428,2932                    
2026-10-06T20:24:47.695	TEL,2237,S4,386147727,2001,44543,0,428,2932                    
2026-10-06T20:24:47.695	TEL,2238,S4,386157727,2001,44543,0,428,2932                    
2026-10-06T20:24:47.695	TEL,2239,S4,386167727,2001,44543,0,428,2932                    
2026-10-06T20:24:47.695	TEL,2240,S4,386177727,2001,44543,0,428,2932                    
2026-10-06T20:24:47.695	TEL,2241,S4,386187727,2001,44543,0,428,2932                    
2026-10-06T20:24:47.695	TEL,2242,S4,386197727,2001,44543,0,428,2932                    
2026-10-06T20:24:47.695	TEL,2243,S4,386207727,2001,44543,0,428,2932                    
2026-10-06T20:24:47.695	TEL,2244,S4,386217727,2001,44543,0,425,2928                    
2026-10-06T20:24:47.695	TEL,2245,S4,386227727,2001,44543,0,428,2928                    
2026-10-06T20:24:47.695	TEL,2246,S4,386237727,2001,44543,0,433,2935                    
2026-10-06T20:24:47.695	TEL,2247,S4,386247727,2001,44543,0,428,2935                    
2026-10-06T20:24:47.695	TEL,2248,S4,386257727,2001,44543,0,425,2932                    
2026-10-06T20:24:47.695	TEL,2249,S4,386267727,2001,44543,0,428,2932                    
2026-10-06T20:24:47.695	TEL,2250,S4,386277727,2001,44543,0,425,2928                    
2026-10-06T20:24:47.695	TEL,2251,S4,386287727,2001,44543,0,428,2928                    
2026-10-06T20:24:47.695	TEL,2252,S4,386297727,2001,44543,0,430,2932                    
2026-10-06T20:24:47.695	TEL,2253,S4,386307727,2001,44543,0,428,2932                    
2026-10-06T20:24:47.695	TEL,2254,S4,386317727,2001,44543,0,428,2932                    
2026-10-06T20:24:47.695	TEL,2255,S4,386327727,2001,44543,0,428,2932                    
2026-10-06T20:24:47.695	TEL,2256,S4,386337727,2001,44543,0,428,2932                    
2026-10-06T20:24:47.695	TEL,2257,S4,386347727,2001,44543,0,430,2932                    
2026-10-06T20:24:47.695	TEL,2258,S4,386357727,2001,44543,0,430,2932                    
2026-10-06T20:24:47.695	TEL,2259,S4,386367727,2001,44543,0,428,2932                    
2026-10-06T20:24:47.695	TEL,2260,S4,386377727,2001,44543,0,430,2935                    
2026-10-06T20:24:47.695	TEL,2261,S4,386387727,2001,44543,0,428,2935                    
2026-10-06T20:24:47.695	TEL,2262,S4,386397727,2001,44543,0,425,2932                    
2026-10-06T20:24:47.695	TEL,2263,S4,386407727,2001,44543,0,428,2932                    
2026-10-06T20:24:47.695	TEL,2264,S4,386417727,2001,44543,0,428,2932                    
2026-10-06T20:24:47.695	TEL,2265,S4,386427727,2001,44543,0,425,2932                    
2026-10-06T20:24:47.695	TEL,2266,S4,386437727,2001,44543,0,428,2935                    
2026-10-06T20:24:47.695	TEL,2267,S4,386447727,2001,44543,0,436,2935                    
2026-10-06T20:24:47.695	TEL,2268,S4,386457727,2001,44543,0,436,2935                    
2026-10-06T20:24:48.302	TEL,2269,S4,386467727,2001,44543,0,433,2935                    
2026-10-06T20:24:48.302	TEL,2270,S4,386477727,2001,44543,0,430,2932                    
2026-10-06T20:24:48.302	TEL,2271,S4,386487727,2001,44543,0,425,2932                    
2026-10-06T20:24:48.302	TEL,2272,S4,386497727,2001,44543,0,425,2932                    
2026-10-06T20:24:48.302	TEL,2273,S4,386507727,2001,44543,0,430,2932                    
2026-10-06T20:24:48.302	TEL,2274,S4,386517727,2001,44543,0,430,2932                    
2026-10-06T20:24:48.302	TEL,2275,S4,386527727,2001,44543,0,425,2932                    
2026-10-06T20:24:48.302	TEL,2276,S4,386537727,2001,44543,0,425,2932                    
2026-10-06T20:24:48.302	TEL,2277,S4,386547727,2001,44543,0,430,2932                    
2026-10-06T20:24:48.302	TEL,2278,S4,386557727,2001,44543,0,430,2932                    
2026-10-06T20:24:48.302	TEL,2279,S4,386567727,2001,44543,0,436,2932                    
2026-10-06T20:24:48.302	TEL,2280,S4,386577727,2001,44543,0,436,2932                    
2026-10-06T20:24:48.302	TEL,2281,S4,386587727,2001,44543,0,425,2932                    
2026-10-06T20:24:48.302	TEL,2282,S4,386597727,2001,44543,0,428,2935                    
2026-10-06T20:24:48.302	BTN,26,S4,PRESSED,386601028,386601035                          
2026-10-06T20:24:48.302	TEL,2283,S4,386607728,2003,44543,0,428,2935                    
2026-10-06T20:24:48.302	TEL,2284,S4,386617727,2001,44543,0,425,2932                    
2026-10-06T20:24:48.302	TEL,2285,S4,386627727,2001,44543,0,436,2932                    
2026-10-06T20:24:48.302	TEL,2286,S4,386637727,2001,44543,0,436,2932                    
2026-10-06T20:24:48.302	TEL,2287,S4,386647727,2001,44543,0,428,2932                    
2026-10-06T20:24:48.302	TEL,2288,S4,386657727,2001,44543,0,428,2932                    
2026-10-06T20:24:48.302	TEL,2289,S4,386667727,2001,44543,0,436,2932                    
2026-10-06T20:24:48.302	TEL,2290,S4,386677727,2001,44543,0,436,2932                    
2026-10-06T20:24:48.302	TEL,2291,S4,386687727,2001,44543,0,428,2932                    
2026-10-06T20:24:48.302	TEL,2292,S4,386697727,2001,44543,0,428,2932                    
2026-10-06T20:24:48.302	TEL,2293,S4,386707727,2001,44543,0,428,2932                    
2026-10-06T20:24:48.302	TEL,2294,S4,386717727,2001,44543,0,425,2928                    
2026-10-06T20:24:48.302	TEL,2295,S4,386727727,2001,44543,0,428,2928                    
2026-10-06T20:24:48.302	TEL,2296,S4,386737727,2001,44543,0,430,2932                    
2026-10-06T20:24:48.302	TEL,2297,S4,386747727,2001,44543,0,428,2932                    
2026-10-06T20:24:48.302	TEL,2298,S4,386757727,2001,44543,0,428,2932                    
2026-10-06T20:24:48.302	TEL,2299,S4,386767727,2001,44543,0,428,2932                    
2026-10-06T20:24:48.302	TEL,2300,S4,386777727,2001,44543,0,430,2935                    
2026-10-06T20:24:48.302	TEL,2301,S4,386787727,2001,44543,0,439,2935                    
2026-10-06T20:24:48.302	TEL,2302,S4,386797727,2001,44543,0,439,2935                    
2026-10-06T20:24:48.302	TEL,2303,S4,386807727,2001,44543,0,428,2935                    
2026-10-06T20:24:48.302	TEL,2304,S4,386817727,2001,44543,0,425,2932                    
2026-10-06T20:24:48.302	TEL,2305,S4,386827727,2001,44543,0,430,2932                    
2026-10-06T20:24:48.302	TEL,2306,S4,386837727,2001,44543,0,430,2932                    
2026-10-06T20:24:48.302	TEL,2307,S4,386847727,2001,44543,0,428,2932                    
2026-10-06T20:24:48.302	TEL,2308,S4,386857727,2001,44543,0,430,2935                    
2026-10-06T20:24:48.302	TEL,2309,S4,386867727,2001,44543,0,439,2935                    
2026-10-06T20:24:48.302	TEL,2310,S4,386877727,2001,44543,0,439,2935                    
2026-10-06T20:24:48.302	TEL,2311,S4,386887727,2001,44543,0,428,2935                    
2026-10-06T20:24:48.302	TEL,2312,S4,386897727,2001,44543,0,425,2932                    
2026-10-06T20:24:48.302	TEL,2313,S4,386907727,2001,44543,0,430,2932                    
2026-10-06T20:24:48.302	TEL,2314,S4,386917727,2001,44543,0,430,2932                    
2026-10-06T20:24:48.302	TEL,2315,S4,386927727,2001,44543,0,436,2932                    
2026-10-06T20:24:48.302	TEL,2316,S4,386937727,2001,44543,0,439,2935                    
2026-10-06T20:24:48.302	TEL,2317,S4,386947727,2001,44543,0,428,2935                    
2026-10-06T20:24:48.302	TEL,2318,S4,386957727,2001,44543,0,425,2932                    
2026-10-06T20:24:48.302	TEL,2319,S4,386967727,2001,44543,0,430,2932                    
2026-10-06T20:24:48.302	TEL,2320,S4,386977727,2001,44543,0,430,2932                    
2026-10-06T20:24:48.302	TEL,2321,S4,386987727,2001,44543,0,430,2932                    
2026-10-06T20:24:48.302	TEL,2322,S4,386997727,2001,44543,0,433,2935                    
2026-10-06T20:24:48.302	TEL,2323,S4,387007727,2001,44543,0,439,2935                    
2026-10-06T20:24:48.302	TEL,2324,S4,387017727,2001,44543,0,439,2935                    
2026-10-06T20:24:48.302	TEL,2325,S4,387027727,2001,44543,0,428,2935                    
2026-10-06T20:24:48.302	TEL,2326,S4,387037727,2001,44543,0,425,2932                    
2026-10-06T20:24:48.302	TEL,2327,S4,387047727,2001,44543,0,428,2932                    
2026-10-06T20:24:48.302	TEL,2328,S4,387057727,2001,44543,0,428,2932                    
2026-10-06T20:24:48.302	TEL,2329,S4,387067727,2001,44543,0,428,2932                    
2026-10-06T20:24:48.914	TEL,2330,S4,387077727,2001,44543,0,428,2932                    
2026-10-06T20:24:48.914	TEL,2331,S4,387087727,2001,44543,0,433,2932                    
2026-10-06T20:24:48.914	TEL,2332,S4,387097727,2001,44543,0,433,2932                    
2026-10-06T20:24:48.914	TEL,2333,S4,387107727,2001,44543,0,425,2932                    
2026-10-06T20:24:48.914	BTN,27,S4,PRESSED,387110033,387110041                          
2026-10-06T20:24:48.914	TEL,2334,S4,387117728,2003,44543,0,425,2932                    
2026-10-06T20:24:48.914	TEL,2335,S4,387127727,2001,44543,0,425,2932                    
2026-10-06T20:24:48.914	TEL,2336,S4,387137727,2001,44543,0,425,2932                    
2026-10-06T20:24:48.914	TEL,2337,S4,387147727,2001,44543,0,425,2932                    
2026-10-06T20:24:48.914	TEL,2338,S4,387157727,2001,44543,0,425,2932                    
2026-10-06T20:24:48.914	TEL,2339,S4,387167727,2001,44543,0,425,2932                    
2026-10-06T20:24:48.914	TEL,2340,S4,387177727,2001,44543,0,428,2933                    
2026-10-06T20:24:48.914	TEL,2341,S4,387187727,2001,44543,0,433,2933                    
2026-10-06T20:24:48.914	TEL,2342,S4,387197727,2001,44543,0,433,2935                    
2026-10-06T20:24:48.914	TEL,2343,S4,387207727,2001,44543,0,439,2935                    
2026-10-06T20:24:48.914	TEL,2344,S4,387217727,2001,44543,0,436,2932                    
2026-10-06T20:24:48.914	TEL,2345,S4,387227727,2001,44543,0,425,2932                    
2026-10-06T20:24:48.915	TEL,2346,S4,387237727,2001,44543,0,425,2932                    
2026-10-06T20:24:48.915	TEL,2347,S4,387247727,2001,44543,0,428,2932                    
2026-10-06T20:24:48.915	TEL,2348,S4,387257727,2001,44543,0,430,2935                    
2026-10-06T20:24:48.915	TEL,2349,S4,387267727,2001,44543,0,428,2935                    
2026-10-06T20:24:48.915	TEL,2350,S4,387277727,2001,44543,0,425,2932                    
2026-10-06T20:24:48.915	TEL,2351,S4,387287727,2001,44543,0,430,2932                    
2026-10-06T20:24:48.915	TEL,2352,S4,387297727,2001,44543,0,433,2935                    
2026-10-06T20:24:48.915	TEL,2353,S4,387307727,2001,44543,0,428,2935                    
2026-10-06T20:24:48.915	TEL,2354,S4,387317727,2001,44543,0,428,2935                    
2026-10-06T20:24:48.915	TEL,2355,S4,387327727,2001,44543,0,428,2935                    
2026-10-06T20:24:48.915	TEL,2356,S4,387337727,2001,44543,0,425,2932                    
2026-10-06T20:24:48.915	TEL,2357,S4,387347727,2001,44543,0,425,2932                    
2026-10-06T20:24:48.915	TEL,2358,S4,387357727,2001,44543,0,428,2933                    
2026-10-06T20:24:48.915	TEL,2359,S4,387367727,2001,44543,0,428,2933                    
2026-10-06T20:24:48.915	TEL,2360,S4,387377727,2001,44543,0,428,2935                    
2026-10-06T20:24:48.915	TEL,2361,S4,387387727,2001,44543,0,433,2935                    
2026-10-06T20:24:48.915	TEL,2362,S4,387397727,2001,44543,0,430,2932                    
2026-10-06T20:24:48.915	TEL,2363,S4,387407727,2001,44543,0,428,2932                    
2026-10-06T20:24:48.915	TEL,2364,S4,387417727,2001,44543,0,428,2932                    
2026-10-06T20:24:48.915	TEL,2365,S4,387427727,2001,44543,0,436,2932                    
2026-10-06T20:24:48.915	TEL,2366,S4,387437727,2001,44543,0,436,2932                    
2026-10-06T20:24:48.915	TEL,2367,S4,387447727,2001,44543,0,442,2932                    
2026-10-06T20:24:48.915	TEL,2368,S4,387457727,2001,44543,0,445,2935                    
2026-10-06T20:24:48.915	TEL,2369,S4,387467727,2001,44543,0,425,2935                    
2026-10-06T20:24:48.915	TEL,2370,S4,387477727,2001,44543,0,419,2932                    
2026-10-06T20:24:48.915	TEL,2371,S4,387487727,2001,44543,0,425,2932                    
2026-10-06T20:24:48.915	TEL,2372,S4,387497727,2001,44543,0,428,2935                    
2026-10-06T20:24:48.915	TEL,2373,S4,387507727,2001,44543,0,428,2935                    
2026-10-06T20:24:48.915	TEL,2374,S4,387517727,2001,44543,0,425,2932                    
2026-10-06T20:24:48.915	TEL,2375,S4,387527727,2001,44543,0,428,2932                    
2026-10-06T20:24:48.915	TEL,2376,S4,387537727,2001,44543,0,430,2935                    
2026-10-06T20:24:48.915	TEL,2377,S4,387547727,2001,44543,0,442,2935                    
2026-10-06T20:24:48.915	TEL,2378,S4,387557727,2001,44543,0,442,2935                    
2026-10-06T20:24:48.915	TEL,2379,S4,387567727,2001,44543,0,439,2935                    
2026-10-06T20:24:48.915	TEL,2380,S4,387577727,2001,44543,0,436,2932                    
2026-10-06T20:24:48.915	TEL,2381,S4,387587727,2001,44543,0,430,2932                    
2026-10-06T20:24:48.915	TEL,2382,S4,387597727,2001,44543,0,430,2932                    
2026-10-06T20:24:48.915	TEL,2383,S4,387607727,2001,44543,0,430,2932                    
2026-10-06T20:24:48.915	TEL,2384,S4,387617727,2001,44543,0,433,2935                    
2026-10-06T20:24:48.915	TEL,2385,S4,387627727,2001,44543,0,430,2935                    
2026-10-06T20:24:48.915	TEL,2386,S4,387637727,2001,44543,0,428,2932                    
2026-10-06T20:24:48.915	TEL,2387,S4,387647727,2001,44543,0,428,2932                    
2026-10-06T20:24:48.915	TEL,2388,S4,387657727,2001,44543,0,428,2932                    
2026-10-06T20:24:48.915	TEL,2389,S4,387667727,2001,44543,0,425,2932                    
2026-10-06T20:24:48.915	TEL,2390,S4,387677727,2001,44543,0,425,2932                    
2026-10-06T20:24:49.524	TEL,2391,S4,387687727,2001,44543,0,428,2932                    
2026-10-06T20:24:49.524	TEL,2392,S4,387697727,2001,44543,0,428,2932                    
2026-10-06T20:24:49.524	TEL,2393,S4,387707727,2001,44543,0,430,2932                    
2026-10-06T20:24:49.524	TEL,2394,S4,387717727,2001,44543,0,430,2932                    
2026-10-06T20:24:49.524	TEL,2395,S4,387727727,2001,44543,0,430,2932                    
2026-10-06T20:24:49.524	TEL,2396,S4,387737727,2001,44543,0,430,2932                    
2026-10-06T20:24:49.524	TEL,2397,S4,387747727,2001,44543,0,419,2932                    
2026-10-06T20:24:49.524	TEL,2398,S4,387757727,2001,44543,0,425,2935                    
2026-10-06T20:24:49.524	TEL,2399,S4,387767727,2001,44543,0,433,2935                    
2026-10-06T20:24:49.524	TEL,2400,S4,387777727,2001,44543,0,430,2932                    
2026-10-06T20:24:49.524	TEL,2401,S4,387787727,2001,44543,0,428,2932                    
2026-10-06T20:24:49.524	TEL,2402,S4,387797727,2001,44543,0,430,2935                    
2026-10-06T20:24:49.524	TEL,2403,S4,387807727,2001,44543,0,430,2935                    
2026-10-06T20:24:49.524	TEL,2404,S4,387817727,2001,44543,0,428,2932                    
2026-10-06T20:24:49.524	TEL,2405,S4,387827727,2001,44543,0,430,2932                    
2026-10-06T20:24:49.524	BTN,28,S4,PRESSED,387830039,387830046                          
2026-10-06T20:24:49.524	TEL,2406,S4,387837728,2003,44543,0,430,2932                    
2026-10-06T20:24:49.524	TEL,2407,S4,387847727,2001,44543,0,422,2932                    
2026-10-06T20:24:49.524	TEL,2408,S4,387857727,2001,44543,0,422,2932                    
2026-10-06T20:24:49.524	TEL,2409,S4,387867727,2001,44543,0,436,2932                    
2026-10-06T20:24:49.524	TEL,2410,S4,387877727,2001,44543,0,439,2935                    
2026-10-06T20:24:49.524	TEL,2411,S4,387887727,2001,44543,0,430,2935                    
2026-10-06T20:24:49.524	TEL,2412,S4,387897727,2001,44543,0,430,2933                    
2026-10-06T20:24:49.524	TEL,2413,S4,387907727,2001,44543,0,430,2933                    
2026-10-06T20:24:49.524	TEL,2414,S4,387917727,2001,44543,0,425,2928                    
2026-10-06T20:24:49.524	TEL,2415,S4,387927727,2001,44543,0,425,2928                    
2026-10-06T20:24:49.524	TEL,2416,S4,387937727,2001,44543,0,428,2932                    
2026-10-06T20:24:49.524	TEL,2417,S4,387947727,2001,44543,0,425,2932                    
2026-10-06T20:24:49.524	TEL,2418,S4,387957727,2001,44543,0,425,2932                    
2026-10-06T20:24:49.524	TEL,2419,S4,387967727,2001,44543,0,428,2932                    
2026-10-06T20:24:49.524	TEL,2420,S4,387977727,2001,44543,0,428,2932                    
2026-10-06T20:24:49.524	TEL,2421,S4,387987727,2001,44543,0,425,2932                    
2026-10-06T20:24:49.524	TEL,2422,S4,387997727,2001,44543,0,425,2932                    
2026-10-06T20:24:49.524	TEL,2423,S4,388007727,2001,44543,0,425,2932                    
2026-10-06T20:24:49.524	TEL,2424,S4,388017727,2001,44543,0,425,2932                    
2026-10-06T20:24:49.524	TEL,2425,S4,388027727,2001,44543,0,425,2932                    
2026-10-06T20:24:49.524	TEL,2426,S4,388037727,2001,44543,0,425,2932                    
2026-10-06T20:24:49.524	TEL,2427,S4,388047727,2001,44543,0,428,2932                    
2026-10-06T20:24:49.524	TEL,2428,S4,388057727,2001,44543,0,430,2935                    
2026-10-06T20:24:49.524	TEL,2429,S4,388067727,2001,44543,0,430,2935                    
2026-10-06T20:24:49.524	TEL,2430,S4,388077727,2001,44543,0,428,2932                    
2026-10-06T20:24:49.525	TEL,2431,S4,388087727,2001,44543,0,436,2932                    
2026-10-06T20:24:49.525	TEL,2432,S4,388097727,2001,44543,0,436,2932                    
2026-10-06T20:24:49.525	TEL,2433,S4,388107727,2001,44543,0,425,2932                    
2026-10-06T20:24:49.525	TEL,2434,S4,388117727,2001,44543,0,428,2935                    
2026-10-06T20:24:49.525	TEL,2435,S4,388127727,2001,44543,0,430,2935                    
2026-10-06T20:24:49.525	TEL,2436,S4,388137727,2001,44543,0,430,2935                    
2026-10-06T20:24:49.525	TEL,2437,S4,388147727,2001,44543,0,430,2935                    
2026-10-06T20:24:49.525	TEL,2438,S4,388157727,2001,44543,0,430,2935                    
2026-10-06T20:24:49.525	TEL,2439,S4,388167727,2001,44543,0,430,2935                    
2026-10-06T20:24:49.525	TEL,2440,S4,388177727,2001,44543,0,425,2928                    
2026-10-06T20:24:49.525	TEL,2441,S4,388187727,2001,44543,0,433,2928                    
2026-10-06T20:24:49.525	TEL,2442,S4,388197727,2001,44543,0,436,2932                    
2026-10-06T20:24:49.525	TEL,2443,S4,388207727,2001,44543,0,430,2932                    
2026-10-06T20:24:49.525	TEL,2444,S4,388217727,2001,44543,0,430,2932                    
2026-10-06T20:24:49.525	TEL,2445,S4,388227727,2001,44543,0,436,2932                    
2026-10-06T20:24:49.525	TEL,2446,S4,388237727,2001,44543,0,436,2932                    
2026-10-06T20:24:49.525	TEL,2447,S4,388247727,2001,44543,0,425,2932                    
2026-10-06T20:24:49.525	TEL,2448,S4,388257727,2001,44543,0,425,2932                    
2026-10-06T20:24:49.525	TEL,2449,S4,388267727,2001,44543,0,425,2932                    
2026-10-06T20:24:49.525	TEL,2450,S4,388277727,2001,44543,0,425,2932                    
2026-10-06T20:24:49.525	TEL,2451,S4,388287727,2001,44543,0,428,2932                    
2026-10-06T20:24:50.134	TEL,2452,S4,388297727,2001,44543,0,428,2932                    
2026-10-06T20:24:50.134	TEL,2453,S4,388307727,2001,44543,0,430,2932                    
2026-10-06T20:24:50.134	TEL,2454,S4,388317727,2001,44543,0,433,2935                    
2026-10-06T20:24:50.134	TEL,2455,S4,388327727,2001,44543,0,433,2935                    
2026-10-06T20:24:50.134	TEL,2456,S4,388337727,2001,44543,0,430,2932                    
2026-10-06T20:24:50.134	BTN,29,S4,PRESSED,388340044,388340051                          
2026-10-06T20:24:50.134	TEL,2457,S4,388347728,2003,44543,0,428,2932                    
2026-10-06T20:24:50.134	TEL,2458,S4,388357727,2001,44543,0,428,2932                    
2026-10-06T20:24:50.134	TEL,2459,S4,388367727,2001,44543,0,430,2932                    
2026-10-06T20:24:50.134	TEL,2460,S4,388377727,2001,44543,0,433,2935                    
2026-10-06T20:24:50.134	TEL,2461,S4,388387727,2001,44543,0,428,2935                    
2026-10-06T20:24:50.134	TEL,2462,S4,388397727,2001,44543,0,425,2932                    
2026-10-06T20:24:50.134	TEL,2463,S4,388407727,2001,44543,0,419,2932                    
2026-10-06T20:24:50.134	TEL,2464,S4,388417727,2001,44543,0,425,2935                    
2026-10-06T20:24:50.134	TEL,2465,S4,388427727,2001,44543,0,433,2935                    
2026-10-06T20:24:50.134	TEL,2466,S4,388437727,2001,44543,0,430,2932                    
2026-10-06T20:24:50.134	TEL,2467,S4,388447727,2001,44543,0,419,2932                    
2026-10-06T20:24:50.134	TEL,2468,S4,388457727,2001,44543,0,419,2932                    
2026-10-06T20:24:50.134	TEL,2469,S4,388467727,2001,44543,0,436,2932                    
2026-10-06T20:24:50.134	TEL,2470,S4,388477727,2001,44543,0,436,2932                    
2026-10-06T20:24:50.134	TEL,2471,S4,388487727,2001,44543,0,425,2932                    
2026-10-06T20:24:50.134	TEL,2472,S4,388497727,2001,44543,0,422,2928                    
2026-10-06T20:24:50.134	TEL,2473,S4,388507727,2001,44543,0,422,2928                    
2026-10-06T20:24:50.134	TEL,2474,S4,388517727,2001,44543,0,428,2935                    
2026-10-06T20:24:50.134	TEL,2475,S4,388527727,2001,44543,0,425,2935                    
2026-10-06T20:24:50.134	TEL,2476,S4,388537727,2001,44543,0,416,2928                    
2026-10-06T20:24:50.134	TEL,2477,S4,388547727,2001,44543,0,428,2928                    
2026-10-06T20:24:50.134	TEL,2478,S4,388557727,2001,44543,0,430,2932                    
2026-10-06T20:24:50.134	TEL,2479,S4,388567727,2001,44543,0,428,2932                    
2026-10-06T20:24:50.134	TEL,2480,S4,388577727,2001,44543,0,428,2932                    
2026-10-06T20:24:50.134	TEL,2481,S4,388587727,2001,44543,0,425,2932                    
2026-10-06T20:24:50.134	TEL,2482,S4,388597727,2001,44543,0,425,2932                    
2026-10-06T20:24:50.134	TEL,2483,S4,388607727,2001,44543,0,430,2932                    
2026-10-06T20:24:50.134	TEL,2484,S4,388617727,2001,44543,0,433,2933                    
2026-10-06T20:24:50.134	TEL,2485,S4,388627727,2001,44543,0,436,2933                    
2026-10-06T20:24:50.134	TEL,2486,S4,388637727,2001,44543,0,436,2932                    
2026-10-06T20:24:50.134	TEL,2487,S4,388647727,2001,44543,0,430,2932                    
2026-10-06T20:24:50.134	TEL,2488,S4,388657727,2001,44543,0,433,2933                    
2026-10-06T20:24:50.134	TEL,2489,S4,388667727,2001,44543,0,430,2933                    
2026-10-06T20:24:50.134	TEL,2490,S4,388677727,2001,44543,0,430,2935                    
2026-10-06T20:24:50.134	TEL,2491,S4,388687727,2001,44543,0,428,2935                    
2026-10-06T20:24:50.134	TEL,2492,S4,388697727,2001,44543,0,428,2935                    
2026-10-06T20:24:50.134	TEL,2493,S4,388707727,2001,44543,0,433,2935                    
2026-10-06T20:24:50.134	TEL,2494,S4,388717727,2001,44543,0,430,2932                    
2026-10-06T20:24:50.134	TEL,2495,S4,388727727,2001,44543,0,428,2932                    
2026-10-06T20:24:50.134	TEL,2496,S4,388737727,2001,44543,0,425,2928                    
2026-10-06T20:24:50.134	TEL,2497,S4,388747727,2001,44543,0,428,2928                    
2026-10-06T20:24:50.134	TEL,2498,S4,388757727,2001,44543,0,433,2935                    
2026-10-06T20:24:50.134	TEL,2499,S4,388767727,2001,44543,0,428,2935                    
2026-10-06T20:24:50.134	TEL,2500,S4,388777727,2001,44543,0,428,2935                    
2026-10-06T20:24:50.134	TEL,2501,S4,388787727,2001,44543,0,439,2935                    
2026-10-06T20:24:50.134	TEL,2502,S4,388797727,2001,44543,0,436,2932                    
2026-10-06T20:24:50.134	TEL,2503,S4,388807727,2001,44543,0,425,2932                    
2026-10-06T20:24:50.134	TEL,2504,S4,388817727,2001,44543,0,425,2932                    
2026-10-06T20:24:50.134	TEL,2505,S4,388827727,2001,44543,0,428,2932                    
2026-10-06T20:24:50.134	TEL,2506,S4,388837727,2001,44543,0,430,2935                    
2026-10-06T20:24:50.134	TEL,2507,S4,388847727,2001,44543,0,430,2935                    
2026-10-06T20:24:50.134	TEL,2508,S4,388857727,2001,44543,0,425,2928                    
2026-10-06T20:24:50.134	TEL,2509,S4,388867727,2001,44543,0,425,2928                    
2026-10-06T20:24:50.134	TEL,2510,S4,388877727,2001,44543,0,428,2932                    
2026-10-06T20:24:50.134	TEL,2511,S4,388887727,2001,44543,0,428,2932                    
2026-10-06T20:24:50.134	TEL,2512,S4,388897727,2001,44543,0,428,2932                    
2026-10-06T20:24:50.744	TEL,2513,S4,388907727,2001,44543,0,436,2932                    
2026-10-06T20:24:50.744	TEL,2514,S4,388917727,2001,44543,0,436,2932                    
2026-10-06T20:24:50.744	TEL,2515,S4,388927727,2001,44543,0,425,2932                    
2026-10-06T20:24:50.744	TEL,2516,S4,388937727,2001,44543,0,425,2932                    
2026-10-06T20:24:50.744	TEL,2517,S4,388947727,2001,44543,0,430,2932                    
2026-10-06T20:24:50.744	TEL,2518,S4,388957727,2001,44543,0,430,2932                    
2026-10-06T20:24:50.744	TEL,2519,S4,388967727,2001,44543,0,425,2932                    
2026-10-06T20:24:50.744	TEL,2520,S4,388977727,2001,44543,0,425,2932                    
2026-10-06T20:24:50.744	TEL,2521,S4,388987727,2001,44543,0,425,2932                    
2026-10-06T20:24:50.744	TEL,2522,S4,388997727,2001,44543,0,425,2932                    
2026-10-06T20:24:50.744	TEL,2523,S4,389007727,2001,44543,0,430,2932                    
2026-10-06T20:24:50.744	TEL,2524,S4,389017727,2001,44543,0,430,2932                    
2026-10-06T20:24:50.744	TEL,2525,S4,389027727,2001,44543,0,428,2932                    
2026-10-06T20:24:50.744	TEL,2526,S4,389037727,2001,44543,0,430,2935                    
2026-10-06T20:24:50.744	TEL,2527,S4,389047727,2001,44543,0,428,2935                    
2026-10-06T20:24:50.744	TEL,2528,S4,389057727,2001,44543,0,425,2930                    
2026-10-06T20:24:50.744	TEL,2529,S4,389067727,2001,44543,0,428,2930                    
2026-10-06T20:24:50.744	TEL,2530,S4,389077727,2001,44543,0,430,2935                    
2026-10-06T20:24:50.744	TEL,2531,S4,389087727,2001,44543,0,428,2935                    
2026-10-06T20:24:50.744	TEL,2532,S4,389097727,2001,44543,0,422,2928                    
2026-10-06T20:24:50.744	TEL,2533,S4,389107727,2001,44543,0,428,2928                    
2026-10-06T20:24:50.744	TEL,2534,S4,389117727,2001,44543,0,433,2933                    
2026-10-06T20:24:50.744	TEL,2535,S4,389127727,2001,44543,0,436,2933                    
2026-10-06T20:24:50.746	BTN,30,S4,PRESSED,389131050,389131057                          
2026-10-06T20:24:50.746	TEL,2536,S4,389137728,2003,44543,0,436,2932                    
2026-10-06T20:24:50.746	TEL,2537,S4,389147727,2001,44543,0,425,2932                    
2026-10-06T20:24:50.746	TEL,2538,S4,389157727,2001,44543,0,428,2935                    
2026-10-06T20:24:50.746	TEL,2539,S4,389167727,2001,44543,0,419,2935                    
2026-10-06T20:24:50.746	TEL,2540,S4,389177727,2001,44543,0,416,2932                    
2026-10-06T20:24:50.746	TEL,2541,S4,389187727,2001,44543,0,430,2932                    
2026-10-06T20:24:50.746	TEL,2542,S4,389197727,2001,44543,0,430,2932                    
2026-10-06T20:24:50.746	TEL,2543,S4,389207727,2001,44543,0,425,2932                    
2026-10-06T20:24:50.746	TEL,2544,S4,389217727,2001,44543,0,428,2935                    
2026-10-06T20:24:50.746	TEL,2545,S4,389227727,2001,44543,0,439,2935                    
2026-10-06T20:24:50.746	TEL,2546,S4,389237727,2001,44543,0,433,2928                    
2026-10-06T20:24:50.746	TEL,2547,S4,389247727,2001,44543,0,433,2928                    
2026-10-06T20:24:50.746	TEL,2548,S4,389257727,2001,44543,0,436,2932                    
2026-10-06T20:24:50.746	TEL,2549,S4,389267727,2001,44543,0,436,2932                    
2026-10-06T20:24:50.746	TEL,2550,S4,389277727,2001,44543,0,439,2935                    
2026-10-06T20:24:50.746	TEL,2551,S4,389287727,2001,44543,0,439,2935                    
2026-10-06T20:24:50.746	TEL,2552,S4,389297727,2001,44543,0,436,2932                    
2026-10-06T20:24:50.746	TEL,2553,S4,389307727,2001,44543,0,436,2932                    
2026-10-06T20:24:50.746	TEL,2554,S4,389317727,2001,44543,0,433,2928                    
2026-10-06T20:24:50.746	TEL,2555,S4,389327727,2001,44543,0,428,2928                    
2026-10-06T20:24:50.746	TEL,2556,S4,389337727,2001,44543,0,430,2932                    
2026-10-06T20:24:50.746	TEL,2557,S4,389347727,2001,44543,0,430,2932                    
2026-10-06T20:24:50.746	TEL,2558,S4,389357727,2001,44543,0,433,2933                    
2026-10-06T20:24:50.746	TEL,2559,S4,389367727,2001,44543,0,430,2933                    
2026-10-06T20:24:50.746	TEL,2560,S4,389377727,2001,44543,0,430,2935                    
2026-10-06T20:24:50.746	TEL,2561,S4,389387727,2001,44543,0,433,2935                    
2026-10-06T20:24:50.746	TEL,2562,S4,389397727,2001,44543,0,430,2932                    
2026-10-06T20:24:50.746	TEL,2563,S4,389407727,2001,44543,0,436,2932                    
2026-10-06T20:24:50.746	TEL,2564,S4,389417727,2001,44543,0,433,2928                    
2026-10-06T20:24:50.746	TEL,2565,S4,389427727,2001,44543,0,425,2928                    
2026-10-06T20:24:50.746	TEL,2566,S4,389437727,2001,44543,0,428,2932                    
2026-10-06T20:24:50.746	TEL,2567,S4,389447727,2001,44543,0,428,2932                    
2026-10-06T20:24:50.746	TEL,2568,S4,389457727,2001,44543,0,428,2932                    
2026-10-06T20:24:50.746	TEL,2569,S4,389467727,2001,44543,0,425,2932                    
2026-10-06T20:24:50.746	TEL,2570,S4,389477727,2001,44543,0,422,2928                    
2026-10-06T20:24:50.746	TEL,2571,S4,389487727,2001,44543,0,425,2928                    
2026-10-06T20:24:50.746	TEL,2572,S4,389497727,2001,44543,0,428,2932                    
2026-10-06T20:24:50.746	TEL,2573,S4,389507727,2001,44543,0,419,2932                    
2026-10-06T20:24:51.351	TEL,2574,S4,389517727,2001,44543,0,422,2933                    
2026-10-06T20:24:51.351	TEL,2575,S4,389527727,2001,44543,0,430,2933                    
2026-10-06T20:24:51.351	TEL,2576,S4,389537727,2001,44543,0,430,2935                    
2026-10-06T20:24:51.351	TEL,2577,S4,389547727,2001,44543,0,428,2935                    
2026-10-06T20:24:51.351	TEL,2578,S4,389557727,2001,44543,0,425,2932                    
2026-10-06T20:24:51.351	TEL,2579,S4,389567727,2001,44543,0,428,2932                    
2026-10-06T20:24:51.351	TEL,2580,S4,389577727,2001,44543,0,428,2932                    
2026-10-06T20:24:51.351	TEL,2581,S4,389587727,2001,44543,0,430,2932                    
2026-10-06T20:24:51.351	TEL,2582,S4,389597727,2001,44543,0,428,2928                    
2026-10-06T20:24:51.351	TEL,2583,S4,389607727,2001,44543,0,430,2928                    
2026-10-06T20:24:51.351	TEL,2584,S4,389617727,2001,44543,0,433,2932                    
2026-10-06T20:24:51.351	TEL,2585,S4,389627727,2001,44543,0,428,2932                    
2026-10-06T20:24:51.351	TEL,2586,S4,389637727,2001,44543,0,430,2935                    
2026-10-06T20:24:51.351	TEL,2587,S4,389647727,2001,44543,0,433,2935                    
2026-10-06T20:24:51.351	TEL,2588,S4,389657727,2001,44543,0,430,2932                    
2026-10-06T20:24:51.351	TEL,2589,S4,389667727,2001,44543,0,428,2932                    
2026-10-06T20:24:51.351	TEL,2590,S4,389677727,2001,44543,0,428,2932                    
2026-10-06T20:24:51.351	TEL,2591,S4,389687727,2001,44543,0,428,2932                    
2026-10-06T20:24:51.351	TEL,2592,S4,389697727,2001,44543,0,425,2928                    
2026-10-06T20:24:51.351	TEL,2593,S4,389707727,2001,44543,0,433,2928                    
2026-10-06T20:24:51.351	TEL,2594,S4,389717727,2001,44543,0,436,2932                    
2026-10-06T20:24:51.351	TEL,2595,S4,389727727,2001,44543,0,428,2932                    
2026-10-06T20:24:51.351	TEL,2596,S4,389737727,2001,44543,0,430,2935                    
2026-10-06T20:24:51.351	TEL,2597,S4,389747727,2001,44543,0,433,2935                    
2026-10-06T20:24:51.351	TEL,2598,S4,389757727,2001,44543,0,430,2932                    
2026-10-06T20:24:51.351	TEL,2599,S4,389767727,2001,44543,0,428,2932                    
2026-10-06T20:24:51.351	BTN,31,S4,PRESSED,389771055,389771062                          
2026-10-06T20:24:51.351	TEL,2600,S4,389777728,2003,44543,0,430,2935                    
2026-10-06T20:24:51.351	TEL,2601,S4,389787727,2001,44543,0,428,2935                    
2026-10-06T20:24:51.351	TEL,2602,S4,389797727,2001,44543,0,425,2932                    
2026-10-06T20:24:51.351	TEL,2603,S4,389807727,2001,44543,0,419,2932                    
2026-10-06T20:24:51.351	TEL,2604,S4,389817727,2001,44543,0,413,2928                    
2026-10-06T20:24:51.351	TEL,2605,S4,389827727,2001,44543,0,422,2928                    
2026-10-06T20:24:51.351	TEL,2606,S4,389837727,2001,44543,0,425,2932                    
2026-10-06T20:24:51.351	TEL,2607,S4,389847727,2001,44543,0,425,2932                    
2026-10-06T20:24:51.351	TEL,2608,S4,389857727,2001,44543,0,425,2932                    
2026-10-06T20:24:51.351	TEL,2609,S4,389867727,2001,44543,0,433,2932                    
2026-10-06T20:24:51.355	TEL,2610,S4,389877727,2001,44543,0,433,2932                    
2026-10-06T20:24:51.355	TEL,2611,S4,389887727,2001,44543,0,425,2932                    
2026-10-06T20:24:51.355	TEL,2612,S4,389897727,2001,44543,0,425,2932                    
2026-10-06T20:24:51.355	TEL,2613,S4,389907727,2001,44543,0,428,2932                    
2026-10-06T20:24:51.355	TEL,2614,S4,389917727,2001,44543,0,425,2928                    
2026-10-06T20:24:51.355	TEL,2615,S4,389927727,2001,44543,0,428,2928                    
2026-10-06T20:24:51.355	TEL,2616,S4,389937727,2001,44543,0,433,2935                    
2026-10-06T20:24:51.355	TEL,2617,S4,389947727,2001,44543,0,433,2935                    
2026-10-06T20:24:51.355	TEL,2618,S4,389957727,2001,44543,0,433,2935                    
2026-10-06T20:24:51.355	TEL,2619,S4,389967727,2001,44543,0,433,2935                    
2026-10-06T20:24:51.355	TEL,2620,S4,389977727,2001,44543,0,428,2928                    
2026-10-06T20:24:51.355	TEL,2621,S4,389987727,2001,44543,0,430,2928                    
2026-10-06T20:24:51.355	TEL,2622,S4,389997727,2001,44543,0,436,2935                    
2026-10-06T20:24:51.355	TEL,2623,S4,390007727,2001,44543,0,433,2935                    
2026-10-06T20:24:51.355	TEL,2624,S4,390017727,2001,44543,0,433,2935                    
2026-10-06T20:24:51.355	TEL,2625,S4,390027727,2001,44543,0,433,2935                    
2026-10-06T20:24:51.355	TEL,2626,S4,390037727,2001,44543,0,430,2932                    
2026-10-06T20:24:51.355	TEL,2627,S4,390047727,2001,44543,0,442,2932                    
2026-10-06T20:24:51.355	TEL,2628,S4,390057727,2001,44543,0,436,2928                    
2026-10-06T20:24:51.355	TEL,2629,S4,390067727,2001,44543,0,428,2928                    
2026-10-06T20:24:51.355	TEL,2630,S4,390077727,2001,44543,0,430,2932                    
2026-10-06T20:24:51.355	TEL,2631,S4,390087727,2001,44543,0,430,2932                    
2026-10-06T20:24:51.355	TEL,2632,S4,390097727,2001,44543,0,430,2932                    
2026-10-06T20:24:51.355	TEL,2633,S4,390107727,2001,44543,0,430,2932                    
2026-10-06T20:24:51.355	TEL,2634,S4,390117727,2001,44543,0,433,2935                    
2026-10-06T20:24:51.963	TEL,2635,S4,390127727,2001,44543,0,430,2935                    
2026-10-06T20:24:51.963	TEL,2636,S4,390137727,2001,44543,0,430,2935                    
2026-10-06T20:24:51.963	TEL,2637,S4,390147727,2001,44543,0,439,2935                    
2026-10-06T20:24:51.963	TEL,2638,S4,390157727,2001,44543,0,439,2935                    
2026-10-06T20:24:51.963	TEL,2639,S4,390167727,2001,44543,0,428,2935                    
2026-10-06T20:24:51.963	TEL,2640,S4,390177727,2001,44543,0,428,2935                    
2026-10-06T20:24:51.963	TEL,2641,S4,390187727,2001,44543,0,433,2935                    
2026-10-06T20:24:51.963	TEL,2642,S4,390197727,2001,44543,0,430,2932                    
2026-10-06T20:24:51.963	TEL,2643,S4,390207727,2001,44543,0,425,2932                    
2026-10-06T20:24:51.963	TEL,2644,S4,390217727,2001,44543,0,425,2932                    
2026-10-06T20:24:51.963	TEL,2645,S4,390227727,2001,44543,0,430,2932                    
2026-10-06T20:24:51.963	TEL,2646,S4,390237727,2001,44543,0,430,2932                    
2026-10-06T20:24:51.963	TEL,2647,S4,390247727,2001,44543,0,428,2932                    
2026-10-06T20:24:51.963	TEL,2648,S4,390257727,2001,44543,0,428,2932                    
2026-10-06T20:24:51.963	TEL,2649,S4,390267727,2001,44543,0,425,2932                    
2026-10-06T20:24:51.963	TEL,2650,S4,390277727,2001,44543,0,425,2932                    
2026-10-06T20:24:51.963	TEL,2651,S4,390287727,2001,44543,0,425,2932                    
2026-10-06T20:24:51.963	TEL,2652,S4,390297727,2001,44543,0,428,2935                    
2026-10-06T20:24:51.963	TEL,2653,S4,390307727,2001,44543,0,430,2935                    
2026-10-06T20:24:51.963	TEL,2654,S4,390317727,2001,44543,0,428,2932                    
2026-10-06T20:24:51.963	TEL,2655,S4,390327727,2001,44543,0,416,2932                    
2026-10-06T20:24:51.963	TEL,2656,S4,390337727,2001,44543,0,413,2928                    
2026-10-06T20:24:51.963	TEL,2657,S4,390347727,2001,44543,0,425,2928                    
2026-10-06T20:24:51.963	TEL,2658,S4,390357727,2001,44543,0,425,2928                    
2026-10-06T20:24:51.963	TEL,2659,S4,390367727,2001,44543,0,433,2928                    
2026-10-06T20:24:51.963	TEL,2660,S4,390377727,2001,44543,0,433,2928                    
2026-10-06T20:24:51.963	TEL,2661,S4,390387727,2001,44543,0,428,2928                    
2026-10-06T20:24:51.963	TEL,2662,S4,390397727,2001,44543,0,430,2932                    
2026-10-06T20:24:51.963	TEL,2663,S4,390407727,2001,44543,0,425,2932                    
2026-10-06T20:24:51.963	TEL,2664,S4,390417727,2001,44543,0,425,2932                    
2026-10-06T20:24:51.963	TEL,2665,S4,390427727,2001,44543,0,430,2932                    
2026-10-06T20:24:51.963	TEL,2666,S4,390437727,2001,44543,0,430,2932                    
2026-10-06T20:24:51.963	TEL,2667,S4,390447727,2001,44543,0,425,2932                    
2026-10-06T20:24:51.963	TEL,2668,S4,390457727,2001,44543,0,425,2932                    
2026-10-06T20:24:51.963	TEL,2669,S4,390467727,2001,44543,0,430,2932                    
2026-10-06T20:24:51.963	TEL,2670,S4,390477727,2001,44543,0,433,2935                    
2026-10-06T20:24:51.963	TEL,2671,S4,390487727,2001,44543,0,433,2935                    
2026-10-06T20:24:51.963	TEL,2672,S4,390497727,2001,44543,0,430,2932                    
2026-10-06T20:24:51.963	TEL,2673,S4,390507727,2001,44543,0,430,2932                    
2026-10-06T20:24:51.965	TEL,2674,S4,390517727,2001,44543,0,430,2932                    
2026-10-06T20:24:51.965	TEL,2675,S4,390527727,2001,44543,0,425,2932                    
2026-10-06T20:24:51.965	TEL,2676,S4,390537727,2001,44543,0,422,2928                    
2026-10-06T20:24:51.965	TEL,2677,S4,390547727,2001,44543,0,425,2928                    
2026-10-06T20:24:51.965	TEL,2678,S4,390557727,2001,44543,0,428,2932                    
2026-10-06T20:24:51.965	TEL,2679,S4,390567727,2001,44543,0,428,2932                    
2026-10-06T20:24:51.965	TEL,2680,S4,390577727,2001,44543,0,430,2935                    
2026-10-06T20:24:51.965	TEL,2681,S4,390587727,2001,44543,0,428,2935                    
2026-10-06T20:24:51.965	TEL,2682,S4,390597727,2001,44543,0,425,2932                    
2026-10-06T20:24:51.965	TEL,2683,S4,390607727,2001,44543,0,430,2932                    
2026-10-06T20:24:51.965	TEL,2684,S4,390617727,2001,44543,0,428,2928                    
2026-10-06T20:24:51.965	TEL,2685,S4,390627727,2001,44543,0,428,2928                    
2026-10-06T20:24:51.965	TEL,2686,S4,390637727,2001,44543,0,430,2932                    
2026-10-06T20:24:51.965	BTN,32,S4,PRESSED,390645061,390645068                          
2026-10-06T20:24:51.965	TEL,2687,S4,390647728,2003,44543,0,430,2932                    
2026-10-06T20:24:51.965	TEL,2688,S4,390657731,2006,44543,0,433,2933                    
2026-10-06T20:24:51.965	TEL,2689,S4,390667727,2001,44543,0,433,2933                    
2026-10-06T20:24:51.965	TEL,2690,S4,390677727,2001,44543,0,430,2932                    
2026-10-06T20:24:51.965	TEL,2691,S4,390687727,2001,44543,0,425,2932                    
2026-10-06T20:24:51.965	TEL,2692,S4,390697727,2001,44543,0,425,2932                    
2026-10-06T20:24:51.965	TEL,2693,S4,390707727,2001,44543,0,428,2932                    
2026-10-06T20:24:51.965	TEL,2694,S4,390717727,2001,44543,0,428,2932                    
2026-10-06T20:24:51.965	TEL,2695,S4,390727727,2001,44543,0,442,2932                    
2026-10-06T20:24:52.584	TEL,2696,S4,390737727,2001,44543,0,445,2935                    
2026-10-06T20:24:52.584	TEL,2697,S4,390747727,2001,44543,0,430,2935                    
2026-10-06T20:24:52.584	TEL,2698,S4,390757727,2001,44543,0,428,2932                    
2026-10-06T20:24:52.584	TEL,2699,S4,390767727,2001,44543,0,428,2932                    
2026-10-06T20:24:52.584	TEL,2700,S4,390777727,2001,44543,0,428,2932                    
2026-10-06T20:24:52.584	TEL,2701,S4,390787727,2001,44543,0,433,2932                    
2026-10-06T20:24:52.584	TEL,2702,S4,390797727,2001,44543,0,433,2932                    
2026-10-06T20:24:52.584	TEL,2703,S4,390807727,2001,44543,0,430,2932                    
2026-10-06T20:24:52.584	TEL,2704,S4,390817727,2001,44543,0,428,2928                    
2026-10-06T20:24:52.584	TEL,2705,S4,390827727,2001,44543,0,413,2928                    
2026-10-06T20:24:52.584	TEL,2706,S4,390837727,2001,44543,0,416,2932                    
2026-10-06T20:24:52.584	TEL,2707,S4,390847727,2001,44543,0,430,2932                    
2026-10-06T20:24:52.584	TEL,2708,S4,390857727,2001,44543,0,433,2933                    
2026-10-06T20:24:52.584	TEL,2709,S4,390867727,2001,44543,0,428,2933                    
2026-10-06T20:24:52.584	TEL,2710,S4,390877727,2001,44543,0,428,2935                    
2026-10-06T20:24:52.584	TEL,2711,S4,390887727,2001,44543,0,430,2935                    
2026-10-06T20:24:52.584	TEL,2712,S4,390897727,2001,44543,0,428,2932                    
2026-10-06T20:24:52.584	TEL,2713,S4,390907727,2001,44543,0,430,2932                    
2026-10-06T20:24:52.584	TEL,2714,S4,390917727,2001,44543,0,433,2933                    
2026-10-06T20:24:52.584	TEL,2715,S4,390927727,2001,44543,0,433,2933                    
2026-10-06T20:24:52.584	TEL,2716,S4,390937727,2001,44543,0,430,2932                    
2026-10-06T20:24:52.584	TEL,2717,S4,390947727,2001,44543,0,425,2932                    
2026-10-06T20:24:52.584	TEL,2718,S4,390957727,2001,44543,0,425,2932                    
2026-10-06T20:24:52.584	TEL,2719,S4,390967727,2001,44543,0,430,2932                    
2026-10-06T20:24:52.584	TEL,2720,S4,390977727,2001,44543,0,430,2932                    
2026-10-06T20:24:52.584	TEL,2721,S4,390987727,2001,44543,0,428,2932                    
2026-10-06T20:24:52.584	TEL,2722,S4,390997727,2001,44543,0,428,2932                    
2026-10-06T20:24:52.584	TEL,2723,S4,391007727,2001,44543,0,428,2932                    
2026-10-06T20:24:52.584	TEL,2724,S4,391017727,2001,44543,0,430,2933                    
2026-10-06T20:24:52.584	TEL,2725,S4,391027727,2001,44543,0,433,2933                    
2026-10-06T20:24:52.584	TEL,2726,S4,391037727,2001,44543,0,433,2935                    
2026-10-06T20:24:52.584	TEL,2727,S4,391047727,2001,44543,0,430,2935                    
2026-10-06T20:24:52.584	TEL,2728,S4,391057727,2001,44543,0,430,2935                    
2026-10-06T20:24:52.584	TEL,2729,S4,391067727,2001,44543,0,430,2935                    
2026-10-06T20:24:52.584	TEL,2730,S4,391077727,2001,44543,0,428,2932                    
2026-10-06T20:24:52.584	TEL,2731,S4,391087727,2001,44543,0,425,2932                    
2026-10-06T20:24:52.584	TEL,2732,S4,391097727,2001,44543,0,425,2932                    
2026-10-06T20:24:52.584	TEL,2733,S4,391107727,2001,44543,0,436,2932                    
2026-10-06T20:24:52.584	TEL,2734,S4,391117727,2001,44543,0,433,2928                    
2026-10-06T20:24:52.584	TEL,2735,S4,391127727,2001,44543,0,436,2928                    
2026-10-06T20:24:52.584	TEL,2736,S4,391137727,2001,44543,0,439,2932                    
2026-10-06T20:24:52.584	TEL,2737,S4,391147727,2001,44543,0,425,2932                    
2026-10-06T20:24:52.584	TEL,2738,S4,391157727,2001,44543,0,425,2932                    
2026-10-06T20:24:52.584	TEL,2739,S4,391167727,2001,44543,0,425,2932                    
2026-10-06T20:24:52.584	TEL,2740,S4,391177727,2001,44543,0,425,2932                    
2026-10-06T20:24:52.584	TEL,2741,S4,391187727,2001,44543,0,428,2932                    
2026-10-06T20:24:52.584	TEL,2742,S4,391197727,2001,44543,0,428,2932                    
2026-10-06T20:24:52.584	TEL,2743,S4,391207727,2001,44543,0,430,2932                    
2026-10-06T20:24:52.584	TEL,2744,S4,391217727,2001,44543,0,433,2935                    
2026-10-06T20:24:52.584	TEL,2745,S4,391227727,2001,44543,0,430,2935                    
2026-10-06T20:24:52.584	TEL,2746,S4,391237727,2001,44543,0,428,2932                    
2026-10-06T20:24:52.584	TEL,2747,S4,391247727,2001,44543,0,436,2932                    
2026-10-06T20:24:52.584	TEL,2748,S4,391257727,2001,44543,0,436,2932                    
2026-10-06T20:24:52.584	TEL,2749,S4,391267727,2001,44543,0,430,2932                    
2026-10-06T20:24:52.584	TEL,2750,S4,391277727,2001,44543,0,433,2935                    
2026-10-06T20:24:52.584	TEL,2751,S4,391287727,2001,44543,0,428,2935                    
2026-10-06T20:24:52.584	TEL,2752,S4,391297727,2001,44543,0,428,2935                    
2026-10-06T20:24:52.584	TEL,2753,S4,391307727,2001,44543,0,433,2935                    
2026-10-06T20:24:52.584	TEL,2754,S4,391317727,2001,44543,0,433,2935                    
2026-10-06T20:24:52.584	TEL,2755,S4,391327727,2001,44543,0,428,2935                    
2026-10-06T20:24:52.584	TEL,2756,S4,391337727,2001,44543,0,425,2932                    
2026-10-06T20:24:52.584	TEL,2757,S4,391347727,2001,44543,0,428,2932                    
2026-10-06T20:24:53.191	TEL,2758,S4,391357727,2001,44543,0,428,2932                    
2026-10-06T20:24:53.191	BTN,33,S4,PRESSED,391359066,391359073                          
2026-10-06T20:24:53.191	TEL,2759,S4,391367728,2003,44543,0,430,2932                    
2026-10-06T20:24:53.191	TEL,2760,S4,391377727,2001,44543,0,430,2932                    
2026-10-06T20:24:53.191	TEL,2761,S4,391387727,2001,44543,0,425,2932                    
2026-10-06T20:24:53.194	TEL,2762,S4,391397727,2001,44543,0,425,2932                    
2026-10-06T20:24:53.194	TEL,2763,S4,391407727,2001,44543,0,436,2932                    
2026-10-06T20:24:53.194	TEL,2764,S4,391417727,2001,44543,0,436,2932                    
2026-10-06T20:24:53.194	TEL,2765,S4,391427727,2001,44543,0,445,2932                    
2026-10-06T20:24:53.194	TEL,2766,S4,391437727,2001,44543,0,445,2932                    
2026-10-06T20:24:53.194	TEL,2767,S4,391447727,2001,44543,0,428,2932                    
2026-10-06T20:24:53.194	TEL,2768,S4,391457727,2001,44543,0,430,2935                    
2026-10-06T20:24:53.194	TEL,2769,S4,391467727,2001,44543,0,439,2935                    
2026-10-06T20:24:53.194	TEL,2770,S4,391477727,2001,44543,0,436,2932                    
2026-10-06T20:24:53.194	TEL,2771,S4,391487727,2001,44543,0,428,2932                    
2026-10-06T20:24:53.194	TEL,2772,S4,391497727,2001,44543,0,430,2935                    
2026-10-06T20:24:53.194	TEL,2773,S4,391507727,2001,44543,0,428,2935                    
2026-10-06T20:24:53.194	TEL,2774,S4,391517727,2001,44543,0,425,2932                    
2026-10-06T20:24:53.194	TEL,2775,S4,391527727,2001,44543,0,428,2932                    
2026-10-06T20:24:53.194	TEL,2776,S4,391537727,2001,44543,0,428,2932                    
2026-10-06T20:24:53.194	TEL,2777,S4,391547727,2001,44543,0,430,2932                    
2026-10-06T20:24:53.194	TEL,2778,S4,391557727,2001,44543,0,430,2932                    
2026-10-06T20:24:53.194	TEL,2779,S4,391567727,2001,44543,0,425,2932                    
2026-10-06T20:24:53.194	TEL,2780,S4,391577727,2001,44543,0,425,2932                    
2026-10-06T20:24:53.194	TEL,2781,S4,391587727,2001,44543,0,430,2932                    
2026-10-06T20:24:53.194	TEL,2782,S4,391597727,2001,44543,0,433,2935                    
2026-10-06T20:24:53.194	TEL,2783,S4,391607727,2001,44543,0,433,2935                    
2026-10-06T20:24:53.194	TEL,2784,S4,391617727,2001,44543,0,430,2932                    
2026-10-06T20:24:53.194	TEL,2785,S4,391627727,2001,44543,0,430,2932                    
2026-10-06T20:24:53.194	TEL,2786,S4,391637727,2001,44543,0,433,2933                    
2026-10-06T20:24:53.195	TEL,2787,S4,391647727,2001,44543,0,430,2933                    
2026-10-06T20:24:53.195	TEL,2788,S4,391657727,2001,44543,0,430,2933                    
2026-10-06T20:24:53.195	TEL,2789,S4,391667727,2001,44543,0,436,2933                    
2026-10-06T20:24:53.195	TEL,2790,S4,391677727,2001,44543,0,436,2932                    
2026-10-06T20:24:53.195	TEL,2791,S4,391687727,2001,44543,0,428,2932                    
2026-10-06T20:24:53.195	TEL,2792,S4,391697727,2001,44543,0,428,2930                    
2026-10-06T20:24:53.195	TEL,2793,S4,391707727,2001,44543,0,425,2930                    
2026-10-06T20:24:53.195	TEL,2794,S4,391717727,2001,44543,0,425,2932                    
2026-10-06T20:24:53.195	TEL,2795,S4,391727727,2001,44543,0,436,2932                    
2026-10-06T20:24:53.195	TEL,2796,S4,391737727,2001,44543,0,436,2932                    
2026-10-06T20:24:53.195	TEL,2797,S4,391747727,2001,44543,0,436,2932                    
2026-10-06T20:24:53.195	TEL,2798,S4,391757727,2001,44543,0,433,2928                    
2026-10-06T20:24:53.195	TEL,2799,S4,391767727,2001,44543,0,425,2928                    
2026-10-06T20:24:53.195	TEL,2800,S4,391777727,2001,44543,0,428,2932                    
2026-10-06T20:24:53.195	TEL,2801,S4,391787727,2001,44543,0,430,2932                    
2026-10-06T20:24:53.195	TEL,2802,S4,391797727,2001,44543,0,433,2933                    
2026-10-06T20:24:53.195	TEL,2803,S4,391807727,2001,44543,0,433,2933                    
2026-10-06T20:24:53.195	TEL,2804,S4,391817727,2001,44543,0,428,2928                    
2026-10-06T20:24:53.195	TEL,2805,S4,391827727,2001,44543,0,422,2928                    
2026-10-06T20:24:53.195	TEL,2806,S4,391837727,2001,44543,0,428,2935                    
2026-10-06T20:24:53.195	TEL,2807,S4,391847727,2001,44543,0,433,2935                    
2026-10-06T20:24:53.195	TEL,2808,S4,391857727,2001,44543,0,439,2941                    
2026-10-06T20:24:53.195	TEL,2809,S4,391867727,2001,44543,0,433,2941                    
2026-10-06T20:24:53.195	TEL,2810,S4,391877727,2001,44543,0,425,2932                    
2026-10-06T20:24:53.195	TEL,2811,S4,391887727,2001,44543,0,425,2932                    
2026-10-06T20:24:53.195	TEL,2812,S4,391897727,2001,44543,0,425,2932                    
2026-10-06T20:24:53.195	TEL,2813,S4,391907727,2001,44543,0,425,2932                    
2026-10-06T20:24:53.195	TEL,2814,S4,391917727,2001,44543,0,425,2932                    
2026-10-06T20:24:53.195	TEL,2815,S4,391927727,2001,44543,0,425,2932                    
2026-10-06T20:24:53.195	TEL,2816,S4,391937727,2001,44543,0,428,2935                    
2026-10-06T20:24:53.195	TEL,2817,S4,391947727,2001,44543,0,430,2935                    
2026-10-06T20:24:53.195	TEL,2818,S4,391957727,2001,44543,0,430,2935                    
2026-10-06T20:24:53.803	TEL,2819,S4,391967727,2001,44543,0,433,2935                    
2026-10-06T20:24:53.803	TEL,2820,S4,391977727,2001,44543,0,430,2932                    
2026-10-06T20:24:53.803	TEL,2821,S4,391987727,2001,44543,0,428,2932                    
2026-10-06T20:24:53.803	TEL,2822,S4,391997727,2001,44543,0,430,2935                    
2026-10-06T20:24:53.803	TEL,2823,S4,392007727,2001,44543,0,428,2935                    
2026-10-06T20:24:53.803	TEL,2824,S4,392017727,2001,44543,0,425,2932                    
2026-10-06T20:24:53.803	TEL,2825,S4,392027727,2001,44543,0,430,2932                    
2026-10-06T20:24:53.803	TEL,2826,S4,392037727,2001,44543,0,430,2932                    
2026-10-06T20:24:53.803	TEL,2827,S4,392047727,2001,44543,0,425,2932                    
2026-10-06T20:24:53.803	TEL,2828,S4,392057727,2001,44543,0,425,2932                    
2026-10-06T20:24:53.803	TEL,2829,S4,392067727,2001,44543,0,430,2932                    
2026-10-06T20:24:53.803	TEL,2830,S4,392077727,2001,44543,0,430,2932                    
2026-10-06T20:24:53.803	BTN,34,S4,PRESSED,392084072,392084079                          
2026-10-06T20:24:53.803	TEL,2831,S4,392087728,2003,44543,0,425,2932                    
2026-10-06T20:24:53.803	TEL,2832,S4,392097727,2002,44543,0,425,2932                    
2026-10-06T20:24:53.803	TEL,2833,S4,392107727,2001,44543,0,436,2932                    
2026-10-06T20:24:53.803	TEL,2834,S4,392117727,2001,44543,0,436,2932                    
2026-10-06T20:24:53.803	TEL,2835,S4,392127727,2001,44543,0,430,2932                    
2026-10-06T20:24:53.803	TEL,2836,S4,392137727,2001,44543,0,430,2932                    
2026-10-06T20:24:53.803	TEL,2837,S4,392147727,2001,44543,0,430,2932                    
2026-10-06T20:24:53.803	TEL,2838,S4,392157727,2001,44543,0,433,2935                    
2026-10-06T20:24:53.803	TEL,2839,S4,392167727,2001,44543,0,430,2935                    
2026-10-06T20:24:53.803	TEL,2840,S4,392177727,2001,44543,0,428,2932                    
2026-10-06T20:24:53.803	TEL,2841,S4,392187727,2001,44543,0,425,2932                    
2026-10-06T20:24:53.803	TEL,2842,S4,392197727,2001,44543,0,425,2932                    
2026-10-06T20:24:53.803	TEL,2843,S4,392207727,2001,44543,0,430,2932                    
2026-10-06T20:24:53.803	TEL,2844,S4,392217727,2001,44543,0,430,2932                    
2026-10-06T20:24:53.803	TEL,2845,S4,392227727,2001,44543,0,425,2932                    
2026-10-06T20:24:53.803	TEL,2846,S4,392237727,2001,44543,0,428,2933                    
2026-10-06T20:24:53.803	TEL,2847,S4,392247727,2001,44543,0,428,2933                    
2026-10-06T20:24:53.803	TEL,2848,S4,392257727,2001,44543,0,425,2932                    
2026-10-06T20:24:53.803	TEL,2849,S4,392267727,2001,44543,0,425,2932                    
2026-10-06T20:24:53.803	TEL,2850,S4,392277727,2001,44543,0,428,2935                    
2026-10-06T20:24:53.803	TEL,2851,S4,392287727,2001,44543,0,430,2935                    
2026-10-06T20:24:53.803	TEL,2852,S4,392297727,2001,44543,0,430,2935                    
2026-10-06T20:24:53.803	TEL,2853,S4,392307727,2001,44543,0,433,2935                    
2026-10-06T20:24:53.803	TEL,2854,S4,392317727,2001,44543,0,433,2935                    
2026-10-06T20:24:53.803	TEL,2855,S4,392327727,2001,44543,0,433,2935                    
2026-10-06T20:24:53.803	TEL,2856,S4,392337727,2001,44543,0,433,2935                    
2026-10-06T20:24:53.803	TEL,2857,S4,392347727,2001,44543,0,428,2935                    
2026-10-06T20:24:53.803	TEL,2858,S4,392357727,2001,44543,0,425,2932                    
2026-10-06T20:24:53.803	TEL,2859,S4,392367727,2001,44543,0,428,2932                    
2026-10-06T20:24:53.803	TEL,2860,S4,392377727,2001,44543,0,430,2933                    
2026-10-06T20:24:53.803	TEL,2861,S4,392387727,2001,44543,0,430,2933                    
2026-10-06T20:24:53.803	TEL,2862,S4,392397727,2001,44543,0,428,2932                    
2026-10-06T20:24:53.803	TEL,2863,S4,392407727,2001,44543,0,430,2932                    
2026-10-06T20:24:53.803	TEL,2864,S4,392417727,2001,44543,0,430,2932                    
2026-10-06T20:24:53.803	TEL,2865,S4,392427727,2001,44543,0,425,2932                    
2026-10-06T20:24:53.803	TEL,2866,S4,392437727,2001,44543,0,425,2932                    
2026-10-06T20:24:53.803	TEL,2867,S4,392447727,2001,44543,0,430,2932                    
2026-10-06T20:24:53.803	TEL,2868,S4,392457727,2001,44543,0,433,2935                    
2026-10-06T20:24:53.803	TEL,2869,S4,392467727,2001,44543,0,430,2935                    
2026-10-06T20:24:53.803	TEL,2870,S4,392477727,2001,44543,0,428,2932                    
2026-10-06T20:24:53.803	TEL,2871,S4,392487727,2001,44543,0,428,2932                    
2026-10-06T20:24:53.803	TEL,2872,S4,392497727,2001,44543,0,428,2932                    
2026-10-06T20:24:53.803	TEL,2873,S4,392507727,2001,44543,0,425,2932                    
2026-10-06T20:24:53.803	TEL,2874,S4,392517727,2001,44543,0,425,2932                    
2026-10-06T20:24:53.803	TEL,2875,S4,392527727,2001,44543,0,430,2932                    
2026-10-06T20:24:53.803	TEL,2876,S4,392537727,2001,44543,0,430,2932                    
2026-10-06T20:24:53.803	TEL,2877,S4,392547727,2001,44543,0,430,2932                    
2026-10-06T20:24:53.803	TEL,2878,S4,392557727,2001,44543,0,430,2932                    
2026-10-06T20:24:53.803	TEL,2879,S4,392567727,2001,44543,0,425,2932                    
2026-10-06T20:24:54.414	TEL,2880,S4,392577727,2001,44543,0,425,2932                    
2026-10-06T20:24:54.414	TEL,2881,S4,392587727,2001,44543,0,425,2932                    
2026-10-06T20:24:54.414	TEL,2882,S4,392597727,2001,44543,0,425,2932                    
2026-10-06T20:24:54.414	TEL,2883,S4,392607727,2001,44543,0,430,2932                    
2026-10-06T20:24:54.414	TEL,2884,S4,392617727,2001,44543,0,430,2932                    
2026-10-06T20:24:54.414	TEL,2885,S4,392627727,2001,44543,0,430,2932                    
2026-10-06T20:24:54.414	TEL,2886,S4,392637727,2001,44543,0,428,2928                    
2026-10-06T20:24:54.414	TEL,2887,S4,392647727,2001,44543,0,422,2928                    
2026-10-06T20:24:54.414	TEL,2888,S4,392657727,2001,44543,0,422,2928                    
2026-10-06T20:24:54.414	TEL,2889,S4,392667727,2001,44543,0,428,2928                    
2026-10-06T20:24:54.414	TEL,2890,S4,392677727,2001,44543,0,430,2932                    
2026-10-06T20:24:54.414	TEL,2891,S4,392687727,2001,44543,0,428,2932                    
2026-10-06T20:24:54.414	TEL,2892,S4,392697727,2001,44543,0,428,2932                    
2026-10-06T20:24:54.414	TEL,2893,S4,392707727,2001,44543,0,425,2932                    
2026-10-06T20:24:54.414	TEL,2894,S4,392717727,2001,44543,0,425,2932                    
2026-10-06T20:24:54.414	TEL,2895,S4,392727727,2001,44543,0,430,2932                    
2026-10-06T20:24:54.414	TEL,2896,S4,392737727,2001,44543,0,430,2932                    
2026-10-06T20:24:54.414	TEL,2897,S4,392747727,2001,44543,0,425,2932                    
2026-10-06T20:24:54.414	TEL,2898,S4,392757727,2001,44543,0,425,2932                    
2026-10-06T20:24:54.414	TEL,2899,S4,392767727,2001,44543,0,425,2932                    
2026-10-06T20:24:54.414	TEL,2900,S4,392777727,2001,44543,0,428,2933                    
2026-10-06T20:24:54.414	TEL,2901,S4,392787727,2001,44543,0,433,2933                    
2026-10-06T20:24:54.414	TEL,2902,S4,392797727,2001,44543,0,430,2932                    
2026-10-06T20:24:54.414	TEL,2903,S4,392807727,2001,44543,0,428,2932                    
2026-10-06T20:24:54.414	TEL,2904,S4,392817727,2001,44543,0,428,2932                    
2026-10-06T20:24:54.414	TEL,2905,S4,392827727,2001,44543,0,430,2932                    
2026-10-06T20:24:54.414	TEL,2906,S4,392837727,2001,44543,0,430,2932                    
2026-10-06T20:24:54.414	TEL,2907,S4,392847727,2001,44543,0,425,2932                    
2026-10-06T20:24:54.414	TEL,2908,S4,392857727,2001,44543,0,422,2928                    
2026-10-06T20:24:54.414	TEL,2909,S4,392867727,2001,44543,0,428,2928                    
2026-10-06T20:24:54.414	TEL,2910,S4,392877727,2001,44543,0,433,2933                    
2026-10-06T20:24:54.414	TEL,2911,S4,392887727,2001,44543,0,430,2933                    
2026-10-06T20:24:54.414	TEL,2912,S4,392897727,2001,44543,0,428,2932                    
2026-10-06T20:24:54.414	TEL,2913,S4,392907727,2001,44543,0,436,2932                    
2026-10-06T20:24:54.414	TEL,2914,S4,392917727,2001,44543,0,439,2935                    
2026-10-06T20:24:54.414	BTN,35,S4,PRESSED,392923077,392923084                          
2026-10-06T20:24:54.414	TEL,2915,S4,392927728,2003,44543,0,433,2935                    
2026-10-06T20:24:54.414	TEL,2916,S4,392937727,2001,44543,0,430,2932                    
2026-10-06T20:24:54.414	TEL,2917,S4,392947727,2001,44543,0,430,2932                    
2026-10-06T20:24:54.414	TEL,2918,S4,392957727,2001,44543,0,433,2933                    
2026-10-06T20:24:54.414	TEL,2919,S4,392967727,2001,44543,0,430,2933                    
2026-10-06T20:24:54.414	TEL,2920,S4,392977727,2001,44543,0,428,2932                    
2026-10-06T20:24:54.414	TEL,2921,S4,392987727,2001,44543,0,436,2932                    
2026-10-06T20:24:54.414	TEL,2922,S4,392997727,2001,44543,0,436,2932                    
2026-10-06T20:24:54.414	TEL,2923,S4,393007727,2001,44543,0,430,2932                    
2026-10-06T20:24:54.414	TEL,2924,S4,393017727,2001,44543,0,428,2928                    
2026-10-06T20:24:54.414	TEL,2925,S4,393027727,2001,44543,0,428,2928                    
2026-10-06T20:24:54.414	TEL,2926,S4,393037727,2001,44543,0,433,2935                    
2026-10-06T20:24:54.414	TEL,2927,S4,393047727,2001,44543,0,430,2935                    
2026-10-06T20:24:54.414	TEL,2928,S4,393057727,2001,44543,0,430,2935                    
2026-10-06T20:24:54.414	TEL,2929,S4,393067727,2001,44543,0,433,2935                    
2026-10-06T20:24:54.414	TEL,2930,S4,393077727,2001,44543,0,430,2932                    
2026-10-06T20:24:54.414	TEL,2931,S4,393087727,2001,44543,0,425,2932                    
2026-10-06T20:24:54.414	TEL,2932,S4,393097727,2001,44543,0,425,2932                    
2026-10-06T20:24:54.414	TEL,2933,S4,393107727,2001,44543,0,425,2932                    
2026-10-06T20:24:54.414	TEL,2934,S4,393117727,2001,44543,0,428,2935                    
2026-10-06T20:24:54.414	TEL,2935,S4,393127727,2001,44543,0,430,2935                    
2026-10-06T20:24:54.414	TEL,2936,S4,393137727,2001,44543,0,425,2928                    
2026-10-06T20:24:54.414	TEL,2937,S4,393147727,2001,44543,0,422,2928                    
2026-10-06T20:24:54.414	TEL,2938,S4,393157727,2001,44543,0,425,2932                    
2026-10-06T20:24:54.414	TEL,2939,S4,393167727,2001,44543,0,428,2932                    
2026-10-06T20:24:54.414	TEL,2940,S4,393177727,2001,44543,0,428,2932                    
2026-10-06T20:24:55.023	TEL,2941,S4,393187727,2001,44543,0,430,2932                    
2026-10-06T20:24:55.023	TEL,2942,S4,393197727,2001,44543,0,430,2932                    
2026-10-06T20:24:55.023	TEL,2943,S4,393207727,2001,44543,0,425,2932                    
2026-10-06T20:24:55.023	TEL,2944,S4,393217727,2001,44543,0,422,2928                    
2026-10-06T20:24:55.023	TEL,2945,S4,393227727,2001,44543,0,425,2928                    
2026-10-06T20:24:55.023	TEL,2946,S4,393237727,2001,44543,0,428,2932                    
2026-10-06T20:24:55.023	TEL,2947,S4,393247727,2001,44543,0,428,2932                    
2026-10-06T20:24:55.023	TEL,2948,S4,393257727,2001,44543,0,428,2932                    
2026-10-06T20:24:55.023	TEL,2949,S4,393267727,2001,44543,0,428,2932                    
2026-10-06T20:24:55.023	TEL,2950,S4,393277727,2001,44543,0,428,2932                    
2026-10-06T20:24:55.023	TEL,2951,S4,393287727,2001,44543,0,425,2932                    
2026-10-06T20:24:55.023	TEL,2952,S4,393297727,2001,44543,0,425,2932                    
2026-10-06T20:24:55.023	TEL,2953,S4,393307727,2001,44543,0,425,2932                    
2026-10-06T20:24:55.023	TEL,2954,S4,393317727,2001,44543,0,428,2935                    
2026-10-06T20:24:55.023	TEL,2955,S4,393327727,2001,44543,0,433,2935                    
2026-10-06T20:24:55.023	TEL,2956,S4,393337727,2001,44543,0,430,2932                    
2026-10-06T20:24:55.023	TEL,2957,S4,393347727,2001,44543,0,430,2932                    
2026-10-06T20:24:55.023	TEL,2958,S4,393357727,2001,44543,0,430,2932                    
2026-10-06T20:24:55.023	TEL,2959,S4,393367727,2001,44543,0,425,2932                    
2026-10-06T20:24:55.023	TEL,2960,S4,393377727,2001,44543,0,428,2935                    
2026-10-06T20:24:55.023	TEL,2961,S4,393387727,2001,44543,0,430,2935                    
2026-10-06T20:24:55.023	TEL,2962,S4,393397727,2001,44543,0,430,2933                    
2026-10-06T20:24:55.023	TEL,2963,S4,393407727,2001,44543,0,433,2933                    
2026-10-06T20:24:55.023	TEL,2964,S4,393417727,2001,44543,0,430,2932                    
2026-10-06T20:24:55.023	TEL,2965,S4,393427727,2001,44543,0,425,2932                    
2026-10-06T20:24:55.023	TEL,2966,S4,393437727,2001,44543,0,425,2932                    
2026-10-06T20:24:55.023	TEL,2967,S4,393447727,2001,44543,0,428,2932                    
2026-10-06T20:24:55.023	TEL,2968,S4,393457727,2001,44543,0,430,2935                    
2026-10-06T20:24:55.023	TEL,2969,S4,393467727,2001,44543,0,428,2935                    
2026-10-06T20:24:55.023	TEL,2970,S4,393477732,2007,44543,0,428,2935                    
2026-10-06T20:24:55.023	BTN,36,S4,PRESSED,393477083,393477753                          
2026-10-06T20:24:55.023	TEL,2971,S4,393487728,2003,44543,0,422,2935                    
2026-10-06T20:24:55.023	TEL,2972,S4,393497727,2001,44543,0,419,2933                    
2026-10-06T20:24:55.023	TEL,2973,S4,393507727,2001,44543,0,430,2933                    
2026-10-06T20:24:55.023	TEL,2974,S4,393517727,2001,44543,0,428,2932                    
2026-10-06T20:24:55.023	TEL,2975,S4,393527727,2001,44543,0,428,2932                    
2026-10-06T20:24:55.023	TEL,2976,S4,393537727,2001,44543,0,428,2932                    
2026-10-06T20:24:55.023	TEL,2977,S4,393547727,2001,44543,0,425,2932                    
2026-10-06T20:24:55.023	TEL,2978,S4,393557727,2001,44543,0,425,2932                    
2026-10-06T20:24:55.023	TEL,2979,S4,393567727,2001,44543,0,425,2932                    
2026-10-06T20:24:55.023	TEL,2980,S4,393577727,2001,44543,0,425,2932                    
2026-10-06T20:24:55.023	TEL,2981,S4,393587727,2001,44543,0,425,2932                    
2026-10-06T20:24:55.023	TEL,2982,S4,393597727,2001,44543,0,425,2932                    
2026-10-06T20:24:55.023	TEL,2983,S4,393607727,2001,44543,0,430,2932                    
2026-10-06T20:24:55.023	TEL,2984,S4,393617727,2001,44543,0,430,2932                    
2026-10-06T20:24:55.023	TEL,2985,S4,393627727,2001,44543,0,430,2932                    
2026-10-06T20:24:55.023	TEL,2986,S4,393637727,2001,44543,0,433,2935                    
2026-10-06T20:24:55.023	TEL,2987,S4,393647727,2001,44543,0,428,2935                    
2026-10-06T20:24:55.023	TEL,2988,S4,393657727,2001,44543,0,425,2932                    
2026-10-06T20:24:55.023	TEL,2989,S4,393667727,2001,44543,0,425,2932                    
2026-10-06T20:24:55.023	TEL,2990,S4,393677727,2001,44543,0,425,2932                    
2026-10-06T20:24:55.023	TEL,2991,S4,393687727,2001,44543,0,439,2932                    
2026-10-06T20:24:55.023	TEL,2992,S4,393697727,2001,44543,0,439,2932                    
2026-10-06T20:24:55.023	TEL,2993,S4,393707727,2001,44543,0,433,2932                    
2026-10-06T20:24:55.023	TEL,2994,S4,393717727,2001,44543,0,433,2932                    
2026-10-06T20:24:55.023	TEL,2995,S4,393727727,2001,44543,0,425,2932                    
2026-10-06T20:24:55.023	TEL,2996,S4,393737727,2001,44543,0,425,2932                    
2026-10-06T20:24:55.023	TEL,2997,S4,393747727,2001,44543,0,436,2932                    
2026-10-06T20:24:55.023	TEL,2998,S4,393757727,2001,44543,0,436,2932                    
2026-10-06T20:24:55.023	TEL,2999,S4,393767727,2001,44543,0,425,2932                    
2026-10-06T20:24:55.023	TEL,3000,S4,393777727,2001,44543,0,425,2932                    
2026-10-06T20:24:55.023	TEL,3001,S4,393787727,2001,44543,0,425,2932                    
2026-10-06T20:24:55.631	TEL,3002,S4,393797727,2001,44543,0,428,2935                    
2026-10-06T20:24:55.631	TEL,3003,S4,393807727,2001,44543,0,439,2935                    
2026-10-06T20:24:55.631	TEL,3004,S4,393817727,2001,44543,0,436,2932                    
2026-10-06T20:24:55.631	TEL,3005,S4,393827727,2001,44543,0,430,2932                    
2026-10-06T20:24:55.631	TEL,3006,S4,393837727,2001,44543,0,430,2932                    
2026-10-06T20:24:55.631	TEL,3007,S4,393847727,2001,44543,0,430,2932                    
2026-10-06T20:24:55.631	TEL,3008,S4,393857727,2001,44543,0,433,2935                    
2026-10-06T20:24:55.631	TEL,3009,S4,393867727,2001,44543,0,430,2935                    
2026-10-06T20:24:55.631	TEL,3010,S4,393877727,2001,44543,0,428,2932                    
2026-10-06T20:24:55.631	TEL,3011,S4,393887727,2001,44543,0,425,2932                    
2026-10-06T20:24:55.631	TEL,3012,S4,393897727,2001,44543,0,425,2932                    
2026-10-06T20:24:55.631	TEL,3013,S4,393907727,2001,44543,0,430,2932                    
2026-10-06T20:24:55.631	TEL,3014,S4,393917727,2001,44543,0,430,2932                    
2026-10-06T20:24:55.631	TEL,3015,S4,393927727,2001,44543,0,430,2932                    
2026-10-06T20:24:55.631	TEL,3016,S4,393937727,2001,44543,0,433,2935                    
2026-10-06T20:24:55.631	TEL,3017,S4,393947727,2001,44543,0,428,2935                    
2026-10-06T20:24:55.631	TEL,3018,S4,393957727,2001,44543,0,428,2935                    
2026-10-06T20:24:55.631	TEL,3019,S4,393967727,2001,44543,0,430,2935                    
2026-10-06T20:24:55.631	TEL,3020,S4,393977727,2001,44543,0,425,2928                    
2026-10-06T20:24:55.631	TEL,3021,S4,393987727,2001,44543,0,425,2928                    
2026-10-06T20:24:55.631	TEL,3022,S4,393997727,2001,44543,0,428,2932                    
2026-10-06T20:24:55.631	TEL,3023,S4,394007727,2001,44543,0,436,2932                    
2026-10-06T20:24:55.631	TEL,3024,S4,394017727,2001,44543,0,436,2932                    
2026-10-06T20:24:55.631	TEL,3025,S4,394027727,2001,44543,0,425,2932                    
2026-10-06T20:24:55.631	TEL,3026,S4,394037727,2001,44543,0,425,2932                    
2026-10-06T20:24:55.631	TEL,3027,S4,394047727,2001,44543,0,430,2932                    
2026-10-06T20:24:55.631	TEL,3028,S4,394057727,2001,44543,0,430,2932                    
2026-10-06T20:24:55.631	TEL,3029,S4,394067727,2001,44543,0,436,2932                    
2026-10-06T20:24:55.631	TEL,3030,S4,394077727,2001,44543,0,433,2928                    
2026-10-06T20:24:55.631	TEL,3031,S4,394087727,2001,44543,0,422,2928                    
2026-10-06T20:24:55.631	TEL,3032,S4,394097727,2001,44543,0,425,2932                    
2026-10-06T20:24:55.631	TEL,3033,S4,394107727,2001,44543,0,425,2932                    
2026-10-06T20:24:55.631	TEL,3034,S4,394117727,2001,44543,0,428,2935                    
2026-10-06T20:24:55.631	TEL,3035,S4,394127727,2001,44543,0,430,2935                    
2026-10-06T20:24:55.631	TEL,3036,S4,394137727,2001,44543,0,430,2935                    
2026-10-06T20:24:55.631	TEL,3037,S4,394147727,2001,44543,0,428,2935                    
2026-10-06T20:24:55.631	TEL,3038,S4,394157727,2001,44543,0,425,2930                    
2026-10-06T20:24:55.631	TEL,3039,S4,394167732,2007,44543,0,428,2930                    
2026-10-06T20:24:55.631	BTN,37,S4,PRESSED,394167088,394167753                          
2026-10-06T20:24:55.631	TEL,3040,S4,394177728,2003,44543,0,425,2928                    
2026-10-06T20:24:55.631	TEL,3041,S4,394187727,2001,44543,0,422,2928                    
2026-10-06T20:24:55.631	TEL,3042,S4,394197727,2001,44543,0,425,2932                    
2026-10-06T20:24:55.631	TEL,3043,S4,394207727,2001,44543,0,416,2932                    
2026-10-06T20:24:55.631	TEL,3044,S4,394217727,2001,44543,0,413,2928                    
2026-10-06T20:24:55.631	TEL,3045,S4,394227727,2001,44543,0,422,2928                    
2026-10-06T20:24:55.631	TEL,3046,S4,394237727,2001,44543,0,428,2935                    
2026-10-06T20:24:55.631	TEL,3047,S4,394247727,2001,44543,0,428,2935                    
2026-10-06T20:24:55.631	TEL,3048,S4,394257727,2001,44543,0,425,2932                    
2026-10-06T20:24:55.631	TEL,3049,S4,394267727,2001,44543,0,425,2932                    
2026-10-06T20:24:55.631	TEL,3050,S4,394277727,2001,44543,0,425,2932                    
2026-10-06T20:24:55.631	TEL,3051,S4,394287727,2001,44543,0,425,2932                    
2026-10-06T20:24:55.631	TEL,3052,S4,394297727,2001,44543,0,428,2935                    
2026-10-06T20:24:55.631	TEL,3053,S4,394307727,2001,44543,0,428,2935                    
2026-10-06T20:24:55.631	TEL,3054,S4,394317727,2001,44543,0,422,2928                    
2026-10-06T20:24:55.631	TEL,3055,S4,394327727,2001,44543,0,422,2928                    
2026-10-06T20:24:55.631	TEL,3056,S4,394337727,2001,44543,0,425,2932                    
2026-10-06T20:24:55.631	TEL,3057,S4,394347727,2001,44543,0,436,2932                    
2026-10-06T20:24:55.631	TEL,3058,S4,394357727,2001,44543,0,436,2932                    
2026-10-06T20:24:55.631	TEL,3059,S4,394367727,2001,44543,0,425,2932                    
2026-10-06T20:24:55.631	TEL,3060,S4,394377727,2001,44543,0,422,2928                    
2026-10-06T20:24:55.631	TEL,3061,S4,394387727,2001,44543,0,425,2928                    
2026-10-06T20:24:55.631	TEL,3062,S4,394397727,2001,44543,0,428,2932                    
2026-10-06T20:24:56.243	TEL,3063,S4,394407727,2001,44543,0,425,2932                    
2026-10-06T20:24:56.243	TEL,3064,S4,394417727,2001,44543,0,428,2935                    
2026-10-06T20:24:56.243	TEL,3065,S4,394427727,2001,44543,0,433,2935                    
2026-10-06T20:24:56.243	TEL,3066,S4,394437727,2001,44543,0,428,2928                    
2026-10-06T20:24:56.243	TEL,3067,S4,394447727,2001,44543,0,422,2928                    
2026-10-06T20:24:56.243	TEL,3068,S4,394457727,2001,44543,0,425,2932                    
2026-10-06T20:24:56.243	TEL,3069,S4,394467727,2001,44543,0,425,2932                    
2026-10-06T20:24:56.243	TEL,3070,S4,394477727,2001,44543,0,425,2932                    
2026-10-06T20:24:56.243	TEL,3071,S4,394487727,2001,44543,0,430,2932                    
2026-10-06T20:24:56.244	TEL,3072,S4,394497727,2001,44543,0,430,2932                    
2026-10-06T20:24:56.244	TEL,3073,S4,394507727,2001,44543,0,425,2932                    
2026-10-06T20:24:56.244	TEL,3074,S4,394517727,2001,44543,0,428,2935                    
2026-10-06T20:24:56.244	TEL,3075,S4,394527727,2001,44543,0,430,2935                    
2026-10-06T20:24:56.244	TEL,3076,S4,394537727,2001,44543,0,428,2932                    
2026-10-06T20:24:56.244	TEL,3077,S4,394547727,2001,44543,0,442,2932                    
2026-10-06T20:24:56.244	TEL,3078,S4,394557727,2001,44543,0,445,2935                    
2026-10-06T20:24:56.244	TEL,3079,S4,394567727,2001,44543,0,430,2935                    
2026-10-06T20:24:56.244	TEL,3080,S4,394577727,2001,44543,0,430,2935                    
2026-10-06T20:24:56.244	TEL,3081,S4,394587727,2001,44543,0,433,2935                    
2026-10-06T20:24:56.244	TEL,3082,S4,394597727,2001,44543,0,428,2928                    
2026-10-06T20:24:56.244	TEL,3083,S4,394607727,2001,44543,0,425,2928                    
2026-10-06T20:24:56.244	TEL,3084,S4,394617727,2001,44543,0,425,2928                    
2026-10-06T20:24:56.244	TEL,3085,S4,394627727,2001,44543,0,416,2928                    
2026-10-06T20:24:56.244	TEL,3086,S4,394637727,2001,44543,0,419,2932                    
2026-10-06T20:24:56.244	TEL,3087,S4,394647727,2001,44543,0,428,2932                    
2026-10-06T20:24:56.244	TEL,3088,S4,394657727,2001,44543,0,430,2935                    
2026-10-06T20:24:56.244	TEL,3089,S4,394667727,2001,44543,0,428,2935                    
2026-10-06T20:24:56.244	TEL,3090,S4,394677727,2001,44543,0,425,2932                    
2026-10-06T20:24:56.244	TEL,3091,S4,394687727,2001,44543,0,425,2932                    
2026-10-06T20:24:56.244	TEL,3092,S4,394697727,2001,44543,0,425,2932                    
2026-10-06T20:24:56.244	TEL,3093,S4,394707727,2001,44543,0,430,2932                    
2026-10-06T20:24:56.244	TEL,3094,S4,394717727,2001,44543,0,430,2932                    
2026-10-06T20:24:56.244	TEL,3095,S4,394727727,2001,44543,0,430,2932                    
2026-10-06T20:24:56.244	TEL,3096,S4,394737727,2001,44543,0,430,2932                    
2026-10-06T20:24:56.244	TEL,3097,S4,394747727,2001,44543,0,430,2932                    
2026-10-06T20:24:56.244	TEL,3098,S4,394757727,2001,44543,0,430,2932                    
2026-10-06T20:24:56.244	TEL,3099,S4,394767727,2001,44543,0,430,2932                    
2026-10-06T20:24:56.244	TEL,3100,S4,394777727,2001,44543,0,430,2932                    
2026-10-06T20:24:56.244	TEL,3101,S4,394787727,2001,44543,0,419,2932                    
2026-10-06T20:24:56.244	TEL,3102,S4,394797727,2001,44543,0,422,2935                    
2026-10-06T20:24:56.244	TEL,3103,S4,394807727,2001,44543,0,433,2935                    
2026-10-06T20:24:56.244	TEL,3104,S4,394817727,2001,44543,0,428,2928                    
2026-10-06T20:24:56.244	TEL,3105,S4,394827727,2001,44543,0,416,2928                    
2026-10-06T20:24:56.244	TEL,3106,S4,394837727,2001,44543,0,419,2932                    
2026-10-06T20:24:56.244	TEL,3107,S4,394847727,2001,44543,0,430,2932                    
2026-10-06T20:24:56.244	TEL,3108,S4,394857727,2001,44543,0,433,2933                    
2026-10-06T20:24:56.244	TEL,3109,S4,394867727,2001,44543,0,430,2933                    
2026-10-06T20:24:56.244	TEL,3110,S4,394877727,2001,44543,0,428,2932                    
2026-10-06T20:24:56.244	TEL,3111,S4,394887727,2001,44543,0,442,2932                    
2026-10-06T20:24:56.244	TEL,3112,S4,394897727,2001,44543,0,442,2932                    
2026-10-06T20:24:56.244	TEL,3113,S4,394907727,2001,44543,0,425,2932                    
2026-10-06T20:24:56.244	TEL,3114,S4,394917727,2001,44543,0,425,2932                    
2026-10-06T20:24:56.244	TEL,3115,S4,394927727,2001,44543,0,436,2932                    
2026-10-06T20:24:56.244	TEL,3116,S4,394937727,2001,44543,0,439,2935                    
2026-10-06T20:24:56.244	TEL,3117,S4,394947727,2001,44543,0,433,2935                    
2026-10-06T20:24:56.244	TEL,3118,S4,394957727,2001,44543,0,430,2932                    
2026-10-06T20:24:56.244	TEL,3119,S4,394967727,2001,44543,0,428,2932                    
2026-10-06T20:24:56.244	TEL,3120,S4,394977727,2001,44543,0,430,2935                    
2026-10-06T20:24:56.244	TEL,3121,S4,394987727,2001,44543,0,428,2935                    
2026-10-06T20:24:56.244	BTN,38,S4,PRESSED,394994093,394994100                          
2026-10-06T20:24:56.244	TEL,3122,S4,394997728,2003,44543,0,425,2932                    
2026-10-06T20:24:56.244	TEL,3123,S4,395007727,2002,44543,0,425,2932                    
2026-10-06T20:24:56.858	TEL,3124,S4,395017727,2001,44543,0,425,2932                    
2026-10-06T20:24:56.858	TEL,3125,S4,395027727,2001,44543,0,436,2932                    
2026-10-06T20:24:56.858	TEL,3126,S4,395037727,2001,44543,0,436,2932                    
2026-10-06T20:24:56.858	TEL,3127,S4,395047727,2001,44543,0,436,2932                    
2026-10-06T20:24:56.858	TEL,3128,S4,395057727,2001,44543,0,436,2932                    
2026-10-06T20:24:56.858	TEL,3129,S4,395067727,2001,44543,0,425,2932                    
2026-10-06T20:24:56.858	TEL,3130,S4,395077727,2001,44543,0,425,2932                    
2026-10-06T20:24:56.858	TEL,3131,S4,395087727,2001,44543,0,430,2932                    
2026-10-06T20:24:56.858	TEL,3132,S4,395097727,2001,44543,0,430,2932                    
2026-10-06T20:24:56.858	TEL,3133,S4,395107727,2001,44543,0,430,2932                    
2026-10-06T20:24:56.858	TEL,3134,S4,395117727,2001,44543,0,433,2935                    
2026-10-06T20:24:56.858	TEL,3135,S4,395127727,2001,44543,0,428,2935                    
2026-10-06T20:24:56.858	TEL,3136,S4,395137727,2001,44543,0,422,2928                    
2026-10-06T20:24:56.858	TEL,3137,S4,395147727,2001,44543,0,428,2928                    
2026-10-06T20:24:56.858	TEL,3138,S4,395157727,2001,44543,0,433,2935                    
2026-10-06T20:24:56.858	TEL,3139,S4,395167727,2001,44543,0,433,2935                    
2026-10-06T20:24:56.858	TEL,3140,S4,395177727,2001,44543,0,430,2932                    
2026-10-06T20:24:56.858	TEL,3141,S4,395187727,2001,44543,0,430,2932                    
2026-10-06T20:24:56.858	TEL,3142,S4,395197727,2001,44543,0,430,2932                    
2026-10-06T20:24:56.858	TEL,3143,S4,395207727,2001,44543,0,425,2932                    
2026-10-06T20:24:56.858	TEL,3144,S4,395217727,2001,44543,0,425,2932                    
2026-10-06T20:24:56.858	TEL,3145,S4,395227727,2001,44543,0,425,2932                    
2026-10-06T20:24:56.858	TEL,3146,S4,395237727,2001,44543,0,425,2932                    
2026-10-06T20:24:56.858	TEL,3147,S4,395247727,2001,44543,0,428,2932                    
2026-10-06T20:24:56.858	TEL,3148,S4,395257727,2001,44543,0,430,2935                    
2026-10-06T20:24:56.858	TEL,3149,S4,395267727,2001,44543,0,428,2935                    
2026-10-06T20:24:56.858	TEL,3150,S4,395277727,2001,44543,0,428,2935                    
2026-10-06T20:24:56.858	TEL,3151,S4,395287727,2001,44543,0,439,2935                    
2026-10-06T20:24:56.858	TEL,3152,S4,395297727,2001,44543,0,436,2932                    
2026-10-06T20:24:56.858	TEL,3153,S4,395307727,2001,44543,0,430,2932                    
2026-10-06T20:24:56.858	TEL,3154,S4,395317727,2001,44543,0,433,2935                    
2026-10-06T20:24:56.858	TEL,3155,S4,395327727,2001,44543,0,428,2935                    
2026-10-06T20:24:56.858	TEL,3156,S4,395337727,2001,44543,0,425,2932                    
2026-10-06T20:24:56.858	TEL,3157,S4,395347727,2001,44543,0,425,2932                    
2026-10-06T20:24:56.858	TEL,3158,S4,395357727,2001,44543,0,425,2932                    
2026-10-06T20:24:56.858	TEL,3159,S4,395367727,2001,44543,0,425,2932                    
2026-10-06T20:24:56.858	TEL,3160,S4,395377727,2001,44543,0,425,2932                    
2026-10-06T20:24:56.858	TEL,3161,S4,395387727,2001,44543,0,425,2932                    
2026-10-06T20:24:56.858	TEL,3162,S4,395397727,2001,44543,0,425,2932                    
2026-10-06T20:24:56.858	TEL,3163,S4,395407727,2001,44543,0,428,2932                    
2026-10-06T20:24:56.858	TEL,3164,S4,395417727,2001,44543,0,428,2932                    
2026-10-06T20:24:56.858	TEL,3165,S4,395427727,2001,44543,0,436,2932                    
2026-10-06T20:24:56.858	TEL,3166,S4,395437727,2001,44543,0,433,2928                    
2026-10-06T20:24:56.858	TEL,3167,S4,395447727,2001,44543,0,428,2928                    
2026-10-06T20:24:56.858	TEL,3168,S4,395457727,2001,44543,0,433,2935                    
2026-10-06T20:24:56.858	TEL,3169,S4,395467727,2001,44543,0,430,2935                    
2026-10-06T20:24:56.858	TEL,3170,S4,395477727,2001,44543,0,425,2928                    
2026-10-06T20:24:56.858	TEL,3171,S4,395487727,2001,44543,0,428,2928                    
2026-10-06T20:24:56.858	TEL,3172,S4,395497727,2001,44543,0,430,2932                    
2026-10-06T20:24:56.858	TEL,3173,S4,395507727,2001,44543,0,425,2932                    
2026-10-06T20:24:56.858	TEL,3174,S4,395517727,2001,44543,0,425,2932                    
2026-10-06T20:24:56.858	TEL,3175,S4,395527727,2001,44543,0,430,2932                    
2026-10-06T20:24:56.858	TEL,3176,S4,395537727,2001,44543,0,430,2932                    
2026-10-06T20:24:56.858	TEL,3177,S4,395547727,2001,44543,0,433,2932                    
2026-10-06T20:24:56.858	TEL,3178,S4,395557727,2001,44543,0,433,2932                    
2026-10-06T20:24:56.858	TEL,3179,S4,395567727,2001,44543,0,436,2932                    
2026-10-06T20:24:56.858	TEL,3180,S4,395577727,2001,44543,0,436,2932                    
2026-10-06T20:24:56.858	TEL,3181,S4,395587727,2001,44543,0,425,2932                    
2026-10-06T20:24:56.858	TEL,3182,S4,395597727,2001,44543,0,422,2928                    
2026-10-06T20:24:56.858	TEL,3183,S4,395607727,2001,44543,0,422,2928                    
2026-10-06T20:24:56.858	TEL,3184,S4,395617727,2001,44543,0,425,2932                    
2026-10-06T20:24:56.858	TEL,3185,S4,395627727,2001,44543,0,425,2932                    
2026-10-06T20:24:57.471	BTN,39,S4,PRESSED,395634099,395634106                          
2026-10-06T20:24:57.471	TEL,3186,S4,395637728,2003,44543,0,425,2932                    
2026-10-06T20:24:57.471	TEL,3187,S4,395647727,2002,44543,0,425,2932                    
2026-10-06T20:24:57.471	TEL,3188,S4,395657727,2001,44543,0,425,2932                    
2026-10-06T20:24:57.471	TEL,3189,S4,395667727,2001,44543,0,428,2932                    
2026-10-06T20:24:57.471	TEL,3190,S4,395677727,2001,44543,0,430,2935                    
2026-10-06T20:24:57.471	TEL,3191,S4,395687727,2001,44543,0,428,2935                    
2026-10-06T20:24:57.471	TEL,3192,S4,395697727,2001,44543,0,428,2935                    
2026-10-06T20:24:57.471	TEL,3193,S4,395707727,2001,44543,0,439,2935                    
2026-10-06T20:24:57.471	TEL,3194,S4,395717727,2001,44543,0,433,2928                    
2026-10-06T20:24:57.471	TEL,3195,S4,395727727,2001,44543,0,425,2928                    
2026-10-06T20:24:57.471	TEL,3196,S4,395737727,2001,44543,0,425,2928                    
2026-10-06T20:24:57.471	TEL,3197,S4,395747727,2001,44543,0,413,2928                    
2026-10-06T20:24:57.471	TEL,3198,S4,395757727,2001,44543,0,419,2932                    
2026-10-06T20:24:57.471	TEL,3199,S4,395767727,2001,44543,0,425,2932                    
2026-10-06T20:24:57.471	TEL,3200,S4,395777727,2001,44543,0,428,2933                    
2026-10-06T20:24:57.471	TEL,3201,S4,395787727,2001,44543,0,428,2933                    
2026-10-06T20:24:57.471	TEL,3202,S4,395797727,2001,44543,0,425,2932                    
2026-10-06T20:24:57.471	TEL,3203,S4,395807727,2001,44543,0,428,2932                    
2026-10-06T20:24:57.471	TEL,3204,S4,395817727,2001,44543,0,428,2932                    
2026-10-06T20:24:57.471	TEL,3205,S4,395827727,2001,44543,0,425,2932                    
2026-10-06T20:24:57.471	TEL,3206,S4,395837727,2001,44543,0,425,2932                    
2026-10-06T20:24:57.471	TEL,3207,S4,395847727,2001,44543,0,425,2932                    
2026-10-06T20:24:57.471	TEL,3208,S4,395857727,2001,44543,0,428,2935                    
2026-10-06T20:24:57.471	TEL,3209,S4,395867727,2001,44543,0,428,2935                    
2026-10-06T20:24:57.471	TEL,3210,S4,395877727,2001,44543,0,425,2932                    
2026-10-06T20:24:57.471	TEL,3211,S4,395887727,2001,44543,0,436,2932                    
2026-10-06T20:24:57.471	TEL,3212,S4,395897727,2001,44543,0,433,2928                    
2026-10-06T20:24:57.471	TEL,3213,S4,395907727,2001,44543,0,422,2928                    
2026-10-06T20:24:57.471	TEL,3214,S4,395917727,2001,44543,0,425,2932                    
2026-10-06T20:24:57.471	TEL,3215,S4,395927727,2001,44543,0,425,2932                    
2026-10-06T20:24:57.471	TEL,3216,S4,395937727,2001,44543,0,425,2932                    
2026-10-06T20:24:57.471	TEL,3217,S4,395947727,2001,44543,0,430,2932                    
2026-10-06T20:24:57.471	TEL,3218,S4,395957727,2001,44543,0,433,2935                    
2026-10-06T20:24:57.471	TEL,3219,S4,395967727,2001,44543,0,433,2935                    
2026-10-06T20:24:57.471	TEL,3220,S4,395977727,2001,44543,0,433,2935                    
2026-10-06T20:24:57.471	TEL,3221,S4,395987727,2001,44543,0,433,2935                    
2026-10-06T20:24:57.471	TEL,3222,S4,395997727,2001,44543,0,433,2933                    
2026-10-06T20:24:57.471	TEL,3223,S4,396007727,2001,44543,0,428,2933                    
2026-10-06T20:24:57.471	TEL,3224,S4,396017727,2001,44543,0,422,2928                    
2026-10-06T20:24:57.471	TEL,3225,S4,396027727,2001,44543,0,422,2928                    
2026-10-06T20:24:57.471	TEL,3226,S4,396037727,2001,44543,0,425,2932                    
2026-10-06T20:24:57.471	TEL,3227,S4,396047727,2001,44543,0,428,2932                    
2026-10-06T20:24:57.471	TEL,3228,S4,396057727,2001,44543,0,430,2935                    
2026-10-06T20:24:57.471	TEL,3229,S4,396067727,2001,44543,0,430,2935                    
2026-10-06T20:24:57.471	TEL,3230,S4,396077727,2001,44543,0,430,2935                    
2026-10-06T20:24:57.471	TEL,3231,S4,396087727,2001,44543,0,436,2935                    
2026-10-06T20:24:57.471	TEL,3232,S4,396097727,2001,44543,0,433,2932                    
2026-10-06T20:24:57.471	TEL,3233,S4,396107727,2001,44543,0,425,2932                    
2026-10-06T20:24:57.471	TEL,3234,S4,396117727,2001,44543,0,428,2935                    
2026-10-06T20:24:57.471	TEL,3235,S4,396127727,2001,44543,0,428,2935                    
2026-10-06T20:24:57.471	TEL,3236,S4,396137727,2001,44543,0,428,2935                    
2026-10-06T20:24:57.471	TEL,3237,S4,396147727,2001,44543,0,428,2935                    
2026-10-06T20:24:57.471	TEL,3238,S4,396157727,2001,44543,0,425,2932                    
2026-10-06T20:24:57.471	TEL,3239,S4,396167727,2001,44543,0,425,2932                    
2026-10-06T20:24:57.471	TEL,3240,S4,396177727,2001,44543,0,425,2932                    
2026-10-06T20:24:57.471	TEL,3241,S4,396187727,2001,44543,0,436,2932                    
2026-10-06T20:24:57.471	TEL,3242,S4,396197727,2001,44543,0,439,2935                    
2026-10-06T20:24:57.471	TEL,3243,S4,396207727,2001,44543,0,428,2935                    
2026-10-06T20:24:57.471	TEL,3244,S4,396217727,2001,44543,0,428,2933                    
2026-10-06T20:24:57.471	TEL,3245,S4,396227727,2001,44543,0,436,2933                    
2026-10-06T20:24:57.471	TEL,3246,S4,396237727,2001,44543,0,439,2935                    
2026-10-06T20:24:58.083	TEL,3247,S4,396247727,2001,44543,0,433,2935                    
2026-10-06T20:24:58.083	TEL,3248,S4,396257727,2001,44543,0,430,2932                    
2026-10-06T20:24:58.083	TEL,3249,S4,396267727,2001,44543,0,425,2932                    
2026-10-06T20:24:58.083	TEL,3250,S4,396277727,2001,44543,0,422,2928                    
2026-10-06T20:24:58.083	TEL,3251,S4,396287727,2001,44543,0,422,2928                    
2026-10-06T20:24:58.083	TEL,3252,S4,396297727,2001,44543,0,422,2928                    
2026-10-06T20:24:58.083	TEL,3253,S4,396307727,2001,44543,0,425,2928                    
2026-10-06T20:24:58.083	TEL,3254,S4,396317727,2001,44543,0,430,2935                    
2026-10-06T20:24:58.083	TEL,3255,S4,396327727,2001,44543,0,428,2935                    
2026-10-06T20:24:58.083	TEL,3256,S4,396337727,2001,44543,0,425,2932                    
2026-10-06T20:24:58.083	TEL,3257,S4,396347727,2001,44543,0,430,2932                    
2026-10-06T20:24:58.083	TEL,3258,S4,396357727,2001,44543,0,433,2935                    
2026-10-06T20:24:58.083	TEL,3259,S4,396367727,2001,44543,0,433,2935                    
2026-10-06T20:24:58.083	TEL,3260,S4,396377727,2001,44543,0,433,2935                    
2026-10-06T20:24:58.083	TEL,3261,S4,396387727,2001,44543,0,430,2935                    
2026-10-06T20:24:58.083	TEL,3262,S4,396397727,2001,44543,0,430,2935                    
2026-10-06T20:24:58.083	TEL,3263,S4,396407727,2001,44543,0,430,2935                    
2026-10-06T20:24:58.083	TEL,3264,S4,396417727,2001,44543,0,430,2933                    
2026-10-06T20:24:58.083	TEL,3265,S4,396427727,2001,44543,0,433,2933                    
2026-10-06T20:24:58.083	TEL,3266,S4,396437727,2001,44543,0,436,2935                    
2026-10-06T20:24:58.083	TEL,3267,S4,396447727,2001,44543,0,436,2935                    
2026-10-06T20:24:58.083	TEL,3268,S4,396457727,2001,44543,0,433,2932                    
2026-10-06T20:24:58.083	TEL,3269,S4,396467732,2007,44543,0,428,2932                    
2026-10-06T20:24:58.083	BTN,40,S4,PRESSED,396466104,396467753                          
2026-10-06T20:24:58.083	TEL,3270,S4,396477728,2003,44543,0,425,2928                    
2026-10-06T20:24:58.083	TEL,3271,S4,396487727,2001,44543,0,422,2928                    
2026-10-06T20:24:58.083	TEL,3272,S4,396497727,2001,44543,0,422,2928                    
2026-10-06T20:24:58.083	TEL,3273,S4,396507727,2001,44543,0,425,2928                    
2026-10-06T20:24:58.083	TEL,3274,S4,396517727,2001,44543,0,428,2932                    
2026-10-06T20:24:58.083	TEL,3275,S4,396527727,2001,44543,0,425,2932                    
2026-10-06T20:24:58.083	TEL,3276,S4,396537727,2001,44543,0,425,2932                    
2026-10-06T20:24:58.083	TEL,3277,S4,396547727,2001,44543,0,428,2932                    
2026-10-06T20:24:58.083	TEL,3278,S4,396557727,2001,44543,0,428,2932                    
2026-10-06T20:24:58.083	TEL,3279,S4,396567727,2001,44543,0,425,2932                    
2026-10-06T20:24:58.083	TEL,3280,S4,396577727,2001,44543,0,425,2932                    
2026-10-06T20:24:58.083	TEL,3281,S4,396587727,2001,44543,0,433,2932                    
2026-10-06T20:24:58.083	TEL,3282,S4,396597727,2001,44543,0,433,2932                    
2026-10-06T20:24:58.083	TEL,3283,S4,396607727,2001,44543,0,425,2932                    
2026-10-06T20:24:58.083	TEL,3284,S4,396617727,2001,44543,0,425,2932                    
2026-10-06T20:24:58.083	TEL,3285,S4,396627727,2001,44543,0,425,2932                    
2026-10-06T20:24:58.083	TEL,3286,S4,396637727,2001,44543,0,428,2935                    
2026-10-06T20:24:58.083	TEL,3287,S4,396647727,2001,44543,0,430,2935                    
2026-10-06T20:24:58.083	TEL,3288,S4,396657727,2001,44543,0,428,2932                    
2026-10-06T20:24:58.083	TEL,3289,S4,396667727,2001,44543,0,430,2932                    
2026-10-06T20:24:58.083	TEL,3290,S4,396677727,2001,44543,0,428,2928                    
2026-10-06T20:24:58.083	TEL,3291,S4,396687727,2001,44543,0,425,2928                    
2026-10-06T20:24:58.083	TEL,3292,S4,396697727,2001,44543,0,428,2932                    
2026-10-06T20:24:58.083	TEL,3293,S4,396707727,2001,44543,0,428,2932                    
2026-10-06T20:24:58.083	TEL,3294,S4,396717727,2001,44543,0,425,2928                    
2026-10-06T20:24:58.083	TEL,3295,S4,396727727,2001,44543,0,425,2928                    
2026-10-06T20:24:58.083	TEL,3296,S4,396737727,2001,44543,0,430,2935                    
2026-10-06T20:24:58.083	TEL,3297,S4,396747727,2001,44543,0,428,2935                    
2026-10-06T20:24:58.083	TEL,3298,S4,396757727,2001,44543,0,428,2935                    
2026-10-06T20:24:58.083	TEL,3299,S4,396767727,2001,44543,0,430,2935                    
2026-10-06T20:24:58.083	TEL,3300,S4,396777727,2001,44543,0,428,2932                    
2026-10-06T20:24:58.083	TEL,3301,S4,396787727,2001,44543,0,428,2932                    
2026-10-06T20:24:58.083	TEL,3302,S4,396797727,2001,44543,0,425,2928                    
2026-10-06T20:24:58.083	TEL,3303,S4,396807727,2001,44543,0,428,2928                    
2026-10-06T20:24:58.083	TEL,3304,S4,396817727,2001,44543,0,430,2932                    
2026-10-06T20:24:58.083	TEL,3305,S4,396827727,2001,44543,0,425,2932                    
2026-10-06T20:24:58.084	TEL,3306,S4,396837727,2001,44543,0,425,2932                    
2026-10-06T20:24:58.084	TEL,3307,S4,396847727,2001,44543,0,430,2932                    
2026-10-06T20:24:58.692	TEL,3308,S4,396857727,2001,44543,0,433,2935                    
2026-10-06T20:24:58.692	TEL,3309,S4,396867727,2001,44543,0,430,2935                    
2026-10-06T20:24:58.692	TEL,3310,S4,396877727,2001,44543,0,428,2932                    
2026-10-06T20:24:58.692	TEL,3311,S4,396887727,2001,44543,0,425,2932                    
2026-10-06T20:24:58.692	TEL,3312,S4,396897727,2001,44543,0,428,2935                    
2026-10-06T20:24:58.692	TEL,3313,S4,396907727,2001,44543,0,430,2935                    
2026-10-06T20:24:58.692	TEL,3314,S4,396917727,2001,44543,0,428,2932                    
2026-10-06T20:24:58.692	TEL,3315,S4,396927727,2001,44543,0,425,2932                    
2026-10-06T20:24:58.692	TEL,3316,S4,396937727,2001,44543,0,425,2932                    
2026-10-06T20:24:58.692	TEL,3317,S4,396947727,2001,44543,0,433,2932                    
2026-10-06T20:24:58.692	TEL,3318,S4,396957727,2001,44543,0,436,2935                    
2026-10-06T20:24:58.692	TEL,3319,S4,396967727,2001,44543,0,428,2935                    
2026-10-06T20:24:58.692	TEL,3320,S4,396977727,2001,44543,0,425,2932                    
2026-10-06T20:24:58.692	TEL,3321,S4,396987727,2001,44543,0,425,2932                    
2026-10-06T20:24:58.692	TEL,3322,S4,396997727,2001,44543,0,425,2932                    
2026-10-06T20:24:58.692	TEL,3323,S4,397007727,2001,44543,0,433,2932                    
2026-10-06T20:24:58.692	TEL,3324,S4,397017727,2001,44543,0,433,2932                    
2026-10-06T20:24:58.692	TEL,3325,S4,397027727,2001,44543,0,436,2932                    
2026-10-06T20:24:58.692	TEL,3326,S4,397037727,2001,44543,0,436,2932                    
2026-10-06T20:24:58.692	TEL,3327,S4,397047727,2001,44543,0,428,2932                    
2026-10-06T20:24:58.692	TEL,3328,S4,397057727,2001,44543,0,428,2932                    
2026-10-06T20:24:58.692	TEL,3329,S4,397067727,2001,44543,0,430,2932                    
2026-10-06T20:24:58.692	TEL,3330,S4,397077727,2001,44543,0,430,2932                    
2026-10-06T20:24:58.692	TEL,3331,S4,397087727,2001,44543,0,425,2932                    
2026-10-06T20:24:58.692	TEL,3332,S4,397097727,2001,44543,0,425,2932                    
2026-10-06T20:24:58.692	TEL,3333,S4,397107727,2001,44543,0,436,2932                    
2026-10-06T20:24:58.692	TEL,3334,S4,397117727,2001,44543,0,436,2932                    
2026-10-06T20:24:58.692	TEL,3335,S4,397127727,2001,44543,0,430,2932                    
2026-10-06T20:24:58.692	TEL,3336,S4,397137727,2001,44543,0,430,2932                    
2026-10-06T20:24:58.692	TEL,3337,S4,397147727,2001,44543,0,416,2932                    
2026-10-06T20:24:58.692	TEL,3338,S4,397157727,2001,44543,0,416,2932                    
2026-10-06T20:24:58.692	TEL,3339,S4,397167727,2001,44543,0,419,2932                    
2026-10-06T20:24:58.692	TEL,3340,S4,397177727,2001,44543,0,419,2932                    
2026-10-06T20:24:58.692	TEL,3341,S4,397187727,2001,44543,0,428,2932                    
2026-10-06T20:24:58.692	TEL,3342,S4,397197727,2001,44543,0,425,2928                    
2026-10-06T20:24:58.692	TEL,3343,S4,397207727,2001,44543,0,425,2928                    
2026-10-06T20:24:58.692	TEL,3344,S4,397217727,2001,44543,0,428,2932                    
2026-10-06T20:24:58.692	TEL,3345,S4,397227727,2001,44543,0,430,2932                    
2026-10-06T20:24:58.692	TEL,3346,S4,397237727,2001,44543,0,430,2932                    
2026-10-06T20:24:58.692	TEL,3347,S4,397247727,2001,44543,0,428,2932                    
2026-10-06T20:24:58.692	TEL,3348,S4,397257727,2001,44543,0,425,2928                    
2026-10-06T20:24:58.692	TEL,3349,S4,397267727,2001,44543,0,422,2928                    
2026-10-06T20:24:58.692	BTN,41,S4,PRESSED,397270109,397270117                          
2026-10-06T20:24:58.692	TEL,3350,S4,397277728,2003,44543,0,425,2932                    
2026-10-06T20:24:58.692	TEL,3351,S4,397287727,2001,44543,0,428,2932                    
2026-10-06T20:24:58.692	TEL,3352,S4,397297727,2001,44543,0,428,2932                    
2026-10-06T20:24:58.692	TEL,3353,S4,397307727,2001,44543,0,425,2932                    
2026-10-06T20:24:58.692	TEL,3354,S4,397317727,2001,44543,0,425,2932                    
2026-10-06T20:24:58.692	TEL,3355,S4,397327727,2001,44543,0,430,2932                    
2026-10-06T20:24:58.692	TEL,3356,S4,397337727,2001,44543,0,430,2932                    
2026-10-06T20:24:58.692	TEL,3357,S4,397347727,2001,44543,0,430,2932                    
2026-10-06T20:24:58.692	TEL,3358,S4,397357727,2001,44543,0,433,2935                    
2026-10-06T20:24:58.692	TEL,3359,S4,397367727,2001,44543,0,428,2935                    
2026-10-06T20:24:58.692	TEL,3360,S4,397377727,2001,44543,0,425,2932                    
2026-10-06T20:24:58.692	TEL,3361,S4,397387727,2001,44543,0,428,2932                    
2026-10-06T20:24:58.692	TEL,3362,S4,397397727,2001,44543,0,430,2935                    
2026-10-06T20:24:58.692	TEL,3363,S4,397407727,2001,44543,0,428,2935                    
2026-10-06T20:24:58.692	TEL,3364,S4,397417727,2001,44543,0,422,2928                    
2026-10-06T20:24:58.692	TEL,3365,S4,397427727,2001,44543,0,428,2928                    
2026-10-06T20:24:58.692	TEL,3366,S4,397437727,2001,44543,0,430,2932                    
2026-10-06T20:24:58.692	TEL,3367,S4,397447727,2001,44543,0,439,2932                    
2026-10-06T20:24:58.692	TEL,3368,S4,397457727,2001,44543,0,439,2932                    
2026-10-06T20:24:59.313	TEL,3369,S4,397467727,2001,44543,0,430,2932                    
2026-10-06T20:24:59.313	TEL,3370,S4,397477727,2001,44543,0,428,2928                    
2026-10-06T20:24:59.313	TEL,3371,S4,397487727,2001,44543,0,422,2928                    
2026-10-06T20:24:59.313	TEL,3372,S4,397497727,2001,44543,0,422,2928                    
2026-10-06T20:24:59.313	TEL,3373,S4,397507727,2001,44543,0,422,2928                    
2026-10-06T20:24:59.313	TEL,3374,S4,397517727,2001,44543,0,425,2932                    
2026-10-06T20:24:59.313	TEL,3375,S4,397527727,2001,44543,0,430,2932                    
2026-10-06T20:24:59.313	TEL,3376,S4,397537727,2001,44543,0,430,2932                    
2026-10-06T20:24:59.313	TEL,3377,S4,397547727,2001,44543,0,428,2932                    
2026-10-06T20:24:59.313	TEL,3378,S4,397557727,2001,44543,0,428,2932                    
2026-10-06T20:24:59.313	TEL,3379,S4,397567727,2001,44543,0,425,2932                    
2026-10-06T20:24:59.313	TEL,3380,S4,397577727,2001,44543,0,428,2935                    
2026-10-06T20:24:59.313	TEL,3381,S4,397587727,2001,44543,0,436,2935                    
2026-10-06T20:24:59.313	TEL,3382,S4,397597727,2001,44543,0,436,2935                    
2026-10-06T20:24:59.313	TEL,3383,S4,397607727,2001,44543,0,428,2935                    
2026-10-06T20:24:59.313	TEL,3384,S4,397617727,2001,44543,0,425,2932                    
2026-10-06T20:24:59.313	TEL,3385,S4,397627727,2001,44543,0,430,2932                    
2026-10-06T20:24:59.313	TEL,3386,S4,397637727,2001,44543,0,433,2935                    
2026-10-06T20:24:59.313	TEL,3387,S4,397647727,2001,44543,0,439,2935                    
2026-10-06T20:24:59.313	TEL,3388,S4,397657727,2001,44543,0,439,2935                    
2026-10-06T20:24:59.313	TEL,3389,S4,397667727,2001,44543,0,433,2935                    
2026-10-06T20:24:59.313	TEL,3390,S4,397677727,2001,44543,0,430,2932                    
2026-10-06T20:24:59.313	TEL,3391,S4,397687727,2001,44543,0,425,2932                    
2026-10-06T20:24:59.313	TEL,3392,S4,397697727,2001,44543,0,425,2932                    
2026-10-06T20:24:59.313	TEL,3393,S4,397707727,2001,44543,0,430,2932                    
2026-10-06T20:24:59.313	TEL,3394,S4,397717727,2001,44543,0,430,2932                    
2026-10-06T20:24:59.313	TEL,3395,S4,397727727,2001,44543,0,425,2932                    
2026-10-06T20:24:59.313	TEL,3396,S4,397737727,2001,44543,0,425,2932                    
2026-10-06T20:24:59.313	TEL,3397,S4,397747727,2001,44543,0,428,2932                    
2026-10-06T20:24:59.313	TEL,3398,S4,397757727,2001,44543,0,430,2935                    
2026-10-06T20:24:59.313	TEL,3399,S4,397767727,2001,44543,0,428,2935                    
2026-10-06T20:24:59.313	TEL,3400,S4,397777727,2001,44543,0,425,2932                    
2026-10-06T20:24:59.313	TEL,3401,S4,397787727,2001,44543,0,425,2932                    
2026-10-06T20:24:59.313	TEL,3402,S4,397797727,2001,44543,0,428,2935                    
2026-10-06T20:24:59.313	TEL,3403,S4,397807727,2001,44543,0,451,2935                    
2026-10-06T20:24:59.313	TEL,3404,S4,397817727,2001,44543,0,445,2932                    
2026-10-06T20:24:59.313	TEL,3405,S4,397827727,2001,44543,0,428,2932                    
2026-10-06T20:24:59.313	TEL,3406,S4,397837727,2001,44543,0,428,2932                    
2026-10-06T20:24:59.313	TEL,3407,S4,397847727,2001,44543,0,436,2932                    
2026-10-06T20:24:59.313	TEL,3408,S4,397857727,2001,44543,0,436,2932                    
2026-10-06T20:24:59.313	TEL,3409,S4,397867727,2001,44543,0,428,2932                    
2026-10-06T20:24:59.313	TEL,3410,S4,397877727,2001,44543,0,428,2932                    
2026-10-06T20:24:59.313	TEL,3411,S4,397887727,2001,44543,0,430,2932                    
2026-10-06T20:24:59.313	TEL,3412,S4,397897727,2001,44543,0,430,2932                    
2026-10-06T20:24:59.313	TEL,3413,S4,397907727,2001,44543,0,428,2932                    
2026-10-06T20:24:59.313	TEL,3414,S4,397917727,2001,44543,0,430,2935                    
2026-10-06T20:24:59.313	TEL,3415,S4,397927727,2001,44543,0,433,2935                    
2026-10-06T20:24:59.313	TEL,3416,S4,397937727,2001,44543,0,430,2932                    
2026-10-06T20:24:59.313	TEL,3417,S4,397947727,2001,44543,0,425,2932                    
2026-10-06T20:24:59.313	TEL,3418,S4,397957727,2001,44543,0,428,2935                    
2026-10-06T20:24:59.313	TEL,3419,S4,397967727,2001,44543,0,428,2935                    
2026-10-06T20:24:59.313	TEL,3420,S4,397977727,2001,44543,0,428,2935                    
2026-10-06T20:24:59.313	TEL,3421,S4,397987727,2001,44543,0,428,2935                    
2026-10-06T20:24:59.313	TEL,3422,S4,397997727,2001,44543,0,428,2933                    
2026-10-06T20:24:59.313	TEL,3423,S4,398007727,2001,44543,0,428,2933                    
2026-10-06T20:24:59.313	TEL,3424,S4,398017727,2001,44543,0,428,2935                    
2026-10-06T20:24:59.313	TEL,3425,S4,398027727,2001,44543,0,430,2935                    
2026-10-06T20:24:59.313	TEL,3426,S4,398037727,2001,44543,0,430,2935                    
2026-10-06T20:24:59.313	TEL,3427,S4,398047727,2001,44543,0,428,2935                    
2026-10-06T20:24:59.313	TEL,3428,S4,398057727,2001,44543,0,422,2928                    
2026-10-06T20:24:59.313	TEL,3429,S4,398067727,2001,44543,0,425,2928                    
2026-10-06T20:24:59.313	TEL,3430,S4,398077727,2001,44543,0,428,2932                    
2026-10-06T20:24:59.924	TEL,3431,S4,398087727,2001,44543,0,419,2932                    
2026-10-06T20:24:59.924	TEL,3432,S4,398097727,2001,44543,0,419,2932                    
2026-10-06T20:24:59.924	TEL,3433,S4,398107727,2001,44543,0,425,2932                    
2026-10-06T20:24:59.924	TEL,3434,S4,398117727,2001,44543,0,428,2935                    
2026-10-06T20:24:59.924	TEL,3435,S4,398127727,2001,44543,0,428,2935                    
2026-10-06T20:24:59.924	BTN,42,S4,PRESSED,398128115,398128122                          
2026-10-06T20:24:59.924	TEL,3436,S4,398137728,2003,44543,0,425,2932                    
2026-10-06T20:24:59.924	TEL,3437,S4,398147727,2001,44543,0,425,2932                    
2026-10-06T20:24:59.924	TEL,3438,S4,398157727,2001,44543,0,428,2935                    
2026-10-06T20:24:59.924	TEL,3439,S4,398167727,2001,44543,0,430,2935                    
2026-10-06T20:24:59.924	TEL,3440,S4,398177727,2001,44543,0,425,2928                    
2026-10-06T20:24:59.924	TEL,3441,S4,398187727,2001,44543,0,428,2928                    
2026-10-06T20:24:59.924	TEL,3442,S4,398197727,2001,44543,0,430,2932                    
2026-10-06T20:24:59.924	TEL,3443,S4,398207727,2001,44543,0,430,2932                    
2026-10-06T20:24:59.924	TEL,3444,S4,398217727,2001,44543,0,433,2933                    
2026-10-06T20:24:59.924	TEL,3445,S4,398227727,2001,44543,0,430,2933                    
2026-10-06T20:24:59.924	TEL,3446,S4,398237727,2001,44543,0,430,2935                    
2026-10-06T20:24:59.924	TEL,3447,S4,398247727,2001,44543,0,428,2935                    
2026-10-06T20:24:59.924	TEL,3448,S4,398257727,2001,44543,0,428,2935                    
2026-10-06T20:24:59.924	TEL,3449,S4,398267727,2001,44543,0,428,2935                    
2026-10-06T20:24:59.924	TEL,3450,S4,398277727,2001,44543,0,428,2935                    
2026-10-06T20:24:59.924	TEL,3451,S4,398287727,2001,44543,0,428,2935                    
2026-10-06T20:24:59.924	TEL,3452,S4,398297727,2001,44543,0,422,2928                    
2026-10-06T20:24:59.924	TEL,3453,S4,398307727,2001,44543,0,425,2928                    
2026-10-06T20:24:59.924	TEL,3454,S4,398317727,2001,44543,0,428,2932                    
2026-10-06T20:24:59.924	TEL,3455,S4,398327727,2001,44543,0,425,2932                    
2026-10-06T20:24:59.924	TEL,3456,S4,398337727,2001,44543,0,425,2932                    
2026-10-06T20:24:59.924	TEL,3457,S4,398347727,2001,44543,0,428,2932                    
2026-10-06T20:24:59.924	TEL,3458,S4,398357727,2001,44543,0,428,2932                    
2026-10-06T20:24:59.924	TEL,3459,S4,398367727,2001,44543,0,425,2932                    
2026-10-06T20:24:59.924	TEL,3460,S4,398377727,2001,44543,0,428,2935                    
2026-10-06T20:24:59.924	TEL,3461,S4,398387727,2001,44543,0,430,2935                    
2026-10-06T20:24:59.924	TEL,3462,S4,398397727,2001,44543,0,430,2935                    
2026-10-06T20:24:59.924	TEL,3463,S4,398407727,2001,44543,0,430,2935                    
2026-10-06T20:24:59.924	TEL,3464,S4,398417727,2001,44543,0,430,2935                    
2026-10-06T20:24:59.924	TEL,3465,S4,398427727,2001,44543,0,428,2935                    
2026-10-06T20:24:59.924	TEL,3466,S4,398437727,2001,44543,0,425,2932                    
2026-10-06T20:24:59.924	TEL,3467,S4,398447727,2001,44543,0,425,2932                    
2026-10-06T20:24:59.924	TEL,3468,S4,398457727,2001,44543,0,422,2928                    
2026-10-06T20:24:59.925	TEL,3469,S4,398467727,2001,44543,0,430,2928                    
2026-10-06T20:24:59.925	TEL,3470,S4,398477727,2001,44543,0,433,2932                    
2026-10-06T20:24:59.925	TEL,3471,S4,398487727,2001,44543,0,430,2932                    
2026-10-06T20:24:59.925	TEL,3472,S4,398497727,2001,44543,0,430,2932                    
2026-10-06T20:24:59.925	TEL,3473,S4,398507727,2001,44543,0,430,2932                    
2026-10-06T20:24:59.925	TEL,3474,S4,398517727,2001,44543,0,428,2928                    
2026-10-06T20:24:59.925	TEL,3475,S4,398527727,2001,44543,0,422,2928                    
2026-10-06T20:24:59.925	TEL,3476,S4,398537727,2001,44543,0,425,2932                    
2026-10-06T20:24:59.925	TEL,3477,S4,398547727,2001,44543,0,430,2932                    
2026-10-06T20:24:59.925	TEL,3478,S4,398557727,2001,44543,0,433,2935                    
2026-10-06T20:24:59.925	TEL,3479,S4,398567727,2001,44543,0,428,2935                    
2026-10-06T20:24:59.925	TEL,3480,S4,398577727,2001,44543,0,428,2935                    
2026-10-06T20:24:59.925	TEL,3481,S4,398587727,2001,44543,0,425,2935                    
2026-10-06T20:24:59.925	TEL,3482,S4,398597727,2001,44543,0,419,2932                    
2026-10-06T20:24:59.925	TEL,3483,S4,398607727,2001,44543,0,425,2932                    
2026-10-06T20:24:59.925	TEL,3484,S4,398617727,2001,44543,0,425,2932                    
2026-10-06T20:24:59.925	TEL,3485,S4,398627727,2001,44543,0,419,2932                    
2026-10-06T20:24:59.925	TEL,3486,S4,398637727,2001,44543,0,419,2933                    
2026-10-06T20:24:59.925	TEL,3487,S4,398647727,2001,44543,0,428,2933                    
2026-10-06T20:24:59.925	TEL,3488,S4,398657727,2001,44543,0,428,2935                    
2026-10-06T20:24:59.925	TEL,3489,S4,398667727,2001,44543,0,430,2935                    
2026-10-06T20:24:59.925	TEL,3490,S4,398677727,2001,44543,0,428,2932                    
2026-10-06T20:24:59.925	TEL,3491,S4,398687727,2001,44543,0,425,2932                    
2026-10-06T20:25:00.533	TEL,3492,S4,398697727,2001,44543,0,428,2935                    
2026-10-06T20:25:00.533	TEL,3493,S4,398707727,2001,44543,0,433,2935                    
2026-10-06T20:25:00.533	TEL,3494,S4,398717727,2001,44543,0,433,2933                    
2026-10-06T20:25:00.533	TEL,3495,S4,398727727,2001,44543,0,428,2933                    
2026-10-06T20:25:00.533	TEL,3496,S4,398737727,2001,44543,0,425,2932                    
2026-10-06T20:25:00.533	TEL,3497,S4,398747727,2001,44543,0,425,2932                    
2026-10-06T20:25:00.533	TEL,3498,S4,398757727,2001,44543,0,425,2932                    
2026-10-06T20:25:00.533	TEL,3499,S4,398767727,2001,44543,0,428,2932                    
2026-10-06T20:25:00.533	TEL,3500,S4,398777727,2001,44543,0,428,2932                    
2026-10-06T20:25:00.533	TEL,3501,S4,398787727,2001,44543,0,425,2932                    
2026-10-06T20:25:00.533	TEL,3502,S4,398797727,2001,44543,0,422,2928                    
2026-10-06T20:25:00.533	TEL,3503,S4,398807727,2001,44543,0,422,2928                    
2026-10-06T20:25:00.533	TEL,3504,S4,398817727,2001,44543,0,425,2932                    
2026-10-06T20:25:00.533	TEL,3505,S4,398827727,2001,44543,0,430,2932                    
2026-10-06T20:25:00.533	TEL,3506,S4,398837727,2001,44543,0,430,2932                    
2026-10-06T20:25:00.533	TEL,3507,S4,398847727,2001,44543,0,430,2932                    
2026-10-06T20:25:00.533	TEL,3508,S4,398857727,2001,44543,0,430,2932                    
2026-10-06T20:25:00.533	TEL,3509,S4,398867727,2001,44543,0,425,2932                    
2026-10-06T20:25:00.533	TEL,3510,S4,398877727,2001,44543,0,425,2932                    
2026-10-06T20:25:00.533	TEL,3511,S4,398887727,2001,44543,0,430,2932                    
2026-10-06T20:25:00.533	TEL,3512,S4,398897727,2001,44543,0,428,2928                    
2026-10-06T20:25:00.533	TEL,3513,S4,398907727,2001,44543,0,433,2928                    
2026-10-06T20:25:00.533	TEL,3514,S4,398917727,2001,44543,0,436,2932                    
2026-10-06T20:25:00.533	TEL,3515,S4,398927727,2001,44543,0,430,2932                    
2026-10-06T20:25:00.533	TEL,3516,S4,398937727,2001,44543,0,433,2935                    
2026-10-06T20:25:00.533	TEL,3517,S4,398947727,2001,44543,0,430,2935                    
2026-10-06T20:25:00.533	TEL,3518,S4,398957727,2001,44543,0,425,2928                    
2026-10-06T20:25:00.533	TEL,3519,S4,398967727,2001,44543,0,422,2928                    
2026-10-06T20:25:00.533	BTN,43,S4,PRESSED,398970120,398970128                          
2026-10-06T20:25:00.533	TEL,3520,S4,398977728,2003,44543,0,428,2935                    
2026-10-06T20:25:00.533	TEL,3521,S4,398987727,2001,44543,0,428,2935                    
2026-10-06T20:25:00.533	TEL,3522,S4,398997727,2001,44543,0,428,2935                    
2026-10-06T20:25:00.533	TEL,3523,S4,399007727,2001,44543,0,433,2935                    
2026-10-06T20:25:00.533	TEL,3524,S4,399017727,2001,44543,0,428,2928                    
2026-10-06T20:25:00.533	TEL,3525,S4,399027727,2001,44543,0,422,2928                    
2026-10-06T20:25:00.533	TEL,3526,S4,399037727,2001,44543,0,425,2932                    
2026-10-06T20:25:00.533	TEL,3527,S4,399047727,2001,44543,0,425,2932                    
2026-10-06T20:25:00.533	TEL,3528,S4,399057727,2001,44543,0,428,2935                    
2026-10-06T20:25:00.533	TEL,3529,S4,399067727,2001,44543,0,428,2935                    
2026-10-06T20:25:00.533	TEL,3530,S4,399077727,2001,44543,0,428,2935                    
2026-10-06T20:25:00.533	TEL,3531,S4,399087727,2001,44543,0,442,2935                    
2026-10-06T20:25:00.533	TEL,3532,S4,399097727,2001,44543,0,442,2935                    
2026-10-06T20:25:00.533	TEL,3533,S4,399107727,2001,44543,0,439,2935                    
2026-10-06T20:25:00.533	TEL,3534,S4,399117727,2001,44543,0,436,2933                    
2026-10-06T20:25:00.533	TEL,3535,S4,399127727,2001,44543,0,433,2933                    
2026-10-06T20:25:00.533	TEL,3536,S4,399137727,2001,44543,0,430,2932                    
2026-10-06T20:25:00.533	TEL,3537,S4,399147727,2001,44543,0,430,2932                    
2026-10-06T20:25:00.533	TEL,3538,S4,399157727,2001,44543,0,433,2935                    
2026-10-06T20:25:00.533	TEL,3539,S4,399167727,2001,44543,0,428,2935                    
2026-10-06T20:25:00.534	TEL,3540,S4,399177727,2001,44543,0,425,2932                    
2026-10-06T20:25:00.534	TEL,3541,S4,399187727,2001,44543,0,430,2932                    
2026-10-06T20:25:00.534	TEL,3542,S4,399197727,2001,44543,0,430,2932                    
2026-10-06T20:25:00.534	TEL,3543,S4,399207727,2001,44543,0,430,2932                    
2026-10-06T20:25:00.534	TEL,3544,S4,399217727,2001,44543,0,433,2935                    
2026-10-06T20:25:00.534	TEL,3545,S4,399227727,2001,44543,0,428,2935                    
2026-10-06T20:25:00.534	TEL,3546,S4,399237727,2001,44543,0,425,2932                    
2026-10-06T20:25:00.534	TEL,3547,S4,399247727,2001,44543,0,428,2932                    
2026-10-06T20:25:00.534	TEL,3548,S4,399257727,2001,44543,0,425,2928                    
2026-10-06T20:25:00.534	TEL,3549,S4,399267727,2001,44543,0,422,2928                    
2026-10-06T20:25:00.534	TEL,3550,S4,399277727,2001,44543,0,425,2932                    
2026-10-06T20:25:00.534	TEL,3551,S4,399287727,2001,44543,0,425,2932                    
2026-10-06T20:25:00.534	TEL,3552,S4,399297727,2001,44543,0,425,2932                    
2026-10-06T20:25:01.141	TEL,3553,S4,399307727,2001,44543,0,428,2932                    
2026-10-06T20:25:01.141	TEL,3554,S4,399317727,2001,44543,0,430,2935                    
2026-10-06T20:25:01.141	TEL,3555,S4,399327727,2001,44543,0,433,2935                    
2026-10-06T20:25:01.141	TEL,3556,S4,399337727,2001,44543,0,430,2932                    
2026-10-06T20:25:01.141	TEL,3557,S4,399347727,2001,44543,0,425,2932                    
2026-10-06T20:25:01.141	TEL,3558,S4,399357727,2001,44543,0,425,2932                    
2026-10-06T20:25:01.141	TEL,3559,S4,399367727,2001,44543,0,430,2932                    
2026-10-06T20:25:01.141	TEL,3560,S4,399377727,2001,44543,0,430,2932                    
2026-10-06T20:25:01.141	TEL,3561,S4,399387727,2001,44543,0,425,2932                    
2026-10-06T20:25:01.141	TEL,3562,S4,399397727,2001,44543,0,425,2932                    
2026-10-06T20:25:01.141	TEL,3563,S4,399407727,2001,44543,0,428,2932                    
2026-10-06T20:25:01.141	TEL,3564,S4,399417727,2001,44543,0,425,2928                    
2026-10-06T20:25:01.141	TEL,3565,S4,399427727,2001,44543,0,428,2928                    
2026-10-06T20:25:01.141	TEL,3566,S4,399437727,2001,44543,0,433,2935                    
2026-10-06T20:25:01.141	TEL,3567,S4,399447727,2001,44543,0,439,2935                    
2026-10-06T20:25:01.141	TEL,3568,S4,399457727,2001,44543,0,439,2935                    
2026-10-06T20:25:01.141	TEL,3569,S4,399467727,2001,44543,0,428,2935                    
2026-10-06T20:25:01.141	TEL,3570,S4,399477727,2001,44543,0,428,2935                    
2026-10-06T20:25:01.141	TEL,3571,S4,399487727,2001,44543,0,433,2935                    
2026-10-06T20:25:01.141	TEL,3572,S4,399497727,2001,44543,0,430,2932                    
2026-10-06T20:25:01.141	TEL,3573,S4,399507727,2001,44543,0,428,2932                    
2026-10-06T20:25:01.141	TEL,3574,S4,399517727,2001,44543,0,425,2928                    
2026-10-06T20:25:01.141	TEL,3575,S4,399527727,2001,44543,0,422,2928                    
2026-10-06T20:25:01.141	BTN,44,S4,PRESSED,399533126,399533134                          
2026-10-06T20:25:01.141	TEL,3576,S4,399537728,2003,44543,0,428,2935                    
2026-10-06T20:25:01.141	TEL,3577,S4,399547727,2001,44543,0,428,2935                    
2026-10-06T20:25:01.141	TEL,3578,S4,399557727,2001,44543,0,425,2932                    
2026-10-06T20:25:01.141	TEL,3579,S4,399567727,2001,44543,0,428,2932                    
2026-10-06T20:25:01.141	TEL,3580,S4,399577727,2001,44543,0,430,2933                    
2026-10-06T20:25:01.141	TEL,3581,S4,399587727,2001,44543,0,428,2933                    
2026-10-06T20:25:01.141	TEL,3582,S4,399597727,2001,44543,0,425,2932                    
2026-10-06T20:25:01.141	TEL,3583,S4,399607727,2001,44543,0,428,2932                    
2026-10-06T20:25:01.141	TEL,3584,S4,399617727,2001,44543,0,430,2933                    
2026-10-06T20:25:01.141	TEL,3585,S4,399627727,2001,44543,0,433,2933                    
2026-10-06T20:25:01.141	TEL,3586,S4,399637727,2001,44543,0,433,2935                    
2026-10-06T20:25:01.141	TEL,3587,S4,399647727,2001,44543,0,428,2935                    
2026-10-06T20:25:01.141	TEL,3588,S4,399657727,2001,44543,0,425,2932                    
2026-10-06T20:25:01.141	TEL,3589,S4,399667727,2001,44543,0,428,2932                    
2026-10-06T20:25:01.141	TEL,3590,S4,399677727,2001,44543,0,425,2928                    
2026-10-06T20:25:01.141	TEL,3591,S4,399687727,2001,44543,0,422,2928                    
2026-10-06T20:25:01.141	TEL,3592,S4,399697727,2001,44543,0,428,2935                    
2026-10-06T20:25:01.141	TEL,3593,S4,399707727,2001,44543,0,433,2935                    
2026-10-06T20:25:01.141	TEL,3594,S4,399717727,2001,44543,0,433,2935                    
2026-10-06T20:25:01.141	TEL,3595,S4,399727727,2001,44543,0,433,2935                    
2026-10-06T20:25:01.141	TEL,3596,S4,399737727,2001,44543,0,433,2935                    
2026-10-06T20:25:01.141	TEL,3597,S4,399747727,2001,44543,0,430,2935                    
2026-10-06T20:25:01.141	TEL,3598,S4,399757727,2001,44543,0,430,2935                    
2026-10-06T20:25:01.141	TEL,3599,S4,399767727,2001,44543,0,428,2935                    
2026-10-06T20:25:01.141	TEL,3600,S4,399777727,2001,44543,0,422,2928                    
2026-10-06T20:25:01.141	TEL,3601,S4,399787727,2001,44543,0,425,2928                    
2026-10-06T20:25:01.141	TEL,3602,S4,399797727,2001,44543,0,430,2935                    
2026-10-06T20:25:01.141	TEL,3603,S4,399807727,2001,44543,0,430,2935                    
2026-10-06T20:25:01.141	TEL,3604,S4,399817727,2001,44543,0,428,2932                    
2026-10-06T20:25:01.141	TEL,3605,S4,399827727,2001,44543,0,425,2932                    
2026-10-06T20:25:01.141	TEL,3606,S4,399837727,2001,44543,0,428,2935                    
2026-10-06T20:25:01.141	TEL,3607,S4,399847727,2001,44543,0,430,2935                    
2026-10-06T20:25:01.141	TEL,3608,S4,399857727,2001,44543,0,428,2932                    
2026-10-06T20:25:01.141	TEL,3609,S4,399867727,2001,44543,0,416,2932                    
2026-10-06T20:25:01.141	TEL,3610,S4,399877727,2001,44543,0,416,2932                    
2026-10-06T20:25:01.141	TEL,3611,S4,399887727,2001,44543,0,425,2932                    
2026-10-06T20:25:01.141	TEL,3612,S4,399897727,2001,44543,0,428,2935                    
2026-10-06T20:25:01.141	TEL,3613,S4,399907727,2001,44543,0,430,2935                    
2026-10-06T20:25:01.752	TEL,3614,S4,399917727,2001,44543,0,428,2932                    
2026-10-06T20:25:01.752	TEL,3615,S4,399927727,2001,44543,0,425,2932                    
2026-10-06T20:25:01.752	TEL,3616,S4,399937727,2001,44543,0,428,2935                    
2026-10-06T20:25:01.752	TEL,3617,S4,399947727,2001,44543,0,428,2935                    
2026-10-06T20:25:01.752	TEL,3618,S4,399957727,2001,44543,0,428,2935                    
2026-10-06T20:25:01.752	TEL,3619,S4,399967727,2001,44543,0,428,2935                    
2026-10-06T20:25:01.752	TEL,3620,S4,399977727,2001,44543,0,425,2932                    
2026-10-06T20:25:01.752	TEL,3621,S4,399987727,2001,44543,0,430,2932                    
2026-10-06T20:25:01.752	TEL,3622,S4,399997727,2001,44543,0,433,2933                    
2026-10-06T20:25:01.752	TEL,3623,S4,400007727,2001,44543,0,428,2933                    
2026-10-06T20:25:01.752	TEL,3624,S4,400017727,2001,44543,0,428,2933                    
2026-10-06T20:25:01.752	TEL,3625,S4,400027727,2001,44543,0,428,2933                    
2026-10-06T20:25:01.752	TEL,3626,S4,400037727,2001,44543,0,425,2932                    
2026-10-06T20:25:01.752	BTN,45,S4,PRESSED,400038131,400038139                          
2026-10-06T20:25:01.752	TEL,3627,S4,400047728,2003,44543,0,425,2932                    
2026-10-06T20:25:01.752	TEL,3628,S4,400057727,2001,44543,0,428,2933                    
2026-10-06T20:25:01.752	TEL,3629,S4,400067727,2001,44543,0,430,2933                    
2026-10-06T20:25:01.752	TEL,3630,S4,400077727,2001,44543,0,428,2932                    
2026-10-06T20:25:01.752	TEL,3631,S4,400087727,2001,44543,0,425,2932                    
2026-10-06T20:25:01.752	TEL,3632,S4,400097727,2001,44543,0,425,2932                    
2026-10-06T20:25:01.752	TEL,3633,S4,400107727,2001,44543,0,428,2932                    
2026-10-06T20:25:01.752	TEL,3634,S4,400117727,2001,44543,0,428,2932                    
2026-10-06T20:25:01.752	TEL,3635,S4,400127727,2001,44543,0,419,2932                    
2026-10-06T20:25:01.752	TEL,3636,S4,400137727,2001,44543,0,425,2935                    
2026-10-06T20:25:01.752	TEL,3637,S4,400147727,2001,44543,0,430,2935                    
2026-10-06T20:25:01.752	TEL,3638,S4,400157727,2001,44543,0,428,2932                    
2026-10-06T20:25:01.752	TEL,3639,S4,400167727,2001,44543,0,425,2932                    
2026-10-06T20:25:01.752	TEL,3640,S4,400177727,2001,44543,0,425,2932                    
2026-10-06T20:25:01.752	TEL,3641,S4,400187727,2001,44543,0,430,2932                    
2026-10-06T20:25:01.752	TEL,3642,S4,400197727,2001,44543,0,433,2933                    
2026-10-06T20:25:01.752	TEL,3643,S4,400207727,2001,44543,0,428,2933                    
2026-10-06T20:25:01.752	TEL,3644,S4,400217727,2001,44543,0,428,2935                    
2026-10-06T20:25:01.752	TEL,3645,S4,400227727,2001,44543,0,428,2935                    
2026-10-06T20:25:01.752	TEL,3646,S4,400237727,2001,44543,0,425,2932                    
2026-10-06T20:25:01.752	TEL,3647,S4,400247727,2001,44543,0,425,2932                    
2026-10-06T20:25:01.752	TEL,3648,S4,400257727,2001,44543,0,428,2935                    
2026-10-06T20:25:01.752	TEL,3649,S4,400267727,2001,44543,0,428,2935                    
2026-10-06T20:25:01.752	TEL,3650,S4,400277727,2001,44543,0,422,2928                    
2026-10-06T20:25:01.752	TEL,3651,S4,400287727,2001,44543,0,416,2928                    
2026-10-06T20:25:01.752	TEL,3652,S4,400297727,2001,44543,0,419,2932                    
2026-10-06T20:25:01.752	TEL,3653,S4,400307727,2001,44543,0,430,2932                    
2026-10-06T20:25:01.752	TEL,3654,S4,400317727,2001,44543,0,430,2932                    
2026-10-06T20:25:01.752	TEL,3655,S4,400327727,2001,44543,0,430,2932                    
2026-10-06T20:25:01.752	TEL,3656,S4,400337727,2001,44543,0,433,2935                    
2026-10-06T20:25:01.752	TEL,3657,S4,400347727,2001,44543,0,430,2935                    
2026-10-06T20:25:01.752	TEL,3658,S4,400357727,2001,44543,0,430,2935                    
2026-10-06T20:25:01.752	TEL,3659,S4,400367727,2001,44543,0,433,2935                    
2026-10-06T20:25:01.752	TEL,3660,S4,400377727,2001,44543,0,430,2932                    
2026-10-06T20:25:01.752	TEL,3661,S4,400387727,2001,44543,0,428,2932                    
2026-10-06T20:25:01.752	TEL,3662,S4,400397727,2001,44543,0,430,2933                    
2026-10-06T20:25:01.752	TEL,3663,S4,400407727,2001,44543,0,430,2933                    
2026-10-06T20:25:01.752	TEL,3664,S4,400417727,2001,44543,0,428,2932                    
2026-10-06T20:25:01.752	TEL,3665,S4,400427727,2001,44543,0,430,2932                    
2026-10-06T20:25:01.752	TEL,3666,S4,400437727,2001,44543,0,430,2932                    
2026-10-06T20:25:01.752	TEL,3667,S4,400447727,2001,44543,0,425,2932                    
2026-10-06T20:25:01.752	TEL,3668,S4,400457727,2001,44543,0,428,2935                    
2026-10-06T20:25:01.752	TEL,3669,S4,400467727,2001,44543,0,433,2935                    
2026-10-06T20:25:01.752	TEL,3670,S4,400477727,2001,44543,0,430,2932                    
2026-10-06T20:25:01.752	TEL,3671,S4,400487727,2001,44543,0,425,2932                    
2026-10-06T20:25:01.752	TEL,3672,S4,400497727,2001,44543,0,422,2928                    
2026-10-06T20:25:01.752	TEL,3673,S4,400507727,2001,44543,0,425,2928                    
2026-10-06T20:25:01.752	TEL,3674,S4,400517727,2001,44543,0,428,2932                    
2026-10-06T20:25:02.363	TEL,3675,S4,400527727,2001,44543,0,428,2932                    
2026-10-06T20:25:02.363	TEL,3676,S4,400537727,2001,44543,0,425,2928                    
2026-10-06T20:25:02.363	TEL,3677,S4,400547727,2001,44543,0,422,2928                    
2026-10-06T20:25:02.363	TEL,3678,S4,400557727,2001,44543,0,428,2935                    
2026-10-06T20:25:02.363	TEL,3679,S4,400567727,2001,44543,0,433,2935                    
2026-10-06T20:25:02.363	TEL,3680,S4,400577727,2001,44543,0,430,2932                    
2026-10-06T20:25:02.363	TEL,3681,S4,400587727,2001,44543,0,425,2932                    
2026-10-06T20:25:02.363	TEL,3682,S4,400597727,2001,44543,0,425,2932                    
2026-10-06T20:25:02.363	TEL,3683,S4,400607727,2001,44543,0,430,2932                    
2026-10-06T20:25:02.363	TEL,3684,S4,400617727,2001,44543,0,433,2935                    
2026-10-06T20:25:02.363	TEL,3685,S4,400627727,2001,44543,0,428,2935                    
2026-10-06T20:25:02.363	TEL,3686,S4,400637727,2001,44543,0,428,2935                    
2026-10-06T20:25:02.363	TEL,3687,S4,400647727,2001,44543,0,439,2935                    
2026-10-06T20:25:02.363	TEL,3688,S4,400657727,2001,44543,0,433,2928                    
2026-10-06T20:25:02.363	BTN,46,S4,PRESSED,400661137,400661144                          
2026-10-06T20:25:02.363	TEL,3689,S4,400667728,2003,44543,0,422,2928                    
2026-10-06T20:25:02.363	TEL,3690,S4,400677727,2001,44543,0,425,2932                    
2026-10-06T20:25:02.363	TEL,3691,S4,400687727,2001,44543,0,425,2932                    
2026-10-06T20:25:02.363	TEL,3692,S4,400697727,2001,44543,0,425,2932                    
2026-10-06T20:25:02.363	TEL,3693,S4,400707727,2001,44543,0,433,2932                    
2026-10-06T20:25:02.363	TEL,3694,S4,400717727,2001,44543,0,430,2928                    
2026-10-06T20:25:02.363	TEL,3695,S4,400727727,2001,44543,0,425,2928                    
2026-10-06T20:25:02.363	TEL,3696,S4,400737727,2001,44543,0,428,2932                    
2026-10-06T20:25:02.363	TEL,3697,S4,400747727,2001,44543,0,428,2932                    
2026-10-06T20:25:02.363	TEL,3698,S4,400757727,2001,44543,0,430,2935                    
2026-10-06T20:25:02.363	TEL,3699,S4,400767727,2001,44543,0,433,2935                    
2026-10-06T20:25:02.363	TEL,3700,S4,400777727,2001,44543,0,433,2935                    
2026-10-06T20:25:02.363	TEL,3701,S4,400787727,2001,44543,0,428,2935                    
2026-10-06T20:25:02.363	TEL,3702,S4,400797727,2001,44543,0,425,2932                    
2026-10-06T20:25:02.363	TEL,3703,S4,400807727,2001,44543,0,425,2932                    
2026-10-06T20:25:02.363	TEL,3704,S4,400817727,2001,44543,0,428,2933                    
2026-10-06T20:25:02.363	TEL,3705,S4,400827727,2001,44543,0,428,2933                    
2026-10-06T20:25:02.363	TEL,3706,S4,400837727,2001,44543,0,428,2935                    
2026-10-06T20:25:02.363	TEL,3707,S4,400847727,2001,44543,0,433,2935                    
2026-10-06T20:25:02.363	TEL,3708,S4,400857727,2001,44543,0,430,2932                    
2026-10-06T20:25:02.363	TEL,3709,S4,400867727,2001,44543,0,430,2932                    
2026-10-06T20:25:02.363	TEL,3710,S4,400877727,2001,44543,0,430,2932                    
2026-10-06T20:25:02.363	TEL,3711,S4,400887727,2001,44543,0,425,2932                    
2026-10-06T20:25:02.363	TEL,3712,S4,400897727,2001,44543,0,425,2932                    
2026-10-06T20:25:02.363	TEL,3713,S4,400907727,2001,44543,0,430,2932                    
2026-10-06T20:25:02.363	TEL,3714,S4,400917727,2001,44543,0,430,2932                    
2026-10-06T20:25:02.363	TEL,3715,S4,400927727,2001,44543,0,428,2932                    
2026-10-06T20:25:02.363	TEL,3716,S4,400937727,2001,44543,0,430,2935                    
2026-10-06T20:25:02.363	TEL,3717,S4,400947727,2001,44543,0,428,2935                    
2026-10-06T20:25:02.363	TEL,3718,S4,400957727,2001,44543,0,425,2932                    
2026-10-06T20:25:02.363	TEL,3719,S4,400967727,2001,44543,0,425,2932                    
2026-10-06T20:25:02.363	TEL,3720,S4,400977727,2001,44543,0,428,2935                    
2026-10-06T20:25:02.363	TEL,3721,S4,400987727,2001,44543,0,428,2935                    
2026-10-06T20:25:02.363	TEL,3722,S4,400997727,2001,44543,0,425,2932                    
2026-10-06T20:25:02.363	TEL,3723,S4,401007727,2001,44543,0,425,2932                    
2026-10-06T20:25:02.363	TEL,3724,S4,401017727,2001,44543,0,425,2932                    
2026-10-06T20:25:02.363	TEL,3725,S4,401027727,2001,44543,0,430,2932                    
2026-10-06T20:25:02.363	TEL,3726,S4,401037727,2001,44543,0,430,2932                    
2026-10-06T20:25:02.363	TEL,3727,S4,401047727,2001,44543,0,425,2932                    
2026-10-06T20:25:02.363	TEL,3728,S4,401057727,2001,44543,0,428,2935                    
2026-10-06T20:25:02.363	TEL,3729,S4,401067727,2001,44543,0,445,2935                    
2026-10-06T20:25:02.363	TEL,3730,S4,401077727,2001,44543,0,442,2932                    
2026-10-06T20:25:02.363	TEL,3731,S4,401087727,2001,44543,0,425,2932                    
2026-10-06T20:25:02.363	TEL,3732,S4,401097727,2001,44543,0,428,2935                    
2026-10-06T20:25:02.363	TEL,3733,S4,401107727,2001,44543,0,428,2935                    
2026-10-06T20:25:02.363	TEL,3734,S4,401117727,2001,44543,0,428,2935                    
2026-10-06T20:25:02.363	TEL,3735,S4,401127727,2001,44543,0,428,2935                    
2026-10-06T20:25:02.973	TEL,3736,S4,401137727,2001,44543,0,425,2932                    
2026-10-06T20:25:02.973	TEL,3737,S4,401147727,2001,44543,0,419,2932                    
2026-10-06T20:25:02.974	TEL,3738,S4,401157727,2001,44543,0,419,2932                    
2026-10-06T20:25:02.974	TEL,3739,S4,401167727,2001,44543,0,428,2932                    
2026-10-06T20:25:02.974	TEL,3740,S4,401177727,2001,44543,0,428,2932                    
2026-10-06T20:25:02.974	TEL,3741,S4,401187727,2001,44543,0,425,2932                    
2026-10-06T20:25:02.974	TEL,3742,S4,401197727,2001,44543,0,428,2935                    
2026-10-06T20:25:02.974	TEL,3743,S4,401207727,2001,44543,0,428,2935                    
2026-10-06T20:25:02.974	TEL,3744,S4,401217727,2001,44543,0,425,2932                    
2026-10-06T20:25:02.974	TEL,3745,S4,401227727,2001,44543,0,428,2932                    
2026-10-06T20:25:02.974	TEL,3746,S4,401237727,2001,44543,0,430,2935                    
2026-10-06T20:25:02.974	TEL,3747,S4,401247727,2001,44543,0,433,2935                    
2026-10-06T20:25:02.974	TEL,3748,S4,401257727,2001,44543,0,430,2932                    
2026-10-06T20:25:02.974	TEL,3749,S4,401267727,2001,44543,0,425,2932                    
2026-10-06T20:25:02.974	TEL,3750,S4,401277727,2001,44543,0,425,2932                    
2026-10-06T20:25:02.974	TEL,3751,S4,401287727,2001,44543,0,425,2932                    
2026-10-06T20:25:02.974	TEL,3752,S4,401297727,2001,44543,0,425,2932                    
2026-10-06T20:25:02.974	TEL,3753,S4,401307727,2001,44543,0,425,2932                    
2026-10-06T20:25:02.974	TEL,3754,S4,401317727,2001,44543,0,428,2935                    
2026-10-06T20:25:02.974	TEL,3755,S4,401327727,2001,44543,0,428,2935                    
2026-10-06T20:25:02.974	TEL,3756,S4,401337727,2001,44543,0,428,2935                    
2026-10-06T20:25:02.974	TEL,3757,S4,401347727,2001,44543,0,428,2935                    
2026-10-06T20:25:02.974	TEL,3758,S4,401357727,2001,44543,0,425,2932                    
2026-10-06T20:25:02.974	TEL,3759,S4,401367727,2001,44543,0,425,2932                    
2026-10-06T20:25:02.974	TEL,3760,S4,401377727,2001,44543,0,425,2932                    
2026-10-06T20:25:02.974	TEL,3761,S4,401387727,2001,44543,0,425,2932                    
2026-10-06T20:25:02.974	TEL,3762,S4,401397727,2001,44543,0,428,2933                    
2026-10-06T20:25:02.974	TEL,3763,S4,401407727,2001,44543,0,430,2933                    
2026-10-06T20:25:02.974	TEL,3764,S4,401417727,2001,44543,0,428,2932                    
2026-10-06T20:25:02.974	BTN,47,S4,PRESSED,401423142,401423149                          
2026-10-06T20:25:02.974	TEL,3765,S4,401427728,2003,44543,0,436,2932                    
2026-10-06T20:25:02.974	TEL,3766,S4,401437727,2001,44543,0,436,2933                    
2026-10-06T20:25:02.974	TEL,3767,S4,401447727,2001,44543,0,433,2933                    
2026-10-06T20:25:02.974	TEL,3768,S4,401457727,2001,44543,0,430,2932                    
2026-10-06T20:25:02.974	TEL,3769,S4,401467727,2001,44543,0,430,2932                    
2026-10-06T20:25:02.974	TEL,3770,S4,401477727,2001,44543,0,430,2932                    
2026-10-06T20:25:02.974	TEL,3771,S4,401487727,2001,44543,0,425,2932                    
2026-10-06T20:25:02.974	TEL,3772,S4,401497727,2001,44543,0,428,2935                    
2026-10-06T20:25:02.974	TEL,3773,S4,401507727,2001,44543,0,428,2935                    
2026-10-06T20:25:02.974	TEL,3774,S4,401517727,2001,44543,0,428,2935                    
2026-10-06T20:25:02.974	TEL,3775,S4,401527727,2001,44543,0,430,2935                    
2026-10-06T20:25:02.974	TEL,3776,S4,401537727,2001,44543,0,428,2932                    
2026-10-06T20:25:02.974	TEL,3777,S4,401547727,2001,44543,0,425,2932                    
2026-10-06T20:25:02.974	TEL,3778,S4,401557727,2001,44543,0,422,2928                    
2026-10-06T20:25:02.974	TEL,3779,S4,401567727,2001,44543,0,428,2928                    
2026-10-06T20:25:02.974	TEL,3780,S4,401577727,2001,44543,0,433,2933                    
2026-10-06T20:25:02.974	TEL,3781,S4,401587727,2001,44543,0,428,2933                    
2026-10-06T20:25:02.974	TEL,3782,S4,401597727,2001,44543,0,422,2928                    
2026-10-06T20:25:02.974	TEL,3783,S4,401607727,2001,44543,0,433,2928                    
2026-10-06T20:25:02.974	TEL,3784,S4,401617727,2001,44543,0,439,2935                    
2026-10-06T20:25:02.974	TEL,3785,S4,401627727,2001,44543,0,430,2935                    
2026-10-06T20:25:02.974	TEL,3786,S4,401637727,2001,44543,0,428,2932                    
2026-10-06T20:25:02.974	TEL,3787,S4,401647727,2001,44543,0,428,2932                    
2026-10-06T20:25:02.974	TEL,3788,S4,401657727,2001,44543,0,428,2932                    
2026-10-06T20:25:02.974	TEL,3789,S4,401667727,2001,44543,0,428,2932                    
2026-10-06T20:25:02.974	TEL,3790,S4,401677727,2001,44543,0,428,2932                    
2026-10-06T20:25:02.974	TEL,3791,S4,401687727,2001,44543,0,428,2932                    
2026-10-06T20:25:02.974	TEL,3792,S4,401697727,2001,44543,0,428,2932                    
2026-10-06T20:25:02.974	TEL,3793,S4,401707727,2001,44543,0,425,2932                    
2026-10-06T20:25:02.974	TEL,3794,S4,401717727,2001,44543,0,422,2928                    
2026-10-06T20:25:02.974	TEL,3795,S4,401727727,2001,44543,0,422,2928                    
2026-10-06T20:25:02.974	TEL,3796,S4,401737727,2001,44543,0,425,2932                    
2026-10-06T20:25:03.583	TEL,3797,S4,401747727,2001,44543,0,428,2932                    
2026-10-06T20:25:03.583	TEL,3798,S4,401757727,2001,44543,0,430,2935                    
2026-10-06T20:25:03.583	TEL,3799,S4,401767727,2001,44543,0,433,2935                    
2026-10-06T20:25:03.583	TEL,3800,S4,401777727,2001,44543,0,428,2928                    
2026-10-06T20:25:03.583	TEL,3801,S4,401787727,2001,44543,0,422,2928                    
2026-10-06T20:25:03.583	TEL,3802,S4,401797727,2001,44543,0,425,2932                    
2026-10-06T20:25:03.583	TEL,3803,S4,401807727,2001,44543,0,425,2932                    
2026-10-06T20:25:03.583	TEL,3804,S4,401817727,2001,44543,0,425,2932                    
2026-10-06T20:25:03.583	TEL,3805,S4,401827727,2001,44543,0,439,2932                    
2026-10-06T20:25:03.583	TEL,3806,S4,401837727,2001,44543,0,436,2928                    
2026-10-06T20:25:03.583	TEL,3807,S4,401847727,2001,44543,0,428,2928                    
2026-10-06T20:25:03.583	TEL,3808,S4,401857727,2001,44543,0,430,2932                    
2026-10-06T20:25:03.583	TEL,3809,S4,401867727,2001,44543,0,425,2932                    
2026-10-06T20:25:03.583	TEL,3810,S4,401877727,2001,44543,0,422,2928                    
2026-10-06T20:25:03.583	TEL,3811,S4,401887727,2001,44543,0,425,2928                    
2026-10-06T20:25:03.583	TEL,3812,S4,401897727,2001,44543,0,428,2932                    
2026-10-06T20:25:03.583	TEL,3813,S4,401907727,2001,44543,0,430,2932                    
2026-10-06T20:25:03.583	TEL,3814,S4,401917727,2001,44543,0,433,2933                    
2026-10-06T20:25:03.583	TEL,3815,S4,401927727,2001,44543,0,430,2933                    
2026-10-06T20:25:03.583	TEL,3816,S4,401937727,2001,44543,0,430,2933                    
2026-10-06T20:25:03.583	TEL,3817,S4,401947727,2001,44543,0,433,2933                    
2026-10-06T20:25:03.583	TEL,3818,S4,401957727,2001,44543,0,428,2928                    
2026-10-06T20:25:03.583	TEL,3819,S4,401967727,2001,44543,0,422,2928                    
2026-10-06T20:25:03.583	TEL,3820,S4,401977727,2001,44543,0,422,2928                    
2026-10-06T20:25:03.583	TEL,3821,S4,401987727,2001,44543,0,422,2928                    
2026-10-06T20:25:03.583	TEL,3822,S4,401997727,2001,44543,0,425,2932                    
2026-10-06T20:25:03.583	TEL,3823,S4,402007727,2001,44543,0,425,2932                    
2026-10-06T20:25:03.583	TEL,3824,S4,402017727,2001,44543,0,425,2932                    
2026-10-06T20:25:03.583	TEL,3825,S4,402027727,2001,44543,0,425,2932                    
2026-10-06T20:25:03.583	TEL,3826,S4,402037727,2001,44543,0,425,2932                    
2026-10-06T20:25:03.583	TEL,3827,S4,402047727,2001,44543,0,425,2932                    
2026-10-06T20:25:03.583	TEL,3828,S4,402057727,2001,44543,0,425,2932                    
2026-10-06T20:25:03.583	TEL,3829,S4,402067727,2001,44543,0,430,2932                    
2026-10-06T20:25:03.583	TEL,3830,S4,402077727,2001,44543,0,428,2928                    
2026-10-06T20:25:03.583	TEL,3831,S4,402087727,2001,44543,0,433,2928                    
2026-10-06T20:25:03.583	TEL,3832,S4,402097727,2001,44543,0,433,2928                    
2026-10-06T20:25:03.583	TEL,3833,S4,402107727,2001,44543,0,422,2928                    
2026-10-06T20:25:03.583	TEL,3834,S4,402117727,2001,44543,0,422,2928                    
2026-10-06T20:25:03.583	TEL,3835,S4,402127727,2001,44543,0,436,2928                    
2026-10-06T20:25:03.583	TEL,3836,S4,402137727,2001,44543,0,439,2932                    
2026-10-06T20:25:03.583	TEL,3837,S4,402147727,2001,44543,0,425,2932                    
2026-10-06T20:25:03.583	TEL,3838,S4,402157727,2001,44543,0,428,2935                    
2026-10-06T20:25:03.583	TEL,3839,S4,402167727,2001,44543,0,430,2935                    
2026-10-06T20:25:03.583	TEL,3840,S4,402177727,2001,44543,0,430,2933                    
2026-10-06T20:25:03.583	TEL,3841,S4,402187727,2001,44543,0,428,2933                    
2026-10-06T20:25:03.584	TEL,3842,S4,402197727,2001,44543,0,425,2932                    
2026-10-06T20:25:03.584	TEL,3843,S4,402207727,2001,44543,0,428,2932                    
2026-10-06T20:25:03.584	TEL,3844,S4,402217727,2001,44543,0,430,2935                    
2026-10-06T20:25:03.584	TEL,3845,S4,402227727,2001,44543,0,428,2935                    
2026-10-06T20:25:03.584	TEL,3846,S4,402237727,2001,44543,0,425,2932                    
2026-10-06T20:25:03.584	TEL,3847,S4,402247727,2001,44543,0,425,2932                    
2026-10-06T20:25:03.584	TEL,3848,S4,402257727,2001,44543,0,428,2935                    
2026-10-06T20:25:03.584	BTN,48,S4,PRESSED,402264148,402264155                          
2026-10-06T20:25:03.584	TEL,3849,S4,402267728,2003,44543,0,428,2935                    
2026-10-06T20:25:03.584	TEL,3850,S4,402277727,2002,44543,0,428,2933                    
2026-10-06T20:25:03.584	TEL,3851,S4,402287727,2001,44543,0,430,2933                    
2026-10-06T20:25:03.584	TEL,3852,S4,402297727,2001,44543,0,430,2935                    
2026-10-06T20:25:03.584	TEL,3853,S4,402307727,2001,44543,0,439,2935                    
2026-10-06T20:25:03.584	TEL,3854,S4,402317727,2001,44543,0,436,2932                    
2026-10-06T20:25:03.584	TEL,3855,S4,402327727,2001,44543,0,425,2932                    
2026-10-06T20:25:03.584	TEL,3856,S4,402337727,2001,44543,0,425,2932                    
2026-10-06T20:25:03.584	TEL,3857,S4,402347727,2001,44543,0,425,2932                    
2026-10-06T20:25:04.193	TEL,3858,S4,402357727,2001,44543,0,425,2932                    
2026-10-06T20:25:04.193	TEL,3859,S4,402367727,2001,44543,0,439,2932                    
2026-10-06T20:25:04.193	TEL,3860,S4,402377727,2001,44543,0,442,2935                    
2026-10-06T20:25:04.193	TEL,3861,S4,402387727,2001,44543,0,439,2935                    
2026-10-06T20:25:04.193	TEL,3862,S4,402397727,2001,44543,0,433,2928                    
2026-10-06T20:25:04.193	TEL,3863,S4,402407727,2001,44543,0,436,2928                    
2026-10-06T20:25:04.193	TEL,3864,S4,402417727,2001,44543,0,445,2935                    
2026-10-06T20:25:04.193	TEL,3865,S4,402427727,2001,44543,0,419,2935                    
2026-10-06T20:25:04.193	TEL,3866,S4,402437727,2001,44543,0,413,2928                    
2026-10-06T20:25:04.193	TEL,3867,S4,402447727,2001,44543,0,428,2928                    
2026-10-06T20:25:04.193	TEL,3868,S4,402457727,2001,44543,0,430,2932                    
2026-10-06T20:25:04.193	TEL,3869,S4,402467727,2001,44543,0,428,2932                    
2026-10-06T20:25:04.193	TEL,3870,S4,402477727,2001,44543,0,428,2932                    
2026-10-06T20:25:04.193	TEL,3871,S4,402487727,2001,44543,0,439,2932                    
2026-10-06T20:25:04.193	TEL,3872,S4,402497727,2001,44543,0,442,2935                    
2026-10-06T20:25:04.193	TEL,3873,S4,402507727,2001,44543,0,433,2935                    
2026-10-06T20:25:04.193	TEL,3874,S4,402517727,2001,44543,0,430,2932                    
2026-10-06T20:25:04.193	TEL,3875,S4,402527727,2001,44543,0,425,2932                    
2026-10-06T20:25:04.193	TEL,3876,S4,402537727,2001,44543,0,425,2932                    
2026-10-06T20:25:04.193	TEL,3877,S4,402547727,2001,44543,0,425,2932                    
2026-10-06T20:25:04.193	TEL,3878,S4,402557727,2001,44543,0,428,2935                    
2026-10-06T20:25:04.193	TEL,3879,S4,402567727,2001,44543,0,428,2935                    
2026-10-06T20:25:04.193	TEL,3880,S4,402577727,2001,44543,0,425,2932                    
2026-10-06T20:25:04.193	TEL,3881,S4,402587727,2001,44543,0,430,2932                    
2026-10-06T20:25:04.193	TEL,3882,S4,402597727,2001,44543,0,430,2932                    
2026-10-06T20:25:04.193	TEL,3883,S4,402607727,2001,44543,0,428,2932                    
2026-10-06T20:25:04.193	TEL,3884,S4,402617727,2001,44543,0,430,2935                    
2026-10-06T20:25:04.193	TEL,3885,S4,402627727,2001,44543,0,439,2935                    
2026-10-06T20:25:04.193	TEL,3886,S4,402637727,2001,44543,0,439,2935                    
2026-10-06T20:25:04.193	TEL,3887,S4,402647727,2001,44543,0,433,2935                    
2026-10-06T20:25:04.193	TEL,3888,S4,402657727,2001,44543,0,433,2933                    
2026-10-06T20:25:04.193	TEL,3889,S4,402667727,2001,44543,0,439,2933                    
2026-10-06T20:25:04.193	TEL,3890,S4,402677727,2001,44543,0,442,2935                    
2026-10-06T20:25:04.193	TEL,3891,S4,402687727,2001,44543,0,439,2935                    
2026-10-06T20:25:04.193	TEL,3892,S4,402697727,2001,44543,0,436,2932                    
2026-10-06T20:25:04.193	TEL,3893,S4,402707727,2001,44543,0,425,2932                    
2026-10-06T20:25:04.193	TEL,3894,S4,402717727,2001,44543,0,428,2935                    
2026-10-06T20:25:04.193	TEL,3895,S4,402727727,2001,44543,0,428,2935                    
2026-10-06T20:25:04.193	TEL,3896,S4,402737727,2001,44543,0,425,2932                    
2026-10-06T20:25:04.193	TEL,3897,S4,402747727,2001,44543,0,428,2932                    
2026-10-06T20:25:04.193	TEL,3898,S4,402757727,2001,44543,0,428,2932                    
2026-10-06T20:25:04.193	TEL,3899,S4,402767727,2001,44543,0,425,2932                    
2026-10-06T20:25:04.193	TEL,3900,S4,402777727,2001,44543,0,425,2932                    
2026-10-06T20:25:04.193	TEL,3901,S4,402787727,2001,44543,0,416,2932                    
2026-10-06T20:25:04.193	TEL,3902,S4,402797727,2001,44543,0,419,2935                    
2026-10-06T20:25:04.193	TEL,3903,S4,402807727,2001,44543,0,428,2935                    
2026-10-06T20:25:04.193	TEL,3904,S4,402817727,2001,44543,0,425,2932                    
2026-10-06T20:25:04.193	TEL,3905,S4,402827727,2001,44543,0,419,2932                    
2026-10-06T20:25:04.193	TEL,3906,S4,402837727,2001,44543,0,419,2932                    
2026-10-06T20:25:04.193	TEL,3907,S4,402847727,2001,44543,0,425,2932                    
2026-10-06T20:25:04.193	TEL,3908,S4,402857727,2001,44543,0,425,2932                    
2026-10-06T20:25:04.193	TEL,3909,S4,402867727,2001,44543,0,430,2932                    
2026-10-06T20:25:04.193	TEL,3910,S4,402877727,2001,44543,0,430,2932                    
2026-10-06T20:25:04.193	TEL,3911,S4,402887727,2001,44543,0,419,2932                    
2026-10-06T20:25:04.193	TEL,3912,S4,402897727,2001,44543,0,419,2932                    
2026-10-06T20:25:04.193	TEL,3913,S4,402907727,2001,44543,0,430,2932                    
2026-10-06T20:25:04.193	TEL,3914,S4,402917727,2001,44543,0,428,2928                    
2026-10-06T20:25:04.193	TEL,3915,S4,402927727,2001,44543,0,425,2928                    
2026-10-06T20:25:04.193	TEL,3916,S4,402937727,2001,44543,0,430,2935                    
2026-10-06T20:25:04.193	TEL,3917,S4,402947727,2001,44543,0,430,2935                    
2026-10-06T20:25:04.193	BTN,49,S4,PRESSED,402948153,402948160                          
2026-10-06T20:25:04.193	TEL,3918,S4,402957728,2003,44543,0,428,2932                    
2026-10-06T20:25:04.755	TEL,3919,S4,402967727,2001,44543,0,425,2932                    
2026-10-06T20:25:04.755	TEL,3920,S4,402977727,2001,44543,0,425,2932                    
2026-10-06T20:25:04.755	TEL,3921,S4,402987727,2001,44543,0,436,2932                    
2026-10-06T20:25:04.755	TEL,3922,S4,402997727,2001,44543,0,436,2932                    
2026-10-06T20:25:04.755	TEL,3923,S4,403007727,2001,44543,0,425,2932                    
2026-10-06T20:25:04.755	TEL,3924,S4,403017727,2001,44543,0,428,2935                    
2026-10-06T20:25:04.755	TEL,3925,S4,403027727,2001,44543,0,433,2935                    
2026-10-06T20:25:04.755	TEL,3926,S4,403037727,2001,44543,0,430,2932                    
2026-10-06T20:25:04.755	TEL,3927,S4,403047727,2001,44543,0,436,2932                    
2026-10-06T20:25:04.755	TEL,3928,S4,403057727,2001,44543,0,433,2928                    
2026-10-06T20:25:04.755	TEL,3929,S4,403067727,2001,44543,0,422,2928                    
2026-10-06T20:25:04.755	TEL,3930,S4,403077727,2001,44543,0,425,2932                    
2026-10-06T20:25:04.755	TEL,3931,S4,403087727,2001,44543,0,436,2932                    
2026-10-06T20:25:04.755	TEL,3932,S4,403097727,2001,44543,0,436,2932                    
2026-10-06T20:25:04.755	TEL,3933,S4,403107727,2001,44543,0,425,2932                    
2026-10-06T20:25:04.755	TEL,3934,S4,403117727,2001,44543,0,425,2932                    
2026-10-06T20:25:04.755	TEL,3935,S4,403127727,2001,44543,0,428,2932                    
2026-10-06T20:25:04.755	TEL,3936,S4,403137727,2001,44543,0,430,2935                    
2026-10-06T20:25:04.755	TEL,3937,S4,403147727,2001,44543,0,428,2935                    
2026-10-06T20:25:04.755	TEL,3938,S4,403157727,2001,44543,0,425,2932                    
2026-10-06T20:25:04.755	TEL,3939,S4,403167727,2001,44543,0,436,2932                    
2026-10-06T20:25:04.755	TEL,3940,S4,403177727,2001,44543,0,439,2935                    
2026-10-06T20:25:04.755	TEL,3941,S4,403187727,2001,44543,0,433,2935                    
2026-10-06T20:25:04.755	TEL,3942,S4,403197727,2001,44543,0,433,2935                    
2026-10-06T20:25:04.755	TEL,3943,S4,403207727,2001,44543,0,430,2935                    
2026-10-06T20:25:04.755	TEL,3944,S4,403217727,2001,44543,0,430,2935                    
2026-10-06T20:25:04.755	TEL,3945,S4,403227727,2001,44543,0,428,2935                    
2026-10-06T20:25:04.755	TEL,3946,S4,403237727,2001,44543,0,428,2935                    
2026-10-06T20:25:04.755	TEL,3947,S4,403247727,2001,44543,0,430,2935                    
2026-10-06T20:25:04.755	TEL,3948,S4,403257727,2001,44543,0,425,2928                    
2026-10-06T20:25:04.755	TEL,3949,S4,403267727,2001,44543,0,425,2928                    
2026-10-06T20:25:04.755	TEL,3950,S4,403277727,2001,44543,0,428,2932                    
2026-10-06T20:25:04.755	TEL,3951,S4,403287727,2001,44543,0,425,2932                    
2026-10-06T20:25:04.755	TEL,3952,S4,403297727,2001,44543,0,425,2932                    
2026-10-06T20:25:04.755	TEL,3953,S4,403307727,2001,44543,0,425,2932                    
2026-10-06T20:25:04.755	TEL,3954,S4,403317727,2001,44543,0,425,2932                    
2026-10-06T20:25:04.755	TEL,3955,S4,403327727,2001,44543,0,433,2932                    
2026-10-06T20:25:04.755	TEL,3956,S4,403337727,2001,44543,0,430,2928                    
2026-10-06T20:25:04.755	TEL,3957,S4,403347727,2001,44543,0,425,2928                    
2026-10-06T20:25:04.755	TEL,3958,S4,403357727,2001,44543,0,428,2932                    
2026-10-06T20:25:04.755	TEL,3959,S4,403367727,2001,44543,0,428,2932                    
2026-10-06T20:25:04.755	TEL,3960,S4,403377727,2001,44543,0,422,2925                    
2026-10-06T20:25:04.755	TEL,3961,S4,403387727,2001,44543,0,428,2925                    
2026-10-06T20:25:04.755	TEL,3962,S4,403397727,2001,44543,0,436,2932                    
2026-10-06T20:25:04.755	TEL,3963,S4,403407727,2001,44543,0,428,2932                    
2026-10-06T20:25:04.755	TEL,3964,S4,403417727,2001,44543,0,428,2932                    
2026-10-06T20:25:04.755	TEL,3965,S4,403427727,2001,44543,0,425,2932                    
2026-10-06T20:25:04.755	TEL,3966,S4,403437727,2001,44543,0,428,2933                    
2026-10-06T20:25:04.755	TEL,3967,S4,403447727,2001,44543,0,433,2933                    
2026-10-06T20:25:04.755	TEL,3968,S4,403457727,2001,44543,0,433,2935                    
2026-10-06T20:25:04.755	BTN,50,S4,PRESSED,403459159,403459166                          
2026-10-06T20:25:04.755	TEL,3969,S4,403467728,2003,44543,0,433,2935                    
2026-10-06T20:25:04.755	ACK,STOP,S4
2026-10-06T20:25:04.755	LOG,S4,1,369085892,369087753,369087762,369093352,369098903,ok
2026-10-06T20:25:04.755	LOG,S4,2,369785897,369787753,369787762,369793350,369798901,ok
2026-10-06T20:25:04.755	LOG,S4,3,370413902,370413910,370413919,370413940,370419495,ok
2026-10-06T20:25:04.755	LOG,S4,4,371161908,371161915,371161924,371163316,371168867,ok
2026-10-06T20:25:04.755	LOG,S4,5,371782913,371782921,371782930,371783320,371788872,ok
2026-10-06T20:25:04.755	LOG,S4,6,372532919,372532926,372532935,372533316,372538868,ok
2026-10-06T20:25:04.755	LOG,S4,7,373281924,373281932,373281941,373283321,373288872,ok
2026-10-06T20:25:04.755	LOG,S4,8,374165930,374167753,374167762,374173344,374178896,ok
2026-10-06T20:25:04.755	LOG,S4,9,374998935,374998942,374998952,375003316,375008868,ok
2026-10-06T20:25:04.755	LOG,S4,10,375735941,375737753,375737762,375743346,375748897,ok
2026-10-06T20:25:05.018	LOG,S4,11,376373946,376373953,376373963,376373984,376379536,ok
2026-10-06T20:25:05.018	LOG,S4,12,376921951,376921959,376921968,376923321,376928872,ok
2026-10-06T20:25:05.018	LOG,S4,13,377636957,377637753,377637762,377643348,377648899,ok
2026-10-06T20:25:05.018	LOG,S4,14,378199962,378199970,378199979,378203318,378208870,ok
2026-10-06T20:25:05.018	LOG,S4,15,378916968,378917753,378917762,378923345,378928896,ok
2026-10-06T20:25:05.018	LOG,S4,16,379533973,379533980,379533990,379534011,379539567,ok
2026-10-06T20:25:05.018	LOG,S4,17,380422978,380422986,380422995,380423319,380428871,ok
2026-10-06T20:25:05.018	LOG,S4,18,381200984,381200991,381201001,381203320,381208871,ok
2026-10-06T20:25:05.018	LOG,S4,19,381710989,381710997,381711006,381713318,381718870,ok
2026-10-06T20:25:05.018	LOG,S4,20,382279995,382280002,382280012,382283316,382288868,ok
2026-10-06T20:25:05.018	LOG,S4,21,383058000,383058008,383058017,383063316,383068868,ok
2026-10-06T20:25:05.018	LOG,S4,22,383641006,383641013,383641022,383643316,383648867,ok
2026-10-06T20:25:05.018	LOG,S4,23,384454011,384454019,384454028,384454049,384459599,ok
2026-10-06T20:25:05.018	LOG,S4,24,385262017,385262024,385262033,385263324,385268875,ok
2026-10-06T20:25:05.018	LOG,S4,25,386002022,386002030,386002039,386003318,386008870,ok
2026-10-06T20:25:05.018	LOG,S4,26,386601028,386601035,386601044,386603320,386608872,ok
2026-10-06T20:25:05.018	LOG,S4,27,387110033,387110041,387110050,387113319,387118870,ok
2026-10-06T20:25:05.018	LOG,S4,28,387830039,387830046,387830055,387833320,387838871,ok
2026-10-06T20:25:05.018	LOG,S4,29,388340044,388340051,388340061,388343318,388348870,ok
2026-10-06T20:25:05.018	LOG,S4,30,389131050,389131057,389131066,389133320,389138871,ok
2026-10-06T20:25:05.018	LOG,S4,31,389771055,389771062,389771072,389773318,389778870,ok
2026-10-06T20:25:05.018	LOG,S4,32,390645061,390645068,390645077,390645098,390650650,ok
2026-10-06T20:25:05.018	LOG,S4,33,391359066,391359073,391359083,391363322,391368874,ok
2026-10-06T20:25:05.018	LOG,S4,34,392084072,392084079,392084088,392084109,392089663,ok
2026-10-06T20:25:05.018	LOG,S4,35,392923077,392923084,392923094,392923322,392928874,ok
2026-10-06T20:25:05.018	LOG,S4,36,393477083,393477753,393477762,393483345,393488896,ok
2026-10-06T20:25:05.018	LOG,S4,37,394167088,394167753,394167762,394173350,394178902,ok
2026-10-06T20:25:05.018	LOG,S4,38,394994093,394994100,394994110,394994131,394999687,ok
2026-10-06T20:25:05.018	LOG,S4,39,395634099,395634106,395634115,395634136,395639686,ok
2026-10-06T20:25:05.018	LOG,S4,40,396466104,396467753,396467762,396473345,396478896,ok
2026-10-06T20:25:05.018	LOG,S4,41,397270109,397270117,397270126,397273322,397278873,ok
2026-10-06T20:25:05.018	LOG,S4,42,398128115,398128122,398128131,398133324,398138875,ok
2026-10-06T20:25:05.018	LOG,S4,43,398970120,398970128,398970137,398973323,398978874,ok
2026-10-06T20:25:05.018	LOG,S4,44,399533126,399533134,399533144,399533319,399538871,ok
2026-10-06T20:25:05.018	LOG,S4,45,400038131,400038139,400038148,400043318,400048870,ok
2026-10-06T20:25:05.018	LOG,S4,46,400661137,400661144,400661153,400663323,400668874,ok
2026-10-06T20:25:05.018	LOG,S4,47,401423142,401423149,401423159,401423320,401428872,ok
2026-10-06T20:25:05.018	LOG,S4,48,402264148,402264155,402264164,402264185,402269738,ok
2026-10-06T20:25:05.018	LOG,S4,49,402948153,402948160,402948170,402953316,402958868,ok
2026-10-06T20:25:05.018	LOG,S4,50,403459159,403459166,403459175,403463326,403468884,ok
2026-10-06T20:25:05.018	CNT,accepted,50
2026-10-06T20:25:05.018	CNT,logged,50
2026-10-06T20:25:05.018	CNT,bounce_rejected,0
2026-10-06T20:25:05.018	CNT,ignored,0
2026-10-06T20:25:05.018	CNT,btn_q_drop,0
2026-10-06T20:25:05.018	CNT,btn_tx_drop,0
2026-10-06T20:25:05.018	CNT,tel_sent,3969
2026-10-06T20:25:05.018	CNT,tel_tx_drop,0
2026-10-06T20:25:05.018	CNT,tx_error,0
2026-10-06T20:25:05.018	CNT,tx_timeout,0
2026-10-06T20:25:05.018	CNT,log_overflow,0
2026-10-06T20:25:05.018	CNT,fmt_error,0
2026-10-06T20:25:05.018	CNT,tel_period_min_us,9855
2026-10-06T20:25:05.018	CNT,tel_period_max_us,10000
2026-10-06T20:25:05.018	CNT,work_min_us,2001
2026-10-06T20:25:05.018	CNT,work_max_us,2007
2026-10-06T20:25:05.018	CNT,hwm_telemetry_w,187
2026-10-06T20:25:05.018	CNT,hwm_uarttx_w,265
2026-10-06T20:25:05.018	CNT,heap_free_min_b,17512
2026-10-06T20:25:05.018	INF,variant,A
2026-10-06T20:25:05.018	INF,source,INJ
2026-10-06T20:25:05.018	INF,events,50
2026-10-06T20:25:05.018	END,DUMP,S4
