# pc_rx_time yaln?zca bilgi ama?l?d?r; gecikme hesab?nda KULLANILMAZ.
2026-10-06T20:25:06.119	ACK,START,S5,A,INJ,50
2026-10-06T20:25:06.736	TEL,1,S5,404892873,5003,21844,0,433,2933                       
2026-10-06T20:25:06.737	TEL,2,S5,404902733,5008,21844,0,428,2933                       
2026-10-06T20:25:06.737	TEL,3,S5,404912732,5008,21844,0,428,2935                       
2026-10-06T20:25:06.737	TEL,4,S5,404922732,5008,21844,0,433,2935                       
2026-10-06T20:25:06.737	TEL,5,S5,404932732,5008,21844,0,436,2937                       
2026-10-06T20:25:06.737	TEL,6,S5,404942732,5008,21844,0,433,2937                       
2026-10-06T20:25:06.737	TEL,7,S5,404952732,5008,21844,0,430,2933                       
2026-10-06T20:25:06.737	TEL,8,S5,404962732,5008,21844,0,428,2933                       
2026-10-06T20:25:06.737	TEL,9,S5,404972732,5008,21844,0,433,2941                       
2026-10-06T20:25:06.737	TEL,10,S5,404982733,5008,21844,0,433,2941                      
2026-10-06T20:25:06.737	TEL,11,S5,404992733,5008,21844,0,428,2935                      
2026-10-06T20:25:06.737	TEL,12,S5,405002733,5008,21844,0,428,2935                      
2026-10-06T20:25:06.737	TEL,13,S5,405012733,5008,21844,0,425,2932                      
2026-10-06T20:25:06.737	TEL,14,S5,405022733,5008,21844,0,436,2932                      
2026-10-06T20:25:06.737	TEL,15,S5,405032733,5008,21844,0,436,2932                      
2026-10-06T20:25:06.737	TEL,16,S5,405042733,5008,21844,0,430,2932                      
2026-10-06T20:25:06.737	TEL,17,S5,405052733,5008,21844,0,430,2932                      
2026-10-06T20:25:06.737	TEL,18,S5,405062733,5008,21844,0,436,2932                      
2026-10-06T20:25:06.737	TEL,19,S5,405072733,5008,21844,0,436,2932                      
2026-10-06T20:25:06.737	TEL,20,S5,405082733,5008,21844,0,428,2932                      
2026-10-06T20:25:06.737	TEL,21,S5,405092733,5008,21844,0,430,2935                      
2026-10-06T20:25:06.737	TEL,22,S5,405102733,5008,21844,0,430,2935                      
2026-10-06T20:25:06.737	TEL,23,S5,405112733,5008,21844,0,430,2933                      
2026-10-06T20:25:06.737	TEL,24,S5,405122733,5008,21844,0,425,2933                      
2026-10-06T20:25:06.737	TEL,25,S5,405132733,5008,21844,0,422,2932                      
2026-10-06T20:25:06.737	TEL,26,S5,405142733,5008,21844,0,425,2932                      
2026-10-06T20:25:06.737	TEL,27,S5,405152733,5008,21844,0,422,2928                      
2026-10-06T20:25:06.737	TEL,28,S5,405162733,5008,21844,0,422,2928                      
2026-10-06T20:25:06.737	TEL,29,S5,405172733,5008,21844,0,422,2928                      
2026-10-06T20:25:06.737	TEL,30,S5,405182733,5008,21844,0,433,2928                      
2026-10-06T20:25:06.737	TEL,31,S5,405192733,5008,21844,0,436,2932                      
2026-10-06T20:25:06.737	TEL,32,S5,405202733,5008,21844,0,436,2932                      
2026-10-06T20:25:06.737	TEL,33,S5,405212733,5008,21844,0,433,2928                      
2026-10-06T20:25:06.737	TEL,34,S5,405222733,5008,21844,0,419,2928                      
2026-10-06T20:25:06.737	TEL,35,S5,405232733,5008,21844,0,422,2932                      
2026-10-06T20:25:06.737	TEL,36,S5,405242733,5008,21844,0,436,2932                      
2026-10-06T20:25:06.737	TEL,37,S5,405252733,5008,21844,0,436,2932                      
2026-10-06T20:25:06.737	TEL,38,S5,405262733,5008,21844,0,419,2932                      
2026-10-06T20:25:06.737	TEL,39,S5,405272733,5008,21844,0,422,2935                      
2026-10-06T20:25:06.737	TEL,40,S5,405282733,5008,21844,0,428,2935                      
2026-10-06T20:25:06.737	TEL,41,S5,405292733,5008,21844,0,425,2932                      
2026-10-06T20:25:06.737	TEL,42,S5,405302733,5008,21844,0,436,2932                      
2026-10-06T20:25:06.737	TEL,43,S5,405312733,5008,21844,0,436,2932                      
2026-10-06T20:25:06.737	TEL,44,S5,405322733,5008,21844,0,425,2932                      
2026-10-06T20:25:06.737	TEL,45,S5,405332733,5008,21844,0,422,2928                      
2026-10-06T20:25:06.737	TEL,46,S5,405342733,5008,21844,0,416,2928                      
2026-10-06T20:25:06.737	TEL,47,S5,405352733,5008,21844,0,416,2928                      
2026-10-06T20:25:06.737	TEL,48,S5,405362733,5008,21844,0,433,2928                      
2026-10-06T20:25:06.737	TEL,49,S5,405372733,5008,21844,0,433,2928                      
2026-10-06T20:25:06.737	TEL,50,S5,405382733,5008,21844,0,422,2928                      
2026-10-06T20:25:06.737	TEL,51,S5,405392733,5008,21844,0,428,2935                      
2026-10-06T20:25:06.737	TEL,52,S5,405402733,5008,21844,0,428,2935                      
2026-10-06T20:25:06.737	TEL,53,S5,405412733,5008,21844,0,428,2935                      
2026-10-06T20:25:06.737	TEL,54,S5,405422733,5008,21844,0,428,2935                      
2026-10-06T20:25:06.737	TEL,55,S5,405432733,5008,21844,0,422,2932                      
2026-10-06T20:25:06.737	TEL,56,S5,405442733,5008,21844,0,425,2932                      
2026-10-06T20:25:06.737	TEL,57,S5,405452733,5008,21844,0,422,2928                      
2026-10-06T20:25:06.737	TEL,58,S5,405462733,5008,21844,0,428,2928                      
2026-10-06T20:25:06.737	TEL,59,S5,405472733,5008,21844,0,433,2935                      
2026-10-06T20:25:06.737	TEL,60,S5,405482733,5008,21844,0,439,2935                      
2026-10-06T20:25:06.737	TEL,61,S5,405492733,5008,21844,0,436,2932                      
2026-10-06T20:25:06.737	TEL,62,S5,405502733,5008,21844,0,419,2932                      
2026-10-06T20:25:07.356	TEL,63,S5,405512733,5008,21844,0,419,2932                      
2026-10-06T20:25:07.356	TEL,64,S5,405522733,5008,21844,0,422,2932                      
2026-10-06T20:25:07.356	TEL,65,S5,405532733,5008,21844,0,425,2933                      
2026-10-06T20:25:07.356	TEL,66,S5,405542733,5008,21844,0,436,2933                      
2026-10-06T20:25:07.356	TEL,67,S5,405552733,5008,21844,0,433,2928                      
2026-10-06T20:25:07.356	TEL,68,S5,405562733,5008,21844,0,422,2928                      
2026-10-06T20:25:07.356	TEL,69,S5,405572733,5008,21844,0,433,2939                      
2026-10-06T20:25:07.356	TEL,70,S5,405582733,5008,21844,0,433,2939                      
2026-10-06T20:25:07.356	TEL,71,S5,405592733,5008,21844,0,430,2935                      
2026-10-06T20:25:07.357	TEL,72,S5,405602733,5008,21844,0,430,2935                      
2026-10-06T20:25:07.357	TEL,73,S5,405612733,5008,21844,0,428,2932                      
2026-10-06T20:25:07.357	TEL,74,S5,405622733,5008,21844,0,430,2932                      
2026-10-06T20:25:07.357	TEL,75,S5,405632733,5008,21844,0,433,2935                      
2026-10-06T20:25:07.357	TEL,76,S5,405642733,5008,21844,0,425,2935                      
2026-10-06T20:25:07.357	TEL,77,S5,405652733,5008,21844,0,413,2925                      
2026-10-06T20:25:07.357	TEL,78,S5,405662733,5008,21844,0,419,2925                      
2026-10-06T20:25:07.357	TEL,79,S5,405672733,5008,21844,0,425,2932                      
2026-10-06T20:25:07.357	TEL,80,S5,405682733,5008,21844,0,419,2932                      
2026-10-06T20:25:07.357	TEL,81,S5,405692733,5008,21844,0,416,2928                      
2026-10-06T20:25:07.357	TEL,82,S5,405702733,5008,21844,0,422,2928                      
2026-10-06T20:25:07.357	TEL,83,S5,405712733,5008,21844,0,425,2932                      
2026-10-06T20:25:07.357	TEL,84,S5,405722733,5008,21844,0,419,2932                      
2026-10-06T20:25:07.357	TEL,85,S5,405732733,5008,21844,0,425,2935                      
2026-10-06T20:25:07.357	TEL,86,S5,405742733,5008,21844,0,433,2935                      
2026-10-06T20:25:07.357	TEL,87,S5,405752733,5008,21844,0,430,2932                      
2026-10-06T20:25:07.357	TEL,88,S5,405762733,5008,21844,0,425,2932                      
2026-10-06T20:25:07.357	TEL,89,S5,405772733,5008,21844,0,428,2935                      
2026-10-06T20:25:07.357	TEL,90,S5,405782733,5008,21844,0,425,2935                      
2026-10-06T20:25:07.357	TEL,91,S5,405792733,5008,21844,0,419,2932                      
2026-10-06T20:25:07.357	TEL,92,S5,405802733,5008,21844,0,425,2932                      
2026-10-06T20:25:07.357	TEL,93,S5,405812733,5008,21844,0,422,2928                      
2026-10-06T20:25:07.357	TEL,94,S5,405822733,5008,21844,0,419,2928                      
2026-10-06T20:25:07.357	TEL,95,S5,405832733,5008,21844,0,422,2932                      
2026-10-06T20:25:07.357	TEL,96,S5,405842733,5008,21844,0,419,2932                      
2026-10-06T20:25:07.357	TEL,97,S5,405852733,5008,21844,0,425,2935                      
2026-10-06T20:25:07.357	TEL,98,S5,405862733,5008,21844,0,425,2935                      
2026-10-06T20:25:07.357	TEL,99,S5,405872733,5008,21844,0,419,2932                      
2026-10-06T20:25:07.357	TEL,100,S5,405882733,5008,21844,0,419,2932                     
2026-10-06T20:25:07.357	TEL,101,S5,405892733,5008,21844,0,422,2933                     
2026-10-06T20:25:07.357	TEL,102,S5,405902733,5008,21844,0,422,2933                     
2026-10-06T20:25:07.357	TEL,103,S5,405912733,5008,21844,0,422,2933                     
2026-10-06T20:25:07.357	TEL,104,S5,405922733,5008,21844,0,430,2933                     
2026-10-06T20:25:07.357	TEL,105,S5,405932733,5008,21844,0,430,2933                     
2026-10-06T20:25:07.357	TEL,106,S5,405942733,5008,21844,0,428,2933                     
2026-10-06T20:25:07.357	TEL,107,S5,405952733,5008,21844,0,428,2933                     
2026-10-06T20:25:07.357	TEL,108,S5,405962733,5008,21844,0,428,2933                     
2026-10-06T20:25:07.357	TEL,109,S5,405972733,5008,21844,0,430,2937                     
2026-10-06T20:25:07.357	TEL,110,S5,405982733,5008,21844,0,430,2937                     
2026-10-06T20:25:07.357	TEL,111,S5,405992733,5008,21844,0,430,2937                     
2026-10-06T20:25:07.357	TEL,112,S5,406002733,5008,21844,0,433,2937                     
2026-10-06T20:25:07.357	TEL,113,S5,406012733,5008,21844,0,433,2937                     
2026-10-06T20:25:07.357	TEL,114,S5,406022733,5008,21844,0,422,2937                     
2026-10-06T20:25:07.357	TEL,115,S5,406032733,5008,21844,0,422,2937                     
2026-10-06T20:25:07.357	TEL,116,S5,406042733,5008,21844,0,422,2937                     
2026-10-06T20:25:07.357	TEL,117,S5,406052733,5008,21844,0,419,2933                     
2026-10-06T20:25:07.357	TEL,118,S5,406062733,5008,21844,0,428,2933                     
2026-10-06T20:25:07.357	TEL,119,S5,406072733,5008,21844,0,428,2933                     
2026-10-06T20:25:07.357	TEL,120,S5,406082733,5008,21844,0,430,2933                     
2026-10-06T20:25:07.357	TEL,121,S5,406092733,5008,21844,0,433,2937                     
2026-10-06T20:25:07.357	TEL,122,S5,406102733,5008,21844,0,422,2937                     
2026-10-06T20:25:07.357	TEL,123,S5,406112733,5008,21844,0,416,2930                     
2026-10-06T20:25:07.357	TEL,124,S5,406122733,5008,21844,0,425,2930                     
2026-10-06T20:25:07.975	TEL,125,S5,406132733,5008,21844,0,430,2937                     
2026-10-06T20:25:07.975	TEL,126,S5,406142733,5008,21844,0,433,2937                     
2026-10-06T20:25:07.975	TEL,127,S5,406152733,5008,21844,0,433,2937                     
2026-10-06T20:25:07.975	TEL,128,S5,406162733,5008,21844,0,430,2937                     
2026-10-06T20:25:07.975	TEL,129,S5,406172733,5008,21844,0,428,2933                     
2026-10-06T20:25:07.975	TEL,130,S5,406182733,5008,21844,0,419,2933                     
2026-10-06T20:25:07.975	TEL,131,S5,406192733,5008,21844,0,419,2933                     
2026-10-06T20:25:07.975	TEL,132,S5,406202733,5008,21844,0,428,2933                     
2026-10-06T20:25:07.975	TEL,133,S5,406212733,5008,21844,0,428,2933                     
2026-10-06T20:25:07.975	TEL,134,S5,406222733,5008,21844,0,428,2933                     
2026-10-06T20:25:07.975	TEL,135,S5,406232733,5008,21844,0,428,2933                     
2026-10-06T20:25:07.975	TEL,136,S5,406242733,5008,21844,0,428,2933                     
2026-10-06T20:25:07.975	TEL,137,S5,406252733,5008,21844,0,433,2941                     
2026-10-06T20:25:07.975	TEL,138,S5,406262733,5008,21844,0,442,2941                     
2026-10-06T20:25:07.975	TEL,139,S5,406272733,5008,21844,0,433,2933                     
2026-10-06T20:25:07.975	TEL,140,S5,406282733,5008,21844,0,430,2933                     
2026-10-06T20:25:07.975	TEL,141,S5,406292733,5008,21844,0,430,2933                     
2026-10-06T20:25:07.975	TEL,142,S5,406302733,5008,21844,0,430,2933                     
2026-10-06T20:25:07.975	TEL,143,S5,406312733,5008,21844,0,433,2937                     
2026-10-06T20:25:07.975	TEL,144,S5,406322733,5008,21844,0,430,2937                     
2026-10-06T20:25:07.975	TEL,145,S5,406332733,5008,21844,0,428,2933                     
2026-10-06T20:25:07.975	TEL,146,S5,406342733,5008,21844,0,413,2933                     
2026-10-06T20:25:07.975	TEL,147,S5,406352733,5008,21844,0,422,2941                     
2026-10-06T20:25:07.975	TEL,148,S5,406362733,5008,21844,0,433,2941                     
2026-10-06T20:25:07.975	TEL,149,S5,406372733,5008,21844,0,430,2937                     
2026-10-06T20:25:07.975	TEL,150,S5,406382733,5008,21844,0,433,2937                     
2026-10-06T20:25:07.975	TEL,151,S5,406392733,5008,21844,0,430,2933                     
2026-10-06T20:25:07.975	TEL,152,S5,406402733,5008,21844,0,422,2933                     
2026-10-06T20:25:07.975	TEL,153,S5,406412733,5008,21844,0,422,2933                     
2026-10-06T20:25:07.975	TEL,154,S5,406422733,5008,21844,0,413,2933                     
2026-10-06T20:25:07.975	TEL,155,S5,406432733,5008,21844,0,413,2933                     
2026-10-06T20:25:07.975	TEL,156,S5,406442733,5008,21844,0,428,2933                     
2026-10-06T20:25:07.975	TEL,157,S5,406452733,5008,21844,0,428,2933                     
2026-10-06T20:25:07.975	TEL,158,S5,406462733,5008,21844,0,413,2933                     
2026-10-06T20:25:07.975	TEL,159,S5,406472733,5008,21844,0,419,2937                     
2026-10-06T20:25:07.975	TEL,160,S5,406482733,5008,21844,0,422,2937                     
2026-10-06T20:25:07.975	TEL,161,S5,406492733,5008,21844,0,422,2937                     
2026-10-06T20:25:07.975	TEL,162,S5,406502733,5008,21844,0,428,2937                     
2026-10-06T20:25:07.975	TEL,163,S5,406512733,5008,21844,0,425,2933                     
2026-10-06T20:25:07.975	TEL,164,S5,406522733,5008,21844,0,433,2933                     
2026-10-06T20:25:07.975	TEL,165,S5,406532733,5008,21844,0,433,2933                     
2026-10-06T20:25:07.975	TEL,166,S5,406542733,5008,21844,0,439,2933                     
2026-10-06T20:25:07.975	TEL,167,S5,406552733,5008,21844,0,439,2933                     
2026-10-06T20:25:07.975	TEL,168,S5,406562733,5008,21844,0,428,2933                     
2026-10-06T20:25:07.975	TEL,169,S5,406572733,5008,21844,0,422,2927                     
2026-10-06T20:25:07.975	TEL,170,S5,406582733,5008,21844,0,428,2927                     
2026-10-06T20:25:07.975	TEL,171,S5,406592733,5008,21844,0,433,2933                     
2026-10-06T20:25:07.975	TEL,172,S5,406602733,5008,21844,0,428,2933                     
2026-10-06T20:25:07.975	TEL,173,S5,406612733,5008,21844,0,425,2930                     
2026-10-06T20:25:07.975	TEL,174,S5,406622733,5008,21844,0,425,2930                     
2026-10-06T20:25:07.975	TEL,175,S5,406632733,5008,21844,0,425,2930                     
2026-10-06T20:25:07.975	TEL,176,S5,406642733,5008,21844,0,428,2930                     
2026-10-06T20:25:07.975	TEL,177,S5,406652733,5008,21844,0,430,2933                     
2026-10-06T20:25:07.975	TEL,178,S5,406662733,5008,21844,0,422,2933                     
2026-10-06T20:25:07.975	TEL,179,S5,406672733,5008,21844,0,425,2937                     
2026-10-06T20:25:07.975	TEL,180,S5,406682733,5008,21844,0,419,2937                     
2026-10-06T20:25:07.975	TEL,181,S5,406692733,5008,21844,0,419,2937                     
2026-10-06T20:25:07.975	TEL,182,S5,406702733,5008,21844,0,433,2937                     
2026-10-06T20:25:07.975	TEL,183,S5,406712733,5008,21844,0,433,2937                     
2026-10-06T20:25:07.975	TEL,184,S5,406722733,5008,21844,0,430,2937                     
2026-10-06T20:25:07.975	TEL,185,S5,406732733,5008,21844,0,430,2937                     
2026-10-06T20:25:07.975	TEL,186,S5,406742733,5008,21844,0,419,2937                     
2026-10-06T20:25:08.593	TEL,187,S5,406752733,5008,21844,0,413,2933                     
2026-10-06T20:25:08.593	TEL,188,S5,406762733,5008,21844,0,433,2933                     
2026-10-06T20:25:08.593	TEL,189,S5,406772733,5008,21844,0,433,2933                     
2026-10-06T20:25:08.593	TEL,190,S5,406782733,5008,21844,0,430,2933                     
2026-10-06T20:25:08.593	TEL,191,S5,406792733,5008,21844,0,428,2932                     
2026-10-06T20:25:08.593	TEL,192,S5,406802733,5008,21844,0,422,2932                     
2026-10-06T20:25:08.593	TEL,193,S5,406812733,5008,21844,0,425,2933                     
2026-10-06T20:25:08.593	TEL,194,S5,406822733,5008,21844,0,428,2933                     
2026-10-06T20:25:08.593	TEL,195,S5,406832733,5008,21844,0,428,2933                     
2026-10-06T20:25:08.593	TEL,196,S5,406842733,5008,21844,0,433,2933                     
2026-10-06T20:25:08.593	TEL,197,S5,406852733,5008,21844,0,430,2930                     
2026-10-06T20:25:08.593	TEL,198,S5,406862733,5008,21844,0,425,2930                     
2026-10-06T20:25:08.593	TEL,199,S5,406872733,5008,21844,0,428,2933                     
2026-10-06T20:25:08.593	TEL,200,S5,406882733,5008,21844,0,428,2933                     
2026-10-06T20:25:08.593	TEL,201,S5,406892733,5008,21844,0,428,2933                     
2026-10-06T20:25:08.593	TEL,202,S5,406902733,5008,21844,0,428,2933                     
2026-10-06T20:25:08.593	TEL,203,S5,406912733,5008,21844,0,428,2933                     
2026-10-06T20:25:08.593	TEL,204,S5,406922733,5008,21844,0,425,2933                     
2026-10-06T20:25:08.593	TEL,205,S5,406932733,5008,21844,0,428,2937                     
2026-10-06T20:25:08.593	TEL,206,S5,406942733,5008,21844,0,433,2937                     
2026-10-06T20:25:08.593	TEL,207,S5,406952733,5008,21844,0,433,2937                     
2026-10-06T20:25:08.593	TEL,208,S5,406962733,5008,21844,0,430,2937                     
2026-10-06T20:25:08.593	TEL,209,S5,406972733,5008,21844,0,428,2933                     
2026-10-06T20:25:08.593	TEL,210,S5,406982733,5008,21844,0,428,2933                     
2026-10-06T20:25:08.593	TEL,211,S5,406992733,5008,21844,0,428,2933                     
2026-10-06T20:25:08.593	TEL,212,S5,407002733,5008,21844,0,430,2933                     
2026-10-06T20:25:08.593	TEL,213,S5,407012733,5008,21844,0,433,2937                     
2026-10-06T20:25:08.593	TEL,214,S5,407022733,5008,21844,0,430,2937                     
2026-10-06T20:25:08.593	TEL,215,S5,407032733,5008,21844,0,428,2933                     
2026-10-06T20:25:08.593	TEL,216,S5,407042733,5008,21844,0,428,2933                     
2026-10-06T20:25:08.593	TEL,217,S5,407052733,5008,21844,0,428,2933                     
2026-10-06T20:25:08.593	TEL,218,S5,407062733,5008,21844,0,428,2933                     
2026-10-06T20:25:08.593	TEL,219,S5,407072733,5008,21844,0,425,2932                     
2026-10-06T20:25:08.593	TEL,220,S5,407082733,5008,21844,0,428,2932                     
2026-10-06T20:25:08.593	TEL,221,S5,407092733,5008,21844,0,428,2930                     
2026-10-06T20:25:08.597	TEL,222,S5,407102733,5008,21844,0,425,2930                     
2026-10-06T20:25:08.597	TEL,223,S5,407112733,5008,21844,0,430,2937                     
2026-10-06T20:25:08.597	TEL,224,S5,407122733,5008,21844,0,428,2937                     
2026-10-06T20:25:08.597	TEL,225,S5,407132733,5008,21844,0,428,2937                     
2026-10-06T20:25:08.597	TEL,226,S5,407142733,5008,21844,0,428,2937                     
2026-10-06T20:25:08.597	TEL,227,S5,407152733,5008,21844,0,425,2933                     
2026-10-06T20:25:08.597	TEL,228,S5,407162733,5008,21844,0,430,2933                     
2026-10-06T20:25:08.597	TEL,229,S5,407172733,5008,21844,0,430,2933                     
2026-10-06T20:25:08.597	TEL,230,S5,407182733,5008,21844,0,419,2933                     
2026-10-06T20:25:08.597	TEL,231,S5,407192733,5008,21844,0,425,2941                     
2026-10-06T20:25:08.597	TEL,232,S5,407202733,5008,21844,0,439,2941                     
2026-10-06T20:25:08.597	TEL,233,S5,407212733,5008,21844,0,433,2933                     
2026-10-06T20:25:08.597	TEL,234,S5,407222733,5008,21844,0,428,2933                     
2026-10-06T20:25:08.597	TEL,235,S5,407232733,5008,21844,0,428,2933                     
2026-10-06T20:25:08.597	TEL,236,S5,407242733,5008,21844,0,419,2933                     
2026-10-06T20:25:08.597	TEL,237,S5,407252733,5008,21844,0,419,2933                     
2026-10-06T20:25:08.597	TEL,238,S5,407262733,5008,21844,0,430,2933                     
2026-10-06T20:25:08.597	TEL,239,S5,407272733,5008,21844,0,433,2937                     
2026-10-06T20:25:08.597	TEL,240,S5,407282733,5008,21844,0,430,2937                     
2026-10-06T20:25:08.597	TEL,241,S5,407292733,5008,21844,0,430,2937                     
2026-10-06T20:25:08.597	TEL,242,S5,407302733,5008,21844,0,433,2937                     
2026-10-06T20:25:08.597	TEL,243,S5,407312733,5008,21844,0,430,2933                     
2026-10-06T20:25:08.597	TEL,244,S5,407322733,5008,21844,0,433,2933                     
2026-10-06T20:25:08.597	TEL,245,S5,407332733,5008,21844,0,430,2930                     
2026-10-06T20:25:08.597	TEL,246,S5,407342733,5008,21844,0,416,2930                     
2026-10-06T20:25:08.597	TEL,247,S5,407352733,5008,21844,0,416,2930                     
2026-10-06T20:25:08.597	TEL,248,S5,407362733,5008,21844,0,422,2930                     
2026-10-06T20:25:09.216	TEL,249,S5,407372733,5008,21844,0,425,2933                     
2026-10-06T20:25:09.216	TEL,250,S5,407382733,5008,21844,0,419,2933                     
2026-10-06T20:25:09.216	TEL,251,S5,407392733,5008,21844,0,422,2937                     
2026-10-06T20:25:09.216	TEL,252,S5,407402733,5008,21844,0,433,2937                     
2026-10-06T20:25:09.216	TEL,253,S5,407412733,5008,21844,0,430,2933                     
2026-10-06T20:25:09.216	TEL,254,S5,407422733,5008,21844,0,428,2933                     
2026-10-06T20:25:09.216	TEL,255,S5,407432733,5008,21844,0,428,2933                     
2026-10-06T20:25:09.216	TEL,256,S5,407442733,5008,21844,0,428,2933                     
2026-10-06T20:25:09.216	TEL,257,S5,407452733,5008,21844,0,428,2933                     
2026-10-06T20:25:09.216	TEL,258,S5,407462733,5008,21844,0,422,2933                     
2026-10-06T20:25:09.216	TEL,259,S5,407472733,5008,21844,0,425,2937                     
2026-10-06T20:25:09.216	TEL,260,S5,407482733,5008,21844,0,430,2937                     
2026-10-06T20:25:09.216	TEL,261,S5,407492733,5008,21844,0,430,2937                     
2026-10-06T20:25:09.216	TEL,262,S5,407502733,5008,21844,0,430,2937                     
2026-10-06T20:25:09.216	TEL,263,S5,407512733,5008,21844,0,430,2937                     
2026-10-06T20:25:09.216	TEL,264,S5,407522733,5008,21844,0,430,2937                     
2026-10-06T20:25:09.216	TEL,265,S5,407532733,5008,21844,0,428,2933                     
2026-10-06T20:25:09.216	TEL,266,S5,407542733,5008,21844,0,425,2933                     
2026-10-06T20:25:09.216	TEL,267,S5,407552733,5008,21844,0,425,2933                     
2026-10-06T20:25:09.216	TEL,268,S5,407562733,5008,21844,0,425,2933                     
2026-10-06T20:25:09.216	TEL,269,S5,407572733,5008,21844,0,425,2933                     
2026-10-06T20:25:09.216	TEL,270,S5,407582733,5008,21844,0,422,2933                     
2026-10-06T20:25:09.216	TEL,271,S5,407592733,5008,21844,0,422,2933                     
2026-10-06T20:25:09.216	TEL,272,S5,407602733,5008,21844,0,425,2933                     
2026-10-06T20:25:09.216	TEL,273,S5,407612733,5008,21844,0,419,2927                     
2026-10-06T20:25:09.216	TEL,274,S5,407622733,5008,21844,0,419,2927                     
2026-10-06T20:25:09.216	TEL,275,S5,407632733,5008,21844,0,428,2937                     
2026-10-06T20:25:09.216	TEL,276,S5,407642733,5008,21844,0,428,2937                     
2026-10-06T20:25:09.216	TEL,277,S5,407652733,5008,21844,0,428,2935                     
2026-10-06T20:25:09.216	TEL,278,S5,407662733,5008,21844,0,436,2935                     
2026-10-06T20:25:09.216	TEL,279,S5,407672733,5008,21844,0,433,2933                     
2026-10-06T20:25:09.216	TEL,280,S5,407682733,5008,21844,0,419,2933                     
2026-10-06T20:25:09.216	TEL,281,S5,407692733,5008,21844,0,419,2933                     
2026-10-06T20:25:09.216	TEL,282,S5,407702733,5008,21844,0,428,2933                     
2026-10-06T20:25:09.216	TEL,283,S5,407712733,5008,21844,0,433,2941                     
2026-10-06T20:25:09.216	TEL,284,S5,407722733,5008,21844,0,436,2941                     
2026-10-06T20:25:09.216	TEL,285,S5,407732733,5008,21844,0,428,2930                     
2026-10-06T20:25:09.216	TEL,286,S5,407742733,5008,21844,0,428,2930                     
2026-10-06T20:25:09.216	TEL,287,S5,407752733,5008,21844,0,422,2927                     
2026-10-06T20:25:09.216	TEL,288,S5,407762733,5008,21844,0,422,2927                     
2026-10-06T20:25:09.216	TEL,289,S5,407772733,5008,21844,0,430,2937                     
2026-10-06T20:25:09.216	TEL,290,S5,407782733,5008,21844,0,430,2937                     
2026-10-06T20:25:09.216	TEL,291,S5,407792733,5008,21844,0,428,2933                     
2026-10-06T20:25:09.216	TEL,292,S5,407802733,5008,21844,0,428,2933                     
2026-10-06T20:25:09.216	TEL,293,S5,407812733,5008,21844,0,428,2933                     
2026-10-06T20:25:09.216	TEL,294,S5,407822733,5008,21844,0,419,2933                     
2026-10-06T20:25:09.216	TEL,295,S5,407832733,5008,21844,0,419,2933                     
2026-10-06T20:25:09.216	TEL,296,S5,407842733,5008,21844,0,428,2933                     
2026-10-06T20:25:09.216	TEL,297,S5,407852733,5008,21844,0,430,2937                     
2026-10-06T20:25:09.216	TEL,298,S5,407862733,5008,21844,0,433,2937                     
2026-10-06T20:25:09.216	TEL,299,S5,407872733,5008,21844,0,430,2935                     
2026-10-06T20:25:09.216	TEL,300,S5,407882733,5008,21844,0,430,2935                     
2026-10-06T20:25:09.216	TEL,301,S5,407892733,5008,21844,0,433,2937                     
2026-10-06T20:25:09.216	TEL,302,S5,407902733,5008,21844,0,439,2937                     
2026-10-06T20:25:09.216	TEL,303,S5,407912733,5008,21844,0,433,2932                     
2026-10-06T20:25:09.216	TEL,304,S5,407922733,5008,21844,0,413,2932                     
2026-10-06T20:25:09.216	TEL,305,S5,407932733,5008,21844,0,407,2927                     
2026-10-06T20:25:09.216	TEL,306,S5,407942733,5008,21844,0,425,2927                     
2026-10-06T20:25:09.216	TEL,307,S5,407952733,5008,21844,0,430,2932                     
2026-10-06T20:25:09.216	TEL,308,S5,407962733,5008,21844,0,425,2932                     
2026-10-06T20:25:09.216	TEL,309,S5,407972733,5008,21844,0,430,2937                     
2026-10-06T20:25:09.216	TEL,310,S5,407982733,5008,21844,0,430,2937                     
2026-10-06T20:25:09.836	TEL,311,S5,407992733,5008,21844,0,425,2930                     
2026-10-06T20:25:09.836	TEL,312,S5,408002733,5008,21844,0,419,2930                     
2026-10-06T20:25:09.836	TEL,313,S5,408012733,5008,21844,0,422,2933                     
2026-10-06T20:25:09.836	TEL,314,S5,408022733,5008,21844,0,419,2933                     
2026-10-06T20:25:09.836	TEL,315,S5,408032733,5008,21844,0,422,2937                     
2026-10-06T20:25:09.836	TEL,316,S5,408042733,5008,21844,0,425,2937                     
2026-10-06T20:25:09.836	TEL,317,S5,408052733,5008,21844,0,419,2930                     
2026-10-06T20:25:09.836	TEL,318,S5,408062733,5008,21844,0,422,2930                     
2026-10-06T20:25:09.836	TEL,319,S5,408072733,5008,21844,0,425,2933                     
2026-10-06T20:25:09.836	TEL,320,S5,408082733,5008,21844,0,430,2933                     
2026-10-06T20:25:09.836	TEL,321,S5,408092733,5008,21844,0,433,2937                     
2026-10-06T20:25:09.836	TEL,322,S5,408102733,5008,21844,0,413,2937                     
2026-10-06T20:25:09.836	TEL,323,S5,408112733,5008,21844,0,407,2932                     
2026-10-06T20:25:09.836	TEL,324,S5,408122733,5008,21844,0,419,2932                     
2026-10-06T20:25:09.836	TEL,325,S5,408132733,5008,21844,0,422,2937                     
2026-10-06T20:25:09.836	TEL,326,S5,408142733,5008,21844,0,430,2937                     
2026-10-06T20:25:09.836	TEL,327,S5,408152733,5008,21844,0,430,2937                     
2026-10-06T20:25:09.836	TEL,328,S5,408162733,5008,21844,0,433,2937                     
2026-10-06T20:25:09.836	TEL,329,S5,408172733,5008,21844,0,436,2941                     
2026-10-06T20:25:09.836	TEL,330,S5,408182733,5008,21844,0,433,2941                     
2026-10-06T20:25:09.836	TEL,331,S5,408192733,5008,21844,0,422,2927                     
2026-10-06T20:25:09.836	TEL,332,S5,408202733,5008,21844,0,422,2927                     
2026-10-06T20:25:09.836	TEL,333,S5,408212733,5008,21844,0,425,2930                     
2026-10-06T20:25:09.836	TEL,334,S5,408222733,5008,21844,0,410,2930                     
2026-10-06T20:25:09.836	TEL,335,S5,408232733,5008,21844,0,419,2937                     
2026-10-06T20:25:09.836	TEL,336,S5,408242733,5008,21844,0,433,2937                     
2026-10-06T20:25:09.836	TEL,337,S5,408252733,5008,21844,0,428,2930                     
2026-10-06T20:25:09.836	TEL,338,S5,408262733,5008,21844,0,425,2930                     
2026-10-06T20:25:09.836	TEL,339,S5,408272733,5008,21844,0,428,2933                     
2026-10-06T20:25:09.836	TEL,340,S5,408282733,5008,21844,0,430,2933                     
2026-10-06T20:25:09.836	TEL,341,S5,408292733,5008,21844,0,433,2937                     
2026-10-06T20:25:09.836	TEL,342,S5,408302733,5008,21844,0,422,2937                     
2026-10-06T20:25:09.836	TEL,343,S5,408312733,5008,21844,0,422,2937                     
2026-10-06T20:25:09.836	TEL,344,S5,408322733,5008,21844,0,430,2937                     
2026-10-06T20:25:09.836	TEL,345,S5,408332733,5008,21844,0,428,2935                     
2026-10-06T20:25:09.836	TEL,346,S5,408342733,5008,21844,0,422,2935                     
2026-10-06T20:25:09.836	TEL,347,S5,408352733,5008,21844,0,419,2933                     
2026-10-06T20:25:09.836	TEL,348,S5,408362733,5008,21844,0,428,2933                     
2026-10-06T20:25:09.836	TEL,349,S5,408372733,5008,21844,0,428,2933                     
2026-10-06T20:25:09.836	TEL,350,S5,408382733,5008,21844,0,430,2933                     
2026-10-06T20:25:09.837	TEL,351,S5,408392733,5008,21844,0,433,2937                     
2026-10-06T20:25:09.837	TEL,352,S5,408402733,5008,21844,0,428,2937                     
2026-10-06T20:25:09.837	TEL,353,S5,408412733,5008,21844,0,428,2937                     
2026-10-06T20:25:09.837	TEL,354,S5,408422733,5008,21844,0,430,2937                     
2026-10-06T20:25:09.837	TEL,355,S5,408432733,5008,21844,0,428,2933                     
2026-10-06T20:25:09.837	TEL,356,S5,408442733,5008,21844,0,428,2933                     
2026-10-06T20:25:09.837	TEL,357,S5,408452733,5008,21844,0,428,2933                     
2026-10-06T20:25:09.837	TEL,358,S5,408462733,5008,21844,0,428,2933                     
2026-10-06T20:25:09.837	TEL,359,S5,408472733,5008,21844,0,428,2933                     
2026-10-06T20:25:09.837	TEL,360,S5,408482733,5008,21844,0,425,2933                     
2026-10-06T20:25:09.837	TEL,361,S5,408492733,5008,21844,0,419,2927                     
2026-10-06T20:25:09.837	TEL,362,S5,408502733,5008,21844,0,422,2927                     
2026-10-06T20:25:09.837	TEL,363,S5,408512733,5008,21844,0,430,2933                     
2026-10-06T20:25:09.837	TEL,364,S5,408522733,5008,21844,0,428,2933                     
2026-10-06T20:25:09.837	TEL,365,S5,408532733,5008,21844,0,430,2937                     
2026-10-06T20:25:09.837	TEL,366,S5,408542733,5008,21844,0,428,2937                     
2026-10-06T20:25:09.837	TEL,367,S5,408552733,5008,21844,0,428,2937                     
2026-10-06T20:25:09.837	TEL,368,S5,408562733,5008,21844,0,439,2937                     
2026-10-06T20:25:09.837	TEL,369,S5,408572733,5008,21844,0,433,2933                     
2026-10-06T20:25:09.837	TEL,370,S5,408582733,5008,21844,0,430,2933                     
2026-10-06T20:25:09.837	TEL,371,S5,408592733,5008,21844,0,433,2937                     
2026-10-06T20:25:09.837	TEL,372,S5,408602733,5008,21844,0,439,2937                     
2026-10-06T20:25:10.456	TEL,373,S5,408612733,5008,21844,0,433,2933                     
2026-10-06T20:25:10.456	TEL,374,S5,408622733,5008,21844,0,433,2933                     
2026-10-06T20:25:10.456	TEL,375,S5,408632733,5008,21844,0,433,2933                     
2026-10-06T20:25:10.456	TEL,376,S5,408642733,5008,21844,0,430,2933                     
2026-10-06T20:25:10.456	TEL,377,S5,408652733,5008,21844,0,430,2933                     
2026-10-06T20:25:10.456	TEL,378,S5,408662733,5008,21844,0,428,2933                     
2026-10-06T20:25:10.456	TEL,379,S5,408672733,5008,21844,0,428,2933                     
2026-10-06T20:25:10.456	TEL,380,S5,408682733,5008,21844,0,428,2933                     
2026-10-06T20:25:10.456	TEL,381,S5,408692733,5008,21844,0,428,2933                     
2026-10-06T20:25:10.456	TEL,382,S5,408702733,5008,21844,0,428,2933                     
2026-10-06T20:25:10.456	TEL,383,S5,408712733,5008,21844,0,428,2933                     
2026-10-06T20:25:10.456	TEL,384,S5,408722733,5008,21844,0,428,2933                     
2026-10-06T20:25:10.456	TEL,385,S5,408732733,5008,21844,0,428,2933                     
2026-10-06T20:25:10.456	TEL,386,S5,408742733,5008,21844,0,419,2933                     
2026-10-06T20:25:10.456	TEL,387,S5,408752733,5008,21844,0,416,2930                     
2026-10-06T20:25:10.456	TEL,388,S5,408762733,5008,21844,0,425,2930                     
2026-10-06T20:25:10.456	TEL,389,S5,408772733,5008,21844,0,428,2933                     
2026-10-06T20:25:10.456	TEL,390,S5,408782733,5008,21844,0,428,2933                     
2026-10-06T20:25:10.456	TEL,391,S5,408792733,5008,21844,0,425,2932                     
2026-10-06T20:25:10.456	TEL,392,S5,408802733,5008,21844,0,425,2932                     
2026-10-06T20:25:10.456	TEL,393,S5,408812733,5008,21844,0,428,2933                     
2026-10-06T20:25:10.456	TEL,394,S5,408822733,5008,21844,0,428,2933                     
2026-10-06T20:25:10.456	TEL,395,S5,408832733,5008,21844,0,428,2933                     
2026-10-06T20:25:10.456	TEL,396,S5,408842733,5008,21844,0,430,2933                     
2026-10-06T20:25:10.456	TEL,397,S5,408852733,5008,21844,0,433,2937                     
2026-10-06T20:25:10.456	TEL,398,S5,408862733,5008,21844,0,430,2937                     
2026-10-06T20:25:10.456	TEL,399,S5,408872733,5008,21844,0,428,2933                     
2026-10-06T20:25:10.456	TEL,400,S5,408882733,5008,21844,0,419,2933                     
2026-10-06T20:25:10.456	TEL,401,S5,408892733,5008,21844,0,416,2930                     
2026-10-06T20:25:10.456	TEL,402,S5,408902733,5008,21844,0,428,2930                     
2026-10-06T20:25:10.456	TEL,403,S5,408912733,5008,21844,0,433,2937                     
2026-10-06T20:25:10.456	TEL,404,S5,408922733,5008,21844,0,430,2937                     
2026-10-06T20:25:10.456	TEL,405,S5,408932733,5008,21844,0,428,2933                     
2026-10-06T20:25:10.456	TEL,406,S5,408942733,5008,21844,0,419,2933                     
2026-10-06T20:25:10.456	TEL,407,S5,408952733,5008,21844,0,416,2930                     
2026-10-06T20:25:10.456	TEL,408,S5,408962733,5008,21844,0,428,2930                     
2026-10-06T20:25:10.456	TEL,409,S5,408972733,5008,21844,0,430,2933                     
2026-10-06T20:25:10.456	TEL,410,S5,408982733,5008,21844,0,430,2933                     
2026-10-06T20:25:10.456	TEL,411,S5,408992733,5008,21844,0,422,2927                     
2026-10-06T20:25:10.456	TEL,412,S5,409002733,5008,21844,0,422,2927                     
2026-10-06T20:25:10.456	TEL,413,S5,409012733,5008,21844,0,428,2933                     
2026-10-06T20:25:10.456	TEL,414,S5,409022733,5008,21844,0,430,2933                     
2026-10-06T20:25:10.456	TEL,415,S5,409032733,5008,21844,0,428,2930                     
2026-10-06T20:25:10.456	TEL,416,S5,409042733,5008,21844,0,425,2930                     
2026-10-06T20:25:10.456	TEL,417,S5,409052733,5008,21844,0,430,2937                     
2026-10-06T20:25:10.456	TEL,418,S5,409062733,5008,21844,0,428,2937                     
2026-10-06T20:25:10.456	TEL,419,S5,409072733,5008,21844,0,425,2933                     
2026-10-06T20:25:10.456	TEL,420,S5,409082733,5008,21844,0,428,2933                     
2026-10-06T20:25:10.456	TEL,421,S5,409092733,5008,21844,0,430,2937                     
2026-10-06T20:25:10.456	TEL,422,S5,409102733,5008,21844,0,419,2937                     
2026-10-06T20:25:10.456	TEL,423,S5,409112733,5008,21844,0,422,2941                     
2026-10-06T20:25:10.456	TEL,424,S5,409122733,5008,21844,0,436,2941                     
2026-10-06T20:25:10.456	TEL,425,S5,409132733,5008,21844,0,433,2937                     
2026-10-06T20:25:10.456	TEL,426,S5,409142733,5008,21844,0,430,2937                     
2026-10-06T20:25:10.456	TEL,427,S5,409152733,5008,21844,0,425,2930                     
2026-10-06T20:25:10.456	TEL,428,S5,409162733,5008,21844,0,419,2930                     
2026-10-06T20:25:10.456	TEL,429,S5,409172733,5008,21844,0,425,2937                     
2026-10-06T20:25:10.456	TEL,430,S5,409182733,5008,21844,0,422,2937                     
2026-10-06T20:25:10.456	TEL,431,S5,409192733,5008,21844,0,416,2930                     
2026-10-06T20:25:10.456	TEL,432,S5,409202733,5008,21844,0,425,2930                     
2026-10-06T20:25:10.456	TEL,433,S5,409212733,5008,21844,0,425,2930                     
2026-10-06T20:25:10.456	TEL,434,S5,409222733,5008,21844,0,425,2930                     
2026-10-06T20:25:11.077	TEL,435,S5,409232733,5008,21844,0,430,2937                     
2026-10-06T20:25:11.077	TEL,436,S5,409242733,5008,21844,0,422,2937                     
2026-10-06T20:25:11.077	TEL,437,S5,409252733,5008,21844,0,419,2933                     
2026-10-06T20:25:11.077	TEL,438,S5,409262733,5008,21844,0,413,2933                     
2026-10-06T20:25:11.077	TEL,439,S5,409272733,5008,21844,0,413,2933                     
2026-10-06T20:25:11.077	TEL,440,S5,409282733,5008,21844,0,430,2933                     
2026-10-06T20:25:11.077	TEL,441,S5,409292733,5008,21844,0,428,2932                     
2026-10-06T20:25:11.077	TEL,442,S5,409302733,5008,21844,0,428,2932                     
2026-10-06T20:25:11.077	TEL,443,S5,409312733,5008,21844,0,430,2933                     
2026-10-06T20:25:11.077	TEL,444,S5,409322733,5008,21844,0,428,2933                     
2026-10-06T20:25:11.077	TEL,445,S5,409332733,5008,21844,0,428,2933                     
2026-10-06T20:25:11.077	TEL,446,S5,409342733,5008,21844,0,428,2933                     
2026-10-06T20:25:11.077	TEL,447,S5,409352733,5008,21844,0,422,2927                     
2026-10-06T20:25:11.077	TEL,448,S5,409362733,5008,21844,0,416,2927                     
2026-10-06T20:25:11.077	TEL,449,S5,409372733,5008,21844,0,422,2933                     
2026-10-06T20:25:11.077	TEL,450,S5,409382733,5008,21844,0,428,2933                     
2026-10-06T20:25:11.077	TEL,451,S5,409392733,5008,21844,0,430,2937                     
2026-10-06T20:25:11.077	TEL,452,S5,409402733,5008,21844,0,422,2937                     
2026-10-06T20:25:11.077	TEL,453,S5,409412733,5008,21844,0,422,2937                     
2026-10-06T20:25:11.077	TEL,454,S5,409422733,5008,21844,0,430,2937                     
2026-10-06T20:25:11.077	TEL,455,S5,409432733,5008,21844,0,428,2933                     
2026-10-06T20:25:11.077	TEL,456,S5,409442733,5008,21844,0,430,2933                     
2026-10-06T20:25:11.077	TEL,457,S5,409452733,5008,21844,0,433,2937                     
2026-10-06T20:25:11.077	TEL,458,S5,409462733,5008,21844,0,433,2937                     
2026-10-06T20:25:11.077	TEL,459,S5,409472733,5008,21844,0,433,2937                     
2026-10-06T20:25:11.077	TEL,460,S5,409482733,5008,21844,0,430,2937                     
2026-10-06T20:25:11.077	TEL,461,S5,409492733,5008,21844,0,422,2927                     
2026-10-06T20:25:11.077	TEL,462,S5,409502733,5008,21844,0,422,2927                     
2026-10-06T20:25:11.077	TEL,463,S5,409512733,5008,21844,0,428,2935                     
2026-10-06T20:25:11.077	TEL,464,S5,409522733,5008,21844,0,430,2935                     
2026-10-06T20:25:11.077	TEL,465,S5,409532733,5008,21844,0,433,2937                     
2026-10-06T20:25:11.077	TEL,466,S5,409542733,5008,21844,0,430,2937                     
2026-10-06T20:25:11.077	TEL,467,S5,409552733,5008,21844,0,428,2933                     
2026-10-06T20:25:11.077	TEL,468,S5,409562733,5008,21844,0,430,2933                     
2026-10-06T20:25:11.077	TEL,469,S5,409572733,5008,21844,0,430,2933                     
2026-10-06T20:25:11.077	TEL,470,S5,409582733,5008,21844,0,419,2933                     
2026-10-06T20:25:11.077	TEL,471,S5,409592733,5008,21844,0,416,2930                     
2026-10-06T20:25:11.077	TEL,472,S5,409602733,5008,21844,0,419,2930                     
2026-10-06T20:25:11.077	TEL,473,S5,409612733,5008,21844,0,419,2930                     
2026-10-06T20:25:11.077	TEL,474,S5,409622733,5008,21844,0,422,2930                     
2026-10-06T20:25:11.077	TEL,475,S5,409632733,5008,21844,0,425,2933                     
2026-10-06T20:25:11.077	TEL,476,S5,409642733,5008,21844,0,430,2933                     
2026-10-06T20:25:11.077	TEL,477,S5,409652733,5008,21844,0,430,2933                     
2026-10-06T20:25:11.077	TEL,478,S5,409662733,5008,21844,0,425,2933                     
2026-10-06T20:25:11.077	TEL,479,S5,409672733,5008,21844,0,425,2933                     
2026-10-06T20:25:11.078	TEL,480,S5,409682733,5008,21844,0,428,2933                     
2026-10-06T20:25:11.078	TEL,481,S5,409692733,5008,21844,0,433,2941                     
2026-10-06T20:25:11.078	TEL,482,S5,409702733,5008,21844,0,436,2941                     
2026-10-06T20:25:11.078	TEL,483,S5,409712733,5008,21844,0,428,2930                     
2026-10-06T20:25:11.078	TEL,484,S5,409722733,5008,21844,0,425,2930                     
2026-10-06T20:25:11.078	TEL,485,S5,409732733,5008,21844,0,430,2937                     
2026-10-06T20:25:11.078	TEL,486,S5,409742733,5008,21844,0,430,2937                     
2026-10-06T20:25:11.078	TEL,487,S5,409752733,5008,21844,0,425,2932                     
2026-10-06T20:25:11.078	TEL,488,S5,409762733,5008,21844,0,425,2932                     
2026-10-06T20:25:11.078	TEL,489,S5,409772733,5008,21844,0,428,2933                     
2026-10-06T20:25:11.078	TEL,490,S5,409782733,5008,21844,0,430,2933                     
2026-10-06T20:25:11.078	TEL,491,S5,409792733,5008,21844,0,430,2933                     
2026-10-06T20:25:11.078	TEL,492,S5,409802733,5008,21844,0,428,2933                     
2026-10-06T20:25:11.078	TEL,493,S5,409812733,5008,21844,0,430,2937                     
2026-10-06T20:25:11.078	TEL,494,S5,409822733,5008,21844,0,419,2937                     
2026-10-06T20:25:11.078	TEL,495,S5,409832733,5008,21844,0,413,2933                     
2026-10-06T20:25:11.078	TEL,496,S5,409842733,5008,21844,0,428,2933                     
2026-10-06T20:25:11.697	TEL,497,S5,409852733,5008,21844,0,428,2933                     
2026-10-06T20:25:11.697	TEL,498,S5,409862733,5008,21844,0,428,2933                     
2026-10-06T20:25:11.697	TEL,499,S5,409872733,5008,21844,0,428,2935                     
2026-10-06T20:25:11.697	TEL,500,S5,409882733,5008,21844,0,430,2935                     
2026-10-06T20:25:11.697	TEL,501,S5,409892733,5008,21844,0,428,2932                     
2026-10-06T20:25:11.697	TEL,502,S5,409902733,5008,21844,0,413,2932                     
2026-10-06T20:25:11.697	TEL,503,S5,409912733,5008,21844,0,419,2937                     
2026-10-06T20:25:11.697	TEL,504,S5,409922733,5008,21844,0,430,2937                     
2026-10-06T20:25:11.697	TEL,505,S5,409932733,5008,21844,0,428,2933                     
2026-10-06T20:25:11.697	TEL,506,S5,409942733,5008,21844,0,425,2933                     
2026-10-06T20:25:11.697	TEL,507,S5,409952733,5008,21844,0,425,2933                     
2026-10-06T20:25:11.697	TEL,508,S5,409962733,5008,21844,0,422,2933                     
2026-10-06T20:25:11.697	TEL,509,S5,409972733,5008,21844,0,425,2937                     
2026-10-06T20:25:11.697	TEL,510,S5,409982733,5008,21844,0,433,2937                     
2026-10-06T20:25:11.697	TEL,511,S5,409992733,5008,21844,0,430,2935                     
2026-10-06T20:25:11.697	TEL,512,S5,410002733,5008,21844,0,422,2935                     
2026-10-06T20:25:11.697	TEL,513,S5,410012733,5008,21844,0,419,2932                     
2026-10-06T20:25:11.697	TEL,514,S5,410022733,5008,21844,0,428,2932                     
2026-10-06T20:25:11.697	TEL,515,S5,410032733,5008,21844,0,436,2941                     
2026-10-06T20:25:11.697	TEL,516,S5,410042733,5008,21844,0,442,2941                     
2026-10-06T20:25:11.698	TEL,517,S5,410052733,5008,21844,0,439,2937                     
2026-10-06T20:25:11.698	TEL,518,S5,410062733,5008,21844,0,433,2937                     
2026-10-06T20:25:11.698	TEL,519,S5,410072733,5008,21844,0,433,2937                     
2026-10-06T20:25:11.698	TEL,520,S5,410082733,5008,21844,0,428,2937                     
2026-10-06T20:25:11.698	TEL,521,S5,410092733,5008,21844,0,425,2933                     
2026-10-06T20:25:11.698	TEL,522,S5,410102733,5008,21844,0,430,2933                     
2026-10-06T20:25:11.698	TEL,523,S5,410112733,5008,21844,0,430,2933                     
2026-10-06T20:25:11.698	TEL,524,S5,410122733,5008,21844,0,430,2933                     
2026-10-06T20:25:11.698	TEL,525,S5,410132733,5008,21844,0,430,2933                     
2026-10-06T20:25:11.698	TEL,526,S5,410142733,5008,21844,0,425,2933                     
2026-10-06T20:25:11.698	TEL,527,S5,410152733,5008,21844,0,428,2937                     
2026-10-06T20:25:11.698	TEL,528,S5,410162733,5008,21844,0,433,2937                     
2026-10-06T20:25:11.698	TEL,529,S5,410172733,5008,21844,0,430,2933                     
2026-10-06T20:25:11.698	TEL,530,S5,410182733,5008,21844,0,428,2933                     
2026-10-06T20:25:11.698	TEL,531,S5,410192733,5008,21844,0,428,2933                     
2026-10-06T20:25:11.698	TEL,532,S5,410202733,5008,21844,0,425,2933                     
2026-10-06T20:25:11.698	TEL,533,S5,410212733,5008,21844,0,425,2933                     
2026-10-06T20:25:11.698	TEL,534,S5,410222733,5008,21844,0,419,2933                     
2026-10-06T20:25:11.698	TEL,535,S5,410232738,5013,21844,0,416,2930                     
2026-10-06T20:25:11.698	BTN,1,S5,PRESSED,410227893,410232757                           
2026-10-06T20:25:11.698	TEL,536,S5,410242733,5008,21844,1,428,2930                     
2026-10-06T20:25:11.698	TEL,537,S5,410252733,5008,21844,1,433,2933                     
2026-10-06T20:25:11.698	TEL,538,S5,410262733,5008,21844,1,430,2933                     
2026-10-06T20:25:11.698	TEL,539,S5,410272733,5008,21844,1,428,2932                     
2026-10-06T20:25:11.698	TEL,540,S5,410282733,5008,21844,1,433,2932                     
2026-10-06T20:25:11.698	TEL,541,S5,410292733,5008,21844,1,433,2933                     
2026-10-06T20:25:11.698	TEL,542,S5,410302733,5008,21844,1,428,2933                     
2026-10-06T20:25:11.698	TEL,543,S5,410312733,5008,21844,1,428,2933                     
2026-10-06T20:25:11.698	TEL,544,S5,410322733,5008,21844,1,428,2933                     
2026-10-06T20:25:11.698	TEL,545,S5,410332733,5008,21844,1,428,2933                     
2026-10-06T20:25:11.698	TEL,546,S5,410342733,5008,21844,1,428,2933                     
2026-10-06T20:25:11.698	TEL,547,S5,410352733,5008,21844,1,430,2937                     
2026-10-06T20:25:11.698	TEL,548,S5,410362733,5008,21844,1,439,2937                     
2026-10-06T20:25:11.698	TEL,549,S5,410372733,5008,21844,1,433,2933                     
2026-10-06T20:25:11.698	TEL,550,S5,410382733,5008,21844,1,428,2933                     
2026-10-06T20:25:11.698	TEL,551,S5,410392733,5008,21844,1,425,2930                     
2026-10-06T20:25:11.698	TEL,552,S5,410402733,5008,21844,1,428,2930                     
2026-10-06T20:25:11.698	TEL,553,S5,410412733,5008,21844,1,428,2930                     
2026-10-06T20:25:11.698	TEL,554,S5,410422733,5008,21844,1,425,2930                     
2026-10-06T20:25:11.698	TEL,555,S5,410432733,5008,21844,1,422,2927                     
2026-10-06T20:25:11.698	TEL,556,S5,410442733,5008,21844,1,422,2927                     
2026-10-06T20:25:11.698	TEL,557,S5,410452733,5008,21844,1,428,2933                     
2026-10-06T20:25:12.315	TEL,558,S5,410462733,5008,21844,1,416,2933                     
2026-10-06T20:25:12.315	TEL,559,S5,410472733,5008,21844,1,416,2933                     
2026-10-06T20:25:12.315	TEL,560,S5,410482733,5008,21844,1,419,2933                     
2026-10-06T20:25:12.315	TEL,561,S5,410492733,5008,21844,1,419,2933                     
2026-10-06T20:25:12.315	TEL,562,S5,410502733,5008,21844,1,430,2933                     
2026-10-06T20:25:12.315	TEL,563,S5,410512733,5008,21844,1,428,2930                     
2026-10-06T20:25:12.315	TEL,564,S5,410522733,5008,21844,1,430,2930                     
2026-10-06T20:25:12.315	TEL,565,S5,410532733,5008,21844,1,433,2933                     
2026-10-06T20:25:12.315	TEL,566,S5,410542733,5008,21844,1,428,2933                     
2026-10-06T20:25:12.315	TEL,567,S5,410552733,5008,21844,1,430,2937                     
2026-10-06T20:25:12.315	TEL,568,S5,410562733,5008,21844,1,433,2937                     
2026-10-06T20:25:12.315	TEL,569,S5,410572733,5008,21844,1,428,2930                     
2026-10-06T20:25:12.315	TEL,570,S5,410582733,5008,21844,1,416,2930                     
2026-10-06T20:25:12.315	TEL,571,S5,410592733,5008,21844,1,419,2933                     
2026-10-06T20:25:12.315	TEL,572,S5,410602733,5008,21844,1,428,2933                     
2026-10-06T20:25:12.315	TEL,573,S5,410612733,5008,21844,1,428,2933                     
2026-10-06T20:25:12.315	TEL,574,S5,410622733,5008,21844,1,425,2933                     
2026-10-06T20:25:12.315	TEL,575,S5,410632733,5008,21844,1,425,2933                     
2026-10-06T20:25:12.315	TEL,576,S5,410642733,5008,21844,1,430,2933                     
2026-10-06T20:25:12.315	TEL,577,S5,410652733,5008,21844,1,433,2937                     
2026-10-06T20:25:12.315	TEL,578,S5,410662733,5008,21844,1,430,2937                     
2026-10-06T20:25:12.315	TEL,579,S5,410672733,5008,21844,1,430,2937                     
2026-10-06T20:25:12.315	TEL,580,S5,410682733,5008,21844,1,433,2937                     
2026-10-06T20:25:12.315	TEL,581,S5,410692733,5008,21844,1,430,2933                     
2026-10-06T20:25:12.315	TEL,582,S5,410702733,5008,21844,1,430,2933                     
2026-10-06T20:25:12.315	TEL,583,S5,410712733,5008,21844,1,433,2937                     
2026-10-06T20:25:12.315	TEL,584,S5,410722733,5008,21844,1,430,2937                     
2026-10-06T20:25:12.315	TEL,585,S5,410732733,5008,21844,1,428,2933                     
2026-10-06T20:25:12.315	TEL,586,S5,410742733,5008,21844,1,428,2933                     
2026-10-06T20:25:12.315	TEL,587,S5,410752733,5008,21844,1,430,2937                     
2026-10-06T20:25:12.315	TEL,588,S5,410762733,5008,21844,1,422,2937                     
2026-10-06T20:25:12.315	TEL,589,S5,410772733,5008,21844,1,422,2937                     
2026-10-06T20:25:12.315	TEL,590,S5,410782733,5008,21844,1,422,2937                     
2026-10-06T20:25:12.315	TEL,591,S5,410792733,5008,21844,1,416,2930                     
2026-10-06T20:25:12.315	TEL,592,S5,410802733,5008,21844,1,410,2930                     
2026-10-06T20:25:12.315	TEL,593,S5,410812733,5008,21844,1,413,2933                     
2026-10-06T20:25:12.315	TEL,594,S5,410822733,5008,21844,1,413,2933                     
2026-10-06T20:25:12.315	TEL,595,S5,410832733,5008,21844,1,419,2937                     
2026-10-06T20:25:12.315	TEL,596,S5,410842733,5008,21844,1,433,2937                     
2026-10-06T20:25:12.315	TEL,597,S5,410852733,5008,21844,1,433,2937                     
2026-10-06T20:25:12.315	TEL,598,S5,410862733,5008,21844,1,422,2937                     
2026-10-06T20:25:12.315	TEL,599,S5,410872733,5008,21844,1,422,2937                     
2026-10-06T20:25:12.315	TEL,600,S5,410882733,5008,21844,1,425,2937                     
2026-10-06T20:25:12.315	TEL,601,S5,410892733,5008,21844,1,422,2933                     
2026-10-06T20:25:12.315	TEL,602,S5,410902739,5014,21844,1,428,2933                     
2026-10-06T20:25:12.315	BTN,2,S5,PRESSED,410899899,410902758                           
2026-10-06T20:25:12.317	TEL,603,S5,410912733,5008,21844,2,425,2932                     
2026-10-06T20:25:12.317	TEL,604,S5,410922733,5008,21844,2,425,2932                     
2026-10-06T20:25:12.317	TEL,605,S5,410932733,5008,21844,2,428,2933                     
2026-10-06T20:25:12.317	TEL,606,S5,410942733,5008,21844,2,425,2933                     
2026-10-06T20:25:12.317	TEL,607,S5,410952733,5008,21844,2,422,2930                     
2026-10-06T20:25:12.317	TEL,608,S5,410962733,5008,21844,2,425,2930                     
2026-10-06T20:25:12.317	TEL,609,S5,410972733,5008,21844,2,422,2927                     
2026-10-06T20:25:12.317	TEL,610,S5,410982733,5008,21844,2,422,2927                     
2026-10-06T20:25:12.317	TEL,611,S5,410992733,5008,21844,2,428,2933                     
2026-10-06T20:25:12.317	TEL,612,S5,411002733,5008,21844,2,413,2933                     
2026-10-06T20:25:12.317	TEL,613,S5,411012733,5008,21844,2,413,2933                     
2026-10-06T20:25:12.317	TEL,614,S5,411022733,5008,21844,2,425,2933                     
2026-10-06T20:25:12.317	TEL,615,S5,411032733,5008,21844,2,428,2937                     
2026-10-06T20:25:12.317	TEL,616,S5,411042733,5008,21844,2,422,2937                     
2026-10-06T20:25:12.317	TEL,617,S5,411052733,5008,21844,2,419,2932                     
2026-10-06T20:25:12.317	TEL,618,S5,411062733,5008,21844,2,419,2932                     
2026-10-06T20:25:12.931	TEL,619,S5,411072733,5008,21844,2,419,2933                     
2026-10-06T20:25:12.931	TEL,620,S5,411082733,5008,21844,2,413,2933                     
2026-10-06T20:25:12.931	TEL,621,S5,411092733,5008,21844,2,413,2933                     
2026-10-06T20:25:12.931	TEL,622,S5,411102733,5008,21844,2,430,2933                     
2026-10-06T20:25:12.931	TEL,623,S5,411112733,5008,21844,2,430,2933                     
2026-10-06T20:25:12.931	TEL,624,S5,411122733,5008,21844,2,428,2933                     
2026-10-06T20:25:12.931	TEL,625,S5,411132733,5008,21844,2,425,2930                     
2026-10-06T20:25:12.931	TEL,626,S5,411142733,5008,21844,2,425,2930                     
2026-10-06T20:25:12.931	TEL,627,S5,411152733,5008,21844,2,422,2927                     
2026-10-06T20:25:12.931	TEL,628,S5,411162733,5008,21844,2,422,2927                     
2026-10-06T20:25:12.931	TEL,629,S5,411172733,5008,21844,2,430,2937                     
2026-10-06T20:25:12.931	TEL,630,S5,411182733,5008,21844,2,428,2937                     
2026-10-06T20:25:12.931	TEL,631,S5,411192733,5008,21844,2,428,2937                     
2026-10-06T20:25:12.931	TEL,632,S5,411202733,5008,21844,2,422,2937                     
2026-10-06T20:25:12.931	TEL,633,S5,411212733,5008,21844,2,422,2937                     
2026-10-06T20:25:12.931	TEL,634,S5,411222733,5008,21844,2,422,2937                     
2026-10-06T20:25:12.931	TEL,635,S5,411232733,5008,21844,2,419,2933                     
2026-10-06T20:25:12.931	TEL,636,S5,411242733,5008,21844,2,428,2933                     
2026-10-06T20:25:12.931	TEL,637,S5,411252733,5008,21844,2,433,2941                     
2026-10-06T20:25:12.931	TEL,638,S5,411262733,5008,21844,2,439,2941                     
2026-10-06T20:25:12.931	TEL,639,S5,411272733,5008,21844,2,425,2927                     
2026-10-06T20:25:12.931	TEL,640,S5,411282733,5008,21844,2,416,2927                     
2026-10-06T20:25:12.931	TEL,641,S5,411292733,5008,21844,2,422,2933                     
2026-10-06T20:25:12.931	TEL,642,S5,411302733,5008,21844,2,428,2933                     
2026-10-06T20:25:12.931	TEL,643,S5,411312733,5008,21844,2,428,2933                     
2026-10-06T20:25:12.931	TEL,644,S5,411322733,5008,21844,2,419,2933                     
2026-10-06T20:25:12.931	TEL,645,S5,411332733,5008,21844,2,419,2933                     
2026-10-06T20:25:12.931	TEL,646,S5,411342733,5008,21844,2,422,2933                     
2026-10-06T20:25:12.931	TEL,647,S5,411352733,5008,21844,2,425,2937                     
2026-10-06T20:25:12.931	TEL,648,S5,411362733,5008,21844,2,430,2937                     
2026-10-06T20:25:12.931	TEL,649,S5,411372733,5008,21844,2,430,2937                     
2026-10-06T20:25:12.931	TEL,650,S5,411382733,5008,21844,2,433,2937                     
2026-10-06T20:25:12.931	TEL,651,S5,411392733,5008,21844,2,430,2933                     
2026-10-06T20:25:12.931	TEL,652,S5,411402733,5008,21844,2,422,2933                     
2026-10-06T20:25:12.931	TEL,653,S5,411412733,5008,21844,2,422,2933                     
2026-10-06T20:25:12.931	TEL,654,S5,411422733,5008,21844,2,428,2933                     
2026-10-06T20:25:12.931	TEL,655,S5,411432733,5008,21844,2,428,2933                     
2026-10-06T20:25:12.931	TEL,656,S5,411442733,5008,21844,2,419,2933                     
2026-10-06T20:25:12.931	TEL,657,S5,411452733,5008,21844,2,419,2933                     
2026-10-06T20:25:12.931	TEL,658,S5,411462733,5008,21844,2,419,2933                     
2026-10-06T20:25:12.931	TEL,659,S5,411472733,5008,21844,2,416,2930                     
2026-10-06T20:25:12.931	TEL,660,S5,411482733,5008,21844,2,422,2930                     
2026-10-06T20:25:12.931	TEL,661,S5,411492733,5008,21844,2,428,2937                     
2026-10-06T20:25:12.931	TEL,662,S5,411502733,5008,21844,2,430,2937                     
2026-10-06T20:25:12.931	TEL,663,S5,411512733,5008,21844,2,428,2933                     
2026-10-06T20:25:12.931	TEL,664,S5,411522733,5008,21844,2,419,2933                     
2026-10-06T20:25:12.931	TEL,665,S5,411532733,5008,21844,2,422,2937                     
2026-10-06T20:25:12.931	TEL,666,S5,411542733,5008,21844,2,422,2937                     
2026-10-06T20:25:12.931	TEL,667,S5,411552733,5008,21844,2,422,2937                     
2026-10-06T20:25:12.931	TEL,668,S5,411562733,5008,21844,2,419,2937                     
2026-10-06T20:25:12.931	TEL,669,S5,411572733,5008,21844,2,413,2933                     
2026-10-06T20:25:12.931	TEL,670,S5,411582733,5008,21844,2,413,2933                     
2026-10-06T20:25:12.931	TEL,671,S5,411592738,5014,21844,2,410,2928                     
2026-10-06T20:25:12.931	BTN,3,S5,PRESSED,411590904,411592758                           
2026-10-06T20:25:12.931	TEL,672,S5,411602733,5008,21844,3,428,2928                     
2026-10-06T20:25:12.931	TEL,673,S5,411612733,5008,21844,3,433,2933                     
2026-10-06T20:25:12.931	TEL,674,S5,411622733,5008,21844,3,428,2933                     
2026-10-06T20:25:12.931	TEL,675,S5,411632733,5008,21844,3,430,2937                     
2026-10-06T20:25:12.931	TEL,676,S5,411642733,5008,21844,3,433,2937                     
2026-10-06T20:25:12.931	TEL,677,S5,411652733,5008,21844,3,430,2933                     
2026-10-06T20:25:12.931	TEL,678,S5,411662733,5008,21844,3,422,2933                     
2026-10-06T20:25:12.931	TEL,679,S5,411672733,5008,21844,3,422,2933                     
2026-10-06T20:25:13.555	TEL,680,S5,411682733,5008,21844,3,425,2933                     
2026-10-06T20:25:13.555	TEL,681,S5,411692733,5008,21844,3,425,2933                     
2026-10-06T20:25:13.555	TEL,682,S5,411702733,5008,21844,3,425,2933                     
2026-10-06T20:25:13.555	TEL,683,S5,411712733,5008,21844,3,425,2933                     
2026-10-06T20:25:13.555	TEL,684,S5,411722733,5008,21844,3,413,2933                     
2026-10-06T20:25:13.555	TEL,685,S5,411732733,5008,21844,3,413,2933                     
2026-10-06T20:25:13.555	TEL,686,S5,411742733,5008,21844,3,425,2933                     
2026-10-06T20:25:13.555	TEL,687,S5,411752733,5008,21844,3,425,2933                     
2026-10-06T20:25:13.555	TEL,688,S5,411762733,5008,21844,3,430,2933                     
2026-10-06T20:25:13.555	TEL,689,S5,411772733,5008,21844,3,422,2927                     
2026-10-06T20:25:13.555	TEL,690,S5,411782733,5008,21844,3,419,2927                     
2026-10-06T20:25:13.555	TEL,691,S5,411792733,5008,21844,3,430,2939                     
2026-10-06T20:25:13.555	TEL,692,S5,411802733,5008,21844,3,425,2939                     
2026-10-06T20:25:13.555	TEL,693,S5,411812733,5008,21844,3,416,2930                     
2026-10-06T20:25:13.555	TEL,694,S5,411822733,5008,21844,3,425,2930                     
2026-10-06T20:25:13.555	TEL,695,S5,411832733,5008,21844,3,428,2933                     
2026-10-06T20:25:13.555	TEL,696,S5,411842733,5008,21844,3,430,2933                     
2026-10-06T20:25:13.555	TEL,697,S5,411852733,5008,21844,3,433,2937                     
2026-10-06T20:25:13.555	TEL,698,S5,411862733,5008,21844,3,430,2937                     
2026-10-06T20:25:13.555	TEL,699,S5,411872733,5008,21844,3,430,2937                     
2026-10-06T20:25:13.555	TEL,700,S5,411882733,5008,21844,3,422,2937                     
2026-10-06T20:25:13.555	TEL,701,S5,411892733,5008,21844,3,416,2930                     
2026-10-06T20:25:13.555	TEL,702,S5,411902733,5008,21844,3,416,2930                     
2026-10-06T20:25:13.555	TEL,703,S5,411912733,5008,21844,3,419,2933                     
2026-10-06T20:25:13.555	TEL,704,S5,411922733,5008,21844,3,425,2933                     
2026-10-06T20:25:13.555	TEL,705,S5,411932733,5008,21844,3,428,2937                     
2026-10-06T20:25:13.555	TEL,706,S5,411942733,5008,21844,3,430,2937                     
2026-10-06T20:25:13.555	TEL,707,S5,411952733,5008,21844,3,428,2933                     
2026-10-06T20:25:13.555	TEL,708,S5,411962733,5008,21844,3,428,2933                     
2026-10-06T20:25:13.555	TEL,709,S5,411972733,5008,21844,3,428,2933                     
2026-10-06T20:25:13.555	TEL,710,S5,411982733,5008,21844,3,428,2933                     
2026-10-06T20:25:13.555	TEL,711,S5,411992733,5008,21844,3,425,2930                     
2026-10-06T20:25:13.555	TEL,712,S5,412002733,5008,21844,3,416,2930                     
2026-10-06T20:25:13.555	TEL,713,S5,412012733,5008,21844,3,416,2930                     
2026-10-06T20:25:13.555	TEL,714,S5,412022733,5008,21844,3,416,2930                     
2026-10-06T20:25:13.555	TEL,715,S5,412032733,5008,21844,3,422,2937                     
2026-10-06T20:25:13.555	TEL,716,S5,412042733,5008,21844,3,433,2937                     
2026-10-06T20:25:13.555	TEL,717,S5,412052733,5008,21844,3,433,2937                     
2026-10-06T20:25:13.555	TEL,718,S5,412062733,5008,21844,3,430,2937                     
2026-10-06T20:25:13.555	TEL,719,S5,412072733,5008,21844,3,428,2933                     
2026-10-06T20:25:13.555	TEL,720,S5,412082733,5008,21844,3,430,2933                     
2026-10-06T20:25:13.555	TEL,721,S5,412092733,5008,21844,3,430,2933                     
2026-10-06T20:25:13.555	TEL,722,S5,412102733,5008,21844,3,419,2933                     
2026-10-06T20:25:13.555	TEL,723,S5,412112733,5008,21844,3,416,2930                     
2026-10-06T20:25:13.555	TEL,724,S5,412122733,5008,21844,3,425,2930                     
2026-10-06T20:25:13.555	TEL,725,S5,412132733,5008,21844,3,428,2933                     
2026-10-06T20:25:13.555	TEL,726,S5,412142733,5008,21844,3,419,2933                     
2026-10-06T20:25:13.555	TEL,727,S5,412152733,5008,21844,3,419,2933                     
2026-10-06T20:25:13.555	TEL,728,S5,412162733,5008,21844,3,428,2933                     
2026-10-06T20:25:13.555	TEL,729,S5,412172733,5008,21844,3,428,2933                     
2026-10-06T20:25:13.555	TEL,730,S5,412182733,5008,21844,3,428,2933                     
2026-10-06T20:25:13.555	TEL,731,S5,412192733,5008,21844,3,428,2933                     
2026-10-06T20:25:13.555	TEL,732,S5,412202733,5008,21844,3,425,2933                     
2026-10-06T20:25:13.555	TEL,733,S5,412212733,5008,21844,3,428,2937                     
2026-10-06T20:25:13.555	TEL,734,S5,412222733,5008,21844,3,430,2937                     
2026-10-06T20:25:13.555	TEL,735,S5,412232733,5008,21844,3,428,2933                     
2026-10-06T20:25:13.555	TEL,736,S5,412242733,5008,21844,3,428,2933                     
2026-10-06T20:25:13.555	TEL,737,S5,412252733,5008,21844,3,428,2933                     
2026-10-06T20:25:13.555	TEL,738,S5,412262733,5008,21844,3,425,2933                     
2026-10-06T20:25:13.555	TEL,739,S5,412272733,5008,21844,3,425,2933                     
2026-10-06T20:25:13.555	TEL,740,S5,412282733,5008,21844,3,425,2933                     
2026-10-06T20:25:13.555	TEL,741,S5,412292733,5008,21844,3,425,2933                     
2026-10-06T20:25:14.174	TEL,742,S5,412302733,5008,21844,3,425,2933                     
2026-10-06T20:25:14.174	TEL,743,S5,412312733,5008,21844,3,428,2937                     
2026-10-06T20:25:14.174	TEL,744,S5,412322733,5008,21844,3,430,2937                     
2026-10-06T20:25:14.174	TEL,745,S5,412332733,5008,21844,3,430,2937                     
2026-10-06T20:25:14.174	TEL,746,S5,412342733,5008,21844,3,430,2937                     
2026-10-06T20:25:14.174	TEL,747,S5,412352733,5008,21844,3,422,2927                     
2026-10-06T20:25:14.174	TEL,748,S5,412362733,5008,21844,3,422,2927                     
2026-10-06T20:25:14.174	TEL,749,S5,412372733,5008,21844,3,430,2933                     
2026-10-06T20:25:14.174	TEL,750,S5,412382733,5008,21844,3,428,2933                     
2026-10-06T20:25:14.174	TEL,751,S5,412392733,5008,21844,3,430,2937                     
2026-10-06T20:25:14.174	TEL,752,S5,412402733,5008,21844,3,433,2937                     
2026-10-06T20:25:14.174	TEL,753,S5,412412733,5008,21844,3,430,2933                     
2026-10-06T20:25:14.174	TEL,754,S5,412422733,5008,21844,3,425,2933                     
2026-10-06T20:25:14.174	TEL,755,S5,412432733,5008,21844,3,422,2930                     
2026-10-06T20:25:14.174	TEL,756,S5,412442733,5008,21844,3,416,2930                     
2026-10-06T20:25:14.174	TEL,757,S5,412452733,5008,21844,3,416,2930                     
2026-10-06T20:25:14.174	TEL,758,S5,412462739,5014,21844,3,428,2930                     
2026-10-06T20:25:14.174	BTN,4,S5,PRESSED,412459909,412462758                           
2026-10-06T20:25:14.174	TEL,759,S5,412472733,5008,21844,4,433,2937                     
2026-10-06T20:25:14.174	TEL,760,S5,412482733,5008,21844,4,439,2937                     
2026-10-06T20:25:14.174	TEL,761,S5,412492733,5008,21844,4,428,2927                     
2026-10-06T20:25:14.174	TEL,762,S5,412502733,5008,21844,4,416,2927                     
2026-10-06T20:25:14.174	TEL,763,S5,412512733,5008,21844,4,422,2933                     
2026-10-06T20:25:14.174	TEL,764,S5,412522733,5008,21844,4,430,2933                     
2026-10-06T20:25:14.174	TEL,765,S5,412532733,5008,21844,4,430,2933                     
2026-10-06T20:25:14.174	TEL,766,S5,412542733,5008,21844,4,428,2933                     
2026-10-06T20:25:14.174	TEL,767,S5,412552733,5008,21844,4,428,2933                     
2026-10-06T20:25:14.174	TEL,768,S5,412562733,5008,21844,4,433,2933                     
2026-10-06T20:25:14.174	TEL,769,S5,412572733,5008,21844,4,436,2937                     
2026-10-06T20:25:14.174	TEL,770,S5,412582733,5008,21844,4,430,2937                     
2026-10-06T20:25:14.174	TEL,771,S5,412592733,5008,21844,4,428,2933                     
2026-10-06T20:25:14.174	TEL,772,S5,412602733,5008,21844,4,422,2933                     
2026-10-06T20:25:14.174	TEL,773,S5,412612733,5008,21844,4,419,2930                     
2026-10-06T20:25:14.174	TEL,774,S5,412622733,5008,21844,4,410,2930                     
2026-10-06T20:25:14.174	TEL,775,S5,412632733,5008,21844,4,419,2937                     
2026-10-06T20:25:14.174	TEL,776,S5,412642733,5008,21844,4,422,2937                     
2026-10-06T20:25:14.174	TEL,777,S5,412652733,5008,21844,4,416,2930                     
2026-10-06T20:25:14.174	TEL,778,S5,412662733,5008,21844,4,425,2930                     
2026-10-06T20:25:14.174	TEL,779,S5,412672733,5008,21844,4,425,2930                     
2026-10-06T20:25:14.174	TEL,780,S5,412682733,5008,21844,4,425,2930                     
2026-10-06T20:25:14.174	TEL,781,S5,412692733,5008,21844,4,430,2937                     
2026-10-06T20:25:14.174	TEL,782,S5,412702733,5008,21844,4,428,2937                     
2026-10-06T20:25:14.174	TEL,783,S5,412712733,5008,21844,4,425,2933                     
2026-10-06T20:25:14.174	TEL,784,S5,412722733,5008,21844,4,433,2933                     
2026-10-06T20:25:14.174	TEL,785,S5,412732733,5008,21844,4,433,2933                     
2026-10-06T20:25:14.174	TEL,786,S5,412742733,5008,21844,4,428,2933                     
2026-10-06T20:25:14.174	TEL,787,S5,412752733,5008,21844,4,422,2927                     
2026-10-06T20:25:14.174	TEL,788,S5,412762733,5008,21844,4,422,2927                     
2026-10-06T20:25:14.174	TEL,789,S5,412772733,5008,21844,4,430,2937                     
2026-10-06T20:25:14.174	TEL,790,S5,412782733,5008,21844,4,430,2937                     
2026-10-06T20:25:14.174	TEL,791,S5,412792733,5008,21844,4,428,2933                     
2026-10-06T20:25:14.174	TEL,792,S5,412802733,5008,21844,4,419,2933                     
2026-10-06T20:25:14.174	TEL,793,S5,412812733,5008,21844,4,419,2933                     
2026-10-06T20:25:14.174	TEL,794,S5,412822733,5008,21844,4,428,2933                     
2026-10-06T20:25:14.174	TEL,795,S5,412832733,5008,21844,4,428,2935                     
2026-10-06T20:25:14.174	TEL,796,S5,412842733,5008,21844,4,428,2935                     
2026-10-06T20:25:14.174	TEL,797,S5,412852733,5008,21844,4,428,2933                     
2026-10-06T20:25:14.174	TEL,798,S5,412862733,5008,21844,4,433,2933                     
2026-10-06T20:25:14.174	TEL,799,S5,412872733,5008,21844,4,433,2932                     
2026-10-06T20:25:14.174	TEL,800,S5,412882733,5008,21844,4,419,2932                     
2026-10-06T20:25:14.174	TEL,801,S5,412892733,5008,21844,4,416,2930                     
2026-10-06T20:25:14.174	TEL,802,S5,412902733,5008,21844,4,425,2930                     
2026-10-06T20:25:14.791	TEL,803,S5,412912733,5008,21844,4,425,2932                     
2026-10-06T20:25:14.791	TEL,804,S5,412922733,5008,21844,4,419,2932                     
2026-10-06T20:25:14.791	TEL,805,S5,412932733,5008,21844,4,419,2933                     
2026-10-06T20:25:14.791	TEL,806,S5,412942733,5008,21844,4,428,2933                     
2026-10-06T20:25:14.791	TEL,807,S5,412952733,5008,21844,4,428,2933                     
2026-10-06T20:25:14.791	TEL,808,S5,412962733,5008,21844,4,422,2933                     
2026-10-06T20:25:14.791	TEL,809,S5,412972733,5008,21844,4,419,2930                     
2026-10-06T20:25:14.791	TEL,810,S5,412982733,5008,21844,4,425,2930                     
2026-10-06T20:25:14.791	TEL,811,S5,412992733,5008,21844,4,430,2937                     
2026-10-06T20:25:14.791	TEL,812,S5,413002733,5008,21844,4,422,2937                     
2026-10-06T20:25:14.791	TEL,813,S5,413012733,5008,21844,4,419,2933                     
2026-10-06T20:25:14.791	TEL,814,S5,413022733,5008,21844,4,413,2933                     
2026-10-06T20:25:14.791	TEL,815,S5,413032733,5008,21844,4,413,2933                     
2026-10-06T20:25:14.791	TEL,816,S5,413042733,5008,21844,4,419,2933                     
2026-10-06T20:25:14.791	TEL,817,S5,413052733,5008,21844,4,422,2937                     
2026-10-06T20:25:14.791	TEL,818,S5,413062733,5008,21844,4,422,2937                     
2026-10-06T20:25:14.791	TEL,819,S5,413072733,5008,21844,4,422,2937                     
2026-10-06T20:25:14.791	TEL,820,S5,413082733,5008,21844,4,430,2937                     
2026-10-06T20:25:14.791	TEL,821,S5,413092733,5008,21844,4,425,2930                     
2026-10-06T20:25:14.791	TEL,822,S5,413102733,5008,21844,4,419,2930                     
2026-10-06T20:25:14.791	TEL,823,S5,413112733,5008,21844,4,422,2933                     
2026-10-06T20:25:14.791	TEL,824,S5,413122733,5008,21844,4,428,2933                     
2026-10-06T20:25:14.791	TEL,825,S5,413132733,5008,21844,4,422,2927                     
2026-10-06T20:25:14.791	TEL,826,S5,413142733,5008,21844,4,413,2927                     
2026-10-06T20:25:14.791	TEL,827,S5,413152733,5008,21844,4,419,2933                     
2026-10-06T20:25:14.791	TEL,828,S5,413162733,5008,21844,4,428,2933                     
2026-10-06T20:25:14.791	TEL,829,S5,413172733,5008,21844,4,428,2933                     
2026-10-06T20:25:14.791	TEL,830,S5,413182739,5014,21844,4,425,2933                     
2026-10-06T20:25:14.791	BTN,5,S5,PRESSED,413181915,413182758                           
2026-10-06T20:25:14.791	TEL,831,S5,413192733,5008,21844,5,422,2932                     
2026-10-06T20:25:14.791	TEL,832,S5,413202733,5008,21844,5,419,2932                     
2026-10-06T20:25:14.791	TEL,833,S5,413212733,5008,21844,5,425,2941                     
2026-10-06T20:25:14.791	TEL,834,S5,413222733,5008,21844,5,436,2941                     
2026-10-06T20:25:14.791	TEL,835,S5,413232733,5008,21844,5,433,2937                     
2026-10-06T20:25:14.791	TEL,836,S5,413242733,5008,21844,5,422,2937                     
2026-10-06T20:25:14.791	TEL,837,S5,413252733,5008,21844,5,419,2933                     
2026-10-06T20:25:14.791	TEL,838,S5,413262733,5008,21844,5,430,2933                     
2026-10-06T20:25:14.791	TEL,839,S5,413272733,5008,21844,5,430,2933                     
2026-10-06T20:25:14.791	TEL,840,S5,413282733,5008,21844,5,428,2933                     
2026-10-06T20:25:14.791	TEL,841,S5,413292733,5008,21844,5,428,2933                     
2026-10-06T20:25:14.791	TEL,842,S5,413302733,5008,21844,5,428,2933                     
2026-10-06T20:25:14.791	TEL,843,S5,413312733,5008,21844,5,430,2937                     
2026-10-06T20:25:14.791	TEL,844,S5,413322733,5008,21844,5,413,2937                     
2026-10-06T20:25:14.791	TEL,845,S5,413332733,5008,21844,5,413,2937                     
2026-10-06T20:25:14.791	TEL,846,S5,413342733,5008,21844,5,430,2937                     
2026-10-06T20:25:14.791	TEL,847,S5,413352733,5008,21844,5,422,2927                     
2026-10-06T20:25:14.791	TEL,848,S5,413362733,5008,21844,5,425,2927                     
2026-10-06T20:25:14.791	TEL,849,S5,413372733,5008,21844,5,428,2930                     
2026-10-06T20:25:14.791	TEL,850,S5,413382733,5008,21844,5,425,2930                     
2026-10-06T20:25:14.791	TEL,851,S5,413392733,5008,21844,5,425,2930                     
2026-10-06T20:25:14.791	TEL,852,S5,413402733,5008,21844,5,428,2930                     
2026-10-06T20:25:14.791	TEL,853,S5,413412733,5008,21844,5,428,2930                     
2026-10-06T20:25:14.791	TEL,854,S5,413422733,5008,21844,5,416,2930                     
2026-10-06T20:25:14.791	TEL,855,S5,413432733,5008,21844,5,419,2933                     
2026-10-06T20:25:14.791	TEL,856,S5,413442733,5008,21844,5,428,2933                     
2026-10-06T20:25:14.791	TEL,857,S5,413452733,5008,21844,5,430,2937                     
2026-10-06T20:25:14.791	TEL,858,S5,413462733,5008,21844,5,430,2937                     
2026-10-06T20:25:14.791	TEL,859,S5,413472733,5008,21844,5,430,2937                     
2026-10-06T20:25:14.791	TEL,860,S5,413482733,5008,21844,5,422,2937                     
2026-10-06T20:25:14.791	TEL,861,S5,413492733,5008,21844,5,419,2933                     
2026-10-06T20:25:14.791	TEL,862,S5,413502733,5008,21844,5,419,2933                     
2026-10-06T20:25:14.791	TEL,863,S5,413512733,5008,21844,5,419,2933                     
2026-10-06T20:25:15.416	TEL,864,S5,413522733,5008,21844,5,428,2933                     
2026-10-06T20:25:15.416	TEL,865,S5,413532733,5008,21844,5,428,2933                     
2026-10-06T20:25:15.416	TEL,866,S5,413542733,5008,21844,5,413,2933                     
2026-10-06T20:25:15.416	TEL,867,S5,413552733,5008,21844,5,419,2937                     
2026-10-06T20:25:15.416	TEL,868,S5,413562733,5008,21844,5,430,2937                     
2026-10-06T20:25:15.416	TEL,869,S5,413572733,5008,21844,5,422,2927                     
2026-10-06T20:25:15.416	TEL,870,S5,413582733,5008,21844,5,422,2927                     
2026-10-06T20:25:15.416	TEL,871,S5,413592733,5008,21844,5,430,2937                     
2026-10-06T20:25:15.416	TEL,872,S5,413602733,5008,21844,5,430,2937                     
2026-10-06T20:25:15.416	TEL,873,S5,413612733,5008,21844,5,425,2930                     
2026-10-06T20:25:15.416	TEL,874,S5,413622733,5008,21844,5,425,2930                     
2026-10-06T20:25:15.416	TEL,875,S5,413632733,5008,21844,5,430,2937                     
2026-10-06T20:25:15.416	TEL,876,S5,413642733,5008,21844,5,430,2937                     
2026-10-06T20:25:15.416	TEL,877,S5,413652733,5008,21844,5,430,2937                     
2026-10-06T20:25:15.416	TEL,878,S5,413662733,5008,21844,5,419,2937                     
2026-10-06T20:25:15.416	TEL,879,S5,413672733,5008,21844,5,419,2937                     
2026-10-06T20:25:15.416	TEL,880,S5,413682733,5008,21844,5,428,2937                     
2026-10-06T20:25:15.416	TEL,881,S5,413692733,5008,21844,5,419,2927                     
2026-10-06T20:25:15.416	TEL,882,S5,413702733,5008,21844,5,419,2927                     
2026-10-06T20:25:15.416	TEL,883,S5,413712733,5008,21844,5,425,2933                     
2026-10-06T20:25:15.416	TEL,884,S5,413722733,5008,21844,5,422,2933                     
2026-10-06T20:25:15.416	TEL,885,S5,413732733,5008,21844,5,425,2937                     
2026-10-06T20:25:15.416	TEL,886,S5,413742733,5008,21844,5,433,2937                     
2026-10-06T20:25:15.416	TEL,887,S5,413752733,5008,21844,5,433,2937                     
2026-10-06T20:25:15.416	TEL,888,S5,413762733,5008,21844,5,428,2937                     
2026-10-06T20:25:15.416	TEL,889,S5,413772733,5008,21844,5,428,2937                     
2026-10-06T20:25:15.416	TEL,890,S5,413782733,5008,21844,5,430,2937                     
2026-10-06T20:25:15.416	TEL,891,S5,413792733,5008,21844,5,430,2937                     
2026-10-06T20:25:15.416	TEL,892,S5,413802733,5008,21844,5,430,2937                     
2026-10-06T20:25:15.416	TEL,893,S5,413812733,5008,21844,5,428,2933                     
2026-10-06T20:25:15.416	TEL,894,S5,413822733,5008,21844,5,419,2933                     
2026-10-06T20:25:15.416	TEL,895,S5,413832733,5008,21844,5,416,2930                     
2026-10-06T20:25:15.416	TEL,896,S5,413842733,5008,21844,5,425,2930                     
2026-10-06T20:25:15.416	TEL,897,S5,413852733,5008,21844,5,433,2941                     
2026-10-06T20:25:15.416	TEL,898,S5,413862733,5008,21844,5,433,2941                     
2026-10-06T20:25:15.416	TEL,899,S5,413872733,5008,21844,5,428,2933                     
2026-10-06T20:25:15.416	TEL,900,S5,413882733,5008,21844,5,413,2933                     
2026-10-06T20:25:15.416	TEL,901,S5,413892733,5008,21844,5,419,2937                     
2026-10-06T20:25:15.416	TEL,902,S5,413902733,5008,21844,5,425,2937                     
2026-10-06T20:25:15.416	TEL,903,S5,413912733,5008,21844,5,422,2933                     
2026-10-06T20:25:15.416	TEL,904,S5,413922733,5008,21844,5,430,2933                     
2026-10-06T20:25:15.416	TEL,905,S5,413932733,5008,21844,5,433,2937                     
2026-10-06T20:25:15.416	TEL,906,S5,413942733,5008,21844,5,433,2937                     
2026-10-06T20:25:15.416	TEL,907,S5,413952733,5008,21844,5,433,2937                     
2026-10-06T20:25:15.416	TEL,908,S5,413962733,5008,21844,5,422,2937                     
2026-10-06T20:25:15.416	TEL,909,S5,413972733,5008,21844,5,416,2930                     
2026-10-06T20:25:15.416	TEL,910,S5,413982733,5008,21844,5,416,2930                     
2026-10-06T20:25:15.416	TEL,911,S5,413992733,5008,21844,5,422,2937                     
2026-10-06T20:25:15.416	TEL,912,S5,414002733,5008,21844,5,436,2937                     
2026-10-06T20:25:15.416	TEL,913,S5,414012733,5008,21844,5,436,2937                     
2026-10-06T20:25:15.416	TEL,914,S5,414022733,5008,21844,5,425,2937                     
2026-10-06T20:25:15.417	TEL,915,S5,414032733,5008,21844,5,422,2933                     
2026-10-06T20:25:15.417	TEL,916,S5,414042733,5008,21844,5,430,2933                     
2026-10-06T20:25:15.417	BTN,6,S5,PRESSED,414044920,414044927                           
2026-10-06T20:25:15.417	TEL,917,S5,414052733,5008,21844,6,430,2933                     
2026-10-06T20:25:15.417	TEL,918,S5,414062733,5008,21844,6,430,2933                     
2026-10-06T20:25:15.417	TEL,919,S5,414072733,5008,21844,6,428,2930                     
2026-10-06T20:25:15.417	TEL,920,S5,414082733,5008,21844,6,425,2930                     
2026-10-06T20:25:15.417	TEL,921,S5,414092733,5008,21844,6,430,2937                     
2026-10-06T20:25:15.417	TEL,922,S5,414102733,5008,21844,6,422,2937                     
2026-10-06T20:25:15.417	TEL,923,S5,414112733,5008,21844,6,425,2941                     
2026-10-06T20:25:15.417	TEL,924,S5,414122733,5008,21844,6,425,2941                     
2026-10-06T20:25:16.036	TEL,925,S5,414132733,5008,21844,6,422,2937                     
2026-10-06T20:25:16.036	TEL,926,S5,414142733,5008,21844,6,430,2937                     
2026-10-06T20:25:16.036	TEL,927,S5,414152733,5008,21844,6,430,2937                     
2026-10-06T20:25:16.036	TEL,928,S5,414162733,5008,21844,6,422,2937                     
2026-10-06T20:25:16.036	TEL,929,S5,414172733,5008,21844,6,419,2933                     
2026-10-06T20:25:16.036	TEL,930,S5,414182733,5008,21844,6,430,2933                     
2026-10-06T20:25:16.036	TEL,931,S5,414192733,5008,21844,6,430,2933                     
2026-10-06T20:25:16.036	TEL,932,S5,414202733,5008,21844,6,430,2933                     
2026-10-06T20:25:16.036	TEL,933,S5,414212733,5008,21844,6,430,2933                     
2026-10-06T20:25:16.036	TEL,934,S5,414222733,5008,21844,6,428,2933                     
2026-10-06T20:25:16.036	TEL,935,S5,414232733,5008,21844,6,428,2933                     
2026-10-06T20:25:16.036	TEL,936,S5,414242733,5008,21844,6,428,2933                     
2026-10-06T20:25:16.036	TEL,937,S5,414252733,5008,21844,6,430,2937                     
2026-10-06T20:25:16.036	TEL,938,S5,414262733,5008,21844,6,419,2937                     
2026-10-06T20:25:16.036	TEL,939,S5,414272733,5008,21844,6,410,2930                     
2026-10-06T20:25:16.036	TEL,940,S5,414282733,5008,21844,6,410,2930                     
2026-10-06T20:25:16.036	TEL,941,S5,414292733,5008,21844,6,413,2933                     
2026-10-06T20:25:16.036	TEL,942,S5,414302733,5008,21844,6,430,2933                     
2026-10-06T20:25:16.036	TEL,943,S5,414312733,5008,21844,6,430,2933                     
2026-10-06T20:25:16.036	TEL,944,S5,414322733,5008,21844,6,419,2933                     
2026-10-06T20:25:16.036	TEL,945,S5,414332733,5008,21844,6,419,2933                     
2026-10-06T20:25:16.036	TEL,946,S5,414342733,5008,21844,6,419,2933                     
2026-10-06T20:25:16.036	TEL,947,S5,414352733,5008,21844,6,416,2930                     
2026-10-06T20:25:16.036	TEL,948,S5,414362733,5008,21844,6,425,2930                     
2026-10-06T20:25:16.036	TEL,949,S5,414372733,5008,21844,6,430,2937                     
2026-10-06T20:25:16.036	TEL,950,S5,414382733,5008,21844,6,433,2937                     
2026-10-06T20:25:16.036	TEL,951,S5,414392733,5008,21844,6,430,2933                     
2026-10-06T20:25:16.036	TEL,952,S5,414402733,5008,21844,6,430,2933                     
2026-10-06T20:25:16.036	TEL,953,S5,414412733,5008,21844,6,430,2933                     
2026-10-06T20:25:16.036	TEL,954,S5,414422733,5008,21844,6,428,2933                     
2026-10-06T20:25:16.036	TEL,955,S5,414432733,5008,21844,6,430,2937                     
2026-10-06T20:25:16.036	TEL,956,S5,414442733,5008,21844,6,433,2937                     
2026-10-06T20:25:16.036	TEL,957,S5,414452733,5008,21844,6,428,2930                     
2026-10-06T20:25:16.036	TEL,958,S5,414462733,5008,21844,6,425,2930                     
2026-10-06T20:25:16.036	TEL,959,S5,414472733,5008,21844,6,425,2930                     
2026-10-06T20:25:16.036	TEL,960,S5,414482733,5008,21844,6,419,2930                     
2026-10-06T20:25:16.036	TEL,961,S5,414492733,5008,21844,6,425,2937                     
2026-10-06T20:25:16.036	TEL,962,S5,414502733,5008,21844,6,428,2937                     
2026-10-06T20:25:16.036	TEL,963,S5,414512733,5008,21844,6,425,2933                     
2026-10-06T20:25:16.036	TEL,964,S5,414522733,5008,21844,6,413,2933                     
2026-10-06T20:25:16.036	TEL,965,S5,414532733,5008,21844,6,413,2932                     
2026-10-06T20:25:16.036	TEL,966,S5,414542733,5008,21844,6,419,2932                     
2026-10-06T20:25:16.036	TEL,967,S5,414552733,5008,21844,6,422,2937                     
2026-10-06T20:25:16.036	TEL,968,S5,414562733,5008,21844,6,433,2937                     
2026-10-06T20:25:16.036	TEL,969,S5,414572733,5008,21844,6,428,2930                     
2026-10-06T20:25:16.036	TEL,970,S5,414582733,5008,21844,6,425,2930                     
2026-10-06T20:25:16.037	TEL,971,S5,414592733,5008,21844,6,425,2930                     
2026-10-06T20:25:16.037	TEL,972,S5,414602733,5008,21844,6,422,2930                     
2026-10-06T20:25:16.037	BTN,7,S5,PRESSED,414606925,414606933                           
2026-10-06T20:25:16.037	TEL,973,S5,414612733,5008,21844,7,425,2933                     
2026-10-06T20:25:16.037	TEL,974,S5,414622733,5008,21844,7,413,2933                     
2026-10-06T20:25:16.037	TEL,975,S5,414632733,5008,21844,7,419,2937                     
2026-10-06T20:25:16.037	TEL,976,S5,414642733,5008,21844,7,433,2937                     
2026-10-06T20:25:16.037	TEL,977,S5,414652733,5008,21844,7,430,2933                     
2026-10-06T20:25:16.037	TEL,978,S5,414662733,5008,21844,7,425,2933                     
2026-10-06T20:25:16.037	TEL,979,S5,414672733,5008,21844,7,419,2927                     
2026-10-06T20:25:16.037	TEL,980,S5,414682733,5008,21844,7,422,2927                     
2026-10-06T20:25:16.037	TEL,981,S5,414692733,5008,21844,7,433,2937                     
2026-10-06T20:25:16.037	TEL,982,S5,414702733,5008,21844,7,430,2937                     
2026-10-06T20:25:16.037	TEL,983,S5,414712733,5008,21844,7,430,2937                     
2026-10-06T20:25:16.037	TEL,984,S5,414722733,5008,21844,7,430,2937                     
2026-10-06T20:25:16.037	TEL,985,S5,414732733,5008,21844,7,428,2933                     
2026-10-06T20:25:16.656	TEL,986,S5,414742733,5008,21844,7,413,2933                     
2026-10-06T20:25:16.656	TEL,987,S5,414752733,5008,21844,7,413,2933                     
2026-10-06T20:25:16.656	TEL,988,S5,414762733,5008,21844,7,428,2933                     
2026-10-06T20:25:16.656	TEL,989,S5,414772733,5008,21844,7,428,2933                     
2026-10-06T20:25:16.656	TEL,990,S5,414782733,5008,21844,7,419,2933                     
2026-10-06T20:25:16.656	TEL,991,S5,414792733,5008,21844,7,422,2937                     
2026-10-06T20:25:16.656	TEL,992,S5,414802733,5008,21844,7,430,2937                     
2026-10-06T20:25:16.656	TEL,993,S5,414812733,5008,21844,7,430,2937                     
2026-10-06T20:25:16.656	TEL,994,S5,414822733,5008,21844,7,430,2937                     
2026-10-06T20:25:16.656	TEL,995,S5,414832733,5008,21844,7,428,2933                     
2026-10-06T20:25:16.656	TEL,996,S5,414842733,5008,21844,7,428,2933                     
2026-10-06T20:25:16.656	TEL,997,S5,414852733,5008,21844,7,428,2933                     
2026-10-06T20:25:16.656	TEL,998,S5,414862733,5008,21844,7,422,2933                     
2026-10-06T20:25:16.656	TEL,999,S5,414872733,5008,21844,7,422,2933                     
2026-10-06T20:25:16.656	TEL,1000,S5,414882733,5008,21844,7,428,2933                    
2026-10-06T20:25:16.656	TEL,1001,S5,414892733,5008,21844,7,428,2933                    
2026-10-06T20:25:16.656	TEL,1002,S5,414902733,5008,21844,7,425,2933                    
2026-10-06T20:25:16.656	TEL,1003,S5,414912733,5008,21844,7,425,2933                    
2026-10-06T20:25:16.656	TEL,1004,S5,414922733,5008,21844,7,428,2933                    
2026-10-06T20:25:16.656	TEL,1005,S5,414932733,5008,21844,7,428,2933                    
2026-10-06T20:25:16.656	TEL,1006,S5,414942733,5008,21844,7,425,2933                    
2026-10-06T20:25:16.656	TEL,1007,S5,414952733,5008,21844,7,425,2933                    
2026-10-06T20:25:16.656	TEL,1008,S5,414962733,5008,21844,7,425,2933                    
2026-10-06T20:25:16.656	TEL,1009,S5,414972733,5008,21844,7,425,2933                    
2026-10-06T20:25:16.656	TEL,1010,S5,414982733,5008,21844,7,425,2933                    
2026-10-06T20:25:16.656	TEL,1011,S5,414992733,5008,21844,7,425,2933                    
2026-10-06T20:25:16.656	TEL,1012,S5,415002733,5008,21844,7,428,2933                    
2026-10-06T20:25:16.656	TEL,1013,S5,415012733,5008,21844,7,428,2933                    
2026-10-06T20:25:16.656	TEL,1014,S5,415022733,5008,21844,7,422,2933                    
2026-10-06T20:25:16.656	TEL,1015,S5,415032733,5008,21844,7,419,2930                    
2026-10-06T20:25:16.656	TEL,1016,S5,415042733,5008,21844,7,422,2930                    
2026-10-06T20:25:16.656	TEL,1017,S5,415052733,5008,21844,7,419,2927                    
2026-10-06T20:25:16.656	TEL,1018,S5,415062733,5008,21844,7,419,2927                    
2026-10-06T20:25:16.656	TEL,1019,S5,415072733,5008,21844,7,425,2933                    
2026-10-06T20:25:16.656	TEL,1020,S5,415082733,5008,21844,7,422,2933                    
2026-10-06T20:25:16.656	TEL,1021,S5,415092733,5008,21844,7,422,2933                    
2026-10-06T20:25:16.656	TEL,1022,S5,415102733,5008,21844,7,428,2933                    
2026-10-06T20:25:16.656	TEL,1023,S5,415112733,5008,21844,7,428,2933                    
2026-10-06T20:25:16.656	TEL,1024,S5,415122733,5008,21844,7,425,2933                    
2026-10-06T20:25:16.656	TEL,1025,S5,415132733,5008,21844,7,419,2927                    
2026-10-06T20:25:16.656	TEL,1026,S5,415142733,5008,21844,7,425,2927                    
2026-10-06T20:25:16.656	TEL,1027,S5,415152733,5008,21844,7,433,2933                    
2026-10-06T20:25:16.656	TEL,1028,S5,415162733,5008,21844,7,428,2933                    
2026-10-06T20:25:16.656	TEL,1029,S5,415172733,5008,21844,7,428,2933                    
2026-10-06T20:25:16.656	TEL,1030,S5,415182733,5008,21844,7,428,2933                    
2026-10-06T20:25:16.656	TEL,1031,S5,415192733,5008,21844,7,428,2933                    
2026-10-06T20:25:16.656	TEL,1032,S5,415202733,5008,21844,7,425,2933                    
2026-10-06T20:25:16.656	TEL,1033,S5,415212733,5008,21844,7,422,2930                    
2026-10-06T20:25:16.656	TEL,1034,S5,415222733,5008,21844,7,425,2930                    
2026-10-06T20:25:16.656	TEL,1035,S5,415232733,5008,21844,7,428,2933                    
2026-10-06T20:25:16.656	TEL,1036,S5,415242733,5008,21844,7,433,2933                    
2026-10-06T20:25:16.656	TEL,1037,S5,415252733,5008,21844,7,428,2930                    
2026-10-06T20:25:16.656	TEL,1038,S5,415262733,5008,21844,7,407,2930                    
2026-10-06T20:25:16.656	TEL,1039,S5,415272733,5008,21844,7,407,2930                    
2026-10-06T20:25:16.656	TEL,1040,S5,415282733,5008,21844,7,410,2930                    
2026-10-06T20:25:16.656	TEL,1041,S5,415292733,5008,21844,7,416,2935                    
2026-10-06T20:25:16.656	TEL,1042,S5,415302733,5008,21844,7,433,2935                    
2026-10-06T20:25:16.656	TEL,1043,S5,415312733,5008,21844,7,433,2933                    
2026-10-06T20:25:16.656	TEL,1044,S5,415322733,5008,21844,7,425,2933                    
2026-10-06T20:25:16.656	TEL,1045,S5,415332733,5008,21844,7,422,2930                    
2026-10-06T20:25:16.656	TEL,1046,S5,415342733,5008,21844,7,425,2930                    
2026-10-06T20:25:16.656	TEL,1047,S5,415352733,5008,21844,7,425,2930                    
2026-10-06T20:25:17.273	TEL,1048,S5,415362733,5008,21844,7,428,2930                    
2026-10-06T20:25:17.273	TEL,1049,S5,415372733,5008,21844,7,425,2927                    
2026-10-06T20:25:17.273	TEL,1050,S5,415382733,5008,21844,7,422,2927                    
2026-10-06T20:25:17.273	TEL,1051,S5,415392733,5008,21844,7,428,2933                    
2026-10-06T20:25:17.273	TEL,1052,S5,415402733,5008,21844,7,428,2933                    
2026-10-06T20:25:17.273	TEL,1053,S5,415412733,5008,21844,7,428,2933                    
2026-10-06T20:25:17.273	TEL,1054,S5,415422733,5008,21844,7,422,2933                    
2026-10-06T20:25:17.273	TEL,1055,S5,415432733,5008,21844,7,419,2930                    
2026-10-06T20:25:17.273	TEL,1056,S5,415442733,5008,21844,7,422,2930                    
2026-10-06T20:25:17.273	TEL,1057,S5,415452733,5008,21844,7,419,2927                    
2026-10-06T20:25:17.273	TEL,1058,S5,415462733,5008,21844,7,416,2927                    
2026-10-06T20:25:17.273	TEL,1059,S5,415472733,5008,21844,7,422,2933                    
2026-10-06T20:25:17.273	TEL,1060,S5,415482733,5008,21844,7,425,2933                    
2026-10-06T20:25:17.273	TEL,1061,S5,415492733,5008,21844,7,425,2933                    
2026-10-06T20:25:17.273	BTN,8,S5,PRESSED,415496931,415496938                           
2026-10-06T20:25:17.273	TEL,1062,S5,415502733,5008,21844,8,422,2933                    
2026-10-06T20:25:17.273	TEL,1063,S5,415512733,5008,21844,8,422,2933                    
2026-10-06T20:25:17.273	TEL,1064,S5,415522733,5008,21844,8,422,2933                    
2026-10-06T20:25:17.273	TEL,1065,S5,415532733,5008,21844,8,422,2933                    
2026-10-06T20:25:17.273	TEL,1066,S5,415542733,5008,21844,8,428,2933                    
2026-10-06T20:25:17.273	TEL,1067,S5,415552733,5008,21844,8,428,2933                    
2026-10-06T20:25:17.273	TEL,1068,S5,415562733,5008,21844,8,422,2933                    
2026-10-06T20:25:17.273	TEL,1069,S5,415572733,5008,21844,8,422,2933                    
2026-10-06T20:25:17.273	TEL,1070,S5,415582733,5008,21844,8,422,2933                    
2026-10-06T20:25:17.273	TEL,1071,S5,415592733,5008,21844,8,425,2937                    
2026-10-06T20:25:17.273	TEL,1072,S5,415602733,5008,21844,8,425,2937                    
2026-10-06T20:25:17.273	TEL,1073,S5,415612733,5008,21844,8,416,2927                    
2026-10-06T20:25:17.273	TEL,1074,S5,415622733,5008,21844,8,416,2927                    
2026-10-06T20:25:17.273	TEL,1075,S5,415632733,5008,21844,8,416,2928                    
2026-10-06T20:25:17.273	TEL,1076,S5,415642733,5008,21844,8,419,2928                    
2026-10-06T20:25:17.273	TEL,1077,S5,415652733,5008,21844,8,425,2933                    
2026-10-06T20:25:17.273	TEL,1078,S5,415662733,5008,21844,8,425,2933                    
2026-10-06T20:25:17.273	TEL,1079,S5,415672733,5008,21844,8,425,2933                    
2026-10-06T20:25:17.273	TEL,1080,S5,415682733,5008,21844,8,428,2933                    
2026-10-06T20:25:17.273	TEL,1081,S5,415692733,5008,21844,8,425,2932                    
2026-10-06T20:25:17.273	TEL,1082,S5,415702733,5008,21844,8,425,2932                    
2026-10-06T20:25:17.273	TEL,1083,S5,415712733,5008,21844,8,428,2933                    
2026-10-06T20:25:17.273	TEL,1084,S5,415722733,5008,21844,8,425,2933                    
2026-10-06T20:25:17.273	TEL,1085,S5,415732733,5008,21844,8,419,2927                    
2026-10-06T20:25:17.273	TEL,1086,S5,415742733,5008,21844,8,416,2927                    
2026-10-06T20:25:17.273	TEL,1087,S5,415752733,5008,21844,8,422,2933                    
2026-10-06T20:25:17.273	TEL,1088,S5,415762733,5008,21844,8,428,2933                    
2026-10-06T20:25:17.273	TEL,1089,S5,415772733,5008,21844,8,425,2930                    
2026-10-06T20:25:17.273	TEL,1090,S5,415782733,5008,21844,8,428,2930                    
2026-10-06T20:25:17.273	TEL,1091,S5,415792733,5008,21844,8,433,2933                    
2026-10-06T20:25:17.273	TEL,1092,S5,415802733,5008,21844,8,416,2933                    
2026-10-06T20:25:17.273	TEL,1093,S5,415812733,5008,21844,8,413,2930                    
2026-10-06T20:25:17.273	TEL,1094,S5,415822733,5008,21844,8,419,2930                    
2026-10-06T20:25:17.273	TEL,1095,S5,415832733,5008,21844,8,416,2928                    
2026-10-06T20:25:17.273	TEL,1096,S5,415842733,5008,21844,8,407,2928                    
2026-10-06T20:25:17.273	TEL,1097,S5,415852733,5008,21844,8,407,2930                    
2026-10-06T20:25:17.273	TEL,1098,S5,415862733,5008,21844,8,425,2930                    
2026-10-06T20:25:17.273	TEL,1099,S5,415872733,5008,21844,8,428,2933                    
2026-10-06T20:25:17.273	TEL,1100,S5,415882733,5008,21844,8,428,2933                    
2026-10-06T20:25:17.273	TEL,1101,S5,415892733,5008,21844,8,428,2933                    
2026-10-06T20:25:17.273	TEL,1102,S5,415902733,5008,21844,8,430,2933                    
2026-10-06T20:25:17.273	TEL,1103,S5,415912733,5008,21844,8,430,2933                    
2026-10-06T20:25:17.273	TEL,1104,S5,415922733,5008,21844,8,428,2933                    
2026-10-06T20:25:17.273	TEL,1105,S5,415932733,5008,21844,8,422,2927                    
2026-10-06T20:25:17.273	TEL,1106,S5,415942733,5008,21844,8,422,2927                    
2026-10-06T20:25:17.273	TEL,1107,S5,415952733,5008,21844,8,428,2933                    
2026-10-06T20:25:17.273	TEL,1108,S5,415962733,5008,21844,8,428,2933                    
2026-10-06T20:25:17.891	TEL,1109,S5,415972733,5008,21844,8,428,2933                    
2026-10-06T20:25:17.891	TEL,1110,S5,415982733,5008,21844,8,428,2933                    
2026-10-06T20:25:17.891	TEL,1111,S5,415992733,5008,21844,8,422,2927                    
2026-10-06T20:25:17.891	TEL,1112,S5,416002733,5008,21844,8,419,2927                    
2026-10-06T20:25:17.891	TEL,1113,S5,416012733,5008,21844,8,425,2933                    
2026-10-06T20:25:17.891	TEL,1114,S5,416022733,5008,21844,8,428,2933                    
2026-10-06T20:25:17.891	TEL,1115,S5,416032733,5008,21844,8,428,2933                    
2026-10-06T20:25:17.891	TEL,1116,S5,416042733,5008,21844,8,425,2933                    
2026-10-06T20:25:17.891	TEL,1117,S5,416052733,5008,21844,8,425,2933                    
2026-10-06T20:25:17.891	TEL,1118,S5,416062733,5008,21844,8,425,2933                    
2026-10-06T20:25:17.891	TEL,1119,S5,416072733,5008,21844,8,425,2933                    
2026-10-06T20:25:17.891	TEL,1120,S5,416082733,5008,21844,8,425,2933                    
2026-10-06T20:25:17.891	TEL,1121,S5,416092733,5008,21844,8,419,2928                    
2026-10-06T20:25:17.891	TEL,1122,S5,416102733,5008,21844,8,419,2928                    
2026-10-06T20:25:17.891	TEL,1123,S5,416112733,5008,21844,8,425,2933                    
2026-10-06T20:25:17.891	TEL,1124,S5,416122733,5008,21844,8,433,2933                    
2026-10-06T20:25:17.891	TEL,1125,S5,416132733,5008,21844,8,428,2930                    
2026-10-06T20:25:17.891	TEL,1126,S5,416142733,5008,21844,8,419,2930                    
2026-10-06T20:25:17.891	TEL,1127,S5,416152733,5008,21844,8,425,2935                    
2026-10-06T20:25:17.891	TEL,1128,S5,416162733,5008,21844,8,428,2935                    
2026-10-06T20:25:17.891	TEL,1129,S5,416172733,5008,21844,8,428,2933                    
2026-10-06T20:25:17.891	TEL,1130,S5,416182733,5008,21844,8,422,2933                    
2026-10-06T20:25:17.891	TEL,1131,S5,416192733,5008,21844,8,419,2930                    
2026-10-06T20:25:17.891	TEL,1132,S5,416202733,5008,21844,8,422,2930                    
2026-10-06T20:25:17.891	TEL,1133,S5,416212733,5008,21844,8,425,2933                    
2026-10-06T20:25:17.891	TEL,1134,S5,416222733,5008,21844,8,430,2933                    
2026-10-06T20:25:17.891	TEL,1135,S5,416232733,5008,21844,8,430,2933                    
2026-10-06T20:25:17.891	TEL,1136,S5,416242733,5008,21844,8,410,2933                    
2026-10-06T20:25:17.891	TEL,1137,S5,416252733,5008,21844,8,410,2933                    
2026-10-06T20:25:17.891	TEL,1138,S5,416262733,5008,21844,8,416,2933                    
2026-10-06T20:25:17.891	TEL,1139,S5,416272733,5008,21844,8,416,2933                    
2026-10-06T20:25:17.891	TEL,1140,S5,416282733,5008,21844,8,425,2933                    
2026-10-06T20:25:17.891	TEL,1141,S5,416292733,5008,21844,8,422,2930                    
2026-10-06T20:25:17.891	TEL,1142,S5,416302733,5008,21844,8,419,2930                    
2026-10-06T20:25:17.891	TEL,1143,S5,416312733,5008,21844,8,422,2933                    
2026-10-06T20:25:17.891	TEL,1144,S5,416322733,5008,21844,8,428,2933                    
2026-10-06T20:25:17.891	TEL,1145,S5,416332733,5008,21844,8,428,2933                    
2026-10-06T20:25:17.891	TEL,1146,S5,416342733,5008,21844,8,422,2933                    
2026-10-06T20:25:17.891	TEL,1147,S5,416352733,5008,21844,8,422,2933                    
2026-10-06T20:25:17.891	TEL,1148,S5,416362733,5008,21844,8,428,2933                    
2026-10-06T20:25:17.891	BTN,9,S5,PRESSED,416362936,416362943                           
2026-10-06T20:25:17.891	TEL,1149,S5,416372733,5008,21844,9,425,2930                    
2026-10-06T20:25:17.891	TEL,1150,S5,416382733,5008,21844,9,425,2930                    
2026-10-06T20:25:17.891	TEL,1151,S5,416392733,5008,21844,9,428,2933                    
2026-10-06T20:25:17.891	TEL,1152,S5,416402733,5008,21844,9,425,2933                    
2026-10-06T20:25:17.891	TEL,1153,S5,416412733,5008,21844,9,419,2927                    
2026-10-06T20:25:17.891	TEL,1154,S5,416422733,5008,21844,9,416,2927                    
2026-10-06T20:25:17.891	TEL,1155,S5,416432733,5008,21844,9,422,2933                    
2026-10-06T20:25:17.891	TEL,1156,S5,416442733,5008,21844,9,425,2933                    
2026-10-06T20:25:17.891	TEL,1157,S5,416452733,5008,21844,9,425,2933                    
2026-10-06T20:25:17.891	TEL,1158,S5,416462733,5008,21844,9,422,2933                    
2026-10-06T20:25:17.891	TEL,1159,S5,416472733,5008,21844,9,419,2932                    
2026-10-06T20:25:17.891	TEL,1160,S5,416482733,5008,21844,9,419,2932                    
2026-10-06T20:25:17.891	TEL,1161,S5,416492733,5008,21844,9,416,2927                    
2026-10-06T20:25:17.891	TEL,1162,S5,416502733,5008,21844,9,425,2927                    
2026-10-06T20:25:17.891	TEL,1163,S5,416512733,5008,21844,9,433,2933                    
2026-10-06T20:25:17.891	TEL,1164,S5,416522733,5008,21844,9,422,2933                    
2026-10-06T20:25:17.891	TEL,1165,S5,416532733,5008,21844,9,422,2933                    
2026-10-06T20:25:17.891	TEL,1166,S5,416542733,5008,21844,9,422,2933                    
2026-10-06T20:25:17.891	TEL,1167,S5,416552733,5008,21844,9,416,2927                    
2026-10-06T20:25:17.891	TEL,1168,S5,416562733,5008,21844,9,416,2927                    
2026-10-06T20:25:17.891	TEL,1169,S5,416572733,5008,21844,9,422,2933                    
2026-10-06T20:25:18.518	TEL,1170,S5,416582733,5008,21844,9,416,2933                    
2026-10-06T20:25:18.518	TEL,1171,S5,416592733,5008,21844,9,410,2927                    
2026-10-06T20:25:18.518	TEL,1172,S5,416602733,5008,21844,9,419,2927                    
2026-10-06T20:25:18.518	TEL,1173,S5,416612733,5008,21844,9,425,2933                    
2026-10-06T20:25:18.518	TEL,1174,S5,416622733,5008,21844,9,419,2933                    
2026-10-06T20:25:18.518	TEL,1175,S5,416632733,5008,21844,9,419,2933                    
2026-10-06T20:25:18.518	TEL,1176,S5,416642733,5008,21844,9,428,2933                    
2026-10-06T20:25:18.518	TEL,1177,S5,416652733,5008,21844,9,428,2933                    
2026-10-06T20:25:18.518	TEL,1178,S5,416662733,5008,21844,9,433,2933                    
2026-10-06T20:25:18.518	TEL,1179,S5,416672733,5008,21844,9,433,2933                    
2026-10-06T20:25:18.518	TEL,1180,S5,416682733,5008,21844,9,422,2933                    
2026-10-06T20:25:18.518	TEL,1181,S5,416692733,5008,21844,9,422,2933                    
2026-10-06T20:25:18.518	TEL,1182,S5,416702733,5008,21844,9,428,2933                    
2026-10-06T20:25:18.518	TEL,1183,S5,416712733,5008,21844,9,422,2927                    
2026-10-06T20:25:18.518	TEL,1184,S5,416722733,5008,21844,9,419,2927                    
2026-10-06T20:25:18.518	TEL,1185,S5,416732733,5008,21844,9,425,2933                    
2026-10-06T20:25:18.518	TEL,1186,S5,416742733,5008,21844,9,422,2933                    
2026-10-06T20:25:18.518	TEL,1187,S5,416752733,5008,21844,9,419,2930                    
2026-10-06T20:25:18.518	TEL,1188,S5,416762733,5008,21844,9,425,2930                    
2026-10-06T20:25:18.518	TEL,1189,S5,416772733,5008,21844,9,428,2933                    
2026-10-06T20:25:18.518	TEL,1190,S5,416782733,5008,21844,9,428,2933                    
2026-10-06T20:25:18.518	TEL,1191,S5,416792733,5008,21844,9,422,2927                    
2026-10-06T20:25:18.518	TEL,1192,S5,416802733,5008,21844,9,422,2927                    
2026-10-06T20:25:18.518	TEL,1193,S5,416812733,5008,21844,9,425,2930                    
2026-10-06T20:25:18.518	TEL,1194,S5,416822733,5008,21844,9,422,2930                    
2026-10-06T20:25:18.519	TEL,1195,S5,416832733,5008,21844,9,419,2927                    
2026-10-06T20:25:18.519	TEL,1196,S5,416842733,5008,21844,9,422,2927                    
2026-10-06T20:25:18.519	TEL,1197,S5,416852733,5008,21844,9,428,2933                    
2026-10-06T20:25:18.538	TEL,1198,S5,416862733,5008,21844,9,422,2933                    
2026-10-06T20:25:18.538	TEL,1199,S5,416872733,5008,21844,9,416,2927                    
2026-10-06T20:25:18.538	TEL,1200,S5,416882733,5008,21844,9,422,2927                    
2026-10-06T20:25:18.538	TEL,1201,S5,416892733,5008,21844,9,428,2933                    
2026-10-06T20:25:18.538	TEL,1202,S5,416902733,5008,21844,9,428,2933                    
2026-10-06T20:25:18.538	TEL,1203,S5,416912733,5008,21844,9,428,2933                    
2026-10-06T20:25:18.538	TEL,1204,S5,416922733,5008,21844,9,428,2933                    
2026-10-06T20:25:18.538	TEL,1205,S5,416932733,5008,21844,9,428,2933                    
2026-10-06T20:25:18.538	TEL,1206,S5,416942733,5008,21844,9,433,2933                    
2026-10-06T20:25:18.538	TEL,1207,S5,416952733,5008,21844,9,425,2927                    
2026-10-06T20:25:18.538	TEL,1208,S5,416962733,5008,21844,9,422,2927                    
2026-10-06T20:25:18.538	TEL,1209,S5,416972733,5008,21844,9,428,2933                    
2026-10-06T20:25:18.538	TEL,1210,S5,416982733,5008,21844,9,430,2933                    
2026-10-06T20:25:18.538	TEL,1211,S5,416992733,5008,21844,9,430,2933                    
2026-10-06T20:25:18.538	TEL,1212,S5,417002733,5008,21844,9,425,2933                    
2026-10-06T20:25:18.538	TEL,1213,S5,417012739,5014,21844,9,413,2923                    
2026-10-06T20:25:18.538	BTN,10,S5,PRESSED,417008942,417012758                          
2026-10-06T20:25:18.538	TEL,1214,S5,417022733,5008,21844,10,416,2923                   
2026-10-06T20:25:18.538	TEL,1215,S5,417032733,5008,21844,10,425,2932                   
2026-10-06T20:25:18.538	TEL,1216,S5,417042733,5008,21844,10,422,2932                   
2026-10-06T20:25:18.538	TEL,1217,S5,417052733,5008,21844,10,428,2935                   
2026-10-06T20:25:18.538	TEL,1218,S5,417062733,5008,21844,10,425,2935                   
2026-10-06T20:25:18.538	TEL,1219,S5,417072733,5008,21844,10,425,2935                   
2026-10-06T20:25:18.538	TEL,1220,S5,417082733,5008,21844,10,428,2935                   
2026-10-06T20:25:18.538	TEL,1221,S5,417092733,5008,21844,10,428,2935                   
2026-10-06T20:25:18.538	TEL,1222,S5,417102733,5008,21844,10,428,2935                   
2026-10-06T20:25:18.538	TEL,1223,S5,417112733,5008,21844,10,428,2935                   
2026-10-06T20:25:18.538	TEL,1224,S5,417122733,5008,21844,10,430,2935                   
2026-10-06T20:25:18.538	TEL,1225,S5,417132733,5008,21844,10,430,2933                   
2026-10-06T20:25:18.538	TEL,1226,S5,417142733,5008,21844,10,425,2933                   
2026-10-06T20:25:18.538	TEL,1227,S5,417152733,5008,21844,10,428,2935                   
2026-10-06T20:25:18.538	TEL,1228,S5,417162733,5008,21844,10,428,2935                   
2026-10-06T20:25:18.538	TEL,1229,S5,417172733,5008,21844,10,425,2933                   
2026-10-06T20:25:18.538	TEL,1230,S5,417182733,5008,21844,10,422,2933                   
2026-10-06T20:25:19.135	TEL,1231,S5,417192733,5008,21844,10,419,2932                   
2026-10-06T20:25:19.135	TEL,1232,S5,417202733,5008,21844,10,419,2932                   
2026-10-06T20:25:19.135	TEL,1233,S5,417212733,5008,21844,10,425,2937                   
2026-10-06T20:25:19.135	TEL,1234,S5,417222733,5008,21844,10,428,2937                   
2026-10-06T20:25:19.135	TEL,1235,S5,417232733,5008,21844,10,428,2935                   
2026-10-06T20:25:19.135	TEL,1236,S5,417242733,5008,21844,10,425,2935                   
2026-10-06T20:25:19.135	TEL,1237,S5,417252733,5008,21844,10,425,2935                   
2026-10-06T20:25:19.135	TEL,1238,S5,417262733,5008,21844,10,428,2935                   
2026-10-06T20:25:19.135	TEL,1239,S5,417272733,5008,21844,10,428,2935                   
2026-10-06T20:25:19.135	TEL,1240,S5,417282733,5008,21844,10,428,2935                   
2026-10-06T20:25:19.135	TEL,1241,S5,417292733,5008,21844,10,428,2935                   
2026-10-06T20:25:19.135	TEL,1242,S5,417302733,5008,21844,10,428,2935                   
2026-10-06T20:25:19.135	TEL,1243,S5,417312733,5008,21844,10,422,2932                   
2026-10-06T20:25:19.135	TEL,1244,S5,417322733,5008,21844,10,422,2932                   
2026-10-06T20:25:19.135	TEL,1245,S5,417332733,5008,21844,10,422,2932                   
2026-10-06T20:25:19.135	TEL,1246,S5,417342733,5008,21844,10,419,2932                   
2026-10-06T20:25:19.135	TEL,1247,S5,417352733,5008,21844,10,425,2935                   
2026-10-06T20:25:19.135	TEL,1248,S5,417362733,5008,21844,10,428,2935                   
2026-10-06T20:25:19.135	TEL,1249,S5,417372733,5008,21844,10,428,2935                   
2026-10-06T20:25:19.135	TEL,1250,S5,417382733,5008,21844,10,425,2935                   
2026-10-06T20:25:19.135	TEL,1251,S5,417392733,5008,21844,10,425,2935                   
2026-10-06T20:25:19.135	TEL,1252,S5,417402733,5008,21844,10,428,2935                   
2026-10-06T20:25:19.135	TEL,1253,S5,417412733,5008,21844,10,422,2932                   
2026-10-06T20:25:19.135	TEL,1254,S5,417422733,5008,21844,10,419,2932                   
2026-10-06T20:25:19.135	TEL,1255,S5,417432733,5008,21844,10,419,2932                   
2026-10-06T20:25:19.135	TEL,1256,S5,417442733,5008,21844,10,419,2932                   
2026-10-06T20:25:19.135	TEL,1257,S5,417452733,5008,21844,10,425,2935                   
2026-10-06T20:25:19.135	TEL,1258,S5,417462733,5008,21844,10,425,2935                   
2026-10-06T20:25:19.135	TEL,1259,S5,417472733,5008,21844,10,419,2932                   
2026-10-06T20:25:19.135	TEL,1260,S5,417482733,5008,21844,10,419,2932                   
2026-10-06T20:25:19.135	TEL,1261,S5,417492733,5008,21844,10,419,2932                   
2026-10-06T20:25:19.135	TEL,1262,S5,417502733,5008,21844,10,422,2932                   
2026-10-06T20:25:19.135	TEL,1263,S5,417512733,5008,21844,10,422,2930                   
2026-10-06T20:25:19.135	TEL,1264,S5,417522733,5008,21844,10,422,2930                   
2026-10-06T20:25:19.135	TEL,1265,S5,417532733,5008,21844,10,425,2933                   
2026-10-06T20:25:19.135	TEL,1266,S5,417542733,5008,21844,10,425,2933                   
2026-10-06T20:25:19.135	TEL,1267,S5,417552733,5008,21844,10,428,2935                   
2026-10-06T20:25:19.135	TEL,1268,S5,417562733,5008,21844,10,428,2935                   
2026-10-06T20:25:19.135	TEL,1269,S5,417572733,5008,21844,10,428,2935                   
2026-10-06T20:25:19.135	TEL,1270,S5,417582733,5008,21844,10,425,2935                   
2026-10-06T20:25:19.135	TEL,1271,S5,417592733,5008,21844,10,419,2932                   
2026-10-06T20:25:19.135	TEL,1272,S5,417602733,5008,21844,10,419,2932                   
2026-10-06T20:25:19.135	TEL,1273,S5,417612733,5008,21844,10,419,2932                   
2026-10-06T20:25:19.135	TEL,1274,S5,417622733,5008,21844,10,419,2932                   
2026-10-06T20:25:19.135	TEL,1275,S5,417632733,5008,21844,10,422,2933                   
2026-10-06T20:25:19.135	TEL,1276,S5,417642733,5008,21844,10,430,2933                   
2026-10-06T20:25:19.135	TEL,1277,S5,417652733,5008,21844,10,430,2935                   
2026-10-06T20:25:19.135	TEL,1278,S5,417662733,5008,21844,10,422,2935                   
2026-10-06T20:25:19.135	TEL,1279,S5,417672733,5008,21844,10,425,2939                   
2026-10-06T20:25:19.135	TEL,1280,S5,417682733,5008,21844,10,430,2939                   
2026-10-06T20:25:19.135	TEL,1281,S5,417692733,5008,21844,10,422,2932                   
2026-10-06T20:25:19.135	TEL,1282,S5,417702733,5008,21844,10,419,2932                   
2026-10-06T20:25:19.135	TEL,1283,S5,417712733,5008,21844,10,425,2935                   
2026-10-06T20:25:19.135	TEL,1284,S5,417722733,5008,21844,10,428,2935                   
2026-10-06T20:25:19.135	TEL,1285,S5,417732733,5008,21844,10,425,2932                   
2026-10-06T20:25:19.135	TEL,1286,S5,417742733,5008,21844,10,422,2932                   
2026-10-06T20:25:19.135	TEL,1287,S5,417752733,5008,21844,10,422,2932                   
2026-10-06T20:25:19.135	TEL,1288,S5,417762733,5008,21844,10,428,2932                   
2026-10-06T20:25:19.135	TEL,1289,S5,417772733,5008,21844,10,430,2935                   
2026-10-06T20:25:19.135	TEL,1290,S5,417782733,5008,21844,10,428,2935                   
2026-10-06T20:25:19.135	TEL,1291,S5,417792733,5008,21844,10,425,2933                   
2026-10-06T20:25:19.135	TEL,1292,S5,417802733,5008,21844,10,428,2933                   
2026-10-06T20:25:19.756	TEL,1293,S5,417812733,5008,21844,10,428,2935                   
2026-10-06T20:25:19.756	TEL,1294,S5,417822733,5008,21844,10,428,2935                   
2026-10-06T20:25:19.756	TEL,1295,S5,417832733,5008,21844,10,428,2935                   
2026-10-06T20:25:19.756	TEL,1296,S5,417842739,5014,21844,10,425,2935                   
2026-10-06T20:25:19.756	BTN,11,S5,PRESSED,417841947,417842758                          
2026-10-06T20:25:19.756	TEL,1297,S5,417852733,5008,21844,11,419,2930                   
2026-10-06T20:25:19.756	TEL,1298,S5,417862733,5008,21844,11,422,2930                   
2026-10-06T20:25:19.756	TEL,1299,S5,417872733,5008,21844,11,422,2932                   
2026-10-06T20:25:19.756	TEL,1300,S5,417882733,5008,21844,11,422,2932                   
2026-10-06T20:25:19.756	TEL,1301,S5,417892733,5008,21844,11,425,2933                   
2026-10-06T20:25:19.756	TEL,1302,S5,417902733,5008,21844,11,425,2933                   
2026-10-06T20:25:19.756	TEL,1303,S5,417912733,5008,21844,11,422,2932                   
2026-10-06T20:25:19.756	TEL,1304,S5,417922733,5008,21844,11,425,2932                   
2026-10-06T20:25:19.756	TEL,1305,S5,417932733,5008,21844,11,425,2932                   
2026-10-06T20:25:19.756	TEL,1306,S5,417942733,5008,21844,11,419,2932                   
2026-10-06T20:25:19.756	TEL,1307,S5,417952733,5008,21844,11,425,2935                   
2026-10-06T20:25:19.756	TEL,1308,S5,417962733,5008,21844,11,422,2935                   
2026-10-06T20:25:19.756	TEL,1309,S5,417972733,5008,21844,11,413,2928                   
2026-10-06T20:25:19.756	TEL,1310,S5,417982733,5008,21844,11,416,2928                   
2026-10-06T20:25:19.756	TEL,1311,S5,417992733,5008,21844,11,425,2935                   
2026-10-06T20:25:19.756	TEL,1312,S5,418002733,5008,21844,11,428,2935                   
2026-10-06T20:25:19.756	TEL,1313,S5,418012733,5008,21844,11,428,2935                   
2026-10-06T20:25:19.756	TEL,1314,S5,418022733,5008,21844,11,428,2935                   
2026-10-06T20:25:19.756	TEL,1315,S5,418032733,5008,21844,11,422,2932                   
2026-10-06T20:25:19.756	TEL,1316,S5,418042733,5008,21844,11,430,2932                   
2026-10-06T20:25:19.756	TEL,1317,S5,418052733,5008,21844,11,430,2932                   
2026-10-06T20:25:19.756	TEL,1318,S5,418062733,5008,21844,11,422,2932                   
2026-10-06T20:25:19.756	TEL,1319,S5,418072733,5008,21844,11,422,2932                   
2026-10-06T20:25:19.756	TEL,1320,S5,418082733,5008,21844,11,422,2932                   
2026-10-06T20:25:19.756	TEL,1321,S5,418092733,5008,21844,11,425,2933                   
2026-10-06T20:25:19.756	TEL,1322,S5,418102733,5008,21844,11,425,2933                   
2026-10-06T20:25:19.756	TEL,1323,S5,418112733,5008,21844,11,428,2935                   
2026-10-06T20:25:19.756	TEL,1324,S5,418122733,5008,21844,11,428,2935                   
2026-10-06T20:25:19.756	TEL,1325,S5,418132733,5008,21844,11,428,2935                   
2026-10-06T20:25:19.756	TEL,1326,S5,418142733,5008,21844,11,425,2935                   
2026-10-06T20:25:19.756	TEL,1327,S5,418152733,5008,21844,11,419,2932                   
2026-10-06T20:25:19.756	TEL,1328,S5,418162733,5008,21844,11,419,2932                   
2026-10-06T20:25:19.756	TEL,1329,S5,418172733,5008,21844,11,419,2932                   
2026-10-06T20:25:19.756	TEL,1330,S5,418182733,5008,21844,11,422,2932                   
2026-10-06T20:25:19.756	TEL,1331,S5,418192733,5008,21844,11,428,2935                   
2026-10-06T20:25:19.756	TEL,1332,S5,418202733,5008,21844,11,428,2935                   
2026-10-06T20:25:19.756	TEL,1333,S5,418212733,5008,21844,11,422,2932                   
2026-10-06T20:25:19.756	TEL,1334,S5,418222733,5008,21844,11,422,2932                   
2026-10-06T20:25:19.756	TEL,1335,S5,418232733,5008,21844,11,428,2935                   
2026-10-06T20:25:19.756	TEL,1336,S5,418242733,5008,21844,11,425,2935                   
2026-10-06T20:25:19.756	TEL,1337,S5,418252733,5008,21844,11,428,2939                   
2026-10-06T20:25:19.756	TEL,1338,S5,418262733,5008,21844,11,430,2939                   
2026-10-06T20:25:19.756	TEL,1339,S5,418272733,5008,21844,11,422,2932                   
2026-10-06T20:25:19.756	TEL,1340,S5,418282733,5008,21844,11,422,2932                   
2026-10-06T20:25:19.756	TEL,1341,S5,418292733,5008,21844,11,428,2935                   
2026-10-06T20:25:19.756	TEL,1342,S5,418302733,5008,21844,11,425,2935                   
2026-10-06T20:25:19.756	TEL,1343,S5,418312733,5008,21844,11,425,2935                   
2026-10-06T20:25:19.756	TEL,1344,S5,418322733,5008,21844,11,428,2935                   
2026-10-06T20:25:19.756	TEL,1345,S5,418332733,5008,21844,11,422,2932                   
2026-10-06T20:25:19.756	TEL,1346,S5,418342733,5008,21844,11,425,2932                   
2026-10-06T20:25:19.756	TEL,1347,S5,418352733,5008,21844,11,425,2932                   
2026-10-06T20:25:19.756	TEL,1348,S5,418362733,5008,21844,11,422,2932                   
2026-10-06T20:25:19.756	TEL,1349,S5,418372733,5008,21844,11,422,2932                   
2026-10-06T20:25:19.756	TEL,1350,S5,418382733,5008,21844,11,425,2932                   
2026-10-06T20:25:19.756	TEL,1351,S5,418392733,5008,21844,11,428,2935                   
2026-10-06T20:25:19.756	TEL,1352,S5,418402733,5008,21844,11,425,2935                   
2026-10-06T20:25:19.756	TEL,1353,S5,418412733,5008,21844,11,416,2928                   
2026-10-06T20:25:20.375	TEL,1354,S5,418422733,5008,21844,11,419,2928                   
2026-10-06T20:25:20.375	BTN,12,S5,PRESSED,418423952,418423960                          
2026-10-06T20:25:20.375	TEL,1355,S5,418432733,5008,21844,12,422,2932                   
2026-10-06T20:25:20.375	TEL,1356,S5,418442733,5008,21844,12,419,2932                   
2026-10-06T20:25:20.375	TEL,1357,S5,418452733,5008,21844,12,419,2932                   
2026-10-06T20:25:20.375	TEL,1358,S5,418462733,5008,21844,12,419,2932                   
2026-10-06T20:25:20.375	TEL,1359,S5,418472733,5008,21844,12,425,2935                   
2026-10-06T20:25:20.375	TEL,1360,S5,418482733,5008,21844,12,428,2935                   
2026-10-06T20:25:20.375	TEL,1361,S5,418492733,5008,21844,12,422,2932                   
2026-10-06T20:25:20.375	TEL,1362,S5,418502733,5008,21844,12,422,2932                   
2026-10-06T20:25:20.375	TEL,1363,S5,418512733,5008,21844,12,428,2935                   
2026-10-06T20:25:20.375	TEL,1364,S5,418522733,5008,21844,12,433,2935                   
2026-10-06T20:25:20.375	TEL,1365,S5,418532733,5008,21844,12,433,2935                   
2026-10-06T20:25:20.375	TEL,1366,S5,418542733,5008,21844,12,425,2935                   
2026-10-06T20:25:20.375	TEL,1367,S5,418552733,5008,21844,12,422,2933                   
2026-10-06T20:25:20.375	TEL,1368,S5,418562733,5008,21844,12,433,2933                   
2026-10-06T20:25:20.375	TEL,1369,S5,418572733,5008,21844,12,433,2935                   
2026-10-06T20:25:20.375	TEL,1370,S5,418582733,5008,21844,12,428,2935                   
2026-10-06T20:25:20.375	TEL,1371,S5,418592733,5008,21844,12,422,2932                   
2026-10-06T20:25:20.375	TEL,1372,S5,418602733,5008,21844,12,419,2932                   
2026-10-06T20:25:20.375	TEL,1373,S5,418612733,5008,21844,12,422,2935                   
2026-10-06T20:25:20.375	TEL,1374,S5,418622733,5008,21844,12,422,2935                   
2026-10-06T20:25:20.375	TEL,1375,S5,418632733,5008,21844,12,422,2935                   
2026-10-06T20:25:20.375	TEL,1376,S5,418642733,5008,21844,12,425,2935                   
2026-10-06T20:25:20.375	TEL,1377,S5,418652733,5008,21844,12,419,2930                   
2026-10-06T20:25:20.375	TEL,1378,S5,418662733,5008,21844,12,425,2930                   
2026-10-06T20:25:20.375	TEL,1379,S5,418672733,5008,21844,12,428,2935                   
2026-10-06T20:25:20.375	TEL,1380,S5,418682733,5008,21844,12,428,2935                   
2026-10-06T20:25:20.375	TEL,1381,S5,418692733,5008,21844,12,428,2935                   
2026-10-06T20:25:20.375	TEL,1382,S5,418702733,5008,21844,12,428,2935                   
2026-10-06T20:25:20.375	TEL,1383,S5,418712733,5008,21844,12,428,2935                   
2026-10-06T20:25:20.375	TEL,1384,S5,418722733,5008,21844,12,422,2935                   
2026-10-06T20:25:20.375	TEL,1385,S5,418732733,5008,21844,12,419,2932                   
2026-10-06T20:25:20.375	TEL,1386,S5,418742733,5008,21844,12,430,2932                   
2026-10-06T20:25:20.375	TEL,1387,S5,418752733,5008,21844,12,433,2935                   
2026-10-06T20:25:20.376	TEL,1388,S5,418762733,5008,21844,12,422,2935                   
2026-10-06T20:25:20.376	TEL,1389,S5,418772733,5008,21844,12,422,2935                   
2026-10-06T20:25:20.376	TEL,1390,S5,418782733,5008,21844,12,428,2935                   
2026-10-06T20:25:20.376	TEL,1391,S5,418792733,5008,21844,12,428,2935                   
2026-10-06T20:25:20.376	TEL,1392,S5,418802733,5008,21844,12,425,2935                   
2026-10-06T20:25:20.376	TEL,1393,S5,418812733,5008,21844,12,419,2930                   
2026-10-06T20:25:20.376	TEL,1394,S5,418822733,5008,21844,12,422,2930                   
2026-10-06T20:25:20.376	TEL,1395,S5,418832733,5008,21844,12,428,2935                   
2026-10-06T20:25:20.376	TEL,1396,S5,418842733,5008,21844,12,428,2935                   
2026-10-06T20:25:20.376	TEL,1397,S5,418852733,5008,21844,12,425,2932                   
2026-10-06T20:25:20.376	TEL,1398,S5,418862733,5008,21844,12,419,2932                   
2026-10-06T20:25:20.376	TEL,1399,S5,418872733,5008,21844,12,425,2935                   
2026-10-06T20:25:20.376	TEL,1400,S5,418882733,5008,21844,12,428,2935                   
2026-10-06T20:25:20.376	TEL,1401,S5,418892733,5008,21844,12,428,2935                   
2026-10-06T20:25:20.376	TEL,1402,S5,418902733,5008,21844,12,425,2935                   
2026-10-06T20:25:20.376	TEL,1403,S5,418912733,5008,21844,12,419,2932                   
2026-10-06T20:25:20.376	TEL,1404,S5,418922733,5008,21844,12,422,2932                   
2026-10-06T20:25:20.376	TEL,1405,S5,418932733,5008,21844,12,422,2932                   
2026-10-06T20:25:20.376	TEL,1406,S5,418942739,5014,21844,12,422,2932                   
2026-10-06T20:25:20.376	BTN,13,S5,PRESSED,418940958,418942758                          
2026-10-06T20:25:20.376	TEL,1407,S5,418952733,5008,21844,13,428,2937                   
2026-10-06T20:25:20.376	TEL,1408,S5,418962733,5008,21844,13,428,2937                   
2026-10-06T20:25:20.376	TEL,1409,S5,418972733,5008,21844,13,425,2933                   
2026-10-06T20:25:20.376	TEL,1410,S5,418982733,5008,21844,13,425,2933                   
2026-10-06T20:25:20.376	TEL,1411,S5,418992733,5008,21844,13,425,2933                   
2026-10-06T20:25:20.376	TEL,1412,S5,419002733,5008,21844,13,425,2933                   
2026-10-06T20:25:20.376	TEL,1413,S5,419012733,5008,21844,13,428,2935                   
2026-10-06T20:25:20.995	TEL,1414,S5,419022733,5008,21844,13,428,2935                   
2026-10-06T20:25:20.995	TEL,1415,S5,419032733,5008,21844,13,422,2932                   
2026-10-06T20:25:20.995	TEL,1416,S5,419042733,5008,21844,13,422,2932                   
2026-10-06T20:25:20.995	TEL,1417,S5,419052733,5008,21844,13,422,2932                   
2026-10-06T20:25:20.995	TEL,1418,S5,419062733,5008,21844,13,419,2932                   
2026-10-06T20:25:20.995	TEL,1419,S5,419072733,5008,21844,13,425,2935                   
2026-10-06T20:25:20.995	TEL,1420,S5,419082733,5008,21844,13,428,2935                   
2026-10-06T20:25:20.995	TEL,1421,S5,419092733,5008,21844,13,422,2930                   
2026-10-06T20:25:20.995	TEL,1422,S5,419102733,5008,21844,13,419,2930                   
2026-10-06T20:25:20.995	TEL,1423,S5,419112733,5008,21844,13,422,2933                   
2026-10-06T20:25:20.995	TEL,1424,S5,419122733,5008,21844,13,425,2933                   
2026-10-06T20:25:20.995	TEL,1425,S5,419132733,5008,21844,13,428,2935                   
2026-10-06T20:25:20.995	TEL,1426,S5,419142733,5008,21844,13,425,2935                   
2026-10-06T20:25:20.995	TEL,1427,S5,419152733,5008,21844,13,425,2937                   
2026-10-06T20:25:20.995	TEL,1428,S5,419162733,5008,21844,13,428,2937                   
2026-10-06T20:25:20.995	TEL,1429,S5,419172733,5008,21844,13,422,2930                   
2026-10-06T20:25:20.995	TEL,1430,S5,419182733,5008,21844,13,419,2930                   
2026-10-06T20:25:20.995	TEL,1431,S5,419192733,5008,21844,13,419,2932                   
2026-10-06T20:25:20.995	TEL,1432,S5,419202733,5008,21844,13,428,2932                   
2026-10-06T20:25:20.995	TEL,1433,S5,419212733,5008,21844,13,430,2935                   
2026-10-06T20:25:20.995	TEL,1434,S5,419222733,5008,21844,13,428,2935                   
2026-10-06T20:25:20.995	TEL,1435,S5,419232733,5008,21844,13,428,2935                   
2026-10-06T20:25:20.995	TEL,1436,S5,419242733,5008,21844,13,428,2935                   
2026-10-06T20:25:20.995	TEL,1437,S5,419252733,5008,21844,13,430,2939                   
2026-10-06T20:25:20.995	TEL,1438,S5,419262733,5008,21844,13,436,2939                   
2026-10-06T20:25:20.995	TEL,1439,S5,419272733,5008,21844,13,430,2932                   
2026-10-06T20:25:20.995	TEL,1440,S5,419282733,5008,21844,13,422,2932                   
2026-10-06T20:25:20.995	TEL,1441,S5,419292733,5008,21844,13,419,2928                   
2026-10-06T20:25:20.995	TEL,1442,S5,419302733,5008,21844,13,416,2928                   
2026-10-06T20:25:20.995	TEL,1443,S5,419312733,5008,21844,13,419,2932                   
2026-10-06T20:25:20.995	TEL,1444,S5,419322733,5008,21844,13,419,2932                   
2026-10-06T20:25:20.995	TEL,1445,S5,419332733,5008,21844,13,419,2932                   
2026-10-06T20:25:20.996	TEL,1446,S5,419342733,5008,21844,13,419,2932                   
2026-10-06T20:25:20.996	TEL,1447,S5,419352733,5008,21844,13,419,2932                   
2026-10-06T20:25:20.996	TEL,1448,S5,419362733,5008,21844,13,428,2932                   
2026-10-06T20:25:20.996	TEL,1449,S5,419372733,5008,21844,13,428,2932                   
2026-10-06T20:25:20.996	TEL,1450,S5,419382733,5008,21844,13,419,2932                   
2026-10-06T20:25:20.996	TEL,1451,S5,419392733,5008,21844,13,419,2932                   
2026-10-06T20:25:20.996	TEL,1452,S5,419402733,5008,21844,13,422,2932                   
2026-10-06T20:25:20.996	TEL,1453,S5,419412733,5008,21844,13,422,2932                   
2026-10-06T20:25:20.996	TEL,1454,S5,419422733,5008,21844,13,422,2932                   
2026-10-06T20:25:20.996	TEL,1455,S5,419432733,5008,21844,13,428,2935                   
2026-10-06T20:25:20.996	TEL,1456,S5,419442733,5008,21844,13,428,2935                   
2026-10-06T20:25:20.996	TEL,1457,S5,419452733,5008,21844,13,422,2932                   
2026-10-06T20:25:20.996	TEL,1458,S5,419462733,5008,21844,13,419,2932                   
2026-10-06T20:25:20.996	TEL,1459,S5,419472733,5008,21844,13,419,2932                   
2026-10-06T20:25:20.996	TEL,1460,S5,419482733,5008,21844,13,422,2932                   
2026-10-06T20:25:20.996	TEL,1461,S5,419492733,5008,21844,13,422,2932                   
2026-10-06T20:25:20.996	TEL,1462,S5,419502733,5008,21844,13,419,2932                   
2026-10-06T20:25:20.996	TEL,1463,S5,419512733,5008,21844,13,419,2933                   
2026-10-06T20:25:20.996	TEL,1464,S5,419522733,5008,21844,13,422,2933                   
2026-10-06T20:25:20.996	TEL,1465,S5,419532733,5008,21844,13,419,2932                   
2026-10-06T20:25:20.996	TEL,1466,S5,419542733,5008,21844,13,419,2932                   
2026-10-06T20:25:20.996	TEL,1467,S5,419552733,5008,21844,13,419,2932                   
2026-10-06T20:25:20.996	TEL,1468,S5,419562733,5008,21844,13,419,2932                   
2026-10-06T20:25:20.996	TEL,1469,S5,419572733,5008,21844,13,419,2932                   
2026-10-06T20:25:20.996	TEL,1470,S5,419582733,5008,21844,13,419,2932                   
2026-10-06T20:25:20.996	TEL,1471,S5,419592733,5008,21844,13,419,2932                   
2026-10-06T20:25:20.996	TEL,1472,S5,419602733,5008,21844,13,422,2932                   
2026-10-06T20:25:20.996	TEL,1473,S5,419612733,5008,21844,13,428,2935                   
2026-10-06T20:25:20.996	TEL,1474,S5,419622733,5008,21844,13,428,2935                   
2026-10-06T20:25:20.996	TEL,1475,S5,419632733,5008,21844,13,422,2932                   
2026-10-06T20:25:21.615	TEL,1476,S5,419642733,5008,21844,13,419,2932                   
2026-10-06T20:25:21.615	TEL,1477,S5,419652733,5008,21844,13,425,2935                   
2026-10-06T20:25:21.615	TEL,1478,S5,419662733,5008,21844,13,422,2935                   
2026-10-06T20:25:21.615	TEL,1479,S5,419672733,5008,21844,13,422,2935                   
2026-10-06T20:25:21.615	TEL,1480,S5,419682733,5008,21844,13,428,2935                   
2026-10-06T20:25:21.615	TEL,1481,S5,419692733,5008,21844,13,428,2935                   
2026-10-06T20:25:21.615	TEL,1482,S5,419702733,5008,21844,13,428,2935                   
2026-10-06T20:25:21.615	TEL,1483,S5,419712733,5008,21844,13,422,2932                   
2026-10-06T20:25:21.615	TEL,1484,S5,419722733,5008,21844,13,422,2932                   
2026-10-06T20:25:21.615	TEL,1485,S5,419732733,5008,21844,13,425,2933                   
2026-10-06T20:25:21.615	TEL,1486,S5,419742733,5008,21844,13,425,2933                   
2026-10-06T20:25:21.615	TEL,1487,S5,419752739,5014,21844,13,428,2935                   
2026-10-06T20:25:21.615	BTN,14,S5,PRESSED,419751963,419752758                          
2026-10-06T20:25:21.615	TEL,1488,S5,419762733,5008,21844,14,430,2935                   
2026-10-06T20:25:21.615	TEL,1489,S5,419772733,5008,21844,14,428,2932                   
2026-10-06T20:25:21.615	TEL,1490,S5,419782733,5008,21844,14,428,2932                   
2026-10-06T20:25:21.615	TEL,1491,S5,419792733,5008,21844,14,428,2932                   
2026-10-06T20:25:21.615	TEL,1492,S5,419802733,5008,21844,14,419,2932                   
2026-10-06T20:25:21.615	TEL,1493,S5,419812733,5008,21844,14,419,2932                   
2026-10-06T20:25:21.615	TEL,1494,S5,419822733,5008,21844,14,428,2932                   
2026-10-06T20:25:21.615	TEL,1495,S5,419832733,5008,21844,14,430,2935                   
2026-10-06T20:25:21.615	TEL,1496,S5,419842733,5008,21844,14,425,2935                   
2026-10-06T20:25:21.615	TEL,1497,S5,419852733,5008,21844,14,419,2932                   
2026-10-06T20:25:21.615	TEL,1498,S5,419862733,5008,21844,14,419,2932                   
2026-10-06T20:25:21.615	TEL,1499,S5,419872733,5008,21844,14,419,2932                   
2026-10-06T20:25:21.615	TEL,1500,S5,419882733,5008,21844,14,419,2932                   
2026-10-06T20:25:21.615	TEL,1501,S5,419892733,5008,21844,14,419,2932                   
2026-10-06T20:25:21.615	TEL,1502,S5,419902733,5008,21844,14,422,2932                   
2026-10-06T20:25:21.615	TEL,1503,S5,419912733,5008,21844,14,425,2933                   
2026-10-06T20:25:21.615	TEL,1504,S5,419922733,5008,21844,14,430,2933                   
2026-10-06T20:25:21.615	TEL,1505,S5,419932733,5008,21844,14,430,2935                   
2026-10-06T20:25:21.615	TEL,1506,S5,419942733,5008,21844,14,425,2935                   
2026-10-06T20:25:21.615	TEL,1507,S5,419952733,5008,21844,14,419,2932                   
2026-10-06T20:25:21.615	TEL,1508,S5,419962733,5008,21844,14,419,2932                   
2026-10-06T20:25:21.615	TEL,1509,S5,419972733,5008,21844,14,419,2932                   
2026-10-06T20:25:21.615	TEL,1510,S5,419982733,5008,21844,14,422,2932                   
2026-10-06T20:25:21.615	TEL,1511,S5,419992733,5008,21844,14,428,2935                   
2026-10-06T20:25:21.615	TEL,1512,S5,420002733,5008,21844,14,425,2935                   
2026-10-06T20:25:21.615	TEL,1513,S5,420012733,5008,21844,14,425,2935                   
2026-10-06T20:25:21.615	TEL,1514,S5,420022733,5008,21844,14,425,2935                   
2026-10-06T20:25:21.615	TEL,1515,S5,420032733,5008,21844,14,425,2935                   
2026-10-06T20:25:21.615	TEL,1516,S5,420042733,5008,21844,14,425,2935                   
2026-10-06T20:25:21.615	TEL,1517,S5,420052733,5008,21844,14,425,2935                   
2026-10-06T20:25:21.615	TEL,1518,S5,420062733,5008,21844,14,428,2935                   
2026-10-06T20:25:21.615	TEL,1519,S5,420072733,5008,21844,14,422,2932                   
2026-10-06T20:25:21.615	TEL,1520,S5,420082733,5008,21844,14,422,2932                   
2026-10-06T20:25:21.615	TEL,1521,S5,420092733,5008,21844,14,428,2935                   
2026-10-06T20:25:21.615	TEL,1522,S5,420102733,5008,21844,14,425,2935                   
2026-10-06T20:25:21.615	TEL,1523,S5,420112733,5008,21844,14,419,2932                   
2026-10-06T20:25:21.615	TEL,1524,S5,420122733,5008,21844,14,419,2932                   
2026-10-06T20:25:21.615	TEL,1525,S5,420132733,5008,21844,14,425,2935                   
2026-10-06T20:25:21.615	TEL,1526,S5,420142733,5008,21844,14,422,2935                   
2026-10-06T20:25:21.615	TEL,1527,S5,420152733,5008,21844,14,419,2933                   
2026-10-06T20:25:21.615	TEL,1528,S5,420162733,5008,21844,14,422,2933                   
2026-10-06T20:25:21.615	TEL,1529,S5,420172733,5008,21844,14,419,2932                   
2026-10-06T20:25:21.615	TEL,1530,S5,420182733,5008,21844,14,422,2932                   
2026-10-06T20:25:21.615	TEL,1531,S5,420192733,5008,21844,14,422,2932                   
2026-10-06T20:25:21.615	TEL,1532,S5,420202733,5008,21844,14,422,2932                   
2026-10-06T20:25:21.615	TEL,1533,S5,420212733,5008,21844,14,428,2935                   
2026-10-06T20:25:21.615	TEL,1534,S5,420222733,5008,21844,14,422,2935                   
2026-10-06T20:25:21.615	TEL,1535,S5,420232733,5008,21844,14,419,2932                   
2026-10-06T20:25:21.615	TEL,1536,S5,420242733,5008,21844,14,419,2932                   
2026-10-06T20:25:22.236	TEL,1537,S5,420252733,5008,21844,14,422,2933                   
2026-10-06T20:25:22.236	TEL,1538,S5,420262733,5008,21844,14,433,2933                   
2026-10-06T20:25:22.236	TEL,1539,S5,420272733,5008,21844,14,433,2935                   
2026-10-06T20:25:22.236	TEL,1540,S5,420282733,5008,21844,14,428,2935                   
2026-10-06T20:25:22.236	TEL,1541,S5,420292733,5008,21844,14,428,2935                   
2026-10-06T20:25:22.236	TEL,1542,S5,420302733,5008,21844,14,422,2935                   
2026-10-06T20:25:22.236	TEL,1543,S5,420312733,5008,21844,14,419,2933                   
2026-10-06T20:25:22.236	TEL,1544,S5,420322733,5008,21844,14,425,2933                   
2026-10-06T20:25:22.236	TEL,1545,S5,420332733,5008,21844,14,422,2932                   
2026-10-06T20:25:22.236	TEL,1546,S5,420342733,5008,21844,14,419,2932                   
2026-10-06T20:25:22.236	TEL,1547,S5,420352733,5008,21844,14,425,2935                   
2026-10-06T20:25:22.236	TEL,1548,S5,420362733,5008,21844,14,428,2935                   
2026-10-06T20:25:22.236	TEL,1549,S5,420372733,5008,21844,14,428,2935                   
2026-10-06T20:25:22.236	TEL,1550,S5,420382733,5008,21844,14,428,2935                   
2026-10-06T20:25:22.236	TEL,1551,S5,420392733,5008,21844,14,422,2932                   
2026-10-06T20:25:22.236	TEL,1552,S5,420402733,5008,21844,14,419,2932                   
2026-10-06T20:25:22.236	TEL,1553,S5,420412733,5008,21844,14,416,2930                   
2026-10-06T20:25:22.236	TEL,1554,S5,420422733,5008,21844,14,422,2930                   
2026-10-06T20:25:22.236	TEL,1555,S5,420432733,5008,21844,14,422,2932                   
2026-10-06T20:25:22.236	TEL,1556,S5,420442733,5008,21844,14,422,2932                   
2026-10-06T20:25:22.236	TEL,1557,S5,420452733,5008,21844,14,422,2932                   
2026-10-06T20:25:22.236	TEL,1558,S5,420462733,5008,21844,14,428,2932                   
2026-10-06T20:25:22.236	TEL,1559,S5,420472733,5008,21844,14,430,2935                   
2026-10-06T20:25:22.236	TEL,1560,S5,420482733,5008,21844,14,428,2935                   
2026-10-06T20:25:22.236	TEL,1561,S5,420492733,5008,21844,14,428,2935                   
2026-10-06T20:25:22.236	TEL,1562,S5,420502733,5008,21844,14,428,2935                   
2026-10-06T20:25:22.236	BTN,15,S5,PRESSED,420503968,420503976                          
2026-10-06T20:25:22.236	TEL,1563,S5,420512733,5008,21844,15,422,2932                   
2026-10-06T20:25:22.236	TEL,1564,S5,420522733,5008,21844,15,422,2932                   
2026-10-06T20:25:22.236	TEL,1565,S5,420532733,5008,21844,15,422,2932                   
2026-10-06T20:25:22.236	TEL,1566,S5,420542733,5008,21844,15,416,2932                   
2026-10-06T20:25:22.236	TEL,1567,S5,420552733,5008,21844,15,416,2933                   
2026-10-06T20:25:22.236	TEL,1568,S5,420562733,5008,21844,15,425,2933                   
2026-10-06T20:25:22.236	TEL,1569,S5,420572733,5008,21844,15,428,2935                   
2026-10-06T20:25:22.236	TEL,1570,S5,420582733,5008,21844,15,428,2935                   
2026-10-06T20:25:22.236	TEL,1571,S5,420592733,5008,21844,15,428,2935                   
2026-10-06T20:25:22.236	TEL,1572,S5,420602733,5008,21844,15,425,2935                   
2026-10-06T20:25:22.236	TEL,1573,S5,420612733,5008,21844,15,425,2935                   
2026-10-06T20:25:22.236	TEL,1574,S5,420622733,5008,21844,15,428,2935                   
2026-10-06T20:25:22.236	TEL,1575,S5,420632733,5008,21844,15,422,2932                   
2026-10-06T20:25:22.236	TEL,1576,S5,420642733,5008,21844,15,422,2932                   
2026-10-06T20:25:22.236	TEL,1577,S5,420652733,5008,21844,15,428,2935                   
2026-10-06T20:25:22.236	TEL,1578,S5,420662733,5008,21844,15,430,2935                   
2026-10-06T20:25:22.236	TEL,1579,S5,420672733,5008,21844,15,428,2930                   
2026-10-06T20:25:22.236	TEL,1580,S5,420682733,5008,21844,15,416,2930                   
2026-10-06T20:25:22.236	TEL,1581,S5,420692733,5008,21844,15,419,2933                   
2026-10-06T20:25:22.236	TEL,1582,S5,420702733,5008,21844,15,425,2933                   
2026-10-06T20:25:22.236	TEL,1583,S5,420712733,5008,21844,15,422,2932                   
2026-10-06T20:25:22.236	TEL,1584,S5,420722733,5008,21844,15,419,2932                   
2026-10-06T20:25:22.236	TEL,1585,S5,420732733,5008,21844,15,425,2935                   
2026-10-06T20:25:22.236	TEL,1586,S5,420742733,5008,21844,15,425,2935                   
2026-10-06T20:25:22.236	TEL,1587,S5,420752733,5008,21844,15,425,2935                   
2026-10-06T20:25:22.236	TEL,1588,S5,420762733,5008,21844,15,430,2935                   
2026-10-06T20:25:22.236	TEL,1589,S5,420772733,5008,21844,15,430,2935                   
2026-10-06T20:25:22.236	TEL,1590,S5,420782733,5008,21844,15,430,2935                   
2026-10-06T20:25:22.236	TEL,1591,S5,420792733,5008,21844,15,433,2939                   
2026-10-06T20:25:22.236	TEL,1592,S5,420802733,5008,21844,15,430,2939                   
2026-10-06T20:25:22.236	TEL,1593,S5,420812733,5008,21844,15,428,2935                   
2026-10-06T20:25:22.236	TEL,1594,S5,420822733,5008,21844,15,428,2935                   
2026-10-06T20:25:22.236	TEL,1595,S5,420832733,5008,21844,15,422,2932                   
2026-10-06T20:25:22.236	TEL,1596,S5,420842733,5008,21844,15,422,2932                   
2026-10-06T20:25:22.236	TEL,1597,S5,420852733,5008,21844,15,425,2933                   
2026-10-06T20:25:22.855	TEL,1598,S5,420862733,5008,21844,15,419,2933                   
2026-10-06T20:25:22.855	TEL,1599,S5,420872733,5008,21844,15,419,2932                   
2026-10-06T20:25:22.855	TEL,1600,S5,420882733,5008,21844,15,428,2932                   
2026-10-06T20:25:22.855	TEL,1601,S5,420892733,5008,21844,15,430,2935                   
2026-10-06T20:25:22.855	TEL,1602,S5,420902733,5008,21844,15,425,2935                   
2026-10-06T20:25:22.855	TEL,1603,S5,420912733,5008,21844,15,419,2932                   
2026-10-06T20:25:22.855	TEL,1604,S5,420922733,5008,21844,15,419,2932                   
2026-10-06T20:25:22.855	TEL,1605,S5,420932733,5008,21844,15,419,2932                   
2026-10-06T20:25:22.855	TEL,1606,S5,420942733,5008,21844,15,419,2932                   
2026-10-06T20:25:22.855	TEL,1607,S5,420952733,5008,21844,15,419,2932                   
2026-10-06T20:25:22.855	TEL,1608,S5,420962733,5008,21844,15,422,2932                   
2026-10-06T20:25:22.855	TEL,1609,S5,420972733,5008,21844,15,416,2925                   
2026-10-06T20:25:22.855	TEL,1610,S5,420982733,5008,21844,15,416,2925                   
2026-10-06T20:25:22.855	TEL,1611,S5,420992733,5008,21844,15,422,2932                   
2026-10-06T20:25:22.855	TEL,1612,S5,421002733,5008,21844,15,422,2932                   
2026-10-06T20:25:22.855	TEL,1613,S5,421012733,5008,21844,15,428,2935                   
2026-10-06T20:25:22.855	TEL,1614,S5,421022733,5008,21844,15,428,2935                   
2026-10-06T20:25:22.855	TEL,1615,S5,421032733,5008,21844,15,422,2932                   
2026-10-06T20:25:22.855	TEL,1616,S5,421042733,5008,21844,15,422,2932                   
2026-10-06T20:25:22.855	TEL,1617,S5,421052733,5008,21844,15,428,2935                   
2026-10-06T20:25:22.855	TEL,1618,S5,421062733,5008,21844,15,428,2935                   
2026-10-06T20:25:22.855	TEL,1619,S5,421072733,5008,21844,15,422,2932                   
2026-10-06T20:25:22.855	TEL,1620,S5,421082733,5008,21844,15,419,2932                   
2026-10-06T20:25:22.855	TEL,1621,S5,421092733,5008,21844,15,422,2935                   
2026-10-06T20:25:22.855	TEL,1622,S5,421102733,5008,21844,15,428,2935                   
2026-10-06T20:25:22.855	TEL,1623,S5,421112733,5008,21844,15,428,2935                   
2026-10-06T20:25:22.855	TEL,1624,S5,421122733,5008,21844,15,428,2935                   
2026-10-06T20:25:22.855	TEL,1625,S5,421132733,5008,21844,15,422,2928                   
2026-10-06T20:25:22.855	TEL,1626,S5,421142733,5008,21844,15,416,2928                   
2026-10-06T20:25:22.855	TEL,1627,S5,421152733,5008,21844,15,425,2935                   
2026-10-06T20:25:22.855	TEL,1628,S5,421162733,5008,21844,15,428,2935                   
2026-10-06T20:25:22.855	TEL,1629,S5,421172733,5008,21844,15,428,2935                   
2026-10-06T20:25:22.855	TEL,1630,S5,421182733,5008,21844,15,428,2935                   
2026-10-06T20:25:22.855	TEL,1631,S5,421192733,5008,21844,15,422,2932                   
2026-10-06T20:25:22.855	TEL,1632,S5,421202733,5008,21844,15,422,2932                   
2026-10-06T20:25:22.855	TEL,1633,S5,421212733,5008,21844,15,422,2932                   
2026-10-06T20:25:22.855	TEL,1634,S5,421222733,5008,21844,15,419,2932                   
2026-10-06T20:25:22.855	TEL,1635,S5,421232733,5008,21844,15,425,2935                   
2026-10-06T20:25:22.855	TEL,1636,S5,421242733,5008,21844,15,428,2935                   
2026-10-06T20:25:22.855	TEL,1637,S5,421252733,5008,21844,15,428,2935                   
2026-10-06T20:25:22.855	TEL,1638,S5,421262733,5008,21844,15,425,2935                   
2026-10-06T20:25:22.855	TEL,1639,S5,421272733,5008,21844,15,425,2935                   
2026-10-06T20:25:22.855	TEL,1640,S5,421282733,5008,21844,15,422,2935                   
2026-10-06T20:25:22.855	TEL,1641,S5,421292733,5008,21844,15,422,2935                   
2026-10-06T20:25:22.855	TEL,1642,S5,421302733,5008,21844,15,422,2935                   
2026-10-06T20:25:22.855	TEL,1643,S5,421312733,5008,21844,15,422,2935                   
2026-10-06T20:25:22.855	TEL,1644,S5,421322733,5008,21844,15,433,2935                   
2026-10-06T20:25:22.855	TEL,1645,S5,421332733,5008,21844,15,430,2932                   
2026-10-06T20:25:22.855	TEL,1646,S5,421342733,5008,21844,15,419,2932                   
2026-10-06T20:25:22.855	TEL,1647,S5,421352733,5008,21844,15,425,2935                   
2026-10-06T20:25:22.855	TEL,1648,S5,421362733,5008,21844,15,428,2935                   
2026-10-06T20:25:22.855	TEL,1649,S5,421372733,5008,21844,15,419,2928                   
2026-10-06T20:25:22.855	TEL,1650,S5,421382733,5008,21844,15,419,2928                   
2026-10-06T20:25:22.855	TEL,1651,S5,421392733,5008,21844,15,428,2935                   
2026-10-06T20:25:22.855	TEL,1652,S5,421402739,5014,21844,15,430,2935                   
2026-10-06T20:25:22.855	TEL,1653,S5,421412733,5008,21844,15,430,2933                   
2026-10-06T20:25:22.855	TEL,1654,S5,421422733,5008,21844,15,422,2933                   
2026-10-06T20:25:22.855	TEL,1655,S5,421432733,5008,21844,15,428,2939                   
2026-10-06T20:25:22.855	TEL,1656,S5,421442733,5008,21844,15,430,2939                   
2026-10-06T20:25:22.855	TEL,1657,S5,421452733,5008,21844,15,428,2935                   
2026-10-06T20:25:22.855	TEL,1658,S5,421462733,5008,21844,15,428,2935                   
2026-10-06T20:25:22.855	TEL,1659,S5,421472733,5008,21844,15,419,2928                   
2026-10-06T20:25:23.475	TEL,1660,S5,421482733,5008,21844,15,416,2928                   
2026-10-06T20:25:23.475	TEL,1661,S5,421492733,5008,21844,15,419,2932                   
2026-10-06T20:25:23.475	TEL,1662,S5,421502733,5008,21844,15,416,2932                   
2026-10-06T20:25:23.475	TEL,1663,S5,421512733,5008,21844,15,419,2935                   
2026-10-06T20:25:23.475	TEL,1664,S5,421522733,5008,21844,15,430,2935                   
2026-10-06T20:25:23.475	TEL,1665,S5,421532733,5008,21844,15,430,2933                   
2026-10-06T20:25:23.475	TEL,1666,S5,421542733,5008,21844,15,422,2933                   
2026-10-06T20:25:23.475	TEL,1667,S5,421552733,5008,21844,15,419,2932                   
2026-10-06T20:25:23.475	TEL,1668,S5,421562733,5008,21844,15,419,2932                   
2026-10-06T20:25:23.475	TEL,1669,S5,421572733,5008,21844,15,419,2932                   
2026-10-06T20:25:23.475	TEL,1670,S5,421582733,5008,21844,15,422,2932                   
2026-10-06T20:25:23.475	TEL,1671,S5,421592733,5008,21844,15,428,2935                   
2026-10-06T20:25:23.475	TEL,1672,S5,421602733,5008,21844,15,428,2935                   
2026-10-06T20:25:23.475	TEL,1673,S5,421612733,5008,21844,15,428,2935                   
2026-10-06T20:25:23.475	TEL,1674,S5,421622733,5008,21844,15,428,2935                   
2026-10-06T20:25:23.475	TEL,1675,S5,421632733,5008,21844,15,422,2932                   
2026-10-06T20:25:23.475	TEL,1676,S5,421642733,5008,21844,15,425,2932                   
2026-10-06T20:25:23.475	TEL,1677,S5,421652733,5008,21844,15,428,2935                   
2026-10-06T20:25:23.475	TEL,1678,S5,421662733,5008,21844,15,425,2935                   
2026-10-06T20:25:23.475	TEL,1679,S5,421672733,5008,21844,15,425,2935                   
2026-10-06T20:25:23.475	TEL,1680,S5,421682733,5008,21844,15,425,2935                   
2026-10-06T20:25:23.475	TEL,1681,S5,421692733,5008,21844,15,425,2935                   
2026-10-06T20:25:23.475	TEL,1682,S5,421702733,5008,21844,15,425,2935                   
2026-10-06T20:25:23.475	TEL,1683,S5,421712733,5008,21844,15,419,2932                   
2026-10-06T20:25:23.475	TEL,1684,S5,421722733,5008,21844,15,422,2932                   
2026-10-06T20:25:23.475	TEL,1685,S5,421732733,5008,21844,15,428,2935                   
2026-10-06T20:25:23.475	TEL,1686,S5,421742733,5008,21844,15,425,2935                   
2026-10-06T20:25:23.475	TEL,1687,S5,421752733,5008,21844,15,425,2935                   
2026-10-06T20:25:23.475	TEL,1688,S5,421762733,5008,21844,15,425,2935                   
2026-10-06T20:25:23.475	TEL,1689,S5,421772733,5008,21844,15,416,2928                   
2026-10-06T20:25:23.475	TEL,1690,S5,421782733,5008,21844,15,416,2928                   
2026-10-06T20:25:23.475	TEL,1691,S5,421792733,5008,21844,15,425,2935                   
2026-10-06T20:25:23.475	TEL,1692,S5,421802733,5008,21844,15,428,2935                   
2026-10-06T20:25:23.475	TEL,1693,S5,421812733,5008,21844,15,422,2930                   
2026-10-06T20:25:23.475	TEL,1694,S5,421822733,5008,21844,15,416,2930                   
2026-10-06T20:25:23.475	TEL,1695,S5,421832733,5008,21844,15,419,2932                   
2026-10-06T20:25:23.475	TEL,1696,S5,421842733,5008,21844,15,419,2932                   
2026-10-06T20:25:23.475	TEL,1697,S5,421852733,5008,21844,15,422,2935                   
2026-10-06T20:25:23.475	TEL,1698,S5,421862733,5008,21844,15,425,2935                   
2026-10-06T20:25:23.475	TEL,1699,S5,421872733,5008,21844,15,422,2933                   
2026-10-06T20:25:23.475	TEL,1700,S5,421882733,5008,21844,15,430,2933                   
2026-10-06T20:25:23.475	TEL,1701,S5,421892733,5008,21844,15,428,2932                   
2026-10-06T20:25:23.475	TEL,1702,S5,421902733,5008,21844,15,422,2932                   
2026-10-06T20:25:23.475	TEL,1703,S5,421912733,5008,21844,15,422,2932                   
2026-10-06T20:25:23.475	TEL,1704,S5,421922733,5008,21844,15,419,2932                   
2026-10-06T20:25:23.475	TEL,1705,S5,421932733,5008,21844,15,419,2932                   
2026-10-06T20:25:23.475	TEL,1706,S5,421942733,5008,21844,15,419,2932                   
2026-10-06T20:25:23.475	TEL,1707,S5,421952733,5008,21844,15,425,2935                   
2026-10-06T20:25:23.475	TEL,1708,S5,421962733,5008,21844,15,428,2935                   
2026-10-06T20:25:23.475	TEL,1709,S5,421972733,5008,21844,15,422,2932                   
2026-10-06T20:25:23.475	TEL,1710,S5,421982733,5008,21844,15,428,2932                   
2026-10-06T20:25:23.475	TEL,1711,S5,421992733,5008,21844,15,430,2935                   
2026-10-06T20:25:23.475	TEL,1712,S5,422002733,5008,21844,15,428,2935                   
2026-10-06T20:25:23.475	TEL,1713,S5,422012733,5008,21844,15,428,2935                   
2026-10-06T20:25:23.475	TEL,1714,S5,422022733,5008,21844,15,428,2935                   
2026-10-06T20:25:23.475	TEL,1715,S5,422032733,5008,21844,15,422,2932                   
2026-10-06T20:25:23.475	TEL,1716,S5,422042733,5008,21844,15,422,2932                   
2026-10-06T20:25:23.475	TEL,1717,S5,422052733,5008,21844,15,430,2939                   
2026-10-06T20:25:23.475	TEL,1718,S5,422062733,5008,21844,15,430,2939                   
2026-10-06T20:25:23.475	TEL,1719,S5,422072733,5008,21844,15,422,2932                   
2026-10-06T20:25:23.475	TEL,1720,S5,422082733,5008,21844,15,422,2932                   
2026-10-06T20:25:23.475	TEL,1721,S5,422092733,5008,21844,15,425,2933                   
2026-10-06T20:25:24.095	TEL,1722,S5,422102733,5008,21844,15,419,2933                   
2026-10-06T20:25:24.095	TEL,1723,S5,422112733,5008,21844,15,419,2932                   
2026-10-06T20:25:24.095	TEL,1724,S5,422122733,5008,21844,15,422,2932                   
2026-10-06T20:25:24.095	TEL,1725,S5,422132733,5008,21844,15,422,2932                   
2026-10-06T20:25:24.095	TEL,1726,S5,422142733,5008,21844,15,422,2932                   
2026-10-06T20:25:24.095	TEL,1727,S5,422152733,5008,21844,15,428,2935                   
2026-10-06T20:25:24.095	TEL,1728,S5,422162733,5008,21844,15,428,2935                   
2026-10-06T20:25:24.095	TEL,1729,S5,422172733,5008,21844,15,428,2935                   
2026-10-06T20:25:24.095	TEL,1730,S5,422182733,5008,21844,15,422,2935                   
2026-10-06T20:25:24.095	TEL,1731,S5,422192733,5008,21844,15,422,2935                   
2026-10-06T20:25:24.095	TEL,1732,S5,422202733,5008,21844,15,425,2935                   
2026-10-06T20:25:24.095	TEL,1733,S5,422212733,5008,21844,15,425,2935                   
2026-10-06T20:25:24.095	TEL,1734,S5,422222733,5008,21844,15,428,2935                   
2026-10-06T20:25:24.095	TEL,1735,S5,422232733,5008,21844,15,422,2932                   
2026-10-06T20:25:24.095	TEL,1736,S5,422242733,5008,21844,15,425,2932                   
2026-10-06T20:25:24.095	TEL,1737,S5,422252733,5008,21844,15,425,2932                   
2026-10-06T20:25:24.095	TEL,1738,S5,422262733,5008,21844,15,428,2932                   
2026-10-06T20:25:24.095	BTN,17,S5,PRESSED,422262979,422262986                          
2026-10-06T20:25:24.095	TEL,1740,S5,422282733,5008,21844,15,419,2932                   
2026-10-06T20:25:24.095	TEL,1741,S5,422292733,5008,21844,15,422,2933                   
2026-10-06T20:25:24.095	TEL,1742,S5,422302733,5008,21844,15,425,2933                   
2026-10-06T20:25:24.095	TEL,1743,S5,422312733,5008,21844,15,422,2932                   
2026-10-06T20:25:24.095	TEL,1744,S5,422322733,5008,21844,15,422,2932                   
2026-10-06T20:25:24.095	TEL,1745,S5,422332733,5008,21844,15,422,2932                   
2026-10-06T20:25:24.095	TEL,1746,S5,422342733,5008,21844,15,422,2932                   
2026-10-06T20:25:24.095	TEL,1747,S5,422352733,5008,21844,15,422,2932                   
2026-10-06T20:25:24.095	TEL,1748,S5,422362733,5008,21844,15,422,2932                   
2026-10-06T20:25:24.095	TEL,1749,S5,422372733,5008,21844,15,428,2935                   
2026-10-06T20:25:24.095	TEL,1750,S5,422382733,5008,21844,15,428,2935                   
2026-10-06T20:25:24.095	TEL,1751,S5,422392733,5008,21844,15,422,2932                   
2026-10-06T20:25:24.095	TEL,1752,S5,422402733,5008,21844,15,419,2932                   
2026-10-06T20:25:24.095	TEL,1753,S5,422412733,5008,21844,15,425,2935                   
2026-10-06T20:25:24.095	TEL,1754,S5,422422733,5008,21844,15,433,2935                   
2026-10-06T20:25:24.095	TEL,1755,S5,422432733,5008,21844,15,430,2932                   
2026-10-06T20:25:24.095	TEL,1756,S5,422442733,5008,21844,15,430,2932                   
2026-10-06T20:25:24.095	TEL,1757,S5,422452733,5008,21844,15,430,2932                   
2026-10-06T20:25:24.095	TEL,1758,S5,422462733,5008,21844,15,422,2932                   
2026-10-06T20:25:24.095	TEL,1759,S5,422472733,5008,21844,15,428,2935                   
2026-10-06T20:25:24.095	TEL,1760,S5,422482733,5008,21844,15,428,2935                   
2026-10-06T20:25:24.095	TEL,1761,S5,422492733,5008,21844,15,428,2935                   
2026-10-06T20:25:24.095	TEL,1762,S5,422502733,5008,21844,15,428,2935                   
2026-10-06T20:25:24.095	TEL,1763,S5,422512733,5008,21844,15,422,2932                   
2026-10-06T20:25:24.095	TEL,1764,S5,422522733,5008,21844,15,422,2932                   
2026-10-06T20:25:24.095	TEL,1765,S5,422532733,5008,21844,15,422,2932                   
2026-10-06T20:25:24.095	TEL,1766,S5,422542733,5008,21844,15,428,2932                   
2026-10-06T20:25:24.095	TEL,1767,S5,422552733,5008,21844,15,428,2932                   
2026-10-06T20:25:24.095	TEL,1768,S5,422562733,5008,21844,15,422,2932                   
2026-10-06T20:25:24.095	TEL,1769,S5,422572733,5008,21844,15,428,2935                   
2026-10-06T20:25:24.095	TEL,1770,S5,422582733,5008,21844,15,425,2935                   
2026-10-06T20:25:24.095	TEL,1771,S5,422592733,5008,21844,15,419,2932                   
2026-10-06T20:25:24.095	TEL,1772,S5,422602733,5008,21844,15,422,2932                   
2026-10-06T20:25:24.095	TEL,1773,S5,422612733,5008,21844,15,422,2932                   
2026-10-06T20:25:24.095	TEL,1774,S5,422622733,5008,21844,15,422,2932                   
2026-10-06T20:25:24.095	TEL,1775,S5,422632733,5008,21844,15,422,2932                   
2026-10-06T20:25:24.095	TEL,1776,S5,422642733,5008,21844,15,419,2932                   
2026-10-06T20:25:24.095	TEL,1777,S5,422652733,5008,21844,15,419,2932                   
2026-10-06T20:25:24.095	TEL,1778,S5,422662733,5008,21844,15,422,2932                   
2026-10-06T20:25:24.095	TEL,1779,S5,422672733,5008,21844,15,425,2933                   
2026-10-06T20:25:24.095	TEL,1780,S5,422682733,5008,21844,15,430,2933                   
2026-10-06T20:25:24.095	TEL,1781,S5,422692733,5008,21844,15,428,2932                   
2026-10-06T20:25:24.095	TEL,1782,S5,422702733,5008,21844,15,419,2932                   
2026-10-06T20:25:24.095	TEL,1783,S5,422712733,5008,21844,15,419,2932                   
2026-10-06T20:25:24.712	TEL,1784,S5,422722733,5008,21844,15,422,2932                   
2026-10-06T20:25:24.712	TEL,1785,S5,422732733,5008,21844,15,422,2932                   
2026-10-06T20:25:24.712	TEL,1786,S5,422742733,5008,21844,15,419,2932                   
2026-10-06T20:25:24.712	TEL,1787,S5,422752733,5008,21844,15,419,2932                   
2026-10-06T20:25:24.712	TEL,1788,S5,422762733,5008,21844,15,422,2932                   
2026-10-06T20:25:24.712	TEL,1789,S5,422772733,5008,21844,15,422,2930                   
2026-10-06T20:25:24.712	TEL,1790,S5,422782733,5008,21844,15,428,2930                   
2026-10-06T20:25:24.712	TEL,1791,S5,422792733,5008,21844,15,428,2932                   
2026-10-06T20:25:24.712	TEL,1792,S5,422802733,5008,21844,15,422,2932                   
2026-10-06T20:25:24.712	TEL,1793,S5,422812733,5008,21844,15,422,2932                   
2026-10-06T20:25:24.712	TEL,1794,S5,422822733,5008,21844,15,430,2932                   
2026-10-06T20:25:24.712	TEL,1795,S5,422832733,5008,21844,15,430,2932                   
2026-10-06T20:25:24.712	TEL,1796,S5,422842733,5008,21844,15,422,2932                   
2026-10-06T20:25:24.712	TEL,1797,S5,422852733,5008,21844,15,422,2932                   
2026-10-06T20:25:24.712	TEL,1798,S5,422862733,5008,21844,15,419,2932                   
2026-10-06T20:25:24.712	TEL,1799,S5,422872733,5008,21844,15,422,2935                   
2026-10-06T20:25:24.712	TEL,1800,S5,422882733,5008,21844,15,419,2935                   
2026-10-06T20:25:24.712	TEL,1801,S5,422892733,5008,21844,15,416,2932                   
2026-10-06T20:25:24.712	TEL,1802,S5,422902733,5008,21844,15,422,2932                   
2026-10-06T20:25:24.712	TEL,1803,S5,422912733,5008,21844,15,422,2932                   
2026-10-06T20:25:24.712	TEL,1804,S5,422922733,5008,21844,15,422,2932                   
2026-10-06T20:25:24.712	TEL,1805,S5,422932733,5008,21844,15,422,2932                   
2026-10-06T20:25:24.712	TEL,1806,S5,422942733,5008,21844,15,419,2932                   
2026-10-06T20:25:24.712	TEL,1807,S5,422952733,5008,21844,15,419,2932                   
2026-10-06T20:25:24.712	TEL,1808,S5,422962733,5008,21844,15,422,2932                   
2026-10-06T20:25:24.712	TEL,1809,S5,422972733,5008,21844,15,422,2932                   
2026-10-06T20:25:24.712	TEL,1810,S5,422982739,5014,21844,15,425,2932                   
2026-10-06T20:25:24.712	TEL,1811,S5,422992733,5008,21844,15,430,2937                   
2026-10-06T20:25:24.712	TEL,1812,S5,423002733,5008,21844,15,428,2937                   
2026-10-06T20:25:24.712	TEL,1813,S5,423012733,5008,21844,15,422,2930                   
2026-10-06T20:25:24.712	TEL,1814,S5,423022733,5008,21844,15,419,2930                   
2026-10-06T20:25:24.712	TEL,1815,S5,423032733,5008,21844,15,425,2935                   
2026-10-06T20:25:24.712	TEL,1816,S5,423042733,5008,21844,15,425,2935                   
2026-10-06T20:25:24.712	TEL,1817,S5,423052733,5008,21844,15,419,2932                   
2026-10-06T20:25:24.712	TEL,1818,S5,423062733,5008,21844,15,422,2932                   
2026-10-06T20:25:24.712	TEL,1819,S5,423072733,5008,21844,15,428,2935                   
2026-10-06T20:25:24.712	TEL,1820,S5,423082733,5008,21844,15,428,2935                   
2026-10-06T20:25:24.712	TEL,1821,S5,423092733,5008,21844,15,422,2932                   
2026-10-06T20:25:24.712	TEL,1822,S5,423102733,5008,21844,15,422,2932                   
2026-10-06T20:25:24.712	TEL,1823,S5,423112733,5008,21844,15,422,2932                   
2026-10-06T20:25:24.712	TEL,1824,S5,423122733,5008,21844,15,419,2932                   
2026-10-06T20:25:24.712	TEL,1825,S5,423132733,5008,21844,15,425,2935                   
2026-10-06T20:25:24.712	TEL,1826,S5,423142733,5008,21844,15,430,2935                   
2026-10-06T20:25:24.712	TEL,1827,S5,423152733,5008,21844,15,430,2935                   
2026-10-06T20:25:24.712	TEL,1828,S5,423162733,5008,21844,15,425,2935                   
2026-10-06T20:25:24.712	TEL,1829,S5,423172733,5008,21844,15,419,2930                   
2026-10-06T20:25:24.712	TEL,1830,S5,423182733,5008,21844,15,428,2930                   
2026-10-06T20:25:24.712	TEL,1831,S5,423192733,5008,21844,15,430,2935                   
2026-10-06T20:25:24.712	TEL,1832,S5,423202733,5008,21844,15,428,2935                   
2026-10-06T20:25:24.712	TEL,1833,S5,423212733,5008,21844,15,422,2930                   
2026-10-06T20:25:24.712	TEL,1834,S5,423222733,5008,21844,15,422,2930                   
2026-10-06T20:25:24.712	TEL,1835,S5,423232733,5008,21844,15,422,2932                   
2026-10-06T20:25:24.712	TEL,1836,S5,423242733,5008,21844,15,422,2932                   
2026-10-06T20:25:24.712	TEL,1837,S5,423252733,5008,21844,15,428,2935                   
2026-10-06T20:25:24.712	TEL,1838,S5,423262733,5008,21844,15,425,2935                   
2026-10-06T20:25:24.712	TEL,1839,S5,423272733,5008,21844,15,422,2933                   
2026-10-06T20:25:24.712	TEL,1840,S5,423282733,5008,21844,15,425,2933                   
2026-10-06T20:25:24.712	TEL,1841,S5,423292733,5008,21844,15,428,2935                   
2026-10-06T20:25:24.712	TEL,1842,S5,423302733,5008,21844,15,428,2935                   
2026-10-06T20:25:24.712	TEL,1843,S5,423312733,5008,21844,15,428,2935                   
2026-10-06T20:25:24.712	TEL,1844,S5,423322733,5008,21844,15,428,2935                   
2026-10-06T20:25:24.712	TEL,1845,S5,423332733,5008,21844,15,422,2932                   
2026-10-06T20:25:25.334	TEL,1846,S5,423342733,5008,21844,15,422,2932                   
2026-10-06T20:25:25.334	TEL,1847,S5,423352733,5008,21844,15,422,2932                   
2026-10-06T20:25:25.334	TEL,1848,S5,423362733,5008,21844,15,419,2932                   
2026-10-06T20:25:25.334	TEL,1849,S5,423372733,5008,21844,15,419,2932                   
2026-10-06T20:25:25.334	TEL,1850,S5,423382733,5008,21844,15,413,2932                   
2026-10-06T20:25:25.334	TEL,1851,S5,423392733,5008,21844,15,419,2939                   
2026-10-06T20:25:25.334	TEL,1852,S5,423402733,5008,21844,15,430,2939                   
2026-10-06T20:25:25.334	TEL,1853,S5,423412733,5008,21844,15,428,2935                   
2026-10-06T20:25:25.334	TEL,1854,S5,423422733,5008,21844,15,428,2935                   
2026-10-06T20:25:25.334	TEL,1855,S5,423432733,5008,21844,15,422,2932                   
2026-10-06T20:25:25.334	TEL,1856,S5,423442733,5008,21844,15,422,2932                   
2026-10-06T20:25:25.334	TEL,1857,S5,423452733,5008,21844,15,422,2932                   
2026-10-06T20:25:25.334	TEL,1858,S5,423462733,5008,21844,15,419,2932                   
2026-10-06T20:25:25.334	TEL,1859,S5,423472733,5008,21844,15,419,2932                   
2026-10-06T20:25:25.334	TEL,1860,S5,423482733,5008,21844,15,419,2932                   
2026-10-06T20:25:25.334	BTN,19,S5,PRESSED,423486990,423486997                          
2026-10-06T20:25:25.334	TEL,1862,S5,423502733,5008,21844,15,433,2933                   
2026-10-06T20:25:25.334	TEL,1863,S5,423512733,5008,21844,15,430,2932                   
2026-10-06T20:25:25.334	TEL,1864,S5,423522733,5008,21844,15,425,2932                   
2026-10-06T20:25:25.334	TEL,1865,S5,423532733,5008,21844,15,425,2932                   
2026-10-06T20:25:25.334	TEL,1866,S5,423542733,5008,21844,15,428,2932                   
2026-10-06T20:25:25.334	TEL,1867,S5,423552733,5008,21844,15,428,2930                   
2026-10-06T20:25:25.334	TEL,1868,S5,423562733,5008,21844,15,419,2930                   
2026-10-06T20:25:25.334	TEL,1869,S5,423572733,5008,21844,15,419,2932                   
2026-10-06T20:25:25.334	TEL,1870,S5,423582733,5008,21844,15,422,2932                   
2026-10-06T20:25:25.334	TEL,1871,S5,423592733,5008,21844,15,428,2935                   
2026-10-06T20:25:25.334	TEL,1872,S5,423602733,5008,21844,15,425,2935                   
2026-10-06T20:25:25.334	TEL,1873,S5,423612733,5008,21844,15,419,2932                   
2026-10-06T20:25:25.334	TEL,1874,S5,423622733,5008,21844,15,428,2932                   
2026-10-06T20:25:25.334	TEL,1875,S5,423632733,5008,21844,15,428,2932                   
2026-10-06T20:25:25.334	TEL,1876,S5,423642733,5008,21844,15,430,2932                   
2026-10-06T20:25:25.334	TEL,1877,S5,423652733,5008,21844,15,430,2932                   
2026-10-06T20:25:25.334	TEL,1878,S5,423662733,5008,21844,15,430,2932                   
2026-10-06T20:25:25.334	TEL,1879,S5,423672733,5008,21844,15,430,2932                   
2026-10-06T20:25:25.334	TEL,1880,S5,423682733,5008,21844,15,422,2932                   
2026-10-06T20:25:25.334	TEL,1881,S5,423692733,5008,21844,15,425,2933                   
2026-10-06T20:25:25.334	TEL,1882,S5,423702733,5008,21844,15,425,2933                   
2026-10-06T20:25:25.334	TEL,1883,S5,423712733,5008,21844,15,422,2932                   
2026-10-06T20:25:25.336	TEL,1884,S5,423722733,5008,21844,15,422,2932                   
2026-10-06T20:25:25.336	TEL,1885,S5,423732733,5008,21844,15,428,2935                   
2026-10-06T20:25:25.336	TEL,1886,S5,423742733,5008,21844,15,428,2935                   
2026-10-06T20:25:25.336	TEL,1887,S5,423752733,5008,21844,15,422,2932                   
2026-10-06T20:25:25.336	TEL,1888,S5,423762733,5008,21844,15,422,2932                   
2026-10-06T20:25:25.336	TEL,1889,S5,423772733,5008,21844,15,422,2932                   
2026-10-06T20:25:25.336	TEL,1890,S5,423782733,5008,21844,15,430,2932                   
2026-10-06T20:25:25.336	TEL,1891,S5,423792733,5008,21844,15,433,2935                   
2026-10-06T20:25:25.336	TEL,1892,S5,423802733,5008,21844,15,428,2935                   
2026-10-06T20:25:25.336	TEL,1893,S5,423812733,5008,21844,15,428,2935                   
2026-10-06T20:25:25.336	TEL,1894,S5,423822733,5008,21844,15,425,2935                   
2026-10-06T20:25:25.336	TEL,1895,S5,423832733,5008,21844,15,425,2935                   
2026-10-06T20:25:25.336	TEL,1896,S5,423842733,5008,21844,15,428,2935                   
2026-10-06T20:25:25.336	TEL,1897,S5,423852733,5008,21844,15,422,2932                   
2026-10-06T20:25:25.336	TEL,1898,S5,423862733,5008,21844,15,419,2932                   
2026-10-06T20:25:25.336	TEL,1899,S5,423872733,5008,21844,15,419,2932                   
2026-10-06T20:25:25.336	TEL,1900,S5,423882733,5008,21844,15,422,2932                   
2026-10-06T20:25:25.336	TEL,1901,S5,423892733,5008,21844,15,425,2933                   
2026-10-06T20:25:25.336	TEL,1902,S5,423902733,5008,21844,15,425,2933                   
2026-10-06T20:25:25.336	TEL,1903,S5,423912733,5008,21844,15,422,2932                   
2026-10-06T20:25:25.336	TEL,1904,S5,423922733,5008,21844,15,422,2932                   
2026-10-06T20:25:25.336	TEL,1905,S5,423932733,5008,21844,15,422,2932                   
2026-10-06T20:25:25.336	TEL,1906,S5,423942733,5008,21844,15,422,2932                   
2026-10-06T20:25:25.336	TEL,1907,S5,423952733,5008,21844,15,428,2935                   
2026-10-06T20:25:25.955	TEL,1908,S5,423962733,5008,21844,15,425,2935                   
2026-10-06T20:25:25.955	TEL,1909,S5,423972733,5008,21844,15,419,2932                   
2026-10-06T20:25:25.955	TEL,1910,S5,423982733,5008,21844,15,419,2932                   
2026-10-06T20:25:25.955	TEL,1911,S5,423992733,5008,21844,15,419,2932                   
2026-10-06T20:25:25.955	BTN,20,S5,PRESSED,423992995,423993002                          
2026-10-06T20:25:25.955	TEL,1913,S5,424012733,5008,21844,15,430,2937                   
2026-10-06T20:25:25.955	TEL,1914,S5,424022733,5008,21844,15,428,2937                   
2026-10-06T20:25:25.955	TEL,1915,S5,424032733,5008,21844,15,428,2935                   
2026-10-06T20:25:25.955	TEL,1916,S5,424042733,5008,21844,15,425,2935                   
2026-10-06T20:25:25.955	TEL,1917,S5,424052733,5008,21844,15,425,2935                   
2026-10-06T20:25:25.955	TEL,1918,S5,424062733,5008,21844,15,425,2935                   
2026-10-06T20:25:25.955	TEL,1919,S5,424072733,5008,21844,15,419,2932                   
2026-10-06T20:25:25.955	TEL,1920,S5,424082733,5008,21844,15,422,2932                   
2026-10-06T20:25:25.955	TEL,1921,S5,424092733,5008,21844,15,430,2939                   
2026-10-06T20:25:25.955	TEL,1922,S5,424102733,5008,21844,15,430,2939                   
2026-10-06T20:25:25.955	TEL,1923,S5,424112733,5008,21844,15,425,2933                   
2026-10-06T20:25:25.955	TEL,1924,S5,424122733,5008,21844,15,425,2933                   
2026-10-06T20:25:25.955	TEL,1925,S5,424132733,5008,21844,15,428,2935                   
2026-10-06T20:25:25.955	TEL,1926,S5,424142733,5008,21844,15,425,2935                   
2026-10-06T20:25:25.955	TEL,1927,S5,424152733,5008,21844,15,419,2932                   
2026-10-06T20:25:25.955	TEL,1928,S5,424162733,5008,21844,15,419,2932                   
2026-10-06T20:25:25.955	TEL,1929,S5,424172733,5008,21844,15,416,2928                   
2026-10-06T20:25:25.955	TEL,1930,S5,424182733,5008,21844,15,416,2928                   
2026-10-06T20:25:25.955	TEL,1931,S5,424192733,5008,21844,15,425,2935                   
2026-10-06T20:25:25.955	TEL,1932,S5,424202733,5008,21844,15,428,2935                   
2026-10-06T20:25:25.955	TEL,1933,S5,424212733,5008,21844,15,428,2935                   
2026-10-06T20:25:25.955	TEL,1934,S5,424222733,5008,21844,15,428,2935                   
2026-10-06T20:25:25.955	TEL,1935,S5,424232733,5008,21844,15,428,2935                   
2026-10-06T20:25:25.955	TEL,1936,S5,424242733,5008,21844,15,425,2935                   
2026-10-06T20:25:25.955	TEL,1937,S5,424252733,5008,21844,15,425,2935                   
2026-10-06T20:25:25.955	TEL,1938,S5,424262733,5008,21844,15,425,2935                   
2026-10-06T20:25:25.955	TEL,1939,S5,424272733,5008,21844,15,416,2928                   
2026-10-06T20:25:25.955	TEL,1940,S5,424282733,5008,21844,15,419,2928                   
2026-10-06T20:25:25.955	TEL,1941,S5,424292733,5008,21844,15,428,2935                   
2026-10-06T20:25:25.955	TEL,1942,S5,424302733,5008,21844,15,428,2935                   
2026-10-06T20:25:25.955	TEL,1943,S5,424312733,5008,21844,15,422,2932                   
2026-10-06T20:25:25.955	TEL,1944,S5,424322733,5008,21844,15,422,2932                   
2026-10-06T20:25:25.955	TEL,1945,S5,424332733,5008,21844,15,428,2935                   
2026-10-06T20:25:25.955	TEL,1946,S5,424342733,5008,21844,15,430,2935                   
2026-10-06T20:25:25.955	TEL,1947,S5,424352733,5008,21844,15,428,2932                   
2026-10-06T20:25:25.955	TEL,1948,S5,424362733,5008,21844,15,419,2932                   
2026-10-06T20:25:25.955	TEL,1949,S5,424372733,5008,21844,15,419,2932                   
2026-10-06T20:25:25.955	TEL,1950,S5,424382733,5008,21844,15,419,2932                   
2026-10-06T20:25:25.955	TEL,1951,S5,424392733,5008,21844,15,425,2935                   
2026-10-06T20:25:25.955	TEL,1952,S5,424402733,5008,21844,15,416,2935                   
2026-10-06T20:25:25.955	TEL,1953,S5,424412733,5008,21844,15,413,2932                   
2026-10-06T20:25:25.955	TEL,1954,S5,424422733,5008,21844,15,425,2932                   
2026-10-06T20:25:25.955	TEL,1955,S5,424432733,5008,21844,15,428,2935                   
2026-10-06T20:25:25.955	TEL,1956,S5,424442733,5008,21844,15,428,2935                   
2026-10-06T20:25:25.955	TEL,1957,S5,424452733,5008,21844,15,425,2933                   
2026-10-06T20:25:25.955	TEL,1958,S5,424462733,5008,21844,15,422,2933                   
2026-10-06T20:25:25.955	TEL,1959,S5,424472733,5008,21844,15,425,2935                   
2026-10-06T20:25:25.955	TEL,1960,S5,424482733,5008,21844,15,428,2935                   
2026-10-06T20:25:25.955	TEL,1961,S5,424492733,5008,21844,15,428,2935                   
2026-10-06T20:25:25.955	TEL,1962,S5,424502733,5008,21844,15,428,2935                   
2026-10-06T20:25:25.955	TEL,1963,S5,424512733,5008,21844,15,422,2930                   
2026-10-06T20:25:25.955	TEL,1964,S5,424522733,5008,21844,15,419,2930                   
2026-10-06T20:25:25.955	TEL,1965,S5,424532733,5008,21844,15,425,2935                   
2026-10-06T20:25:25.955	TEL,1966,S5,424542733,5008,21844,15,422,2935                   
2026-10-06T20:25:25.955	TEL,1967,S5,424552733,5008,21844,15,422,2935                   
2026-10-06T20:25:25.955	TEL,1968,S5,424562733,5008,21844,15,428,2935                   
2026-10-06T20:25:25.955	TEL,1969,S5,424572733,5008,21844,15,422,2932                   
2026-10-06T20:25:26.575	TEL,1970,S5,424582733,5008,21844,15,419,2932                   
2026-10-06T20:25:26.575	TEL,1971,S5,424592733,5008,21844,15,419,2932                   
2026-10-06T20:25:26.575	TEL,1972,S5,424602733,5008,21844,15,422,2932                   
2026-10-06T20:25:26.575	TEL,1973,S5,424612739,5014,21844,15,428,2935                   
2026-10-06T20:25:26.575	TEL,1974,S5,424622733,5008,21844,15,428,2935                   
2026-10-06T20:25:26.575	TEL,1975,S5,424632733,5008,21844,15,428,2935                   
2026-10-06T20:25:26.575	TEL,1976,S5,424642733,5008,21844,15,425,2935                   
2026-10-06T20:25:26.575	TEL,1977,S5,424652733,5008,21844,15,422,2933                   
2026-10-06T20:25:26.575	TEL,1978,S5,424662733,5008,21844,15,425,2933                   
2026-10-06T20:25:26.575	TEL,1979,S5,424672733,5008,21844,15,419,2928                   
2026-10-06T20:25:26.575	TEL,1980,S5,424682733,5008,21844,15,416,2928                   
2026-10-06T20:25:26.575	TEL,1981,S5,424692733,5008,21844,15,425,2935                   
2026-10-06T20:25:26.575	TEL,1982,S5,424702733,5008,21844,15,425,2935                   
2026-10-06T20:25:26.575	TEL,1983,S5,424712733,5008,21844,15,419,2932                   
2026-10-06T20:25:26.575	TEL,1984,S5,424722733,5008,21844,15,419,2932                   
2026-10-06T20:25:26.575	TEL,1985,S5,424732733,5008,21844,15,419,2932                   
2026-10-06T20:25:26.575	TEL,1986,S5,424742733,5008,21844,15,422,2932                   
2026-10-06T20:25:26.575	TEL,1987,S5,424752733,5008,21844,15,428,2935                   
2026-10-06T20:25:26.575	TEL,1988,S5,424762733,5008,21844,15,425,2935                   
2026-10-06T20:25:26.575	TEL,1989,S5,424772733,5008,21844,15,425,2935                   
2026-10-06T20:25:26.575	TEL,1990,S5,424782733,5008,21844,15,428,2935                   
2026-10-06T20:25:26.575	TEL,1991,S5,424792733,5008,21844,15,422,2932                   
2026-10-06T20:25:26.575	TEL,1992,S5,424802733,5008,21844,15,419,2932                   
2026-10-06T20:25:26.575	TEL,1993,S5,424812733,5008,21844,15,425,2935                   
2026-10-06T20:25:26.575	TEL,1994,S5,424822733,5008,21844,15,422,2935                   
2026-10-06T20:25:26.575	TEL,1995,S5,424832733,5008,21844,15,422,2935                   
2026-10-06T20:25:26.575	TEL,1996,S5,424842733,5008,21844,15,428,2935                   
2026-10-06T20:25:26.575	TEL,1997,S5,424852733,5008,21844,15,422,2932                   
2026-10-06T20:25:26.575	TEL,1998,S5,424862733,5008,21844,15,422,2932                   
2026-10-06T20:25:26.575	TEL,1999,S5,424872733,5008,21844,15,422,2932                   
2026-10-06T20:25:26.575	TEL,2000,S5,424882733,5008,21844,15,422,2932                   
2026-10-06T20:25:26.575	TEL,2001,S5,424892733,5008,21844,15,428,2935                   
2026-10-06T20:25:26.575	TEL,2002,S5,424902733,5008,21844,15,428,2935                   
2026-10-06T20:25:26.575	TEL,2003,S5,424912733,5008,21844,15,422,2932                   
2026-10-06T20:25:26.575	TEL,2004,S5,424922733,5008,21844,15,422,2932                   
2026-10-06T20:25:26.575	TEL,2005,S5,424932733,5008,21844,15,428,2935                   
2026-10-06T20:25:26.575	TEL,2006,S5,424942733,5008,21844,15,430,2935                   
2026-10-06T20:25:26.575	TEL,2007,S5,424952733,5008,21844,15,430,2935                   
2026-10-06T20:25:26.575	TEL,2008,S5,424962733,5008,21844,15,428,2935                   
2026-10-06T20:25:26.575	TEL,2009,S5,424972733,5008,21844,15,422,2932                   
2026-10-06T20:25:26.575	TEL,2010,S5,424982733,5008,21844,15,419,2932                   
2026-10-06T20:25:26.575	TEL,2011,S5,424992733,5008,21844,15,419,2932                   
2026-10-06T20:25:26.575	TEL,2012,S5,425002733,5008,21844,15,422,2932                   
2026-10-06T20:25:26.575	TEL,2013,S5,425012733,5008,21844,15,422,2932                   
2026-10-06T20:25:26.575	TEL,2014,S5,425022733,5008,21844,15,422,2932                   
2026-10-06T20:25:26.575	TEL,2015,S5,425032733,5008,21844,15,422,2932                   
2026-10-06T20:25:26.575	TEL,2016,S5,425042733,5008,21844,15,419,2932                   
2026-10-06T20:25:26.575	TEL,2017,S5,425052733,5008,21844,15,419,2932                   
2026-10-06T20:25:26.575	TEL,2018,S5,425062733,5008,21844,15,422,2932                   
2026-10-06T20:25:26.575	TEL,2019,S5,425072733,5008,21844,15,428,2935                   
2026-10-06T20:25:26.575	TEL,2020,S5,425082733,5008,21844,15,428,2935                   
2026-10-06T20:25:26.575	TEL,2021,S5,425092733,5008,21844,15,422,2932                   
2026-10-06T20:25:26.575	TEL,2022,S5,425102733,5008,21844,15,413,2932                   
2026-10-06T20:25:26.575	TEL,2023,S5,425112733,5008,21844,15,413,2932                   
2026-10-06T20:25:26.575	TEL,2024,S5,425122733,5008,21844,15,422,2932                   
2026-10-06T20:25:26.575	TEL,2025,S5,425132733,5008,21844,15,422,2932                   
2026-10-06T20:25:26.575	TEL,2026,S5,425142733,5008,21844,15,419,2932                   
2026-10-06T20:25:26.575	TEL,2027,S5,425152733,5008,21844,15,425,2935                   
2026-10-06T20:25:26.575	TEL,2028,S5,425162733,5008,21844,15,428,2935                   
2026-10-06T20:25:26.575	TEL,2029,S5,425172733,5008,21844,15,422,2932                   
2026-10-06T20:25:26.575	TEL,2030,S5,425182733,5008,21844,15,433,2932                   
2026-10-06T20:25:26.575	TEL,2031,S5,425192733,5008,21844,15,436,2935                   
2026-10-06T20:25:27.194	TEL,2032,S5,425202733,5008,21844,15,428,2935                   
2026-10-06T20:25:27.194	TEL,2033,S5,425212733,5008,21844,15,428,2935                   
2026-10-06T20:25:27.195	TEL,2034,S5,425222733,5008,21844,15,422,2935                   
2026-10-06T20:25:27.195	TEL,2035,S5,425232733,5008,21844,15,419,2932                   
2026-10-06T20:25:27.195	TEL,2036,S5,425242733,5008,21844,15,419,2932                   
2026-10-06T20:25:27.195	TEL,2037,S5,425252733,5008,21844,15,419,2932                   
2026-10-06T20:25:27.195	TEL,2038,S5,425262733,5008,21844,15,419,2932                   
2026-10-06T20:25:27.195	TEL,2039,S5,425272733,5008,21844,15,419,2932                   
2026-10-06T20:25:27.195	BTN,22,S5,PRESSED,425274006,425274013                          
2026-10-06T20:25:27.195	TEL,2041,S5,425292733,5008,21844,15,436,2937                   
2026-10-06T20:25:27.195	TEL,2042,S5,425302733,5008,21844,15,425,2937                   
2026-10-06T20:25:27.195	TEL,2043,S5,425312733,5008,21844,15,419,2932                   
2026-10-06T20:25:27.195	TEL,2044,S5,425322733,5008,21844,15,419,2932                   
2026-10-06T20:25:27.195	TEL,2045,S5,425332733,5008,21844,15,422,2933                   
2026-10-06T20:25:27.195	TEL,2046,S5,425342733,5008,21844,15,425,2933                   
2026-10-06T20:25:27.195	TEL,2047,S5,425352733,5008,21844,15,428,2935                   
2026-10-06T20:25:27.195	TEL,2048,S5,425362733,5008,21844,15,425,2935                   
2026-10-06T20:25:27.195	TEL,2049,S5,425372733,5008,21844,15,425,2935                   
2026-10-06T20:25:27.195	TEL,2050,S5,425382733,5008,21844,15,428,2935                   
2026-10-06T20:25:27.195	TEL,2051,S5,425392733,5008,21844,15,428,2935                   
2026-10-06T20:25:27.195	TEL,2052,S5,425402733,5008,21844,15,428,2935                   
2026-10-06T20:25:27.195	TEL,2053,S5,425412733,5008,21844,15,422,2932                   
2026-10-06T20:25:27.195	TEL,2054,S5,425422733,5008,21844,15,422,2932                   
2026-10-06T20:25:27.195	TEL,2055,S5,425432733,5008,21844,15,422,2932                   
2026-10-06T20:25:27.195	TEL,2056,S5,425442733,5008,21844,15,419,2932                   
2026-10-06T20:25:27.195	TEL,2057,S5,425452733,5008,21844,15,419,2932                   
2026-10-06T20:25:27.195	TEL,2058,S5,425462733,5008,21844,15,430,2932                   
2026-10-06T20:25:27.195	TEL,2059,S5,425472733,5008,21844,15,433,2935                   
2026-10-06T20:25:27.195	TEL,2060,S5,425482733,5008,21844,15,425,2935                   
2026-10-06T20:25:27.195	TEL,2061,S5,425492733,5008,21844,15,419,2932                   
2026-10-06T20:25:27.195	TEL,2062,S5,425502733,5008,21844,15,422,2932                   
2026-10-06T20:25:27.195	TEL,2063,S5,425512733,5008,21844,15,428,2935                   
2026-10-06T20:25:27.195	TEL,2064,S5,425522733,5008,21844,15,422,2935                   
2026-10-06T20:25:27.195	TEL,2065,S5,425532733,5008,21844,15,422,2935                   
2026-10-06T20:25:27.195	TEL,2066,S5,425542733,5008,21844,15,428,2935                   
2026-10-06T20:25:27.195	TEL,2067,S5,425552733,5008,21844,15,422,2932                   
2026-10-06T20:25:27.195	TEL,2068,S5,425562733,5008,21844,15,422,2932                   
2026-10-06T20:25:27.195	TEL,2069,S5,425572733,5008,21844,15,422,2932                   
2026-10-06T20:25:27.195	TEL,2070,S5,425582733,5008,21844,15,422,2932                   
2026-10-06T20:25:27.195	TEL,2071,S5,425592733,5008,21844,15,422,2930                   
2026-10-06T20:25:27.195	TEL,2072,S5,425602733,5008,21844,15,428,2930                   
2026-10-06T20:25:27.195	TEL,2073,S5,425612733,5008,21844,15,433,2935                   
2026-10-06T20:25:27.195	TEL,2074,S5,425622733,5008,21844,15,428,2935                   
2026-10-06T20:25:27.195	TEL,2075,S5,425632733,5008,21844,15,428,2935                   
2026-10-06T20:25:27.195	TEL,2076,S5,425642733,5008,21844,15,433,2935                   
2026-10-06T20:25:27.195	TEL,2077,S5,425652733,5008,21844,15,430,2932                   
2026-10-06T20:25:27.195	TEL,2078,S5,425662733,5008,21844,15,430,2932                   
2026-10-06T20:25:27.195	TEL,2079,S5,425672733,5008,21844,15,433,2933                   
2026-10-06T20:25:27.195	TEL,2080,S5,425682733,5008,21844,15,422,2933                   
2026-10-06T20:25:27.195	TEL,2081,S5,425692733,5008,21844,15,425,2935                   
2026-10-06T20:25:27.195	TEL,2082,S5,425702733,5008,21844,15,428,2935                   
2026-10-06T20:25:27.195	TEL,2083,S5,425712733,5008,21844,15,428,2935                   
2026-10-06T20:25:27.195	TEL,2084,S5,425722733,5008,21844,15,428,2935                   
2026-10-06T20:25:27.195	TEL,2085,S5,425732733,5008,21844,15,428,2935                   
2026-10-06T20:25:27.195	TEL,2086,S5,425742733,5008,21844,15,425,2935                   
2026-10-06T20:25:27.195	TEL,2087,S5,425752733,5008,21844,15,419,2932                   
2026-10-06T20:25:27.195	TEL,2088,S5,425762733,5008,21844,15,422,2932                   
2026-10-06T20:25:27.195	TEL,2089,S5,425772733,5008,21844,15,422,2932                   
2026-10-06T20:25:27.195	TEL,2090,S5,425782733,5008,21844,15,422,2932                   
2026-10-06T20:25:27.195	TEL,2091,S5,425792733,5008,21844,15,422,2932                   
2026-10-06T20:25:27.195	TEL,2092,S5,425802733,5008,21844,15,419,2932                   
2026-10-06T20:25:27.195	TEL,2093,S5,425812733,5008,21844,15,419,2932                   
2026-10-06T20:25:27.816	TEL,2094,S5,425822733,5008,21844,15,422,2932                   
2026-10-06T20:25:27.816	TEL,2095,S5,425832733,5008,21844,15,428,2935                   
2026-10-06T20:25:27.816	TEL,2096,S5,425842733,5008,21844,15,425,2935                   
2026-10-06T20:25:27.816	TEL,2097,S5,425852733,5008,21844,15,419,2932                   
2026-10-06T20:25:27.816	TEL,2098,S5,425862733,5008,21844,15,422,2932                   
2026-10-06T20:25:27.816	TEL,2099,S5,425872733,5008,21844,15,428,2935                   
2026-10-06T20:25:27.816	TEL,2100,S5,425882733,5008,21844,15,428,2935                   
2026-10-06T20:25:27.816	TEL,2101,S5,425892733,5008,21844,15,428,2935                   
2026-10-06T20:25:27.816	TEL,2102,S5,425902733,5008,21844,15,428,2935                   
2026-10-06T20:25:27.816	TEL,2103,S5,425912733,5008,21844,15,428,2935                   
2026-10-06T20:25:27.816	TEL,2104,S5,425922733,5008,21844,15,428,2935                   
2026-10-06T20:25:27.816	TEL,2105,S5,425932733,5008,21844,15,428,2935                   
2026-10-06T20:25:27.816	TEL,2106,S5,425942733,5008,21844,15,425,2935                   
2026-10-06T20:25:27.816	TEL,2107,S5,425952733,5008,21844,15,419,2932                   
2026-10-06T20:25:27.816	TEL,2108,S5,425962733,5008,21844,15,422,2932                   
2026-10-06T20:25:27.816	TEL,2109,S5,425972733,5008,21844,15,428,2935                   
2026-10-06T20:25:27.816	TEL,2110,S5,425982733,5008,21844,15,428,2935                   
2026-10-06T20:25:27.816	TEL,2111,S5,425992733,5008,21844,15,428,2935                   
2026-10-06T20:25:27.816	TEL,2112,S5,426002733,5008,21844,15,425,2935                   
2026-10-06T20:25:27.816	TEL,2113,S5,426012733,5008,21844,15,425,2935                   
2026-10-06T20:25:27.816	TEL,2114,S5,426022733,5008,21844,15,428,2935                   
2026-10-06T20:25:27.816	TEL,2115,S5,426032733,5008,21844,15,428,2935                   
2026-10-06T20:25:27.816	TEL,2116,S5,426042733,5008,21844,15,428,2935                   
2026-10-06T20:25:27.816	TEL,2117,S5,426052739,5014,21844,15,428,2935                   
2026-10-06T20:25:27.816	TEL,2118,S5,426062733,5008,21844,15,428,2935                   
2026-10-06T20:25:27.816	TEL,2119,S5,426072733,5008,21844,15,428,2935                   
2026-10-06T20:25:27.816	TEL,2120,S5,426082733,5008,21844,15,433,2935                   
2026-10-06T20:25:27.816	TEL,2121,S5,426092733,5008,21844,15,433,2935                   
2026-10-06T20:25:27.818	TEL,2122,S5,426102733,5008,21844,15,425,2935                   
2026-10-06T20:25:27.818	TEL,2123,S5,426112733,5008,21844,15,425,2935                   
2026-10-06T20:25:27.818	TEL,2124,S5,426122733,5008,21844,15,428,2935                   
2026-10-06T20:25:27.818	TEL,2125,S5,426132733,5008,21844,15,422,2932                   
2026-10-06T20:25:27.818	TEL,2126,S5,426142733,5008,21844,15,428,2932                   
2026-10-06T20:25:27.818	TEL,2127,S5,426152733,5008,21844,15,430,2935                   
2026-10-06T20:25:27.818	TEL,2128,S5,426162733,5008,21844,15,425,2935                   
2026-10-06T20:25:27.818	TEL,2129,S5,426172733,5008,21844,15,425,2935                   
2026-10-06T20:25:27.818	TEL,2130,S5,426182733,5008,21844,15,428,2935                   
2026-10-06T20:25:27.818	TEL,2131,S5,426192733,5008,21844,15,428,2935                   
2026-10-06T20:25:27.818	TEL,2132,S5,426202733,5008,21844,15,425,2935                   
2026-10-06T20:25:27.818	TEL,2133,S5,426212733,5008,21844,15,419,2932                   
2026-10-06T20:25:27.818	TEL,2134,S5,426222733,5008,21844,15,419,2932                   
2026-10-06T20:25:27.818	TEL,2135,S5,426232733,5008,21844,15,425,2935                   
2026-10-06T20:25:27.818	TEL,2136,S5,426242733,5008,21844,15,422,2935                   
2026-10-06T20:25:27.818	TEL,2137,S5,426252733,5008,21844,15,416,2930                   
2026-10-06T20:25:27.818	TEL,2138,S5,426262733,5008,21844,15,422,2930                   
2026-10-06T20:25:27.818	TEL,2139,S5,426272733,5008,21844,15,430,2939                   
2026-10-06T20:25:27.818	TEL,2140,S5,426282733,5008,21844,15,430,2939                   
2026-10-06T20:25:27.818	TEL,2141,S5,426292733,5008,21844,15,422,2932                   
2026-10-06T20:25:27.818	TEL,2142,S5,426302733,5008,21844,15,422,2932                   
2026-10-06T20:25:27.818	TEL,2143,S5,426312733,5008,21844,15,422,2932                   
2026-10-06T20:25:27.818	TEL,2144,S5,426322733,5008,21844,15,428,2932                   
2026-10-06T20:25:27.818	TEL,2145,S5,426332733,5008,21844,15,428,2932                   
2026-10-06T20:25:27.818	TEL,2146,S5,426342733,5008,21844,15,428,2932                   
2026-10-06T20:25:27.818	TEL,2147,S5,426352733,5008,21844,15,428,2932                   
2026-10-06T20:25:27.818	TEL,2148,S5,426362733,5008,21844,15,422,2932                   
2026-10-06T20:25:27.818	TEL,2149,S5,426372733,5008,21844,15,428,2935                   
2026-10-06T20:25:27.818	TEL,2150,S5,426382733,5008,21844,15,416,2935                   
2026-10-06T20:25:27.818	TEL,2151,S5,426392733,5008,21844,15,416,2935                   
2026-10-06T20:25:27.818	TEL,2152,S5,426402733,5008,21844,15,428,2935                   
2026-10-06T20:25:27.818	TEL,2153,S5,426412733,5008,21844,15,422,2932                   
2026-10-06T20:25:27.818	TEL,2154,S5,426422733,5008,21844,15,422,2932                   
2026-10-06T20:25:27.818	TEL,2155,S5,426432733,5008,21844,15,422,2932                   
2026-10-06T20:25:28.433	TEL,2156,S5,426442733,5008,21844,15,419,2932                   
2026-10-06T20:25:28.433	TEL,2157,S5,426452733,5008,21844,15,419,2932                   
2026-10-06T20:25:28.433	TEL,2158,S5,426462733,5008,21844,15,422,2932                   
2026-10-06T20:25:28.433	TEL,2159,S5,426472733,5008,21844,15,422,2932                   
2026-10-06T20:25:28.433	TEL,2160,S5,426482733,5008,21844,15,419,2932                   
2026-10-06T20:25:28.433	TEL,2161,S5,426492733,5008,21844,15,425,2935                   
2026-10-06T20:25:28.433	TEL,2162,S5,426502733,5008,21844,15,425,2935                   
2026-10-06T20:25:28.433	TEL,2163,S5,426512733,5008,21844,15,419,2932                   
2026-10-06T20:25:28.433	TEL,2164,S5,426522733,5008,21844,15,419,2932                   
2026-10-06T20:25:28.433	TEL,2165,S5,426532733,5008,21844,15,419,2932                   
2026-10-06T20:25:28.433	TEL,2166,S5,426542733,5008,21844,15,428,2932                   
2026-10-06T20:25:28.433	TEL,2167,S5,426552733,5008,21844,15,430,2935                   
2026-10-06T20:25:28.433	TEL,2168,S5,426562733,5008,21844,15,422,2935                   
2026-10-06T20:25:28.433	TEL,2169,S5,426572733,5008,21844,15,419,2932                   
2026-10-06T20:25:28.433	TEL,2170,S5,426582733,5008,21844,15,419,2932                   
2026-10-06T20:25:28.433	TEL,2171,S5,426592733,5008,21844,15,419,2930                   
2026-10-06T20:25:28.433	TEL,2172,S5,426602733,5008,21844,15,428,2930                   
2026-10-06T20:25:28.433	TEL,2173,S5,426612733,5008,21844,15,428,2930                   
2026-10-06T20:25:28.433	TEL,2174,S5,426622733,5008,21844,15,422,2930                   
2026-10-06T20:25:28.433	TEL,2175,S5,426632733,5008,21844,15,428,2935                   
2026-10-06T20:25:28.433	TEL,2176,S5,426642733,5008,21844,15,436,2935                   
2026-10-06T20:25:28.433	TEL,2177,S5,426652733,5008,21844,15,436,2935                   
2026-10-06T20:25:28.433	TEL,2178,S5,426662733,5008,21844,15,428,2935                   
2026-10-06T20:25:28.433	TEL,2179,S5,426672733,5008,21844,15,428,2935                   
2026-10-06T20:25:28.433	TEL,2180,S5,426682733,5008,21844,15,425,2935                   
2026-10-06T20:25:28.433	TEL,2181,S5,426692733,5008,21844,15,419,2932                   
2026-10-06T20:25:28.433	TEL,2182,S5,426702733,5008,21844,15,422,2932                   
2026-10-06T20:25:28.433	TEL,2183,S5,426712733,5008,21844,15,422,2932                   
2026-10-06T20:25:28.433	TEL,2184,S5,426722733,5008,21844,15,422,2932                   
2026-10-06T20:25:28.433	TEL,2185,S5,426732733,5008,21844,15,422,2932                   
2026-10-06T20:25:28.433	TEL,2186,S5,426742733,5008,21844,15,419,2932                   
2026-10-06T20:25:28.433	TEL,2187,S5,426752733,5008,21844,15,422,2935                   
2026-10-06T20:25:28.433	TEL,2188,S5,426762733,5008,21844,15,428,2935                   
2026-10-06T20:25:28.433	TEL,2189,S5,426772733,5008,21844,15,425,2933                   
2026-10-06T20:25:28.433	TEL,2190,S5,426782733,5008,21844,15,422,2933                   
2026-10-06T20:25:28.433	TEL,2191,S5,426792733,5008,21844,15,419,2932                   
2026-10-06T20:25:28.433	TEL,2192,S5,426802733,5008,21844,15,422,2932                   
2026-10-06T20:25:28.433	TEL,2193,S5,426812733,5008,21844,15,422,2932                   
2026-10-06T20:25:28.433	TEL,2194,S5,426822733,5008,21844,15,422,2932                   
2026-10-06T20:25:28.433	TEL,2195,S5,426832733,5008,21844,15,422,2932                   
2026-10-06T20:25:28.433	TEL,2196,S5,426842733,5008,21844,15,422,2932                   
2026-10-06T20:25:28.433	TEL,2197,S5,426852733,5008,21844,15,425,2933                   
2026-10-06T20:25:28.433	TEL,2198,S5,426862733,5008,21844,15,425,2933                   
2026-10-06T20:25:28.433	TEL,2199,S5,426872733,5008,21844,15,422,2932                   
2026-10-06T20:25:28.433	TEL,2200,S5,426882733,5008,21844,15,428,2932                   
2026-10-06T20:25:28.433	TEL,2201,S5,426892733,5008,21844,15,430,2935                   
2026-10-06T20:25:28.433	TEL,2202,S5,426902733,5008,21844,15,428,2935                   
2026-10-06T20:25:28.433	TEL,2203,S5,426912733,5008,21844,15,428,2935                   
2026-10-06T20:25:28.433	TEL,2204,S5,426922739,5014,21844,15,428,2935                   
2026-10-06T20:25:28.433	TEL,2205,S5,426932733,5008,21844,15,419,2927                   
2026-10-06T20:25:28.433	TEL,2206,S5,426942733,5008,21844,15,419,2927                   
2026-10-06T20:25:28.433	TEL,2207,S5,426952733,5008,21844,15,428,2935                   
2026-10-06T20:25:28.433	TEL,2208,S5,426962733,5008,21844,15,428,2935                   
2026-10-06T20:25:28.433	TEL,2209,S5,426972733,5008,21844,15,428,2935                   
2026-10-06T20:25:28.433	TEL,2210,S5,426982733,5008,21844,15,425,2935                   
2026-10-06T20:25:28.433	TEL,2211,S5,426992733,5008,21844,15,419,2932                   
2026-10-06T20:25:28.433	TEL,2212,S5,427002733,5008,21844,15,419,2932                   
2026-10-06T20:25:28.433	TEL,2213,S5,427012733,5008,21844,15,422,2933                   
2026-10-06T20:25:28.433	TEL,2214,S5,427022733,5008,21844,15,422,2933                   
2026-10-06T20:25:28.433	TEL,2215,S5,427032733,5008,21844,15,416,2928                   
2026-10-06T20:25:28.433	TEL,2216,S5,427042733,5008,21844,15,410,2928                   
2026-10-06T20:25:28.433	TEL,2217,S5,427052733,5008,21844,15,416,2935                   
2026-10-06T20:25:29.051	TEL,2218,S5,427062733,5008,21844,15,428,2935                   
2026-10-06T20:25:29.051	TEL,2219,S5,427072733,5008,21844,15,422,2932                   
2026-10-06T20:25:29.051	TEL,2220,S5,427082733,5008,21844,15,419,2932                   
2026-10-06T20:25:29.051	TEL,2221,S5,427092733,5008,21844,15,416,2928                   
2026-10-06T20:25:29.051	TEL,2222,S5,427102733,5008,21844,15,419,2928                   
2026-10-06T20:25:29.051	TEL,2223,S5,427112733,5008,21844,15,428,2935                   
2026-10-06T20:25:29.051	TEL,2224,S5,427122733,5008,21844,15,422,2935                   
2026-10-06T20:25:29.051	TEL,2225,S5,427132733,5008,21844,15,419,2932                   
2026-10-06T20:25:29.051	TEL,2226,S5,427142733,5008,21844,15,422,2932                   
2026-10-06T20:25:29.051	TEL,2227,S5,427152733,5008,21844,15,428,2935                   
2026-10-06T20:25:29.051	TEL,2228,S5,427162733,5008,21844,15,419,2935                   
2026-10-06T20:25:29.051	TEL,2229,S5,427172733,5008,21844,15,419,2935                   
2026-10-06T20:25:29.051	TEL,2230,S5,427182733,5008,21844,15,425,2935                   
2026-10-06T20:25:29.051	TEL,2231,S5,427192733,5008,21844,15,419,2932                   
2026-10-06T20:25:29.051	TEL,2232,S5,427202733,5008,21844,15,419,2932                   
2026-10-06T20:25:29.051	TEL,2233,S5,427212733,5008,21844,15,422,2935                   
2026-10-06T20:25:29.051	TEL,2234,S5,427222733,5008,21844,15,428,2935                   
2026-10-06T20:25:29.051	TEL,2235,S5,427232733,5008,21844,15,428,2935                   
2026-10-06T20:25:29.051	TEL,2236,S5,427242733,5008,21844,15,430,2935                   
2026-10-06T20:25:29.051	TEL,2237,S5,427252733,5008,21844,15,433,2939                   
2026-10-06T20:25:29.051	TEL,2238,S5,427262733,5008,21844,15,430,2939                   
2026-10-06T20:25:29.051	TEL,2239,S5,427272733,5008,21844,15,430,2939                   
2026-10-06T20:25:29.051	TEL,2240,S5,427282733,5008,21844,15,430,2939                   
2026-10-06T20:25:29.051	TEL,2241,S5,427292733,5008,21844,15,428,2935                   
2026-10-06T20:25:29.051	TEL,2242,S5,427302733,5008,21844,15,428,2935                   
2026-10-06T20:25:29.051	TEL,2243,S5,427312733,5008,21844,15,422,2932                   
2026-10-06T20:25:29.051	TEL,2244,S5,427322733,5008,21844,15,422,2932                   
2026-10-06T20:25:29.051	TEL,2245,S5,427332733,5008,21844,15,422,2932                   
2026-10-06T20:25:29.051	TEL,2246,S5,427342733,5008,21844,15,422,2932                   
2026-10-06T20:25:29.051	TEL,2247,S5,427352733,5008,21844,15,422,2932                   
2026-10-06T20:25:29.051	TEL,2248,S5,427362733,5008,21844,15,422,2932                   
2026-10-06T20:25:29.051	TEL,2249,S5,427372733,5008,21844,15,428,2935                   
2026-10-06T20:25:29.051	TEL,2250,S5,427382733,5008,21844,15,428,2935                   
2026-10-06T20:25:29.055	TEL,2251,S5,427392733,5008,21844,15,422,2932                   
2026-10-06T20:25:29.055	TEL,2252,S5,427402733,5008,21844,15,422,2932                   
2026-10-06T20:25:29.055	TEL,2253,S5,427412733,5008,21844,15,422,2932                   
2026-10-06T20:25:29.055	TEL,2254,S5,427422733,5008,21844,15,422,2932                   
2026-10-06T20:25:29.055	TEL,2255,S5,427432733,5008,21844,15,422,2932                   
2026-10-06T20:25:29.055	TEL,2256,S5,427442733,5008,21844,15,422,2932                   
2026-10-06T20:25:29.055	TEL,2257,S5,427452733,5008,21844,15,428,2935                   
2026-10-06T20:25:29.055	TEL,2258,S5,427462733,5008,21844,15,428,2935                   
2026-10-06T20:25:29.055	TEL,2259,S5,427472733,5008,21844,15,428,2935                   
2026-10-06T20:25:29.055	TEL,2260,S5,427482733,5008,21844,15,428,2935                   
2026-10-06T20:25:29.055	TEL,2261,S5,427492733,5008,21844,15,428,2935                   
2026-10-06T20:25:29.055	TEL,2262,S5,427502733,5008,21844,15,428,2935                   
2026-10-06T20:25:29.055	TEL,2263,S5,427512733,5008,21844,15,425,2933                   
2026-10-06T20:25:29.055	TEL,2264,S5,427522733,5008,21844,15,425,2933                   
2026-10-06T20:25:29.055	TEL,2265,S5,427532733,5008,21844,15,428,2935                   
2026-10-06T20:25:29.055	TEL,2266,S5,427542733,5008,21844,15,433,2935                   
2026-10-06T20:25:29.055	TEL,2267,S5,427552733,5008,21844,15,433,2935                   
2026-10-06T20:25:29.055	TEL,2268,S5,427562733,5008,21844,15,428,2935                   
2026-10-06T20:25:29.055	TEL,2269,S5,427572733,5008,21844,15,425,2930                   
2026-10-06T20:25:29.055	BTN,25,S5,PRESSED,427575022,427575029                          
2026-10-06T20:25:29.055	TEL,2271,S5,427592733,5008,21844,15,425,2937                   
2026-10-06T20:25:29.055	TEL,2272,S5,427602733,5008,21844,15,428,2937                   
2026-10-06T20:25:29.055	TEL,2273,S5,427612733,5008,21844,15,422,2932                   
2026-10-06T20:25:29.055	TEL,2274,S5,427622733,5008,21844,15,419,2932                   
2026-10-06T20:25:29.055	TEL,2275,S5,427632733,5008,21844,15,425,2935                   
2026-10-06T20:25:29.055	TEL,2276,S5,427642733,5008,21844,15,428,2935                   
2026-10-06T20:25:29.055	TEL,2277,S5,427652733,5008,21844,15,428,2935                   
2026-10-06T20:25:29.055	TEL,2278,S5,427662733,5008,21844,15,430,2935                   
2026-10-06T20:25:29.055	TEL,2279,S5,427672733,5008,21844,15,430,2935                   
2026-10-06T20:25:29.674	TEL,2280,S5,427682733,5008,21844,15,425,2935                   
2026-10-06T20:25:29.674	TEL,2281,S5,427692733,5008,21844,15,419,2932                   
2026-10-06T20:25:29.674	TEL,2282,S5,427702733,5008,21844,15,430,2932                   
2026-10-06T20:25:29.674	TEL,2283,S5,427712733,5008,21844,15,430,2932                   
2026-10-06T20:25:29.674	TEL,2284,S5,427722733,5008,21844,15,422,2932                   
2026-10-06T20:25:29.674	TEL,2285,S5,427732733,5008,21844,15,425,2933                   
2026-10-06T20:25:29.674	TEL,2286,S5,427742733,5008,21844,15,425,2933                   
2026-10-06T20:25:29.674	TEL,2287,S5,427752733,5008,21844,15,422,2932                   
2026-10-06T20:25:29.674	TEL,2288,S5,427762733,5008,21844,15,419,2932                   
2026-10-06T20:25:29.674	TEL,2289,S5,427772733,5008,21844,15,425,2935                   
2026-10-06T20:25:29.674	TEL,2290,S5,427782733,5008,21844,15,428,2935                   
2026-10-06T20:25:29.674	TEL,2291,S5,427792733,5008,21844,15,422,2932                   
2026-10-06T20:25:29.674	TEL,2292,S5,427802733,5008,21844,15,422,2932                   
2026-10-06T20:25:29.674	TEL,2293,S5,427812733,5008,21844,15,428,2935                   
2026-10-06T20:25:29.674	TEL,2294,S5,427822733,5008,21844,15,428,2935                   
2026-10-06T20:25:29.674	TEL,2295,S5,427832733,5008,21844,15,422,2932                   
2026-10-06T20:25:29.674	TEL,2296,S5,427842733,5008,21844,15,419,2932                   
2026-10-06T20:25:29.674	TEL,2297,S5,427852733,5008,21844,15,419,2932                   
2026-10-06T20:25:29.674	TEL,2298,S5,427862733,5008,21844,15,422,2932                   
2026-10-06T20:25:29.674	TEL,2299,S5,427872733,5008,21844,15,419,2928                   
2026-10-06T20:25:29.674	TEL,2300,S5,427882733,5008,21844,15,419,2928                   
2026-10-06T20:25:29.674	TEL,2301,S5,427892733,5008,21844,15,428,2935                   
2026-10-06T20:25:29.674	TEL,2302,S5,427902733,5008,21844,15,428,2935                   
2026-10-06T20:25:29.674	TEL,2303,S5,427912733,5008,21844,15,428,2935                   
2026-10-06T20:25:29.674	TEL,2304,S5,427922733,5008,21844,15,428,2935                   
2026-10-06T20:25:29.674	TEL,2305,S5,427932733,5008,21844,15,428,2935                   
2026-10-06T20:25:29.674	TEL,2306,S5,427942733,5008,21844,15,428,2935                   
2026-10-06T20:25:29.674	TEL,2307,S5,427952733,5008,21844,15,422,2932                   
2026-10-06T20:25:29.674	TEL,2308,S5,427962733,5008,21844,15,428,2932                   
2026-10-06T20:25:29.674	TEL,2309,S5,427972733,5008,21844,15,430,2935                   
2026-10-06T20:25:29.674	TEL,2310,S5,427982733,5008,21844,15,428,2935                   
2026-10-06T20:25:29.674	TEL,2311,S5,427992733,5008,21844,15,422,2932                   
2026-10-06T20:25:29.674	TEL,2312,S5,428002733,5008,21844,15,419,2932                   
2026-10-06T20:25:29.674	TEL,2313,S5,428012733,5008,21844,15,422,2935                   
2026-10-06T20:25:29.674	TEL,2314,S5,428022733,5008,21844,15,428,2935                   
2026-10-06T20:25:29.674	TEL,2315,S5,428032733,5008,21844,15,428,2935                   
2026-10-06T20:25:29.674	TEL,2316,S5,428042733,5008,21844,15,428,2935                   
2026-10-06T20:25:29.674	TEL,2317,S5,428052733,5008,21844,15,428,2935                   
2026-10-06T20:25:29.674	TEL,2318,S5,428062733,5008,21844,15,422,2935                   
2026-10-06T20:25:29.674	TEL,2319,S5,428072733,5008,21844,15,419,2932                   
2026-10-06T20:25:29.674	TEL,2320,S5,428082733,5008,21844,15,422,2932                   
2026-10-06T20:25:29.674	TEL,2321,S5,428092733,5008,21844,15,428,2935                   
2026-10-06T20:25:29.674	TEL,2322,S5,428102733,5008,21844,15,428,2935                   
2026-10-06T20:25:29.674	TEL,2323,S5,428112733,5008,21844,15,422,2932                   
2026-10-06T20:25:29.674	TEL,2324,S5,428122733,5008,21844,15,419,2932                   
2026-10-06T20:25:29.674	TEL,2325,S5,428132733,5008,21844,15,428,2939                   
2026-10-06T20:25:29.674	TEL,2326,S5,428142733,5008,21844,15,425,2939                   
2026-10-06T20:25:29.674	TEL,2327,S5,428152733,5008,21844,15,422,2935                   
2026-10-06T20:25:29.674	TEL,2328,S5,428162733,5008,21844,15,430,2935                   
2026-10-06T20:25:29.674	TEL,2329,S5,428172733,5008,21844,15,430,2935                   
2026-10-06T20:25:29.674	TEL,2330,S5,428182733,5008,21844,15,428,2935                   
2026-10-06T20:25:29.674	TEL,2331,S5,428192733,5008,21844,15,428,2935                   
2026-10-06T20:25:29.674	TEL,2332,S5,428202733,5008,21844,15,428,2935                   
2026-10-06T20:25:29.674	TEL,2333,S5,428212733,5008,21844,15,428,2935                   
2026-10-06T20:25:29.674	TEL,2334,S5,428222733,5008,21844,15,428,2935                   
2026-10-06T20:25:29.674	TEL,2335,S5,428232733,5008,21844,15,422,2932                   
2026-10-06T20:25:29.674	TEL,2336,S5,428242733,5008,21844,15,422,2932                   
2026-10-06T20:25:29.674	TEL,2337,S5,428252733,5008,21844,15,422,2932                   
2026-10-06T20:25:29.674	TEL,2338,S5,428262733,5008,21844,15,422,2932                   
2026-10-06T20:25:29.674	TEL,2339,S5,428272739,5014,21844,15,422,2932                   
2026-10-06T20:25:29.674	TEL,2340,S5,428282733,5008,21844,15,419,2932                   
2026-10-06T20:25:29.674	TEL,2341,S5,428292733,5008,21844,15,425,2935                   
2026-10-06T20:25:30.293	TEL,2342,S5,428302733,5008,21844,15,425,2935                   
2026-10-06T20:25:30.293	TEL,2343,S5,428312733,5008,21844,15,419,2932                   
2026-10-06T20:25:30.293	TEL,2344,S5,428322733,5008,21844,15,422,2932                   
2026-10-06T20:25:30.293	TEL,2345,S5,428332733,5008,21844,15,422,2930                   
2026-10-06T20:25:30.293	TEL,2346,S5,428342733,5008,21844,15,422,2930                   
2026-10-06T20:25:30.293	TEL,2347,S5,428352733,5008,21844,15,428,2935                   
2026-10-06T20:25:30.293	TEL,2348,S5,428362733,5008,21844,15,428,2935                   
2026-10-06T20:25:30.293	TEL,2349,S5,428372733,5008,21844,15,428,2935                   
2026-10-06T20:25:30.293	TEL,2350,S5,428382733,5008,21844,15,428,2935                   
2026-10-06T20:25:30.293	TEL,2351,S5,428392733,5008,21844,15,422,2932                   
2026-10-06T20:25:30.293	TEL,2352,S5,428402733,5008,21844,15,422,2932                   
2026-10-06T20:25:30.293	TEL,2353,S5,428412733,5008,21844,15,425,2933                   
2026-10-06T20:25:30.293	TEL,2354,S5,428422733,5008,21844,15,428,2933                   
2026-10-06T20:25:30.293	TEL,2355,S5,428432733,5008,21844,15,428,2933                   
2026-10-06T20:25:30.293	TEL,2356,S5,428442733,5008,21844,15,416,2933                   
2026-10-06T20:25:30.293	TEL,2357,S5,428452733,5008,21844,15,416,2932                   
2026-10-06T20:25:30.293	TEL,2358,S5,428462733,5008,21844,15,422,2932                   
2026-10-06T20:25:30.293	TEL,2359,S5,428472733,5008,21844,15,428,2935                   
2026-10-06T20:25:30.293	TEL,2360,S5,428482733,5008,21844,15,422,2935                   
2026-10-06T20:25:30.293	TEL,2361,S5,428492733,5008,21844,15,419,2932                   
2026-10-06T20:25:30.293	TEL,2362,S5,428502733,5008,21844,15,419,2932                   
2026-10-06T20:25:30.293	TEL,2363,S5,428512733,5008,21844,15,419,2930                   
2026-10-06T20:25:30.293	TEL,2364,S5,428522733,5008,21844,15,422,2930                   
2026-10-06T20:25:30.293	TEL,2365,S5,428532733,5008,21844,15,428,2935                   
2026-10-06T20:25:30.293	TEL,2366,S5,428542733,5008,21844,15,425,2935                   
2026-10-06T20:25:30.293	TEL,2367,S5,428552733,5008,21844,15,425,2935                   
2026-10-06T20:25:30.293	TEL,2368,S5,428562733,5008,21844,15,428,2935                   
2026-10-06T20:25:30.293	TEL,2369,S5,428572733,5008,21844,15,422,2932                   
2026-10-06T20:25:30.295	TEL,2370,S5,428582733,5008,21844,15,422,2932                   
2026-10-06T20:25:30.295	TEL,2371,S5,428592733,5008,21844,15,428,2935                   
2026-10-06T20:25:30.295	TEL,2372,S5,428602733,5008,21844,15,425,2935                   
2026-10-06T20:25:30.295	TEL,2373,S5,428612733,5008,21844,15,419,2932                   
2026-10-06T20:25:30.295	TEL,2374,S5,428622733,5008,21844,15,425,2932                   
2026-10-06T20:25:30.295	TEL,2375,S5,428632733,5008,21844,15,428,2935                   
2026-10-06T20:25:30.295	TEL,2376,S5,428642733,5008,21844,15,425,2935                   
2026-10-06T20:25:30.295	TEL,2377,S5,428652733,5008,21844,15,425,2935                   
2026-10-06T20:25:30.295	TEL,2378,S5,428662733,5008,21844,15,428,2935                   
2026-10-06T20:25:30.295	TEL,2379,S5,428672733,5008,21844,15,422,2932                   
2026-10-06T20:25:30.295	TEL,2380,S5,428682733,5008,21844,15,422,2932                   
2026-10-06T20:25:30.295	TEL,2381,S5,428692733,5008,21844,15,425,2933                   
2026-10-06T20:25:30.295	TEL,2382,S5,428702733,5008,21844,15,422,2933                   
2026-10-06T20:25:30.295	TEL,2383,S5,428712733,5008,21844,15,422,2933                   
2026-10-06T20:25:30.295	TEL,2384,S5,428722733,5008,21844,15,425,2933                   
2026-10-06T20:25:30.295	TEL,2385,S5,428732733,5008,21844,15,422,2932                   
2026-10-06T20:25:30.295	TEL,2386,S5,428742733,5008,21844,15,419,2932                   
2026-10-06T20:25:30.295	TEL,2387,S5,428752733,5008,21844,15,419,2932                   
2026-10-06T20:25:30.295	TEL,2388,S5,428762733,5008,21844,15,422,2932                   
2026-10-06T20:25:30.295	TEL,2389,S5,428772733,5008,21844,15,428,2935                   
2026-10-06T20:25:30.295	TEL,2390,S5,428782733,5008,21844,15,428,2935                   
2026-10-06T20:25:30.295	TEL,2391,S5,428792733,5008,21844,15,425,2933                   
2026-10-06T20:25:30.295	TEL,2392,S5,428802733,5008,21844,15,422,2933                   
2026-10-06T20:25:30.295	TEL,2393,S5,428812733,5008,21844,15,419,2932                   
2026-10-06T20:25:30.295	TEL,2394,S5,428822733,5008,21844,15,422,2932                   
2026-10-06T20:25:30.295	TEL,2395,S5,428832733,5008,21844,15,422,2932                   
2026-10-06T20:25:30.295	TEL,2396,S5,428842733,5008,21844,15,419,2932                   
2026-10-06T20:25:30.295	TEL,2397,S5,428852733,5008,21844,15,425,2935                   
2026-10-06T20:25:30.295	TEL,2398,S5,428862733,5008,21844,15,430,2935                   
2026-10-06T20:25:30.295	TEL,2399,S5,428872733,5008,21844,15,428,2932                   
2026-10-06T20:25:30.295	TEL,2400,S5,428882733,5008,21844,15,422,2932                   
2026-10-06T20:25:30.295	TEL,2401,S5,428892733,5008,21844,15,428,2935                   
2026-10-06T20:25:30.295	TEL,2402,S5,428902733,5008,21844,15,430,2935                   
2026-10-06T20:25:30.295	TEL,2403,S5,428912733,5008,21844,15,428,2932                   
2026-10-06T20:25:30.914	TEL,2404,S5,428922733,5008,21844,15,419,2932                   
2026-10-06T20:25:30.914	TEL,2405,S5,428932733,5008,21844,15,428,2939                   
2026-10-06T20:25:30.914	TEL,2406,S5,428942733,5008,21844,15,430,2939                   
2026-10-06T20:25:30.914	TEL,2407,S5,428952733,5008,21844,15,422,2932                   
2026-10-06T20:25:30.914	TEL,2408,S5,428962733,5008,21844,15,422,2932                   
2026-10-06T20:25:30.914	TEL,2409,S5,428972733,5008,21844,15,428,2935                   
2026-10-06T20:25:30.914	TEL,2410,S5,428982733,5008,21844,15,428,2935                   
2026-10-06T20:25:30.914	TEL,2411,S5,428992733,5008,21844,15,425,2933                   
2026-10-06T20:25:30.914	TEL,2412,S5,429002733,5008,21844,15,422,2933                   
2026-10-06T20:25:30.914	TEL,2413,S5,429012733,5008,21844,15,425,2935                   
2026-10-06T20:25:30.914	TEL,2414,S5,429022733,5008,21844,15,428,2935                   
2026-10-06T20:25:30.914	TEL,2415,S5,429032733,5008,21844,15,428,2935                   
2026-10-06T20:25:30.914	TEL,2416,S5,429042733,5008,21844,15,428,2935                   
2026-10-06T20:25:30.914	TEL,2417,S5,429052733,5008,21844,15,422,2932                   
2026-10-06T20:25:30.914	TEL,2418,S5,429062733,5008,21844,15,419,2932                   
2026-10-06T20:25:30.914	TEL,2419,S5,429072733,5008,21844,15,422,2935                   
2026-10-06T20:25:30.914	TEL,2420,S5,429082733,5008,21844,15,428,2935                   
2026-10-06T20:25:30.914	TEL,2421,S5,429092733,5008,21844,15,422,2932                   
2026-10-06T20:25:30.914	TEL,2422,S5,429102733,5008,21844,15,419,2932                   
2026-10-06T20:25:30.915	TEL,2423,S5,429112733,5008,21844,15,419,2932                   
2026-10-06T20:25:30.915	BTN,27,S5,PRESSED,429117033,429117040                          
2026-10-06T20:25:30.915	TEL,2425,S5,429132733,5008,21844,15,425,2933                   
2026-10-06T20:25:30.915	TEL,2426,S5,429142733,5008,21844,15,425,2933                   
2026-10-06T20:25:30.915	TEL,2427,S5,429152733,5008,21844,15,422,2932                   
2026-10-06T20:25:30.915	TEL,2428,S5,429162733,5008,21844,15,419,2932                   
2026-10-06T20:25:30.915	TEL,2429,S5,429172733,5008,21844,15,419,2932                   
2026-10-06T20:25:30.915	TEL,2430,S5,429182733,5008,21844,15,422,2932                   
2026-10-06T20:25:30.915	TEL,2431,S5,429192733,5008,21844,15,422,2930                   
2026-10-06T20:25:30.915	TEL,2432,S5,429202733,5008,21844,15,422,2930                   
2026-10-06T20:25:30.915	TEL,2433,S5,429212733,5008,21844,15,419,2928                   
2026-10-06T20:25:30.915	TEL,2434,S5,429222733,5008,21844,15,410,2928                   
2026-10-06T20:25:30.915	TEL,2435,S5,429232733,5008,21844,15,416,2935                   
2026-10-06T20:25:30.915	TEL,2436,S5,429242733,5008,21844,15,430,2935                   
2026-10-06T20:25:30.915	TEL,2437,S5,429252733,5008,21844,15,430,2935                   
2026-10-06T20:25:30.915	TEL,2438,S5,429262733,5008,21844,15,425,2935                   
2026-10-06T20:25:30.915	TEL,2439,S5,429272733,5008,21844,15,419,2932                   
2026-10-06T20:25:30.915	TEL,2440,S5,429282733,5008,21844,15,419,2932                   
2026-10-06T20:25:30.915	TEL,2441,S5,429292733,5008,21844,15,416,2930                   
2026-10-06T20:25:30.915	TEL,2442,S5,429302733,5008,21844,15,419,2930                   
2026-10-06T20:25:30.915	TEL,2443,S5,429312733,5008,21844,15,425,2935                   
2026-10-06T20:25:30.915	TEL,2444,S5,429322733,5008,21844,15,428,2935                   
2026-10-06T20:25:30.915	TEL,2445,S5,429332733,5008,21844,15,425,2932                   
2026-10-06T20:25:30.915	TEL,2446,S5,429342733,5008,21844,15,428,2932                   
2026-10-06T20:25:30.915	TEL,2447,S5,429352733,5008,21844,15,428,2932                   
2026-10-06T20:25:30.915	TEL,2448,S5,429362733,5008,21844,15,419,2932                   
2026-10-06T20:25:30.915	TEL,2449,S5,429372733,5008,21844,15,419,2932                   
2026-10-06T20:25:30.915	TEL,2450,S5,429382733,5008,21844,15,422,2932                   
2026-10-06T20:25:30.915	TEL,2451,S5,429392733,5008,21844,15,422,2932                   
2026-10-06T20:25:30.915	TEL,2452,S5,429402733,5008,21844,15,422,2932                   
2026-10-06T20:25:30.915	TEL,2453,S5,429412733,5008,21844,15,428,2935                   
2026-10-06T20:25:30.915	TEL,2454,S5,429422733,5008,21844,15,422,2935                   
2026-10-06T20:25:30.915	TEL,2455,S5,429432733,5008,21844,15,419,2933                   
2026-10-06T20:25:30.915	TEL,2456,S5,429442733,5008,21844,15,425,2933                   
2026-10-06T20:25:30.915	TEL,2457,S5,429452733,5008,21844,15,422,2932                   
2026-10-06T20:25:30.915	TEL,2458,S5,429462733,5008,21844,15,422,2932                   
2026-10-06T20:25:30.915	TEL,2459,S5,429472733,5008,21844,15,422,2932                   
2026-10-06T20:25:30.915	TEL,2460,S5,429482733,5008,21844,15,430,2932                   
2026-10-06T20:25:30.915	TEL,2461,S5,429492733,5008,21844,15,428,2930                   
2026-10-06T20:25:30.915	TEL,2462,S5,429502733,5008,21844,15,422,2930                   
2026-10-06T20:25:30.915	TEL,2463,S5,429512733,5008,21844,15,428,2935                   
2026-10-06T20:25:30.915	TEL,2464,S5,429522733,5008,21844,15,425,2935                   
2026-10-06T20:25:30.915	TEL,2465,S5,429532733,5008,21844,15,425,2935                   
2026-10-06T20:25:31.535	TEL,2466,S5,429542733,5008,21844,15,428,2935                   
2026-10-06T20:25:31.535	TEL,2467,S5,429552733,5008,21844,15,422,2932                   
2026-10-06T20:25:31.535	TEL,2468,S5,429562733,5008,21844,15,422,2932                   
2026-10-06T20:25:31.535	TEL,2469,S5,429572733,5008,21844,15,428,2935                   
2026-10-06T20:25:31.535	TEL,2470,S5,429582733,5008,21844,15,428,2935                   
2026-10-06T20:25:31.535	TEL,2471,S5,429592733,5008,21844,15,428,2935                   
2026-10-06T20:25:31.535	TEL,2472,S5,429602733,5008,21844,15,428,2935                   
2026-10-06T20:25:31.535	TEL,2473,S5,429612733,5008,21844,15,425,2933                   
2026-10-06T20:25:31.535	TEL,2474,S5,429622733,5008,21844,15,425,2933                   
2026-10-06T20:25:31.535	TEL,2475,S5,429632733,5008,21844,15,428,2935                   
2026-10-06T20:25:31.535	TEL,2476,S5,429642733,5008,21844,15,433,2935                   
2026-10-06T20:25:31.535	TEL,2477,S5,429652733,5008,21844,15,430,2932                   
2026-10-06T20:25:31.535	TEL,2478,S5,429662733,5008,21844,15,422,2932                   
2026-10-06T20:25:31.535	TEL,2479,S5,429672733,5008,21844,15,428,2935                   
2026-10-06T20:25:31.535	TEL,2480,S5,429682733,5008,21844,15,428,2935                   
2026-10-06T20:25:31.535	TEL,2481,S5,429692733,5008,21844,15,422,2932                   
2026-10-06T20:25:31.535	TEL,2482,S5,429702733,5008,21844,15,422,2932                   
2026-10-06T20:25:31.535	TEL,2483,S5,429712733,5008,21844,15,428,2935                   
2026-10-06T20:25:31.535	TEL,2484,S5,429722733,5008,21844,15,422,2935                   
2026-10-06T20:25:31.535	TEL,2485,S5,429732733,5008,21844,15,419,2932                   
2026-10-06T20:25:31.535	TEL,2486,S5,429742733,5008,21844,15,422,2932                   
2026-10-06T20:25:31.535	TEL,2487,S5,429752733,5008,21844,15,422,2932                   
2026-10-06T20:25:31.535	TEL,2488,S5,429762733,5008,21844,15,422,2932                   
2026-10-06T20:25:31.535	TEL,2489,S5,429772733,5008,21844,15,422,2932                   
2026-10-06T20:25:31.535	TEL,2490,S5,429782733,5008,21844,15,419,2932                   
2026-10-06T20:25:31.535	TEL,2491,S5,429792733,5008,21844,15,419,2930                   
2026-10-06T20:25:31.535	TEL,2492,S5,429802733,5008,21844,15,422,2930                   
2026-10-06T20:25:31.535	TEL,2493,S5,429812733,5008,21844,15,422,2932                   
2026-10-06T20:25:31.535	TEL,2494,S5,429822733,5008,21844,15,422,2932                   
2026-10-06T20:25:31.535	TEL,2495,S5,429832733,5008,21844,15,422,2932                   
2026-10-06T20:25:31.535	TEL,2496,S5,429842733,5008,21844,15,419,2932                   
2026-10-06T20:25:31.535	TEL,2497,S5,429852733,5008,21844,15,422,2935                   
2026-10-06T20:25:31.535	TEL,2498,S5,429862733,5008,21844,15,425,2935                   
2026-10-06T20:25:31.535	TEL,2499,S5,429872733,5008,21844,15,419,2932                   
2026-10-06T20:25:31.535	TEL,2500,S5,429882733,5008,21844,15,422,2932                   
2026-10-06T20:25:31.535	TEL,2501,S5,429892733,5008,21844,15,422,2930                   
2026-10-06T20:25:31.535	TEL,2502,S5,429902733,5008,21844,15,428,2930                   
2026-10-06T20:25:31.535	TEL,2503,S5,429912733,5008,21844,15,433,2933                   
2026-10-06T20:25:31.535	TEL,2504,S5,429922733,5008,21844,15,425,2933                   
2026-10-06T20:25:31.535	TEL,2505,S5,429932733,5008,21844,15,425,2933                   
2026-10-06T20:25:31.535	TEL,2506,S5,429942733,5008,21844,15,425,2933                   
2026-10-06T20:25:31.535	TEL,2507,S5,429952733,5008,21844,15,422,2932                   
2026-10-06T20:25:31.535	TEL,2508,S5,429962733,5008,21844,15,422,2932                   
2026-10-06T20:25:31.535	TEL,2509,S5,429972733,5008,21844,15,428,2935                   
2026-10-06T20:25:31.535	BTN,28,S5,PRESSED,429974038,429974045                          
2026-10-06T20:25:31.535	TEL,2511,S5,429992733,5008,21844,15,428,2937                   
2026-10-06T20:25:31.535	TEL,2512,S5,430002733,5008,21844,15,428,2937                   
2026-10-06T20:25:31.535	TEL,2513,S5,430012733,5008,21844,15,422,2932                   
2026-10-06T20:25:31.535	TEL,2514,S5,430022733,5008,21844,15,428,2932                   
2026-10-06T20:25:31.535	TEL,2515,S5,430032733,5008,21844,15,430,2935                   
2026-10-06T20:25:31.535	TEL,2516,S5,430042733,5008,21844,15,425,2935                   
2026-10-06T20:25:31.535	TEL,2517,S5,430052733,5008,21844,15,425,2935                   
2026-10-06T20:25:31.535	TEL,2518,S5,430062733,5008,21844,15,425,2935                   
2026-10-06T20:25:31.535	TEL,2519,S5,430072733,5008,21844,15,425,2935                   
2026-10-06T20:25:31.535	TEL,2520,S5,430082733,5008,21844,15,428,2935                   
2026-10-06T20:25:31.535	TEL,2521,S5,430092733,5008,21844,15,422,2932                   
2026-10-06T20:25:31.535	TEL,2522,S5,430102733,5008,21844,15,422,2932                   
2026-10-06T20:25:31.535	TEL,2523,S5,430112733,5008,21844,15,422,2932                   
2026-10-06T20:25:31.535	TEL,2524,S5,430122733,5008,21844,15,422,2932                   
2026-10-06T20:25:31.535	TEL,2525,S5,430132733,5008,21844,15,422,2932                   
2026-10-06T20:25:31.535	TEL,2526,S5,430142733,5008,21844,15,428,2932                   
2026-10-06T20:25:31.535	TEL,2527,S5,430152733,5008,21844,15,425,2928                   
2026-10-06T20:25:32.154	TEL,2528,S5,430162733,5008,21844,15,416,2928                   
2026-10-06T20:25:32.154	TEL,2529,S5,430172733,5008,21844,15,425,2935                   
2026-10-06T20:25:32.154	TEL,2530,S5,430182733,5008,21844,15,425,2935                   
2026-10-06T20:25:32.154	TEL,2531,S5,430192733,5008,21844,15,419,2932                   
2026-10-06T20:25:32.154	TEL,2532,S5,430202733,5008,21844,15,430,2932                   
2026-10-06T20:25:32.154	TEL,2533,S5,430212733,5008,21844,15,430,2932                   
2026-10-06T20:25:32.154	TEL,2534,S5,430222733,5008,21844,15,422,2932                   
2026-10-06T20:25:32.154	TEL,2535,S5,430232733,5008,21844,15,422,2932                   
2026-10-06T20:25:32.154	TEL,2536,S5,430242733,5008,21844,15,428,2932                   
2026-10-06T20:25:32.154	TEL,2537,S5,430252733,5008,21844,15,430,2935                   
2026-10-06T20:25:32.154	TEL,2538,S5,430262733,5008,21844,15,425,2935                   
2026-10-06T20:25:32.154	TEL,2539,S5,430272733,5008,21844,15,425,2935                   
2026-10-06T20:25:32.154	TEL,2540,S5,430282733,5008,21844,15,430,2935                   
2026-10-06T20:25:32.154	TEL,2541,S5,430292733,5008,21844,15,430,2935                   
2026-10-06T20:25:32.154	TEL,2542,S5,430302733,5008,21844,15,428,2935                   
2026-10-06T20:25:32.154	TEL,2543,S5,430312733,5008,21844,15,428,2935                   
2026-10-06T20:25:32.154	TEL,2544,S5,430322733,5008,21844,15,425,2935                   
2026-10-06T20:25:32.154	TEL,2545,S5,430332733,5008,21844,15,422,2933                   
2026-10-06T20:25:32.154	TEL,2546,S5,430342733,5008,21844,15,428,2933                   
2026-10-06T20:25:32.154	TEL,2547,S5,430352733,5008,21844,15,425,2932                   
2026-10-06T20:25:32.154	TEL,2548,S5,430362733,5008,21844,15,419,2932                   
2026-10-06T20:25:32.154	TEL,2549,S5,430372733,5008,21844,15,416,2930                   
2026-10-06T20:25:32.154	TEL,2550,S5,430382733,5008,21844,15,422,2930                   
2026-10-06T20:25:32.154	TEL,2551,S5,430392733,5008,21844,15,428,2935                   
2026-10-06T20:25:32.155	TEL,2552,S5,430402733,5008,21844,15,428,2935                   
2026-10-06T20:25:32.155	TEL,2553,S5,430412733,5008,21844,15,422,2932                   
2026-10-06T20:25:32.155	TEL,2554,S5,430422733,5008,21844,15,419,2932                   
2026-10-06T20:25:32.155	TEL,2555,S5,430432733,5008,21844,15,422,2935                   
2026-10-06T20:25:32.155	TEL,2556,S5,430442733,5008,21844,15,422,2935                   
2026-10-06T20:25:32.155	TEL,2557,S5,430452733,5008,21844,15,422,2935                   
2026-10-06T20:25:32.155	TEL,2558,S5,430462733,5008,21844,15,428,2935                   
2026-10-06T20:25:32.155	TEL,2559,S5,430472733,5008,21844,15,422,2932                   
2026-10-06T20:25:32.155	TEL,2560,S5,430482733,5008,21844,15,419,2932                   
2026-10-06T20:25:32.155	TEL,2561,S5,430492733,5008,21844,15,425,2935                   
2026-10-06T20:25:32.155	TEL,2562,S5,430502733,5008,21844,15,428,2935                   
2026-10-06T20:25:32.155	TEL,2563,S5,430512733,5008,21844,15,428,2935                   
2026-10-06T20:25:32.155	TEL,2564,S5,430522733,5008,21844,15,425,2935                   
2026-10-06T20:25:32.155	TEL,2565,S5,430532733,5008,21844,15,419,2932                   
2026-10-06T20:25:32.155	BTN,29,S5,PRESSED,430534044,430534051                          
2026-10-06T20:25:32.155	TEL,2567,S5,430552733,5008,21844,15,428,2937                   
2026-10-06T20:25:32.155	TEL,2568,S5,430562733,5008,21844,15,428,2937                   
2026-10-06T20:25:32.155	TEL,2569,S5,430572733,5008,21844,15,422,2932                   
2026-10-06T20:25:32.155	TEL,2570,S5,430582733,5008,21844,15,419,2932                   
2026-10-06T20:25:32.155	TEL,2571,S5,430592733,5008,21844,15,425,2935                   
2026-10-06T20:25:32.155	TEL,2572,S5,430602733,5008,21844,15,422,2935                   
2026-10-06T20:25:32.155	TEL,2573,S5,430612733,5008,21844,15,422,2935                   
2026-10-06T20:25:32.155	TEL,2574,S5,430622733,5008,21844,15,425,2935                   
2026-10-06T20:25:32.155	TEL,2575,S5,430632733,5008,21844,15,419,2932                   
2026-10-06T20:25:32.155	TEL,2576,S5,430642733,5008,21844,15,422,2932                   
2026-10-06T20:25:32.155	TEL,2577,S5,430652733,5008,21844,15,428,2935                   
2026-10-06T20:25:32.155	TEL,2578,S5,430662733,5008,21844,15,428,2935                   
2026-10-06T20:25:32.155	TEL,2579,S5,430672733,5008,21844,15,419,2928                   
2026-10-06T20:25:32.155	TEL,2580,S5,430682733,5008,21844,15,419,2928                   
2026-10-06T20:25:32.155	TEL,2581,S5,430692733,5008,21844,15,428,2935                   
2026-10-06T20:25:32.155	TEL,2582,S5,430702733,5008,21844,15,428,2935                   
2026-10-06T20:25:32.155	TEL,2583,S5,430712733,5008,21844,15,419,2928                   
2026-10-06T20:25:32.155	TEL,2584,S5,430722733,5008,21844,15,419,2928                   
2026-10-06T20:25:32.155	TEL,2585,S5,430732733,5008,21844,15,422,2932                   
2026-10-06T20:25:32.155	TEL,2586,S5,430742733,5008,21844,15,428,2932                   
2026-10-06T20:25:32.155	TEL,2587,S5,430752733,5008,21844,15,433,2939                   
2026-10-06T20:25:32.155	TEL,2588,S5,430762733,5008,21844,15,430,2939                   
2026-10-06T20:25:32.155	TEL,2589,S5,430772733,5008,21844,15,425,2933                   
2026-10-06T20:25:32.774	TEL,2590,S5,430782733,5008,21844,15,433,2933                   
2026-10-06T20:25:32.774	TEL,2591,S5,430792733,5008,21844,15,433,2932                   
2026-10-06T20:25:32.774	TEL,2592,S5,430802733,5008,21844,15,430,2932                   
2026-10-06T20:25:32.774	TEL,2593,S5,430812733,5008,21844,15,433,2935                   
2026-10-06T20:25:32.774	TEL,2594,S5,430822733,5008,21844,15,428,2935                   
2026-10-06T20:25:32.774	TEL,2595,S5,430832733,5008,21844,15,425,2932                   
2026-10-06T20:25:32.774	TEL,2596,S5,430842733,5008,21844,15,422,2932                   
2026-10-06T20:25:32.774	TEL,2597,S5,430852733,5008,21844,15,422,2932                   
2026-10-06T20:25:32.774	TEL,2598,S5,430862733,5008,21844,15,422,2932                   
2026-10-06T20:25:32.774	TEL,2599,S5,430872733,5008,21844,15,419,2928                   
2026-10-06T20:25:32.774	TEL,2600,S5,430882733,5008,21844,15,416,2928                   
2026-10-06T20:25:32.774	TEL,2601,S5,430892733,5008,21844,15,419,2932                   
2026-10-06T20:25:32.774	TEL,2602,S5,430902733,5008,21844,15,422,2932                   
2026-10-06T20:25:32.774	TEL,2603,S5,430912733,5008,21844,15,428,2935                   
2026-10-06T20:25:32.774	TEL,2604,S5,430922733,5008,21844,15,430,2935                   
2026-10-06T20:25:32.774	TEL,2605,S5,430932733,5008,21844,15,430,2935                   
2026-10-06T20:25:32.774	TEL,2606,S5,430942733,5008,21844,15,425,2935                   
2026-10-06T20:25:32.774	TEL,2607,S5,430952733,5008,21844,15,425,2935                   
2026-10-06T20:25:32.774	TEL,2608,S5,430962733,5008,21844,15,422,2935                   
2026-10-06T20:25:32.774	TEL,2609,S5,430972733,5008,21844,15,422,2935                   
2026-10-06T20:25:32.774	TEL,2610,S5,430982733,5008,21844,15,428,2935                   
2026-10-06T20:25:32.774	TEL,2611,S5,430992733,5008,21844,15,428,2935                   
2026-10-06T20:25:32.774	TEL,2612,S5,431002733,5008,21844,15,430,2935                   
2026-10-06T20:25:32.774	TEL,2613,S5,431012733,5008,21844,15,430,2935                   
2026-10-06T20:25:32.774	TEL,2614,S5,431022733,5008,21844,15,425,2935                   
2026-10-06T20:25:32.774	TEL,2615,S5,431032733,5008,21844,15,425,2935                   
2026-10-06T20:25:32.774	BTN,30,S5,PRESSED,431035049,431035056                          
2026-10-06T20:25:32.774	TEL,2617,S5,431052733,5008,21844,15,428,2937                   
2026-10-06T20:25:32.774	TEL,2618,S5,431062733,5008,21844,15,428,2937                   
2026-10-06T20:25:32.774	TEL,2619,S5,431072733,5008,21844,15,428,2935                   
2026-10-06T20:25:32.774	TEL,2620,S5,431082733,5008,21844,15,425,2935                   
2026-10-06T20:25:32.774	TEL,2621,S5,431092733,5008,21844,15,419,2932                   
2026-10-06T20:25:32.774	TEL,2622,S5,431102733,5008,21844,15,422,2932                   
2026-10-06T20:25:32.774	TEL,2623,S5,431112733,5008,21844,15,428,2935                   
2026-10-06T20:25:32.774	TEL,2624,S5,431122733,5008,21844,15,425,2935                   
2026-10-06T20:25:32.774	TEL,2625,S5,431132733,5008,21844,15,425,2935                   
2026-10-06T20:25:32.774	TEL,2626,S5,431142733,5008,21844,15,422,2935                   
2026-10-06T20:25:32.774	TEL,2627,S5,431152733,5008,21844,15,422,2935                   
2026-10-06T20:25:32.774	TEL,2628,S5,431162733,5008,21844,15,428,2935                   
2026-10-06T20:25:32.774	TEL,2629,S5,431172733,5008,21844,15,422,2932                   
2026-10-06T20:25:32.774	TEL,2630,S5,431182733,5008,21844,15,422,2932                   
2026-10-06T20:25:32.774	TEL,2631,S5,431192733,5008,21844,15,428,2935                   
2026-10-06T20:25:32.774	TEL,2632,S5,431202733,5008,21844,15,428,2935                   
2026-10-06T20:25:32.774	TEL,2633,S5,431212733,5008,21844,15,422,2932                   
2026-10-06T20:25:32.774	TEL,2634,S5,431222733,5008,21844,15,428,2932                   
2026-10-06T20:25:32.774	TEL,2635,S5,431232733,5008,21844,15,430,2935                   
2026-10-06T20:25:32.774	TEL,2636,S5,431242733,5008,21844,15,425,2935                   
2026-10-06T20:25:32.774	TEL,2637,S5,431252733,5008,21844,15,419,2932                   
2026-10-06T20:25:32.774	TEL,2638,S5,431262733,5008,21844,15,422,2932                   
2026-10-06T20:25:32.774	TEL,2639,S5,431272733,5008,21844,15,428,2935                   
2026-10-06T20:25:32.774	TEL,2640,S5,431282733,5008,21844,15,425,2935                   
2026-10-06T20:25:32.774	TEL,2641,S5,431292733,5008,21844,15,425,2935                   
2026-10-06T20:25:32.774	TEL,2642,S5,431302733,5008,21844,15,425,2935                   
2026-10-06T20:25:32.774	TEL,2643,S5,431312733,5008,21844,15,419,2932                   
2026-10-06T20:25:32.774	TEL,2644,S5,431322733,5008,21844,15,428,2932                   
2026-10-06T20:25:32.774	TEL,2645,S5,431332733,5008,21844,15,428,2932                   
2026-10-06T20:25:32.774	TEL,2646,S5,431342733,5008,21844,15,419,2932                   
2026-10-06T20:25:32.774	TEL,2647,S5,431352733,5008,21844,15,425,2935                   
2026-10-06T20:25:32.774	TEL,2648,S5,431362733,5008,21844,15,430,2935                   
2026-10-06T20:25:32.774	TEL,2649,S5,431372733,5008,21844,15,430,2933                   
2026-10-06T20:25:32.774	TEL,2650,S5,431382733,5008,21844,15,422,2933                   
2026-10-06T20:25:32.774	TEL,2651,S5,431392733,5008,21844,15,419,2932                   
2026-10-06T20:25:33.395	TEL,2652,S5,431402733,5008,21844,15,422,2932                   
2026-10-06T20:25:33.395	TEL,2653,S5,431412733,5008,21844,15,425,2933                   
2026-10-06T20:25:33.395	TEL,2654,S5,431422733,5008,21844,15,422,2933                   
2026-10-06T20:25:33.395	TEL,2655,S5,431432733,5008,21844,15,419,2932                   
2026-10-06T20:25:33.395	TEL,2656,S5,431442733,5008,21844,15,422,2932                   
2026-10-06T20:25:33.395	TEL,2657,S5,431452733,5008,21844,15,428,2935                   
2026-10-06T20:25:33.395	TEL,2658,S5,431462733,5008,21844,15,425,2935                   
2026-10-06T20:25:33.395	TEL,2659,S5,431472733,5008,21844,15,425,2935                   
2026-10-06T20:25:33.395	TEL,2660,S5,431482733,5008,21844,15,425,2935                   
2026-10-06T20:25:33.395	TEL,2661,S5,431492733,5008,21844,15,422,2933                   
2026-10-06T20:25:33.395	TEL,2662,S5,431502733,5008,21844,15,422,2933                   
2026-10-06T20:25:33.395	TEL,2663,S5,431512733,5008,21844,15,425,2935                   
2026-10-06T20:25:33.395	TEL,2664,S5,431522733,5008,21844,15,428,2935                   
2026-10-06T20:25:33.395	TEL,2665,S5,431532733,5008,21844,15,422,2932                   
2026-10-06T20:25:33.395	TEL,2666,S5,431542733,5008,21844,15,425,2932                   
2026-10-06T20:25:33.395	TEL,2667,S5,431552733,5008,21844,15,425,2932                   
2026-10-06T20:25:33.395	TEL,2668,S5,431562733,5008,21844,15,425,2932                   
2026-10-06T20:25:33.395	TEL,2669,S5,431572733,5008,21844,15,428,2933                   
2026-10-06T20:25:33.395	TEL,2670,S5,431582733,5008,21844,15,425,2933                   
2026-10-06T20:25:33.395	TEL,2671,S5,431592733,5008,21844,15,422,2932                   
2026-10-06T20:25:33.395	TEL,2672,S5,431602733,5008,21844,15,425,2932                   
2026-10-06T20:25:33.395	TEL,2673,S5,431612733,5008,21844,15,428,2933                   
2026-10-06T20:25:33.395	TEL,2674,S5,431622733,5008,21844,15,422,2933                   
2026-10-06T20:25:33.395	TEL,2675,S5,431632733,5008,21844,15,425,2935                   
2026-10-06T20:25:33.395	TEL,2676,S5,431642733,5008,21844,15,422,2935                   
2026-10-06T20:25:33.395	TEL,2677,S5,431652733,5008,21844,15,422,2935                   
2026-10-06T20:25:33.395	TEL,2678,S5,431662733,5008,21844,15,425,2935                   
2026-10-06T20:25:33.395	TEL,2679,S5,431672733,5008,21844,15,428,2939                   
2026-10-06T20:25:33.395	TEL,2680,S5,431682733,5008,21844,15,430,2939                   
2026-10-06T20:25:33.395	TEL,2681,S5,431692733,5008,21844,15,422,2932                   
2026-10-06T20:25:33.395	TEL,2682,S5,431702733,5008,21844,15,422,2932                   
2026-10-06T20:25:33.395	TEL,2683,S5,431712733,5008,21844,15,428,2935                   
2026-10-06T20:25:33.395	TEL,2684,S5,431722733,5008,21844,15,425,2935                   
2026-10-06T20:25:33.395	TEL,2685,S5,431732733,5008,21844,15,419,2932                   
2026-10-06T20:25:33.395	TEL,2686,S5,431742733,5008,21844,15,422,2932                   
2026-10-06T20:25:33.395	TEL,2687,S5,431752733,5008,21844,15,428,2935                   
2026-10-06T20:25:33.395	TEL,2688,S5,431762733,5008,21844,15,425,2935                   
2026-10-06T20:25:33.395	TEL,2689,S5,431772733,5008,21844,15,425,2935                   
2026-10-06T20:25:33.395	TEL,2690,S5,431782733,5008,21844,15,428,2935                   
2026-10-06T20:25:33.395	TEL,2691,S5,431792733,5008,21844,15,428,2935                   
2026-10-06T20:25:33.395	TEL,2692,S5,431802733,5008,21844,15,425,2935                   
2026-10-06T20:25:33.395	TEL,2693,S5,431812733,5008,21844,15,425,2935                   
2026-10-06T20:25:33.395	TEL,2694,S5,431822733,5008,21844,15,428,2935                   
2026-10-06T20:25:33.395	TEL,2695,S5,431832733,5008,21844,15,428,2935                   
2026-10-06T20:25:33.395	TEL,2696,S5,431842733,5008,21844,15,425,2935                   
2026-10-06T20:25:33.395	TEL,2697,S5,431852733,5008,21844,15,419,2932                   
2026-10-06T20:25:33.395	TEL,2698,S5,431862733,5008,21844,15,419,2932                   
2026-10-06T20:25:33.395	TEL,2699,S5,431872733,5008,21844,15,425,2935                   
2026-10-06T20:25:33.395	TEL,2700,S5,431882733,5008,21844,15,428,2935                   
2026-10-06T20:25:33.395	TEL,2701,S5,431892733,5008,21844,15,428,2935                   
2026-10-06T20:25:33.395	BTN,31,S5,PRESSED,431896055,431896062                          
2026-10-06T20:25:33.395	TEL,2703,S5,431912733,5008,21844,15,433,2937                   
2026-10-06T20:25:33.395	TEL,2704,S5,431922733,5008,21844,15,419,2937                   
2026-10-06T20:25:33.395	TEL,2705,S5,431932733,5008,21844,15,413,2928                   
2026-10-06T20:25:33.395	TEL,2706,S5,431942733,5008,21844,15,419,2928                   
2026-10-06T20:25:33.395	TEL,2707,S5,431952733,5008,21844,15,422,2932                   
2026-10-06T20:25:33.395	TEL,2708,S5,431962733,5008,21844,15,422,2932                   
2026-10-06T20:25:33.395	TEL,2709,S5,431972733,5008,21844,15,428,2935                   
2026-10-06T20:25:33.395	TEL,2710,S5,431982733,5008,21844,15,428,2935                   
2026-10-06T20:25:33.395	TEL,2711,S5,431992733,5008,21844,15,422,2932                   
2026-10-06T20:25:33.395	TEL,2712,S5,432002733,5008,21844,15,422,2932                   
2026-10-06T20:25:33.395	TEL,2713,S5,432012733,5008,21844,15,428,2935                   
2026-10-06T20:25:34.014	TEL,2714,S5,432022733,5008,21844,15,428,2935                   
2026-10-06T20:25:34.014	TEL,2715,S5,432032733,5008,21844,15,425,2932                   
2026-10-06T20:25:34.014	TEL,2716,S5,432042733,5008,21844,15,419,2932                   
2026-10-06T20:25:34.014	TEL,2717,S5,432052733,5008,21844,15,419,2930                   
2026-10-06T20:25:34.014	TEL,2718,S5,432062733,5008,21844,15,428,2930                   
2026-10-06T20:25:34.014	TEL,2719,S5,432072733,5008,21844,15,425,2928                   
2026-10-06T20:25:34.014	TEL,2720,S5,432082733,5008,21844,15,419,2928                   
2026-10-06T20:25:34.014	TEL,2721,S5,432092733,5008,21844,15,425,2933                   
2026-10-06T20:25:34.014	TEL,2722,S5,432102733,5008,21844,15,428,2933                   
2026-10-06T20:25:34.014	TEL,2723,S5,432112733,5008,21844,15,428,2935                   
2026-10-06T20:25:34.014	TEL,2724,S5,432122733,5008,21844,15,428,2935                   
2026-10-06T20:25:34.014	TEL,2725,S5,432132733,5008,21844,15,422,2932                   
2026-10-06T20:25:34.014	TEL,2726,S5,432142733,5008,21844,15,419,2932                   
2026-10-06T20:25:34.014	TEL,2727,S5,432152733,5008,21844,15,425,2935                   
2026-10-06T20:25:34.014	TEL,2728,S5,432162733,5008,21844,15,428,2935                   
2026-10-06T20:25:34.014	TEL,2729,S5,432172733,5008,21844,15,430,2939                   
2026-10-06T20:25:34.014	TEL,2730,S5,432182733,5008,21844,15,430,2939                   
2026-10-06T20:25:34.014	TEL,2731,S5,432192733,5008,21844,15,428,2935                   
2026-10-06T20:25:34.014	TEL,2732,S5,432202733,5008,21844,15,425,2935                   
2026-10-06T20:25:34.014	TEL,2733,S5,432212733,5008,21844,15,425,2935                   
2026-10-06T20:25:34.014	TEL,2734,S5,432222733,5008,21844,15,422,2935                   
2026-10-06T20:25:34.014	TEL,2735,S5,432232733,5008,21844,15,419,2932                   
2026-10-06T20:25:34.014	TEL,2736,S5,432242733,5008,21844,15,422,2932                   
2026-10-06T20:25:34.014	TEL,2737,S5,432252733,5008,21844,15,428,2935                   
2026-10-06T20:25:34.014	TEL,2738,S5,432262733,5008,21844,15,425,2935                   
2026-10-06T20:25:34.014	TEL,2739,S5,432272733,5008,21844,15,419,2930                   
2026-10-06T20:25:34.014	TEL,2740,S5,432282733,5008,21844,15,419,2930                   
2026-10-06T20:25:34.014	TEL,2741,S5,432292733,5008,21844,15,425,2935                   
2026-10-06T20:25:34.014	TEL,2742,S5,432302733,5008,21844,15,425,2935                   
2026-10-06T20:25:34.014	TEL,2743,S5,432312733,5008,21844,15,425,2935                   
2026-10-06T20:25:34.014	TEL,2744,S5,432322733,5008,21844,15,428,2935                   
2026-10-06T20:25:34.014	TEL,2745,S5,432332733,5008,21844,15,422,2932                   
2026-10-06T20:25:34.014	TEL,2746,S5,432342733,5008,21844,15,419,2932                   
2026-10-06T20:25:34.014	TEL,2747,S5,432352733,5008,21844,15,419,2932                   
2026-10-06T20:25:34.014	TEL,2748,S5,432362733,5008,21844,15,425,2932                   
2026-10-06T20:25:34.014	TEL,2749,S5,432372733,5008,21844,15,425,2932                   
2026-10-06T20:25:34.014	TEL,2750,S5,432382733,5008,21844,15,419,2932                   
2026-10-06T20:25:34.014	TEL,2751,S5,432392733,5008,21844,15,419,2932                   
2026-10-06T20:25:34.014	TEL,2752,S5,432402733,5008,21844,15,422,2932                   
2026-10-06T20:25:34.014	TEL,2753,S5,432412733,5008,21844,15,428,2935                   
2026-10-06T20:25:34.014	TEL,2754,S5,432422733,5008,21844,15,425,2935                   
2026-10-06T20:25:34.014	BTN,32,S5,PRESSED,432425060,432425067                          
2026-10-06T20:25:34.014	TEL,2756,S5,432442733,5008,21844,15,425,2935                   
2026-10-06T20:25:34.014	TEL,2757,S5,432452733,5008,21844,15,425,2935                   
2026-10-06T20:25:34.014	TEL,2758,S5,432462733,5008,21844,15,428,2935                   
2026-10-06T20:25:34.014	TEL,2759,S5,432472733,5008,21844,15,428,2935                   
2026-10-06T20:25:34.014	TEL,2760,S5,432482733,5008,21844,15,430,2935                   
2026-10-06T20:25:34.014	TEL,2761,S5,432492733,5008,21844,15,430,2933                   
2026-10-06T20:25:34.014	TEL,2762,S5,432502733,5008,21844,15,430,2933                   
2026-10-06T20:25:34.014	TEL,2763,S5,432512733,5008,21844,15,430,2935                   
2026-10-06T20:25:34.014	TEL,2764,S5,432522733,5008,21844,15,428,2935                   
2026-10-06T20:25:34.014	TEL,2765,S5,432532733,5008,21844,15,428,2935                   
2026-10-06T20:25:34.014	TEL,2766,S5,432542733,5008,21844,15,428,2935                   
2026-10-06T20:25:34.014	TEL,2767,S5,432552733,5008,21844,15,422,2932                   
2026-10-06T20:25:34.014	TEL,2768,S5,432562733,5008,21844,15,413,2932                   
2026-10-06T20:25:34.014	TEL,2769,S5,432572733,5008,21844,15,413,2932                   
2026-10-06T20:25:34.014	TEL,2770,S5,432582733,5008,21844,15,422,2932                   
2026-10-06T20:25:34.014	TEL,2771,S5,432592733,5008,21844,15,422,2930                   
2026-10-06T20:25:34.014	TEL,2772,S5,432602733,5008,21844,15,428,2930                   
2026-10-06T20:25:34.014	TEL,2773,S5,432612733,5008,21844,15,430,2932                   
2026-10-06T20:25:34.014	TEL,2774,S5,432622733,5008,21844,15,422,2932                   
2026-10-06T20:25:34.014	TEL,2775,S5,432632733,5008,21844,15,425,2933                   
2026-10-06T20:25:34.634	TEL,2776,S5,432642733,5008,21844,15,419,2933                   
2026-10-06T20:25:34.634	TEL,2777,S5,432652733,5008,21844,15,422,2935                   
2026-10-06T20:25:34.634	TEL,2778,S5,432662733,5008,21844,15,425,2935                   
2026-10-06T20:25:34.634	TEL,2779,S5,432672733,5008,21844,15,425,2935                   
2026-10-06T20:25:34.634	TEL,2780,S5,432682733,5008,21844,15,428,2935                   
2026-10-06T20:25:34.634	TEL,2781,S5,432692733,5008,21844,15,430,2939                   
2026-10-06T20:25:34.634	TEL,2782,S5,432702733,5008,21844,15,430,2939                   
2026-10-06T20:25:34.634	TEL,2783,S5,432712733,5008,21844,15,428,2935                   
2026-10-06T20:25:34.634	TEL,2784,S5,432722733,5008,21844,15,428,2935                   
2026-10-06T20:25:34.634	TEL,2785,S5,432732733,5008,21844,15,428,2935                   
2026-10-06T20:25:34.634	TEL,2786,S5,432742733,5008,21844,15,428,2935                   
2026-10-06T20:25:34.634	TEL,2787,S5,432752733,5008,21844,15,428,2935                   
2026-10-06T20:25:34.634	TEL,2788,S5,432762733,5008,21844,15,425,2935                   
2026-10-06T20:25:34.634	TEL,2789,S5,432772733,5008,21844,15,425,2935                   
2026-10-06T20:25:34.634	TEL,2790,S5,432782733,5008,21844,15,428,2935                   
2026-10-06T20:25:34.634	TEL,2791,S5,432792733,5008,21844,15,428,2935                   
2026-10-06T20:25:34.634	TEL,2792,S5,432802733,5008,21844,15,430,2935                   
2026-10-06T20:25:34.634	TEL,2793,S5,432812733,5008,21844,15,430,2935                   
2026-10-06T20:25:34.634	TEL,2794,S5,432822733,5008,21844,15,428,2935                   
2026-10-06T20:25:34.634	TEL,2795,S5,432832733,5008,21844,15,428,2935                   
2026-10-06T20:25:34.634	TEL,2796,S5,432842733,5008,21844,15,430,2935                   
2026-10-06T20:25:34.634	TEL,2797,S5,432852733,5008,21844,15,428,2932                   
2026-10-06T20:25:34.634	TEL,2798,S5,432862733,5008,21844,15,419,2932                   
2026-10-06T20:25:34.634	TEL,2799,S5,432872733,5008,21844,15,419,2932                   
2026-10-06T20:25:34.634	TEL,2800,S5,432882733,5008,21844,15,422,2932                   
2026-10-06T20:25:34.634	TEL,2801,S5,432892733,5008,21844,15,422,2930                   
2026-10-06T20:25:34.634	TEL,2802,S5,432902733,5008,21844,15,419,2930                   
2026-10-06T20:25:34.634	TEL,2803,S5,432912733,5008,21844,15,419,2932                   
2026-10-06T20:25:34.634	TEL,2804,S5,432922733,5008,21844,15,422,2932                   
2026-10-06T20:25:34.634	TEL,2805,S5,432932733,5008,21844,15,428,2935                   
2026-10-06T20:25:34.634	TEL,2806,S5,432942733,5008,21844,15,428,2935                   
2026-10-06T20:25:34.634	TEL,2807,S5,432952733,5008,21844,15,428,2935                   
2026-10-06T20:25:34.634	TEL,2808,S5,432962733,5008,21844,15,425,2935                   
2026-10-06T20:25:34.634	TEL,2809,S5,432972733,5008,21844,15,425,2935                   
2026-10-06T20:25:34.634	TEL,2810,S5,432982733,5008,21844,15,425,2935                   
2026-10-06T20:25:34.634	TEL,2811,S5,432992733,5008,21844,15,416,2928                   
2026-10-06T20:25:34.634	TEL,2812,S5,433002733,5008,21844,15,419,2928                   
2026-10-06T20:25:34.634	TEL,2813,S5,433012733,5008,21844,15,422,2932                   
2026-10-06T20:25:34.634	TEL,2814,S5,433022733,5008,21844,15,416,2932                   
2026-10-06T20:25:34.634	BTN,33,S5,PRESSED,433024065,433024073                          
2026-10-06T20:25:34.634	TEL,2816,S5,433042733,5008,21844,15,419,2932                   
2026-10-06T20:25:34.634	TEL,2817,S5,433052733,5008,21844,15,422,2933                   
2026-10-06T20:25:34.634	TEL,2818,S5,433062733,5008,21844,15,425,2933                   
2026-10-06T20:25:34.634	TEL,2819,S5,433072733,5008,21844,15,428,2935                   
2026-10-06T20:25:34.634	TEL,2820,S5,433082733,5008,21844,15,428,2935                   
2026-10-06T20:25:34.634	TEL,2821,S5,433092733,5008,21844,15,428,2935                   
2026-10-06T20:25:34.634	TEL,2822,S5,433102733,5008,21844,15,428,2935                   
2026-10-06T20:25:34.634	TEL,2823,S5,433112733,5008,21844,15,422,2932                   
2026-10-06T20:25:34.634	TEL,2824,S5,433122733,5008,21844,15,419,2932                   
2026-10-06T20:25:34.634	TEL,2825,S5,433132733,5008,21844,15,419,2932                   
2026-10-06T20:25:34.634	TEL,2826,S5,433142733,5008,21844,15,419,2932                   
2026-10-06T20:25:34.634	TEL,2827,S5,433152733,5008,21844,15,419,2932                   
2026-10-06T20:25:34.634	TEL,2828,S5,433162733,5008,21844,15,422,2932                   
2026-10-06T20:25:34.634	TEL,2829,S5,433172733,5008,21844,15,422,2932                   
2026-10-06T20:25:34.634	TEL,2830,S5,433182733,5008,21844,15,419,2932                   
2026-10-06T20:25:34.634	TEL,2831,S5,433192733,5008,21844,15,419,2932                   
2026-10-06T20:25:34.634	TEL,2832,S5,433202733,5008,21844,15,439,2932                   
2026-10-06T20:25:34.634	TEL,2833,S5,433212733,5008,21844,15,445,2939                   
2026-10-06T20:25:34.634	TEL,2834,S5,433222733,5008,21844,15,430,2939                   
2026-10-06T20:25:34.634	TEL,2835,S5,433232733,5008,21844,15,428,2935                   
2026-10-06T20:25:34.634	TEL,2836,S5,433242733,5008,21844,15,428,2935                   
2026-10-06T20:25:34.634	TEL,2837,S5,433252733,5008,21844,15,428,2935                   
2026-10-06T20:25:35.251	TEL,2838,S5,433262733,5008,21844,15,430,2935                   
2026-10-06T20:25:35.251	TEL,2839,S5,433272733,5008,21844,15,430,2935                   
2026-10-06T20:25:35.251	TEL,2840,S5,433282733,5008,21844,15,425,2935                   
2026-10-06T20:25:35.251	TEL,2841,S5,433292733,5008,21844,15,425,2935                   
2026-10-06T20:25:35.251	TEL,2842,S5,433302733,5008,21844,15,425,2935                   
2026-10-06T20:25:35.251	TEL,2843,S5,433312733,5008,21844,15,419,2932                   
2026-10-06T20:25:35.251	TEL,2844,S5,433322733,5008,21844,15,422,2932                   
2026-10-06T20:25:35.251	TEL,2845,S5,433332733,5008,21844,15,422,2932                   
2026-10-06T20:25:35.251	TEL,2846,S5,433342733,5008,21844,15,419,2932                   
2026-10-06T20:25:35.251	TEL,2847,S5,433352733,5008,21844,15,419,2932                   
2026-10-06T20:25:35.251	TEL,2848,S5,433362733,5008,21844,15,422,2932                   
2026-10-06T20:25:35.251	TEL,2849,S5,433372733,5008,21844,15,422,2932                   
2026-10-06T20:25:35.251	TEL,2850,S5,433382733,5008,21844,15,419,2932                   
2026-10-06T20:25:35.251	TEL,2851,S5,433392733,5008,21844,15,425,2935                   
2026-10-06T20:25:35.251	TEL,2852,S5,433402733,5008,21844,15,428,2935                   
2026-10-06T20:25:35.251	TEL,2853,S5,433412733,5008,21844,15,422,2932                   
2026-10-06T20:25:35.251	TEL,2854,S5,433422733,5008,21844,15,419,2932                   
2026-10-06T20:25:35.251	TEL,2855,S5,433432733,5008,21844,15,419,2932                   
2026-10-06T20:25:35.251	TEL,2856,S5,433442733,5008,21844,15,422,2932                   
2026-10-06T20:25:35.251	TEL,2857,S5,433452733,5008,21844,15,422,2932                   
2026-10-06T20:25:35.251	TEL,2858,S5,433462733,5008,21844,15,430,2932                   
2026-10-06T20:25:35.251	TEL,2859,S5,433472733,5008,21844,15,436,2939                   
2026-10-06T20:25:35.251	TEL,2860,S5,433482733,5008,21844,15,433,2939                   
2026-10-06T20:25:35.251	TEL,2861,S5,433492733,5008,21844,15,430,2935                   
2026-10-06T20:25:35.251	TEL,2862,S5,433502733,5008,21844,15,428,2935                   
2026-10-06T20:25:35.251	TEL,2863,S5,433512733,5008,21844,15,422,2932                   
2026-10-06T20:25:35.251	TEL,2864,S5,433522733,5008,21844,15,419,2932                   
2026-10-06T20:25:35.251	TEL,2865,S5,433532733,5008,21844,15,419,2932                   
2026-10-06T20:25:35.251	TEL,2866,S5,433542733,5008,21844,15,422,2932                   
2026-10-06T20:25:35.251	TEL,2867,S5,433552733,5008,21844,15,422,2932                   
2026-10-06T20:25:35.251	TEL,2868,S5,433562733,5008,21844,15,422,2932                   
2026-10-06T20:25:35.251	TEL,2869,S5,433572733,5008,21844,15,422,2932                   
2026-10-06T20:25:35.251	TEL,2870,S5,433582733,5008,21844,15,419,2932                   
2026-10-06T20:25:35.251	TEL,2871,S5,433592733,5008,21844,15,419,2932                   
2026-10-06T20:25:35.251	TEL,2872,S5,433602733,5008,21844,15,419,2932                   
2026-10-06T20:25:35.251	TEL,2873,S5,433612733,5008,21844,15,425,2935                   
2026-10-06T20:25:35.251	TEL,2874,S5,433622733,5008,21844,15,428,2935                   
2026-10-06T20:25:35.251	TEL,2875,S5,433632733,5008,21844,15,428,2935                   
2026-10-06T20:25:35.251	TEL,2876,S5,433642733,5008,21844,15,425,2935                   
2026-10-06T20:25:35.251	TEL,2877,S5,433652733,5008,21844,15,419,2930                   
2026-10-06T20:25:35.251	TEL,2878,S5,433662733,5008,21844,15,422,2930                   
2026-10-06T20:25:35.251	TEL,2879,S5,433672733,5008,21844,15,422,2932                   
2026-10-06T20:25:35.251	TEL,2880,S5,433682733,5008,21844,15,419,2932                   
2026-10-06T20:25:35.251	TEL,2881,S5,433692739,5014,21844,15,419,2932                   
2026-10-06T20:25:35.251	TEL,2882,S5,433702733,5008,21844,15,425,2932                   
2026-10-06T20:25:35.251	TEL,2883,S5,433712733,5008,21844,15,425,2932                   
2026-10-06T20:25:35.251	TEL,2884,S5,433722733,5008,21844,15,419,2932                   
2026-10-06T20:25:35.251	TEL,2885,S5,433732733,5008,21844,15,425,2935                   
2026-10-06T20:25:35.251	TEL,2886,S5,433742733,5008,21844,15,433,2935                   
2026-10-06T20:25:35.251	TEL,2887,S5,433752733,5008,21844,15,425,2925                   
2026-10-06T20:25:35.251	TEL,2888,S5,433762733,5008,21844,15,413,2925                   
2026-10-06T20:25:35.251	TEL,2889,S5,433772733,5008,21844,15,419,2932                   
2026-10-06T20:25:35.251	TEL,2890,S5,433782733,5008,21844,15,419,2932                   
2026-10-06T20:25:35.251	TEL,2891,S5,433792733,5008,21844,15,419,2932                   
2026-10-06T20:25:35.251	TEL,2892,S5,433802733,5008,21844,15,422,2932                   
2026-10-06T20:25:35.251	TEL,2893,S5,433812733,5008,21844,15,428,2935                   
2026-10-06T20:25:35.251	TEL,2894,S5,433822733,5008,21844,15,416,2935                   
2026-10-06T20:25:35.251	TEL,2895,S5,433832733,5008,21844,15,416,2935                   
2026-10-06T20:25:35.251	TEL,2896,S5,433842733,5008,21844,15,428,2935                   
2026-10-06T20:25:35.251	TEL,2897,S5,433852733,5008,21844,15,428,2935                   
2026-10-06T20:25:35.251	TEL,2898,S5,433862733,5008,21844,15,428,2935                   
2026-10-06T20:25:35.251	TEL,2899,S5,433872733,5008,21844,15,428,2935                   
2026-10-06T20:25:35.874	TEL,2900,S5,433882733,5008,21844,15,433,2935                   
2026-10-06T20:25:35.874	TEL,2901,S5,433892733,5008,21844,15,430,2932                   
2026-10-06T20:25:35.874	TEL,2902,S5,433902733,5008,21844,15,425,2932                   
2026-10-06T20:25:35.874	TEL,2903,S5,433912733,5008,21844,15,428,2935                   
2026-10-06T20:25:35.874	TEL,2904,S5,433922733,5008,21844,15,425,2935                   
2026-10-06T20:25:35.874	TEL,2905,S5,433932733,5008,21844,15,425,2935                   
2026-10-06T20:25:35.874	TEL,2906,S5,433942733,5008,21844,15,436,2935                   
2026-10-06T20:25:35.874	TEL,2907,S5,433952733,5008,21844,15,436,2935                   
2026-10-06T20:25:35.874	TEL,2908,S5,433962733,5008,21844,15,428,2935                   
2026-10-06T20:25:35.874	TEL,2909,S5,433972733,5008,21844,15,428,2935                   
2026-10-06T20:25:35.874	TEL,2910,S5,433982733,5008,21844,15,428,2935                   
2026-10-06T20:25:35.874	TEL,2911,S5,433992733,5008,21844,15,428,2935                   
2026-10-06T20:25:35.874	TEL,2912,S5,434002733,5008,21844,15,428,2935                   
2026-10-06T20:25:35.874	TEL,2913,S5,434012733,5008,21844,15,428,2935                   
2026-10-06T20:25:35.874	TEL,2914,S5,434022733,5008,21844,15,428,2935                   
2026-10-06T20:25:35.874	TEL,2915,S5,434032733,5008,21844,15,425,2933                   
2026-10-06T20:25:35.874	TEL,2916,S5,434042733,5008,21844,15,416,2933                   
2026-10-06T20:25:35.874	TEL,2917,S5,434052733,5008,21844,15,416,2932                   
2026-10-06T20:25:35.874	TEL,2918,S5,434062733,5008,21844,15,422,2932                   
2026-10-06T20:25:35.874	TEL,2919,S5,434072733,5008,21844,15,428,2935                   
2026-10-06T20:25:35.874	TEL,2920,S5,434082733,5008,21844,15,425,2935                   
2026-10-06T20:25:35.875	TEL,2921,S5,434092733,5008,21844,15,425,2935                   
2026-10-06T20:25:35.875	TEL,2922,S5,434102733,5008,21844,15,428,2935                   
2026-10-06T20:25:35.875	TEL,2923,S5,434112733,5008,21844,15,422,2932                   
2026-10-06T20:25:35.875	TEL,2924,S5,434122733,5008,21844,15,419,2932                   
2026-10-06T20:25:35.875	TEL,2925,S5,434132733,5008,21844,15,419,2932                   
2026-10-06T20:25:35.875	TEL,2926,S5,434142733,5008,21844,15,419,2932                   
2026-10-06T20:25:35.875	TEL,2927,S5,434152733,5008,21844,15,425,2935                   
2026-10-06T20:25:35.875	TEL,2928,S5,434162733,5008,21844,15,422,2935                   
2026-10-06T20:25:35.875	TEL,2929,S5,434172733,5008,21844,15,419,2932                   
2026-10-06T20:25:35.875	TEL,2930,S5,434182733,5008,21844,15,419,2932                   
2026-10-06T20:25:35.875	TEL,2931,S5,434192733,5008,21844,15,419,2932                   
2026-10-06T20:25:35.875	TEL,2932,S5,434202733,5008,21844,15,422,2932                   
2026-10-06T20:25:35.875	BTN,35,S5,PRESSED,434206076,434206083                          
2026-10-06T20:25:35.875	TEL,2934,S5,434222733,5008,21844,15,419,2935                   
2026-10-06T20:25:35.875	TEL,2935,S5,434232733,5008,21844,15,419,2935                   
2026-10-06T20:25:35.875	TEL,2936,S5,434242733,5008,21844,15,425,2935                   
2026-10-06T20:25:35.875	TEL,2937,S5,434252733,5008,21844,15,425,2935                   
2026-10-06T20:25:35.875	TEL,2938,S5,434262733,5008,21844,15,428,2935                   
2026-10-06T20:25:35.875	TEL,2939,S5,434272733,5008,21844,15,422,2932                   
2026-10-06T20:25:35.875	TEL,2940,S5,434282733,5008,21844,15,422,2932                   
2026-10-06T20:25:35.875	TEL,2941,S5,434292733,5008,21844,15,422,2932                   
2026-10-06T20:25:35.875	TEL,2942,S5,434302733,5008,21844,15,419,2932                   
2026-10-06T20:25:35.875	TEL,2943,S5,434312733,5008,21844,15,419,2932                   
2026-10-06T20:25:35.875	TEL,2944,S5,434322733,5008,21844,15,419,2932                   
2026-10-06T20:25:35.875	TEL,2945,S5,434332733,5008,21844,15,422,2935                   
2026-10-06T20:25:35.875	TEL,2946,S5,434342733,5008,21844,15,425,2935                   
2026-10-06T20:25:35.875	TEL,2947,S5,434352733,5008,21844,15,425,2935                   
2026-10-06T20:25:35.875	TEL,2948,S5,434362733,5008,21844,15,419,2935                   
2026-10-06T20:25:35.875	TEL,2949,S5,434372733,5008,21844,15,416,2932                   
2026-10-06T20:25:35.875	TEL,2950,S5,434382733,5008,21844,15,425,2932                   
2026-10-06T20:25:35.875	TEL,2951,S5,434392733,5008,21844,15,428,2935                   
2026-10-06T20:25:35.875	TEL,2952,S5,434402733,5008,21844,15,428,2935                   
2026-10-06T20:25:35.875	TEL,2953,S5,434412733,5008,21844,15,428,2935                   
2026-10-06T20:25:35.875	TEL,2954,S5,434422733,5008,21844,15,422,2935                   
2026-10-06T20:25:35.875	TEL,2955,S5,434432733,5008,21844,15,419,2932                   
2026-10-06T20:25:35.875	TEL,2956,S5,434442733,5008,21844,15,422,2932                   
2026-10-06T20:25:35.875	TEL,2957,S5,434452733,5008,21844,15,419,2928                   
2026-10-06T20:25:35.875	TEL,2958,S5,434462733,5008,21844,15,419,2928                   
2026-10-06T20:25:35.875	TEL,2959,S5,434472733,5008,21844,15,425,2933                   
2026-10-06T20:25:35.875	TEL,2960,S5,434482733,5008,21844,15,425,2933                   
2026-10-06T20:25:35.875	TEL,2961,S5,434492733,5008,21844,15,428,2935                   
2026-10-06T20:25:36.494	TEL,2962,S5,434502733,5008,21844,15,428,2935                   
2026-10-06T20:25:36.494	TEL,2963,S5,434512733,5008,21844,15,428,2935                   
2026-10-06T20:25:36.494	TEL,2964,S5,434522733,5008,21844,15,425,2935                   
2026-10-06T20:25:36.494	TEL,2965,S5,434532733,5008,21844,15,425,2935                   
2026-10-06T20:25:36.494	TEL,2966,S5,434542733,5008,21844,15,428,2935                   
2026-10-06T20:25:36.494	TEL,2967,S5,434552733,5008,21844,15,428,2935                   
2026-10-06T20:25:36.494	TEL,2968,S5,434562733,5008,21844,15,428,2935                   
2026-10-06T20:25:36.494	TEL,2969,S5,434572733,5008,21844,15,422,2932                   
2026-10-06T20:25:36.494	TEL,2970,S5,434582733,5008,21844,15,419,2932                   
2026-10-06T20:25:36.494	TEL,2971,S5,434592733,5008,21844,15,425,2935                   
2026-10-06T20:25:36.494	TEL,2972,S5,434602733,5008,21844,15,428,2935                   
2026-10-06T20:25:36.494	TEL,2973,S5,434612733,5008,21844,15,422,2932                   
2026-10-06T20:25:36.494	TEL,2974,S5,434622733,5008,21844,15,428,2932                   
2026-10-06T20:25:36.494	TEL,2975,S5,434632733,5008,21844,15,428,2932                   
2026-10-06T20:25:36.494	TEL,2976,S5,434642733,5008,21844,15,422,2932                   
2026-10-06T20:25:36.494	TEL,2977,S5,434652733,5008,21844,15,422,2932                   
2026-10-06T20:25:36.494	TEL,2978,S5,434662733,5008,21844,15,425,2932                   
2026-10-06T20:25:36.494	TEL,2979,S5,434672733,5008,21844,15,425,2932                   
2026-10-06T20:25:36.494	TEL,2980,S5,434682733,5008,21844,15,428,2932                   
2026-10-06T20:25:36.494	TEL,2981,S5,434692733,5008,21844,15,430,2935                   
2026-10-06T20:25:36.494	TEL,2982,S5,434702733,5008,21844,15,425,2935                   
2026-10-06T20:25:36.494	TEL,2983,S5,434712733,5008,21844,15,425,2935                   
2026-10-06T20:25:36.494	TEL,2984,S5,434722733,5008,21844,15,428,2935                   
2026-10-06T20:25:36.494	TEL,2985,S5,434732733,5008,21844,15,422,2932                   
2026-10-06T20:25:36.494	TEL,2986,S5,434742733,5008,21844,15,422,2932                   
2026-10-06T20:25:36.494	TEL,2987,S5,434752733,5008,21844,15,419,2928                   
2026-10-06T20:25:36.494	TEL,2988,S5,434762733,5008,21844,15,416,2928                   
2026-10-06T20:25:36.494	TEL,2989,S5,434772733,5008,21844,15,419,2932                   
2026-10-06T20:25:36.494	TEL,2990,S5,434782733,5008,21844,15,419,2932                   
2026-10-06T20:25:36.494	TEL,2991,S5,434792733,5008,21844,15,425,2935                   
2026-10-06T20:25:36.494	TEL,2992,S5,434802733,5008,21844,15,428,2935                   
2026-10-06T20:25:36.494	TEL,2993,S5,434812733,5008,21844,15,422,2932                   
2026-10-06T20:25:36.494	TEL,2994,S5,434822739,5014,21844,15,425,2932                   
2026-10-06T20:25:36.494	TEL,2995,S5,434832733,5008,21844,15,428,2933                   
2026-10-06T20:25:36.494	TEL,2996,S5,434842733,5008,21844,15,425,2933                   
2026-10-06T20:25:36.494	TEL,2997,S5,434852733,5008,21844,15,422,2930                   
2026-10-06T20:25:36.495	TEL,2998,S5,434862733,5008,21844,15,419,2930                   
2026-10-06T20:25:36.495	TEL,2999,S5,434872733,5008,21844,15,425,2935                   
2026-10-06T20:25:36.495	TEL,3000,S5,434882733,5008,21844,15,428,2935                   
2026-10-06T20:25:36.495	TEL,3001,S5,434892733,5008,21844,15,428,2935                   
2026-10-06T20:25:36.495	TEL,3002,S5,434902733,5008,21844,15,428,2935                   
2026-10-06T20:25:36.495	TEL,3003,S5,434912733,5008,21844,15,428,2935                   
2026-10-06T20:25:36.495	TEL,3004,S5,434922733,5008,21844,15,425,2935                   
2026-10-06T20:25:36.495	TEL,3005,S5,434932733,5008,21844,15,419,2932                   
2026-10-06T20:25:36.495	TEL,3006,S5,434942733,5008,21844,15,430,2932                   
2026-10-06T20:25:36.495	TEL,3007,S5,434952733,5008,21844,15,436,2937                   
2026-10-06T20:25:36.495	TEL,3008,S5,434962733,5008,21844,15,422,2937                   
2026-10-06T20:25:36.495	TEL,3009,S5,434972733,5008,21844,15,422,2935                   
2026-10-06T20:25:36.495	TEL,3010,S5,434982733,5008,21844,15,428,2935                   
2026-10-06T20:25:36.495	TEL,3011,S5,434992733,5008,21844,15,422,2932                   
2026-10-06T20:25:36.495	TEL,3012,S5,435002733,5008,21844,15,422,2932                   
2026-10-06T20:25:36.495	TEL,3013,S5,435012733,5008,21844,15,422,2932                   
2026-10-06T20:25:36.495	TEL,3014,S5,435022733,5008,21844,15,422,2932                   
2026-10-06T20:25:36.495	TEL,3015,S5,435032733,5008,21844,15,422,2932                   
2026-10-06T20:25:36.495	TEL,3016,S5,435042733,5008,21844,15,419,2932                   
2026-10-06T20:25:36.495	TEL,3017,S5,435052733,5008,21844,15,419,2932                   
2026-10-06T20:25:36.495	TEL,3018,S5,435062733,5008,21844,15,422,2932                   
2026-10-06T20:25:36.495	TEL,3019,S5,435072733,5008,21844,15,425,2933                   
2026-10-06T20:25:36.495	TEL,3020,S5,435082733,5008,21844,15,428,2933                   
2026-10-06T20:25:36.495	TEL,3021,S5,435092733,5008,21844,15,428,2935                   
2026-10-06T20:25:36.495	TEL,3022,S5,435102733,5008,21844,15,425,2935                   
2026-10-06T20:25:36.495	TEL,3023,S5,435112733,5008,21844,15,419,2932                   
2026-10-06T20:25:37.114	TEL,3024,S5,435122733,5008,21844,15,419,2932                   
2026-10-06T20:25:37.114	TEL,3025,S5,435132733,5008,21844,15,425,2935                   
2026-10-06T20:25:37.114	TEL,3026,S5,435142733,5008,21844,15,428,2935                   
2026-10-06T20:25:37.114	TEL,3027,S5,435152733,5008,21844,15,422,2932                   
2026-10-06T20:25:37.114	TEL,3028,S5,435162733,5008,21844,15,422,2932                   
2026-10-06T20:25:37.114	TEL,3029,S5,435172733,5008,21844,15,422,2932                   
2026-10-06T20:25:37.114	TEL,3030,S5,435182733,5008,21844,15,422,2932                   
2026-10-06T20:25:37.114	TEL,3031,S5,435192733,5008,21844,15,428,2935                   
2026-10-06T20:25:37.114	TEL,3032,S5,435202733,5008,21844,15,419,2935                   
2026-10-06T20:25:37.114	TEL,3033,S5,435212733,5008,21844,15,419,2935                   
2026-10-06T20:25:37.114	TEL,3034,S5,435222733,5008,21844,15,428,2935                   
2026-10-06T20:25:37.114	TEL,3035,S5,435232733,5008,21844,15,428,2935                   
2026-10-06T20:25:37.115	TEL,3036,S5,435242733,5008,21844,15,425,2935                   
2026-10-06T20:25:37.115	TEL,3037,S5,435252733,5008,21844,15,419,2932                   
2026-10-06T20:25:37.115	TEL,3038,S5,435262733,5008,21844,15,425,2932                   
2026-10-06T20:25:37.115	TEL,3039,S5,435272733,5008,21844,15,430,2937                   
2026-10-06T20:25:37.115	TEL,3040,S5,435282733,5008,21844,15,425,2937                   
2026-10-06T20:25:37.115	TEL,3041,S5,435292733,5008,21844,15,425,2935                   
2026-10-06T20:25:37.115	TEL,3042,S5,435302733,5008,21844,15,428,2935                   
2026-10-06T20:25:37.115	TEL,3043,S5,435312733,5008,21844,15,428,2935                   
2026-10-06T20:25:37.115	TEL,3044,S5,435322733,5008,21844,15,428,2935                   
2026-10-06T20:25:37.115	TEL,3045,S5,435332733,5008,21844,15,428,2935                   
2026-10-06T20:25:37.115	BTN,37,S5,PRESSED,435335087,435335094                          
2026-10-06T20:25:37.115	TEL,3047,S5,435352733,5008,21844,15,436,2941                   
2026-10-06T20:25:37.115	TEL,3048,S5,435362733,5008,21844,15,433,2941                   
2026-10-06T20:25:37.115	TEL,3049,S5,435372733,5008,21844,15,425,2932                   
2026-10-06T20:25:37.115	TEL,3050,S5,435382733,5008,21844,15,419,2932                   
2026-10-06T20:25:37.115	TEL,3051,S5,435392733,5008,21844,15,422,2933                   
2026-10-06T20:25:37.115	TEL,3052,S5,435402733,5008,21844,15,425,2933                   
2026-10-06T20:25:37.115	TEL,3053,S5,435412733,5008,21844,15,422,2932                   
2026-10-06T20:25:37.115	TEL,3054,S5,435422733,5008,21844,15,422,2932                   
2026-10-06T20:25:37.115	TEL,3055,S5,435432733,5008,21844,15,428,2935                   
2026-10-06T20:25:37.115	TEL,3056,S5,435442733,5008,21844,15,430,2935                   
2026-10-06T20:25:37.115	TEL,3057,S5,435452733,5008,21844,15,428,2932                   
2026-10-06T20:25:37.115	TEL,3058,S5,435462733,5008,21844,15,422,2932                   
2026-10-06T20:25:37.115	TEL,3059,S5,435472733,5008,21844,15,428,2935                   
2026-10-06T20:25:37.115	TEL,3060,S5,435482733,5008,21844,15,425,2935                   
2026-10-06T20:25:37.115	TEL,3061,S5,435492733,5008,21844,15,419,2932                   
2026-10-06T20:25:37.115	TEL,3062,S5,435502733,5008,21844,15,422,2932                   
2026-10-06T20:25:37.115	TEL,3063,S5,435512733,5008,21844,15,419,2928                   
2026-10-06T20:25:37.115	TEL,3064,S5,435522733,5008,21844,15,416,2928                   
2026-10-06T20:25:37.115	TEL,3065,S5,435532733,5008,21844,15,419,2932                   
2026-10-06T20:25:37.115	TEL,3066,S5,435542733,5008,21844,15,419,2932                   
2026-10-06T20:25:37.115	TEL,3067,S5,435552733,5008,21844,15,419,2932                   
2026-10-06T20:25:37.115	TEL,3068,S5,435562733,5008,21844,15,422,2932                   
2026-10-06T20:25:37.115	TEL,3069,S5,435572733,5008,21844,15,425,2933                   
2026-10-06T20:25:37.115	TEL,3070,S5,435582733,5008,21844,15,425,2933                   
2026-10-06T20:25:37.115	TEL,3071,S5,435592733,5008,21844,15,428,2935                   
2026-10-06T20:25:37.115	TEL,3072,S5,435602733,5008,21844,15,428,2935                   
2026-10-06T20:25:37.115	TEL,3073,S5,435612733,5008,21844,15,422,2932                   
2026-10-06T20:25:37.115	TEL,3074,S5,435622733,5008,21844,15,422,2932                   
2026-10-06T20:25:37.115	TEL,3075,S5,435632733,5008,21844,15,422,2932                   
2026-10-06T20:25:37.115	TEL,3076,S5,435642733,5008,21844,15,433,2932                   
2026-10-06T20:25:37.115	TEL,3077,S5,435652733,5008,21844,15,433,2932                   
2026-10-06T20:25:37.115	TEL,3078,S5,435662733,5008,21844,15,422,2932                   
2026-10-06T20:25:37.115	TEL,3079,S5,435672733,5008,21844,15,428,2935                   
2026-10-06T20:25:37.115	TEL,3080,S5,435682733,5008,21844,15,428,2935                   
2026-10-06T20:25:37.115	TEL,3081,S5,435692733,5008,21844,15,428,2935                   
2026-10-06T20:25:37.115	TEL,3082,S5,435702733,5008,21844,15,428,2935                   
2026-10-06T20:25:37.115	TEL,3083,S5,435712733,5008,21844,15,422,2932                   
2026-10-06T20:25:37.115	TEL,3084,S5,435722733,5008,21844,15,419,2932                   
2026-10-06T20:25:37.115	TEL,3085,S5,435732733,5008,21844,15,425,2935                   
2026-10-06T20:25:37.731	TEL,3086,S5,435742733,5008,21844,15,428,2935                   
2026-10-06T20:25:37.731	TEL,3087,S5,435752733,5008,21844,15,428,2935                   
2026-10-06T20:25:37.731	TEL,3088,S5,435762733,5008,21844,15,425,2935                   
2026-10-06T20:25:37.731	TEL,3089,S5,435772733,5008,21844,15,425,2935                   
2026-10-06T20:25:37.731	TEL,3090,S5,435782733,5008,21844,15,422,2935                   
2026-10-06T20:25:37.731	TEL,3091,S5,435792733,5008,21844,15,422,2935                   
2026-10-06T20:25:37.731	TEL,3092,S5,435802733,5008,21844,15,428,2935                   
2026-10-06T20:25:37.731	TEL,3093,S5,435812733,5008,21844,15,422,2932                   
2026-10-06T20:25:37.731	TEL,3094,S5,435822733,5008,21844,15,419,2932                   
2026-10-06T20:25:37.731	TEL,3095,S5,435832733,5008,21844,15,422,2933                   
2026-10-06T20:25:37.731	TEL,3096,S5,435842733,5008,21844,15,419,2933                   
2026-10-06T20:25:37.731	TEL,3097,S5,435852733,5008,21844,15,422,2935                   
2026-10-06T20:25:37.731	TEL,3098,S5,435862733,5008,21844,15,428,2935                   
2026-10-06T20:25:37.731	TEL,3099,S5,435872733,5008,21844,15,422,2932                   
2026-10-06T20:25:37.731	TEL,3100,S5,435882733,5008,21844,15,422,2932                   
2026-10-06T20:25:37.731	TEL,3101,S5,435892733,5008,21844,15,422,2932                   
2026-10-06T20:25:37.731	TEL,3102,S5,435902733,5008,21844,15,419,2932                   
2026-10-06T20:25:37.731	TEL,3103,S5,435912733,5008,21844,15,422,2935                   
2026-10-06T20:25:37.731	TEL,3104,S5,435922733,5008,21844,15,425,2935                   
2026-10-06T20:25:37.731	TEL,3105,S5,435932733,5008,21844,15,419,2932                   
2026-10-06T20:25:37.731	TEL,3106,S5,435942733,5008,21844,15,422,2932                   
2026-10-06T20:25:37.731	TEL,3107,S5,435952733,5008,21844,15,422,2932                   
2026-10-06T20:25:37.731	TEL,3108,S5,435962733,5008,21844,15,422,2932                   
2026-10-06T20:25:37.731	TEL,3109,S5,435972733,5008,21844,15,428,2935                   
2026-10-06T20:25:37.731	TEL,3110,S5,435982733,5008,21844,15,428,2935                   
2026-10-06T20:25:37.731	TEL,3111,S5,435992733,5008,21844,15,422,2932                   
2026-10-06T20:25:37.731	TEL,3112,S5,436002733,5008,21844,15,425,2932                   
2026-10-06T20:25:37.731	TEL,3113,S5,436012733,5008,21844,15,428,2935                   
2026-10-06T20:25:37.731	TEL,3114,S5,436022733,5008,21844,15,425,2935                   
2026-10-06T20:25:37.731	TEL,3115,S5,436032733,5008,21844,15,419,2932                   
2026-10-06T20:25:37.731	TEL,3116,S5,436042733,5008,21844,15,419,2932                   
2026-10-06T20:25:37.731	TEL,3117,S5,436052733,5008,21844,15,419,2932                   
2026-10-06T20:25:37.731	TEL,3118,S5,436062733,5008,21844,15,422,2932                   
2026-10-06T20:25:37.731	TEL,3119,S5,436072733,5008,21844,15,428,2935                   
2026-10-06T20:25:37.731	TEL,3120,S5,436082739,5014,21844,15,428,2935                   
2026-10-06T20:25:37.731	TEL,3121,S5,436092733,5008,21844,15,425,2933                   
2026-10-06T20:25:37.731	TEL,3122,S5,436102733,5008,21844,15,422,2933                   
2026-10-06T20:25:37.731	TEL,3123,S5,436112733,5008,21844,15,425,2935                   
2026-10-06T20:25:37.731	TEL,3124,S5,436122733,5008,21844,15,428,2935                   
2026-10-06T20:25:37.731	TEL,3125,S5,436132733,5008,21844,15,428,2935                   
2026-10-06T20:25:37.731	TEL,3126,S5,436142733,5008,21844,15,430,2935                   
2026-10-06T20:25:37.731	TEL,3127,S5,436152733,5008,21844,15,430,2935                   
2026-10-06T20:25:37.731	TEL,3128,S5,436162733,5008,21844,15,425,2935                   
2026-10-06T20:25:37.731	TEL,3129,S5,436172733,5008,21844,15,419,2932                   
2026-10-06T20:25:37.731	TEL,3130,S5,436182733,5008,21844,15,428,2932                   
2026-10-06T20:25:37.731	TEL,3131,S5,436192733,5008,21844,15,430,2935                   
2026-10-06T20:25:37.731	TEL,3132,S5,436202733,5008,21844,15,425,2935                   
2026-10-06T20:25:37.731	TEL,3133,S5,436212733,5008,21844,15,419,2930                   
2026-10-06T20:25:37.731	TEL,3134,S5,436222733,5008,21844,15,422,2930                   
2026-10-06T20:25:37.731	TEL,3135,S5,436232733,5008,21844,15,428,2935                   
2026-10-06T20:25:37.731	TEL,3136,S5,436242733,5008,21844,15,428,2935                   
2026-10-06T20:25:37.731	TEL,3137,S5,436252733,5008,21844,15,428,2935                   
2026-10-06T20:25:37.731	TEL,3138,S5,436262733,5008,21844,15,430,2935                   
2026-10-06T20:25:37.731	TEL,3139,S5,436272733,5008,21844,15,428,2932                   
2026-10-06T20:25:37.731	TEL,3140,S5,436282733,5008,21844,15,419,2932                   
2026-10-06T20:25:37.731	TEL,3141,S5,436292733,5008,21844,15,419,2932                   
2026-10-06T20:25:37.731	TEL,3142,S5,436302733,5008,21844,15,419,2932                   
2026-10-06T20:25:37.731	TEL,3143,S5,436312733,5008,21844,15,419,2932                   
2026-10-06T20:25:37.731	TEL,3144,S5,436322733,5008,21844,15,428,2932                   
2026-10-06T20:25:37.731	TEL,3145,S5,436332733,5008,21844,15,430,2935                   
2026-10-06T20:25:37.731	TEL,3146,S5,436342733,5008,21844,15,425,2935                   
2026-10-06T20:25:37.731	TEL,3147,S5,436352733,5008,21844,15,419,2932                   
2026-10-06T20:25:38.354	TEL,3148,S5,436362733,5008,21844,15,422,2932                   
2026-10-06T20:25:38.354	TEL,3149,S5,436372733,5008,21844,15,428,2935                   
2026-10-06T20:25:38.354	TEL,3150,S5,436382733,5008,21844,15,422,2935                   
2026-10-06T20:25:38.354	TEL,3151,S5,436392733,5008,21844,15,422,2935                   
2026-10-06T20:25:38.354	TEL,3152,S5,436402733,5008,21844,15,428,2935                   
2026-10-06T20:25:38.354	TEL,3153,S5,436412733,5008,21844,15,428,2935                   
2026-10-06T20:25:38.354	TEL,3154,S5,436422733,5008,21844,15,428,2935                   
2026-10-06T20:25:38.354	TEL,3155,S5,436432733,5008,21844,15,428,2935                   
2026-10-06T20:25:38.354	TEL,3156,S5,436442733,5008,21844,15,425,2935                   
2026-10-06T20:25:38.354	TEL,3157,S5,436452733,5008,21844,15,419,2932                   
2026-10-06T20:25:38.354	TEL,3158,S5,436462733,5008,21844,15,419,2932                   
2026-10-06T20:25:38.354	TEL,3159,S5,436472733,5008,21844,15,419,2932                   
2026-10-06T20:25:38.354	TEL,3160,S5,436482733,5008,21844,15,419,2932                   
2026-10-06T20:25:38.354	TEL,3161,S5,436492733,5008,21844,15,425,2935                   
2026-10-06T20:25:38.354	TEL,3162,S5,436502733,5008,21844,15,430,2935                   
2026-10-06T20:25:38.354	TEL,3163,S5,436512733,5008,21844,15,430,2935                   
2026-10-06T20:25:38.354	TEL,3164,S5,436522733,5008,21844,15,428,2935                   
2026-10-06T20:25:38.354	TEL,3165,S5,436532733,5008,21844,15,422,2932                   
2026-10-06T20:25:38.354	TEL,3166,S5,436542733,5008,21844,15,422,2932                   
2026-10-06T20:25:38.354	TEL,3167,S5,436552733,5008,21844,15,422,2932                   
2026-10-06T20:25:38.354	TEL,3168,S5,436562733,5008,21844,15,422,2932                   
2026-10-06T20:25:38.354	TEL,3169,S5,436572733,5008,21844,15,422,2932                   
2026-10-06T20:25:38.354	TEL,3170,S5,436582733,5008,21844,15,422,2932                   
2026-10-06T20:25:38.354	TEL,3171,S5,436592733,5008,21844,15,428,2935                   
2026-10-06T20:25:38.354	TEL,3172,S5,436602733,5008,21844,15,422,2935                   
2026-10-06T20:25:38.354	TEL,3173,S5,436612733,5008,21844,15,422,2935                   
2026-10-06T20:25:38.354	TEL,3174,S5,436622733,5008,21844,15,419,2935                   
2026-10-06T20:25:38.354	TEL,3175,S5,436632733,5008,21844,15,419,2935                   
2026-10-06T20:25:38.354	TEL,3176,S5,436642733,5008,21844,15,428,2935                   
2026-10-06T20:25:38.354	TEL,3177,S5,436652733,5008,21844,15,422,2932                   
2026-10-06T20:25:38.354	TEL,3178,S5,436662733,5008,21844,15,419,2932                   
2026-10-06T20:25:38.354	TEL,3179,S5,436672733,5008,21844,15,419,2932                   
2026-10-06T20:25:38.354	TEL,3180,S5,436682733,5008,21844,15,419,2932                   
2026-10-06T20:25:38.354	TEL,3181,S5,436692733,5008,21844,15,422,2933                   
2026-10-06T20:25:38.354	TEL,3182,S5,436702733,5008,21844,15,422,2933                   
2026-10-06T20:25:38.354	TEL,3183,S5,436712733,5008,21844,15,419,2932                   
2026-10-06T20:25:38.354	TEL,3184,S5,436722733,5008,21844,15,428,2932                   
2026-10-06T20:25:38.354	TEL,3185,S5,436732733,5008,21844,15,430,2935                   
2026-10-06T20:25:38.354	TEL,3186,S5,436742733,5008,21844,15,425,2935                   
2026-10-06T20:25:38.354	TEL,3187,S5,436752733,5008,21844,15,425,2935                   
2026-10-06T20:25:38.354	TEL,3188,S5,436762733,5008,21844,15,428,2935                   
2026-10-06T20:25:38.354	TEL,3189,S5,436772733,5008,21844,15,422,2932                   
2026-10-06T20:25:38.354	TEL,3190,S5,436782733,5008,21844,15,422,2932                   
2026-10-06T20:25:38.354	TEL,3191,S5,436792733,5008,21844,15,428,2935                   
2026-10-06T20:25:38.354	TEL,3192,S5,436802733,5008,21844,15,428,2935                   
2026-10-06T20:25:38.354	TEL,3193,S5,436812733,5008,21844,15,422,2932                   
2026-10-06T20:25:38.354	TEL,3194,S5,436822733,5008,21844,15,419,2932                   
2026-10-06T20:25:38.354	TEL,3195,S5,436832733,5008,21844,15,425,2935                   
2026-10-06T20:25:38.354	TEL,3196,S5,436842733,5008,21844,15,428,2935                   
2026-10-06T20:25:38.354	TEL,3197,S5,436852733,5008,21844,15,422,2932                   
2026-10-06T20:25:38.354	TEL,3198,S5,436862738,5013,21844,15,422,2932                   
2026-10-06T20:25:38.354	TEL,3199,S5,436872733,5008,21844,15,425,2933                   
2026-10-06T20:25:38.354	TEL,3200,S5,436882733,5008,21844,15,425,2933                   
2026-10-06T20:25:38.354	TEL,3201,S5,436892733,5008,21844,15,425,2933                   
2026-10-06T20:25:38.354	TEL,3202,S5,436902733,5008,21844,15,422,2933                   
2026-10-06T20:25:38.354	TEL,3203,S5,436912733,5008,21844,15,425,2935                   
2026-10-06T20:25:38.354	TEL,3204,S5,436922733,5008,21844,15,422,2935                   
2026-10-06T20:25:38.354	TEL,3205,S5,436932733,5008,21844,15,422,2935                   
2026-10-06T20:25:38.354	TEL,3206,S5,436942733,5008,21844,15,425,2935                   
2026-10-06T20:25:38.354	TEL,3207,S5,436952733,5008,21844,15,425,2935                   
2026-10-06T20:25:38.354	TEL,3208,S5,436962733,5008,21844,15,428,2935                   
2026-10-06T20:25:38.354	TEL,3209,S5,436972733,5008,21844,15,428,2935                   
2026-10-06T20:25:38.974	TEL,3210,S5,436982733,5008,21844,15,428,2935                   
2026-10-06T20:25:38.974	TEL,3211,S5,436992733,5008,21844,15,428,2935                   
2026-10-06T20:25:38.974	TEL,3212,S5,437002733,5008,21844,15,428,2935                   
2026-10-06T20:25:38.974	TEL,3213,S5,437012733,5008,21844,15,428,2935                   
2026-10-06T20:25:38.974	TEL,3214,S5,437022733,5008,21844,15,425,2935                   
2026-10-06T20:25:38.974	TEL,3215,S5,437032733,5008,21844,15,422,2933                   
2026-10-06T20:25:38.974	TEL,3216,S5,437042733,5008,21844,15,425,2933                   
2026-10-06T20:25:38.974	TEL,3217,S5,437052733,5008,21844,15,425,2933                   
2026-10-06T20:25:38.974	TEL,3218,S5,437062733,5008,21844,15,419,2933                   
2026-10-06T20:25:38.974	TEL,3219,S5,437072733,5008,21844,15,419,2932                   
2026-10-06T20:25:38.974	TEL,3220,S5,437082733,5008,21844,15,419,2932                   
2026-10-06T20:25:38.974	TEL,3221,S5,437092733,5008,21844,15,425,2935                   
2026-10-06T20:25:38.974	TEL,3222,S5,437102733,5008,21844,15,428,2935                   
2026-10-06T20:25:38.974	TEL,3223,S5,437112733,5008,21844,15,422,2932                   
2026-10-06T20:25:38.974	TEL,3224,S5,437122733,5008,21844,15,422,2932                   
2026-10-06T20:25:38.974	TEL,3225,S5,437132733,5008,21844,15,428,2935                   
2026-10-06T20:25:38.974	TEL,3226,S5,437142733,5008,21844,15,425,2935                   
2026-10-06T20:25:38.974	TEL,3227,S5,437152733,5008,21844,15,419,2932                   
2026-10-06T20:25:38.974	TEL,3228,S5,437162733,5008,21844,15,419,2932                   
2026-10-06T20:25:38.974	TEL,3229,S5,437172733,5008,21844,15,419,2932                   
2026-10-06T20:25:38.974	TEL,3230,S5,437182733,5008,21844,15,422,2932                   
2026-10-06T20:25:38.974	TEL,3231,S5,437192733,5008,21844,15,428,2935                   
2026-10-06T20:25:38.974	TEL,3232,S5,437202733,5008,21844,15,433,2935                   
2026-10-06T20:25:38.974	TEL,3233,S5,437212733,5008,21844,15,430,2932                   
2026-10-06T20:25:38.974	TEL,3234,S5,437222733,5008,21844,15,419,2932                   
2026-10-06T20:25:38.974	TEL,3235,S5,437232733,5008,21844,15,419,2932                   
2026-10-06T20:25:38.974	TEL,3236,S5,437242733,5008,21844,15,422,2932                   
2026-10-06T20:25:38.974	TEL,3237,S5,437252733,5008,21844,15,422,2932                   
2026-10-06T20:25:38.974	TEL,3238,S5,437262733,5008,21844,15,422,2932                   
2026-10-06T20:25:38.974	TEL,3239,S5,437272733,5008,21844,15,428,2935                   
2026-10-06T20:25:38.974	TEL,3240,S5,437282733,5008,21844,15,428,2935                   
2026-10-06T20:25:38.974	TEL,3241,S5,437292733,5008,21844,15,422,2932                   
2026-10-06T20:25:38.974	TEL,3242,S5,437302733,5008,21844,15,422,2932                   
2026-10-06T20:25:38.974	TEL,3243,S5,437312733,5008,21844,15,422,2932                   
2026-10-06T20:25:38.974	TEL,3244,S5,437322733,5008,21844,15,422,2932                   
2026-10-06T20:25:38.974	TEL,3245,S5,437332733,5008,21844,15,428,2935                   
2026-10-06T20:25:38.974	TEL,3246,S5,437342733,5008,21844,15,428,2935                   
2026-10-06T20:25:38.974	TEL,3247,S5,437352733,5008,21844,15,428,2935                   
2026-10-06T20:25:38.974	TEL,3248,S5,437362733,5008,21844,15,428,2935                   
2026-10-06T20:25:38.974	TEL,3249,S5,437372733,5008,21844,15,428,2935                   
2026-10-06T20:25:38.974	TEL,3250,S5,437382733,5008,21844,15,422,2935                   
2026-10-06T20:25:38.974	TEL,3251,S5,437392733,5008,21844,15,419,2932                   
2026-10-06T20:25:38.974	TEL,3252,S5,437402733,5008,21844,15,419,2932                   
2026-10-06T20:25:38.974	TEL,3253,S5,437412733,5008,21844,15,425,2935                   
2026-10-06T20:25:38.974	TEL,3254,S5,437422733,5008,21844,15,428,2935                   
2026-10-06T20:25:38.974	TEL,3255,S5,437432733,5008,21844,15,428,2935                   
2026-10-06T20:25:38.974	TEL,3256,S5,437442733,5008,21844,15,428,2935                   
2026-10-06T20:25:38.974	TEL,3257,S5,437452733,5008,21844,15,422,2932                   
2026-10-06T20:25:38.974	TEL,3258,S5,437462733,5008,21844,15,422,2932                   
2026-10-06T20:25:38.974	TEL,3259,S5,437472733,5008,21844,15,428,2935                   
2026-10-06T20:25:38.974	TEL,3260,S5,437482733,5008,21844,15,433,2935                   
2026-10-06T20:25:38.974	TEL,3261,S5,437492733,5008,21844,15,430,2932                   
2026-10-06T20:25:38.974	TEL,3262,S5,437502733,5008,21844,15,419,2932                   
2026-10-06T20:25:38.974	TEL,3263,S5,437512733,5008,21844,15,419,2932                   
2026-10-06T20:25:38.974	TEL,3264,S5,437522733,5008,21844,15,419,2932                   
2026-10-06T20:25:38.974	TEL,3265,S5,437532733,5008,21844,15,419,2932                   
2026-10-06T20:25:38.974	TEL,3266,S5,437542733,5008,21844,15,419,2932                   
2026-10-06T20:25:38.974	TEL,3267,S5,437552733,5008,21844,15,425,2935                   
2026-10-06T20:25:38.974	TEL,3268,S5,437562733,5008,21844,15,425,2935                   
2026-10-06T20:25:38.974	TEL,3269,S5,437572733,5008,21844,15,425,2935                   
2026-10-06T20:25:38.974	TEL,3270,S5,437582733,5008,21844,15,428,2935                   
2026-10-06T20:25:38.974	TEL,3271,S5,437592733,5008,21844,15,428,2935                   
2026-10-06T20:25:39.594	TEL,3272,S5,437602733,5008,21844,15,428,2935                   
2026-10-06T20:25:39.594	TEL,3273,S5,437612733,5008,21844,15,425,2933                   
2026-10-06T20:25:39.594	TEL,3274,S5,437622733,5008,21844,15,422,2933                   
2026-10-06T20:25:39.594	TEL,3275,S5,437632733,5008,21844,15,419,2932                   
2026-10-06T20:25:39.594	TEL,3276,S5,437642733,5008,21844,15,419,2932                   
2026-10-06T20:25:39.594	TEL,3277,S5,437652733,5008,21844,15,422,2935                   
2026-10-06T20:25:39.594	TEL,3278,S5,437662733,5008,21844,15,425,2935                   
2026-10-06T20:25:39.594	TEL,3279,S5,437672733,5008,21844,15,425,2935                   
2026-10-06T20:25:39.594	TEL,3280,S5,437682733,5008,21844,15,425,2935                   
2026-10-06T20:25:39.594	TEL,3281,S5,437692733,5008,21844,15,419,2932                   
2026-10-06T20:25:39.594	TEL,3282,S5,437702733,5008,21844,15,419,2932                   
2026-10-06T20:25:39.594	TEL,3283,S5,437712739,5014,21844,15,425,2935                   
2026-10-06T20:25:39.594	TEL,3284,S5,437722733,5008,21844,15,428,2935                   
2026-10-06T20:25:39.594	TEL,3285,S5,437732733,5008,21844,15,422,2928                   
2026-10-06T20:25:39.594	TEL,3286,S5,437742733,5008,21844,15,419,2928                   
2026-10-06T20:25:39.594	TEL,3287,S5,437752733,5008,21844,15,422,2932                   
2026-10-06T20:25:39.594	TEL,3288,S5,437762733,5008,21844,15,419,2932                   
2026-10-06T20:25:39.594	TEL,3289,S5,437772733,5008,21844,15,422,2935                   
2026-10-06T20:25:39.594	TEL,3290,S5,437782733,5008,21844,15,425,2935                   
2026-10-06T20:25:39.594	TEL,3291,S5,437792733,5008,21844,15,425,2935                   
2026-10-06T20:25:39.594	TEL,3292,S5,437802733,5008,21844,15,425,2935                   
2026-10-06T20:25:39.594	TEL,3293,S5,437812733,5008,21844,15,419,2932                   
2026-10-06T20:25:39.594	TEL,3294,S5,437822733,5008,21844,15,422,2932                   
2026-10-06T20:25:39.594	TEL,3295,S5,437832733,5008,21844,15,422,2932                   
2026-10-06T20:25:39.594	TEL,3296,S5,437842733,5008,21844,15,419,2932                   
2026-10-06T20:25:39.594	TEL,3297,S5,437852733,5008,21844,15,425,2935                   
2026-10-06T20:25:39.594	TEL,3298,S5,437862733,5008,21844,15,428,2935                   
2026-10-06T20:25:39.594	TEL,3299,S5,437872733,5008,21844,15,428,2935                   
2026-10-06T20:25:39.594	TEL,3300,S5,437882733,5008,21844,15,422,2935                   
2026-10-06T20:25:39.594	TEL,3301,S5,437892733,5008,21844,15,419,2932                   
2026-10-06T20:25:39.594	TEL,3302,S5,437902733,5008,21844,15,419,2932                   
2026-10-06T20:25:39.594	TEL,3303,S5,437912733,5008,21844,15,422,2935                   
2026-10-06T20:25:39.594	TEL,3304,S5,437922733,5008,21844,15,428,2935                   
2026-10-06T20:25:39.594	TEL,3305,S5,437932733,5008,21844,15,422,2932                   
2026-10-06T20:25:39.594	TEL,3306,S5,437942733,5008,21844,15,428,2932                   
2026-10-06T20:25:39.594	TEL,3307,S5,437952733,5008,21844,15,430,2935                   
2026-10-06T20:25:39.594	TEL,3308,S5,437962733,5008,21844,15,428,2935                   
2026-10-06T20:25:39.594	TEL,3309,S5,437972733,5008,21844,15,428,2935                   
2026-10-06T20:25:39.594	TEL,3310,S5,437982733,5008,21844,15,428,2935                   
2026-10-06T20:25:39.594	TEL,3311,S5,437992733,5008,21844,15,428,2935                   
2026-10-06T20:25:39.594	TEL,3312,S5,438002733,5008,21844,15,425,2935                   
2026-10-06T20:25:39.594	TEL,3313,S5,438012733,5008,21844,15,425,2935                   
2026-10-06T20:25:39.594	TEL,3314,S5,438022733,5008,21844,15,428,2935                   
2026-10-06T20:25:39.594	TEL,3315,S5,438032733,5008,21844,15,425,2932                   
2026-10-06T20:25:39.594	TEL,3316,S5,438042733,5008,21844,15,419,2932                   
2026-10-06T20:25:39.594	TEL,3317,S5,438052733,5008,21844,15,422,2935                   
2026-10-06T20:25:39.594	TEL,3318,S5,438062733,5008,21844,15,425,2935                   
2026-10-06T20:25:39.594	TEL,3319,S5,438072733,5008,21844,15,419,2932                   
2026-10-06T20:25:39.594	TEL,3320,S5,438082733,5008,21844,15,419,2932                   
2026-10-06T20:25:39.594	TEL,3321,S5,438092733,5008,21844,15,419,2932                   
2026-10-06T20:25:39.594	TEL,3322,S5,438102733,5008,21844,15,422,2932                   
2026-10-06T20:25:39.594	TEL,3323,S5,438112733,5008,21844,15,428,2935                   
2026-10-06T20:25:39.594	TEL,3324,S5,438122733,5008,21844,15,428,2935                   
2026-10-06T20:25:39.594	TEL,3325,S5,438132733,5008,21844,15,428,2935                   
2026-10-06T20:25:39.594	TEL,3326,S5,438142733,5008,21844,15,428,2935                   
2026-10-06T20:25:39.594	TEL,3327,S5,438152733,5008,21844,15,430,2939                   
2026-10-06T20:25:39.594	TEL,3328,S5,438162733,5008,21844,15,428,2939                   
2026-10-06T20:25:39.594	TEL,3329,S5,438172733,5008,21844,15,425,2935                   
2026-10-06T20:25:39.594	TEL,3330,S5,438182733,5008,21844,15,428,2935                   
2026-10-06T20:25:39.594	TEL,3331,S5,438192733,5008,21844,15,422,2932                   
2026-10-06T20:25:39.594	TEL,3332,S5,438202733,5008,21844,15,433,2932                   
2026-10-06T20:25:39.594	TEL,3333,S5,438212733,5008,21844,15,436,2935                   
2026-10-06T20:25:40.212	TEL,3334,S5,438222733,5008,21844,15,428,2935                   
2026-10-06T20:25:40.212	TEL,3335,S5,438232733,5008,21844,15,428,2935                   
2026-10-06T20:25:40.212	TEL,3336,S5,438242733,5008,21844,15,428,2935                   
2026-10-06T20:25:40.212	TEL,3337,S5,438252739,5014,21844,15,428,2935                   
2026-10-06T20:25:40.212	TEL,3338,S5,438262733,5008,21844,15,428,2935                   
2026-10-06T20:25:40.212	TEL,3339,S5,438272733,5008,21844,15,425,2932                   
2026-10-06T20:25:40.212	TEL,3340,S5,438282733,5008,21844,15,425,2932                   
2026-10-06T20:25:40.212	TEL,3341,S5,438292733,5008,21844,15,425,2932                   
2026-10-06T20:25:40.212	TEL,3342,S5,438302733,5008,21844,15,419,2932                   
2026-10-06T20:25:40.212	TEL,3343,S5,438312733,5008,21844,15,422,2935                   
2026-10-06T20:25:40.212	TEL,3344,S5,438322733,5008,21844,15,433,2935                   
2026-10-06T20:25:40.212	TEL,3345,S5,438332733,5008,21844,15,430,2932                   
2026-10-06T20:25:40.212	TEL,3346,S5,438342733,5008,21844,15,416,2932                   
2026-10-06T20:25:40.212	TEL,3347,S5,438352733,5008,21844,15,419,2935                   
2026-10-06T20:25:40.212	TEL,3348,S5,438362733,5008,21844,15,428,2935                   
2026-10-06T20:25:40.212	TEL,3349,S5,438372733,5008,21844,15,428,2935                   
2026-10-06T20:25:40.212	TEL,3350,S5,438382733,5008,21844,15,428,2935                   
2026-10-06T20:25:40.212	TEL,3351,S5,438392733,5008,21844,15,422,2932                   
2026-10-06T20:25:40.212	TEL,3352,S5,438402733,5008,21844,15,422,2932                   
2026-10-06T20:25:40.212	TEL,3353,S5,438412733,5008,21844,15,422,2932                   
2026-10-06T20:25:40.212	TEL,3354,S5,438422733,5008,21844,15,419,2932                   
2026-10-06T20:25:40.212	TEL,3355,S5,438432733,5008,21844,15,419,2932                   
2026-10-06T20:25:40.212	TEL,3356,S5,438442733,5008,21844,15,419,2932                   
2026-10-06T20:25:40.212	TEL,3357,S5,438452733,5008,21844,15,419,2932                   
2026-10-06T20:25:40.212	TEL,3358,S5,438462733,5008,21844,15,428,2932                   
2026-10-06T20:25:40.212	TEL,3359,S5,438472733,5008,21844,15,428,2932                   
2026-10-06T20:25:40.212	TEL,3360,S5,438482733,5008,21844,15,422,2932                   
2026-10-06T20:25:40.212	TEL,3361,S5,438492733,5008,21844,15,428,2935                   
2026-10-06T20:25:40.212	TEL,3362,S5,438502733,5008,21844,15,430,2935                   
2026-10-06T20:25:40.212	TEL,3363,S5,438512733,5008,21844,15,430,2935                   
2026-10-06T20:25:40.212	TEL,3364,S5,438522733,5008,21844,15,430,2935                   
2026-10-06T20:25:40.212	TEL,3365,S5,438532733,5008,21844,15,428,2932                   
2026-10-06T20:25:40.212	TEL,3366,S5,438542733,5008,21844,15,419,2932                   
2026-10-06T20:25:40.212	TEL,3367,S5,438552733,5008,21844,15,419,2932                   
2026-10-06T20:25:40.212	TEL,3368,S5,438562733,5008,21844,15,422,2932                   
2026-10-06T20:25:40.212	TEL,3369,S5,438572733,5008,21844,15,422,2932                   
2026-10-06T20:25:40.212	TEL,3370,S5,438582733,5008,21844,15,419,2932                   
2026-10-06T20:25:40.212	TEL,3371,S5,438592733,5008,21844,15,425,2935                   
2026-10-06T20:25:40.212	TEL,3372,S5,438602733,5008,21844,15,425,2935                   
2026-10-06T20:25:40.212	TEL,3373,S5,438612733,5008,21844,15,425,2935                   
2026-10-06T20:25:40.212	TEL,3374,S5,438622733,5008,21844,15,428,2935                   
2026-10-06T20:25:40.212	TEL,3375,S5,438632733,5008,21844,15,428,2935                   
2026-10-06T20:25:40.212	TEL,3376,S5,438642733,5008,21844,15,428,2935                   
2026-10-06T20:25:40.212	TEL,3377,S5,438652733,5008,21844,15,422,2932                   
2026-10-06T20:25:40.212	TEL,3378,S5,438662733,5008,21844,15,422,2932                   
2026-10-06T20:25:40.212	TEL,3379,S5,438672733,5008,21844,15,428,2935                   
2026-10-06T20:25:40.212	TEL,3380,S5,438682733,5008,21844,15,428,2935                   
2026-10-06T20:25:40.212	TEL,3381,S5,438692733,5008,21844,15,428,2935                   
2026-10-06T20:25:40.212	TEL,3382,S5,438702733,5008,21844,15,425,2935                   
2026-10-06T20:25:40.212	TEL,3383,S5,438712733,5008,21844,15,422,2933                   
2026-10-06T20:25:40.212	TEL,3384,S5,438722733,5008,21844,15,419,2933                   
2026-10-06T20:25:40.212	TEL,3385,S5,438732733,5008,21844,15,419,2932                   
2026-10-06T20:25:40.212	TEL,3386,S5,438742733,5008,21844,15,430,2932                   
2026-10-06T20:25:40.212	TEL,3387,S5,438752733,5008,21844,15,433,2935                   
2026-10-06T20:25:40.212	TEL,3388,S5,438762733,5008,21844,15,428,2935                   
2026-10-06T20:25:40.212	TEL,3389,S5,438772733,5008,21844,15,422,2932                   
2026-10-06T20:25:40.212	BTN,42,S5,PRESSED,438776114,438776121                          
2026-10-06T20:25:40.212	TEL,3391,S5,438792733,5008,21844,15,428,2941                   
2026-10-06T20:25:40.212	TEL,3392,S5,438802733,5008,21844,15,428,2941                   
2026-10-06T20:25:40.212	TEL,3393,S5,438812733,5008,21844,15,419,2932                   
2026-10-06T20:25:40.212	TEL,3394,S5,438822733,5008,21844,15,422,2932                   
2026-10-06T20:25:40.212	TEL,3395,S5,438832733,5008,21844,15,428,2935                   
2026-10-06T20:25:40.834	TEL,3396,S5,438842733,5008,21844,15,422,2935                   
2026-10-06T20:25:40.834	TEL,3397,S5,438852733,5008,21844,15,422,2935                   
2026-10-06T20:25:40.834	TEL,3398,S5,438862733,5008,21844,15,433,2935                   
2026-10-06T20:25:40.834	TEL,3399,S5,438872733,5008,21844,15,433,2935                   
2026-10-06T20:25:40.834	TEL,3400,S5,438882733,5008,21844,15,428,2935                   
2026-10-06T20:25:40.834	TEL,3401,S5,438892733,5008,21844,15,419,2928                   
2026-10-06T20:25:40.834	TEL,3402,S5,438902733,5008,21844,15,419,2928                   
2026-10-06T20:25:40.834	TEL,3403,S5,438912733,5008,21844,15,428,2935                   
2026-10-06T20:25:40.834	TEL,3404,S5,438922733,5008,21844,15,422,2935                   
2026-10-06T20:25:40.834	TEL,3405,S5,438932733,5008,21844,15,422,2935                   
2026-10-06T20:25:40.834	TEL,3406,S5,438942733,5008,21844,15,425,2935                   
2026-10-06T20:25:40.834	TEL,3407,S5,438952733,5008,21844,15,419,2932                   
2026-10-06T20:25:40.834	TEL,3408,S5,438962733,5008,21844,15,422,2932                   
2026-10-06T20:25:40.834	TEL,3409,S5,438972733,5008,21844,15,422,2932                   
2026-10-06T20:25:40.834	TEL,3410,S5,438982733,5008,21844,15,422,2932                   
2026-10-06T20:25:40.834	TEL,3411,S5,438992733,5008,21844,15,428,2935                   
2026-10-06T20:25:40.834	TEL,3412,S5,439002733,5008,21844,15,428,2935                   
2026-10-06T20:25:40.834	TEL,3413,S5,439012733,5008,21844,15,422,2930                   
2026-10-06T20:25:40.834	TEL,3414,S5,439022733,5008,21844,15,422,2930                   
2026-10-06T20:25:40.834	TEL,3415,S5,439032733,5008,21844,15,422,2932                   
2026-10-06T20:25:40.834	TEL,3416,S5,439042733,5008,21844,15,422,2932                   
2026-10-06T20:25:40.834	TEL,3417,S5,439052733,5008,21844,15,428,2935                   
2026-10-06T20:25:40.834	TEL,3418,S5,439062733,5008,21844,15,425,2935                   
2026-10-06T20:25:40.834	TEL,3419,S5,439072733,5008,21844,15,428,2941                   
2026-10-06T20:25:40.834	TEL,3420,S5,439082733,5008,21844,15,425,2941                   
2026-10-06T20:25:40.834	TEL,3421,S5,439092733,5008,21844,15,422,2935                   
2026-10-06T20:25:40.834	TEL,3422,S5,439102733,5008,21844,15,419,2935                   
2026-10-06T20:25:40.834	TEL,3423,S5,439112733,5008,21844,15,416,2932                   
2026-10-06T20:25:40.835	TEL,3424,S5,439122733,5008,21844,15,422,2932                   
2026-10-06T20:25:40.835	TEL,3425,S5,439132733,5008,21844,15,419,2928                   
2026-10-06T20:25:40.835	TEL,3426,S5,439142733,5008,21844,15,419,2928                   
2026-10-06T20:25:40.835	TEL,3427,S5,439152733,5008,21844,15,428,2935                   
2026-10-06T20:25:40.835	TEL,3428,S5,439162733,5008,21844,15,428,2935                   
2026-10-06T20:25:40.835	TEL,3429,S5,439172733,5008,21844,15,428,2935                   
2026-10-06T20:25:40.835	TEL,3430,S5,439182733,5008,21844,15,428,2935                   
2026-10-06T20:25:40.835	TEL,3431,S5,439192733,5008,21844,15,422,2932                   
2026-10-06T20:25:40.835	TEL,3432,S5,439202733,5008,21844,15,422,2932                   
2026-10-06T20:25:40.835	TEL,3433,S5,439212733,5008,21844,15,428,2935                   
2026-10-06T20:25:40.835	TEL,3434,S5,439222733,5008,21844,15,428,2935                   
2026-10-06T20:25:40.835	TEL,3435,S5,439232733,5008,21844,15,422,2932                   
2026-10-06T20:25:40.835	TEL,3436,S5,439242733,5008,21844,15,419,2932                   
2026-10-06T20:25:40.835	TEL,3437,S5,439252733,5008,21844,15,419,2932                   
2026-10-06T20:25:40.835	TEL,3438,S5,439262733,5008,21844,15,428,2932                   
2026-10-06T20:25:40.835	TEL,3439,S5,439272733,5008,21844,15,430,2935                   
2026-10-06T20:25:40.835	TEL,3440,S5,439282733,5008,21844,15,425,2935                   
2026-10-06T20:25:40.835	TEL,3441,S5,439292733,5008,21844,15,419,2932                   
2026-10-06T20:25:40.835	TEL,3442,S5,439302733,5008,21844,15,419,2932                   
2026-10-06T20:25:40.835	TEL,3443,S5,439312733,5008,21844,15,419,2932                   
2026-10-06T20:25:40.835	TEL,3444,S5,439322733,5008,21844,15,422,2932                   
2026-10-06T20:25:40.835	TEL,3445,S5,439332733,5008,21844,15,428,2935                   
2026-10-06T20:25:40.835	TEL,3446,S5,439342733,5008,21844,15,422,2935                   
2026-10-06T20:25:40.835	TEL,3447,S5,439352733,5008,21844,15,413,2928                   
2026-10-06T20:25:40.835	TEL,3448,S5,439362733,5008,21844,15,416,2928                   
2026-10-06T20:25:40.835	TEL,3449,S5,439372733,5008,21844,15,425,2935                   
2026-10-06T20:25:40.835	TEL,3450,S5,439382733,5008,21844,15,428,2935                   
2026-10-06T20:25:40.835	TEL,3451,S5,439392733,5008,21844,15,428,2935                   
2026-10-06T20:25:40.835	TEL,3452,S5,439402733,5008,21844,15,425,2935                   
2026-10-06T20:25:40.835	TEL,3453,S5,439412733,5008,21844,15,425,2935                   
2026-10-06T20:25:40.835	TEL,3454,S5,439422733,5008,21844,15,425,2935                   
2026-10-06T20:25:40.835	TEL,3455,S5,439432733,5008,21844,15,416,2928                   
2026-10-06T20:25:40.835	TEL,3456,S5,439442733,5008,21844,15,416,2928                   
2026-10-06T20:25:40.835	TEL,3457,S5,439452733,5008,21844,15,419,2932                   
2026-10-06T20:25:41.453	TEL,3458,S5,439462733,5008,21844,15,419,2932                   
2026-10-06T20:25:41.453	TEL,3459,S5,439472733,5008,21844,15,419,2932                   
2026-10-06T20:25:41.453	TEL,3460,S5,439482733,5008,21844,15,422,2932                   
2026-10-06T20:25:41.453	TEL,3461,S5,439492733,5008,21844,15,428,2935                   
2026-10-06T20:25:41.453	TEL,3462,S5,439502733,5008,21844,15,425,2935                   
2026-10-06T20:25:41.453	TEL,3463,S5,439512733,5008,21844,15,425,2935                   
2026-10-06T20:25:41.453	TEL,3464,S5,439522733,5008,21844,15,430,2935                   
2026-10-06T20:25:41.453	TEL,3465,S5,439532733,5008,21844,15,428,2932                   
2026-10-06T20:25:41.453	TEL,3466,S5,439542733,5008,21844,15,419,2932                   
2026-10-06T20:25:41.453	TEL,3467,S5,439552733,5008,21844,15,425,2935                   
2026-10-06T20:25:41.453	TEL,3468,S5,439562733,5008,21844,15,428,2935                   
2026-10-06T20:25:41.453	TEL,3469,S5,439572733,5008,21844,15,422,2932                   
2026-10-06T20:25:41.453	TEL,3470,S5,439582733,5008,21844,15,419,2932                   
2026-10-06T20:25:41.453	TEL,3471,S5,439592733,5008,21844,15,419,2932                   
2026-10-06T20:25:41.453	TEL,3472,S5,439602733,5008,21844,15,422,2932                   
2026-10-06T20:25:41.453	TEL,3473,S5,439612733,5008,21844,15,422,2932                   
2026-10-06T20:25:41.453	TEL,3474,S5,439622733,5008,21844,15,430,2932                   
2026-10-06T20:25:41.453	TEL,3475,S5,439632733,5008,21844,15,433,2935                   
2026-10-06T20:25:41.453	TEL,3476,S5,439642733,5008,21844,15,425,2935                   
2026-10-06T20:25:41.453	TEL,3477,S5,439652739,5014,21844,15,425,2935                   
2026-10-06T20:25:41.453	TEL,3478,S5,439662733,5008,21844,15,428,2935                   
2026-10-06T20:25:41.453	TEL,3479,S5,439672733,5008,21844,15,433,2939                   
2026-10-06T20:25:41.453	TEL,3480,S5,439682733,5008,21844,15,430,2939                   
2026-10-06T20:25:41.453	TEL,3481,S5,439692733,5008,21844,15,422,2932                   
2026-10-06T20:25:41.453	TEL,3482,S5,439702733,5008,21844,15,422,2932                   
2026-10-06T20:25:41.454	TEL,3483,S5,439712733,5008,21844,15,428,2935                   
2026-10-06T20:25:41.454	TEL,3484,S5,439722733,5008,21844,15,428,2935                   
2026-10-06T20:25:41.454	TEL,3485,S5,439732733,5008,21844,15,428,2935                   
2026-10-06T20:25:41.454	TEL,3486,S5,439742733,5008,21844,15,425,2935                   
2026-10-06T20:25:41.454	TEL,3487,S5,439752733,5008,21844,15,425,2935                   
2026-10-06T20:25:41.454	TEL,3488,S5,439762733,5008,21844,15,425,2935                   
2026-10-06T20:25:41.454	TEL,3489,S5,439772733,5008,21844,15,419,2932                   
2026-10-06T20:25:41.454	TEL,3490,S5,439782733,5008,21844,15,419,2932                   
2026-10-06T20:25:41.454	TEL,3491,S5,439792733,5008,21844,15,413,2925                   
2026-10-06T20:25:41.454	TEL,3492,S5,439802733,5008,21844,15,413,2925                   
2026-10-06T20:25:41.454	TEL,3493,S5,439812733,5008,21844,15,422,2933                   
2026-10-06T20:25:41.454	TEL,3494,S5,439822733,5008,21844,15,428,2933                   
2026-10-06T20:25:41.454	TEL,3495,S5,439832733,5008,21844,15,428,2935                   
2026-10-06T20:25:41.454	TEL,3496,S5,439842733,5008,21844,15,428,2935                   
2026-10-06T20:25:41.454	TEL,3497,S5,439852733,5008,21844,15,428,2935                   
2026-10-06T20:25:41.454	TEL,3498,S5,439862733,5008,21844,15,428,2935                   
2026-10-06T20:25:41.454	TEL,3499,S5,439872733,5008,21844,15,428,2935                   
2026-10-06T20:25:41.454	TEL,3500,S5,439882733,5008,21844,15,425,2935                   
2026-10-06T20:25:41.454	TEL,3501,S5,439892733,5008,21844,15,419,2932                   
2026-10-06T20:25:41.454	TEL,3502,S5,439902733,5008,21844,15,419,2932                   
2026-10-06T20:25:41.454	TEL,3503,S5,439912733,5008,21844,15,422,2933                   
2026-10-06T20:25:41.454	TEL,3504,S5,439922733,5008,21844,15,425,2933                   
2026-10-06T20:25:41.454	TEL,3505,S5,439932733,5008,21844,15,428,2935                   
2026-10-06T20:25:41.454	TEL,3506,S5,439942733,5008,21844,15,428,2935                   
2026-10-06T20:25:41.454	TEL,3507,S5,439952733,5008,21844,15,428,2935                   
2026-10-06T20:25:41.454	TEL,3508,S5,439962733,5008,21844,15,428,2935                   
2026-10-06T20:25:41.454	TEL,3509,S5,439972733,5008,21844,15,422,2932                   
2026-10-06T20:25:41.454	TEL,3510,S5,439982733,5008,21844,15,422,2932                   
2026-10-06T20:25:41.454	TEL,3511,S5,439992733,5008,21844,15,422,2932                   
2026-10-06T20:25:41.454	TEL,3512,S5,440002733,5008,21844,15,422,2932                   
2026-10-06T20:25:41.454	TEL,3513,S5,440012733,5008,21844,15,422,2932                   
2026-10-06T20:25:41.454	TEL,3514,S5,440022733,5008,21844,15,419,2932                   
2026-10-06T20:25:41.454	TEL,3515,S5,440032733,5008,21844,15,419,2932                   
2026-10-06T20:25:41.454	TEL,3516,S5,440042733,5008,21844,15,419,2932                   
2026-10-06T20:25:41.454	TEL,3517,S5,440052733,5008,21844,15,419,2932                   
2026-10-06T20:25:41.454	TEL,3518,S5,440062733,5008,21844,15,422,2932                   
2026-10-06T20:25:41.454	TEL,3519,S5,440072733,5008,21844,15,422,2932                   
2026-10-06T20:25:42.074	TEL,3520,S5,440082733,5008,21844,15,422,2932                   
2026-10-06T20:25:42.074	TEL,3521,S5,440092733,5008,21844,15,425,2933                   
2026-10-06T20:25:42.074	TEL,3522,S5,440102733,5008,21844,15,422,2933                   
2026-10-06T20:25:42.074	TEL,3523,S5,440112733,5008,21844,15,419,2932                   
2026-10-06T20:25:42.074	TEL,3524,S5,440122733,5008,21844,15,422,2932                   
2026-10-06T20:25:42.074	TEL,3525,S5,440132733,5008,21844,15,428,2935                   
2026-10-06T20:25:42.074	TEL,3526,S5,440142733,5008,21844,15,428,2935                   
2026-10-06T20:25:42.074	TEL,3527,S5,440152733,5008,21844,15,428,2935                   
2026-10-06T20:25:42.074	TEL,3528,S5,440162733,5008,21844,15,425,2935                   
2026-10-06T20:25:42.074	TEL,3529,S5,440172733,5008,21844,15,419,2932                   
2026-10-06T20:25:42.074	TEL,3530,S5,440182733,5008,21844,15,422,2932                   
2026-10-06T20:25:42.074	TEL,3531,S5,440192733,5008,21844,15,428,2935                   
2026-10-06T20:25:42.074	TEL,3532,S5,440202733,5008,21844,15,425,2935                   
2026-10-06T20:25:42.074	TEL,3533,S5,440212733,5008,21844,15,419,2932                   
2026-10-06T20:25:42.074	TEL,3534,S5,440222733,5008,21844,15,422,2932                   
2026-10-06T20:25:42.074	TEL,3535,S5,440232733,5008,21844,15,422,2932                   
2026-10-06T20:25:42.075	TEL,3536,S5,440242733,5008,21844,15,419,2932                   
2026-10-06T20:25:42.075	TEL,3537,S5,440252733,5008,21844,15,425,2935                   
2026-10-06T20:25:42.075	TEL,3538,S5,440262733,5008,21844,15,425,2935                   
2026-10-06T20:25:42.075	TEL,3539,S5,440272733,5008,21844,15,419,2932                   
2026-10-06T20:25:42.075	TEL,3540,S5,440282733,5008,21844,15,422,2932                   
2026-10-06T20:25:42.075	TEL,3541,S5,440292733,5008,21844,15,422,2932                   
2026-10-06T20:25:42.075	TEL,3542,S5,440302733,5008,21844,15,422,2932                   
2026-10-06T20:25:42.075	TEL,3543,S5,440312733,5008,21844,15,422,2932                   
2026-10-06T20:25:42.075	TEL,3544,S5,440322733,5008,21844,15,422,2932                   
2026-10-06T20:25:42.075	TEL,3545,S5,440332733,5008,21844,15,422,2932                   
2026-10-06T20:25:42.075	TEL,3546,S5,440342733,5008,21844,15,419,2932                   
2026-10-06T20:25:42.075	TEL,3547,S5,440352733,5008,21844,15,425,2935                   
2026-10-06T20:25:42.075	TEL,3548,S5,440362733,5008,21844,15,428,2935                   
2026-10-06T20:25:42.075	TEL,3549,S5,440372733,5008,21844,15,428,2935                   
2026-10-06T20:25:42.075	TEL,3550,S5,440382733,5008,21844,15,428,2935                   
2026-10-06T20:25:42.075	BTN,44,S5,PRESSED,440385124,440385132                          
2026-10-06T20:25:42.075	TEL,3552,S5,440402733,5008,21844,15,413,2932                   
2026-10-06T20:25:42.075	TEL,3553,S5,440412733,5008,21844,15,416,2935                   
2026-10-06T20:25:42.075	TEL,3554,S5,440422733,5008,21844,15,428,2935                   
2026-10-06T20:25:42.075	TEL,3555,S5,440432733,5008,21844,15,428,2935                   
2026-10-06T20:25:42.075	TEL,3556,S5,440442733,5008,21844,15,425,2935                   
2026-10-06T20:25:42.075	TEL,3557,S5,440452733,5008,21844,15,422,2933                   
2026-10-06T20:25:42.075	TEL,3558,S5,440462733,5008,21844,15,422,2933                   
2026-10-06T20:25:42.075	TEL,3559,S5,440472733,5008,21844,15,425,2935                   
2026-10-06T20:25:42.075	TEL,3560,S5,440482733,5008,21844,15,425,2935                   
2026-10-06T20:25:42.075	TEL,3561,S5,440492733,5008,21844,15,425,2935                   
2026-10-06T20:25:42.075	TEL,3562,S5,440502733,5008,21844,15,428,2935                   
2026-10-06T20:25:42.075	TEL,3563,S5,440512733,5008,21844,15,422,2932                   
2026-10-06T20:25:42.075	TEL,3564,S5,440522733,5008,21844,15,422,2932                   
2026-10-06T20:25:42.075	TEL,3565,S5,440532733,5008,21844,15,422,2932                   
2026-10-06T20:25:42.075	TEL,3566,S5,440542733,5008,21844,15,422,2932                   
2026-10-06T20:25:42.075	TEL,3567,S5,440552733,5008,21844,15,422,2932                   
2026-10-06T20:25:42.075	TEL,3568,S5,440562733,5008,21844,15,425,2932                   
2026-10-06T20:25:42.075	TEL,3569,S5,440572733,5008,21844,15,428,2935                   
2026-10-06T20:25:42.075	TEL,3570,S5,440582733,5008,21844,15,428,2935                   
2026-10-06T20:25:42.075	TEL,3571,S5,440592733,5008,21844,15,422,2932                   
2026-10-06T20:25:42.075	TEL,3572,S5,440602733,5008,21844,15,419,2932                   
2026-10-06T20:25:42.075	TEL,3573,S5,440612733,5008,21844,15,422,2935                   
2026-10-06T20:25:42.075	TEL,3574,S5,440622733,5008,21844,15,428,2935                   
2026-10-06T20:25:42.075	TEL,3575,S5,440632733,5008,21844,15,428,2935                   
2026-10-06T20:25:42.075	TEL,3576,S5,440642733,5008,21844,15,419,2935                   
2026-10-06T20:25:42.075	TEL,3577,S5,440652733,5008,21844,15,416,2932                   
2026-10-06T20:25:42.075	TEL,3578,S5,440662733,5008,21844,15,422,2932                   
2026-10-06T20:25:42.075	TEL,3579,S5,440672733,5008,21844,15,422,2932                   
2026-10-06T20:25:42.075	TEL,3580,S5,440682733,5008,21844,15,433,2932                   
2026-10-06T20:25:42.075	TEL,3581,S5,440692733,5008,21844,15,430,2928                   
2026-10-06T20:25:42.693	TEL,3582,S5,440702733,5008,21844,15,425,2928                   
2026-10-06T20:25:42.693	TEL,3583,S5,440712733,5008,21844,15,428,2932                   
2026-10-06T20:25:42.693	TEL,3584,S5,440722733,5008,21844,15,419,2932                   
2026-10-06T20:25:42.693	TEL,3585,S5,440732733,5008,21844,15,422,2933                   
2026-10-06T20:25:42.693	TEL,3586,S5,440742733,5008,21844,15,425,2933                   
2026-10-06T20:25:42.693	TEL,3587,S5,440752733,5008,21844,15,428,2935                   
2026-10-06T20:25:42.693	TEL,3588,S5,440762733,5008,21844,15,428,2935                   
2026-10-06T20:25:42.693	TEL,3589,S5,440772733,5008,21844,15,428,2935                   
2026-10-06T20:25:42.693	TEL,3590,S5,440782733,5008,21844,15,430,2935                   
2026-10-06T20:25:42.693	TEL,3591,S5,440792733,5008,21844,15,430,2935                   
2026-10-06T20:25:42.693	TEL,3592,S5,440802733,5008,21844,15,428,2935                   
2026-10-06T20:25:42.693	TEL,3593,S5,440812733,5008,21844,15,428,2935                   
2026-10-06T20:25:42.693	TEL,3594,S5,440822733,5008,21844,15,428,2935                   
2026-10-06T20:25:42.693	TEL,3595,S5,440832733,5008,21844,15,428,2935                   
2026-10-06T20:25:42.693	TEL,3596,S5,440842733,5008,21844,15,430,2935                   
2026-10-06T20:25:42.693	TEL,3597,S5,440852733,5008,21844,15,425,2928                   
2026-10-06T20:25:42.693	TEL,3598,S5,440862733,5008,21844,15,419,2928                   
2026-10-06T20:25:42.693	TEL,3599,S5,440872733,5008,21844,15,428,2935                   
2026-10-06T20:25:42.693	TEL,3600,S5,440882733,5008,21844,15,428,2935                   
2026-10-06T20:25:42.693	TEL,3601,S5,440892733,5008,21844,15,422,2932                   
2026-10-06T20:25:42.693	TEL,3602,S5,440902733,5008,21844,15,422,2932                   
2026-10-06T20:25:42.693	TEL,3603,S5,440912733,5008,21844,15,428,2935                   
2026-10-06T20:25:42.693	TEL,3604,S5,440922733,5008,21844,15,425,2935                   
2026-10-06T20:25:42.694	TEL,3605,S5,440932733,5008,21844,15,422,2933                   
2026-10-06T20:25:42.694	TEL,3606,S5,440942733,5008,21844,15,422,2933                   
2026-10-06T20:25:42.694	TEL,3607,S5,440952733,5008,21844,15,419,2932                   
2026-10-06T20:25:42.694	TEL,3608,S5,440962733,5008,21844,15,425,2932                   
2026-10-06T20:25:42.694	TEL,3609,S5,440972733,5008,21844,15,428,2935                   
2026-10-06T20:25:42.694	TEL,3610,S5,440982733,5008,21844,15,425,2935                   
2026-10-06T20:25:42.694	TEL,3611,S5,440992733,5008,21844,15,419,2932                   
2026-10-06T20:25:42.694	TEL,3612,S5,441002733,5008,21844,15,422,2932                   
2026-10-06T20:25:42.694	TEL,3613,S5,441012733,5008,21844,15,428,2935                   
2026-10-06T20:25:42.694	TEL,3614,S5,441022733,5008,21844,15,428,2935                   
2026-10-06T20:25:42.694	TEL,3615,S5,441032733,5008,21844,15,428,2935                   
2026-10-06T20:25:42.694	TEL,3616,S5,441042733,5008,21844,15,428,2935                   
2026-10-06T20:25:42.694	TEL,3617,S5,441052733,5008,21844,15,422,2932                   
2026-10-06T20:25:42.694	TEL,3618,S5,441062733,5008,21844,15,419,2932                   
2026-10-06T20:25:42.694	TEL,3619,S5,441072733,5008,21844,15,419,2930                   
2026-10-06T20:25:42.694	TEL,3620,S5,441082733,5008,21844,15,416,2930                   
2026-10-06T20:25:42.694	TEL,3621,S5,441092733,5008,21844,15,419,2932                   
2026-10-06T20:25:42.694	TEL,3622,S5,441102733,5008,21844,15,419,2932                   
2026-10-06T20:25:42.694	TEL,3623,S5,441112733,5008,21844,15,419,2932                   
2026-10-06T20:25:42.694	TEL,3624,S5,441122733,5008,21844,15,425,2932                   
2026-10-06T20:25:42.694	TEL,3625,S5,441132733,5008,21844,15,425,2932                   
2026-10-06T20:25:42.694	TEL,3626,S5,441142733,5008,21844,15,422,2932                   
2026-10-06T20:25:42.694	TEL,3627,S5,441152733,5008,21844,15,419,2928                   
2026-10-06T20:25:42.694	TEL,3628,S5,441162733,5008,21844,15,416,2928                   
2026-10-06T20:25:42.694	BTN,45,S5,PRESSED,441167130,441167137                          
2026-10-06T20:25:42.694	TEL,3630,S5,441182733,5008,21844,15,425,2935                   
2026-10-06T20:25:42.694	TEL,3631,S5,441192733,5008,21844,15,419,2932                   
2026-10-06T20:25:42.694	TEL,3632,S5,441202733,5008,21844,15,422,2932                   
2026-10-06T20:25:42.694	TEL,3633,S5,441212733,5008,21844,15,428,2935                   
2026-10-06T20:25:42.694	TEL,3634,S5,441222733,5008,21844,15,422,2935                   
2026-10-06T20:25:42.694	TEL,3635,S5,441232733,5008,21844,15,422,2935                   
2026-10-06T20:25:42.694	TEL,3636,S5,441242733,5008,21844,15,428,2935                   
2026-10-06T20:25:42.694	TEL,3637,S5,441252733,5008,21844,15,422,2932                   
2026-10-06T20:25:42.694	TEL,3638,S5,441262733,5008,21844,15,422,2932                   
2026-10-06T20:25:42.694	TEL,3639,S5,441272733,5008,21844,15,422,2932                   
2026-10-06T20:25:42.694	TEL,3640,S5,441282733,5008,21844,15,419,2932                   
2026-10-06T20:25:42.694	TEL,3641,S5,441292733,5008,21844,15,425,2935                   
2026-10-06T20:25:42.694	TEL,3642,S5,441302733,5008,21844,15,425,2935                   
2026-10-06T20:25:42.694	TEL,3643,S5,441312733,5008,21844,15,425,2935                   
2026-10-06T20:25:43.313	TEL,3644,S5,441322733,5008,21844,15,428,2935                   
2026-10-06T20:25:43.313	TEL,3645,S5,441332733,5008,21844,15,428,2935                   
2026-10-06T20:25:43.313	TEL,3646,S5,441342733,5008,21844,15,433,2935                   
2026-10-06T20:25:43.314	TEL,3647,S5,441352733,5008,21844,15,433,2935                   
2026-10-06T20:25:43.314	TEL,3648,S5,441362733,5008,21844,15,428,2935                   
2026-10-06T20:25:43.314	TEL,3649,S5,441372733,5008,21844,15,428,2935                   
2026-10-06T20:25:43.314	TEL,3650,S5,441382733,5008,21844,15,419,2935                   
2026-10-06T20:25:43.314	TEL,3651,S5,441392733,5008,21844,15,419,2935                   
2026-10-06T20:25:43.314	TEL,3652,S5,441402733,5008,21844,15,428,2935                   
2026-10-06T20:25:43.314	TEL,3653,S5,441412733,5008,21844,15,428,2935                   
2026-10-06T20:25:43.314	TEL,3654,S5,441422733,5008,21844,15,428,2935                   
2026-10-06T20:25:43.314	TEL,3655,S5,441432733,5008,21844,15,428,2935                   
2026-10-06T20:25:43.314	TEL,3656,S5,441442733,5008,21844,15,428,2935                   
2026-10-06T20:25:43.314	TEL,3657,S5,441452733,5008,21844,15,428,2935                   
2026-10-06T20:25:43.314	TEL,3658,S5,441462733,5008,21844,15,428,2935                   
2026-10-06T20:25:43.314	TEL,3659,S5,441472733,5008,21844,15,428,2935                   
2026-10-06T20:25:43.314	TEL,3660,S5,441482733,5008,21844,15,422,2935                   
2026-10-06T20:25:43.314	TEL,3661,S5,441492733,5008,21844,15,422,2935                   
2026-10-06T20:25:43.314	TEL,3662,S5,441502733,5008,21844,15,428,2935                   
2026-10-06T20:25:43.314	TEL,3663,S5,441512733,5008,21844,15,428,2935                   
2026-10-06T20:25:43.314	TEL,3664,S5,441522733,5008,21844,15,428,2935                   
2026-10-06T20:25:43.314	TEL,3665,S5,441532733,5008,21844,15,422,2932                   
2026-10-06T20:25:43.314	TEL,3666,S5,441542733,5008,21844,15,419,2932                   
2026-10-06T20:25:43.314	TEL,3667,S5,441552733,5008,21844,15,419,2932                   
2026-10-06T20:25:43.314	TEL,3668,S5,441562733,5008,21844,15,422,2932                   
2026-10-06T20:25:43.314	TEL,3669,S5,441572733,5008,21844,15,428,2935                   
2026-10-06T20:25:43.314	TEL,3670,S5,441582733,5008,21844,15,416,2935                   
2026-10-06T20:25:43.314	TEL,3671,S5,441592733,5008,21844,15,416,2935                   
2026-10-06T20:25:43.314	TEL,3672,S5,441602733,5008,21844,15,428,2935                   
2026-10-06T20:25:43.314	TEL,3673,S5,441612733,5008,21844,15,428,2935                   
2026-10-06T20:25:43.314	TEL,3674,S5,441622733,5008,21844,15,428,2935                   
2026-10-06T20:25:43.314	TEL,3675,S5,441632733,5008,21844,15,422,2932                   
2026-10-06T20:25:43.314	TEL,3676,S5,441642733,5008,21844,15,419,2932                   
2026-10-06T20:25:43.314	TEL,3677,S5,441652733,5008,21844,15,419,2932                   
2026-10-06T20:25:43.314	TEL,3678,S5,441662733,5008,21844,15,428,2932                   
2026-10-06T20:25:43.314	TEL,3679,S5,441672733,5008,21844,15,428,2932                   
2026-10-06T20:25:43.314	TEL,3680,S5,441682733,5008,21844,15,419,2932                   
2026-10-06T20:25:43.314	TEL,3681,S5,441692733,5008,21844,15,425,2935                   
2026-10-06T20:25:43.314	TEL,3682,S5,441702733,5008,21844,15,425,2935                   
2026-10-06T20:25:43.314	TEL,3683,S5,441712733,5008,21844,15,425,2935                   
2026-10-06T20:25:43.314	TEL,3684,S5,441722733,5008,21844,15,419,2935                   
2026-10-06T20:25:43.314	TEL,3685,S5,441732733,5008,21844,15,416,2933                   
2026-10-06T20:25:43.314	TEL,3686,S5,441742733,5008,21844,15,425,2933                   
2026-10-06T20:25:43.314	TEL,3687,S5,441752733,5008,21844,15,422,2932                   
2026-10-06T20:25:43.314	TEL,3688,S5,441762733,5008,21844,15,433,2932                   
2026-10-06T20:25:43.314	TEL,3689,S5,441772733,5008,21844,15,436,2935                   
2026-10-06T20:25:43.314	TEL,3690,S5,441782733,5008,21844,15,428,2935                   
2026-10-06T20:25:43.314	TEL,3691,S5,441792733,5008,21844,15,422,2932                   
2026-10-06T20:25:43.314	TEL,3692,S5,441802733,5008,21844,15,416,2932                   
2026-10-06T20:25:43.314	TEL,3693,S5,441812733,5008,21844,15,419,2935                   
2026-10-06T20:25:43.314	TEL,3694,S5,441822733,5008,21844,15,428,2935                   
2026-10-06T20:25:43.314	TEL,3695,S5,441832733,5008,21844,15,428,2935                   
2026-10-06T20:25:43.314	TEL,3696,S5,441842733,5008,21844,15,428,2935                   
2026-10-06T20:25:43.314	TEL,3697,S5,441852733,5008,21844,15,428,2935                   
2026-10-06T20:25:43.314	TEL,3698,S5,441862733,5008,21844,15,428,2935                   
2026-10-06T20:25:43.314	TEL,3699,S5,441872733,5008,21844,15,425,2933                   
2026-10-06T20:25:43.314	TEL,3700,S5,441882733,5008,21844,15,422,2933                   
2026-10-06T20:25:43.314	TEL,3701,S5,441892733,5008,21844,15,425,2935                   
2026-10-06T20:25:43.314	TEL,3702,S5,441902739,5014,21844,15,428,2935                   
2026-10-06T20:25:43.315	TEL,3703,S5,441912733,5008,21844,15,428,2933                   
2026-10-06T20:25:43.315	TEL,3704,S5,441922733,5008,21844,15,425,2933                   
2026-10-06T20:25:43.315	TEL,3705,S5,441932733,5008,21844,15,428,2935                   
2026-10-06T20:25:43.933	TEL,3706,S5,441942733,5008,21844,15,416,2935                   
2026-10-06T20:25:43.933	TEL,3707,S5,441952733,5008,21844,15,413,2932                   
2026-10-06T20:25:43.933	TEL,3708,S5,441962733,5008,21844,15,422,2932                   
2026-10-06T20:25:43.933	TEL,3709,S5,441972733,5008,21844,15,428,2935                   
2026-10-06T20:25:43.933	TEL,3710,S5,441982733,5008,21844,15,425,2935                   
2026-10-06T20:25:43.933	TEL,3711,S5,441992733,5008,21844,15,419,2932                   
2026-10-06T20:25:43.933	TEL,3712,S5,442002733,5008,21844,15,419,2932                   
2026-10-06T20:25:43.933	TEL,3713,S5,442012733,5008,21844,15,419,2932                   
2026-10-06T20:25:43.933	TEL,3714,S5,442022733,5008,21844,15,422,2932                   
2026-10-06T20:25:43.933	TEL,3715,S5,442032733,5008,21844,15,428,2935                   
2026-10-06T20:25:43.933	TEL,3716,S5,442042733,5008,21844,15,428,2935                   
2026-10-06T20:25:43.933	TEL,3717,S5,442052733,5008,21844,15,422,2932                   
2026-10-06T20:25:43.933	TEL,3718,S5,442062733,5008,21844,15,422,2932                   
2026-10-06T20:25:43.933	TEL,3719,S5,442072733,5008,21844,15,422,2932                   
2026-10-06T20:25:43.933	TEL,3720,S5,442082733,5008,21844,15,425,2932                   
2026-10-06T20:25:43.933	TEL,3721,S5,442092733,5008,21844,15,425,2932                   
2026-10-06T20:25:43.933	TEL,3722,S5,442102733,5008,21844,15,430,2932                   
2026-10-06T20:25:43.933	TEL,3723,S5,442112733,5008,21844,15,433,2935                   
2026-10-06T20:25:43.933	TEL,3724,S5,442122733,5008,21844,15,430,2935                   
2026-10-06T20:25:43.933	TEL,3725,S5,442132733,5008,21844,15,430,2933                   
2026-10-06T20:25:43.933	TEL,3726,S5,442142733,5008,21844,15,433,2933                   
2026-10-06T20:25:43.933	TEL,3727,S5,442152733,5008,21844,15,433,2932                   
2026-10-06T20:25:43.933	TEL,3728,S5,442162733,5008,21844,15,422,2932                   
2026-10-06T20:25:43.933	TEL,3729,S5,442172733,5008,21844,15,428,2935                   
2026-10-06T20:25:43.933	TEL,3730,S5,442182733,5008,21844,15,425,2935                   
2026-10-06T20:25:43.933	TEL,3731,S5,442192733,5008,21844,15,425,2935                   
2026-10-06T20:25:43.933	TEL,3732,S5,442202733,5008,21844,15,428,2935                   
2026-10-06T20:25:43.933	TEL,3733,S5,442212733,5008,21844,15,428,2935                   
2026-10-06T20:25:43.933	TEL,3734,S5,442222733,5008,21844,15,425,2935                   
2026-10-06T20:25:43.933	TEL,3735,S5,442232733,5008,21844,15,419,2932                   
2026-10-06T20:25:43.933	TEL,3736,S5,442242733,5008,21844,15,422,2932                   
2026-10-06T20:25:43.933	TEL,3737,S5,442252733,5008,21844,15,422,2932                   
2026-10-06T20:25:43.933	TEL,3738,S5,442262733,5008,21844,15,419,2932                   
2026-10-06T20:25:43.933	TEL,3739,S5,442272733,5008,21844,15,419,2932                   
2026-10-06T20:25:43.933	TEL,3740,S5,442282733,5008,21844,15,419,2932                   
2026-10-06T20:25:43.933	TEL,3741,S5,442292733,5008,21844,15,419,2932                   
2026-10-06T20:25:43.933	TEL,3742,S5,442302733,5008,21844,15,419,2932                   
2026-10-06T20:25:43.933	TEL,3743,S5,442312733,5008,21844,15,419,2932                   
2026-10-06T20:25:43.933	TEL,3744,S5,442322733,5008,21844,15,419,2932                   
2026-10-06T20:25:43.933	TEL,3745,S5,442332733,5008,21844,15,422,2935                   
2026-10-06T20:25:43.933	TEL,3746,S5,442342733,5008,21844,15,428,2935                   
2026-10-06T20:25:43.933	TEL,3747,S5,442352733,5008,21844,15,422,2932                   
2026-10-06T20:25:43.933	TEL,3748,S5,442362733,5008,21844,15,419,2932                   
2026-10-06T20:25:43.933	TEL,3749,S5,442372733,5008,21844,15,425,2935                   
2026-10-06T20:25:43.933	TEL,3750,S5,442382733,5008,21844,15,428,2935                   
2026-10-06T20:25:43.933	TEL,3751,S5,442392733,5008,21844,15,428,2935                   
2026-10-06T20:25:43.933	TEL,3752,S5,442402733,5008,21844,15,425,2935                   
2026-10-06T20:25:43.933	TEL,3753,S5,442412733,5008,21844,15,419,2932                   
2026-10-06T20:25:43.933	TEL,3754,S5,442422733,5008,21844,15,419,2932                   
2026-10-06T20:25:43.933	TEL,3755,S5,442432733,5008,21844,15,419,2932                   
2026-10-06T20:25:43.933	TEL,3756,S5,442442733,5008,21844,15,428,2932                   
2026-10-06T20:25:43.933	TEL,3757,S5,442452733,5008,21844,15,428,2932                   
2026-10-06T20:25:43.933	TEL,3758,S5,442462733,5008,21844,15,422,2932                   
2026-10-06T20:25:43.933	TEL,3759,S5,442472733,5008,21844,15,422,2932                   
2026-10-06T20:25:43.933	TEL,3760,S5,442482733,5008,21844,15,419,2932                   
2026-10-06T20:25:43.933	TEL,3761,S5,442492733,5008,21844,15,419,2930                   
2026-10-06T20:25:43.933	TEL,3762,S5,442502733,5008,21844,15,416,2930                   
2026-10-06T20:25:43.933	TEL,3763,S5,442512733,5008,21844,15,419,2932                   
2026-10-06T20:25:43.933	TEL,3764,S5,442522733,5008,21844,15,419,2932                   
2026-10-06T20:25:43.933	TEL,3765,S5,442532733,5008,21844,15,425,2935                   
2026-10-06T20:25:43.933	TEL,3766,S5,442542733,5008,21844,15,430,2935                   
2026-10-06T20:25:43.933	TEL,3767,S5,442552733,5008,21844,15,430,2935                   
2026-10-06T20:25:44.552	TEL,3768,S5,442562733,5008,21844,15,419,2935                   
2026-10-06T20:25:44.552	TEL,3769,S5,442572733,5008,21844,15,413,2930                   
2026-10-06T20:25:44.552	TEL,3770,S5,442582733,5008,21844,15,419,2930                   
2026-10-06T20:25:44.552	TEL,3771,S5,442592733,5008,21844,15,425,2935                   
2026-10-06T20:25:44.552	TEL,3772,S5,442602733,5008,21844,15,433,2935                   
2026-10-06T20:25:44.552	TEL,3773,S5,442612738,5013,21844,15,430,2932                   
2026-10-06T20:25:44.552	TEL,3774,S5,442622733,5008,21844,15,425,2932                   
2026-10-06T20:25:44.552	TEL,3775,S5,442632733,5008,21844,15,428,2935                   
2026-10-06T20:25:44.552	TEL,3776,S5,442642733,5008,21844,15,428,2935                   
2026-10-06T20:25:44.552	TEL,3777,S5,442652733,5008,21844,15,428,2935                   
2026-10-06T20:25:44.552	TEL,3778,S5,442662733,5008,21844,15,425,2935                   
2026-10-06T20:25:44.552	TEL,3779,S5,442672733,5008,21844,15,425,2935                   
2026-10-06T20:25:44.552	TEL,3780,S5,442682733,5008,21844,15,425,2935                   
2026-10-06T20:25:44.552	TEL,3781,S5,442692733,5008,21844,15,425,2935                   
2026-10-06T20:25:44.552	TEL,3782,S5,442702733,5008,21844,15,428,2935                   
2026-10-06T20:25:44.552	TEL,3783,S5,442712733,5008,21844,15,428,2935                   
2026-10-06T20:25:44.552	TEL,3784,S5,442722733,5008,21844,15,428,2935                   
2026-10-06T20:25:44.552	TEL,3785,S5,442732733,5008,21844,15,428,2935                   
2026-10-06T20:25:44.552	TEL,3786,S5,442742733,5008,21844,15,422,2935                   
2026-10-06T20:25:44.552	TEL,3787,S5,442752733,5008,21844,15,422,2935                   
2026-10-06T20:25:44.552	TEL,3788,S5,442762733,5008,21844,15,428,2935                   
2026-10-06T20:25:44.552	TEL,3789,S5,442772733,5008,21844,15,419,2928                   
2026-10-06T20:25:44.552	TEL,3790,S5,442782733,5008,21844,15,419,2928                   
2026-10-06T20:25:44.552	TEL,3791,S5,442792733,5008,21844,15,422,2932                   
2026-10-06T20:25:44.552	TEL,3792,S5,442802733,5008,21844,15,422,2932                   
2026-10-06T20:25:44.552	TEL,3793,S5,442812733,5008,21844,15,428,2935                   
2026-10-06T20:25:44.552	TEL,3794,S5,442822733,5008,21844,15,428,2935                   
2026-10-06T20:25:44.552	TEL,3795,S5,442832733,5008,21844,15,428,2935                   
2026-10-06T20:25:44.552	TEL,3796,S5,442842733,5008,21844,15,428,2935                   
2026-10-06T20:25:44.552	TEL,3797,S5,442852733,5008,21844,15,428,2935                   
2026-10-06T20:25:44.552	TEL,3798,S5,442862733,5008,21844,15,425,2935                   
2026-10-06T20:25:44.552	TEL,3799,S5,442872733,5008,21844,15,419,2932                   
2026-10-06T20:25:44.552	TEL,3800,S5,442882733,5008,21844,15,428,2932                   
2026-10-06T20:25:44.552	TEL,3801,S5,442892733,5008,21844,15,428,2932                   
2026-10-06T20:25:44.552	TEL,3802,S5,442902733,5008,21844,15,419,2932                   
2026-10-06T20:25:44.552	TEL,3803,S5,442912733,5008,21844,15,422,2935                   
2026-10-06T20:25:44.552	TEL,3804,S5,442922733,5008,21844,15,425,2935                   
2026-10-06T20:25:44.552	TEL,3805,S5,442932733,5008,21844,15,425,2935                   
2026-10-06T20:25:44.552	TEL,3806,S5,442942733,5008,21844,15,422,2935                   
2026-10-06T20:25:44.552	TEL,3807,S5,442952733,5008,21844,15,422,2935                   
2026-10-06T20:25:44.552	TEL,3808,S5,442962733,5008,21844,15,422,2935                   
2026-10-06T20:25:44.552	TEL,3809,S5,442972733,5008,21844,15,419,2932                   
2026-10-06T20:25:44.552	TEL,3810,S5,442982733,5008,21844,15,422,2932                   
2026-10-06T20:25:44.552	TEL,3811,S5,442992733,5008,21844,15,428,2935                   
2026-10-06T20:25:44.552	TEL,3812,S5,443002733,5008,21844,15,425,2935                   
2026-10-06T20:25:44.552	TEL,3813,S5,443012733,5008,21844,15,419,2932                   
2026-10-06T20:25:44.552	TEL,3814,S5,443022733,5008,21844,15,422,2932                   
2026-10-06T20:25:44.552	TEL,3815,S5,443032733,5008,21844,15,422,2932                   
2026-10-06T20:25:44.552	TEL,3816,S5,443042733,5008,21844,15,422,2932                   
2026-10-06T20:25:44.552	TEL,3817,S5,443052733,5008,21844,15,428,2935                   
2026-10-06T20:25:44.552	TEL,3818,S5,443062733,5008,21844,15,425,2935                   
2026-10-06T20:25:44.552	TEL,3819,S5,443072733,5008,21844,15,425,2935                   
2026-10-06T20:25:44.552	TEL,3820,S5,443082733,5008,21844,15,419,2935                   
2026-10-06T20:25:44.552	TEL,3821,S5,443092733,5008,21844,15,419,2935                   
2026-10-06T20:25:44.552	TEL,3822,S5,443102733,5008,21844,15,425,2935                   
2026-10-06T20:25:44.552	TEL,3823,S5,443112733,5008,21844,15,419,2932                   
2026-10-06T20:25:44.552	TEL,3824,S5,443122733,5008,21844,15,419,2932                   
2026-10-06T20:25:44.552	TEL,3825,S5,443132733,5008,21844,15,419,2932                   
2026-10-06T20:25:44.552	TEL,3826,S5,443142733,5008,21844,15,422,2932                   
2026-10-06T20:25:44.552	TEL,3827,S5,443152733,5008,21844,15,428,2935                   
2026-10-06T20:25:44.552	TEL,3828,S5,443162739,5014,21844,15,428,2935                   
2026-10-06T20:25:44.552	TEL,3829,S5,443172733,5008,21844,15,425,2933                   
2026-10-06T20:25:45.174	TEL,3830,S5,443182733,5008,21844,15,422,2933                   
2026-10-06T20:25:45.174	TEL,3831,S5,443192733,5008,21844,15,425,2935                   
2026-10-06T20:25:45.174	TEL,3832,S5,443202733,5008,21844,15,422,2935                   
2026-10-06T20:25:45.174	TEL,3833,S5,443212733,5008,21844,15,422,2935                   
2026-10-06T20:25:45.174	TEL,3834,S5,443222733,5008,21844,15,422,2935                   
2026-10-06T20:25:45.174	TEL,3835,S5,443232733,5008,21844,15,422,2935                   
2026-10-06T20:25:45.174	TEL,3836,S5,443242733,5008,21844,15,428,2935                   
2026-10-06T20:25:45.174	TEL,3837,S5,443252733,5008,21844,15,428,2935                   
2026-10-06T20:25:45.174	TEL,3838,S5,443262733,5008,21844,15,428,2935                   
2026-10-06T20:25:45.174	TEL,3839,S5,443272733,5008,21844,15,425,2933                   
2026-10-06T20:25:45.174	TEL,3840,S5,443282733,5008,21844,15,422,2933                   
2026-10-06T20:25:45.174	TEL,3841,S5,443292733,5008,21844,15,419,2932                   
2026-10-06T20:25:45.174	TEL,3842,S5,443302733,5008,21844,15,419,2932                   
2026-10-06T20:25:45.174	TEL,3843,S5,443312733,5008,21844,15,419,2932                   
2026-10-06T20:25:45.174	TEL,3844,S5,443322733,5008,21844,15,422,2932                   
2026-10-06T20:25:45.174	TEL,3845,S5,443332733,5008,21844,15,428,2935                   
2026-10-06T20:25:45.174	TEL,3846,S5,443342733,5008,21844,15,430,2935                   
2026-10-06T20:25:45.174	TEL,3847,S5,443352733,5008,21844,15,430,2935                   
2026-10-06T20:25:45.174	TEL,3848,S5,443362733,5008,21844,15,425,2935                   
2026-10-06T20:25:45.174	TEL,3849,S5,443372733,5008,21844,15,419,2930                   
2026-10-06T20:25:45.174	TEL,3850,S5,443382733,5008,21844,15,428,2930                   
2026-10-06T20:25:45.174	TEL,3851,S5,443392733,5008,21844,15,430,2935                   
2026-10-06T20:25:45.174	TEL,3852,S5,443402733,5008,21844,15,428,2935                   
2026-10-06T20:25:45.174	TEL,3853,S5,443412733,5008,21844,15,422,2932                   
2026-10-06T20:25:45.174	TEL,3854,S5,443422733,5008,21844,15,422,2932                   
2026-10-06T20:25:45.174	TEL,3855,S5,443432733,5008,21844,15,425,2933                   
2026-10-06T20:25:45.174	TEL,3856,S5,443442733,5008,21844,15,422,2933                   
2026-10-06T20:25:45.174	TEL,3857,S5,443452733,5008,21844,15,419,2932                   
2026-10-06T20:25:45.174	TEL,3858,S5,443462733,5008,21844,15,419,2932                   
2026-10-06T20:25:45.174	TEL,3859,S5,443472733,5008,21844,15,425,2935                   
2026-10-06T20:25:45.174	TEL,3860,S5,443482733,5008,21844,15,425,2935                   
2026-10-06T20:25:45.174	TEL,3861,S5,443492733,5008,21844,15,425,2935                   
2026-10-06T20:25:45.174	TEL,3862,S5,443502733,5008,21844,15,428,2935                   
2026-10-06T20:25:45.174	TEL,3863,S5,443512733,5008,21844,15,428,2935                   
2026-10-06T20:25:45.174	TEL,3864,S5,443522733,5008,21844,15,425,2935                   
2026-10-06T20:25:45.174	TEL,3865,S5,443532733,5008,21844,15,419,2932                   
2026-10-06T20:25:45.174	TEL,3866,S5,443542733,5008,21844,15,419,2932                   
2026-10-06T20:25:45.174	TEL,3867,S5,443552733,5008,21844,15,419,2930                   
2026-10-06T20:25:45.174	TEL,3868,S5,443562733,5008,21844,15,416,2930                   
2026-10-06T20:25:45.174	TEL,3869,S5,443572733,5008,21844,15,422,2935                   
2026-10-06T20:25:45.175	TEL,3870,S5,443582733,5008,21844,15,428,2935                   
2026-10-06T20:25:45.175	TEL,3871,S5,443592733,5008,21844,15,428,2935                   
2026-10-06T20:25:45.175	TEL,3872,S5,443602733,5008,21844,15,425,2935                   
2026-10-06T20:25:45.175	TEL,3873,S5,443612733,5008,21844,15,425,2935                   
2026-10-06T20:25:45.175	TEL,3874,S5,443622733,5008,21844,15,425,2935                   
2026-10-06T20:25:45.175	TEL,3875,S5,443632733,5008,21844,15,425,2935                   
2026-10-06T20:25:45.175	TEL,3876,S5,443642733,5008,21844,15,422,2935                   
2026-10-06T20:25:45.175	TEL,3877,S5,443652733,5008,21844,15,422,2935                   
2026-10-06T20:25:45.175	TEL,3878,S5,443662733,5008,21844,15,428,2935                   
2026-10-06T20:25:45.175	TEL,3879,S5,443672733,5008,21844,15,428,2935                   
2026-10-06T20:25:45.175	TEL,3880,S5,443682733,5008,21844,15,425,2935                   
2026-10-06T20:25:45.175	TEL,3881,S5,443692733,5008,21844,15,425,2935                   
2026-10-06T20:25:45.175	TEL,3882,S5,443702733,5008,21844,15,425,2935                   
2026-10-06T20:25:45.175	TEL,3883,S5,443712733,5008,21844,15,425,2935                   
2026-10-06T20:25:45.175	TEL,3884,S5,443722733,5008,21844,15,430,2935                   
2026-10-06T20:25:45.175	TEL,3885,S5,443732733,5008,21844,15,428,2932                   
2026-10-06T20:25:45.175	TEL,3886,S5,443742733,5008,21844,15,419,2932                   
2026-10-06T20:25:45.175	TEL,3887,S5,443752733,5008,21844,15,419,2933                   
2026-10-06T20:25:45.175	TEL,3888,S5,443762733,5008,21844,15,430,2933                   
2026-10-06T20:25:45.175	TEL,3889,S5,443772733,5008,21844,15,430,2935                   
2026-10-06T20:25:45.175	TEL,3890,S5,443782733,5008,21844,15,425,2935                   
2026-10-06T20:25:45.175	TEL,3891,S5,443792733,5008,21844,15,428,2939                   
2026-10-06T20:25:45.749	BTN,49,S5,PRESSED,443793151,443793159                          
2026-10-06T20:25:45.749	TEL,3893,S5,443812733,5008,21844,15,433,2937                   
2026-10-06T20:25:45.749	TEL,3894,S5,443822733,5008,21844,15,428,2937                   
2026-10-06T20:25:45.749	TEL,3895,S5,443832733,5008,21844,15,430,2939                   
2026-10-06T20:25:45.749	TEL,3896,S5,443842733,5008,21844,15,430,2939                   
2026-10-06T20:25:45.750	TEL,3897,S5,443852733,5008,21844,15,428,2935                   
2026-10-06T20:25:45.750	TEL,3898,S5,443862733,5008,21844,15,428,2935                   
2026-10-06T20:25:45.750	TEL,3899,S5,443872733,5008,21844,15,425,2932                   
2026-10-06T20:25:45.750	TEL,3900,S5,443882733,5008,21844,15,419,2932                   
2026-10-06T20:25:45.750	TEL,3901,S5,443892733,5008,21844,15,419,2932                   
2026-10-06T20:25:45.750	TEL,3902,S5,443902733,5008,21844,15,425,2932                   
2026-10-06T20:25:45.750	TEL,3903,S5,443912733,5008,21844,15,428,2935                   
2026-10-06T20:25:45.750	TEL,3904,S5,443922733,5008,21844,15,425,2935                   
2026-10-06T20:25:45.750	TEL,3905,S5,443932733,5008,21844,15,422,2933                   
2026-10-06T20:25:45.750	TEL,3906,S5,443942733,5008,21844,15,419,2933                   
2026-10-06T20:25:45.750	TEL,3907,S5,443952733,5008,21844,15,419,2932                   
2026-10-06T20:25:45.750	TEL,3908,S5,443962733,5008,21844,15,419,2932                   
2026-10-06T20:25:45.750	TEL,3909,S5,443972733,5008,21844,15,419,2932                   
2026-10-06T20:25:45.750	TEL,3910,S5,443982733,5008,21844,15,422,2932                   
2026-10-06T20:25:45.750	TEL,3911,S5,443992733,5008,21844,15,425,2933                   
2026-10-06T20:25:45.750	TEL,3912,S5,444002733,5008,21844,15,419,2933                   
2026-10-06T20:25:45.750	TEL,3913,S5,444012733,5008,21844,15,422,2935                   
2026-10-06T20:25:45.750	TEL,3914,S5,444022733,5008,21844,15,425,2935                   
2026-10-06T20:25:45.750	TEL,3915,S5,444032733,5008,21844,15,419,2932                   
2026-10-06T20:25:45.750	TEL,3916,S5,444042733,5008,21844,15,419,2932                   
2026-10-06T20:25:45.750	TEL,3917,S5,444052733,5008,21844,15,425,2935                   
2026-10-06T20:25:45.750	TEL,3918,S5,444062733,5008,21844,15,422,2935                   
2026-10-06T20:25:45.750	TEL,3919,S5,444072733,5008,21844,15,419,2932                   
2026-10-06T20:25:45.750	TEL,3920,S5,444082733,5008,21844,15,428,2932                   
2026-10-06T20:25:45.750	TEL,3921,S5,444092733,5008,21844,15,428,2932                   
2026-10-06T20:25:45.750	TEL,3922,S5,444102733,5008,21844,15,422,2932                   
2026-10-06T20:25:45.750	TEL,3923,S5,444112733,5008,21844,15,428,2935                   
2026-10-06T20:25:45.750	TEL,3924,S5,444122733,5008,21844,15,428,2935                   
2026-10-06T20:25:45.750	TEL,3925,S5,444132733,5008,21844,15,419,2928                   
2026-10-06T20:25:45.750	TEL,3926,S5,444142733,5008,21844,15,416,2928                   
2026-10-06T20:25:45.750	TEL,3927,S5,444152733,5008,21844,15,419,2932                   
2026-10-06T20:25:45.750	TEL,3928,S5,444162733,5008,21844,15,419,2932                   
2026-10-06T20:25:45.750	TEL,3929,S5,444172733,5008,21844,15,419,2930                   
2026-10-06T20:25:45.750	TEL,3930,S5,444182733,5008,21844,15,428,2930                   
2026-10-06T20:25:45.750	TEL,3931,S5,444192733,5008,21844,15,428,2932                   
2026-10-06T20:25:45.750	TEL,3932,S5,444202733,5008,21844,15,428,2932                   
2026-10-06T20:25:45.750	TEL,3933,S5,444212733,5008,21844,15,430,2935                   
2026-10-06T20:25:45.750	TEL,3934,S5,444222733,5008,21844,15,425,2935                   
2026-10-06T20:25:45.750	TEL,3935,S5,444232733,5008,21844,15,425,2935                   
2026-10-06T20:25:45.750	TEL,3936,S5,444242733,5008,21844,15,425,2935                   
2026-10-06T20:25:45.750	TEL,3937,S5,444252733,5008,21844,15,425,2935                   
2026-10-06T20:25:45.750	TEL,3938,S5,444262733,5008,21844,15,428,2935                   
2026-10-06T20:25:45.750	TEL,3939,S5,444272733,5008,21844,15,425,2933                   
2026-10-06T20:25:45.750	TEL,3940,S5,444282733,5008,21844,15,422,2933                   
2026-10-06T20:25:45.750	TEL,3941,S5,444292733,5008,21844,15,419,2932                   
2026-10-06T20:25:45.750	TEL,3942,S5,444302733,5008,21844,15,428,2932                   
2026-10-06T20:25:45.750	TEL,3943,S5,444312733,5008,21844,15,430,2935                   
2026-10-06T20:25:45.750	TEL,3944,S5,444322733,5008,21844,15,422,2935                   
2026-10-06T20:25:45.750	TEL,3945,S5,444332733,5008,21844,15,422,2935                   
2026-10-06T20:25:45.751	TEL,3946,S5,444342733,5008,21844,15,425,2935                   
2026-10-06T20:25:45.751	TEL,3947,S5,444352733,5008,21844,15,425,2935                   
2026-10-06T20:25:45.751	TEL,3948,S5,444362733,5008,21844,15,422,2935                   
2026-10-06T20:25:45.751	TEL,3949,S5,444372733,5008,21844,15,422,2935                   
2026-10-06T20:25:45.751	TEL,3950,S5,444382733,5008,21844,15,422,2935                   
2026-10-06T20:25:45.751	TEL,3951,S5,444392733,5008,21844,15,419,2932                   
2026-10-06T20:25:45.751	TEL,3952,S5,444402733,5008,21844,15,419,2932                   
2026-10-06T20:25:45.751	TEL,3953,S5,444412733,5008,21844,15,425,2935                   
2026-10-06T20:25:46.084	TEL,3954,S5,444422733,5008,21844,15,428,2935                   
2026-10-06T20:25:46.084	TEL,3955,S5,444432733,5008,21844,15,422,2932                   
2026-10-06T20:25:46.084	TEL,3956,S5,444442733,5008,21844,15,422,2932                   
2026-10-06T20:25:46.084	TEL,3957,S5,444452733,5008,21844,15,428,2935                   
2026-10-06T20:25:46.084	TEL,3958,S5,444462733,5008,21844,15,425,2935                   
2026-10-06T20:25:46.084	TEL,3959,S5,444472739,5014,21844,15,419,2932                   
2026-10-06T20:25:46.084	ACK,STOP,S5
2026-10-06T20:25:46.084	LOG,S5,1,410227893,410232757,410232767,410242760,410248314,ok
2026-10-06T20:25:46.084	LOG,S5,2,410899899,410902758,410902767,410922760,410928310,ok
2026-10-06T20:25:46.084	LOG,S5,3,411590904,411592758,411592767,411622760,411628316,ok
2026-10-06T20:25:46.084	LOG,S5,4,412459909,412462758,412462767,412502760,412508312,ok
2026-10-06T20:25:46.084	LOG,S5,5,413181915,413182758,413182767,413232760,413238314,ok
2026-10-06T20:25:46.084	LOG,S5,6,414044920,414044927,414044936,414102760,414108318,ok
2026-10-06T20:25:46.084	LOG,S5,7,414606925,414606933,414606942,414672760,414678316,ok
2026-10-06T20:25:46.084	LOG,S5,8,415496931,415496938,415496947,415572760,415578314,ok
2026-10-06T20:25:46.084	LOG,S5,9,416362936,416362943,416362953,416452760,416458310,ok
2026-10-06T20:25:46.084	LOG,S5,10,417008942,417012758,417012767,417112760,417118312,ok
2026-10-06T20:25:46.084	LOG,S5,11,417841947,417842758,417842767,417952760,417958311,ok
2026-10-06T20:25:46.084	LOG,S5,12,418423952,418423960,418423969,418542760,418548312,ok
2026-10-06T20:25:46.084	LOG,S5,13,418940958,418942758,418942767,419072760,419078313,ok
2026-10-06T20:25:46.084	LOG,S5,14,419751963,419752758,419752768,419892760,419898310,ok
2026-10-06T20:25:46.084	LOG,S5,15,420503968,420503976,420503985,420652760,420658316,ok
2026-10-06T20:25:46.084	LOG,S5,16,421398974,421402758,421402767,,,tx_drop
2026-10-06T20:25:46.084	LOG,S5,17,422262979,422262986,422262996,422422760,422428318,ok
2026-10-06T20:25:46.084	LOG,S5,18,422980984,422982758,422982767,,,tx_drop
2026-10-06T20:25:46.084	LOG,S5,19,423486990,423486997,423487006,423642760,423648316,ok
2026-10-06T20:25:46.084	LOG,S5,20,423992995,423993002,423993012,424152760,424158314,ok
2026-10-06T20:25:46.084	LOG,S5,21,424612001,424612758,424612768,,,tx_drop
2026-10-06T20:25:46.084	LOG,S5,22,425274006,425274013,425274022,425432760,425438312,ok
2026-10-06T20:25:46.085	LOG,S5,23,426049011,426052758,426052768,,,tx_drop
2026-10-06T20:25:46.085	LOG,S5,24,426922017,426922758,426922767,,,tx_drop
2026-10-06T20:25:46.085	LOG,S5,25,427575022,427575029,427575038,427732760,427738315,ok
2026-10-06T20:25:46.085	LOG,S5,26,428271027,428272758,428272767,,,tx_drop
2026-10-06T20:25:46.085	LOG,S5,27,429117033,429117040,429117049,429272760,429278312,ok
2026-10-06T20:25:46.085	LOG,S5,28,429974038,429974045,429974055,430132760,430138314,ok
2026-10-06T20:25:46.085	LOG,S5,29,430534044,430534051,430534060,430692760,430698311,ok
2026-10-06T20:25:46.085	LOG,S5,30,431035049,431035056,431035066,431192760,431198317,ok
2026-10-06T20:25:46.085	LOG,S5,31,431896055,431896062,431896071,432052760,432058310,ok
2026-10-06T20:25:46.085	LOG,S5,32,432425060,432425067,432425077,432582760,432588312,ok
2026-10-06T20:25:46.085	LOG,S5,33,433024065,433024073,433024082,433182760,433188314,ok
2026-10-06T20:25:46.085	LOG,S5,34,433690071,433692758,433692768,,,tx_drop
2026-10-06T20:25:46.085	LOG,S5,35,434206076,434206083,434206093,434362760,434368315,ok
2026-10-06T20:25:46.085	LOG,S5,36,434822082,434822758,434822767,,,tx_drop
2026-10-06T20:25:46.085	LOG,S5,37,435335087,435335094,435335104,435492760,435498310,ok
2026-10-06T20:25:46.085	LOG,S5,38,436080092,436082758,436082767,,,tx_drop
2026-10-06T20:25:46.085	LOG,S5,39,436858098,436862758,436862767,,,tx_drop
2026-10-06T20:25:46.085	LOG,S5,40,437712103,437712758,437712768,,,tx_drop
2026-10-06T20:25:46.085	LOG,S5,41,438252108,438252758,438252768,,,tx_drop
2026-10-06T20:25:46.085	LOG,S5,42,438776114,438776121,438776130,438932760,438938318,ok
2026-10-06T20:25:46.085	LOG,S5,43,439650119,439652758,439652768,,,tx_drop
2026-10-06T20:25:46.085	LOG,S5,44,440385124,440385132,440385141,440542760,440548316,ok
2026-10-06T20:25:46.085	LOG,S5,45,441167130,441167137,441167146,441322760,441328316,ok
2026-10-06T20:25:46.085	LOG,S5,46,441901135,441902758,441902767,,,tx_drop
2026-10-06T20:25:46.085	LOG,S5,47,442608141,442612758,442612767,,,tx_drop
2026-10-06T20:25:46.085	LOG,S5,48,443160146,443162758,443162767,,,tx_drop
2026-10-06T20:25:46.085	LOG,S5,49,443793151,443793159,443793168,443952760,443958311,ok
2026-10-06T20:25:46.085	LOG,S5,50,444470157,444472758,444472768,,,tx_drop
2026-10-06T20:25:46.085	CNT,accepted,50
2026-10-06T20:25:46.085	CNT,logged,50
2026-10-06T20:25:46.085	CNT,bounce_rejected,0
2026-10-06T20:25:46.085	CNT,ignored,0
2026-10-06T20:25:46.085	CNT,btn_q_drop,0
2026-10-06T20:25:46.085	CNT,btn_tx_drop,17
2026-10-06T20:25:46.085	CNT,tel_sent,3941
2026-10-06T20:25:46.085	CNT,tel_tx_drop,18
2026-10-06T20:25:46.085	CNT,tx_error,0
2026-10-06T20:25:46.085	CNT,tx_timeout,0
2026-10-06T20:25:46.085	CNT,log_overflow,0
2026-10-06T20:25:46.085	CNT,fmt_error,0
2026-10-06T20:25:46.085	CNT,tel_period_min_us,9855
2026-10-06T20:25:46.085	CNT,tel_period_max_us,10000
2026-10-06T20:25:46.085	CNT,work_min_us,5003
2026-10-06T20:25:46.085	CNT,work_max_us,5014
2026-10-06T20:25:46.085	CNT,hwm_telemetry_w,187
2026-10-06T20:25:46.085	CNT,hwm_uarttx_w,265
2026-10-06T20:25:46.085	CNT,heap_free_min_b,17512
2026-10-06T20:25:46.085	INF,variant,A
2026-10-06T20:25:46.085	INF,source,INJ
2026-10-06T20:25:46.085	INF,events,50
2026-10-06T20:25:46.085	END,DUMP,S5
