# pc_rx_time yaln?zca bilgi ama?l?d?r; gecikme hesab?nda KULLANILMAZ.
2026-10-06T20:40:53.164	ACK,START,S2,A,HW,30
2026-10-06T20:40:53.164	TEL,1,S2,1351995870,0,0,0,451,2933                             
2026-10-06T20:40:53.179	TEL,2,S2,1352015724,0,0,0,462,2946                             
2026-10-06T20:40:53.205	TEL,3,S2,1352035724,0,0,0,465,2946                             
2026-10-06T20:40:53.220	TEL,4,S2,1352055724,0,0,0,451,2932                             
2026-10-06T20:40:53.246	TEL,5,S2,1352075724,0,0,0,445,2932                             
2026-10-06T20:40:53.256	TEL,6,S2,1352095724,0,0,0,445,2932                             
2026-10-06T20:40:53.287	TEL,7,S2,1352115724,0,0,0,442,2932                             
2026-10-06T20:40:53.303	TEL,8,S2,1352135724,0,0,0,442,2932                             
2026-10-06T20:40:53.327	TEL,9,S2,1352155724,0,0,0,445,2932                             
2026-10-06T20:40:53.337	TEL,10,S2,1352175725,0,0,0,451,2935                            
2026-10-06T20:40:53.357	TEL,11,S2,1352195725,0,0,0,457,2935                            
2026-10-06T20:40:53.380	TEL,12,S2,1352215725,0,0,0,451,2928                            
2026-10-06T20:40:53.398	TEL,13,S2,1352235725,0,0,0,448,2928                            
2026-10-06T20:40:53.420	TEL,14,S2,1352255725,0,0,0,448,2928                            
2026-10-06T20:40:53.439	TEL,15,S2,1352275725,0,0,0,448,2928                            
2026-10-06T20:40:53.460	TEL,16,S2,1352295725,0,0,0,448,2928                            
2026-10-06T20:40:53.481	TEL,17,S2,1352315725,0,0,0,451,2928                            
2026-10-06T20:40:53.500	TEL,18,S2,1352335725,0,0,0,451,2928                            
2026-10-06T20:40:53.524	TEL,19,S2,1352355725,0,0,0,445,2928                            
2026-10-06T20:40:53.541	TEL,20,S2,1352375725,0,0,0,445,2928                            
2026-10-06T20:40:53.565	TEL,21,S2,1352395725,0,0,0,451,2928                            
2026-10-06T20:40:53.581	TEL,22,S2,1352415725,0,0,0,451,2928                            
2026-10-06T20:40:53.602	TEL,23,S2,1352435725,0,0,0,454,2928                            
2026-10-06T20:40:53.623	TEL,24,S2,1352455725,0,0,0,451,2927                            
2026-10-06T20:40:53.643	TEL,25,S2,1352475725,0,0,0,448,2927                            
2026-10-06T20:40:53.653	TEL,26,S2,1352495725,0,0,0,448,2927                            
2026-10-06T20:40:53.684	TEL,27,S2,1352515725,0,0,0,445,2927                            
2026-10-06T20:40:53.700	TEL,28,S2,1352535725,0,0,0,448,2928                            
2026-10-06T20:40:53.726	TEL,29,S2,1352555725,0,0,0,445,2928                            
2026-10-06T20:40:53.737	TEL,30,S2,1352575725,0,0,0,445,2928                            
2026-10-06T20:40:53.767	TEL,31,S2,1352595725,0,0,0,448,2928                            
2026-10-06T20:40:53.777	TEL,32,S2,1352615725,0,0,0,448,2928                            
2026-10-06T20:40:53.807	TEL,33,S2,1352635725,0,0,0,445,2928                            
2026-10-06T20:40:53.820	TEL,34,S2,1352655725,0,0,0,445,2928                            
2026-10-06T20:40:53.837	TEL,35,S2,1352675725,0,0,0,448,2928                            
2026-10-06T20:40:53.857	TEL,36,S2,1352695725,0,0,0,448,2928                            
2026-10-06T20:40:53.878	TEL,37,S2,1352715725,0,0,0,454,2928                            
2026-10-06T20:40:53.901	TEL,38,S2,1352735725,0,0,0,454,2928                            
2026-10-06T20:40:53.920	TEL,39,S2,1352755725,0,0,0,451,2928                            
2026-10-06T20:40:53.939	TEL,40,S2,1352775725,0,0,0,451,2928                            
2026-10-06T20:40:53.966	TEL,41,S2,1352795725,0,0,0,448,2928                            
2026-10-06T20:40:53.981	TEL,42,S2,1352815725,0,0,0,448,2928                            
2026-10-06T20:40:54.004	TEL,43,S2,1352835725,0,0,0,448,2928                            
2026-10-06T20:40:54.022	TEL,44,S2,1352855725,0,0,0,448,2928                            
2026-10-06T20:40:54.042	TEL,45,S2,1352875725,0,0,0,448,2928                            
2026-10-06T20:40:54.063	TEL,46,S2,1352895725,0,0,0,448,2928                            
2026-10-06T20:40:54.085	TEL,47,S2,1352915725,0,0,0,448,2928                            
2026-10-06T20:40:54.103	TEL,48,S2,1352935725,0,0,0,445,2927                            
2026-10-06T20:40:54.123	TEL,49,S2,1352955725,0,0,0,445,2927                            
2026-10-06T20:40:54.139	TEL,50,S2,1352975725,0,0,0,448,2928                            
2026-10-06T20:40:54.165	TEL,51,S2,1352995725,0,0,0,454,2928                            
2026-10-06T20:40:54.181	TEL,52,S2,1353015725,0,0,0,454,2928                            
2026-10-06T20:40:54.205	TEL,53,S2,1353035725,0,0,0,445,2928                            
2026-10-06T20:40:54.222	TEL,54,S2,1353055725,0,0,0,445,2927                            
2026-10-06T20:40:54.246	TEL,55,S2,1353075725,0,0,0,445,2927                            
2026-10-06T20:40:54.263	TEL,56,S2,1353095725,0,0,0,445,2928                            
2026-10-06T20:40:54.286	TEL,57,S2,1353115725,0,0,0,445,2928                            
2026-10-06T20:40:54.297	TEL,58,S2,1353135725,0,0,0,445,2928                            
2026-10-06T20:40:54.326	TEL,59,S2,1353155725,0,0,0,445,2928                            
2026-10-06T20:40:54.333	TEL,60,S2,1353175725,0,0,0,445,2928                            
2026-10-06T20:40:54.364	TEL,61,S2,1353195725,0,0,0,445,2928                            
2026-10-06T20:40:54.380	TEL,62,S2,1353215725,0,0,0,445,2927                            
2026-10-06T20:40:54.406	TEL,63,S2,1353235725,0,0,0,445,2927                            
2026-10-06T20:40:54.422	TEL,64,S2,1353255725,0,0,0,448,2928                            
2026-10-06T20:40:54.445	TEL,65,S2,1353275725,0,0,0,445,2928                            
2026-10-06T20:40:54.461	TEL,66,S2,1353295725,0,0,0,445,2928                            
2026-10-06T20:40:54.486	TEL,67,S2,1353315725,0,0,0,448,2928                            
2026-10-06T20:40:54.501	TEL,68,S2,1353335725,0,0,0,448,2928                            
2026-10-06T20:40:54.526	TEL,69,S2,1353355725,0,0,0,445,2928                            
2026-10-06T20:40:54.535	TEL,70,S2,1353375725,0,0,0,445,2927                            
2026-10-06T20:40:54.566	TEL,71,S2,1353395725,0,0,0,445,2927                            
2026-10-06T20:40:54.583	TEL,72,S2,1353415725,0,0,0,445,2927                            
2026-10-06T20:40:54.597	TEL,73,S2,1353435725,0,0,0,445,2927                            
2026-10-06T20:40:54.620	TEL,74,S2,1353455725,0,0,0,448,2928                            
2026-10-06T20:40:54.639	TEL,75,S2,1353475725,0,0,0,445,2928                            
2026-10-06T20:40:54.659	TEL,76,S2,1353495725,0,0,0,445,2928                            
2026-10-06T20:40:54.680	TEL,77,S2,1353515725,0,0,0,448,2928                            
2026-10-06T20:40:54.700	TEL,78,S2,1353535725,0,0,0,448,2928                            
2026-10-06T20:40:54.724	TEL,79,S2,1353555725,0,0,0,448,2928                            
2026-10-06T20:40:54.742	TEL,80,S2,1353575725,0,0,0,448,2928                            
2026-10-06T20:40:54.762	TEL,81,S2,1353595725,0,0,0,454,2928                            
2026-10-06T20:40:54.783	TEL,82,S2,1353615725,0,0,0,454,2928                            
2026-10-06T20:40:54.803	TEL,83,S2,1353635725,0,0,0,448,2928                            
2026-10-06T20:40:54.820	TEL,84,S2,1353655725,0,0,0,448,2928                            
2026-10-06T20:40:54.846	TEL,85,S2,1353675725,0,0,0,451,2928                            
2026-10-06T20:40:54.854	TEL,86,S2,1353695725,0,0,0,448,2927                            
2026-10-06T20:40:54.886	TEL,87,S2,1353715725,0,0,0,445,2927                            
2026-10-06T20:40:54.894	TEL,88,S2,1353735725,0,0,0,448,2928                            
2026-10-06T20:40:54.926	TEL,89,S2,1353755725,0,0,0,448,2928                            
2026-10-06T20:40:54.936	TEL,90,S2,1353775725,0,0,0,448,2928                            
2026-10-06T20:40:54.966	TEL,91,S2,1353795725,0,0,0,445,2928                            
2026-10-06T20:40:54.981	TEL,92,S2,1353815725,0,0,0,445,2928                            
2026-10-06T20:40:55.007	TEL,93,S2,1353835725,0,0,0,445,2928                            
2026-10-06T20:40:55.022	TEL,94,S2,1353855725,0,0,0,445,2928                            
2026-10-06T20:40:55.038	TEL,95,S2,1353875725,0,0,0,445,2928                            
2026-10-06T20:40:55.058	TEL,96,S2,1353895725,0,0,0,445,2928                            
2026-10-06T20:40:55.079	TEL,97,S2,1353915725,0,0,0,445,2928                            
2026-10-06T20:40:55.100	TEL,98,S2,1353935725,0,0,0,445,2928                            
2026-10-06T20:40:55.120	TEL,99,S2,1353955725,0,0,0,448,2928                            
2026-10-06T20:40:55.140	TEL,100,S2,1353975725,0,0,0,448,2928                           
2026-10-06T20:40:55.165	TEL,101,S2,1353995725,0,0,0,445,2928                           
2026-10-06T20:40:55.181	TEL,102,S2,1354015725,0,0,0,451,2933                           
2026-10-06T20:40:55.202	TEL,103,S2,1354035725,0,0,0,451,2933                           
2026-10-06T20:40:55.222	TEL,104,S2,1354055725,0,0,0,448,2932                           
2026-10-06T20:40:55.242	TEL,105,S2,1354075725,0,0,0,448,2932                           
2026-10-06T20:40:55.262	TEL,106,S2,1354095725,0,0,0,445,2928                           
2026-10-06T20:40:55.283	TEL,107,S2,1354115725,0,0,0,445,2928                           
2026-10-06T20:40:55.302	TEL,108,S2,1354135725,0,0,0,448,2932                           
2026-10-06T20:40:55.325	TEL,109,S2,1354155725,0,0,0,445,2932                           
2026-10-06T20:40:55.333	TEL,110,S2,1354175725,0,0,0,445,2932                           
2026-10-06T20:40:55.364	TEL,111,S2,1354195725,0,0,0,445,2932                           
2026-10-06T20:40:55.381	TEL,112,S2,1354215725,0,0,0,451,2937                           
2026-10-06T20:40:55.405	TEL,113,S2,1354235725,0,0,0,448,2937                           
2026-10-06T20:40:55.420	TEL,114,S2,1354255725,0,0,0,442,2930                           
2026-10-06T20:40:55.445	TEL,115,S2,1354275725,0,0,0,448,2930                           
2026-10-06T20:40:55.456	TEL,116,S2,1354295725,0,0,0,448,2932                           
2026-10-06T20:40:55.477	TEL,117,S2,1354315725,0,0,0,448,2932                           
2026-10-06T20:40:55.501	TEL,118,S2,1354335725,0,0,0,448,2930                           
2026-10-06T20:40:55.527	TEL,119,S2,1354355725,0,0,0,448,2930                           
2026-10-06T20:40:55.537	TEL,120,S2,1354375725,0,0,0,448,2932                           
2026-10-06T20:40:55.558	TEL,121,S2,1354395725,0,0,0,448,2932                           
2026-10-06T20:40:55.579	TEL,122,S2,1354415725,0,0,0,448,2932                           
2026-10-06T20:40:55.599	TEL,123,S2,1354435725,0,0,0,448,2932                           
2026-10-06T20:40:55.623	TEL,124,S2,1354455725,0,0,0,448,2932                           
2026-10-06T20:40:55.639	TEL,125,S2,1354475725,0,0,0,442,2932                           
2026-10-06T20:40:55.660	TEL,126,S2,1354495725,0,0,0,442,2932                           
2026-10-06T20:40:55.681	TEL,127,S2,1354515725,0,0,0,442,2932                           
2026-10-06T20:40:55.701	TEL,128,S2,1354535725,0,0,0,442,2932                           
2026-10-06T20:40:55.721	TEL,129,S2,1354555725,0,0,0,448,2932                           
2026-10-06T20:40:55.741	TEL,130,S2,1354575725,0,0,0,448,2930                           
2026-10-06T20:40:55.762	TEL,131,S2,1354595725,0,0,0,448,2930                           
2026-10-06T20:40:55.782	TEL,132,S2,1354615725,0,0,0,448,2932                           
2026-10-06T20:40:55.803	TEL,133,S2,1354635725,0,0,0,448,2932                           
2026-10-06T20:40:55.823	TEL,134,S2,1354655725,0,0,0,448,2930                           
2026-10-06T20:40:55.843	TEL,135,S2,1354675725,0,0,0,448,2930                           
2026-10-06T20:40:55.854	TEL,136,S2,1354695725,0,0,0,448,2932                           
2026-10-06T20:40:55.884	TEL,137,S2,1354715725,0,0,0,448,2932                           
2026-10-06T20:40:55.895	TEL,138,S2,1354735725,0,0,0,448,2932                           
2026-10-06T20:40:55.926	TEL,139,S2,1354755725,0,0,0,448,2932                           
2026-10-06T20:40:55.935	TEL,140,S2,1354775725,0,0,0,448,2930                           
2026-10-06T20:40:55.966	TEL,141,S2,1354795725,0,0,0,448,2930                           
2026-10-06T20:40:55.977	TEL,142,S2,1354815725,0,0,0,448,2930                           
2026-10-06T20:40:56.007	TEL,143,S2,1354835725,0,0,0,448,2930                           
2026-10-06T20:40:56.020	TEL,144,S2,1354855725,0,0,0,448,2930                           
2026-10-06T20:40:56.047	TEL,145,S2,1354875725,0,0,0,448,2930                           
2026-10-06T20:40:56.057	TEL,146,S2,1354895725,0,0,0,448,2930                           
2026-10-06T20:40:56.078	TEL,147,S2,1354915725,0,0,0,448,2930                           
2026-10-06T20:40:56.099	TEL,148,S2,1354935725,0,0,0,448,2932                           
2026-10-06T20:40:56.120	TEL,149,S2,1354955725,0,0,0,448,2932                           
2026-10-06T20:40:56.138	TEL,150,S2,1354975725,0,0,0,451,2933                           
2026-10-06T20:40:56.158	TEL,151,S2,1354995725,0,0,0,451,2933                           
2026-10-06T20:40:56.179	TEL,152,S2,1355015725,0,0,0,448,2932                           
2026-10-06T20:40:56.199	TEL,153,S2,1355035725,0,0,0,445,2932                           
2026-10-06T20:40:56.220	TEL,154,S2,1355055725,0,0,0,448,2933                           
2026-10-06T20:40:56.240	TEL,155,S2,1355075725,0,0,0,448,2933                           
2026-10-06T20:40:56.261	TEL,156,S2,1355095725,0,0,0,445,2932                           
2026-10-06T20:40:56.281	TEL,157,S2,1355115725,0,0,0,448,2932                           
2026-10-06T20:40:56.302	TEL,158,S2,1355135725,0,0,0,448,2932                           
2026-10-06T20:40:56.323	TEL,159,S2,1355155725,0,0,0,442,2932                           
2026-10-06T20:40:56.342	TEL,160,S2,1355175725,0,0,0,442,2932                           
2026-10-06T20:40:56.363	TEL,161,S2,1355195725,0,0,0,448,2932                           
2026-10-06T20:40:56.381	TEL,162,S2,1355215725,0,0,0,448,2930                           
2026-10-06T20:40:56.404	TEL,163,S2,1355235725,0,0,0,448,2930                           
2026-10-06T20:40:56.420	TEL,164,S2,1355255725,0,0,0,448,2932                           
2026-10-06T20:40:56.445	TEL,165,S2,1355275725,0,0,0,448,2932                           
2026-10-06T20:40:56.455	TEL,166,S2,1355295725,0,0,0,448,2932                           
2026-10-06T20:40:56.486	TEL,167,S2,1355315725,0,0,0,448,2932                           
2026-10-06T20:40:56.496	TEL,168,S2,1355335725,0,0,0,448,2932                           
2026-10-06T20:40:56.527	TEL,169,S2,1355355725,0,0,0,442,2932                           
2026-10-06T20:40:56.543	TEL,170,S2,1355375725,0,0,0,442,2932                           
2026-10-06T20:40:56.558	TEL,171,S2,1355395725,0,0,0,448,2932                           
2026-10-06T20:40:56.579	TEL,172,S2,1355415725,0,0,0,448,2932                           
2026-10-06T20:40:56.599	TEL,173,S2,1355435725,0,0,0,448,2932                           
2026-10-06T20:40:56.620	TEL,174,S2,1355455725,0,0,0,448,2932                           
2026-10-06T20:40:56.643	TEL,175,S2,1355475725,0,0,0,448,2932                           
2026-10-06T20:40:56.660	TEL,176,S2,1355495725,0,0,0,448,2930                           
2026-10-06T20:40:56.681	TEL,177,S2,1355515725,0,0,0,448,2930                           
2026-10-06T20:40:56.701	TEL,178,S2,1355535725,0,0,0,448,2932                           
2026-10-06T20:40:56.722	TEL,179,S2,1355555725,0,0,0,448,2932                           
2026-10-06T20:40:56.742	TEL,180,S2,1355575725,0,0,0,448,2932                           
2026-10-06T20:40:56.763	TEL,181,S2,1355595725,0,0,0,448,2932                           
2026-10-06T20:40:56.774	TEL,182,S2,1355615725,0,0,0,448,2932                           
2026-10-06T20:40:56.804	TEL,183,S2,1355635725,0,0,0,445,2932                           
2026-10-06T20:40:56.822	TEL,184,S2,1355655725,0,0,0,445,2930                           
2026-10-06T20:40:56.846	TEL,185,S2,1355675725,0,0,0,448,2930                           
2026-10-06T20:40:56.862	TEL,186,S2,1355695725,0,0,0,448,2932                           
2026-10-06T20:40:56.885	TEL,187,S2,1355715725,0,0,0,445,2932                           
2026-10-06T20:40:56.895	TEL,188,S2,1355735725,0,0,0,445,2932                           
2026-10-06T20:40:56.926	TEL,189,S2,1355755725,0,0,0,445,2932                           
2026-10-06T20:40:56.936	TEL,190,S2,1355775725,0,0,0,445,2932                           
2026-10-06T20:40:56.966	TEL,191,S2,1355795725,0,0,0,448,2932                           
2026-10-06T20:40:56.978	TEL,192,S2,1355815725,0,0,0,448,2932                           
2026-10-06T20:40:56.998	TEL,193,S2,1355835725,0,0,0,448,2932                           
2026-10-06T20:40:57.020	TEL,194,S2,1355855725,0,0,0,445,2928                           
2026-10-06T20:40:57.047	TEL,195,S2,1355875725,0,0,0,445,2928                           
2026-10-06T20:40:57.059	TEL,196,S2,1355895725,0,0,0,448,2932                           
2026-10-06T20:40:57.081	TEL,197,S2,1355915725,0,0,0,448,2932                           
2026-10-06T20:40:57.102	TEL,198,S2,1355935725,0,0,0,448,2930                           
2026-10-06T20:40:57.122	TEL,199,S2,1355955725,0,0,0,448,2930                           
2026-10-06T20:40:57.132	TEL,200,S2,1355975725,0,0,0,448,2932                           
2026-10-06T20:40:57.163	TEL,201,S2,1355995725,0,0,0,448,2932                           
2026-10-06T20:40:57.175	TEL,202,S2,1356015725,0,0,0,448,2932                           
2026-10-06T20:40:57.206	TEL,203,S2,1356035725,0,0,0,448,2932                           
2026-10-06T20:40:57.220	TEL,204,S2,1356055725,0,0,0,448,2930                           
2026-10-06T20:40:57.242	TEL,205,S2,1356075725,0,0,0,448,2930                           
2026-10-06T20:40:57.257	TEL,206,S2,1356095725,0,0,0,448,2930                           
2026-10-06T20:40:57.285	TEL,207,S2,1356115725,0,0,0,448,2930                           
2026-10-06T20:40:57.303	TEL,208,S2,1356135725,0,0,0,448,2930                           
2026-10-06T20:40:57.323	TEL,209,S2,1356155725,0,0,0,448,2930                           
2026-10-06T20:40:57.341	TEL,210,S2,1356175725,0,0,0,448,2932                           
2026-10-06T20:40:57.364	TEL,211,S2,1356195725,0,0,0,448,2932                           
2026-10-06T20:40:57.382	TEL,212,S2,1356215725,0,0,0,448,2930                           
2026-10-06T20:40:57.404	TEL,213,S2,1356235725,0,0,0,448,2930                           
2026-10-06T20:40:57.420	TEL,214,S2,1356255725,0,0,0,448,2930                           
2026-10-06T20:40:57.446	TEL,215,S2,1356275725,0,0,0,442,2930                           
2026-10-06T20:40:57.456	TEL,216,S2,1356295725,0,0,0,442,2930                           
2026-10-06T20:40:57.478	TEL,217,S2,1356315725,0,0,0,448,2930                           
2026-10-06T20:40:57.498	TEL,218,S2,1356335725,0,0,0,451,2933                           
2026-10-06T20:40:57.525	TEL,219,S2,1356355725,0,0,0,451,2933                           
2026-10-06T20:40:57.543	TEL,220,S2,1356375725,0,0,0,448,2930                           
2026-10-06T20:40:57.565	TEL,221,S2,1356395725,0,0,0,448,2930                           
2026-10-06T20:40:57.582	TEL,222,S2,1356415725,0,0,0,448,2930                           
2026-10-06T20:40:57.603	TEL,223,S2,1356435725,0,0,0,448,2930                           
2026-10-06T20:40:57.620	TEL,224,S2,1356455725,0,0,0,448,2932                           
2026-10-06T20:40:57.645	TEL,225,S2,1356475725,0,0,0,448,2932                           
2026-10-06T20:40:57.656	TEL,226,S2,1356495725,0,0,0,448,2930                           
2026-10-06T20:40:57.678	TEL,227,S2,1356515725,0,0,0,448,2930                           
2026-10-06T20:40:57.697	TEL,228,S2,1356535725,0,0,0,451,2933                           
2026-10-06T20:40:57.721	TEL,229,S2,1356555725,0,0,0,445,2933                           
2026-10-06T20:40:57.742	TEL,230,S2,1356575725,0,0,0,442,2932                           
2026-10-06T20:40:57.764	TEL,231,S2,1356595725,0,0,0,448,2932                           
2026-10-06T20:40:57.781	TEL,232,S2,1356615725,0,0,0,448,2932                           
2026-10-06T20:40:57.805	TEL,233,S2,1356635725,0,0,0,448,2932                           
2026-10-06T20:40:57.823	TEL,234,S2,1356655725,0,0,0,451,2935                           
2026-10-06T20:40:57.846	TEL,235,S2,1356675725,0,0,0,451,2935                           
2026-10-06T20:40:57.856	TEL,236,S2,1356695725,0,0,0,448,2930                           
2026-10-06T20:40:57.887	TEL,237,S2,1356715725,0,0,0,448,2930                           
2026-10-06T20:40:57.898	TEL,238,S2,1356735725,0,0,0,448,2930                           
2026-10-06T20:40:57.920	TEL,239,S2,1356755725,0,0,0,442,2930                           
2026-10-06T20:40:57.937	TEL,240,S2,1356775725,0,0,0,442,2932                           
2026-10-06T20:40:57.958	TEL,241,S2,1356795725,0,0,0,448,2932                           
2026-10-06T20:40:57.982	TEL,242,S2,1356815725,0,0,0,445,2928                           
2026-10-06T20:40:58.000	TEL,243,S2,1356835725,0,0,0,445,2928                           
2026-10-06T20:40:58.021	TEL,244,S2,1356855725,0,0,0,448,2932                           
2026-10-06T20:40:58.046	TEL,245,S2,1356875725,0,0,0,448,2932                           
2026-10-06T20:40:58.062	TEL,246,S2,1356895725,0,0,0,448,2932                           
2026-10-06T20:40:58.083	TEL,247,S2,1356915725,0,0,0,442,2932                           
2026-10-06T20:40:58.097	TEL,248,S2,1356935725,0,0,0,442,2932                           
2026-10-06T20:40:58.125	TEL,249,S2,1356955725,0,0,0,454,2932                           
2026-10-06T20:40:58.138	TEL,250,S2,1356975725,0,0,0,457,2933                           
2026-10-06T20:40:58.166	TEL,251,S2,1356995725,0,0,0,451,2933                           
2026-10-06T20:40:58.177	TEL,252,S2,1357015725,0,0,0,448,2930                           
2026-10-06T20:40:58.198	TEL,253,S2,1357035725,0,0,0,436,2930                           
2026-10-06T20:40:58.222	TEL,254,S2,1357055725,0,0,0,436,2930                           
2026-10-06T20:40:58.246	TEL,255,S2,1357075725,0,0,0,448,2930                           
2026-10-06T20:40:58.262	TEL,256,S2,1357095725,0,0,0,448,2932                           
2026-10-06T20:40:58.285	TEL,257,S2,1357115725,0,0,0,448,2932                           
2026-10-06T20:40:58.303	TEL,258,S2,1357135725,0,0,0,448,2930                           
2026-10-06T20:40:58.324	TEL,259,S2,1357155725,0,0,0,448,2930                           
2026-10-06T20:40:58.334	TEL,260,S2,1357175725,0,0,0,448,2932                           
2026-10-06T20:40:58.367	TEL,261,S2,1357195725,0,0,0,448,2932                           
2026-10-06T20:40:58.382	TEL,262,S2,1357215725,0,0,0,439,2923                           
2026-10-06T20:40:58.407	TEL,263,S2,1357235725,0,0,0,436,2923                           
2026-10-06T20:40:58.420	TEL,264,S2,1357255725,0,0,0,445,2932                           
2026-10-06T20:40:58.446	TEL,265,S2,1357275725,0,0,0,448,2932                           
2026-10-06T20:40:58.462	TEL,266,S2,1357295725,0,0,0,448,2932                           
2026-10-06T20:40:58.485	TEL,267,S2,1357315725,0,0,0,448,2932                           
2026-10-06T20:40:58.502	TEL,268,S2,1357335725,0,0,0,448,2932                           
2026-10-06T20:40:58.525	TEL,269,S2,1357355725,0,0,0,445,2932                           
2026-10-06T20:40:58.541	TEL,270,S2,1357375725,0,0,0,445,2930                           
2026-10-06T20:40:58.564	TEL,271,S2,1357395725,0,0,0,442,2930                           
2026-10-06T20:40:58.583	TEL,272,S2,1357415725,0,0,0,445,2933                           
2026-10-06T20:40:58.604	TEL,273,S2,1357435725,0,0,0,451,2933                           
2026-10-06T20:40:58.621	TEL,274,S2,1357455725,0,0,0,448,2932                           
2026-10-06T20:40:58.646	TEL,275,S2,1357475725,0,0,0,448,2932                           
2026-10-06T20:40:58.657	TEL,276,S2,1357495725,0,0,0,448,2932                           
2026-10-06T20:40:58.678	TEL,277,S2,1357515725,0,0,0,448,2932                           
2026-10-06T20:40:58.703	TEL,278,S2,1357535725,0,0,0,451,2933                           
2026-10-06T20:40:58.725	TEL,279,S2,1357555725,0,0,0,451,2933                           
2026-10-06T20:40:58.742	TEL,280,S2,1357575725,0,0,0,448,2932                           
2026-10-06T20:40:58.765	TEL,281,S2,1357595725,0,0,0,448,2932                           
2026-10-06T20:40:58.773	TEL,282,S2,1357615725,0,0,0,448,2932                           
2026-10-06T20:40:58.805	TEL,283,S2,1357635725,0,0,0,448,2932                           
2026-10-06T20:40:58.827	BTN,1,S2,PRESSED,1357652588,1357652595                         
2026-10-06T20:40:58.827	TEL,284,S2,1357655725,0,0,0,448,2932                           
2026-10-06T20:40:58.836	TEL,285,S2,1357675725,0,0,0,442,2932                           
2026-10-06T20:40:58.867	TEL,286,S2,1357695725,0,0,0,436,2928                           
2026-10-06T20:40:58.880	TEL,287,S2,1357715725,0,0,0,442,2928                           
2026-10-06T20:40:58.900	TEL,288,S2,1357735725,0,0,0,445,2930                           
2026-10-06T20:40:58.923	TEL,289,S2,1357755725,0,0,0,442,2930                           
2026-10-06T20:40:58.945	TEL,290,S2,1357775725,0,0,0,442,2932                           
2026-10-06T20:40:58.962	TEL,291,S2,1357795725,0,0,0,445,2932                           
2026-10-06T20:40:58.983	TEL,292,S2,1357815725,0,0,0,442,2928                           
2026-10-06T20:40:58.999	TEL,293,S2,1357835725,0,0,0,445,2928                           
2026-10-06T20:40:59.025	TEL,294,S2,1357855725,0,0,0,448,2930                           
2026-10-06T20:40:59.038	TEL,295,S2,1357875725,0,0,0,448,2930                           
2026-10-06T20:40:59.066	TEL,296,S2,1357895725,0,0,0,448,2932                           
2026-10-06T20:40:59.078	TEL,297,S2,1357915725,0,0,0,448,2932                           
2026-10-06T20:40:59.101	TEL,298,S2,1357935725,0,0,0,448,2930                           
2026-10-06T20:40:59.123	TEL,299,S2,1357955725,0,0,0,448,2930                           
2026-10-06T20:40:59.145	TEL,300,S2,1357975725,0,0,0,448,2932                           
2026-10-06T20:40:59.160	TEL,301,S2,1357995725,0,0,0,448,2932                           
2026-10-06T20:40:59.185	TEL,302,S2,1358015725,0,0,0,448,2932                           
2026-10-06T20:40:59.202	TEL,303,S2,1358035725,0,0,0,448,2932                           
2026-10-06T20:40:59.243	TEL,304,S2,1358055725,0,0,0,445,2928                           
2026-10-06T20:40:59.243	BTN,2,S2,PRESSED,1358060199,1358060206                         
2026-10-06T20:40:59.243	TEL,305,S2,1358075725,0,0,0,445,2928                           
2026-10-06T20:40:59.254	TEL,306,S2,1358095725,0,0,0,448,2932                           
2026-10-06T20:40:59.285	TEL,307,S2,1358115725,0,0,0,442,2932                           
2026-10-06T20:40:59.299	TEL,308,S2,1358135725,0,0,0,442,2932                           
2026-10-06T20:40:59.327	TEL,309,S2,1358155725,0,0,0,448,2932                           
2026-10-06T20:40:59.336	TEL,310,S2,1358175725,0,0,0,448,2932                           
2026-10-06T20:40:59.358	TEL,311,S2,1358195725,0,0,0,448,2932                           
2026-10-06T20:40:59.383	TEL,312,S2,1358215725,0,0,0,445,2927                           
2026-10-06T20:40:59.405	TEL,313,S2,1358235725,0,0,0,439,2927                           
2026-10-06T20:40:59.423	TEL,314,S2,1358255725,0,0,0,442,2932                           
2026-10-06T20:40:59.445	TEL,315,S2,1358275725,0,0,0,448,2932                           
2026-10-06T20:40:59.462	TEL,316,S2,1358295725,0,0,0,448,2930                           
2026-10-06T20:40:59.483	TEL,317,S2,1358315725,0,0,0,448,2930                           
2026-10-06T20:40:59.500	TEL,318,S2,1358335725,0,0,0,448,2932                           
2026-10-06T20:40:59.525	BTN,3,S2,PRESSED,1358352776,1358352783                         
2026-10-06T20:40:59.525	TEL,319,S2,1358355725,0,0,0,448,2932                           
2026-10-06T20:40:59.545	TEL,320,S2,1358375725,0,0,0,448,2932                           
2026-10-06T20:40:59.565	TEL,321,S2,1358395725,0,0,0,448,2932                           
2026-10-06T20:40:59.578	TEL,322,S2,1358415725,0,0,0,448,2930                           
2026-10-06T20:40:59.600	TEL,323,S2,1358435725,0,0,0,445,2930                           
2026-10-06T20:40:59.621	TEL,324,S2,1358455725,0,0,0,445,2932                           
2026-10-06T20:40:59.645	TEL,325,S2,1358475725,0,0,0,445,2932                           
2026-10-06T20:40:59.663	TEL,326,S2,1358495725,0,0,0,445,2932                           
2026-10-06T20:40:59.680	TEL,327,S2,1358515725,0,0,0,448,2932                           
2026-10-06T20:40:59.701	TEL,328,S2,1358535725,0,0,0,448,2932                           
2026-10-06T20:40:59.723	TEL,329,S2,1358555725,0,0,0,448,2932                           
2026-10-06T20:40:59.743	TEL,330,S2,1358575725,0,0,0,448,2932                           
2026-10-06T20:40:59.784	TEL,331,S2,1358595725,0,0,0,445,2932                           
2026-10-06T20:40:59.784	BTN,4,S2,PRESSED,1358608085,1358608092                         
2026-10-06T20:40:59.784	TEL,332,S2,1358615725,0,0,0,442,2928                           
2026-10-06T20:40:59.801	TEL,333,S2,1358635725,0,0,0,439,2928                           
2026-10-06T20:40:59.827	TEL,334,S2,1358655725,0,0,0,442,2930                           
2026-10-06T20:40:59.836	TEL,335,S2,1358675725,0,0,0,448,2930                           
2026-10-06T20:40:59.857	TEL,336,S2,1358695725,0,0,0,448,2932                           
2026-10-06T20:40:59.880	TEL,337,S2,1358715725,0,0,0,448,2932                           
2026-10-06T20:40:59.905	TEL,338,S2,1358735725,0,0,0,448,2932                           
2026-10-06T20:40:59.923	TEL,339,S2,1358755725,0,0,0,448,2932                           
2026-10-06T20:40:59.945	TEL,340,S2,1358775725,0,0,0,448,2932                           
2026-10-06T20:40:59.962	TEL,341,S2,1358795725,0,0,0,442,2932                           
2026-10-06T20:40:59.983	TEL,342,S2,1358815725,0,0,0,442,2932                           
2026-10-06T20:40:59.993	TEL,343,S2,1358835725,0,0,0,448,2932                           
2026-10-06T20:41:00.046	BTN,5,S2,PRESSED,1358855560,1358855567                         
2026-10-06T20:41:00.046	TEL,344,S2,1358855725,0,0,0,454,2937                           
2026-10-06T20:41:00.046	TEL,345,S2,1358875725,0,0,0,442,2937                           
2026-10-06T20:41:00.056	TEL,346,S2,1358895725,0,0,0,436,2932                           
2026-10-06T20:41:00.084	TEL,347,S2,1358915725,0,0,0,448,2932                           
2026-10-06T20:41:00.098	TEL,348,S2,1358935725,0,0,0,445,2928                           
2026-10-06T20:41:00.120	TEL,349,S2,1358955725,0,0,0,445,2928                           
2026-10-06T20:41:00.143	TEL,350,S2,1358975725,0,0,0,445,2928                           
2026-10-06T20:41:00.164	TEL,351,S2,1358995725,0,0,0,445,2928                           
2026-10-06T20:41:00.181	TEL,352,S2,1359015725,0,0,0,448,2930                           
2026-10-06T20:41:00.206	TEL,353,S2,1359035725,0,0,0,442,2930                           
2026-10-06T20:41:00.221	TEL,354,S2,1359055725,0,0,0,442,2932                           
2026-10-06T20:41:00.243	TEL,355,S2,1359075725,0,0,0,445,2932                           
2026-10-06T20:41:00.257	TEL,356,S2,1359095725,0,0,0,445,2930                           
2026-10-06T20:41:00.286	TEL,357,S2,1359115725,0,0,0,445,2930                           
2026-10-06T20:41:00.327	TEL,358,S2,1359135725,0,0,0,445,2932                           
2026-10-06T20:41:00.327	BTN,6,S2,PRESSED,1359140239,1359140246                         
2026-10-06T20:41:00.327	TEL,359,S2,1359155725,0,0,0,442,2932                           
2026-10-06T20:41:00.337	TEL,360,S2,1359175725,0,0,0,442,2932                           
2026-10-06T20:41:00.358	TEL,361,S2,1359195725,0,0,0,448,2932                           
2026-10-06T20:41:00.383	TEL,362,S2,1359215725,0,0,0,448,2932                           
2026-10-06T20:41:00.407	TEL,363,S2,1359235725,0,0,0,448,2932                           
2026-10-06T20:41:00.421	TEL,364,S2,1359255725,0,0,0,445,2928                           
2026-10-06T20:41:00.441	TEL,365,S2,1359275725,0,0,0,445,2928                           
2026-10-06T20:41:00.462	TEL,366,S2,1359295725,0,0,0,448,2930                           
2026-10-06T20:41:00.486	TEL,367,S2,1359315725,0,0,0,442,2930                           
2026-10-06T20:41:00.493	TEL,368,S2,1359335725,0,0,0,442,2932                           
2026-10-06T20:41:00.525	TEL,369,S2,1359355725,0,0,0,448,2932                           
2026-10-06T20:41:00.538	TEL,370,S2,1359375725,0,0,0,451,2933                           
2026-10-06T20:41:00.570	BTN,7,S2,PRESSED,1359393879,1359393886                         
2026-10-06T20:41:00.570	TEL,371,S2,1359395725,0,0,0,451,2933                           
2026-10-06T20:41:00.578	TEL,372,S2,1359415725,0,0,0,460,2944                           
2026-10-06T20:41:00.605	TEL,373,S2,1359435725,0,0,0,460,2944                           
2026-10-06T20:41:00.623	TEL,374,S2,1359455725,0,0,0,448,2932                           
2026-10-06T20:41:00.641	TEL,375,S2,1359475725,0,0,0,439,2932                           
2026-10-06T20:41:00.661	TEL,376,S2,1359495725,0,0,0,439,2932                           
2026-10-06T20:41:00.685	TEL,377,S2,1359515725,0,0,0,442,2932                           
2026-10-06T20:41:00.693	TEL,378,S2,1359535725,0,0,0,442,2932                           
2026-10-06T20:41:00.725	TEL,379,S2,1359555725,0,0,0,448,2932                           
2026-10-06T20:41:00.760	TEL,380,S2,1359575725,0,0,0,448,2930                           
2026-10-06T20:41:00.760	BTN,8,S2,PRESSED,1359581420,1359581427                         
2026-10-06T20:41:00.760	TEL,381,S2,1359595725,0,0,0,442,2930                           
2026-10-06T20:41:00.778	TEL,382,S2,1359615725,0,0,0,442,2932                           
2026-10-06T20:41:00.798	TEL,383,S2,1359635725,0,0,0,448,2932                           
2026-10-06T20:41:00.820	TEL,384,S2,1359655725,0,0,0,451,2933                           
2026-10-06T20:41:00.843	TEL,385,S2,1359675725,0,0,0,445,2933                           
2026-10-06T20:41:00.859	TEL,386,S2,1359695725,0,0,0,442,2932                           
2026-10-06T20:41:00.883	TEL,387,S2,1359715725,0,0,0,448,2932                           
2026-10-06T20:41:00.905	TEL,388,S2,1359735725,0,0,0,448,2930                           
2026-10-06T20:41:00.923	TEL,389,S2,1359755725,0,0,0,448,2930                           
2026-10-06T20:41:00.962	TEL,390,S2,1359775725,0,0,0,448,2932                           
2026-10-06T20:41:00.962	BTN,9,S2,PRESSED,1359776641,1359776648                         
2026-10-06T20:41:00.962	TEL,391,S2,1359795725,0,0,0,448,2932                           
2026-10-06T20:41:00.982	TEL,392,S2,1359815725,0,0,0,445,2928                           
2026-10-06T20:41:01.003	TEL,393,S2,1359835725,0,0,0,445,2928                           
2026-10-06T20:41:01.021	TEL,394,S2,1359855725,0,0,0,448,2932                           
2026-10-06T20:41:01.045	TEL,395,S2,1359875725,0,0,0,439,2932                           
2026-10-06T20:41:01.059	TEL,396,S2,1359895725,0,0,0,436,2930                           
2026-10-06T20:41:01.087	TEL,397,S2,1359915725,0,0,0,445,2930                           
2026-10-06T20:41:01.098	TEL,398,S2,1359935725,0,0,0,445,2932                           
2026-10-06T20:41:01.121	TEL,399,S2,1359955725,0,0,0,448,2932                           
2026-10-06T20:41:01.139	TEL,400,S2,1359975725,0,0,0,448,2930                           
2026-10-06T20:41:01.160	TEL,401,S2,1359995725,0,0,0,445,2930                           
2026-10-06T20:41:01.201	TEL,402,S2,1360015731,0,0,0,445,2932                           
2026-10-06T20:41:01.201	BTN,10,S2,PRESSED,1360015718,1360015750                        
2026-10-06T20:41:01.201	TEL,403,S2,1360035725,0,0,0,442,2932                           
2026-10-06T20:41:01.223	TEL,404,S2,1360055725,0,0,0,445,2937                           
2026-10-06T20:41:01.233	TEL,405,S2,1360075725,0,0,0,448,2937                           
2026-10-06T20:41:01.264	TEL,406,S2,1360095725,0,0,0,442,2932                           
2026-10-06T20:41:01.275	TEL,407,S2,1360115725,0,0,0,442,2932                           
2026-10-06T20:41:01.300	TEL,408,S2,1360135725,0,0,0,439,2928                           
2026-10-06T20:41:01.321	TEL,409,S2,1360155725,0,0,0,439,2928                           
2026-10-06T20:41:01.337	TEL,410,S2,1360175725,0,0,0,442,2930                           
2026-10-06T20:41:01.358	TEL,411,S2,1360195725,0,0,0,448,2930                           
2026-10-06T20:41:01.387	TEL,412,S2,1360215725,0,0,0,448,2932                           
2026-10-06T20:41:01.403	TEL,413,S2,1360235725,0,0,0,442,2932                           
2026-10-06T20:41:01.425	TEL,414,S2,1360255725,0,0,0,448,2935                           
2026-10-06T20:41:01.443	TEL,415,S2,1360275725,0,0,0,451,2935                           
2026-10-06T20:41:01.462	BTN,11,S2,PRESSED,1360292952,1360292959                        
2026-10-06T20:41:01.462	TEL,416,S2,1360295725,0,0,0,454,2937                           
2026-10-06T20:41:01.483	TEL,417,S2,1360315725,0,0,0,445,2937                           
2026-10-06T20:41:01.504	TEL,418,S2,1360335725,0,0,0,439,2930                           
2026-10-06T20:41:01.520	TEL,419,S2,1360355725,0,0,0,445,2930                           
2026-10-06T20:41:01.545	TEL,420,S2,1360375725,0,0,0,445,2932                           
2026-10-06T20:41:01.556	TEL,421,S2,1360395725,0,0,0,448,2932                           
2026-10-06T20:41:01.587	TEL,422,S2,1360415725,0,0,0,448,2932                           
2026-10-06T20:41:01.598	TEL,423,S2,1360435725,0,0,0,448,2932                           
2026-10-06T20:41:01.625	TEL,424,S2,1360455725,0,0,0,448,2932                           
2026-10-06T20:41:01.643	TEL,425,S2,1360475725,0,0,0,439,2932                           
2026-10-06T20:41:01.663	TEL,426,S2,1360495725,0,0,0,439,2932                           
2026-10-06T20:41:01.683	TEL,427,S2,1360515725,0,0,0,442,2932                           
2026-10-06T20:41:01.705	TEL,428,S2,1360535725,0,0,0,442,2930                           
2026-10-06T20:41:01.721	TEL,429,S2,1360555725,0,0,0,442,2930                           
2026-10-06T20:41:01.743	TEL,430,S2,1360575725,0,0,0,442,2930                           
2026-10-06T20:41:01.754	TEL,431,S2,1360595725,0,0,0,448,2930                           
2026-10-06T20:41:01.786	TEL,432,S2,1360615725,0,0,0,448,2930                           
2026-10-06T20:41:01.802	TEL,433,S2,1360635725,0,0,0,448,2930                           
2026-10-06T20:41:01.827	TEL,434,S2,1360655725,0,0,0,445,2928                           
2026-10-06T20:41:01.840	TEL,435,S2,1360675725,0,0,0,436,2928                           
2026-10-06T20:41:01.864	TEL,436,S2,1360695725,0,0,0,439,2932                           
2026-10-06T20:41:01.883	TEL,437,S2,1360715725,0,0,0,448,2932                           
2026-10-06T20:41:01.904	TEL,438,S2,1360735725,0,0,0,445,2928                           
2026-10-06T20:41:01.923	TEL,439,S2,1360755725,0,0,0,445,2928                           
2026-10-06T20:41:01.944	TEL,440,S2,1360775725,0,0,0,445,2927                           
2026-10-06T20:41:01.962	TEL,441,S2,1360795725,0,0,0,442,2927                           
2026-10-06T20:41:01.983	TEL,442,S2,1360815725,0,0,0,445,2932                           
2026-10-06T20:41:01.993	TEL,443,S2,1360835725,0,0,0,439,2932                           
2026-10-06T20:41:02.025	TEL,444,S2,1360855725,0,0,0,439,2932                           
2026-10-06T20:41:02.038	TEL,445,S2,1360875725,0,0,0,445,2932                           
2026-10-06T20:41:02.067	TEL,446,S2,1360895725,0,0,0,445,2932                           
2026-10-06T20:41:02.077	TEL,447,S2,1360915725,0,0,0,448,2932                           
2026-10-06T20:41:02.105	TEL,448,S2,1360935725,0,0,0,448,2932                           
2026-10-06T20:41:02.123	TEL,449,S2,1360955725,0,0,0,448,2932                           
2026-10-06T20:41:02.145	TEL,450,S2,1360975725,0,0,0,448,2932                           
2026-10-06T20:41:02.183	BTN,12,S2,PRESSED,1360995226,1360995233                        
2026-10-06T20:41:02.183	TEL,451,S2,1360995725,0,0,0,442,2932                           
2026-10-06T20:41:02.183	TEL,452,S2,1361015725,0,0,0,457,2946                           
2026-10-06T20:41:02.205	TEL,453,S2,1361035725,0,0,0,462,2946                           
2026-10-06T20:41:02.222	TEL,454,S2,1361055725,0,0,0,448,2930                           
2026-10-06T20:41:02.243	TEL,455,S2,1361075725,0,0,0,445,2930                           
2026-10-06T20:41:02.254	TEL,456,S2,1361095725,0,0,0,448,2933                           
2026-10-06T20:41:02.285	TEL,457,S2,1361115725,0,0,0,451,2933                           
2026-10-06T20:41:02.295	TEL,458,S2,1361135725,0,0,0,448,2930                           
2026-10-06T20:41:02.327	TEL,459,S2,1361155725,0,0,0,442,2930                           
2026-10-06T20:41:02.337	TEL,460,S2,1361175725,0,0,0,442,2930                           
2026-10-06T20:41:02.358	TEL,461,S2,1361195725,0,0,0,448,2930                           
2026-10-06T20:41:02.379	TEL,462,S2,1361215725,0,0,0,448,2932                           
2026-10-06T20:41:02.425	TEL,463,S2,1361235725,0,0,0,445,2932                           
2026-10-06T20:41:02.425	BTN,13,S2,PRESSED,1361243212,1361243219                        
2026-10-06T20:41:02.425	TEL,464,S2,1361255725,0,0,0,445,2932                           
2026-10-06T20:41:02.442	TEL,465,S2,1361275725,0,0,0,442,2932                           
2026-10-06T20:41:02.464	TEL,466,S2,1361295725,0,0,0,442,2930                           
2026-10-06T20:41:02.474	TEL,467,S2,1361315725,0,0,0,448,2930                           
2026-10-06T20:41:02.504	TEL,468,S2,1361335725,0,0,0,448,2932                           
2026-10-06T20:41:02.520	TEL,469,S2,1361355725,0,0,0,448,2932                           
2026-10-06T20:41:02.545	TEL,470,S2,1361375725,0,0,0,448,2932                           
2026-10-06T20:41:02.556	TEL,471,S2,1361395725,0,0,0,448,2932                           
2026-10-06T20:41:02.587	TEL,472,S2,1361415725,0,0,0,448,2930                           
2026-10-06T20:41:02.598	TEL,473,S2,1361435725,0,0,0,442,2930                           
2026-10-06T20:41:02.623	TEL,474,S2,1361455725,0,0,0,445,2933                           
2026-10-06T20:41:02.643	TEL,475,S2,1361475725,0,0,0,439,2933                           
2026-10-06T20:41:02.664	TEL,476,S2,1361495725,0,0,0,439,2932                           
2026-10-06T20:41:02.683	TEL,477,S2,1361515725,0,0,0,445,2932                           
2026-10-06T20:41:02.702	TEL,478,S2,1361535725,0,0,0,445,2930                           
2026-10-06T20:41:02.722	TEL,479,S2,1361555725,0,0,0,442,2930                           
2026-10-06T20:41:02.743	TEL,480,S2,1361575725,0,0,0,442,2930                           
2026-10-06T20:41:02.754	TEL,481,S2,1361595725,0,0,0,442,2930                           
2026-10-06T20:41:02.786	TEL,482,S2,1361615725,0,0,0,436,2923                           
2026-10-06T20:41:02.795	TEL,483,S2,1361635725,0,0,0,436,2923                           
2026-10-06T20:41:02.827	TEL,484,S2,1361655725,0,0,0,445,2933                           
2026-10-06T20:41:02.836	TEL,485,S2,1361675725,0,0,0,448,2933                           
2026-10-06T20:41:02.867	TEL,486,S2,1361695725,0,0,0,445,2930                           
2026-10-06T20:41:02.883	TEL,487,S2,1361715725,0,0,0,445,2930                           
2026-10-06T20:41:02.905	TEL,488,S2,1361735725,0,0,0,445,2930                           
2026-10-06T20:41:02.943	TEL,489,S2,1361755725,0,0,0,448,2930                           
2026-10-06T20:41:02.943	BTN,14,S2,PRESSED,1361771019,1361771026                        
2026-10-06T20:41:02.943	TEL,490,S2,1361775725,0,0,0,448,2932                           
2026-10-06T20:41:02.964	TEL,491,S2,1361795725,0,0,0,445,2932                           
2026-10-06T20:41:02.973	TEL,492,S2,1361815725,0,0,0,445,2930                           
2026-10-06T20:41:03.004	TEL,493,S2,1361835725,0,0,0,448,2930                           
2026-10-06T20:41:03.021	TEL,494,S2,1361855725,0,0,0,448,2932                           
2026-10-06T20:41:03.045	TEL,495,S2,1361875725,0,0,0,448,2932                           
2026-10-06T20:41:03.066	TEL,496,S2,1361895725,0,0,0,448,2930                           
2026-10-06T20:41:03.086	TEL,497,S2,1361915725,0,0,0,448,2930                           
2026-10-06T20:41:03.098	TEL,498,S2,1361935725,0,0,0,448,2932                           
2026-10-06T20:41:03.121	TEL,499,S2,1361955725,0,0,0,445,2932                           
2026-10-06T20:41:03.143	TEL,500,S2,1361975725,0,0,0,445,2930                           
2026-10-06T20:41:03.160	TEL,501,S2,1361995725,0,0,0,448,2930                           
2026-10-06T20:41:03.183	TEL,502,S2,1362015725,0,0,0,448,2930                           
2026-10-06T20:41:03.205	TEL,503,S2,1362035725,0,0,0,445,2930                           
2026-10-06T20:41:03.221	TEL,504,S2,1362055725,0,0,0,445,2930                           
2026-10-06T20:41:03.243	TEL,505,S2,1362075725,0,0,0,448,2930                           
2026-10-06T20:41:03.254	TEL,506,S2,1362095725,0,0,0,448,2932                           
2026-10-06T20:41:03.306	TEL,507,S2,1362115725,0,0,0,445,2932                           
2026-10-06T20:41:03.306	BTN,15,S2,PRESSED,1362121734,1362121741                        
2026-10-06T20:41:03.306	TEL,508,S2,1362135725,0,0,0,445,2932                           
2026-10-06T20:41:03.320	TEL,509,S2,1362155725,0,0,0,445,2932                           
2026-10-06T20:41:03.344	TEL,510,S2,1362175725,0,0,0,445,2932                           
2026-10-06T20:41:03.358	TEL,511,S2,1362195725,0,0,0,448,2932                           
2026-10-06T20:41:03.379	TEL,512,S2,1362215725,0,0,0,448,2932                           
2026-10-06T20:41:03.403	TEL,513,S2,1362235725,0,0,0,448,2932                           
2026-10-06T20:41:03.425	TEL,514,S2,1362255725,0,0,0,448,2932                           
2026-10-06T20:41:03.441	TEL,515,S2,1362275725,0,0,0,448,2932                           
2026-10-06T20:41:03.465	TEL,516,S2,1362295725,0,0,0,448,2932                           
2026-10-06T20:41:03.482	TEL,517,S2,1362315725,0,0,0,448,2932                           
2026-10-06T20:41:03.503	TEL,518,S2,1362335725,0,0,0,448,2930                           
2026-10-06T20:41:03.522	TEL,519,S2,1362355725,0,0,0,442,2930                           
2026-10-06T20:41:03.545	TEL,520,S2,1362375725,0,0,0,442,2930                           
2026-10-06T20:41:03.558	TEL,521,S2,1362395725,0,0,0,448,2930                           
2026-10-06T20:41:03.587	TEL,522,S2,1362415725,0,0,0,448,2932                           
2026-10-06T20:41:03.597	TEL,523,S2,1362435725,0,0,0,442,2932                           
2026-10-06T20:41:03.630	BTN,16,S2,PRESSED,1362453762,1362453769                        
2026-10-06T20:41:03.630	TEL,524,S2,1362455725,0,0,0,442,2932                           
2026-10-06T20:41:03.645	TEL,525,S2,1362475725,0,0,0,433,2932                           
2026-10-06T20:41:03.664	TEL,526,S2,1362495725,0,0,0,433,2932                           
2026-10-06T20:41:03.683	TEL,527,S2,1362515725,0,0,0,442,2932                           
2026-10-06T20:41:03.701	TEL,528,S2,1362535725,0,0,0,442,2932                           
2026-10-06T20:41:03.722	TEL,529,S2,1362555725,0,0,0,442,2932                           
2026-10-06T20:41:03.743	TEL,530,S2,1362575725,0,0,0,442,2932                           
2026-10-06T20:41:03.754	TEL,531,S2,1362595725,0,0,0,448,2932                           
2026-10-06T20:41:03.786	TEL,532,S2,1362615725,0,0,0,448,2932                           
2026-10-06T20:41:03.798	TEL,533,S2,1362635725,0,0,0,442,2932                           
2026-10-06T20:41:03.820	TEL,534,S2,1362655725,0,0,0,442,2932                           
2026-10-06T20:41:03.837	TEL,535,S2,1362675725,0,0,0,448,2932                           
2026-10-06T20:41:03.858	BTN,17,S2,PRESSED,1362691876,1362691883                        
2026-10-06T20:41:03.858	TEL,536,S2,1362695725,0,0,0,448,2932                           
2026-10-06T20:41:03.884	TEL,537,S2,1362715725,0,0,0,445,2932                           
2026-10-06T20:41:03.905	TEL,538,S2,1362735725,0,0,0,442,2928                           
2026-10-06T20:41:03.921	TEL,539,S2,1362755725,0,0,0,445,2928                           
2026-10-06T20:41:03.945	TEL,540,S2,1362775725,0,0,0,448,2932                           
2026-10-06T20:41:03.962	TEL,541,S2,1362795725,0,0,0,448,2932                           
2026-10-06T20:41:03.983	TEL,542,S2,1362815725,0,0,0,448,2930                           
2026-10-06T20:41:03.993	TEL,543,S2,1362835725,0,0,0,448,2930                           
2026-10-06T20:41:04.025	TEL,544,S2,1362855725,0,0,0,448,2930                           
2026-10-06T20:41:04.035	TEL,545,S2,1362875725,0,0,0,442,2930                           
2026-10-06T20:41:04.057	TEL,546,S2,1362895725,0,0,0,445,2933                           
2026-10-06T20:41:04.079	TEL,547,S2,1362915725,0,0,0,439,2933                           
2026-10-06T20:41:04.105	TEL,548,S2,1362935725,0,0,0,436,2930                           
2026-10-06T20:41:04.123	TEL,549,S2,1362955725,0,0,0,448,2930                           
2026-10-06T20:41:04.143	TEL,550,S2,1362975725,0,0,0,448,2932                           
2026-10-06T20:41:04.153	TEL,551,S2,1362995725,0,0,0,448,2932                           
2026-10-06T20:41:04.184	TEL,552,S2,1363015725,0,0,0,448,2932                           
2026-10-06T20:41:04.198	TEL,553,S2,1363035725,0,0,0,439,2932                           
2026-10-06T20:41:04.238	TEL,554,S2,1363055725,0,0,0,433,2927                           
2026-10-06T20:41:04.238	BTN,18,S2,PRESSED,1363067054,1363067061                        
2026-10-06T20:41:04.238	TEL,555,S2,1363075725,0,0,0,436,2927                           
2026-10-06T20:41:04.262	TEL,556,S2,1363095725,0,0,0,439,2930                           
2026-10-06T20:41:04.285	TEL,557,S2,1363115725,0,0,0,442,2930                           
2026-10-06T20:41:04.302	TEL,558,S2,1363135725,0,0,0,442,2932                           
2026-10-06T20:41:04.323	TEL,559,S2,1363155725,0,0,0,445,2932                           
2026-10-06T20:41:04.343	TEL,560,S2,1363175725,0,0,0,445,2930                           
2026-10-06T20:41:04.363	TEL,561,S2,1363195725,0,0,0,445,2930                           
2026-10-06T20:41:04.374	TEL,562,S2,1363215725,0,0,0,445,2932                           
2026-10-06T20:41:04.406	TEL,563,S2,1363235725,0,0,0,448,2932                           
2026-10-06T20:41:04.420	TEL,564,S2,1363255725,0,0,0,457,2939                           
2026-10-06T20:41:04.447	BTN,19,S2,PRESSED,1363274484,1363274491                        
2026-10-06T20:41:04.447	TEL,565,S2,1363275725,0,0,0,457,2939                           
2026-10-06T20:41:04.458	TEL,566,S2,1363295725,0,0,0,460,2944                           
2026-10-06T20:41:04.479	TEL,567,S2,1363315725,0,0,0,457,2944                           
2026-10-06T20:41:04.504	TEL,568,S2,1363335725,0,0,0,442,2932                           
2026-10-06T20:41:04.522	TEL,569,S2,1363355725,0,0,0,448,2932                           
2026-10-06T20:41:04.541	TEL,570,S2,1363375725,0,0,0,448,2932                           
2026-10-06T20:41:04.562	TEL,571,S2,1363395725,0,0,0,448,2932                           
2026-10-06T20:41:04.583	TEL,572,S2,1363415725,0,0,0,448,2932                           
2026-10-06T20:41:04.593	TEL,573,S2,1363435725,0,0,0,439,2932                           
2026-10-06T20:41:04.625	TEL,574,S2,1363455725,0,0,0,439,2932                           
2026-10-06T20:41:04.656	TEL,575,S2,1363475725,0,0,0,442,2932                           
2026-10-06T20:41:04.656	BTN,20,S2,PRESSED,1363481671,1363481678                        
2026-10-06T20:41:04.656	TEL,576,S2,1363495725,0,0,0,439,2928                           
2026-10-06T20:41:04.686	TEL,577,S2,1363515725,0,0,0,445,2928                           
2026-10-06T20:41:04.701	TEL,578,S2,1363535725,0,0,0,448,2932                           
2026-10-06T20:41:04.725	TEL,579,S2,1363555725,0,0,0,448,2932                           
2026-10-06T20:41:04.742	TEL,580,S2,1363575725,0,0,0,448,2932                           
2026-10-06T20:41:04.760	TEL,581,S2,1363595725,0,0,0,448,2932                           
2026-10-06T20:41:04.780	TEL,582,S2,1363615725,0,0,0,448,2932                           
2026-10-06T20:41:04.801	TEL,583,S2,1363635725,0,0,0,448,2932                           
2026-10-06T20:41:04.842	TEL,584,S2,1363655725,0,0,0,448,2930                           
2026-10-06T20:41:04.842	BTN,21,S2,PRESSED,1363661144,1363661151                        
2026-10-06T20:41:04.842	TEL,585,S2,1363675725,0,0,0,442,2930                           
2026-10-06T20:41:04.852	TEL,586,S2,1363695725,0,0,0,442,2932                           
2026-10-06T20:41:04.882	TEL,587,S2,1363715725,0,0,0,448,2932                           
2026-10-06T20:41:04.893	TEL,588,S2,1363735725,0,0,0,451,2935                           
2026-10-06T20:41:04.925	TEL,589,S2,1363755725,0,0,0,451,2935                           
2026-10-06T20:41:04.942	TEL,590,S2,1363775725,0,0,0,445,2932                           
2026-10-06T20:41:04.964	TEL,591,S2,1363795725,0,0,0,448,2932                           
2026-10-06T20:41:04.980	TEL,592,S2,1363815725,0,0,0,451,2935                           
2026-10-06T20:41:05.005	TEL,593,S2,1363835725,0,0,0,451,2935                           
2026-10-06T20:41:05.020	TEL,594,S2,1363855725,0,0,0,448,2932                           
2026-10-06T20:41:05.056	TEL,595,S2,1363875725,0,0,0,448,2932                           
2026-10-06T20:41:05.056	BTN,22,S2,PRESSED,1363879624,1363879631                        
2026-10-06T20:41:05.056	TEL,596,S2,1363895725,0,0,0,448,2932                           
2026-10-06T20:41:05.078	TEL,597,S2,1363915725,0,0,0,448,2932                           
2026-10-06T20:41:05.098	TEL,598,S2,1363935725,0,0,0,448,2932                           
2026-10-06T20:41:05.120	TEL,599,S2,1363955725,0,0,0,445,2932                           
2026-10-06T20:41:05.143	TEL,600,S2,1363975725,0,0,0,445,2932                           
2026-10-06T20:41:05.158	TEL,601,S2,1363995725,0,0,0,445,2932                           
2026-10-06T20:41:05.179	TEL,602,S2,1364015725,0,0,0,445,2932                           
2026-10-06T20:41:05.199	TEL,603,S2,1364035725,0,0,0,445,2932                           
2026-10-06T20:41:05.225	TEL,604,S2,1364055725,0,0,0,445,2932                           
2026-10-06T20:41:05.246	BTN,23,S2,PRESSED,1364072265,1364072272                        
2026-10-06T20:41:05.246	TEL,605,S2,1364075725,0,0,0,448,2932                           
2026-10-06T20:41:05.260	TEL,606,S2,1364095725,0,0,0,448,2932                           
2026-10-06T20:41:05.280	TEL,607,S2,1364115725,0,0,0,445,2932                           
2026-10-06T20:41:05.301	TEL,608,S2,1364135725,0,0,0,445,2930                           
2026-10-06T20:41:05.326	TEL,609,S2,1364155725,0,0,0,445,2930                           
2026-10-06T20:41:05.340	TEL,610,S2,1364175725,0,0,0,439,2925                           
2026-10-06T20:41:05.362	TEL,611,S2,1364195725,0,0,0,436,2925                           
2026-10-06T20:41:05.382	TEL,612,S2,1364215725,0,0,0,442,2930                           
2026-10-06T20:41:05.403	TEL,613,S2,1364235725,0,0,0,448,2930                           
2026-10-06T20:41:05.420	TEL,614,S2,1364255725,0,0,0,448,2932                           
2026-10-06T20:41:05.446	TEL,615,S2,1364275725,0,0,0,439,2932                           
2026-10-06T20:41:05.478	TEL,616,S2,1364295725,0,0,0,439,2932                           
2026-10-06T20:41:05.478	BTN,24,S2,PRESSED,1364299946,1364299953                        
2026-10-06T20:41:05.478	TEL,617,S2,1364315725,0,0,0,445,2932                           
2026-10-06T20:41:05.504	TEL,618,S2,1364335725,0,0,0,445,2932                           
2026-10-06T20:41:05.520	TEL,619,S2,1364355725,0,0,0,439,2932                           
2026-10-06T20:41:05.537	TEL,620,S2,1364375725,0,0,0,436,2930                           
2026-10-06T20:41:05.558	TEL,621,S2,1364395725,0,0,0,448,2930                           
2026-10-06T20:41:05.585	TEL,622,S2,1364415725,0,0,0,445,2928                           
2026-10-06T20:41:05.598	TEL,623,S2,1364435725,0,0,0,445,2928                           
2026-10-06T20:41:05.626	TEL,624,S2,1364455725,0,0,0,448,2932                           
2026-10-06T20:41:05.640	TEL,625,S2,1364475725,0,0,0,448,2932                           
2026-10-06T20:41:05.666	TEL,626,S2,1364495725,0,0,0,448,2930                           
2026-10-06T20:41:05.701	TEL,627,S2,1364515725,0,0,0,442,2930                           
2026-10-06T20:41:05.701	BTN,25,S2,PRESSED,1364522098,1364522106                        
2026-10-06T20:41:05.701	TEL,628,S2,1364535725,0,0,0,442,2932                           
2026-10-06T20:41:05.726	TEL,629,S2,1364555725,0,0,0,442,2932                           
2026-10-06T20:41:05.732	TEL,630,S2,1364575725,0,0,0,442,2930                           
2026-10-06T20:41:05.765	TEL,631,S2,1364595725,0,0,0,448,2930                           
2026-10-06T20:41:05.783	TEL,632,S2,1364615725,0,0,0,448,2932                           
2026-10-06T20:41:05.803	TEL,633,S2,1364635725,0,0,0,448,2932                           
2026-10-06T20:41:05.820	TEL,634,S2,1364655725,0,0,0,448,2932                           
2026-10-06T20:41:05.844	TEL,635,S2,1364675725,0,0,0,445,2932                           
2026-10-06T20:41:05.854	TEL,636,S2,1364695725,0,0,0,445,2932                           
2026-10-06T20:41:05.895	BTN,26,S2,PRESSED,1364715343,1364715350                        
2026-10-06T20:41:05.895	TEL,637,S2,1364715725,0,0,0,445,2932                           
2026-10-06T20:41:05.895	TEL,638,S2,1364735725,0,0,0,457,2944                           
2026-10-06T20:41:05.926	TEL,639,S2,1364755725,0,0,0,451,2944                           
2026-10-06T20:41:05.936	TEL,640,S2,1364775725,0,0,0,439,2932                           
2026-10-06T20:41:05.957	TEL,641,S2,1364795725,0,0,0,448,2932                           
2026-10-06T20:41:05.978	TEL,642,S2,1364815725,0,0,0,448,2930                           
2026-10-06T20:41:05.999	TEL,643,S2,1364835725,0,0,0,448,2930                           
2026-10-06T20:41:06.020	TEL,644,S2,1364855725,0,0,0,448,2932                           
2026-10-06T20:41:06.040	TEL,645,S2,1364875725,0,0,0,448,2932                           
2026-10-06T20:41:06.060	TEL,646,S2,1364895725,0,0,0,448,2932                           
2026-10-06T20:41:06.081	TEL,647,S2,1364915725,0,0,0,442,2932                           
2026-10-06T20:41:06.104	BTN,27,S2,PRESSED,1364933000,1364933007                        
2026-10-06T20:41:06.104	TEL,648,S2,1364935725,0,0,0,442,2930                           
2026-10-06T20:41:06.122	TEL,649,S2,1364955725,0,0,0,436,2930                           
2026-10-06T20:41:06.143	TEL,650,S2,1364975725,0,0,0,436,2928                           
2026-10-06T20:41:06.153	TEL,651,S2,1364995725,0,0,0,442,2928                           
2026-10-06T20:41:06.186	TEL,652,S2,1365015725,0,0,0,445,2930                           
2026-10-06T20:41:06.194	TEL,653,S2,1365035725,0,0,0,445,2930                           
2026-10-06T20:41:06.225	TEL,654,S2,1365055725,0,0,0,445,2932                           
2026-10-06T20:41:06.234	TEL,655,S2,1365075725,0,0,0,448,2932                           
2026-10-06T20:41:06.265	TEL,656,S2,1365095725,0,0,0,445,2928                           
2026-10-06T20:41:06.282	TEL,657,S2,1365115725,0,0,0,445,2928                           
2026-10-06T20:41:06.296	TEL,658,S2,1365135725,0,0,0,445,2927                           
2026-10-06T20:41:06.337	BTN,28,S2,PRESSED,1365155283,1365155290                        
2026-10-06T20:41:06.337	TEL,659,S2,1365155725,0,0,0,445,2927                           
2026-10-06T20:41:06.337	TEL,660,S2,1365175725,0,0,0,460,2944                           
2026-10-06T20:41:06.357	TEL,661,S2,1365195725,0,0,0,457,2944                           
2026-10-06T20:41:06.378	TEL,662,S2,1365215725,0,0,0,442,2930                           
2026-10-06T20:41:06.403	TEL,663,S2,1365235725,0,0,0,448,2930                           
2026-10-06T20:41:06.420	TEL,664,S2,1365255725,0,0,0,448,2932                           
2026-10-06T20:41:06.439	TEL,665,S2,1365275725,0,0,0,448,2932                           
2026-10-06T20:41:06.459	TEL,666,S2,1365295725,0,0,0,448,2932                           
2026-10-06T20:41:06.486	TEL,667,S2,1365315725,0,0,0,448,2932                           
2026-10-06T20:41:06.500	TEL,668,S2,1365335725,0,0,0,448,2932                           
2026-10-06T20:41:06.527	BTN,29,S2,PRESSED,1365352405,1365352412                        
2026-10-06T20:41:06.527	TEL,669,S2,1365355725,0,0,0,448,2932                           
2026-10-06T20:41:06.541	TEL,670,S2,1365375725,0,0,0,451,2933                           
2026-10-06T20:41:06.561	TEL,671,S2,1365395725,0,0,0,445,2933                           
2026-10-06T20:41:06.581	TEL,672,S2,1365415725,0,0,0,439,2928                           
2026-10-06T20:41:06.602	TEL,673,S2,1365435725,0,0,0,439,2928                           
2026-10-06T20:41:06.621	TEL,674,S2,1365455725,0,0,0,445,2933                           
2026-10-06T20:41:06.643	TEL,675,S2,1365475725,0,0,0,448,2933                           
2026-10-06T20:41:06.658	TEL,676,S2,1365495725,0,0,0,445,2930                           
2026-10-06T20:41:06.684	TEL,677,S2,1365515725,0,0,0,442,2930                           
2026-10-06T20:41:06.695	TEL,678,S2,1365535725,0,0,0,442,2932                           
2026-10-06T20:41:06.726	TEL,679,S2,1365555725,0,0,0,448,2932                           
2026-10-06T20:41:06.974	TEL,680,S2,1365575725,0,0,0,448,2932                           
2026-10-06T20:41:06.974	BTN,30,S2,PRESSED,1365578078,1365578085                        
2026-10-06T20:41:06.974	ACK,STOP,S2
2026-10-06T20:41:06.974	LOG,S2,1,1357652588,1357652595,1357652605,1357652626,1357658180,ok
2026-10-06T20:41:06.974	LOG,S2,2,1358060199,1358060206,1358060216,1358061314,1358066866,ok
2026-10-06T20:41:06.974	LOG,S2,3,1358352776,1358352783,1358352792,1358352814,1358358369,ok
2026-10-06T20:41:06.974	LOG,S2,4,1358608085,1358608092,1358608101,1358608122,1358613672,ok
2026-10-06T20:41:06.974	LOG,S2,5,1358855560,1358855567,1358855577,1358855598,1358861148,ok
2026-10-06T20:41:06.974	LOG,S2,6,1359140239,1359140246,1359140255,1359141320,1359146871,ok
2026-10-06T20:41:06.974	LOG,S2,7,1359393879,1359393886,1359393895,1359393916,1359399470,ok
2026-10-06T20:41:06.974	LOG,S2,8,1359581420,1359581427,1359581436,1359581458,1359587008,ok
2026-10-06T20:41:06.974	LOG,S2,9,1359776641,1359776648,1359776657,1359781318,1359786870,ok
2026-10-06T20:41:06.974	LOG,S2,10,1360015718,1360015750,1360015760,1360021350,1360026902,ok
2026-10-06T20:41:06.974	LOG,S2,11,1360292952,1360292959,1360292969,1360292990,1360298541,ok
2026-10-06T20:41:06.974	LOG,S2,12,1360995226,1360995233,1360995243,1360995264,1361000818,ok
2026-10-06T20:41:06.974	LOG,S2,13,1361243212,1361243219,1361243229,1361243250,1361248806,ok
2026-10-06T20:41:06.974	LOG,S2,14,1361771019,1361771026,1361771035,1361771056,1361776606,ok
2026-10-06T20:41:06.974	LOG,S2,15,1362121734,1362121741,1362121751,1362121772,1362127329,ok
2026-10-06T20:41:06.974	LOG,S2,16,1362453762,1362453769,1362453778,1362453799,1362459349,ok
2026-10-06T20:41:06.974	LOG,S2,17,1362691876,1362691883,1362691893,1362691914,1362697466,ok
2026-10-06T20:41:06.974	LOG,S2,18,1363067054,1363067061,1363067070,1363067091,1363072646,ok
2026-10-06T20:41:06.974	LOG,S2,19,1363274484,1363274491,1363274501,1363274522,1363280074,ok
2026-10-06T20:41:06.974	LOG,S2,20,1363481671,1363481678,1363481687,1363481709,1363487259,ok
2026-10-06T20:41:06.974	LOG,S2,21,1363661144,1363661151,1363661161,1363661315,1363666867,ok
2026-10-06T20:41:06.974	LOG,S2,22,1363879624,1363879631,1363879641,1363881319,1363886870,ok
2026-10-06T20:41:06.974	LOG,S2,23,1364072265,1364072272,1364072282,1364072303,1364077858,ok
2026-10-06T20:41:06.974	LOG,S2,24,1364299946,1364299953,1364299963,1364301314,1364306866,ok
2026-10-06T20:41:06.974	LOG,S2,25,1364522098,1364522106,1364522115,1364522136,1364527692,ok
2026-10-06T20:41:06.974	LOG,S2,26,1364715343,1364715350,1364715360,1364715381,1364720933,ok
2026-10-06T20:41:06.974	LOG,S2,27,1364933000,1364933007,1364933017,1364933038,1364938588,ok
2026-10-06T20:41:06.974	LOG,S2,28,1365155283,1365155290,1365155300,1365155321,1365160870,ok
2026-10-06T20:41:06.974	LOG,S2,29,1365352405,1365352412,1365352421,1365352442,1365357994,ok
2026-10-06T20:41:06.974	LOG,S2,30,1365578078,1365578085,1365578094,1365581322,1365586872,ok
2026-10-06T20:41:06.974	CNT,accepted,30
2026-10-06T20:41:06.974	CNT,logged,30
2026-10-06T20:41:06.974	CNT,bounce_rejected,14
2026-10-06T20:41:06.974	CNT,ignored,0
2026-10-06T20:41:06.974	CNT,btn_q_drop,0
2026-10-06T20:41:06.974	CNT,btn_tx_drop,0
2026-10-06T20:41:06.974	CNT,tel_sent,680
2026-10-06T20:41:06.974	CNT,tel_tx_drop,0
2026-10-06T20:41:06.974	CNT,tx_error,0
2026-10-06T20:41:06.974	CNT,tx_timeout,0
2026-10-06T20:41:06.974	CNT,log_overflow,0
2026-10-06T20:41:06.974	CNT,fmt_error,0
2026-10-06T20:41:06.974	CNT,tel_period_min_us,19855
2026-10-06T20:41:06.974	CNT,tel_period_max_us,20006
2026-10-06T20:41:06.974	CNT,work_min_us,0
2026-10-06T20:41:06.974	CNT,work_max_us,0
2026-10-06T20:41:06.974	CNT,hwm_telemetry_w,187
2026-10-06T20:41:06.974	CNT,hwm_uarttx_w,265
2026-10-06T20:41:06.974	CNT,heap_free_min_b,17512
2026-10-06T20:41:06.974	INF,variant,A
2026-10-06T20:41:06.974	INF,source,HW
2026-10-06T20:41:06.974	INF,events,30
2026-10-06T20:41:06.974	END,DUMP,S2
2026-10-06T20:41:06.974	ACK,START,S2,A,HW,30
2026-10-06T20:41:06.974	TEL,1,S2,1365801836,0,0,0,448,2932                             
2026-10-06T20:41:06.990	TEL,2,S2,1365821724,0,0,0,460,2942                             
2026-10-06T20:41:07.010	TEL,3,S2,1365841724,0,0,0,457,2942                             
2026-10-06T20:41:07.028	TEL,4,S2,1365861724,0,0,0,451,2935                             
2026-10-06T20:41:07.043	TEL,5,S2,1365881724,0,0,0,445,2935                             
2026-10-06T20:41:07.063	TEL,6,S2,1365901724,0,0,0,442,2932                             
2026-10-06T20:41:07.085	TEL,7,S2,1365921724,0,0,0,445,2932                             
2026-10-06T20:41:07.105	TEL,8,S2,1365941724,0,0,0,445,2932                             
2026-10-06T20:41:07.128	TEL,9,S2,1365961724,0,0,0,436,2932                             
2026-10-06T20:41:07.148	TEL,10,S2,1365981725,0,0,0,436,2932                            
2026-10-06T20:41:07.170	TEL,11,S2,1366001725,0,0,0,442,2932                            
2026-10-06T20:41:07.185	TEL,12,S2,1366021725,0,0,0,439,2928                            
2026-10-06T20:41:07.212	TEL,13,S2,1366041725,0,0,0,448,2928                            
2026-10-06T20:41:07.227	TEL,14,S2,1366061725,0,0,0,448,2928                            
2026-10-06T20:41:07.251	TEL,15,S2,1366081725,0,0,0,445,2928                            
2026-10-06T20:41:07.267	TEL,16,S2,1366101725,0,0,0,445,2928                            
2026-10-06T20:41:07.287	TEL,17,S2,1366121725,0,0,0,445,2928                            
2026-10-06T20:41:07.307	TEL,18,S2,1366141725,0,0,0,445,2928                            
2026-10-06T20:41:07.329	TEL,19,S2,1366161725,0,0,0,448,2928                            
2026-10-06T20:41:07.344	TEL,20,S2,1366181725,0,0,0,448,2928                            
2026-10-06T20:41:07.370	TEL,21,S2,1366201725,0,0,0,445,2928                            
2026-10-06T20:41:07.379	TEL,22,S2,1366221725,0,0,0,445,2928                            
2026-10-06T20:41:07.411	TEL,23,S2,1366241725,0,0,0,442,2928                            
2026-10-06T20:41:07.421	TEL,24,S2,1366261725,0,0,0,442,2927                            
2026-10-06T20:41:07.451	TEL,25,S2,1366281725,0,0,0,445,2927                            
2026-10-06T20:41:07.467	TEL,26,S2,1366301725,0,0,0,445,2928                            
2026-10-06T20:41:07.492	TEL,27,S2,1366321725,0,0,0,445,2928                            
2026-10-06T20:41:07.506	TEL,28,S2,1366341725,0,0,0,445,2928                            
2026-10-06T20:41:07.530	TEL,29,S2,1366361725,0,0,0,448,2928                            
2026-10-06T20:41:07.543	TEL,30,S2,1366381725,0,0,0,448,2928                            
2026-10-06T20:41:07.570	TEL,31,S2,1366401725,0,0,0,442,2928                            
2026-10-06T20:41:07.580	TEL,32,S2,1366421725,0,0,0,442,2928                            
2026-10-06T20:41:07.610	TEL,33,S2,1366441725,0,0,0,445,2928                            
2026-10-06T20:41:07.621	TEL,34,S2,1366461725,0,0,0,445,2928                            
2026-10-06T20:41:07.651	TEL,35,S2,1366481725,0,0,0,445,2928                            
2026-10-06T20:41:07.668	TEL,36,S2,1366501725,0,0,0,445,2928                            
2026-10-06T20:41:07.689	TEL,37,S2,1366521725,0,0,0,442,2928                            
2026-10-06T20:41:07.702	TEL,38,S2,1366541725,0,0,0,442,2928                            
2026-10-06T20:41:07.729	TEL,39,S2,1366561725,0,0,0,442,2928                            
2026-10-06T20:41:07.747	TEL,40,S2,1366581725,0,0,0,442,2928                            
2026-10-06T20:41:07.770	TEL,41,S2,1366601725,0,0,0,445,2928                            
2026-10-06T20:41:07.783	TEL,42,S2,1366621725,0,0,0,445,2928                            
2026-10-06T20:41:07.803	TEL,43,S2,1366641725,0,0,0,442,2928                            
2026-10-06T20:41:07.824	TEL,44,S2,1366661725,0,0,0,442,2928                            
2026-10-06T20:41:07.844	TEL,45,S2,1366681725,0,0,0,439,2928                            
2026-10-06T20:41:07.868	TEL,46,S2,1366701725,0,0,0,439,2927                            
2026-10-06T20:41:07.889	TEL,47,S2,1366721725,0,0,0,439,2927                            
2026-10-06T20:41:07.907	TEL,48,S2,1366741725,0,0,0,439,2928                            
2026-10-06T20:41:07.930	TEL,49,S2,1366761725,0,0,0,442,2928                            
2026-10-06T20:41:07.948	TEL,50,S2,1366781725,0,0,0,445,2930                            
2026-10-06T20:41:07.970	TEL,51,S2,1366801725,0,0,0,442,2930                            
2026-10-06T20:41:07.983	TEL,52,S2,1366821725,0,0,0,439,2928                            
2026-10-06T20:41:08.012	TEL,53,S2,1366841725,0,0,0,445,2928                            
2026-10-06T20:41:08.025	TEL,54,S2,1366861725,0,0,0,445,2928                            
2026-10-06T20:41:08.051	TEL,55,S2,1366881725,0,0,0,445,2928                            
2026-10-06T20:41:08.061	TEL,56,S2,1366901725,0,0,0,445,2928                            
2026-10-06T20:41:08.089	TEL,57,S2,1366921725,0,0,0,445,2928                            
2026-10-06T20:41:08.104	TEL,58,S2,1366941725,0,0,0,445,2928                            
2026-10-06T20:41:08.130	TEL,59,S2,1366961725,0,0,0,448,2928                            
2026-10-06T20:41:08.146	TEL,60,S2,1366981725,0,0,0,448,2928                            
2026-10-06T20:41:08.170	TEL,61,S2,1367001725,0,0,0,445,2928                            
2026-10-06T20:41:08.187	TEL,62,S2,1367021725,0,0,0,445,2928                            
2026-10-06T20:41:08.208	TEL,63,S2,1367041725,0,0,0,439,2928                            
2026-10-06T20:41:08.225	TEL,64,S2,1367061725,0,0,0,439,2928                            
2026-10-06T20:41:08.252	TEL,65,S2,1367081725,0,0,0,445,2928                            
2026-10-06T20:41:08.264	TEL,66,S2,1367101725,0,0,0,445,2928                            
2026-10-06T20:41:08.291	TEL,67,S2,1367121725,0,0,0,445,2928                            
2026-10-06T20:41:08.305	TEL,68,S2,1367141725,0,0,0,445,2928                            
2026-10-06T20:41:08.331	TEL,69,S2,1367161725,0,0,0,442,2928                            
2026-10-06T20:41:08.344	TEL,70,S2,1367181725,0,0,0,442,2928                            
2026-10-06T20:41:08.371	TEL,71,S2,1367201725,0,0,0,442,2928                            
2026-10-06T20:41:08.387	TEL,72,S2,1367221725,0,0,0,442,2928                            
2026-10-06T20:41:08.406	TEL,73,S2,1367241725,0,0,0,445,2928                            
2026-10-06T20:41:08.427	TEL,74,S2,1367261725,0,0,0,445,2927                            
2026-10-06T20:41:08.448	TEL,75,S2,1367281725,0,0,0,445,2927                            
2026-10-06T20:41:08.458	TEL,76,S2,1367301725,0,0,0,445,2928                            
2026-10-06T20:41:08.492	TEL,77,S2,1367321725,0,0,0,445,2928                            
2026-10-06T20:41:08.499	TEL,78,S2,1367341725,0,0,0,445,2928                            
2026-10-06T20:41:08.531	TEL,79,S2,1367361725,0,0,0,439,2928                            
2026-10-06T20:41:08.545	TEL,80,S2,1367381725,0,0,0,439,2928                            
2026-10-06T20:41:08.571	TEL,81,S2,1367401725,0,0,0,445,2928                            
2026-10-06T20:41:08.583	TEL,82,S2,1367421725,0,0,0,445,2928                            
2026-10-06T20:41:08.605	TEL,83,S2,1367441725,0,0,0,445,2928                            
2026-10-06T20:41:08.626	TEL,84,S2,1367461725,0,0,0,445,2928                            
2026-10-06T20:41:08.647	TEL,85,S2,1367481725,0,0,0,445,2928                            
2026-10-06T20:41:08.667	TEL,86,S2,1367501725,0,0,0,445,2928                            
2026-10-06T20:41:08.691	TEL,87,S2,1367521725,0,0,0,445,2928                            
2026-10-06T20:41:08.705	TEL,88,S2,1367541725,0,0,0,445,2928                            
2026-10-06T20:41:08.732	TEL,89,S2,1367561725,0,0,0,445,2928                            
2026-10-06T20:41:08.745	TEL,90,S2,1367581725,0,0,0,445,2927                            
2026-10-06T20:41:08.772	TEL,91,S2,1367601725,0,0,0,445,2927                            
2026-10-06T20:41:08.781	TEL,92,S2,1367621725,0,0,0,445,2928                            
2026-10-06T20:41:08.802	TEL,93,S2,1367641725,0,0,0,442,2928                            
2026-10-06T20:41:08.824	TEL,94,S2,1367661725,0,0,0,442,2928                            
2026-10-06T20:41:08.844	TEL,95,S2,1367681725,0,0,0,439,2928                            
2026-10-06T20:41:08.867	TEL,96,S2,1367701725,0,0,0,439,2928                            
2026-10-06T20:41:08.886	TEL,97,S2,1367721725,0,0,0,445,2928                            
2026-10-06T20:41:08.907	TEL,98,S2,1367741725,0,0,0,445,2928                            
2026-10-06T20:41:08.932	TEL,99,S2,1367761725,0,0,0,445,2928                            
2026-10-06T20:41:08.948	TEL,100,S2,1367781725,0,0,0,445,2928                           
2026-10-06T20:41:08.972	TEL,101,S2,1367801725,0,0,0,445,2928                           
2026-10-06T20:41:08.983	TEL,102,S2,1367821725,0,0,0,448,2932                           
2026-10-06T20:41:09.012	TEL,103,S2,1367841725,0,0,0,442,2932                           
2026-10-06T20:41:09.025	TEL,104,S2,1367861725,0,0,0,442,2932                           
2026-10-06T20:41:09.052	TEL,105,S2,1367881725,0,0,0,442,2932                           
2026-10-06T20:41:09.065	TEL,106,S2,1367901725,0,0,0,448,2935                           
2026-10-06T20:41:09.083	TEL,107,S2,1367921725,0,0,0,451,2935                           
2026-10-06T20:41:09.105	TEL,108,S2,1367941725,0,0,0,445,2932                           
2026-10-06T20:41:09.126	TEL,109,S2,1367961725,0,0,0,439,2932                           
2026-10-06T20:41:09.147	TEL,110,S2,1367981725,0,0,0,436,2930                           
2026-10-06T20:41:09.170	TEL,111,S2,1368001725,0,0,0,448,2930                           
2026-10-06T20:41:09.188	TEL,112,S2,1368021725,0,0,0,448,2930                           
2026-10-06T20:41:09.212	TEL,113,S2,1368041725,0,0,0,445,2930                           
2026-10-06T20:41:09.227	TEL,114,S2,1368061725,0,0,0,445,2932                           
2026-10-06T20:41:09.251	TEL,115,S2,1368081725,0,0,0,439,2932                           
2026-10-06T20:41:09.268	TEL,116,S2,1368101725,0,0,0,436,2930                           
2026-10-06T20:41:09.291	TEL,117,S2,1368121725,0,0,0,442,2930                           
2026-10-06T20:41:09.307	TEL,118,S2,1368141725,0,0,0,442,2930                           
2026-10-06T20:41:09.331	TEL,119,S2,1368161725,0,0,0,442,2930                           
2026-10-06T20:41:09.337	TEL,120,S2,1368181725,0,0,0,442,2932                           
2026-10-06T20:41:09.370	TEL,121,S2,1368201725,0,0,0,439,2932                           
2026-10-06T20:41:09.385	TEL,122,S2,1368221725,0,0,0,439,2932                           
2026-10-06T20:41:09.408	TEL,123,S2,1368241725,0,0,0,445,2932                           
2026-10-06T20:41:09.427	TEL,124,S2,1368261725,0,0,0,445,2932                           
2026-10-06T20:41:09.452	TEL,125,S2,1368281725,0,0,0,445,2932                           
2026-10-06T20:41:09.466	TEL,126,S2,1368301725,0,0,0,442,2928                           
2026-10-06T20:41:09.491	TEL,127,S2,1368321725,0,0,0,442,2928                           
2026-10-06T20:41:09.508	TEL,128,S2,1368341725,0,0,0,445,2930                           
2026-10-06T20:41:09.531	TEL,129,S2,1368361725,0,0,0,442,2930                           
2026-10-06T20:41:09.547	TEL,130,S2,1368381725,0,0,0,442,2930                           
2026-10-06T20:41:09.571	TEL,131,S2,1368401725,0,0,0,445,2930                           
2026-10-06T20:41:09.587	TEL,132,S2,1368421725,0,0,0,445,2930                           
2026-10-06T20:41:09.611	TEL,133,S2,1368441725,0,0,0,442,2930                           
2026-10-06T20:41:09.627	TEL,134,S2,1368461725,0,0,0,442,2932                           
2026-10-06T20:41:09.652	TEL,135,S2,1368481725,0,0,0,442,2932                           
2026-10-06T20:41:09.667	TEL,136,S2,1368501725,0,0,0,445,2933                           
2026-10-06T20:41:09.691	TEL,137,S2,1368521725,0,0,0,445,2933                           
2026-10-06T20:41:09.707	TEL,138,S2,1368541725,0,0,0,442,2930                           
2026-10-06T20:41:09.732	TEL,139,S2,1368561725,0,0,0,436,2930                           
2026-10-06T20:41:09.747	TEL,140,S2,1368581725,0,0,0,439,2932                           
2026-10-06T20:41:09.771	TEL,141,S2,1368601725,0,0,0,442,2932                           
2026-10-06T20:41:09.787	TEL,142,S2,1368621725,0,0,0,442,2932                           
2026-10-06T20:41:09.811	TEL,143,S2,1368641725,0,0,0,448,2932                           
2026-10-06T20:41:09.827	TEL,144,S2,1368661725,0,0,0,448,2932                           
2026-10-06T20:41:09.851	TEL,145,S2,1368681725,0,0,0,448,2932                           
2026-10-06T20:41:09.864	TEL,146,S2,1368701725,0,0,0,448,2932                           
2026-10-06T20:41:09.892	TEL,147,S2,1368721725,0,0,0,448,2932                           
2026-10-06T20:41:09.904	TEL,148,S2,1368741725,0,0,0,448,2930                           
2026-10-06T20:41:09.924	TEL,149,S2,1368761725,0,0,0,442,2930                           
2026-10-06T20:41:09.944	TEL,150,S2,1368781725,0,0,0,448,2937                           
2026-10-06T20:41:09.970	TEL,151,S2,1368801725,0,0,0,451,2937                           
2026-10-06T20:41:09.987	TEL,152,S2,1368821725,0,0,0,445,2930                           
2026-10-06T20:41:10.005	TEL,153,S2,1368841725,0,0,0,445,2930                           
2026-10-06T20:41:10.027	TEL,154,S2,1368861725,0,0,0,445,2932                           
2026-10-06T20:41:10.047	TEL,155,S2,1368881725,0,0,0,448,2932                           
2026-10-06T20:41:10.058	TEL,156,S2,1368901725,0,0,0,448,2932                           
2026-10-06T20:41:10.092	TEL,157,S2,1368921725,0,0,0,448,2932                           
2026-10-06T20:41:10.106	TEL,158,S2,1368941725,0,0,0,448,2930                           
2026-10-06T20:41:10.130	TEL,159,S2,1368961725,0,0,0,442,2930                           
2026-10-06T20:41:10.140	TEL,160,S2,1368981725,0,0,0,442,2932                           
2026-10-06T20:41:10.172	TEL,161,S2,1369001725,0,0,0,448,2932                           
2026-10-06T20:41:10.182	TEL,162,S2,1369021725,0,0,0,448,2932                           
2026-10-06T20:41:10.207	TEL,163,S2,1369041725,0,0,0,442,2932                           
2026-10-06T20:41:10.225	TEL,164,S2,1369061725,0,0,0,442,2932                           
2026-10-06T20:41:10.246	TEL,165,S2,1369081725,0,0,0,442,2932                           
2026-10-06T20:41:10.265	TEL,166,S2,1369101725,0,0,0,442,2930                           
2026-10-06T20:41:10.286	TEL,167,S2,1369121725,0,0,0,445,2930                           
2026-10-06T20:41:10.307	TEL,168,S2,1369141725,0,0,0,445,2930                           
2026-10-06T20:41:10.328	TEL,169,S2,1369161725,0,0,0,448,2930                           
2026-10-06T20:41:10.337	TEL,170,S2,1369181725,0,0,0,448,2932                           
2026-10-06T20:41:10.370	TEL,171,S2,1369201725,0,0,0,448,2932                           
2026-10-06T20:41:10.379	TEL,172,S2,1369221725,0,0,0,448,2930                           
2026-10-06T20:41:10.412	TEL,173,S2,1369241725,0,0,0,448,2930                           
2026-10-06T20:41:10.423	TEL,174,S2,1369261725,0,0,0,448,2932                           
2026-10-06T20:41:10.452	TEL,175,S2,1369281725,0,0,0,448,2932                           
2026-10-06T20:41:10.464	TEL,176,S2,1369301725,0,0,0,448,2932                           
2026-10-06T20:41:10.491	TEL,177,S2,1369321725,0,0,0,445,2932                           
2026-10-06T20:41:10.501	TEL,178,S2,1369341725,0,0,0,445,2930                           
2026-10-06T20:41:10.524	TEL,179,S2,1369361725,0,0,0,442,2930                           
2026-10-06T20:41:10.542	TEL,180,S2,1369381725,0,0,0,442,2932                           
2026-10-06T20:41:10.570	TEL,181,S2,1369401725,0,0,0,442,2932                           
2026-10-06T20:41:10.583	TEL,182,S2,1369421725,0,0,0,442,2932                           
2026-10-06T20:41:10.610	TEL,183,S2,1369441725,0,0,0,445,2932                           
2026-10-06T20:41:10.626	TEL,184,S2,1369461725,0,0,0,445,2932                           
2026-10-06T20:41:10.646	TEL,185,S2,1369481725,0,0,0,448,2932                           
2026-10-06T20:41:10.667	TEL,186,S2,1369501725,0,0,0,445,2928                           
2026-10-06T20:41:10.687	TEL,187,S2,1369521725,0,0,0,445,2928                           
2026-10-06T20:41:10.708	TEL,188,S2,1369541725,0,0,0,448,2930                           
2026-10-06T20:41:10.732	TEL,189,S2,1369561725,0,0,0,445,2930                           
2026-10-06T20:41:10.743	TEL,190,S2,1369581725,0,0,0,445,2932                           
2026-10-06T20:41:10.771	TEL,191,S2,1369601725,0,0,0,439,2932                           
2026-10-06T20:41:10.783	TEL,192,S2,1369621725,0,0,0,439,2932                           
2026-10-06T20:41:10.811	TEL,193,S2,1369641725,0,0,0,442,2932                           
2026-10-06T20:41:10.823	TEL,194,S2,1369661725,0,0,0,442,2932                           
2026-10-06T20:41:10.842	TEL,195,S2,1369681725,0,0,0,442,2932                           
2026-10-06T20:41:10.862	TEL,196,S2,1369701725,0,0,0,442,2932                           
2026-10-06T20:41:10.884	TEL,197,S2,1369721725,0,0,0,448,2932                           
2026-10-06T20:41:10.904	TEL,198,S2,1369741725,0,0,0,448,2932                           
2026-10-06T20:41:10.925	TEL,199,S2,1369761725,0,0,0,442,2932                           
2026-10-06T20:41:10.945	TEL,200,S2,1369781725,0,0,0,442,2930                           
2026-10-06T20:41:10.970	TEL,201,S2,1369801725,0,0,0,436,2930                           
2026-10-06T20:41:10.986	TEL,202,S2,1369821725,0,0,0,436,2930                           
2026-10-06T20:41:11.011	TEL,203,S2,1369841725,0,0,0,445,2930                           
2026-10-06T20:41:11.027	TEL,204,S2,1369861725,0,0,0,445,2932                           
2026-10-06T20:41:11.047	TEL,205,S2,1369881725,0,0,0,442,2932                           
2026-10-06T20:41:11.058	TEL,206,S2,1369901725,0,0,0,442,2932                           
2026-10-06T20:41:11.092	TEL,207,S2,1369921725,0,0,0,442,2932                           
2026-10-06T20:41:11.105	TEL,208,S2,1369941725,0,0,0,442,2932                           
2026-10-06T20:41:11.131	TEL,209,S2,1369961725,0,0,0,448,2932                           
2026-10-06T20:41:11.145	TEL,210,S2,1369981725,0,0,0,448,2932                           
2026-10-06T20:41:11.170	TEL,211,S2,1370001725,0,0,0,442,2932                           
2026-10-06T20:41:11.183	TEL,212,S2,1370021725,0,0,0,448,2935                           
2026-10-06T20:41:11.204	TEL,213,S2,1370041725,0,0,0,442,2935                           
2026-10-06T20:41:11.226	TEL,214,S2,1370061725,0,0,0,436,2930                           
2026-10-06T20:41:11.246	TEL,215,S2,1370081725,0,0,0,445,2930                           
2026-10-06T20:41:11.266	TEL,216,S2,1370101725,0,0,0,445,2932                           
2026-10-06T20:41:11.286	TEL,217,S2,1370121725,0,0,0,448,2932                           
2026-10-06T20:41:11.307	TEL,218,S2,1370141725,0,0,0,448,2930                           
2026-10-06T20:41:11.328	TEL,219,S2,1370161725,0,0,0,448,2930                           
2026-10-06T20:41:11.345	TEL,220,S2,1370181725,0,0,0,448,2932                           
2026-10-06T20:41:11.370	TEL,221,S2,1370201725,0,0,0,448,2932                           
2026-10-06T20:41:11.379	TEL,222,S2,1370221725,0,0,0,448,2930                           
2026-10-06T20:41:11.412	TEL,223,S2,1370241725,0,0,0,448,2930                           
2026-10-06T20:41:11.423	TEL,224,S2,1370261725,0,0,0,448,2932                           
2026-10-06T20:41:11.452	TEL,225,S2,1370281725,0,0,0,448,2932                           
2026-10-06T20:41:11.462	TEL,226,S2,1370301725,0,0,0,451,2935                           
2026-10-06T20:41:11.491	TEL,227,S2,1370321725,0,0,0,451,2935                           
2026-10-06T20:41:11.504	TEL,228,S2,1370341725,0,0,0,448,2932                           
2026-10-06T20:41:11.526	TEL,229,S2,1370361725,0,0,0,448,2932                           
2026-10-06T20:41:11.543	TEL,230,S2,1370381725,0,0,0,448,2930                           
2026-10-06T20:41:11.570	TEL,231,S2,1370401725,0,0,0,445,2930                           
2026-10-06T20:41:11.584	TEL,232,S2,1370421725,0,0,0,445,2932                           
2026-10-06T20:41:11.608	TEL,233,S2,1370441725,0,0,0,448,2932                           
2026-10-06T20:41:11.627	TEL,234,S2,1370461725,0,0,0,448,2932                           
2026-10-06T20:41:11.648	TEL,235,S2,1370481725,0,0,0,448,2932                           
2026-10-06T20:41:11.665	TEL,236,S2,1370501725,0,0,0,448,2930                           
2026-10-06T20:41:11.692	TEL,237,S2,1370521725,0,0,0,442,2930                           
2026-10-06T20:41:11.705	TEL,238,S2,1370541725,0,0,0,445,2933                           
2026-10-06T20:41:11.723	TEL,239,S2,1370561725,0,0,0,451,2933                           
2026-10-06T20:41:11.743	TEL,240,S2,1370581725,0,0,0,445,2928                           
2026-10-06T20:41:11.770	TEL,241,S2,1370601725,0,0,0,442,2928                           
2026-10-06T20:41:11.786	TEL,242,S2,1370621725,0,0,0,445,2932                           
2026-10-06T20:41:11.806	TEL,243,S2,1370641725,0,0,0,445,2932                           
2026-10-06T20:41:11.827	TEL,244,S2,1370661725,0,0,0,445,2932                           
2026-10-06T20:41:11.851	TEL,245,S2,1370681725,0,0,0,442,2932                           
2026-10-06T20:41:11.864	TEL,246,S2,1370701725,0,0,0,442,2932                           
2026-10-06T20:41:11.891	TEL,247,S2,1370721725,0,0,0,448,2932                           
2026-10-06T20:41:11.906	TEL,248,S2,1370741725,0,0,0,448,2932                           
2026-10-06T20:41:11.924	TEL,249,S2,1370761725,0,0,0,448,2932                           
2026-10-06T20:41:11.943	TEL,250,S2,1370781725,0,0,0,451,2935                           
2026-10-06T20:41:11.970	TEL,251,S2,1370801725,0,0,0,451,2935                           
2026-10-06T20:41:11.988	TEL,252,S2,1370821725,0,0,0,448,2930                           
2026-10-06T20:41:12.009	TEL,253,S2,1370841725,0,0,0,445,2930                           
2026-10-06T20:41:12.027	TEL,254,S2,1370861725,0,0,0,445,2930                           
2026-10-06T20:41:12.052	TEL,255,S2,1370881725,0,0,0,445,2930                           
2026-10-06T20:41:12.064	TEL,256,S2,1370901725,0,0,0,445,2930                           
2026-10-06T20:41:12.091	TEL,257,S2,1370921725,0,0,0,448,2930                           
2026-10-06T20:41:12.107	TEL,258,S2,1370941725,0,0,0,451,2933                           
2026-10-06T20:41:12.127	TEL,259,S2,1370961725,0,0,0,451,2933                           
2026-10-06T20:41:12.143	TEL,260,S2,1370981725,0,0,0,448,2930                           
2026-10-06T20:41:12.171	TEL,261,S2,1371001725,0,0,0,445,2930                           
2026-10-06T20:41:12.184	TEL,262,S2,1371021725,0,0,0,445,2930                           
2026-10-06T20:41:12.205	TEL,263,S2,1371041725,0,0,0,448,2930                           
2026-10-06T20:41:12.227	TEL,264,S2,1371061725,0,0,0,448,2932                           
2026-10-06T20:41:12.246	TEL,265,S2,1371081725,0,0,0,448,2932                           
2026-10-06T20:41:12.267	TEL,266,S2,1371101725,0,0,0,448,2930                           
2026-10-06T20:41:12.287	TEL,267,S2,1371121725,0,0,0,448,2930                           
2026-10-06T20:41:12.307	TEL,268,S2,1371141725,0,0,0,445,2927                           
2026-10-06T20:41:12.328	TEL,269,S2,1371161725,0,0,0,445,2927                           
2026-10-06T20:41:12.343	TEL,270,S2,1371181725,0,0,0,448,2932                           
2026-10-06T20:41:12.370	TEL,271,S2,1371201725,0,0,0,442,2932                           
2026-10-06T20:41:12.379	TEL,272,S2,1371221725,0,0,0,439,2928                           
2026-10-06T20:41:12.411	TEL,273,S2,1371241725,0,0,0,442,2928                           
2026-10-06T20:41:12.427	TEL,274,S2,1371261725,0,0,0,445,2932                           
2026-10-06T20:41:12.451	TEL,275,S2,1371281725,0,0,0,448,2932                           
2026-10-06T20:41:12.464	TEL,276,S2,1371301725,0,0,0,448,2930                           
2026-10-06T20:41:12.484	TEL,277,S2,1371321725,0,0,0,448,2930                           
2026-10-06T20:41:12.506	TEL,278,S2,1371341725,0,0,0,448,2930                           
2026-10-06T20:41:12.530	TEL,279,S2,1371361725,0,0,0,448,2930                           
2026-10-06T20:41:12.545	TEL,280,S2,1371381725,0,0,0,442,2925                           
2026-10-06T20:41:12.570	TEL,281,S2,1371401725,0,0,0,442,2925                           
2026-10-06T20:41:12.587	TEL,282,S2,1371421725,0,0,0,448,2930                           
2026-10-06T20:41:12.610	TEL,283,S2,1371441725,0,0,0,442,2930                           
2026-10-06T20:41:12.625	TEL,284,S2,1371461725,0,0,0,442,2932                           
2026-10-06T20:41:12.651	TEL,285,S2,1371481725,0,0,0,448,2932                           
2026-10-06T20:41:12.660	TEL,286,S2,1371501725,0,0,0,451,2935                           
2026-10-06T20:41:12.691	TEL,287,S2,1371521725,0,0,0,442,2935                           
2026-10-06T20:41:12.708	TEL,288,S2,1371541725,0,0,0,436,2928                           
2026-10-06T20:41:12.731	TEL,289,S2,1371561725,0,0,0,439,2928                           
2026-10-06T20:41:12.746	TEL,290,S2,1371581725,0,0,0,442,2932                           
2026-10-06T20:41:12.770	TEL,291,S2,1371601725,0,0,0,442,2932                           
2026-10-06T20:41:12.785	TEL,292,S2,1371621725,0,0,0,442,2930                           
2026-10-06T20:41:12.806	TEL,293,S2,1371641725,0,0,0,448,2930                           
2026-10-06T20:41:12.827	TEL,294,S2,1371661725,0,0,0,448,2930                           
2026-10-06T20:41:12.851	TEL,295,S2,1371681725,0,0,0,436,2930                           
2026-10-06T20:41:12.864	TEL,296,S2,1371701725,0,0,0,442,2937                           
2026-10-06T20:41:12.890	TEL,297,S2,1371721725,0,0,0,454,2937                           
2026-10-06T20:41:12.905	TEL,298,S2,1371741725,0,0,0,448,2932                           
2026-10-06T20:41:12.932	TEL,299,S2,1371761725,0,0,0,442,2932                           
2026-10-06T20:41:12.964	TEL,300,S2,1371781725,0,0,0,442,2932                           
2026-10-06T20:41:12.964	BTN,1,S2,PRESSED,1371791784,1371791791                         
2026-10-06T20:41:12.964	TEL,301,S2,1371801725,0,0,0,445,2932                           
2026-10-06T20:41:12.985	TEL,302,S2,1371821725,0,0,0,445,2930                           
2026-10-06T20:41:13.005	TEL,303,S2,1371841725,0,0,0,442,2930                           
2026-10-06T20:41:13.027	TEL,304,S2,1371861725,0,0,0,442,2932                           
2026-10-06T20:41:13.047	TEL,305,S2,1371881725,0,0,0,448,2932                           
2026-10-06T20:41:13.071	TEL,306,S2,1371901725,0,0,0,445,2927                           
2026-10-06T20:41:13.085	TEL,307,S2,1371921725,0,0,0,439,2927                           
2026-10-06T20:41:13.110	TEL,308,S2,1371941725,0,0,0,436,2923                           
2026-10-06T20:41:13.125	TEL,309,S2,1371961725,0,0,0,436,2923                           
2026-10-06T20:41:13.147	TEL,310,S2,1371981725,0,0,0,442,2932                           
2026-10-06T20:41:13.163	TEL,311,S2,1372001725,0,0,0,445,2932                           
2026-10-06T20:41:13.184	TEL,312,S2,1372021725,0,0,0,445,2930                           
2026-10-06T20:41:13.205	TEL,313,S2,1372041725,0,0,0,445,2930                           
2026-10-06T20:41:13.226	TEL,314,S2,1372061725,0,0,0,445,2930                           
2026-10-06T20:41:13.248	TEL,315,S2,1372081725,0,0,0,442,2930                           
2026-10-06T20:41:13.271	TEL,316,S2,1372101725,0,0,0,442,2930                           
2026-10-06T20:41:13.288	TEL,317,S2,1372121725,0,0,0,448,2930                           
2026-10-06T20:41:13.311	TEL,318,S2,1372141725,0,0,0,445,2928                           
2026-10-06T20:41:13.332	BTN,2,S2,PRESSED,1372160376,1372160383                         
2026-10-06T20:41:13.332	TEL,319,S2,1372161725,0,0,0,442,2928                           
2026-10-06T20:41:13.348	TEL,320,S2,1372181725,0,0,0,460,2946                           
2026-10-06T20:41:13.370	TEL,321,S2,1372201725,0,0,0,451,2946                           
2026-10-06T20:41:13.385	TEL,322,S2,1372221725,0,0,0,439,2932                           
2026-10-06T20:41:13.403	TEL,323,S2,1372241725,0,0,0,448,2932                           
2026-10-06T20:41:13.424	TEL,324,S2,1372261725,0,0,0,448,2930                           
2026-10-06T20:41:13.448	TEL,325,S2,1372281725,0,0,0,448,2930                           
2026-10-06T20:41:13.468	TEL,326,S2,1372301725,0,0,0,448,2930                           
2026-10-06T20:41:13.486	TEL,327,S2,1372321725,0,0,0,448,2930                           
2026-10-06T20:41:13.524	TEL,328,S2,1372341725,0,0,0,448,2930                           
2026-10-06T20:41:13.524	BTN,3,S2,PRESSED,1372355030,1372355037                         
2026-10-06T20:41:13.524	TEL,329,S2,1372361725,0,0,0,442,2930                           
2026-10-06T20:41:13.548	TEL,330,S2,1372381725,0,0,0,439,2927                           
2026-10-06T20:41:13.558	TEL,331,S2,1372401725,0,0,0,445,2927                           
2026-10-06T20:41:13.591	TEL,332,S2,1372421725,0,0,0,448,2932                           
2026-10-06T20:41:13.605	TEL,333,S2,1372441725,0,0,0,448,2932                           
2026-10-06T20:41:13.631	TEL,334,S2,1372461725,0,0,0,448,2932                           
2026-10-06T20:41:13.644	TEL,335,S2,1372481725,0,0,0,442,2932                           
2026-10-06T20:41:13.672	TEL,336,S2,1372501725,0,0,0,442,2932                           
2026-10-06T20:41:13.683	TEL,337,S2,1372521725,0,0,0,442,2932                           
2026-10-06T20:41:13.725	TEL,338,S2,1372541725,0,0,0,442,2932                           
2026-10-06T20:41:13.725	BTN,4,S2,PRESSED,1372549830,1372549837                         
2026-10-06T20:41:13.725	TEL,339,S2,1372561725,0,0,0,448,2932                           
2026-10-06T20:41:13.749	TEL,340,S2,1372581725,0,0,0,448,2932                           
2026-10-06T20:41:13.770	TEL,341,S2,1372601725,0,0,0,448,2932                           
2026-10-06T20:41:13.786	TEL,342,S2,1372621725,0,0,0,448,2930                           
2026-10-06T20:41:13.807	TEL,343,S2,1372641725,0,0,0,448,2930                           
2026-10-06T20:41:13.829	TEL,344,S2,1372661725,0,0,0,448,2930                           
2026-10-06T20:41:13.845	TEL,345,S2,1372681725,0,0,0,436,2930                           
2026-10-06T20:41:13.870	TEL,346,S2,1372701725,0,0,0,439,2932                           
2026-10-06T20:41:13.885	TEL,347,S2,1372721725,0,0,0,439,2932                           
2026-10-06T20:41:13.924	TEL,348,S2,1372741725,0,0,0,439,2932                           
2026-10-06T20:41:13.924	BTN,5,S2,PRESSED,1372748078,1372748085                         
2026-10-06T20:41:13.924	TEL,349,S2,1372761725,0,0,0,448,2932                           
2026-10-06T20:41:13.946	TEL,350,S2,1372781725,0,0,0,448,2932                           
2026-10-06T20:41:13.970	TEL,351,S2,1372801725,0,0,0,448,2932                           
2026-10-06T20:41:13.985	TEL,352,S2,1372821725,0,0,0,448,2932                           
2026-10-06T20:41:14.006	TEL,353,S2,1372841725,0,0,0,442,2932                           
2026-10-06T20:41:14.027	TEL,354,S2,1372861725,0,0,0,436,2927                           
2026-10-06T20:41:14.050	TEL,355,S2,1372881725,0,0,0,433,2927                           
2026-10-06T20:41:14.065	TEL,356,S2,1372901725,0,0,0,439,2932                           
2026-10-06T20:41:14.111	TEL,357,S2,1372921725,0,0,0,448,2932                           
2026-10-06T20:41:14.111	BTN,6,S2,PRESSED,1372933886,1372933893                         
2026-10-06T20:41:14.111	TEL,358,S2,1372941725,0,0,0,448,2930                           
2026-10-06T20:41:14.125	TEL,359,S2,1372961725,0,0,0,448,2930                           
2026-10-06T20:41:14.151	TEL,360,S2,1372981725,0,0,0,454,2937                           
2026-10-06T20:41:14.163	TEL,361,S2,1373001725,0,0,0,448,2937                           
2026-10-06T20:41:14.184	TEL,362,S2,1373021725,0,0,0,439,2927                           
2026-10-06T20:41:14.205	TEL,363,S2,1373041725,0,0,0,445,2927                           
2026-10-06T20:41:14.226	TEL,364,S2,1373061725,0,0,0,442,2925                           
2026-10-06T20:41:14.246	TEL,365,S2,1373081725,0,0,0,430,2925                           
2026-10-06T20:41:14.270	TEL,366,S2,1373101725,0,0,0,439,2932                           
2026-10-06T20:41:14.303	TEL,367,S2,1373121725,0,0,0,448,2932                           
2026-10-06T20:41:14.303	BTN,7,S2,PRESSED,1373137295,1373137302                         
2026-10-06T20:41:14.303	TEL,368,S2,1373141725,0,0,0,448,2930                           
2026-10-06T20:41:14.330	TEL,369,S2,1373161725,0,0,0,445,2930                           
2026-10-06T20:41:14.345	TEL,370,S2,1373181725,0,0,0,445,2932                           
2026-10-06T20:41:14.371	TEL,371,S2,1373201725,0,0,0,448,2932                           
2026-10-06T20:41:14.382	TEL,372,S2,1373221725,0,0,0,448,2932                           
2026-10-06T20:41:14.403	TEL,373,S2,1373241725,0,0,0,448,2932                           
2026-10-06T20:41:14.425	TEL,374,S2,1373261725,0,0,0,448,2932                           
2026-10-06T20:41:14.452	TEL,375,S2,1373281725,0,0,0,448,2932                           
2026-10-06T20:41:14.468	TEL,376,S2,1373301725,0,0,0,454,2937                           
2026-10-06T20:41:14.486	TEL,377,S2,1373321725,0,0,0,448,2937                           
2026-10-06T20:41:14.520	TEL,378,S2,1373341725,0,0,0,442,2932                           
2026-10-06T20:41:14.520	BTN,8,S2,PRESSED,1373344427,1373344434                         
2026-10-06T20:41:14.520	TEL,379,S2,1373361725,0,0,0,442,2932                           
2026-10-06T20:41:14.550	TEL,380,S2,1373381725,0,0,0,442,2932                           
2026-10-06T20:41:14.564	TEL,381,S2,1373401725,0,0,0,448,2932                           
2026-10-06T20:41:14.591	TEL,382,S2,1373421725,0,0,0,448,2930                           
2026-10-06T20:41:14.605	TEL,383,S2,1373441725,0,0,0,442,2930                           
2026-10-06T20:41:14.624	TEL,384,S2,1373461725,0,0,0,442,2930                           
2026-10-06T20:41:14.644	TEL,385,S2,1373481725,0,0,0,448,2930                           
2026-10-06T20:41:14.671	TEL,386,S2,1373501725,0,0,0,448,2932                           
2026-10-06T20:41:14.687	TEL,387,S2,1373521725,0,0,0,448,2932                           
2026-10-06T20:41:14.706	TEL,388,S2,1373541725,0,0,0,448,2932                           
2026-10-06T20:41:14.727	TEL,389,S2,1373561725,0,0,0,442,2932                           
2026-10-06T20:41:14.752	TEL,390,S2,1373581725,0,0,0,451,2939                           
2026-10-06T20:41:14.758	TEL,391,S2,1373601725,0,0,0,454,2939                           
2026-10-06T20:41:14.789	TEL,392,S2,1373621725,0,0,0,445,2930                           
2026-10-06T20:41:14.805	TEL,393,S2,1373641725,0,0,0,442,2930                           
2026-10-06T20:41:14.831	TEL,394,S2,1373661725,0,0,0,442,2932                           
2026-10-06T20:41:14.863	TEL,395,S2,1373681725,0,0,0,448,2932                           
2026-10-06T20:41:14.863	BTN,9,S2,PRESSED,1373694933,1373694940                         
2026-10-06T20:41:14.863	TEL,396,S2,1373701725,0,0,0,451,2933                           
2026-10-06T20:41:14.883	TEL,397,S2,1373721725,0,0,0,448,2933                           
2026-10-06T20:41:14.905	TEL,398,S2,1373741725,0,0,0,445,2930                           
2026-10-06T20:41:14.926	TEL,399,S2,1373761725,0,0,0,448,2930                           
2026-10-06T20:41:14.947	TEL,400,S2,1373781725,0,0,0,448,2930                           
2026-10-06T20:41:14.970	TEL,401,S2,1373801725,0,0,0,442,2930                           
2026-10-06T20:41:14.978	TEL,402,S2,1373821725,0,0,0,442,2932                           
2026-10-06T20:41:15.012	TEL,403,S2,1373841725,0,0,0,448,2932                           
2026-10-06T20:41:15.025	TEL,404,S2,1373861725,0,0,0,448,2932                           
2026-10-06T20:41:15.052	TEL,405,S2,1373881725,0,0,0,439,2932                           
2026-10-06T20:41:15.062	TEL,406,S2,1373901725,0,0,0,439,2932                           
2026-10-06T20:41:15.083	TEL,407,S2,1373921725,0,0,0,442,2932                           
2026-10-06T20:41:15.105	TEL,408,S2,1373941725,0,0,0,442,2932                           
2026-10-06T20:41:15.128	TEL,409,S2,1373961725,0,0,0,439,2932                           
2026-10-06T20:41:15.146	TEL,410,S2,1373981725,0,0,0,439,2932                           
2026-10-06T20:41:15.171	TEL,411,S2,1374001725,0,0,0,448,2932                           
2026-10-06T20:41:15.178	TEL,412,S2,1374021725,0,0,0,448,2930                           
2026-10-06T20:41:15.212	TEL,413,S2,1374041725,0,0,0,442,2930                           
2026-10-06T20:41:15.225	TEL,414,S2,1374061725,0,0,0,442,2930                           
2026-10-06T20:41:15.252	TEL,415,S2,1374081725,0,0,0,445,2930                           
2026-10-06T20:41:15.262	TEL,416,S2,1374101725,0,0,0,445,2932                           
2026-10-06T20:41:15.283	TEL,417,S2,1374121725,0,0,0,445,2932                           
2026-10-06T20:41:15.304	TEL,418,S2,1374141725,0,0,0,445,2932                           
2026-10-06T20:41:15.326	TEL,419,S2,1374161725,0,0,0,448,2932                           
2026-10-06T20:41:15.347	TEL,420,S2,1374181725,0,0,0,448,2930                           
2026-10-06T20:41:15.370	TEL,421,S2,1374201725,0,0,0,448,2930                           
2026-10-06T20:41:15.386	TEL,422,S2,1374221725,0,0,0,448,2932                           
2026-10-06T20:41:15.409	TEL,423,S2,1374241725,0,0,0,445,2932                           
2026-10-06T20:41:15.420	TEL,424,S2,1374261725,0,0,0,445,2932                           
2026-10-06T20:41:15.451	TEL,425,S2,1374281725,0,0,0,448,2932                           
2026-10-06T20:41:15.465	TEL,426,S2,1374301725,0,0,0,451,2935                           
2026-10-06T20:41:15.492	TEL,427,S2,1374321725,0,0,0,442,2935                           
2026-10-06T20:41:15.502	TEL,428,S2,1374341725,0,0,0,439,2932                           
2026-10-06T20:41:15.529	TEL,429,S2,1374361725,0,0,0,448,2932                           
2026-10-06T20:41:15.544	TEL,430,S2,1374381725,0,0,0,448,2932                           
2026-10-06T20:41:15.570	TEL,431,S2,1374401725,0,0,0,445,2932                           
2026-10-06T20:41:15.585	TEL,432,S2,1374421725,0,0,0,445,2932                           
2026-10-06T20:41:15.606	TEL,433,S2,1374441725,0,0,0,442,2932                           
2026-10-06T20:41:15.627	TEL,434,S2,1374461725,0,0,0,442,2930                           
2026-10-06T20:41:15.648	TEL,435,S2,1374481725,0,0,0,436,2930                           
2026-10-06T20:41:15.657	TEL,436,S2,1374501725,0,0,0,436,2930                           
2026-10-06T20:41:15.688	TEL,437,S2,1374521725,0,0,0,442,2930                           
2026-10-06T20:41:15.698	TEL,438,S2,1374541725,0,0,0,442,2930                           
2026-10-06T20:41:15.731	TEL,439,S2,1374561725,0,0,0,442,2930                           
2026-10-06T20:41:15.745	TEL,440,S2,1374581725,0,0,0,442,2932                           
2026-10-06T20:41:15.771	TEL,441,S2,1374601725,0,0,0,448,2932                           
2026-10-06T20:41:15.784	TEL,442,S2,1374621725,0,0,0,448,2932                           
2026-10-06T20:41:15.810	TEL,443,S2,1374641725,0,0,0,448,2932                           
2026-10-06T20:41:15.823	TEL,444,S2,1374661725,0,0,0,448,2930                           
2026-10-06T20:41:15.843	TEL,445,S2,1374681725,0,0,0,448,2930                           
2026-10-06T20:41:15.863	TEL,446,S2,1374701725,0,0,0,448,2930                           
2026-10-06T20:41:15.890	TEL,447,S2,1374721725,0,0,0,448,2930                           
2026-10-06T20:41:15.905	TEL,448,S2,1374741725,0,0,0,448,2932                           
2026-10-06T20:41:15.930	TEL,449,S2,1374761725,0,0,0,439,2932                           
2026-10-06T20:41:15.946	TEL,450,S2,1374781725,0,0,0,436,2930                           
2026-10-06T20:41:15.970	TEL,451,S2,1374801725,0,0,0,436,2930                           
2026-10-06T20:41:15.987	TEL,452,S2,1374821725,0,0,0,439,2932                           
2026-10-06T20:41:16.008	TEL,453,S2,1374841725,0,0,0,442,2932                           
2026-10-06T20:41:16.026	TEL,454,S2,1374861725,0,0,0,442,2932                           
2026-10-06T20:41:16.048	TEL,455,S2,1374881725,0,0,0,439,2932                           
2026-10-06T20:41:16.059	TEL,456,S2,1374901725,0,0,0,439,2932                           
2026-10-06T20:41:16.109	TEL,457,S2,1374921725,0,0,0,445,2932                           
2026-10-06T20:41:16.109	BTN,10,S2,PRESSED,1374923193,1374923200                        
2026-10-06T20:41:16.109	TEL,458,S2,1374941725,0,0,0,445,2930                           
2026-10-06T20:41:16.120	TEL,459,S2,1374961725,0,0,0,445,2930                           
2026-10-06T20:41:16.150	TEL,460,S2,1374981725,0,0,0,454,2939                           
2026-10-06T20:41:16.167	TEL,461,S2,1375001725,0,0,0,451,2939                           
2026-10-06T20:41:16.191	TEL,462,S2,1375021725,0,0,0,442,2932                           
2026-10-06T20:41:16.201	TEL,463,S2,1375041725,0,0,0,442,2932                           
2026-10-06T20:41:16.223	TEL,464,S2,1375061725,0,0,0,442,2930                           
2026-10-06T20:41:16.242	TEL,465,S2,1375081725,0,0,0,442,2930                           
2026-10-06T20:41:16.270	TEL,466,S2,1375101725,0,0,0,442,2932                           
2026-10-06T20:41:16.282	TEL,467,S2,1375121725,0,0,0,448,2932                           
2026-10-06T20:41:16.303	TEL,468,S2,1375141725,0,0,0,448,2932                           
2026-10-06T20:41:16.327	TEL,469,S2,1375161725,0,0,0,445,2932                           
2026-10-06T20:41:16.344	TEL,470,S2,1375181725,0,0,0,445,2932                           
2026-10-06T20:41:16.364	TEL,471,S2,1375201725,0,0,0,442,2932                           
2026-10-06T20:41:16.390	TEL,472,S2,1375221725,0,0,0,442,2932                           
2026-10-06T20:41:16.405	TEL,473,S2,1375241725,0,0,0,445,2932                           
2026-10-06T20:41:16.426	TEL,474,S2,1375261725,0,0,0,445,2932                           
2026-10-06T20:41:16.446	TEL,475,S2,1375281725,0,0,0,445,2932                           
2026-10-06T20:41:16.470	TEL,476,S2,1375301725,0,0,0,445,2932                           
2026-10-06T20:41:16.487	TEL,477,S2,1375321725,0,0,0,442,2932                           
2026-10-06T20:41:16.508	TEL,478,S2,1375341725,0,0,0,442,2930                           
2026-10-06T20:41:16.520	TEL,479,S2,1375361725,0,0,0,442,2930                           
2026-10-06T20:41:16.550	TEL,480,S2,1375381725,0,0,0,442,2932                           
2026-10-06T20:41:16.566	TEL,481,S2,1375401725,0,0,0,442,2932                           
2026-10-06T20:41:16.590	TEL,482,S2,1375421725,0,0,0,448,2937                           
2026-10-06T20:41:16.599	TEL,483,S2,1375441725,0,0,0,448,2937                           
2026-10-06T20:41:16.629	TEL,484,S2,1375461725,0,0,0,442,2932                           
2026-10-06T20:41:16.640	TEL,485,S2,1375481725,0,0,0,445,2932                           
2026-10-06T20:41:16.671	TEL,486,S2,1375501725,0,0,0,439,2925                           
2026-10-06T20:41:16.680	TEL,487,S2,1375521725,0,0,0,442,2925                           
2026-10-06T20:41:16.710	TEL,488,S2,1375541725,0,0,0,451,2935                           
2026-10-06T20:41:16.727	TEL,489,S2,1375561725,0,0,0,442,2935                           
2026-10-06T20:41:16.750	TEL,490,S2,1375581725,0,0,0,436,2930                           
2026-10-06T20:41:16.762	TEL,491,S2,1375601725,0,0,0,445,2930                           
2026-10-06T20:41:16.783	TEL,492,S2,1375621725,0,0,0,454,2939                           
2026-10-06T20:41:16.806	TEL,493,S2,1375641725,0,0,0,454,2939                           
2026-10-06T20:41:16.825	TEL,494,S2,1375661725,0,0,0,445,2932                           
2026-10-06T20:41:16.846	TEL,495,S2,1375681725,0,0,0,439,2932                           
2026-10-06T20:41:16.870	TEL,496,S2,1375701725,0,0,0,436,2930                           
2026-10-06T20:41:16.885	TEL,497,S2,1375721725,0,0,0,445,2930                           
2026-10-06T20:41:16.904	TEL,498,S2,1375741725,0,0,0,445,2930                           
2026-10-06T20:41:16.925	TEL,499,S2,1375761725,0,0,0,436,2930                           
2026-10-06T20:41:16.951	TEL,500,S2,1375781725,0,0,0,439,2932                           
2026-10-06T20:41:16.965	TEL,501,S2,1375801725,0,0,0,445,2932                           
2026-10-06T20:41:16.985	TEL,502,S2,1375821725,0,0,0,445,2930                           
2026-10-06T20:41:17.006	TEL,503,S2,1375841725,0,0,0,448,2930                           
2026-10-06T20:41:17.030	TEL,504,S2,1375861725,0,0,0,448,2932                           
2026-10-06T20:41:17.046	TEL,505,S2,1375881725,0,0,0,448,2932                           
2026-10-06T20:41:17.070	TEL,506,S2,1375901725,0,0,0,448,2930                           
2026-10-06T20:41:17.087	TEL,507,S2,1375921725,0,0,0,436,2930                           
2026-10-06T20:41:17.107	TEL,508,S2,1375941725,0,0,0,442,2937                           
2026-10-06T20:41:17.120	TEL,509,S2,1375961725,0,0,0,451,2937                           
2026-10-06T20:41:17.148	TEL,510,S2,1375981725,0,0,0,442,2928                           
2026-10-06T20:41:17.159	TEL,511,S2,1376001725,0,0,0,436,2928                           
2026-10-06T20:41:17.190	TEL,512,S2,1376021725,0,0,0,436,2930                           
2026-10-06T20:41:17.200	TEL,513,S2,1376041725,0,0,0,442,2930                           
2026-10-06T20:41:17.230	TEL,514,S2,1376061725,0,0,0,442,2932                           
2026-10-06T20:41:17.241	TEL,515,S2,1376081725,0,0,0,445,2932                           
2026-10-06T20:41:17.271	TEL,516,S2,1376101725,0,0,0,445,2932                           
2026-10-06T20:41:17.282	TEL,517,S2,1376121725,0,0,0,442,2932                           
2026-10-06T20:41:17.302	TEL,518,S2,1376141725,0,0,0,442,2932                           
2026-10-06T20:41:17.323	TEL,519,S2,1376161725,0,0,0,448,2932                           
2026-10-06T20:41:17.351	TEL,520,S2,1376181725,0,0,0,448,2932                           
2026-10-06T20:41:17.363	TEL,521,S2,1376201725,0,0,0,448,2932                           
2026-10-06T20:41:17.384	TEL,522,S2,1376221725,0,0,0,448,2932                           
2026-10-06T20:41:17.404	TEL,523,S2,1376241725,0,0,0,439,2932                           
2026-10-06T20:41:17.425	TEL,524,S2,1376261725,0,0,0,439,2932                           
2026-10-06T20:41:17.446	TEL,525,S2,1376281725,0,0,0,442,2932                           
2026-10-06T20:41:17.470	TEL,526,S2,1376301725,0,0,0,442,2932                           
2026-10-06T20:41:17.485	TEL,527,S2,1376321725,0,0,0,448,2932                           
2026-10-06T20:41:17.506	TEL,528,S2,1376341725,0,0,0,448,2932                           
2026-10-06T20:41:17.527	TEL,529,S2,1376361725,0,0,0,448,2932                           
2026-10-06T20:41:17.547	TEL,530,S2,1376381725,0,0,0,448,2932                           
2026-10-06T20:41:17.560	TEL,531,S2,1376401725,0,0,0,448,2932                           
2026-10-06T20:41:17.588	TEL,532,S2,1376421725,0,0,0,448,2932                           
2026-10-06T20:41:17.603	TEL,533,S2,1376441725,0,0,0,445,2932                           
2026-10-06T20:41:17.631	TEL,534,S2,1376461725,0,0,0,442,2928                           
2026-10-06T20:41:17.645	TEL,535,S2,1376481725,0,0,0,442,2928                           
2026-10-06T20:41:17.671	TEL,536,S2,1376501725,0,0,0,445,2930                           
2026-10-06T20:41:17.686	TEL,537,S2,1376521725,0,0,0,436,2930                           
2026-10-06T20:41:17.711	TEL,538,S2,1376541725,0,0,0,436,2930                           
2026-10-06T20:41:17.721	TEL,539,S2,1376561725,0,0,0,448,2930                           
2026-10-06T20:41:17.742	TEL,540,S2,1376581725,0,0,0,448,2930                           
2026-10-06T20:41:17.766	TEL,541,S2,1376601725,0,0,0,448,2930                           
2026-10-06T20:41:17.782	TEL,542,S2,1376621725,0,0,0,448,2932                           
2026-10-06T20:41:17.804	TEL,543,S2,1376641725,0,0,0,439,2932                           
2026-10-06T20:41:17.824	TEL,544,S2,1376661725,0,0,0,439,2932                           
2026-10-06T20:41:17.844	TEL,545,S2,1376681725,0,0,0,442,2932                           
2026-10-06T20:41:17.870	TEL,546,S2,1376701725,0,0,0,442,2932                           
2026-10-06T20:41:17.885	TEL,547,S2,1376721725,0,0,0,442,2932                           
2026-10-06T20:41:17.904	TEL,548,S2,1376741725,0,0,0,442,2932                           
2026-10-06T20:41:17.926	TEL,549,S2,1376761725,0,0,0,442,2932                           
2026-10-06T20:41:17.945	BTN,11,S2,PRESSED,1376778077,1376778084                        
2026-10-06T20:41:17.945	TEL,550,S2,1376781725,0,0,0,442,2932                           
2026-10-06T20:41:17.966	TEL,551,S2,1376801725,0,0,0,442,2932                           
2026-10-06T20:41:17.987	TEL,552,S2,1376821725,0,0,0,442,2932                           
2026-10-06T20:41:18.005	TEL,553,S2,1376841725,0,0,0,448,2932                           
2026-10-06T20:41:18.029	TEL,554,S2,1376861725,0,0,0,448,2932                           
2026-10-06T20:41:18.038	TEL,555,S2,1376881725,0,0,0,448,2932                           
2026-10-06T20:41:18.070	TEL,556,S2,1376901725,0,0,0,448,2932                           
2026-10-06T20:41:18.080	TEL,557,S2,1376921725,0,0,0,448,2932                           
2026-10-06T20:41:18.110	TEL,558,S2,1376941725,0,0,0,448,2930                           
2026-10-06T20:41:18.121	TEL,559,S2,1376961725,0,0,0,448,2930                           
2026-10-06T20:41:18.150	TEL,560,S2,1376981725,0,0,0,448,2930                           
2026-10-06T20:41:18.161	TEL,561,S2,1377001725,0,0,0,445,2930                           
2026-10-06T20:41:18.182	TEL,562,S2,1377021725,0,0,0,445,2932                           
2026-10-06T20:41:18.206	TEL,563,S2,1377041725,0,0,0,445,2932                           
2026-10-06T20:41:18.223	TEL,564,S2,1377061725,0,0,0,445,2932                           
2026-10-06T20:41:18.243	TEL,565,S2,1377081725,0,0,0,445,2932                           
2026-10-06T20:41:18.270	TEL,566,S2,1377101725,0,0,0,445,2930                           
2026-10-06T20:41:18.285	TEL,567,S2,1377121725,0,0,0,442,2930                           
2026-10-06T20:41:18.311	TEL,568,S2,1377141725,0,0,0,442,2930                           
2026-10-06T20:41:18.326	TEL,569,S2,1377161725,0,0,0,442,2930                           
2026-10-06T20:41:18.345	TEL,570,S2,1377181725,0,0,0,442,2930                           
2026-10-06T20:41:18.366	TEL,571,S2,1377201725,0,0,0,436,2930                           
2026-10-06T20:41:18.391	TEL,572,S2,1377221725,0,0,0,439,2932                           
2026-10-06T20:41:18.405	TEL,573,S2,1377241725,0,0,0,442,2932                           
2026-10-06T20:41:18.428	TEL,574,S2,1377261725,0,0,0,436,2923                           
2026-10-06T20:41:18.438	TEL,575,S2,1377281725,0,0,0,439,2923                           
2026-10-06T20:41:18.470	TEL,576,S2,1377301725,0,0,0,448,2932                           
2026-10-06T20:41:18.486	TEL,577,S2,1377321725,0,0,0,448,2932                           
2026-10-06T20:41:18.510	TEL,578,S2,1377341725,0,0,0,451,2933                           
2026-10-06T20:41:18.520	TEL,579,S2,1377361725,0,0,0,448,2933                           
2026-10-06T20:41:18.550	TEL,580,S2,1377381725,0,0,0,445,2932                           
2026-10-06T20:41:18.561	TEL,581,S2,1377401725,0,0,0,445,2932                           
2026-10-06T20:41:18.591	TEL,582,S2,1377421725,0,0,0,445,2932                           
2026-10-06T20:41:18.601	TEL,583,S2,1377441725,0,0,0,448,2932                           
2026-10-06T20:41:18.623	TEL,584,S2,1377461725,0,0,0,448,2930                           
2026-10-06T20:41:18.642	TEL,585,S2,1377481725,0,0,0,445,2930                           
2026-10-06T20:41:18.670	TEL,586,S2,1377501725,0,0,0,445,2930                           
2026-10-06T20:41:18.683	TEL,587,S2,1377521725,0,0,0,448,2930                           
2026-10-06T20:41:18.710	TEL,588,S2,1377541725,0,0,0,448,2930                           
2026-10-06T20:41:18.725	TEL,589,S2,1377561725,0,0,0,448,2930                           
2026-10-06T20:41:18.745	TEL,590,S2,1377581725,0,0,0,448,2932                           
2026-10-06T20:41:18.765	TEL,591,S2,1377601725,0,0,0,448,2932                           
2026-10-06T20:41:18.786	TEL,592,S2,1377621725,0,0,0,448,2932                           
2026-10-06T20:41:18.806	TEL,593,S2,1377641725,0,0,0,442,2932                           
2026-10-06T20:41:18.828	TEL,594,S2,1377661725,0,0,0,442,2930                           
2026-10-06T20:41:18.837	TEL,595,S2,1377681725,0,0,0,448,2930                           
2026-10-06T20:41:18.871	TEL,596,S2,1377701725,0,0,0,442,2925                           
2026-10-06T20:41:18.885	TEL,597,S2,1377721725,0,0,0,436,2925                           
2026-10-06T20:41:18.911	TEL,598,S2,1377741725,0,0,0,436,2925                           
2026-10-06T20:41:18.925	TEL,599,S2,1377761725,0,0,0,436,2925                           
2026-10-06T20:41:18.945	TEL,600,S2,1377781725,0,0,0,442,2930                           
2026-10-06T20:41:18.962	TEL,601,S2,1377801725,0,0,0,448,2930                           
2026-10-06T20:41:18.983	TEL,602,S2,1377821725,0,0,0,454,2937                           
2026-10-06T20:41:19.004	TEL,603,S2,1377841725,0,0,0,454,2937                           
2026-10-06T20:41:19.025	TEL,604,S2,1377861725,0,0,0,448,2932                           
2026-10-06T20:41:19.046	TEL,605,S2,1377881725,0,0,0,448,2932                           
2026-10-06T20:41:19.070	TEL,606,S2,1377901725,0,0,0,448,2930                           
2026-10-06T20:41:19.078	TEL,607,S2,1377921725,0,0,0,445,2930                           
2026-10-06T20:41:19.108	TEL,608,S2,1377941725,0,0,0,445,2932                           
2026-10-06T20:41:19.122	TEL,609,S2,1377961725,0,0,0,442,2932                           
2026-10-06T20:41:19.151	TEL,610,S2,1377981725,0,0,0,442,2930                           
2026-10-06T20:41:19.164	TEL,611,S2,1378001725,0,0,0,442,2930                           
2026-10-06T20:41:19.191	TEL,612,S2,1378021725,0,0,0,439,2927                           
2026-10-06T20:41:19.205	TEL,613,S2,1378041725,0,0,0,442,2927                           
2026-10-06T20:41:19.223	TEL,614,S2,1378061725,0,0,0,436,2923                           
2026-10-06T20:41:19.243	TEL,615,S2,1378081725,0,0,0,436,2923                           
2026-10-06T20:41:19.271	TEL,616,S2,1378101725,0,0,0,445,2932                           
2026-10-06T20:41:19.288	TEL,617,S2,1378121725,0,0,0,442,2932                           
2026-10-06T20:41:19.306	TEL,618,S2,1378141725,0,0,0,442,2932                           
2026-10-06T20:41:19.327	TEL,619,S2,1378161725,0,0,0,448,2932                           
2026-10-06T20:41:19.348	TEL,620,S2,1378181725,0,0,0,439,2923                           
2026-10-06T20:41:19.365	TEL,621,S2,1378201725,0,0,0,439,2923                           
2026-10-06T20:41:19.390	TEL,622,S2,1378221725,0,0,0,448,2930                           
2026-10-06T20:41:19.401	TEL,623,S2,1378241725,0,0,0,448,2930                           
2026-10-06T20:41:19.425	TEL,624,S2,1378261725,0,0,0,448,2932                           
2026-10-06T20:41:19.443	TEL,625,S2,1378281725,0,0,0,448,2932                           
2026-10-06T20:41:19.471	TEL,626,S2,1378301725,0,0,0,448,2932                           
2026-10-06T20:41:19.485	TEL,627,S2,1378321725,0,0,0,448,2932                           
2026-10-06T20:41:19.506	TEL,628,S2,1378341725,0,0,0,448,2932                           
2026-10-06T20:41:19.520	TEL,629,S2,1378361725,0,0,0,442,2932                           
2026-10-06T20:41:19.548	TEL,630,S2,1378381725,0,0,0,442,2930                           
2026-10-06T20:41:19.566	TEL,631,S2,1378401725,0,0,0,448,2930                           
2026-10-06T20:41:19.590	TEL,632,S2,1378421725,0,0,0,448,2932                           
2026-10-06T20:41:19.605	TEL,633,S2,1378441725,0,0,0,445,2932                           
2026-10-06T20:41:19.631	TEL,634,S2,1378461725,0,0,0,445,2932                           
2026-10-06T20:41:19.645	TEL,635,S2,1378481725,0,0,0,448,2932                           
2026-10-06T20:41:19.670	TEL,636,S2,1378501725,0,0,0,448,2930                           
2026-10-06T20:41:19.683	TEL,637,S2,1378521725,0,0,0,445,2930                           
2026-10-06T20:41:19.704	TEL,638,S2,1378541725,0,0,0,445,2932                           
2026-10-06T20:41:19.727	TEL,639,S2,1378561725,0,0,0,442,2932                           
2026-10-06T20:41:19.746	TEL,640,S2,1378581725,0,0,0,439,2927                           
2026-10-06T20:41:19.767	TEL,641,S2,1378601725,0,0,0,439,2927                           
2026-10-06T20:41:19.787	TEL,642,S2,1378621725,0,0,0,442,2932                           
2026-10-06T20:41:19.798	TEL,643,S2,1378641725,0,0,0,448,2932                           
2026-10-06T20:41:19.831	TEL,644,S2,1378661725,0,0,0,448,2932                           
2026-10-06T20:41:19.844	TEL,645,S2,1378681725,0,0,0,445,2932                           
2026-10-06T20:41:19.871	TEL,646,S2,1378701725,0,0,0,442,2928                           
2026-10-06T20:41:19.881	TEL,647,S2,1378721725,0,0,0,436,2928                           
2026-10-06T20:41:19.902	TEL,648,S2,1378741725,0,0,0,439,2932                           
2026-10-06T20:41:19.924	TEL,649,S2,1378761725,0,0,0,439,2932                           
2026-10-06T20:41:19.945	TEL,650,S2,1378781725,0,0,0,439,2932                           
2026-10-06T20:41:19.964	TEL,651,S2,1378801725,0,0,0,445,2932                           
2026-10-06T20:41:19.985	TEL,652,S2,1378821725,0,0,0,445,2932                           
2026-10-06T20:41:20.006	TEL,653,S2,1378841725,0,0,0,439,2932                           
2026-10-06T20:41:20.028	TEL,654,S2,1378861725,0,0,0,439,2932                           
2026-10-06T20:41:20.038	TEL,655,S2,1378881725,0,0,0,448,2932                           
2026-10-06T20:41:20.071	TEL,656,S2,1378901725,0,0,0,448,2932                           
2026-10-06T20:41:20.102	TEL,657,S2,1378921725,0,0,0,448,2932                           
2026-10-06T20:41:20.102	BTN,12,S2,PRESSED,1378927251,1378927258                        
2026-10-06T20:41:20.102	TEL,658,S2,1378941725,0,0,0,448,2932                           
2026-10-06T20:41:20.125	TEL,659,S2,1378961725,0,0,0,442,2932                           
2026-10-06T20:41:20.145	TEL,660,S2,1378981725,0,0,0,442,2930                           
2026-10-06T20:41:20.170	TEL,661,S2,1379001725,0,0,0,442,2930                           
2026-10-06T20:41:20.185	TEL,662,S2,1379021725,0,0,0,442,2930                           
2026-10-06T20:41:20.206	TEL,663,S2,1379041725,0,0,0,448,2930                           
2026-10-06T20:41:20.226	TEL,664,S2,1379061725,0,0,0,448,2932                           
2026-10-06T20:41:20.247	TEL,665,S2,1379081725,0,0,0,439,2932                           
2026-10-06T20:41:20.258	TEL,666,S2,1379101725,0,0,0,436,2928                           
2026-10-06T20:41:20.291	TEL,667,S2,1379121725,0,0,0,439,2928                           
2026-10-06T20:41:20.305	TEL,668,S2,1379141725,0,0,0,442,2932                           
2026-10-06T20:41:20.331	TEL,669,S2,1379161725,0,0,0,448,2932                           
2026-10-06T20:41:20.346	TEL,670,S2,1379181725,0,0,0,448,2932                           
2026-10-06T20:41:20.370	TEL,671,S2,1379201725,0,0,0,448,2932                           
2026-10-06T20:41:20.384	TEL,672,S2,1379221725,0,0,0,448,2932                           
2026-10-06T20:41:20.405	TEL,673,S2,1379241725,0,0,0,442,2932                           
2026-10-06T20:41:20.428	TEL,674,S2,1379261725,0,0,0,442,2930                           
2026-10-06T20:41:20.447	TEL,675,S2,1379281725,0,0,0,436,2930                           
2026-10-06T20:41:20.458	TEL,676,S2,1379301725,0,0,0,439,2932                           
2026-10-06T20:41:20.491	TEL,677,S2,1379321725,0,0,0,448,2932                           
2026-10-06T20:41:20.505	TEL,678,S2,1379341725,0,0,0,448,2932                           
2026-10-06T20:41:20.531	TEL,679,S2,1379361725,0,0,0,445,2932                           
2026-10-06T20:41:20.546	TEL,680,S2,1379381725,0,0,0,445,2930                           
2026-10-06T20:41:20.571	TEL,681,S2,1379401725,0,0,0,442,2930                           
2026-10-06T20:41:20.583	TEL,682,S2,1379421725,0,0,0,442,2932                           
2026-10-06T20:41:20.605	TEL,683,S2,1379441725,0,0,0,445,2932                           
2026-10-06T20:41:20.627	TEL,684,S2,1379461725,0,0,0,445,2930                           
2026-10-06T20:41:20.649	TEL,685,S2,1379481725,0,0,0,436,2930                           
2026-10-06T20:41:20.667	TEL,686,S2,1379501725,0,0,0,439,2932                           
2026-10-06T20:41:20.688	TEL,687,S2,1379521725,0,0,0,448,2932                           
2026-10-06T20:41:20.705	TEL,688,S2,1379541725,0,0,0,448,2932                           
2026-10-06T20:41:20.730	TEL,689,S2,1379561725,0,0,0,448,2932                           
2026-10-06T20:41:20.746	TEL,690,S2,1379581725,0,0,0,448,2930                           
2026-10-06T20:41:20.770	TEL,691,S2,1379601725,0,0,0,445,2930                           
2026-10-06T20:41:20.785	TEL,692,S2,1379621725,0,0,0,445,2930                           
2026-10-06T20:41:20.802	TEL,693,S2,1379641725,0,0,0,436,2930                           
2026-10-06T20:41:20.823	TEL,694,S2,1379661725,0,0,0,436,2930                           
2026-10-06T20:41:20.871	TEL,695,S2,1379681725,0,0,0,442,2930                           
2026-10-06T20:41:20.871	BTN,13,S2,PRESSED,1379689195,1379689202                        
2026-10-06T20:41:20.871	TEL,696,S2,1379701725,0,0,0,442,2932                           
2026-10-06T20:41:20.883	TEL,697,S2,1379721725,0,0,0,445,2932                           
2026-10-06T20:41:20.904	TEL,698,S2,1379741725,0,0,0,445,2930                           
2026-10-06T20:41:20.927	TEL,699,S2,1379761725,0,0,0,448,2930                           
2026-10-06T20:41:20.946	TEL,700,S2,1379781725,0,0,0,448,2930                           
2026-10-06T20:41:20.967	TEL,701,S2,1379801725,0,0,0,445,2930                           
2026-10-06T20:41:20.988	TEL,702,S2,1379821725,0,0,0,445,2932                           
2026-10-06T20:41:20.998	TEL,703,S2,1379841725,0,0,0,448,2932                           
2026-10-06T20:41:21.031	TEL,704,S2,1379861725,0,0,0,448,2932                           
2026-10-06T20:41:21.045	TEL,705,S2,1379881725,0,0,0,442,2932                           
2026-10-06T20:41:21.071	TEL,706,S2,1379901725,0,0,0,442,2930                           
2026-10-06T20:41:21.080	TEL,707,S2,1379921725,0,0,0,436,2930                           
2026-10-06T20:41:21.105	TEL,708,S2,1379941725,0,0,0,439,2933                           
2026-10-06T20:41:21.124	TEL,709,S2,1379961725,0,0,0,451,2933                           
2026-10-06T20:41:21.146	TEL,710,S2,1379981725,0,0,0,448,2932                           
2026-10-06T20:41:21.164	TEL,711,S2,1380001725,0,0,0,442,2932                           
2026-10-06T20:41:21.188	TEL,712,S2,1380021725,0,0,0,442,2932                           
2026-10-06T20:41:21.207	TEL,713,S2,1380041725,0,0,0,442,2932                           
2026-10-06T20:41:21.229	TEL,714,S2,1380061725,0,0,0,442,2932                           
2026-10-06T20:41:21.245	TEL,715,S2,1380081725,0,0,0,448,2932                           
2026-10-06T20:41:21.270	TEL,716,S2,1380101725,0,0,0,448,2932                           
2026-10-06T20:41:21.285	TEL,717,S2,1380121725,0,0,0,448,2932                           
2026-10-06T20:41:21.302	TEL,718,S2,1380141725,0,0,0,448,2930                           
2026-10-06T20:41:21.323	TEL,719,S2,1380161725,0,0,0,442,2930                           
2026-10-06T20:41:21.347	TEL,720,S2,1380181725,0,0,0,442,2930                           
2026-10-06T20:41:21.364	TEL,721,S2,1380201725,0,0,0,436,2930                           
2026-10-06T20:41:21.386	TEL,722,S2,1380221725,0,0,0,439,2932                           
2026-10-06T20:41:21.407	TEL,723,S2,1380241725,0,0,0,445,2932                           
2026-10-06T20:41:21.428	TEL,724,S2,1380261725,0,0,0,445,2932                           
2026-10-06T20:41:21.442	TEL,725,S2,1380281725,0,0,0,442,2932                           
2026-10-06T20:41:21.470	TEL,726,S2,1380301725,0,0,0,448,2937                           
2026-10-06T20:41:21.486	TEL,727,S2,1380321725,0,0,0,454,2937                           
2026-10-06T20:41:21.509	TEL,728,S2,1380341725,0,0,0,448,2932                           
2026-10-06T20:41:21.524	TEL,729,S2,1380361725,0,0,0,445,2932                           
2026-10-06T20:41:21.551	TEL,730,S2,1380381725,0,0,0,445,2930                           
2026-10-06T20:41:21.565	TEL,731,S2,1380401725,0,0,0,436,2930                           
2026-10-06T20:41:21.583	TEL,732,S2,1380421725,0,0,0,436,2930                           
2026-10-06T20:41:21.604	TEL,733,S2,1380441725,0,0,0,448,2930                           
2026-10-06T20:41:21.625	TEL,734,S2,1380461725,0,0,0,448,2930                           
2026-10-06T20:41:21.646	TEL,735,S2,1380481725,0,0,0,442,2930                           
2026-10-06T20:41:21.671	TEL,736,S2,1380501725,0,0,0,439,2928                           
2026-10-06T20:41:21.687	TEL,737,S2,1380521725,0,0,0,445,2928                           
2026-10-06T20:41:21.708	TEL,738,S2,1380541725,0,0,0,448,2932                           
2026-10-06T20:41:21.721	TEL,739,S2,1380561725,0,0,0,448,2932                           
2026-10-06T20:41:21.750	TEL,740,S2,1380581725,0,0,0,448,2930                           
2026-10-06T20:41:21.765	TEL,741,S2,1380601725,0,0,0,445,2930                           
2026-10-06T20:41:21.791	TEL,742,S2,1380621725,0,0,0,451,2935                           
2026-10-06T20:41:21.805	TEL,743,S2,1380641725,0,0,0,451,2935                           
2026-10-06T20:41:21.824	TEL,744,S2,1380661725,0,0,0,448,2932                           
2026-10-06T20:41:21.844	TEL,745,S2,1380681725,0,0,0,442,2932                           
2026-10-06T20:41:21.870	TEL,746,S2,1380701725,0,0,0,448,2935                           
2026-10-06T20:41:21.886	TEL,747,S2,1380721725,0,0,0,451,2935                           
2026-10-06T20:41:21.907	TEL,748,S2,1380741725,0,0,0,448,2932                           
2026-10-06T20:41:21.920	TEL,749,S2,1380761725,0,0,0,448,2932                           
2026-10-06T20:41:21.951	TEL,750,S2,1380781725,0,0,0,448,2932                           
2026-10-06T20:41:21.963	TEL,751,S2,1380801725,0,0,0,445,2932                           
2026-10-06T20:41:21.991	TEL,752,S2,1380821725,0,0,0,451,2937                           
2026-10-06T20:41:22.005	TEL,753,S2,1380841725,0,0,0,451,2937                           
2026-10-06T20:41:22.023	TEL,754,S2,1380861725,0,0,0,445,2932                           
2026-10-06T20:41:22.043	TEL,755,S2,1380881725,0,0,0,445,2932                           
2026-10-06T20:41:22.070	TEL,756,S2,1380901725,0,0,0,445,2930                           
2026-10-06T20:41:22.087	TEL,757,S2,1380921725,0,0,0,448,2930                           
2026-10-06T20:41:22.107	TEL,758,S2,1380941725,0,0,0,448,2932                           
2026-10-06T20:41:22.127	TEL,759,S2,1380961725,0,0,0,448,2932                           
2026-10-06T20:41:22.148	TEL,760,S2,1380981725,0,0,0,448,2930                           
2026-10-06T20:41:22.164	TEL,761,S2,1381001725,0,0,0,448,2930                           
2026-10-06T20:41:22.190	TEL,762,S2,1381021725,0,0,0,448,2930                           
2026-10-06T20:41:22.205	TEL,763,S2,1381041725,0,0,0,445,2930                           
2026-10-06T20:41:22.225	TEL,764,S2,1381061725,0,0,0,445,2932                           
2026-10-06T20:41:22.245	TEL,765,S2,1381081725,0,0,0,442,2932                           
2026-10-06T20:41:22.270	TEL,766,S2,1381101725,0,0,0,442,2932                           
2026-10-06T20:41:22.285	TEL,767,S2,1381121725,0,0,0,448,2932                           
2026-10-06T20:41:22.306	TEL,768,S2,1381141725,0,0,0,451,2933                           
2026-10-06T20:41:22.327	TEL,769,S2,1381161725,0,0,0,439,2933                           
2026-10-06T20:41:22.348	TEL,770,S2,1381181725,0,0,0,436,2930                           
2026-10-06T20:41:22.366	TEL,771,S2,1381201725,0,0,0,436,2930                           
2026-10-06T20:41:22.389	TEL,772,S2,1381221725,0,0,0,436,2930                           
2026-10-06T20:41:22.400	TEL,773,S2,1381241725,0,0,0,442,2930                           
2026-10-06T20:41:22.431	TEL,774,S2,1381261725,0,0,0,442,2932                           
2026-10-06T20:41:22.443	TEL,775,S2,1381281725,0,0,0,445,2932                           
2026-10-06T20:41:22.470	TEL,776,S2,1381301725,0,0,0,445,2932                           
2026-10-06T20:41:22.504	TEL,777,S2,1381321725,0,0,0,442,2932                           
2026-10-06T20:41:22.504	BTN,14,S2,PRESSED,1381330612,1381330619                        
2026-10-06T20:41:22.504	TEL,778,S2,1381341725,0,0,0,442,2932                           
2026-10-06T20:41:22.527	TEL,779,S2,1381361725,0,0,0,448,2932                           
2026-10-06T20:41:22.546	TEL,780,S2,1381381725,0,0,0,448,2930                           
2026-10-06T20:41:22.567	TEL,781,S2,1381401725,0,0,0,442,2930                           
2026-10-06T20:41:22.588	TEL,782,S2,1381421725,0,0,0,442,2932                           
2026-10-06T20:41:22.605	TEL,783,S2,1381441725,0,0,0,448,2932                           
2026-10-06T20:41:22.630	TEL,784,S2,1381461725,0,0,0,448,2930                           
2026-10-06T20:41:22.645	TEL,785,S2,1381481725,0,0,0,442,2930                           
2026-10-06T20:41:22.670	TEL,786,S2,1381501725,0,0,0,442,2932                           
2026-10-06T20:41:22.680	TEL,787,S2,1381521725,0,0,0,448,2932                           
2026-10-06T20:41:22.705	TEL,788,S2,1381541725,0,0,0,445,2927                           
2026-10-06T20:41:22.723	TEL,789,S2,1381561725,0,0,0,433,2927                           
2026-10-06T20:41:22.743	TEL,790,S2,1381581725,0,0,0,439,2932                           
2026-10-06T20:41:22.764	TEL,791,S2,1381601725,0,0,0,445,2932                           
2026-10-06T20:41:22.785	TEL,792,S2,1381621725,0,0,0,445,2932                           
2026-10-06T20:41:22.806	TEL,793,S2,1381641725,0,0,0,448,2932                           
2026-10-06T20:41:22.827	TEL,794,S2,1381661725,0,0,0,448,2932                           
2026-10-06T20:41:22.837	TEL,795,S2,1381681725,0,0,0,442,2932                           
2026-10-06T20:41:22.871	TEL,796,S2,1381701725,0,0,0,442,2930                           
2026-10-06T20:41:22.885	TEL,797,S2,1381721725,0,0,0,448,2930                           
2026-10-06T20:41:22.910	TEL,798,S2,1381741725,0,0,0,448,2930                           
2026-10-06T20:41:22.925	TEL,799,S2,1381761725,0,0,0,436,2930                           
2026-10-06T20:41:22.941	TEL,800,S2,1381781725,0,0,0,439,2932                           
2026-10-06T20:41:22.965	TEL,801,S2,1381801725,0,0,0,448,2932                           
2026-10-06T20:41:22.983	TEL,802,S2,1381821725,0,0,0,448,2930                           
2026-10-06T20:41:23.005	TEL,803,S2,1381841725,0,0,0,448,2930                           
2026-10-06T20:41:23.027	TEL,804,S2,1381861725,0,0,0,448,2932                           
2026-10-06T20:41:23.047	TEL,805,S2,1381881725,0,0,0,442,2932                           
2026-10-06T20:41:23.070	TEL,806,S2,1381901725,0,0,0,442,2932                           
2026-10-06T20:41:23.085	TEL,807,S2,1381921725,0,0,0,442,2932                           
2026-10-06T20:41:23.110	TEL,808,S2,1381941725,0,0,0,442,2932                           
2026-10-06T20:41:23.125	TEL,809,S2,1381961725,0,0,0,445,2932                           
2026-10-06T20:41:23.141	TEL,810,S2,1381981725,0,0,0,445,2930                           
2026-10-06T20:41:23.167	TEL,811,S2,1382001725,0,0,0,442,2930                           
2026-10-06T20:41:23.185	TEL,812,S2,1382021725,0,0,0,448,2935                           
2026-10-06T20:41:23.203	TEL,813,S2,1382041725,0,0,0,448,2935                           
2026-10-06T20:41:23.225	TEL,814,S2,1382061725,0,0,0,439,2927                           
2026-10-06T20:41:23.245	TEL,815,S2,1382081725,0,0,0,442,2927                           
2026-10-06T20:41:23.270	TEL,816,S2,1382101725,0,0,0,445,2932                           
2026-10-06T20:41:23.287	TEL,817,S2,1382121725,0,0,0,442,2932                           
2026-10-06T20:41:23.308	TEL,818,S2,1382141725,0,0,0,442,2932                           
2026-10-06T20:41:23.321	TEL,819,S2,1382161725,0,0,0,439,2932                           
2026-10-06T20:41:23.350	TEL,820,S2,1382181725,0,0,0,436,2930                           
2026-10-06T20:41:23.367	TEL,821,S2,1382201725,0,0,0,448,2930                           
2026-10-06T20:41:23.386	TEL,822,S2,1382221725,0,0,0,448,2932                           
2026-10-06T20:41:23.405	TEL,823,S2,1382241725,0,0,0,442,2932                           
2026-10-06T20:41:23.444	TEL,824,S2,1382261725,0,0,0,445,2933                           
2026-10-06T20:41:23.444	BTN,15,S2,PRESSED,1382263869,1382263876                        
2026-10-06T20:41:23.444	TEL,825,S2,1382281725,0,0,0,445,2933                           
2026-10-06T20:41:23.464	TEL,826,S2,1382301725,0,0,0,442,2932                           
2026-10-06T20:41:23.486	TEL,827,S2,1382321725,0,0,0,442,2932                           
2026-10-06T20:41:23.506	TEL,828,S2,1382341725,0,0,0,442,2932                           
2026-10-06T20:41:23.528	TEL,829,S2,1382361725,0,0,0,439,2932                           
2026-10-06T20:41:23.547	TEL,830,S2,1382381725,0,0,0,439,2932                           
2026-10-06T20:41:23.571	TEL,831,S2,1382401725,0,0,0,448,2932                           
2026-10-06T20:41:23.586	TEL,832,S2,1382421725,0,0,0,448,2930                           
2026-10-06T20:41:23.610	TEL,833,S2,1382441725,0,0,0,448,2930                           
2026-10-06T20:41:23.631	BTN,16,S2,PRESSED,1382459817,1382459824                        
2026-10-06T20:41:23.631	TEL,834,S2,1382461725,0,0,0,448,2932                           
2026-10-06T20:41:23.645	TEL,835,S2,1382481725,0,0,0,433,2932                           
2026-10-06T20:41:23.671	TEL,836,S2,1382501725,0,0,0,430,2930                           
2026-10-06T20:41:23.687	TEL,837,S2,1382521725,0,0,0,436,2930                           
2026-10-06T20:41:23.705	TEL,838,S2,1382541725,0,0,0,439,2932                           
2026-10-06T20:41:23.726	TEL,839,S2,1382561725,0,0,0,439,2932                           
2026-10-06T20:41:23.746	TEL,840,S2,1382581725,0,0,0,439,2932                           
2026-10-06T20:41:23.766	TEL,841,S2,1382601725,0,0,0,448,2932                           
2026-10-06T20:41:23.787	TEL,842,S2,1382621725,0,0,0,451,2935                           
2026-10-06T20:41:23.797	TEL,843,S2,1382641725,0,0,0,451,2935                           
2026-10-06T20:41:23.830	TEL,844,S2,1382661725,0,0,0,445,2930                           
2026-10-06T20:41:23.852	BTN,17,S2,PRESSED,1382679214,1382679221                        
2026-10-06T20:41:23.852	TEL,845,S2,1382681725,0,0,0,442,2930                           
2026-10-06T20:41:23.860	TEL,846,S2,1382701725,0,0,0,457,2944                           
2026-10-06T20:41:23.887	TEL,847,S2,1382721725,0,0,0,457,2944                           
2026-10-06T20:41:23.905	TEL,848,S2,1382741725,0,0,0,442,2932                           
2026-10-06T20:41:23.924	TEL,849,S2,1382761725,0,0,0,448,2932                           
2026-10-06T20:41:23.944	TEL,850,S2,1382781725,0,0,0,448,2930                           
2026-10-06T20:41:23.971	TEL,851,S2,1382801725,0,0,0,442,2930                           
2026-10-06T20:41:23.984	TEL,852,S2,1382821725,0,0,0,442,2930                           
2026-10-06T20:41:24.006	TEL,853,S2,1382841725,0,0,0,442,2930                           
2026-10-06T20:41:24.047	TEL,854,S2,1382861725,0,0,0,439,2928                           
2026-10-06T20:41:24.047	BTN,18,S2,PRESSED,1382873467,1382873474                        
2026-10-06T20:41:24.047	TEL,855,S2,1382881725,0,0,0,439,2928                           
2026-10-06T20:41:24.058	TEL,856,S2,1382901725,0,0,0,442,2932                           
2026-10-06T20:41:24.091	TEL,857,S2,1382921725,0,0,0,442,2932                           
2026-10-06T20:41:24.105	TEL,858,S2,1382941725,0,0,0,442,2932                           
2026-10-06T20:41:24.125	TEL,859,S2,1382961725,0,0,0,448,2932                           
2026-10-06T20:41:24.148	TEL,860,S2,1382981725,0,0,0,451,2935                           
2026-10-06T20:41:24.170	TEL,861,S2,1383001725,0,0,0,442,2935                           
2026-10-06T20:41:24.186	TEL,862,S2,1383021725,0,0,0,439,2932                           
2026-10-06T20:41:24.208	TEL,863,S2,1383041725,0,0,0,448,2932                           
2026-10-06T20:41:24.226	TEL,864,S2,1383061725,0,0,0,448,2932                           
2026-10-06T20:41:24.247	TEL,865,S2,1383081725,0,0,0,445,2932                           
2026-10-06T20:41:24.257	TEL,866,S2,1383101725,0,0,0,445,2930                           
2026-10-06T20:41:24.291	TEL,867,S2,1383121725,0,0,0,448,2930                           
2026-10-06T20:41:24.305	TEL,868,S2,1383141725,0,0,0,448,2930                           
2026-10-06T20:41:24.331	TEL,869,S2,1383161725,0,0,0,442,2930                           
2026-10-06T20:41:24.344	TEL,870,S2,1383181725,0,0,0,442,2932                           
2026-10-06T20:41:24.371	TEL,871,S2,1383201725,0,0,0,439,2932                           
2026-10-06T20:41:24.383	TEL,872,S2,1383221725,0,0,0,436,2930                           
2026-10-06T20:41:24.404	TEL,873,S2,1383241725,0,0,0,448,2930                           
2026-10-06T20:41:24.444	TEL,874,S2,1383261725,0,0,0,448,2930                           
2026-10-06T20:41:24.444	BTN,19,S2,PRESSED,1383273504,1383273511                        
2026-10-06T20:41:24.444	TEL,875,S2,1383281725,0,0,0,445,2930                           
2026-10-06T20:41:24.470	TEL,876,S2,1383301725,0,0,0,445,2932                           
2026-10-06T20:41:24.489	TEL,877,S2,1383321725,0,0,0,445,2932                           
2026-10-06T20:41:24.506	TEL,878,S2,1383341725,0,0,0,445,2932                           
2026-10-06T20:41:24.520	TEL,879,S2,1383361725,0,0,0,445,2932                           
2026-10-06T20:41:24.547	TEL,880,S2,1383381725,0,0,0,445,2930                           
2026-10-06T20:41:24.557	TEL,881,S2,1383401725,0,0,0,442,2930                           
2026-10-06T20:41:24.589	TEL,882,S2,1383421725,0,0,0,442,2932                           
2026-10-06T20:41:24.599	TEL,883,S2,1383441725,0,0,0,442,2932                           
2026-10-06T20:41:24.631	TEL,884,S2,1383461725,0,0,0,439,2928                           
2026-10-06T20:41:24.645	TEL,885,S2,1383481725,0,0,0,445,2928                           
2026-10-06T20:41:24.670	TEL,886,S2,1383501725,0,0,0,448,2932                           
2026-10-06T20:41:24.705	TEL,887,S2,1383521725,0,0,0,442,2932                           
2026-10-06T20:41:24.705	BTN,20,S2,PRESSED,1383526786,1383526793                        
2026-10-06T20:41:24.705	TEL,888,S2,1383541725,0,0,0,442,2932                           
2026-10-06T20:41:24.727	TEL,889,S2,1383561725,0,0,0,442,2932                           
2026-10-06T20:41:24.747	TEL,890,S2,1383581725,0,0,0,442,2930                           
2026-10-06T20:41:24.770	TEL,891,S2,1383601725,0,0,0,445,2930                           
2026-10-06T20:41:24.779	TEL,892,S2,1383621725,0,0,0,445,2930                           
2026-10-06T20:41:24.809	TEL,893,S2,1383641725,0,0,0,442,2930                           
2026-10-06T20:41:24.820	TEL,894,S2,1383661725,0,0,0,442,2930                           
2026-10-06T20:41:24.851	TEL,895,S2,1383681725,0,0,0,442,2930                           
2026-10-06T20:41:24.865	TEL,896,S2,1383701725,0,0,0,442,2932                           
2026-10-06T20:41:24.890	TEL,897,S2,1383721725,0,0,0,439,2932                           
2026-10-06T20:41:24.902	TEL,898,S2,1383741725,0,0,0,436,2930                           
2026-10-06T20:41:24.923	TEL,899,S2,1383761725,0,0,0,442,2930                           
2026-10-06T20:41:24.943	TEL,900,S2,1383781725,0,0,0,442,2932                           
2026-10-06T20:41:24.970	TEL,901,S2,1383801725,0,0,0,448,2932                           
2026-10-06T20:41:24.986	TEL,902,S2,1383821725,0,0,0,448,2932                           
2026-10-06T20:41:25.006	TEL,903,S2,1383841725,0,0,0,448,2932                           
2026-10-06T20:41:25.020	TEL,904,S2,1383861725,0,0,0,448,2930                           
2026-10-06T20:41:25.070	TEL,905,S2,1383881725,0,0,0,436,2930                           
2026-10-06T20:41:25.070	BTN,21,S2,PRESSED,1383891449,1383891456                        
2026-10-06T20:41:25.070	TEL,906,S2,1383901725,0,0,0,439,2932                           
2026-10-06T20:41:25.091	TEL,907,S2,1383921725,0,0,0,439,2932                           
2026-10-06T20:41:25.105	TEL,908,S2,1383941725,0,0,0,439,2932                           
2026-10-06T20:41:25.131	TEL,909,S2,1383961725,0,0,0,448,2932                           
2026-10-06T20:41:25.141	TEL,910,S2,1383981725,0,0,0,448,2932                           
2026-10-06T20:41:25.170	TEL,911,S2,1384001725,0,0,0,442,2932                           
2026-10-06T20:41:25.183	TEL,912,S2,1384021725,0,0,0,442,2932                           
2026-10-06T20:41:25.204	TEL,913,S2,1384041725,0,0,0,448,2932                           
2026-10-06T20:41:25.226	TEL,914,S2,1384061725,0,0,0,448,2930                           
2026-10-06T20:41:25.246	TEL,915,S2,1384081725,0,0,0,448,2930                           
2026-10-06T20:41:25.266	TEL,916,S2,1384101725,0,0,0,448,2932                           
2026-10-06T20:41:25.288	TEL,917,S2,1384121725,0,0,0,442,2932                           
2026-10-06T20:41:25.325	BTN,22,S2,PRESSED,1384141313,1384141320                        
2026-10-06T20:41:25.325	TEL,918,S2,1384141725,0,0,0,442,2930                           
2026-10-06T20:41:25.325	TEL,919,S2,1384161725,0,0,0,428,2930                           
2026-10-06T20:41:25.351	TEL,920,S2,1384181725,0,0,0,428,2930                           
2026-10-06T20:41:25.361	TEL,921,S2,1384201725,0,0,0,442,2930                           
2026-10-06T20:41:25.385	TEL,922,S2,1384221725,0,0,0,442,2930                           
2026-10-06T20:41:25.405	TEL,923,S2,1384241725,0,0,0,442,2930                           
2026-10-06T20:41:25.425	TEL,924,S2,1384261725,0,0,0,445,2933                           
2026-10-06T20:41:25.447	TEL,925,S2,1384281725,0,0,0,445,2933                           
2026-10-06T20:41:25.471	TEL,926,S2,1384301725,0,0,0,442,2932                           
2026-10-06T20:41:25.478	TEL,927,S2,1384321725,0,0,0,448,2932                           
2026-10-06T20:41:25.508	TEL,928,S2,1384341725,0,0,0,451,2933                           
2026-10-06T20:41:25.525	TEL,929,S2,1384361725,0,0,0,448,2933                           
2026-10-06T20:41:25.540	TEL,930,S2,1384381725,0,0,0,445,2932                           
2026-10-06T20:41:25.561	TEL,931,S2,1384401725,0,0,0,442,2932                           
2026-10-06T20:41:25.608	TEL,932,S2,1384421725,0,0,0,442,2932                           
2026-10-06T20:41:25.608	BTN,23,S2,PRESSED,1384427218,1384427225                        
2026-10-06T20:41:25.608	TEL,933,S2,1384441725,0,0,0,439,2932                           
2026-10-06T20:41:25.623	TEL,934,S2,1384461725,0,0,0,439,2932                           
2026-10-06T20:41:25.642	TEL,935,S2,1384481725,0,0,0,445,2932                           
2026-10-06T20:41:25.670	TEL,936,S2,1384501725,0,0,0,445,2930                           
2026-10-06T20:41:25.693	TEL,937,S2,1384521725,0,0,0,442,2930                           
2026-10-06T20:41:25.708	TEL,938,S2,1384541725,0,0,0,442,2932                           
2026-10-06T20:41:25.726	TEL,939,S2,1384561725,0,0,0,439,2932                           
2026-10-06T20:41:25.744	TEL,940,S2,1384581725,0,0,0,439,2932                           
2026-10-06T20:41:25.765	TEL,941,S2,1384601725,0,0,0,442,2932                           
2026-10-06T20:41:25.789	TEL,942,S2,1384621725,0,0,0,442,2930                           
2026-10-06T20:41:25.805	TEL,943,S2,1384641725,0,0,0,445,2930                           
2026-10-06T20:41:25.831	TEL,944,S2,1384661725,0,0,0,445,2932                           
2026-10-06T20:41:25.845	TEL,945,S2,1384681725,0,0,0,445,2932                           
2026-10-06T20:41:25.870	TEL,946,S2,1384701725,0,0,0,445,2932                           
2026-10-06T20:41:25.896	TEL,947,S2,1384721725,0,0,0,442,2932                           
2026-10-06T20:41:25.896	BTN,24,S2,PRESSED,1384724430,1384724437                        
2026-10-06T20:41:25.896	TEL,948,S2,1384741725,0,0,0,442,2932                           
2026-10-06T20:41:25.928	TEL,949,S2,1384761725,0,0,0,448,2932                           
2026-10-06T20:41:25.937	TEL,950,S2,1384781725,0,0,0,448,2932                           
2026-10-06T20:41:25.971	TEL,951,S2,1384801725,0,0,0,448,2932                           
2026-10-06T20:41:25.983	TEL,952,S2,1384821725,0,0,0,448,2932                           
2026-10-06T20:41:26.009	TEL,953,S2,1384841725,0,0,0,442,2932                           
2026-10-06T20:41:26.022	TEL,954,S2,1384861725,0,0,0,442,2932                           
2026-10-06T20:41:26.042	TEL,955,S2,1384881725,0,0,0,442,2932                           
2026-10-06T20:41:26.063	TEL,956,S2,1384901725,0,0,0,442,2932                           
2026-10-06T20:41:26.084	TEL,957,S2,1384921725,0,0,0,442,2932                           
2026-10-06T20:41:26.106	TEL,958,S2,1384941725,0,0,0,442,2932                           
2026-10-06T20:41:26.127	TEL,959,S2,1384961725,0,0,0,445,2932                           
2026-10-06T20:41:26.147	TEL,960,S2,1384981725,0,0,0,445,2932                           
2026-10-06T20:41:26.171	TEL,961,S2,1385001725,0,0,0,439,2932                           
2026-10-06T20:41:26.184	TEL,962,S2,1385021725,0,0,0,439,2932                           
2026-10-06T20:41:26.211	TEL,963,S2,1385041725,0,0,0,448,2932                           
2026-10-06T20:41:26.221	TEL,964,S2,1385061725,0,0,0,451,2933                           
2026-10-06T20:41:26.245	TEL,965,S2,1385081725,0,0,0,445,2933                           
2026-10-06T20:41:26.285	TEL,966,S2,1385101725,0,0,0,451,2939                           
2026-10-06T20:41:26.285	BTN,25,S2,PRESSED,1385116374,1385116381                        
2026-10-06T20:41:26.285	TEL,967,S2,1385121725,0,0,0,457,2939                           
2026-10-06T20:41:26.306	TEL,968,S2,1385141725,0,0,0,448,2932                           
2026-10-06T20:41:26.327	TEL,969,S2,1385161725,0,0,0,448,2932                           
2026-10-06T20:41:26.337	TEL,970,S2,1385181725,0,0,0,448,2932                           
2026-10-06T20:41:26.370	TEL,971,S2,1385201725,0,0,0,448,2932                           
2026-10-06T20:41:26.385	TEL,972,S2,1385221725,0,0,0,451,2935                           
2026-10-06T20:41:26.410	TEL,973,S2,1385241725,0,0,0,448,2935                           
2026-10-06T20:41:26.427	TEL,974,S2,1385261725,0,0,0,442,2932                           
2026-10-06T20:41:26.441	TEL,975,S2,1385281725,0,0,0,445,2932                           
2026-10-06T20:41:26.465	TEL,976,S2,1385301725,0,0,0,445,2930                           
2026-10-06T20:41:26.483	TEL,977,S2,1385321725,0,0,0,448,2930                           
2026-10-06T20:41:26.504	TEL,978,S2,1385341725,0,0,0,448,2930                           
2026-10-06T20:41:26.528	TEL,979,S2,1385361725,0,0,0,436,2930                           
2026-10-06T20:41:26.546	TEL,980,S2,1385381725,0,0,0,436,2930                           
2026-10-06T20:41:26.570	TEL,981,S2,1385401725,0,0,0,436,2930                           
2026-10-06T20:41:26.587	TEL,982,S2,1385421725,0,0,0,430,2923                           
2026-10-06T20:41:26.608	TEL,983,S2,1385441725,0,0,0,436,2923                           
2026-10-06T20:41:26.625	TEL,984,S2,1385461725,0,0,0,442,2930                           
2026-10-06T20:41:26.651	TEL,985,S2,1385481725,0,0,0,445,2930                           
2026-10-06T20:41:26.663	TEL,986,S2,1385501725,0,0,0,445,2930                           
2026-10-06T20:41:26.681	TEL,987,S2,1385521725,0,0,0,442,2930                           
2026-10-06T20:41:26.705	TEL,988,S2,1385541725,0,0,0,442,2932                           
2026-10-06T20:41:26.723	TEL,989,S2,1385561725,0,0,0,442,2932                           
2026-10-06T20:41:26.743	TEL,990,S2,1385581725,0,0,0,436,2925                           
2026-10-06T20:41:26.770	TEL,991,S2,1385601725,0,0,0,436,2925                           
2026-10-06T20:41:26.785	TEL,992,S2,1385621725,0,0,0,442,2932                           
2026-10-06T20:41:26.805	TEL,993,S2,1385641725,0,0,0,442,2932                           
2026-10-06T20:41:26.826	TEL,994,S2,1385661725,0,0,0,442,2930                           
2026-10-06T20:41:26.846	TEL,995,S2,1385681725,0,0,0,442,2930                           
2026-10-06T20:41:26.866	TEL,996,S2,1385701725,0,0,0,442,2932                           
2026-10-06T20:41:26.887	TEL,997,S2,1385721725,0,0,0,448,2932                           
2026-10-06T20:41:26.897	TEL,998,S2,1385741725,0,0,0,448,2932                           
2026-10-06T20:41:26.928	TEL,999,S2,1385761725,0,0,0,442,2932                           
2026-10-06T20:41:26.938	TEL,1000,S2,1385781725,0,0,0,442,2932                          
2026-10-06T20:41:26.970	TEL,1001,S2,1385801725,0,0,0,442,2932                          
2026-10-06T20:41:26.985	TEL,1002,S2,1385821725,0,0,0,442,2932                          
2026-10-06T20:41:27.009	TEL,1003,S2,1385841725,0,0,0,439,2932                          
2026-10-06T20:41:27.021	TEL,1004,S2,1385861725,0,0,0,439,2932                          
2026-10-06T20:41:27.050	TEL,1005,S2,1385881725,0,0,0,442,2932                          
2026-10-06T20:41:27.060	TEL,1006,S2,1385901725,0,0,0,442,2933                          
2026-10-06T20:41:27.091	TEL,1007,S2,1385921725,0,0,0,442,2933                          
2026-10-06T20:41:27.101	TEL,1008,S2,1385941725,0,0,0,442,2932                          
2026-10-06T20:41:27.122	TEL,1009,S2,1385961725,0,0,0,442,2932                          
2026-10-06T20:41:27.141	TEL,1010,S2,1385981725,0,0,0,442,2933                          
2026-10-06T20:41:27.170	TEL,1011,S2,1386001725,0,0,0,442,2933                          
2026-10-06T20:41:27.185	TEL,1012,S2,1386021725,0,0,0,442,2932                          
2026-10-06T20:41:27.204	TEL,1013,S2,1386041725,0,0,0,442,2932                          
2026-10-06T20:41:27.225	TEL,1014,S2,1386061725,0,0,0,445,2937                          
2026-10-06T20:41:27.250	TEL,1015,S2,1386081725,0,0,0,445,2937                          
2026-10-06T20:41:27.262	TEL,1016,S2,1386101725,0,0,0,442,2933                          
2026-10-06T20:41:27.282	TEL,1017,S2,1386121725,0,0,0,442,2933                          
2026-10-06T20:41:27.303	TEL,1018,S2,1386141725,0,0,0,442,2932                          
2026-10-06T20:41:27.324	TEL,1019,S2,1386161725,0,0,0,442,2932                          
2026-10-06T20:41:27.347	TEL,1020,S2,1386181725,0,0,0,442,2933                          
2026-10-06T20:41:27.370	TEL,1021,S2,1386201725,0,0,0,442,2933                          
2026-10-06T20:41:27.386	TEL,1022,S2,1386221725,0,0,0,442,2933                          
2026-10-06T20:41:27.406	TEL,1023,S2,1386241725,0,0,0,445,2933                          
2026-10-06T20:41:27.427	TEL,1024,S2,1386261725,0,0,0,445,2933                          
2026-10-06T20:41:27.446	TEL,1025,S2,1386281725,0,0,0,445,2933                          
2026-10-06T20:41:27.456	TEL,1026,S2,1386301725,0,0,0,445,2933                          
2026-10-06T20:41:27.487	TEL,1027,S2,1386321725,0,0,0,445,2933                          
2026-10-06T20:41:27.506	TEL,1028,S2,1386341725,0,0,0,445,2933                          
2026-10-06T20:41:27.529	TEL,1029,S2,1386361725,0,0,0,442,2933                          
2026-10-06T20:41:27.541	TEL,1030,S2,1386381725,0,0,0,442,2932                          
2026-10-06T20:41:27.570	TEL,1031,S2,1386401725,0,0,0,442,2932                          
2026-10-06T20:41:27.580	TEL,1032,S2,1386421725,0,0,0,445,2933                          
2026-10-06T20:41:27.610	TEL,1033,S2,1386441725,0,0,0,439,2933                          
2026-10-06T20:41:27.621	TEL,1034,S2,1386461725,0,0,0,439,2933                          
2026-10-06T20:41:27.641	TEL,1035,S2,1386481725,0,0,0,442,2933                          
2026-10-06T20:41:27.664	TEL,1036,S2,1386501725,0,0,0,442,2932                          
2026-10-06T20:41:27.682	TEL,1037,S2,1386521725,0,0,0,442,2932                          
2026-10-06T20:41:27.703	TEL,1038,S2,1386541725,0,0,0,442,2932                          
2026-10-06T20:41:27.730	TEL,1039,S2,1386561725,0,0,0,442,2932                          
2026-10-06T20:41:27.744	TEL,1040,S2,1386581725,0,0,0,442,2932                          
2026-10-06T20:41:27.764	TEL,1041,S2,1386601725,0,0,0,442,2932                          
2026-10-06T20:41:27.785	TEL,1042,S2,1386621725,0,0,0,442,2932                          
2026-10-06T20:41:27.805	TEL,1043,S2,1386641725,0,0,0,442,2932                          
2026-10-06T20:41:27.825	TEL,1044,S2,1386661725,0,0,0,442,2932                          
2026-10-06T20:41:27.846	TEL,1045,S2,1386681725,0,0,0,442,2932                          
2026-10-06T20:41:27.866	TEL,1046,S2,1386701725,0,0,0,442,2932                          
2026-10-06T20:41:27.887	TEL,1047,S2,1386721725,0,0,0,442,2932                          
2026-10-06T20:41:27.899	TEL,1048,S2,1386741725,0,0,0,442,2933                          
2026-10-06T20:41:27.947	TEL,1049,S2,1386761725,0,0,0,439,2933                          
2026-10-06T20:41:27.947	BTN,26,S2,PRESSED,1386764223,1386764230                        
2026-10-06T20:41:27.947	TEL,1050,S2,1386781725,0,0,0,439,2932                          
2026-10-06T20:41:27.965	TEL,1051,S2,1386801725,0,0,0,442,2932                          
2026-10-06T20:41:27.987	TEL,1052,S2,1386821725,0,0,0,442,2932                          
2026-10-06T20:41:28.007	TEL,1053,S2,1386841725,0,0,0,439,2932                          
2026-10-06T20:41:28.028	TEL,1054,S2,1386861725,0,0,0,439,2933                          
2026-10-06T20:41:28.038	TEL,1055,S2,1386881725,0,0,0,439,2933                          
2026-10-06T20:41:28.069	TEL,1056,S2,1386901725,0,0,0,439,2932                          
2026-10-06T20:41:28.080	TEL,1057,S2,1386921725,0,0,0,439,2932                          
2026-10-06T20:41:28.110	TEL,1058,S2,1386941725,0,0,0,439,2933                          
2026-10-06T20:41:28.125	TEL,1059,S2,1386961725,0,0,0,445,2933                          
2026-10-06T20:41:28.149	TEL,1060,S2,1386981725,0,0,0,448,2937                          
2026-10-06T20:41:28.161	TEL,1061,S2,1387001725,0,0,0,448,2937                          
2026-10-06T20:41:28.182	TEL,1062,S2,1387021725,0,0,0,442,2932                          
2026-10-06T20:41:28.202	TEL,1063,S2,1387041725,0,0,0,442,2932                          
2026-10-06T20:41:28.224	TEL,1064,S2,1387061725,0,0,0,442,2933                          
2026-10-06T20:41:28.243	TEL,1065,S2,1387081725,0,0,0,439,2933                          
2026-10-06T20:41:28.268	TEL,1066,S2,1387101725,0,0,0,439,2933                          
2026-10-06T20:41:28.284	TEL,1067,S2,1387121725,0,0,0,439,2933                          
2026-10-06T20:41:28.304	TEL,1068,S2,1387141725,0,0,0,439,2932                          
2026-10-06T20:41:28.326	TEL,1069,S2,1387161725,0,0,0,439,2932                          
2026-10-06T20:41:28.345	TEL,1070,S2,1387181725,0,0,0,439,2933                          
2026-10-06T20:41:28.366	TEL,1071,S2,1387201725,0,0,0,442,2933                          
2026-10-06T20:41:28.387	TEL,1072,S2,1387221725,0,0,0,442,2932                          
2026-10-06T20:41:28.400	TEL,1073,S2,1387241725,0,0,0,439,2932                          
2026-10-06T20:41:28.430	TEL,1074,S2,1387261725,0,0,0,439,2932                          
2026-10-06T20:41:28.445	TEL,1075,S2,1387281725,0,0,0,442,2932                          
2026-10-06T20:41:28.470	TEL,1076,S2,1387301725,0,0,0,442,2932                          
2026-10-06T20:41:28.479	TEL,1077,S2,1387321725,0,0,0,442,2932                          
2026-10-06T20:41:28.510	TEL,1078,S2,1387341725,0,0,0,442,2933                          
2026-10-06T20:41:28.523	TEL,1079,S2,1387361725,0,0,0,445,2933                          
2026-10-06T20:41:28.548	TEL,1080,S2,1387381725,0,0,0,442,2932                          
2026-10-06T20:41:28.561	TEL,1081,S2,1387401725,0,0,0,442,2932                          
2026-10-06T20:41:28.581	TEL,1082,S2,1387421725,0,0,0,442,2932                          
2026-10-06T20:41:28.600	TEL,1083,S2,1387441725,0,0,0,439,2932                          
2026-10-06T20:41:28.621	TEL,1084,S2,1387461725,0,0,0,439,2932                          
2026-10-06T20:41:28.641	TEL,1085,S2,1387481725,0,0,0,442,2932                          
2026-10-06T20:41:28.670	TEL,1086,S2,1387501725,0,0,0,442,2932                          
2026-10-06T20:41:28.682	TEL,1087,S2,1387521725,0,0,0,442,2932                          
2026-10-06T20:41:28.702	TEL,1088,S2,1387541725,0,0,0,445,2933                          
2026-10-06T20:41:28.724	TEL,1089,S2,1387561725,0,0,0,439,2933                          
2026-10-06T20:41:28.750	TEL,1090,S2,1387581725,0,0,0,439,2932                          
2026-10-06T20:41:28.764	TEL,1091,S2,1387601725,0,0,0,439,2932                          
2026-10-06T20:41:28.785	TEL,1092,S2,1387621725,0,0,0,439,2933                          
2026-10-06T20:41:28.805	TEL,1093,S2,1387641725,0,0,0,442,2933                          
2026-10-06T20:41:28.827	TEL,1094,S2,1387661725,0,0,0,442,2932                          
2026-10-06T20:41:28.836	TEL,1095,S2,1387681725,0,0,0,442,2932                          
2026-10-06T20:41:28.870	TEL,1096,S2,1387701725,0,0,0,442,2932                          
2026-10-06T20:41:28.878	TEL,1097,S2,1387721725,0,0,0,442,2932                          
2026-10-06T20:41:28.908	TEL,1098,S2,1387741725,0,0,0,445,2933                          
2026-10-06T20:41:28.920	TEL,1099,S2,1387761725,0,0,0,442,2933                          
2026-10-06T20:41:28.949	TEL,1100,S2,1387781725,0,0,0,442,2932                          
2026-10-06T20:41:28.959	TEL,1101,S2,1387801725,0,0,0,442,2932                          
2026-10-06T20:41:29.001	TEL,1102,S2,1387821725,0,0,0,442,2933                          
2026-10-06T20:41:29.001	BTN,27,S2,PRESSED,1387830621,1387830628                        
2026-10-06T20:41:29.001	TEL,1103,S2,1387841725,0,0,0,445,2933                          
2026-10-06T20:41:29.022	TEL,1104,S2,1387861725,0,0,0,442,2930                          
2026-10-06T20:41:29.041	TEL,1105,S2,1387881725,0,0,0,436,2930                          
2026-10-06T20:41:29.062	TEL,1106,S2,1387901725,0,0,0,439,2932                          
2026-10-06T20:41:29.082	TEL,1107,S2,1387921725,0,0,0,442,2932                          
2026-10-06T20:41:29.103	TEL,1108,S2,1387941725,0,0,0,442,2932                          
2026-10-06T20:41:29.124	TEL,1109,S2,1387961725,0,0,0,439,2932                          
2026-10-06T20:41:29.144	TEL,1110,S2,1387981725,0,0,0,439,2932                          
2026-10-06T20:41:29.170	TEL,1111,S2,1388001725,0,0,0,442,2932                          
2026-10-06T20:41:29.184	TEL,1112,S2,1388021725,0,0,0,445,2933                          
2026-10-06T20:41:29.205	TEL,1113,S2,1388041725,0,0,0,442,2933                          
2026-10-06T20:41:29.226	TEL,1114,S2,1388061725,0,0,0,442,2932                          
2026-10-06T20:41:29.246	TEL,1115,S2,1388081725,0,0,0,442,2932                          
2026-10-06T20:41:29.256	TEL,1116,S2,1388101725,0,0,0,442,2933                          
2026-10-06T20:41:29.289	TEL,1117,S2,1388121725,0,0,0,439,2933                          
2026-10-06T20:41:29.301	TEL,1118,S2,1388141725,0,0,0,439,2932                          
2026-10-06T20:41:29.329	TEL,1119,S2,1388161725,0,0,0,442,2932                          
2026-10-06T20:41:29.344	TEL,1120,S2,1388181725,0,0,0,445,2933                          
2026-10-06T20:41:29.370	TEL,1121,S2,1388201725,0,0,0,445,2933                          
2026-10-06T20:41:29.379	TEL,1122,S2,1388221725,0,0,0,445,2933                          
2026-10-06T20:41:29.421	TEL,1123,S2,1388241725,0,0,0,442,2933                          
2026-10-06T20:41:29.421	BTN,28,S2,PRESSED,1388254447,1388254455                        
2026-10-06T20:41:29.421	TEL,1124,S2,1388261725,0,0,0,442,2932                          
2026-10-06T20:41:29.441	TEL,1125,S2,1388281725,0,0,0,442,2932                          
2026-10-06T20:41:29.461	TEL,1126,S2,1388301725,0,0,0,442,2932                          
2026-10-06T20:41:29.490	TEL,1127,S2,1388321725,0,0,0,442,2932                          
2026-10-06T20:41:29.508	TEL,1128,S2,1388341725,0,0,0,445,2933                          
2026-10-06T20:41:29.529	TEL,1129,S2,1388361725,0,0,0,445,2933                          
2026-10-06T20:41:29.543	TEL,1130,S2,1388381725,0,0,0,442,2932                          
2026-10-06T20:41:29.563	TEL,1131,S2,1388401725,0,0,0,442,2932                          
2026-10-06T20:41:29.584	TEL,1132,S2,1388421725,0,0,0,442,2932                          
2026-10-06T20:41:29.605	TEL,1133,S2,1388441725,0,0,0,442,2932                          
2026-10-06T20:41:29.626	TEL,1134,S2,1388461725,0,0,0,442,2932                          
2026-10-06T20:41:29.646	TEL,1135,S2,1388481725,0,0,0,442,2932                          
2026-10-06T20:41:29.666	TEL,1136,S2,1388501725,0,0,0,442,2933                          
2026-10-06T20:41:29.687	TEL,1137,S2,1388521725,0,0,0,439,2933                          
2026-10-06T20:41:29.701	TEL,1138,S2,1388541725,0,0,0,439,2932                          
2026-10-06T20:41:29.729	TEL,1139,S2,1388561725,0,0,0,442,2932                          
2026-10-06T20:41:29.738	TEL,1140,S2,1388581725,0,0,0,442,2932                          
2026-10-06T20:41:29.770	BTN,29,S2,PRESSED,1388599121,1388599128                        
2026-10-06T20:41:29.770	TEL,1141,S2,1388601725,0,0,0,442,2932                          
2026-10-06T20:41:29.780	TEL,1142,S2,1388621725,0,0,0,454,2944                          
2026-10-06T20:41:29.810	TEL,1143,S2,1388641725,0,0,0,454,2944                          
2026-10-06T20:41:29.823	TEL,1144,S2,1388661725,0,0,0,442,2932                          
2026-10-06T20:41:29.842	TEL,1145,S2,1388681725,0,0,0,439,2932                          
2026-10-06T20:41:29.864	TEL,1146,S2,1388701725,0,0,0,439,2932                          
2026-10-06T20:41:29.885	TEL,1147,S2,1388721725,0,0,0,442,2932                          
2026-10-06T20:41:29.905	TEL,1148,S2,1388741725,0,0,0,439,2928                          
2026-10-06T20:41:29.923	TEL,1149,S2,1388761725,0,0,0,439,2928                          
2026-10-06T20:41:29.944	TEL,1150,S2,1388781725,0,0,0,445,2933                          
2026-10-06T20:41:29.970	TEL,1151,S2,1388801725,0,0,0,439,2933                          
2026-10-06T20:41:29.986	TEL,1152,S2,1388821725,0,0,0,439,2933                          
2026-10-06T20:41:30.007	TEL,1153,S2,1388841725,0,0,0,442,2933                          
2026-10-06T20:41:30.021	TEL,1154,S2,1388861725,0,0,0,442,2933                          
2026-10-06T20:41:30.049	TEL,1155,S2,1388881725,0,0,0,442,2933                          
2026-10-06T20:41:30.063	TEL,1156,S2,1388901725,0,0,0,442,2932                          
2026-10-06T20:41:30.085	TEL,1157,S2,1388921725,0,0,0,442,2932                          
2026-10-06T20:41:30.105	TEL,1158,S2,1388941725,0,0,0,442,2932                          
2026-10-06T20:41:30.344	BTN,30,S2,PRESSED,1388960550,1388960557                        
2026-10-06T20:41:30.344	TEL,1159,S2,1388961725,0,0,0,439,2932                          
2026-10-06T20:41:30.344	ACK,STOP,S2
2026-10-06T20:41:30.344	LOG,S2,1,1371791784,1371791791,1371791801,1371791822,1371797379,ok
2026-10-06T20:41:30.344	LOG,S2,2,1372160376,1372160383,1372160393,1372160414,1372165964,ok
2026-10-06T20:41:30.344	LOG,S2,3,1372355030,1372355037,1372355046,1372355068,1372360617,ok
2026-10-06T20:41:30.344	LOG,S2,4,1372549830,1372549837,1372549847,1372549868,1372555418,ok
2026-10-06T20:41:30.344	LOG,S2,5,1372748078,1372748085,1372748094,1372748116,1372753668,ok
2026-10-06T20:41:30.344	LOG,S2,6,1372933886,1372933893,1372933902,1372933924,1372939481,ok
2026-10-06T20:41:30.344	LOG,S2,7,1373137295,1373137302,1373137311,1373137332,1373142888,ok
2026-10-06T20:41:30.344	LOG,S2,8,1373344427,1373344434,1373344443,1373347321,1373352872,ok
2026-10-06T20:41:30.344	LOG,S2,9,1373694933,1373694940,1373694950,1373694971,1373700527,ok
2026-10-06T20:41:30.344	LOG,S2,10,1374923193,1374923200,1374923210,1374927315,1374932866,ok
2026-10-06T20:41:30.344	LOG,S2,11,1376778077,1376778084,1376778093,1376778115,1376783668,ok
2026-10-06T20:41:30.344	LOG,S2,12,1378927251,1378927258,1378927268,1378927319,1378932871,ok
2026-10-06T20:41:30.344	LOG,S2,13,1379689195,1379689202,1379689211,1379689233,1379694784,ok
2026-10-06T20:41:30.344	LOG,S2,14,1381330612,1381330619,1381330629,1381330650,1381336207,ok
2026-10-06T20:41:30.344	LOG,S2,15,1382263869,1382263876,1382263886,1382267314,1382272866,ok
2026-10-06T20:41:30.344	LOG,S2,16,1382459817,1382459824,1382459833,1382459854,1382465404,ok
2026-10-06T20:41:30.344	LOG,S2,17,1382679214,1382679221,1382679231,1382679252,1382684810,ok
2026-10-06T20:41:30.344	LOG,S2,18,1382873467,1382873474,1382873484,1382873505,1382879056,ok
2026-10-06T20:41:30.344	LOG,S2,19,1383273504,1383273511,1383273521,1383273542,1383279092,ok
2026-10-06T20:41:30.344	LOG,S2,20,1383526786,1383526793,1383526803,1383527317,1383532869,ok
2026-10-06T20:41:30.344	LOG,S2,21,1383891449,1383891456,1383891465,1383891486,1383897042,ok
2026-10-06T20:41:30.344	LOG,S2,22,1384141313,1384141320,1384141330,1384141351,1384146902,ok
2026-10-06T20:41:30.344	LOG,S2,23,1384427218,1384427225,1384427235,1384427316,1384432868,ok
2026-10-06T20:41:30.344	LOG,S2,24,1384724430,1384724437,1384724446,1384727313,1384732864,ok
2026-10-06T20:41:30.344	LOG,S2,25,1385116374,1385116381,1385116391,1385116412,1385121963,ok
2026-10-06T20:41:30.344	LOG,S2,26,1386764223,1386764230,1386764239,1386767316,1386772868,ok
2026-10-06T20:41:30.344	LOG,S2,27,1387830621,1387830628,1387830638,1387830659,1387836216,ok
2026-10-06T20:41:30.344	LOG,S2,28,1388254447,1388254455,1388254464,1388254485,1388260042,ok
2026-10-06T20:41:30.344	LOG,S2,29,1388599121,1388599128,1388599138,1388599159,1388604715,ok
2026-10-06T20:41:30.344	LOG,S2,30,1388960550,1388960557,1388960566,1388960588,1388966141,ok
2026-10-06T20:41:30.344	CNT,accepted,30
2026-10-06T20:41:30.344	CNT,logged,30
2026-10-06T20:41:30.344	CNT,bounce_rejected,8
2026-10-06T20:41:30.344	CNT,ignored,1
2026-10-06T20:41:30.344	CNT,btn_q_drop,0
2026-10-06T20:41:30.344	CNT,btn_tx_drop,0
2026-10-06T20:41:30.344	CNT,tel_sent,1159
2026-10-06T20:41:30.344	CNT,tel_tx_drop,0
2026-10-06T20:41:30.344	CNT,tx_error,0
2026-10-06T20:41:30.344	CNT,tx_timeout,0
2026-10-06T20:41:30.344	CNT,log_overflow,0
2026-10-06T20:41:30.344	CNT,fmt_error,0
2026-10-06T20:41:30.344	CNT,tel_period_min_us,19889
2026-10-06T20:41:30.344	CNT,tel_period_max_us,20000
2026-10-06T20:41:30.344	CNT,work_min_us,0
2026-10-06T20:41:30.344	CNT,work_max_us,0
2026-10-06T20:41:30.344	CNT,hwm_telemetry_w,187
2026-10-06T20:41:30.344	CNT,hwm_uarttx_w,265
2026-10-06T20:41:30.344	CNT,heap_free_min_b,17512
2026-10-06T20:41:30.344	INF,variant,A
2026-10-06T20:41:30.344	INF,source,HW
2026-10-06T20:41:30.344	INF,events,30
2026-10-06T20:41:30.344	END,DUMP,S2
2026-10-06T20:41:36.875	ACK,START,S2,A,HW,30
2026-10-06T20:41:36.875	TEL,1,S2,1395706073,1,0,0,451,2944                             
2026-10-06T20:41:36.891	TEL,2,S2,1395725724,0,0,0,442,2944                             
2026-10-06T20:41:36.910	TEL,3,S2,1395745724,0,0,0,430,2932                             
2026-10-06T20:41:36.929	TEL,4,S2,1395765724,0,0,0,445,2932                             
2026-10-06T20:41:36.953	TEL,5,S2,1395785724,0,0,0,448,2933                             
2026-10-06T20:41:36.970	TEL,6,S2,1395805724,0,0,0,445,2933                             
2026-10-06T20:41:36.993	TEL,7,S2,1395825724,0,0,0,448,2935                             
2026-10-06T20:41:37.004	TEL,8,S2,1395845724,0,0,0,445,2935                             
2026-10-06T20:41:37.029	TEL,9,S2,1395865724,0,0,0,445,2935                             
2026-10-06T20:41:37.050	TEL,10,S2,1395885725,0,0,0,445,2935                            
2026-10-06T20:41:37.070	TEL,11,S2,1395905725,0,0,0,436,2928                            
2026-10-06T20:41:37.088	TEL,12,S2,1395925725,0,0,0,445,2928                            
2026-10-06T20:41:37.114	TEL,13,S2,1395945725,0,0,0,445,2928                            
2026-10-06T20:41:37.130	TEL,14,S2,1395965725,0,0,0,448,2928                            
2026-10-06T20:41:37.153	TEL,15,S2,1395985725,0,0,0,448,2928                            
2026-10-06T20:41:37.161	TEL,16,S2,1396005725,0,0,0,445,2928                            
2026-10-06T20:41:37.194	TEL,17,S2,1396025725,0,0,0,445,2928                            
2026-10-06T20:41:37.202	TEL,18,S2,1396045725,0,0,0,439,2928                            
2026-10-06T20:41:37.233	TEL,19,S2,1396065725,0,0,0,439,2928                            
2026-10-06T20:41:37.244	TEL,20,S2,1396085725,0,0,0,448,2928                            
2026-10-06T20:41:37.270	TEL,21,S2,1396105725,0,0,0,448,2928                            
2026-10-06T20:41:37.286	TEL,22,S2,1396125725,0,0,0,448,2928                            
2026-10-06T20:41:37.307	TEL,23,S2,1396145725,0,0,0,448,2928                            
2026-10-06T20:41:37.330	TEL,24,S2,1396165725,0,0,0,448,2928                            
2026-10-06T20:41:37.354	TEL,25,S2,1396185725,0,0,0,448,2928                            
2026-10-06T20:41:37.364	TEL,26,S2,1396205725,0,0,0,442,2928                            
2026-10-06T20:41:37.393	TEL,27,S2,1396225725,0,0,0,442,2928                            
2026-10-06T20:41:37.402	TEL,28,S2,1396245725,0,0,0,445,2928                            
2026-10-06T20:41:37.434	TEL,29,S2,1396265725,0,0,0,445,2927                            
2026-10-06T20:41:37.444	TEL,30,S2,1396285725,0,0,0,445,2927                            
2026-10-06T20:41:37.471	TEL,31,S2,1396305725,0,0,0,448,2928                            
2026-10-06T20:41:37.486	TEL,32,S2,1396325725,0,0,0,448,2928                            
2026-10-06T20:41:37.507	TEL,33,S2,1396345725,0,0,0,448,2928                            
2026-10-06T20:41:37.529	TEL,34,S2,1396365725,0,0,0,445,2928                            
2026-10-06T20:41:37.554	TEL,35,S2,1396385725,0,0,0,445,2928                            
2026-10-06T20:41:37.564	TEL,36,S2,1396405725,0,0,0,445,2928                            
2026-10-06T20:41:37.591	TEL,37,S2,1396425725,0,0,0,445,2928                            
2026-10-06T20:41:37.601	TEL,38,S2,1396445725,0,0,0,445,2928                            
2026-10-06T20:41:37.633	TEL,39,S2,1396465725,0,0,0,445,2928                            
2026-10-06T20:41:37.644	TEL,40,S2,1396485725,0,0,0,445,2928                            
2026-10-06T20:41:37.670	TEL,41,S2,1396505725,0,0,0,445,2928                            
2026-10-06T20:41:37.688	TEL,42,S2,1396525725,0,0,0,445,2928                            
2026-10-06T20:41:37.711	TEL,43,S2,1396545725,0,0,0,445,2928                            
2026-10-06T20:41:37.728	TEL,44,S2,1396565725,0,0,0,445,2928                            
2026-10-06T20:41:37.754	TEL,45,S2,1396585725,0,0,0,445,2928                            
2026-10-06T20:41:37.769	TEL,46,S2,1396605725,0,0,0,442,2928                            
2026-10-06T20:41:37.790	TEL,47,S2,1396625725,0,0,0,442,2928                            
2026-10-06T20:41:37.808	TEL,48,S2,1396645725,0,0,0,448,2928                            
2026-10-06T20:41:37.831	TEL,49,S2,1396665725,0,0,0,448,2928                            
2026-10-06T20:41:37.849	TEL,50,S2,1396685725,0,0,0,448,2928                            
2026-10-06T20:41:37.872	TEL,51,S2,1396705725,0,0,0,448,2928                            
2026-10-06T20:41:37.882	TEL,52,S2,1396725725,0,0,0,448,2928                            
2026-10-06T20:41:37.912	TEL,53,S2,1396745725,0,0,0,448,2928                            
2026-10-06T20:41:37.929	TEL,54,S2,1396765725,0,0,0,442,2928                            
2026-10-06T20:41:37.952	TEL,55,S2,1396785725,0,0,0,442,2928                            
2026-10-06T20:41:37.964	TEL,56,S2,1396805725,0,0,0,448,2928                            
2026-10-06T20:41:37.993	TEL,57,S2,1396825725,0,0,0,448,2928                            
2026-10-06T20:41:38.010	TEL,58,S2,1396845725,0,0,0,445,2928                            
2026-10-06T20:41:38.031	TEL,59,S2,1396865725,0,0,0,445,2928                            
2026-10-06T20:41:38.045	TEL,60,S2,1396885725,0,0,0,442,2928                            
2026-10-06T20:41:38.070	TEL,61,S2,1396905725,0,0,0,442,2928                            
2026-10-06T20:41:38.086	TEL,62,S2,1396925725,0,0,0,445,2928                            
2026-10-06T20:41:38.106	TEL,63,S2,1396945725,0,0,0,445,2928                            
2026-10-06T20:41:38.127	TEL,64,S2,1396965725,0,0,0,445,2928                            
2026-10-06T20:41:38.152	TEL,65,S2,1396985725,0,0,0,445,2928                            
2026-10-06T20:41:38.166	TEL,66,S2,1397005725,0,0,0,445,2928                            
2026-10-06T20:41:38.187	TEL,67,S2,1397025725,0,0,0,445,2928                            
2026-10-06T20:41:38.207	TEL,68,S2,1397045725,0,0,0,439,2928                            
2026-10-06T20:41:38.232	TEL,69,S2,1397065725,0,0,0,439,2928                            
2026-10-06T20:41:38.248	TEL,70,S2,1397085725,0,0,0,445,2928                            
2026-10-06T20:41:38.270	TEL,71,S2,1397105725,0,0,0,445,2928                            
2026-10-06T20:41:38.289	TEL,72,S2,1397125725,0,0,0,448,2928                            
2026-10-06T20:41:38.309	TEL,73,S2,1397145725,0,0,0,448,2928                            
2026-10-06T20:41:38.320	TEL,74,S2,1397165725,0,0,0,448,2928                            
2026-10-06T20:41:38.350	TEL,75,S2,1397185725,0,0,0,448,2928                            
2026-10-06T20:41:38.368	TEL,76,S2,1397205725,0,0,0,439,2928                            
2026-10-06T20:41:38.391	TEL,77,S2,1397225725,0,0,0,439,2928                            
2026-10-06T20:41:38.401	TEL,78,S2,1397245725,0,0,0,445,2928                            
2026-10-06T20:41:38.432	TEL,79,S2,1397265725,0,0,0,445,2928                            
2026-10-06T20:41:38.449	TEL,80,S2,1397285725,0,0,0,445,2928                            
2026-10-06T20:41:38.473	TEL,81,S2,1397305725,0,0,0,445,2928                            
2026-10-06T20:41:38.482	TEL,82,S2,1397325725,0,0,0,445,2928                            
2026-10-06T20:41:38.513	TEL,83,S2,1397345725,0,0,0,445,2928                            
2026-10-06T20:41:38.529	TEL,84,S2,1397365725,0,0,0,448,2928                            
2026-10-06T20:41:38.552	TEL,85,S2,1397385725,0,0,0,445,2927                            
2026-10-06T20:41:38.562	TEL,86,S2,1397405725,0,0,0,439,2927                            
2026-10-06T20:41:38.593	TEL,87,S2,1397425725,0,0,0,439,2928                            
2026-10-06T20:41:38.603	TEL,88,S2,1397445725,0,0,0,439,2928                            
2026-10-06T20:41:38.632	TEL,89,S2,1397465725,0,0,0,439,2928                            
2026-10-06T20:41:38.645	TEL,90,S2,1397485725,0,0,0,445,2928                            
2026-10-06T20:41:38.673	TEL,91,S2,1397505725,0,0,0,445,2928                            
2026-10-06T20:41:38.688	TEL,92,S2,1397525725,0,0,0,445,2928                            
2026-10-06T20:41:38.706	TEL,93,S2,1397545725,0,0,0,445,2928                            
2026-10-06T20:41:38.729	TEL,94,S2,1397565725,0,0,0,442,2928                            
2026-10-06T20:41:38.747	TEL,95,S2,1397585725,0,0,0,442,2928                            
2026-10-06T20:41:38.767	TEL,96,S2,1397605725,0,0,0,448,2928                            
2026-10-06T20:41:38.788	TEL,97,S2,1397625725,0,0,0,448,2928                            
2026-10-06T20:41:38.809	TEL,98,S2,1397645725,0,0,0,451,2928                            
2026-10-06T20:41:38.832	TEL,99,S2,1397665725,0,0,0,451,2928                            
2026-10-06T20:41:38.840	TEL,100,S2,1397685725,0,0,0,445,2928                           
2026-10-06T20:41:38.873	TEL,101,S2,1397705725,0,0,0,448,2932                           
2026-10-06T20:41:38.880	TEL,102,S2,1397725725,0,0,0,448,2932                           
2026-10-06T20:41:38.910	TEL,103,S2,1397745725,0,0,0,448,2932                           
2026-10-06T20:41:38.929	TEL,104,S2,1397765725,0,0,0,442,2932                           
2026-10-06T20:41:38.951	TEL,105,S2,1397785725,0,0,0,442,2930                           
2026-10-06T20:41:38.969	TEL,106,S2,1397805725,0,0,0,436,2930                           
2026-10-06T20:41:38.992	TEL,107,S2,1397825725,0,0,0,436,2930                           
2026-10-06T20:41:39.002	TEL,108,S2,1397845725,0,0,0,448,2930                           
2026-10-06T20:41:39.033	TEL,109,S2,1397865725,0,0,0,448,2930                           
2026-10-06T20:41:39.048	TEL,110,S2,1397885725,0,0,0,436,2930                           
2026-10-06T20:41:39.072	TEL,111,S2,1397905725,0,0,0,436,2928                           
2026-10-06T20:41:39.085	TEL,112,S2,1397925725,0,0,0,445,2928                           
2026-10-06T20:41:39.106	TEL,113,S2,1397945725,0,0,0,448,2930                           
2026-10-06T20:41:39.128	TEL,114,S2,1397965725,0,0,0,448,2930                           
2026-10-06T20:41:39.146	TEL,115,S2,1397985725,0,0,0,448,2932                           
2026-10-06T20:41:39.167	TEL,116,S2,1398005725,0,0,0,442,2932                           
2026-10-06T20:41:39.187	TEL,117,S2,1398025725,0,0,0,445,2933                           
2026-10-06T20:41:39.208	TEL,118,S2,1398045725,0,0,0,451,2933                           
2026-10-06T20:41:39.232	TEL,119,S2,1398065725,0,0,0,448,2930                           
2026-10-06T20:41:39.249	TEL,120,S2,1398085725,0,0,0,445,2930                           
2026-10-06T20:41:39.270	TEL,121,S2,1398105725,0,0,0,445,2932                           
2026-10-06T20:41:39.281	TEL,122,S2,1398125725,0,0,0,448,2932                           
2026-10-06T20:41:39.310	TEL,123,S2,1398145725,0,0,0,448,2932                           
2026-10-06T20:41:39.321	TEL,124,S2,1398165725,0,0,0,442,2932                           
2026-10-06T20:41:39.351	TEL,125,S2,1398185725,0,0,0,442,2930                           
2026-10-06T20:41:39.369	TEL,126,S2,1398205725,0,0,0,445,2930                           
2026-10-06T20:41:39.391	TEL,127,S2,1398225725,0,0,0,445,2930                           
2026-10-06T20:41:39.401	TEL,128,S2,1398245725,0,0,0,448,2930                           
2026-10-06T20:41:39.434	TEL,129,S2,1398265725,0,0,0,451,2933                           
2026-10-06T20:41:39.448	TEL,130,S2,1398285725,0,0,0,439,2933                           
2026-10-06T20:41:39.473	TEL,131,S2,1398305725,0,0,0,436,2930                           
2026-10-06T20:41:39.483	TEL,132,S2,1398325725,0,0,0,448,2930                           
2026-10-06T20:41:39.513	TEL,133,S2,1398345725,0,0,0,448,2932                           
2026-10-06T20:41:39.529	TEL,134,S2,1398365725,0,0,0,448,2932                           
2026-10-06T20:41:39.552	TEL,135,S2,1398385725,0,0,0,448,2932                           
2026-10-06T20:41:39.564	TEL,136,S2,1398405725,0,0,0,445,2932                           
2026-10-06T20:41:39.585	TEL,137,S2,1398425725,0,0,0,445,2932                           
2026-10-06T20:41:39.605	TEL,138,S2,1398445725,0,0,0,448,2932                           
2026-10-06T20:41:39.633	TEL,139,S2,1398465725,0,0,0,448,2932                           
2026-10-06T20:41:39.648	TEL,140,S2,1398485725,0,0,0,442,2932                           
2026-10-06T20:41:39.670	TEL,141,S2,1398505725,0,0,0,442,2932                           
2026-10-06T20:41:39.686	TEL,142,S2,1398525725,0,0,0,448,2932                           
2026-10-06T20:41:39.707	TEL,143,S2,1398545725,0,0,0,451,2933                           
2026-10-06T20:41:39.730	TEL,144,S2,1398565725,0,0,0,451,2933                           
2026-10-06T20:41:39.747	TEL,145,S2,1398585725,0,0,0,448,2930                           
2026-10-06T20:41:39.768	TEL,146,S2,1398605725,0,0,0,442,2930                           
2026-10-06T20:41:39.792	TEL,147,S2,1398625725,0,0,0,442,2932                           
2026-10-06T20:41:39.808	TEL,148,S2,1398645725,0,0,0,448,2932                           
2026-10-06T20:41:39.833	TEL,149,S2,1398665725,0,0,0,448,2930                           
2026-10-06T20:41:39.849	TEL,150,S2,1398685725,0,0,0,448,2930                           
2026-10-06T20:41:39.870	TEL,151,S2,1398705725,0,0,0,448,2930                           
2026-10-06T20:41:39.888	TEL,152,S2,1398725725,0,0,0,436,2930                           
2026-10-06T20:41:39.911	TEL,153,S2,1398745725,0,0,0,439,2933                           
2026-10-06T20:41:39.921	TEL,154,S2,1398765725,0,0,0,445,2933                           
2026-10-06T20:41:39.951	TEL,155,S2,1398785725,0,0,0,442,2930                           
2026-10-06T20:41:39.961	TEL,156,S2,1398805725,0,0,0,445,2930                           
2026-10-06T20:41:39.993	TEL,157,S2,1398825725,0,0,0,445,2930                           
2026-10-06T20:41:40.003	TEL,158,S2,1398845725,0,0,0,448,2930                           
2026-10-06T20:41:40.033	TEL,159,S2,1398865725,0,0,0,448,2932                           
2026-10-06T20:41:40.043	TEL,160,S2,1398885725,0,0,0,448,2932                           
2026-10-06T20:41:40.070	TEL,161,S2,1398905725,0,0,0,445,2928                           
2026-10-06T20:41:40.085	TEL,162,S2,1398925725,0,0,0,445,2928                           
2026-10-06T20:41:40.106	TEL,163,S2,1398945725,0,0,0,448,2932                           
2026-10-06T20:41:40.126	TEL,164,S2,1398965725,0,0,0,445,2932                           
2026-10-06T20:41:40.146	TEL,165,S2,1398985725,0,0,0,445,2930                           
2026-10-06T20:41:40.167	TEL,166,S2,1399005725,0,0,0,445,2930                           
2026-10-06T20:41:40.192	TEL,167,S2,1399025725,0,0,0,445,2930                           
2026-10-06T20:41:40.210	TEL,168,S2,1399045725,0,0,0,445,2930                           
2026-10-06T20:41:40.233	TEL,169,S2,1399065725,0,0,0,445,2930                           
2026-10-06T20:41:40.249	TEL,170,S2,1399085725,0,0,0,442,2930                           
2026-10-06T20:41:40.270	TEL,171,S2,1399105725,0,0,0,442,2932                           
2026-10-06T20:41:40.280	TEL,172,S2,1399125725,0,0,0,445,2932                           
2026-10-06T20:41:40.311	TEL,173,S2,1399145725,0,0,0,445,2932                           
2026-10-06T20:41:40.321	TEL,174,S2,1399165725,0,0,0,439,2932                           
2026-10-06T20:41:40.351	TEL,175,S2,1399185725,0,0,0,439,2933                           
2026-10-06T20:41:40.362	TEL,176,S2,1399205725,0,0,0,445,2933                           
2026-10-06T20:41:40.393	TEL,177,S2,1399225725,0,0,0,442,2930                           
2026-10-06T20:41:40.403	TEL,178,S2,1399245725,0,0,0,448,2930                           
2026-10-06T20:41:40.433	TEL,179,S2,1399265725,0,0,0,448,2930                           
2026-10-06T20:41:40.447	TEL,180,S2,1399285725,0,0,0,445,2930                           
2026-10-06T20:41:40.470	TEL,181,S2,1399305725,0,0,0,445,2930                           
2026-10-06T20:41:40.485	TEL,182,S2,1399325725,0,0,0,442,2930                           
2026-10-06T20:41:40.513	TEL,183,S2,1399345725,0,0,0,436,2923                           
2026-10-06T20:41:40.529	TEL,184,S2,1399365725,0,0,0,439,2923                           
2026-10-06T20:41:40.553	TEL,185,S2,1399385725,0,0,0,448,2930                           
2026-10-06T20:41:40.566	TEL,186,S2,1399405725,0,0,0,448,2930                           
2026-10-06T20:41:40.586	TEL,187,S2,1399425725,0,0,0,448,2932                           
2026-10-06T20:41:40.609	TEL,188,S2,1399445725,0,0,0,445,2932                           
2026-10-06T20:41:40.633	TEL,189,S2,1399465725,0,0,0,451,2937                           
2026-10-06T20:41:40.647	TEL,190,S2,1399485725,0,0,0,451,2937                           
2026-10-06T20:41:40.670	TEL,191,S2,1399505725,0,0,0,445,2930                           
2026-10-06T20:41:40.687	TEL,192,S2,1399525725,0,0,0,448,2930                           
2026-10-06T20:41:40.708	TEL,193,S2,1399545725,0,0,0,451,2933                           
2026-10-06T20:41:40.729	TEL,194,S2,1399565725,0,0,0,451,2933                           
2026-10-06T20:41:40.749	TEL,195,S2,1399585725,0,0,0,448,2932                           
2026-10-06T20:41:40.770	TEL,196,S2,1399605725,0,0,0,445,2932                           
2026-10-06T20:41:40.789	TEL,197,S2,1399625725,0,0,0,445,2932                           
2026-10-06T20:41:40.800	TEL,198,S2,1399645725,0,0,0,445,2932                           
2026-10-06T20:41:40.830	TEL,199,S2,1399665725,0,0,0,445,2932                           
2026-10-06T20:41:40.844	TEL,200,S2,1399685725,0,0,0,445,2932                           
2026-10-06T20:41:40.873	TEL,201,S2,1399705725,0,0,0,445,2932                           
2026-10-06T20:41:40.888	TEL,202,S2,1399725725,0,0,0,442,2932                           
2026-10-06T20:41:40.903	TEL,203,S2,1399745725,0,0,0,451,2939                           
2026-10-06T20:41:40.928	TEL,204,S2,1399765725,0,0,0,457,2939                           
2026-10-06T20:41:40.948	TEL,205,S2,1399785725,0,0,0,448,2930                           
2026-10-06T20:41:40.966	TEL,206,S2,1399805725,0,0,0,445,2930                           
2026-10-06T20:41:40.987	TEL,207,S2,1399825725,0,0,0,445,2930                           
2026-10-06T20:41:41.007	TEL,208,S2,1399845725,0,0,0,448,2930                           
2026-10-06T20:41:41.029	TEL,209,S2,1399865725,0,0,0,448,2930                           
2026-10-06T20:41:41.049	TEL,210,S2,1399885725,0,0,0,436,2930                           
2026-10-06T20:41:41.073	TEL,211,S2,1399905725,0,0,0,439,2932                           
2026-10-06T20:41:41.085	TEL,212,S2,1399925725,0,0,0,445,2932                           
2026-10-06T20:41:41.113	TEL,213,S2,1399945725,0,0,0,445,2932                           
2026-10-06T20:41:41.123	TEL,214,S2,1399965725,0,0,0,448,2932                           
2026-10-06T20:41:41.153	TEL,215,S2,1399985725,0,0,0,448,2932                           
2026-10-06T20:41:41.164	TEL,216,S2,1400005725,0,0,0,448,2932                           
2026-10-06T20:41:41.185	TEL,217,S2,1400025725,0,0,0,448,2932                           
2026-10-06T20:41:41.209	TEL,218,S2,1400045725,0,0,0,448,2932                           
2026-10-06T20:41:41.226	TEL,219,S2,1400065725,0,0,0,448,2932                           
2026-10-06T20:41:41.246	TEL,220,S2,1400085725,0,0,0,442,2932                           
2026-10-06T20:41:41.270	TEL,221,S2,1400105725,0,0,0,442,2930                           
2026-10-06T20:41:41.288	TEL,222,S2,1400125725,0,0,0,448,2930                           
2026-10-06T20:41:41.313	TEL,223,S2,1400145725,0,0,0,448,2930                           
2026-10-06T20:41:41.329	TEL,224,S2,1400165725,0,0,0,445,2930                           
2026-10-06T20:41:41.353	TEL,225,S2,1400185725,0,0,0,445,2930                           
2026-10-06T20:41:41.364	TEL,226,S2,1400205725,0,0,0,448,2930                           
2026-10-06T20:41:41.393	TEL,227,S2,1400225725,0,0,0,448,2932                           
2026-10-06T20:41:41.402	TEL,228,S2,1400245725,0,0,0,445,2932                           
2026-10-06T20:41:41.433	TEL,229,S2,1400265725,0,0,0,445,2932                           
2026-10-06T20:41:41.449	TEL,230,S2,1400285725,0,0,0,448,2932                           
2026-10-06T20:41:41.471	TEL,231,S2,1400305725,0,0,0,448,2930                           
2026-10-06T20:41:41.486	TEL,232,S2,1400325725,0,0,0,442,2930                           
2026-10-06T20:41:41.506	TEL,233,S2,1400345725,0,0,0,442,2932                           
2026-10-06T20:41:41.528	TEL,234,S2,1400365725,0,0,0,448,2932                           
2026-10-06T20:41:41.547	TEL,235,S2,1400385725,0,0,0,448,2930                           
2026-10-06T20:41:41.568	TEL,236,S2,1400405725,0,0,0,448,2930                           
2026-10-06T20:41:41.593	TEL,237,S2,1400425725,0,0,0,448,2930                           
2026-10-06T20:41:41.605	TEL,238,S2,1400445725,0,0,0,445,2930                           
2026-10-06T20:41:41.633	TEL,239,S2,1400465725,0,0,0,445,2932                           
2026-10-06T20:41:41.642	TEL,240,S2,1400485725,0,0,0,448,2932                           
2026-10-06T20:41:41.673	TEL,241,S2,1400505725,0,0,0,448,2932                           
2026-10-06T20:41:41.684	TEL,242,S2,1400525725,0,0,0,442,2932                           
2026-10-06T20:41:41.704	TEL,243,S2,1400545725,0,0,0,439,2928                           
2026-10-06T20:41:41.728	TEL,244,S2,1400565725,0,0,0,439,2928                           
2026-10-06T20:41:41.751	TEL,245,S2,1400585725,0,0,0,442,2930                           
2026-10-06T20:41:41.767	TEL,246,S2,1400605725,0,0,0,448,2930                           
2026-10-06T20:41:41.788	TEL,247,S2,1400625725,0,0,0,448,2930                           
2026-10-06T20:41:41.809	TEL,248,S2,1400645725,0,0,0,448,2930                           
2026-10-06T20:41:41.833	TEL,249,S2,1400665725,0,0,0,448,2932                           
2026-10-06T20:41:41.845	TEL,250,S2,1400685725,0,0,0,442,2932                           
2026-10-06T20:41:41.873	TEL,251,S2,1400705725,0,0,0,442,2932                           
2026-10-06T20:41:41.882	TEL,252,S2,1400725725,0,0,0,448,2932                           
2026-10-06T20:41:41.903	TEL,253,S2,1400745725,0,0,0,448,2930                           
2026-10-06T20:41:41.925	TEL,254,S2,1400765725,0,0,0,445,2930                           
2026-10-06T20:41:41.948	TEL,255,S2,1400785725,0,0,0,445,2932                           
2026-10-06T20:41:41.968	TEL,256,S2,1400805725,0,0,0,439,2932                           
2026-10-06T20:41:41.987	TEL,257,S2,1400825725,0,0,0,439,2932                           
2026-10-06T20:41:42.007	TEL,258,S2,1400845725,0,0,0,442,2932                           
2026-10-06T20:41:42.029	TEL,259,S2,1400865725,0,0,0,439,2928                           
2026-10-06T20:41:42.049	TEL,260,S2,1400885725,0,0,0,439,2928                           
2026-10-06T20:41:42.073	TEL,261,S2,1400905725,0,0,0,442,2932                           
2026-10-06T20:41:42.081	TEL,262,S2,1400925725,0,0,0,439,2932                           
2026-10-06T20:41:42.113	TEL,263,S2,1400945725,0,0,0,439,2932                           
2026-10-06T20:41:42.124	TEL,264,S2,1400965725,0,0,0,445,2932                           
2026-10-06T20:41:42.145	TEL,265,S2,1400985725,0,0,0,445,2930                           
2026-10-06T20:41:42.166	TEL,266,S2,1401005725,0,0,0,436,2930                           
2026-10-06T20:41:42.187	TEL,267,S2,1401025725,0,0,0,436,2930                           
2026-10-06T20:41:42.210	TEL,268,S2,1401045725,0,0,0,445,2930                           
2026-10-06T20:41:42.233	TEL,269,S2,1401065725,0,0,0,445,2932                           
2026-10-06T20:41:42.245	TEL,270,S2,1401085725,0,0,0,445,2932                           
2026-10-06T20:41:42.274	TEL,271,S2,1401105725,0,0,0,445,2932                           
2026-10-06T20:41:42.285	TEL,272,S2,1401125725,0,0,0,439,2932                           
2026-10-06T20:41:42.313	TEL,273,S2,1401145725,0,0,0,436,2930                           
2026-10-06T20:41:42.324	TEL,274,S2,1401165725,0,0,0,436,2930                           
2026-10-06T20:41:42.344	TEL,275,S2,1401185725,0,0,0,439,2932                           
2026-10-06T20:41:42.368	TEL,276,S2,1401205725,0,0,0,442,2932                           
2026-10-06T20:41:42.387	TEL,277,S2,1401225725,0,0,0,448,2935                           
2026-10-06T20:41:42.408	TEL,278,S2,1401245725,0,0,0,445,2935                           
2026-10-06T20:41:42.433	TEL,279,S2,1401265725,0,0,0,445,2935                           
2026-10-06T20:41:42.447	TEL,280,S2,1401285725,0,0,0,442,2935                           
2026-10-06T20:41:42.474	TEL,281,S2,1401305725,0,0,0,439,2932                           
2026-10-06T20:41:42.483	TEL,282,S2,1401325725,0,0,0,448,2932                           
2026-10-06T20:41:42.513	TEL,283,S2,1401345725,0,0,0,451,2933                           
2026-10-06T20:41:42.525	TEL,284,S2,1401365725,0,0,0,445,2933                           
2026-10-06T20:41:42.544	TEL,285,S2,1401385725,0,0,0,442,2930                           
2026-10-06T20:41:42.565	TEL,286,S2,1401405725,0,0,0,442,2930                           
2026-10-06T20:41:42.608	TEL,287,S2,1401425725,0,0,0,439,2928                           
2026-10-06T20:41:42.608	BTN,1,S2,PRESSED,1401439387,1401439394                         
2026-10-06T20:41:42.608	TEL,288,S2,1401445725,0,0,0,439,2928                           
2026-10-06T20:41:42.629	TEL,289,S2,1401465725,0,0,0,451,2941                           
2026-10-06T20:41:42.653	TEL,290,S2,1401485725,0,0,0,451,2941                           
2026-10-06T20:41:42.664	TEL,291,S2,1401505725,0,0,0,439,2928                           
2026-10-06T20:41:42.693	TEL,292,S2,1401525725,0,0,0,436,2928                           
2026-10-06T20:41:42.705	TEL,293,S2,1401545725,0,0,0,433,2927                           
2026-10-06T20:41:42.733	TEL,294,S2,1401565725,0,0,0,439,2927                           
2026-10-06T20:41:42.744	TEL,295,S2,1401585725,0,0,0,442,2932                           
2026-10-06T20:41:42.770	TEL,296,S2,1401605725,0,0,0,439,2932                           
2026-10-06T20:41:42.788	TEL,297,S2,1401625725,0,0,0,436,2928                           
2026-10-06T20:41:42.806	TEL,298,S2,1401645725,0,0,0,445,2928                           
2026-10-06T20:41:42.828	TEL,299,S2,1401665725,0,0,0,448,2930                           
2026-10-06T20:41:42.849	TEL,300,S2,1401685725,0,0,0,445,2930                           
2026-10-06T20:41:42.869	TEL,301,S2,1401705725,0,0,0,445,2932                           
2026-10-06T20:41:42.893	TEL,302,S2,1401725725,0,0,0,442,2932                           
2026-10-06T20:41:42.932	TEL,303,S2,1401745725,0,0,0,442,2930                           
2026-10-06T20:41:42.932	BTN,2,S2,PRESSED,1401760095,1401760102                         
2026-10-06T20:41:42.932	TEL,304,S2,1401765725,0,0,0,442,2930                           
2026-10-06T20:41:42.945	TEL,305,S2,1401785725,0,0,0,445,2933                           
2026-10-06T20:41:42.974	TEL,306,S2,1401805725,0,0,0,451,2933                           
2026-10-06T20:41:42.985	TEL,307,S2,1401825725,0,0,0,448,2932                           
2026-10-06T20:41:43.006	TEL,308,S2,1401845725,0,0,0,439,2932                           
2026-10-06T20:41:43.029	TEL,309,S2,1401865725,0,0,0,439,2932                           
2026-10-06T20:41:43.051	TEL,310,S2,1401885725,0,0,0,445,2932                           
2026-10-06T20:41:43.070	TEL,311,S2,1401905725,0,0,0,445,2930                           
2026-10-06T20:41:43.093	TEL,312,S2,1401925725,0,0,0,445,2930                           
2026-10-06T20:41:43.105	TEL,313,S2,1401945725,0,0,0,448,2933                           
2026-10-06T20:41:43.152	TEL,314,S2,1401965725,0,0,0,439,2933                           
2026-10-06T20:41:43.152	BTN,3,S2,PRESSED,1401968850,1401968857                         
2026-10-06T20:41:43.152	TEL,315,S2,1401985725,0,0,0,439,2932                           
2026-10-06T20:41:43.163	TEL,316,S2,1402005725,0,0,0,448,2932                           
2026-10-06T20:41:43.187	TEL,317,S2,1402025725,0,0,0,448,2932                           
2026-10-06T20:41:43.208	TEL,318,S2,1402045725,0,0,0,448,2932                           
2026-10-06T20:41:43.232	TEL,319,S2,1402065725,0,0,0,451,2933                           
2026-10-06T20:41:43.247	TEL,320,S2,1402085725,0,0,0,451,2933                           
2026-10-06T20:41:43.271	TEL,321,S2,1402105725,0,0,0,448,2932                           
2026-10-06T20:41:43.288	TEL,322,S2,1402125725,0,0,0,442,2932                           
2026-10-06T20:41:43.313	TEL,323,S2,1402145725,0,0,0,442,2932                           
2026-10-06T20:41:43.348	TEL,324,S2,1402165725,0,0,0,448,2932                           
2026-10-06T20:41:43.348	BTN,4,S2,PRESSED,1402166984,1402166991                         
2026-10-06T20:41:43.348	TEL,325,S2,1402185725,0,0,0,448,2932                           
2026-10-06T20:41:43.373	TEL,326,S2,1402205725,0,0,0,442,2932                           
2026-10-06T20:41:43.383	TEL,327,S2,1402225725,0,0,0,442,2930                           
2026-10-06T20:41:43.404	TEL,328,S2,1402245725,0,0,0,448,2930                           
2026-10-06T20:41:43.425	TEL,329,S2,1402265725,0,0,0,448,2930                           
2026-10-06T20:41:43.453	TEL,330,S2,1402285725,0,0,0,445,2930                           
2026-10-06T20:41:43.467	TEL,331,S2,1402305725,0,0,0,445,2932                           
2026-10-06T20:41:43.488	TEL,332,S2,1402325725,0,0,0,439,2932                           
2026-10-06T20:41:43.525	TEL,333,S2,1402345725,0,0,0,439,2932                           
2026-10-06T20:41:43.525	BTN,5,S2,PRESSED,1402353789,1402353796                         
2026-10-06T20:41:43.525	TEL,334,S2,1402365725,0,0,0,442,2932                           
2026-10-06T20:41:43.551	TEL,335,S2,1402385725,0,0,0,442,2930                           
2026-10-06T20:41:43.564	TEL,336,S2,1402405725,0,0,0,445,2930                           
2026-10-06T20:41:43.593	TEL,337,S2,1402425725,0,0,0,445,2932                           
2026-10-06T20:41:43.603	TEL,338,S2,1402445725,0,0,0,448,2932                           
2026-10-06T20:41:43.625	TEL,339,S2,1402465725,0,0,0,445,2928                           
2026-10-06T20:41:43.648	TEL,340,S2,1402485725,0,0,0,439,2928                           
2026-10-06T20:41:43.670	TEL,341,S2,1402505725,0,0,0,448,2935                           
2026-10-06T20:41:43.687	TEL,342,S2,1402525725,0,0,0,451,2935                           
2026-10-06T20:41:43.733	TEL,343,S2,1402545725,0,0,0,448,2930                           
2026-10-06T20:41:43.733	BTN,6,S2,PRESSED,1402554809,1402554816                         
2026-10-06T20:41:43.733	TEL,344,S2,1402565725,0,0,0,445,2930                           
2026-10-06T20:41:43.754	TEL,345,S2,1402585725,0,0,0,445,2932                           
2026-10-06T20:41:43.770	TEL,346,S2,1402605725,0,0,0,442,2932                           
2026-10-06T20:41:43.793	TEL,347,S2,1402625725,0,0,0,442,2930                           
2026-10-06T20:41:43.805	TEL,348,S2,1402645725,0,0,0,442,2930                           
2026-10-06T20:41:43.834	TEL,349,S2,1402665725,0,0,0,448,2935                           
2026-10-06T20:41:43.849	TEL,350,S2,1402685725,0,0,0,451,2935                           
2026-10-06T20:41:43.870	TEL,351,S2,1402705725,0,0,0,445,2932                           
2026-10-06T20:41:43.907	TEL,352,S2,1402725725,0,0,0,445,2932                           
2026-10-06T20:41:43.907	BTN,7,S2,PRESSED,1402739078,1402739085                         
2026-10-06T20:41:43.907	TEL,353,S2,1402745725,0,0,0,445,2932                           
2026-10-06T20:41:43.928	TEL,354,S2,1402765725,0,0,0,445,2932                           
2026-10-06T20:41:43.948	TEL,355,S2,1402785725,0,0,0,445,2930                           
2026-10-06T20:41:43.974	TEL,356,S2,1402805725,0,0,0,448,2930                           
2026-10-06T20:41:43.990	TEL,357,S2,1402825725,0,0,0,448,2932                           
2026-10-06T20:41:44.011	TEL,358,S2,1402845725,0,0,0,448,2932                           
2026-10-06T20:41:44.025	TEL,359,S2,1402865725,0,0,0,448,2932                           
2026-10-06T20:41:44.052	TEL,360,S2,1402885725,0,0,0,439,2932                           
2026-10-06T20:41:44.063	TEL,361,S2,1402905725,0,0,0,445,2939                           
2026-10-06T20:41:44.083	TEL,362,S2,1402925725,0,0,0,457,2939                           
2026-10-06T20:41:44.128	TEL,363,S2,1402945725,0,0,0,448,2930                           
2026-10-06T20:41:44.128	BTN,8,S2,PRESSED,1402945887,1402945894                         
2026-10-06T20:41:44.128	TEL,364,S2,1402965725,0,0,0,448,2930                           
2026-10-06T20:41:44.151	TEL,365,S2,1402985725,0,0,0,445,2927                           
2026-10-06T20:41:44.168	TEL,366,S2,1403005725,0,0,0,433,2927                           
2026-10-06T20:41:44.193	TEL,367,S2,1403025725,0,0,0,439,2932                           
2026-10-06T20:41:44.205	TEL,368,S2,1403045725,0,0,0,442,2932                           
2026-10-06T20:41:44.233	TEL,369,S2,1403065725,0,0,0,442,2932                           
2026-10-06T20:41:44.241	TEL,370,S2,1403085725,0,0,0,439,2932                           
2026-10-06T20:41:44.273	TEL,371,S2,1403105725,0,0,0,436,2930                           
2026-10-06T20:41:44.284	TEL,372,S2,1403125725,0,0,0,442,2930                           
2026-10-06T20:41:44.327	TEL,373,S2,1403145725,0,0,0,448,2935                           
2026-10-06T20:41:44.327	BTN,9,S2,PRESSED,1403149284,1403149291                         
2026-10-06T20:41:44.327	TEL,374,S2,1403165725,0,0,0,448,2935                           
2026-10-06T20:41:44.347	TEL,375,S2,1403185725,0,0,0,439,2927                           
2026-10-06T20:41:44.370	TEL,376,S2,1403205725,0,0,0,445,2927                           
2026-10-06T20:41:44.389	TEL,377,S2,1403225725,0,0,0,448,2930                           
2026-10-06T20:41:44.413	TEL,378,S2,1403245725,0,0,0,448,2930                           
2026-10-06T20:41:44.425	TEL,379,S2,1403265725,0,0,0,448,2930                           
2026-10-06T20:41:44.453	TEL,380,S2,1403285725,0,0,0,448,2930                           
2026-10-06T20:41:44.464	TEL,381,S2,1403305725,0,0,0,448,2932                           
2026-10-06T20:41:44.494	TEL,382,S2,1403325725,0,0,0,445,2932                           
2026-10-06T20:41:44.504	TEL,383,S2,1403345725,0,0,0,445,2932                           
2026-10-06T20:41:44.526	TEL,384,S2,1403365725,0,0,0,442,2932                           
2026-10-06T20:41:44.546	TEL,385,S2,1403385725,0,0,0,442,2932                           
2026-10-06T20:41:44.570	TEL,386,S2,1403405725,0,0,0,448,2932                           
2026-10-06T20:41:44.587	TEL,387,S2,1403425725,0,0,0,448,2930                           
2026-10-06T20:41:44.608	TEL,388,S2,1403445725,0,0,0,442,2930                           
2026-10-06T20:41:44.645	TEL,389,S2,1403465725,0,0,0,442,2932                           
2026-10-06T20:41:44.645	BTN,10,S2,PRESSED,1403476746,1403476753                        
2026-10-06T20:41:44.645	TEL,390,S2,1403485725,0,0,0,439,2932                           
2026-10-06T20:41:44.673	TEL,391,S2,1403505725,0,0,0,439,2932                           
2026-10-06T20:41:44.685	TEL,392,S2,1403525725,0,0,0,442,2932                           
2026-10-06T20:41:44.703	TEL,393,S2,1403545725,0,0,0,442,2930                           
2026-10-06T20:41:44.725	TEL,394,S2,1403565725,0,0,0,445,2930                           
2026-10-06T20:41:44.753	TEL,395,S2,1403585725,0,0,0,448,2933                           
2026-10-06T20:41:44.769	TEL,396,S2,1403605725,0,0,0,439,2933                           
2026-10-06T20:41:44.787	TEL,397,S2,1403625725,0,0,0,433,2927                           
2026-10-06T20:41:44.809	TEL,398,S2,1403645725,0,0,0,439,2927                           
2026-10-06T20:41:44.833	TEL,399,S2,1403665725,0,0,0,442,2932                           
2026-10-06T20:41:44.846	TEL,400,S2,1403685725,0,0,0,442,2932                           
2026-10-06T20:41:44.872	TEL,401,S2,1403705725,0,0,0,442,2932                           
2026-10-06T20:41:44.882	TEL,402,S2,1403725725,0,0,0,439,2932                           
2026-10-06T20:41:44.913	TEL,403,S2,1403745725,0,0,0,439,2932                           
2026-10-06T20:41:44.947	TEL,404,S2,1403765725,0,0,0,442,2932                           
2026-10-06T20:41:44.947	BTN,11,S2,PRESSED,1403768251,1403768258                        
2026-10-06T20:41:44.947	TEL,405,S2,1403785725,0,0,0,442,2932                           
2026-10-06T20:41:44.970	TEL,406,S2,1403805725,0,0,0,442,2932                           
2026-10-06T20:41:44.987	TEL,407,S2,1403825725,0,0,0,442,2930                           
2026-10-06T20:41:45.009	TEL,408,S2,1403845725,0,0,0,442,2930                           
2026-10-06T20:41:45.029	TEL,409,S2,1403865725,0,0,0,442,2932                           
2026-10-06T20:41:45.053	TEL,410,S2,1403885725,0,0,0,439,2932                           
2026-10-06T20:41:45.064	TEL,411,S2,1403905725,0,0,0,439,2932                           
2026-10-06T20:41:45.091	TEL,412,S2,1403925725,0,0,0,448,2932                           
2026-10-06T20:41:45.105	TEL,413,S2,1403945725,0,0,0,448,2932                           
2026-10-06T20:41:45.133	TEL,414,S2,1403965725,0,0,0,442,2932                           
2026-10-06T20:41:45.148	TEL,415,S2,1403985725,0,0,0,442,2930                           
2026-10-06T20:41:45.171	TEL,416,S2,1404005725,0,0,0,442,2930                           
2026-10-06T20:41:45.185	TEL,417,S2,1404025725,0,0,0,442,2932                           
2026-10-06T20:41:45.208	TEL,418,S2,1404045725,0,0,0,448,2932                           
2026-10-06T20:41:45.227	TEL,419,S2,1404065725,0,0,0,448,2932                           
2026-10-06T20:41:45.251	TEL,420,S2,1404085725,0,0,0,442,2932                           
2026-10-06T20:41:45.294	TEL,421,S2,1404105725,0,0,0,442,2932                           
2026-10-06T20:41:45.294	BTN,12,S2,PRESSED,1404114624,1404114631                        
2026-10-06T20:41:45.294	TEL,422,S2,1404125725,0,0,0,439,2932                           
2026-10-06T20:41:45.310	TEL,423,S2,1404145725,0,0,0,439,2932                           
2026-10-06T20:41:45.333	TEL,424,S2,1404165725,0,0,0,448,2932                           
2026-10-06T20:41:45.341	TEL,425,S2,1404185725,0,0,0,448,2930                           
2026-10-06T20:41:45.373	TEL,426,S2,1404205725,0,0,0,442,2930                           
2026-10-06T20:41:45.385	TEL,427,S2,1404225725,0,0,0,442,2932                           
2026-10-06T20:41:45.403	TEL,428,S2,1404245725,0,0,0,448,2932                           
2026-10-06T20:41:45.425	TEL,429,S2,1404265725,0,0,0,448,2932                           
2026-10-06T20:41:45.452	TEL,430,S2,1404285725,0,0,0,448,2932                           
2026-10-06T20:41:45.466	TEL,431,S2,1404305725,0,0,0,448,2930                           
2026-10-06T20:41:45.487	TEL,432,S2,1404325725,0,0,0,442,2930                           
2026-10-06T20:41:45.508	TEL,433,S2,1404345725,0,0,0,442,2932                           
2026-10-06T20:41:45.534	TEL,434,S2,1404365725,0,0,0,442,2932                           
2026-10-06T20:41:45.560	TEL,435,S2,1404385725,0,0,0,442,2932                           
2026-10-06T20:41:45.560	BTN,13,S2,PRESSED,1404396598,1404396605                        
2026-10-06T20:41:45.560	TEL,436,S2,1404405725,0,0,0,439,2932                           
2026-10-06T20:41:45.593	TEL,437,S2,1404425725,0,0,0,439,2932                           
2026-10-06T20:41:45.605	TEL,438,S2,1404445725,0,0,0,442,2932                           
2026-10-06T20:41:45.633	TEL,439,S2,1404465725,0,0,0,442,2932                           
2026-10-06T20:41:45.643	TEL,440,S2,1404485725,0,0,0,448,2932                           
2026-10-06T20:41:45.671	TEL,441,S2,1404505725,0,0,0,448,2932                           
2026-10-06T20:41:45.688	TEL,442,S2,1404525725,0,0,0,445,2932                           
2026-10-06T20:41:45.707	TEL,443,S2,1404545725,0,0,0,445,2930                           
2026-10-06T20:41:45.729	TEL,444,S2,1404565725,0,0,0,436,2930                           
2026-10-06T20:41:45.753	TEL,445,S2,1404585725,0,0,0,436,2930                           
2026-10-06T20:41:45.764	TEL,446,S2,1404605725,0,0,0,442,2930                           
2026-10-06T20:41:45.794	TEL,447,S2,1404625725,0,0,0,442,2932                           
2026-10-06T20:41:45.801	TEL,448,S2,1404645725,0,0,0,442,2932                           
2026-10-06T20:41:45.843	TEL,449,S2,1404665725,0,0,0,442,2932                           
2026-10-06T20:41:45.843	BTN,14,S2,PRESSED,1404666565,1404666572                        
2026-10-06T20:41:45.843	TEL,450,S2,1404685725,0,0,0,442,2932                           
2026-10-06T20:41:45.873	TEL,451,S2,1404705725,0,0,0,442,2932                           
2026-10-06T20:41:45.889	TEL,452,S2,1404725725,0,0,0,442,2932                           
2026-10-06T20:41:45.908	TEL,453,S2,1404745725,0,0,0,442,2930                           
2026-10-06T20:41:45.927	TEL,454,S2,1404765725,0,0,0,442,2930                           
2026-10-06T20:41:45.947	TEL,455,S2,1404785725,0,0,0,442,2932                           
2026-10-06T20:41:45.968	TEL,456,S2,1404805725,0,0,0,448,2932                           
2026-10-06T20:41:45.993	TEL,457,S2,1404825725,0,0,0,448,2930                           
2026-10-06T20:41:46.004	TEL,458,S2,1404845725,0,0,0,442,2930                           
2026-10-06T20:41:46.034	TEL,459,S2,1404865725,0,0,0,442,2932                           
2026-10-06T20:41:46.042	TEL,460,S2,1404885725,0,0,0,442,2932                           
2026-10-06T20:41:46.073	TEL,461,S2,1404905725,0,0,0,442,2932                           
2026-10-06T20:41:46.084	TEL,462,S2,1404925725,0,0,0,442,2932                           
2026-10-06T20:41:46.105	TEL,463,S2,1404945725,0,0,0,442,2932                           
2026-10-06T20:41:46.126	TEL,464,S2,1404965725,0,0,0,445,2932                           
2026-10-06T20:41:46.146	TEL,465,S2,1404985725,0,0,0,439,2925                           
2026-10-06T20:41:46.167	TEL,466,S2,1405005725,0,0,0,442,2925                           
2026-10-06T20:41:46.193	TEL,467,S2,1405025725,0,0,0,448,2932                           
2026-10-06T20:41:46.209	TEL,468,S2,1405045725,0,0,0,442,2932                           
2026-10-06T20:41:46.233	TEL,469,S2,1405065725,0,0,0,442,2932                           
2026-10-06T20:41:46.240	TEL,470,S2,1405085725,0,0,0,442,2932                           
2026-10-06T20:41:46.273	TEL,471,S2,1405105725,0,0,0,442,2932                           
2026-10-06T20:41:46.285	TEL,472,S2,1405125725,0,0,0,442,2932                           
2026-10-06T20:41:46.313	TEL,473,S2,1405145725,0,0,0,442,2932                           
2026-10-06T20:41:46.324	TEL,474,S2,1405165725,0,0,0,448,2932                           
2026-10-06T20:41:46.344	TEL,475,S2,1405185725,0,0,0,448,2932                           
2026-10-06T20:41:46.366	TEL,476,S2,1405205725,0,0,0,442,2932                           
2026-10-06T20:41:46.387	TEL,477,S2,1405225725,0,0,0,442,2930                           
2026-10-06T20:41:46.408	TEL,478,S2,1405245725,0,0,0,445,2930                           
2026-10-06T20:41:46.433	TEL,479,S2,1405265725,0,0,0,445,2932                           
2026-10-06T20:41:46.466	TEL,480,S2,1405285725,0,0,0,448,2932                           
2026-10-06T20:41:46.468	BTN,15,S2,PRESSED,1405288443,1405288450                        
2026-10-06T20:41:46.468	TEL,481,S2,1405305725,0,0,0,448,2932                           
2026-10-06T20:41:46.493	TEL,482,S2,1405325725,0,0,0,442,2932                           
2026-10-06T20:41:46.502	TEL,483,S2,1405345725,0,0,0,442,2932                           
2026-10-06T20:41:46.533	TEL,484,S2,1405365725,0,0,0,439,2932                           
2026-10-06T20:41:46.544	TEL,485,S2,1405385725,0,0,0,436,2930                           
2026-10-06T20:41:46.571	TEL,486,S2,1405405725,0,0,0,445,2930                           
2026-10-06T20:41:46.586	TEL,487,S2,1405425725,0,0,0,445,2932                           
2026-10-06T20:41:46.607	TEL,488,S2,1405445725,0,0,0,442,2932                           
2026-10-06T20:41:46.628	TEL,489,S2,1405465725,0,0,0,442,2932                           
2026-10-06T20:41:46.653	TEL,490,S2,1405485725,0,0,0,445,2932                           
2026-10-06T20:41:46.669	TEL,491,S2,1405505725,0,0,0,442,2928                           
2026-10-06T20:41:46.712	BTN,16,S2,PRESSED,1405524721,1405524728                        
2026-10-06T20:41:46.712	TEL,492,S2,1405525725,0,0,0,439,2928                           
2026-10-06T20:41:46.712	TEL,493,S2,1405545725,0,0,0,457,2944                           
2026-10-06T20:41:46.723	TEL,494,S2,1405565725,0,0,0,457,2944                           
2026-10-06T20:41:46.744	TEL,495,S2,1405585725,0,0,0,442,2932                           
2026-10-06T20:41:46.769	TEL,496,S2,1405605725,0,0,0,448,2932                           
2026-10-06T20:41:46.785	TEL,497,S2,1405625725,0,0,0,445,2928                           
2026-10-06T20:41:46.806	TEL,498,S2,1405645725,0,0,0,439,2928                           
2026-10-06T20:41:46.828	TEL,499,S2,1405665725,0,0,0,442,2930                           
2026-10-06T20:41:46.848	TEL,500,S2,1405685725,0,0,0,442,2930                           
2026-10-06T20:41:46.873	TEL,501,S2,1405705725,0,0,0,442,2932                           
2026-10-06T20:41:46.889	TEL,502,S2,1405725725,0,0,0,445,2932                           
2026-10-06T20:41:46.931	TEL,503,S2,1405745725,0,0,0,445,2932                           
2026-10-06T20:41:46.931	BTN,17,S2,PRESSED,1405748779,1405748786                        
2026-10-06T20:41:46.931	TEL,504,S2,1405765725,0,0,0,439,2932                           
2026-10-06T20:41:46.945	TEL,505,S2,1405785725,0,0,0,436,2930                           
2026-10-06T20:41:46.972	TEL,506,S2,1405805725,0,0,0,448,2930                           
2026-10-06T20:41:46.983	TEL,507,S2,1405825725,0,0,0,448,2932                           
2026-10-06T20:41:47.005	TEL,508,S2,1405845725,0,0,0,448,2932                           
2026-10-06T20:41:47.026	TEL,509,S2,1405865725,0,0,0,448,2930                           
2026-10-06T20:41:47.047	TEL,510,S2,1405885725,0,0,0,448,2930                           
2026-10-06T20:41:47.068	TEL,511,S2,1405905725,0,0,0,448,2932                           
2026-10-06T20:41:47.093	TEL,512,S2,1405925725,0,0,0,442,2932                           
2026-10-06T20:41:47.105	TEL,513,S2,1405945725,0,0,0,442,2930                           
2026-10-06T20:41:47.152	TEL,514,S2,1405965725,0,0,0,442,2930                           
2026-10-06T20:41:47.152	BTN,18,S2,PRESSED,1405978821,1405978828                        
2026-10-06T20:41:47.152	TEL,515,S2,1405985725,0,0,0,442,2932                           
2026-10-06T20:41:47.167	TEL,516,S2,1406005725,0,0,0,445,2932                           
2026-10-06T20:41:47.184	TEL,517,S2,1406025725,0,0,0,445,2930                           
2026-10-06T20:41:47.208	TEL,518,S2,1406045725,0,0,0,445,2930                           
2026-10-06T20:41:47.227	TEL,519,S2,1406065725,0,0,0,442,2927                           
2026-10-06T20:41:47.247	TEL,520,S2,1406085725,0,0,0,445,2927                           
2026-10-06T20:41:47.271	TEL,521,S2,1406105725,0,0,0,448,2932                           
2026-10-06T20:41:47.288	TEL,522,S2,1406125725,0,0,0,442,2932                           
2026-10-06T20:41:47.313	TEL,523,S2,1406145725,0,0,0,442,2932                           
2026-10-06T20:41:47.329	TEL,524,S2,1406165725,0,0,0,445,2932                           
2026-10-06T20:41:47.373	TEL,525,S2,1406185725,0,0,0,439,2925                           
2026-10-06T20:41:47.373	BTN,19,S2,PRESSED,1406187189,1406187196                        
2026-10-06T20:41:47.373	TEL,526,S2,1406205725,0,0,0,430,2925                           
2026-10-06T20:41:47.385	TEL,527,S2,1406225725,0,0,0,436,2930                           
2026-10-06T20:41:47.413	TEL,528,S2,1406245725,0,0,0,445,2930                           
2026-10-06T20:41:47.424	TEL,529,S2,1406265725,0,0,0,445,2930                           
2026-10-06T20:41:47.444	TEL,530,S2,1406285725,0,0,0,436,2930                           
2026-10-06T20:41:47.469	TEL,531,S2,1406305725,0,0,0,436,2928                           
2026-10-06T20:41:47.487	TEL,532,S2,1406325725,0,0,0,442,2928                           
2026-10-06T20:41:47.508	TEL,533,S2,1406345725,0,0,0,445,2932                           
2026-10-06T20:41:47.529	TEL,534,S2,1406365725,0,0,0,445,2932                           
2026-10-06T20:41:47.549	TEL,535,S2,1406385725,0,0,0,442,2927                           
2026-10-06T20:41:47.592	TEL,536,S2,1406405725,0,0,0,433,2927                           
2026-10-06T20:41:47.592	BTN,20,S2,PRESSED,1406407775,1406407782                        
2026-10-06T20:41:47.592	TEL,537,S2,1406425725,0,0,0,439,2932                           
2026-10-06T20:41:47.613	TEL,538,S2,1406445725,0,0,0,439,2932                           
2026-10-06T20:41:47.625	TEL,539,S2,1406465725,0,0,0,436,2930                           
2026-10-06T20:41:47.653	TEL,540,S2,1406485725,0,0,0,448,2930                           
2026-10-06T20:41:47.669	TEL,541,S2,1406505725,0,0,0,448,2932                           
2026-10-06T20:41:47.692	TEL,542,S2,1406525725,0,0,0,448,2932                           
2026-10-06T20:41:47.708	TEL,543,S2,1406545725,0,0,0,448,2930                           
2026-10-06T20:41:47.729	TEL,544,S2,1406565725,0,0,0,442,2930                           
2026-10-06T20:41:47.748	TEL,545,S2,1406585725,0,0,0,442,2930                           
2026-10-06T20:41:47.770	TEL,546,S2,1406605725,0,0,0,436,2930                           
2026-10-06T20:41:47.805	TEL,547,S2,1406625725,0,0,0,439,2932                           
2026-10-06T20:41:47.805	BTN,21,S2,PRESSED,1406625932,1406625939                        
2026-10-06T20:41:47.805	TEL,548,S2,1406645725,0,0,0,445,2932                           
2026-10-06T20:41:47.833	TEL,549,S2,1406665725,0,0,0,445,2932                           
2026-10-06T20:41:47.841	TEL,550,S2,1406685725,0,0,0,439,2932                           
2026-10-06T20:41:47.873	TEL,551,S2,1406705725,0,0,0,439,2932                           
2026-10-06T20:41:47.883	TEL,552,S2,1406725725,0,0,0,442,2932                           
2026-10-06T20:41:47.904	TEL,553,S2,1406745725,0,0,0,442,2932                           
2026-10-06T20:41:47.926	TEL,554,S2,1406765725,0,0,0,439,2932                           
2026-10-06T20:41:47.946	TEL,555,S2,1406785725,0,0,0,436,2930                           
2026-10-06T20:41:47.967	TEL,556,S2,1406805725,0,0,0,436,2930                           
2026-10-06T20:41:47.991	TEL,557,S2,1406825725,0,0,0,436,2930                           
2026-10-06T20:41:48.013	BTN,22,S2,PRESSED,1406841373,1406841380                        
2026-10-06T20:41:48.013	TEL,558,S2,1406845725,0,0,0,442,2930                           
2026-10-06T20:41:48.025	TEL,559,S2,1406865725,0,0,0,445,2933                           
2026-10-06T20:41:48.053	TEL,560,S2,1406885725,0,0,0,451,2933                           
2026-10-06T20:41:48.062	TEL,561,S2,1406905725,0,0,0,448,2932                           
2026-10-06T20:41:48.083	TEL,562,S2,1406925725,0,0,0,442,2932                           
2026-10-06T20:41:48.104	TEL,563,S2,1406945725,0,0,0,442,2932                           
2026-10-06T20:41:48.125	TEL,564,S2,1406965725,0,0,0,448,2932                           
2026-10-06T20:41:48.149	TEL,565,S2,1406985725,0,0,0,448,2932                           
2026-10-06T20:41:48.171	TEL,566,S2,1407005725,0,0,0,439,2932                           
2026-10-06T20:41:48.208	TEL,567,S2,1407025725,0,0,0,439,2932                           
2026-10-06T20:41:48.208	BTN,23,S2,PRESSED,1407041366,1407041373                        
2026-10-06T20:41:48.208	TEL,568,S2,1407045725,0,0,0,448,2932                           
2026-10-06T20:41:48.233	TEL,569,S2,1407065725,0,0,0,448,2932                           
2026-10-06T20:41:48.245	TEL,570,S2,1407085725,0,0,0,445,2932                           
2026-10-06T20:41:48.273	TEL,571,S2,1407105725,0,0,0,445,2932                           
2026-10-06T20:41:48.285	TEL,572,S2,1407125725,0,0,0,442,2932                           
2026-10-06T20:41:48.313	TEL,573,S2,1407145725,0,0,0,442,2932                           
2026-10-06T20:41:48.324	TEL,574,S2,1407165725,0,0,0,442,2932                           
2026-10-06T20:41:48.344	TEL,575,S2,1407185725,0,0,0,451,2939                           
2026-10-06T20:41:48.368	TEL,576,S2,1407205725,0,0,0,454,2939                           
2026-10-06T20:41:48.386	TEL,577,S2,1407225725,0,0,0,445,2930                           
2026-10-06T20:41:48.407	BTN,24,S2,PRESSED,1407242587,1407242594                        
2026-10-06T20:41:48.407	TEL,578,S2,1407245725,0,0,0,436,2930                           
2026-10-06T20:41:48.428	TEL,579,S2,1407265725,0,0,0,439,2933                           
2026-10-06T20:41:48.453	TEL,580,S2,1407285725,0,0,0,451,2933                           
2026-10-06T20:41:48.464	TEL,581,S2,1407305725,0,0,0,448,2932                           
2026-10-06T20:41:48.493	TEL,582,S2,1407325725,0,0,0,439,2932                           
2026-10-06T20:41:48.507	TEL,583,S2,1407345725,0,0,0,439,2932                           
2026-10-06T20:41:48.533	TEL,584,S2,1407365725,0,0,0,442,2932                           
2026-10-06T20:41:48.544	TEL,585,S2,1407385725,0,0,0,442,2932                           
2026-10-06T20:41:48.573	TEL,586,S2,1407405725,0,0,0,448,2932                           
2026-10-06T20:41:48.586	TEL,587,S2,1407425725,0,0,0,448,2930                           
2026-10-06T20:41:48.629	TEL,588,S2,1407445725,0,0,0,448,2930                           
2026-10-06T20:41:48.629	BTN,25,S2,PRESSED,1407452417,1407452424                        
2026-10-06T20:41:48.629	TEL,589,S2,1407465725,0,0,0,448,2930                           
2026-10-06T20:41:48.649	TEL,590,S2,1407485725,0,0,0,448,2930                           
2026-10-06T20:41:48.672	TEL,591,S2,1407505725,0,0,0,448,2932                           
2026-10-06T20:41:48.685	TEL,592,S2,1407525725,0,0,0,448,2932                           
2026-10-06T20:41:48.712	TEL,593,S2,1407545725,0,0,0,448,2932                           
2026-10-06T20:41:48.723	TEL,594,S2,1407565725,0,0,0,445,2932                           
2026-10-06T20:41:48.744	TEL,595,S2,1407585725,0,0,0,445,2930                           
2026-10-06T20:41:48.764	TEL,596,S2,1407605725,0,0,0,436,2930                           
2026-10-06T20:41:48.787	TEL,597,S2,1407625725,0,0,0,439,2932                           
2026-10-06T20:41:48.824	TEL,598,S2,1407645725,0,0,0,445,2932                           
2026-10-06T20:41:48.824	BTN,26,S2,PRESSED,1407645977,1407645984                        
2026-10-06T20:41:48.824	TEL,599,S2,1407665725,0,0,0,445,2930                           
2026-10-06T20:41:48.844	TEL,600,S2,1407685725,0,0,0,448,2930                           
2026-10-06T20:41:48.865	TEL,601,S2,1407705725,0,0,0,448,2932                           
2026-10-06T20:41:48.886	TEL,602,S2,1407725725,0,0,0,442,2932                           
2026-10-06T20:41:48.906	TEL,603,S2,1407745725,0,0,0,448,2937                           
2026-10-06T20:41:48.927	TEL,604,S2,1407765725,0,0,0,448,2937                           
2026-10-06T20:41:48.947	TEL,605,S2,1407785725,0,0,0,445,2933                           
2026-10-06T20:41:48.970	TEL,606,S2,1407805725,0,0,0,439,2933                           
2026-10-06T20:41:48.988	TEL,607,S2,1407825725,0,0,0,439,2932                           
2026-10-06T20:41:49.030	TEL,608,S2,1407845725,0,0,0,439,2932                           
2026-10-06T20:41:49.030	BTN,27,S2,PRESSED,1407849922,1407849929                        
2026-10-06T20:41:49.030	TEL,609,S2,1407865725,0,0,0,436,2930                           
2026-10-06T20:41:49.050	TEL,610,S2,1407885725,0,0,0,442,2930                           
2026-10-06T20:41:49.060	TEL,611,S2,1407905725,0,0,0,442,2932                           
2026-10-06T20:41:49.091	TEL,612,S2,1407925725,0,0,0,442,2932                           
2026-10-06T20:41:49.102	TEL,613,S2,1407945725,0,0,0,442,2930                           
2026-10-06T20:41:49.132	TEL,614,S2,1407965725,0,0,0,442,2930                           
2026-10-06T20:41:49.145	TEL,615,S2,1407985725,0,0,0,442,2930                           
2026-10-06T20:41:49.172	TEL,616,S2,1408005725,0,0,0,436,2930                           
2026-10-06T20:41:49.182	TEL,617,S2,1408025725,0,0,0,439,2932                           
2026-10-06T20:41:49.224	TEL,618,S2,1408045725,0,0,0,442,2932                           
2026-10-06T20:41:49.224	BTN,28,S2,PRESSED,1408048290,1408048297                        
2026-10-06T20:41:49.224	TEL,619,S2,1408065725,0,0,0,448,2937                           
2026-10-06T20:41:49.244	TEL,620,S2,1408085725,0,0,0,448,2937                           
2026-10-06T20:41:49.270	TEL,621,S2,1408105725,0,0,0,442,2932                           
2026-10-06T20:41:49.285	TEL,622,S2,1408125725,0,0,0,445,2932                           
2026-10-06T20:41:49.305	TEL,623,S2,1408145725,0,0,0,445,2932                           
2026-10-06T20:41:49.327	TEL,624,S2,1408165725,0,0,0,445,2932                           
2026-10-06T20:41:49.346	TEL,625,S2,1408185725,0,0,0,445,2932                           
2026-10-06T20:41:49.367	TEL,626,S2,1408205725,0,0,0,442,2932                           
2026-10-06T20:41:49.388	TEL,627,S2,1408225725,0,0,0,436,2923                           
2026-10-06T20:41:49.398	TEL,628,S2,1408245725,0,0,0,436,2923                           
2026-10-06T20:41:49.432	TEL,629,S2,1408265725,0,0,0,442,2932                           
2026-10-06T20:41:49.460	TEL,630,S2,1408285725,0,0,0,442,2932                           
2026-10-06T20:41:49.460	BTN,29,S2,PRESSED,1408285913,1408285920                        
2026-10-06T20:41:49.460	TEL,631,S2,1408305725,0,0,0,442,2932                           
2026-10-06T20:41:49.491	TEL,632,S2,1408325725,0,0,0,439,2932                           
2026-10-06T20:41:49.501	TEL,633,S2,1408345725,0,0,0,433,2927                           
2026-10-06T20:41:49.532	TEL,634,S2,1408365725,0,0,0,445,2927                           
2026-10-06T20:41:49.543	TEL,635,S2,1408385725,0,0,0,448,2932                           
2026-10-06T20:41:49.573	TEL,636,S2,1408405725,0,0,0,442,2932                           
2026-10-06T20:41:49.582	TEL,637,S2,1408425725,0,0,0,442,2932                           
2026-10-06T20:41:49.603	TEL,638,S2,1408445725,0,0,0,442,2932                           
2026-10-06T20:41:49.624	TEL,639,S2,1408465725,0,0,0,442,2930                           
2026-10-06T20:41:49.645	TEL,640,S2,1408485725,0,0,0,448,2930                           
2026-10-06T20:41:49.888	TEL,641,S2,1408505725,0,0,0,448,2932                           
2026-10-06T20:41:49.888	BTN,30,S2,PRESSED,1408508781,1408508788                        
2026-10-06T20:41:49.888	ACK,STOP,S2
2026-10-06T20:41:49.888	LOG,S2,1,1401439387,1401439394,1401439404,1401439425,1401444980,ok
2026-10-06T20:41:49.888	LOG,S2,2,1401760095,1401760102,1401760111,1401760133,1401765690,ok
2026-10-06T20:41:49.888	LOG,S2,3,1401968850,1401968857,1401968867,1401971319,1401976870,ok
2026-10-06T20:41:49.888	LOG,S2,4,1402166984,1402166991,1402167001,1402171320,1402176871,ok
2026-10-06T20:41:49.888	LOG,S2,5,1402353789,1402353796,1402353806,1402353827,1402359382,ok
2026-10-06T20:41:49.888	LOG,S2,6,1402554809,1402554816,1402554825,1402554847,1402560397,ok
2026-10-06T20:41:49.888	LOG,S2,7,1402739078,1402739085,1402739094,1402739116,1402744668,ok
2026-10-06T20:41:49.888	LOG,S2,8,1402945887,1402945894,1402945904,1402951320,1402956871,ok
2026-10-06T20:41:49.888	LOG,S2,9,1403149284,1403149291,1403149301,1403151320,1403156872,ok
2026-10-06T20:41:49.888	LOG,S2,10,1403476746,1403476753,1403476763,1403476784,1403482340,ok
2026-10-06T20:41:49.888	LOG,S2,11,1403768251,1403768258,1403768267,1403771316,1403776868,ok
2026-10-06T20:41:49.888	LOG,S2,12,1404114624,1404114631,1404114640,1404114662,1404120215,ok
2026-10-06T20:41:49.888	LOG,S2,13,1404396598,1404396605,1404396615,1404396636,1404402194,ok
2026-10-06T20:41:49.888	LOG,S2,14,1404666565,1404666572,1404666581,1404671315,1404676866,ok
2026-10-06T20:41:49.888	LOG,S2,15,1405288443,1405288450,1405288460,1405291320,1405296871,ok
2026-10-06T20:41:49.888	LOG,S2,16,1405524721,1405524728,1405524738,1405524759,1405530316,ok
2026-10-06T20:41:49.888	LOG,S2,17,1405748779,1405748786,1405748796,1405751320,1405756872,ok
2026-10-06T20:41:49.888	LOG,S2,18,1405978821,1405978828,1405978838,1405978859,1405984415,ok
2026-10-06T20:41:49.888	LOG,S2,19,1406187189,1406187196,1406187206,1406191318,1406196870,ok
2026-10-06T20:41:49.888	LOG,S2,20,1406407775,1406407782,1406407792,1406411313,1406416864,ok
2026-10-06T20:41:49.888	LOG,S2,21,1406625932,1406625939,1406625948,1406631316,1406636868,ok
2026-10-06T20:41:49.888	LOG,S2,22,1406841373,1406841380,1406841390,1406841411,1406846965,ok
2026-10-06T20:41:49.888	LOG,S2,23,1407041366,1407041373,1407041382,1407041404,1407046957,ok
2026-10-06T20:41:49.888	LOG,S2,24,1407242587,1407242594,1407242604,1407242625,1407248180,ok
2026-10-06T20:41:49.888	LOG,S2,25,1407452417,1407452424,1407452434,1407452455,1407458008,ok
2026-10-06T20:41:49.888	LOG,S2,26,1407645977,1407645984,1407645993,1407651314,1407656865,ok
2026-10-06T20:41:49.888	LOG,S2,27,1407849922,1407849929,1407849938,1407851314,1407856866,ok
2026-10-06T20:41:49.888	LOG,S2,28,1408048290,1408048297,1408048307,1408051315,1408056866,ok
2026-10-06T20:41:49.888	LOG,S2,29,1408285913,1408285920,1408285930,1408291321,1408296872,ok
2026-10-06T20:41:49.888	LOG,S2,30,1408508781,1408508788,1408508797,1408511317,1408516867,ok
2026-10-06T20:41:49.888	CNT,accepted,30
2026-10-06T20:41:49.888	CNT,logged,30
2026-10-06T20:41:49.888	CNT,bounce_rejected,41
2026-10-06T20:41:49.888	CNT,ignored,2
2026-10-06T20:41:49.888	CNT,btn_q_drop,0
2026-10-06T20:41:49.888	CNT,btn_tx_drop,0
2026-10-06T20:41:49.888	CNT,tel_sent,641
2026-10-06T20:41:49.888	CNT,tel_tx_drop,0
2026-10-06T20:41:49.888	CNT,tx_error,0
2026-10-06T20:41:49.888	CNT,tx_timeout,0
2026-10-06T20:41:49.888	CNT,log_overflow,0
2026-10-06T20:41:49.888	CNT,fmt_error,0
2026-10-06T20:41:49.888	CNT,tel_period_min_us,19652
2026-10-06T20:41:49.888	CNT,tel_period_max_us,20000
2026-10-06T20:41:49.888	CNT,work_min_us,0
2026-10-06T20:41:49.888	CNT,work_max_us,0
2026-10-06T20:41:49.888	CNT,hwm_telemetry_w,187
2026-10-06T20:41:49.888	CNT,hwm_uarttx_w,265
2026-10-06T20:41:49.888	CNT,heap_free_min_b,17512
2026-10-06T20:41:49.888	INF,variant,A
2026-10-06T20:41:49.888	INF,source,HW
2026-10-06T20:41:49.888	INF,events,30
2026-10-06T20:41:49.888	END,DUMP,S2
